longtitude,latitude,altitude,north,east,up,yaw,pitch,roll,vel_speed,vel_north,vel_east,vel_up,acc_x,acc_y,acc_z,gyro_x,gyro_y,gyro_z,rtk_status
117.37730147,31.96339257,41.66000000,25.10600000,-0.41100000,41.66000000,14.50000000,0.33300000,-0.14800000,0.10200000,0.09900000,0.02600000,0.00000000,0.14100000,1.09200000,9.90900000,0.28300000,-0.19400000,-6.58700000,4
117.37730271,31.96339403,41.66390548,25.26771475,-0.29448158,41.66390548,16.62432696,0.37302835,-0.39749337,0.30501700,0.29257088,0.08731191,-0.00063516,0.20860112,0.54760492,9.83517011,0.08734592,-0.80237430,-5.82750667,4
117.37730353,31.96339569,41.66344144,25.45180492,-0.21630981,41.66344144,17.67710116,0.37407652,-0.45391878,0.44851382,0.42805885,0.13495056,-0.00100000,0.32070276,0.29315247,9.78145441,-0.37834425,0.60026117,-3.29868185,4
117.37730411,31.96339743,41.66151748,25.64429758,-0.16218509,41.66151748,18.07515434,0.39272033,-0.29893674,0.58396528,0.55603519,0.17958050,0.00048252,0.03913223,0.15690892,9.86075553,0.06038596,0.76306944,-1.03348587,4
117.37730475,31.96339913,41.65868676,25.83425444,-0.10074973,41.65868676,18.01808628,0.43837351,-0.31402308,0.68081846,0.64787873,0.20883110,0.00037351,-0.02289284,0.33496355,9.87349625,-0.07238395,-0.78795678,1.67300090,4
117.37730533,31.96340087,41.65800115,26.02614370,-0.04595981,41.65800115,17.53256275,0.45704705,-0.40997934,0.75307001,0.71906771,0.22501492,-0.00100000,0.20481867,0.32720772,9.96801262,0.22157078,0.04543151,3.53721461,4
117.37730582,31.96340262,41.65836723,26.22041806,-0.00005758,41.65836723,16.92040538,0.48154792,-0.36732188,0.82602267,0.79065544,0.23800000,-0.00100000,-0.09727206,0.41561526,9.85307833,-0.38928957,0.25647923,3.66135555,4
117.37730632,31.96340437,41.65821650,26.41442448,0.04731731,41.65821650,16.33048316,0.45978350,-0.42140236,0.91368047,0.87789697,0.25456700,-0.00221650,-0.13668989,0.34323738,9.66278486,-0.04318688,-0.74848383,3.87083536,4
117.37730690,31.96340611,41.65747690,26.60660401,0.10199038,41.65747690,15.71333351,0.43386883,-0.51541583,0.97345459,0.93769304,0.26061551,-0.00376155,0.06499257,0.25273606,9.90736059,-0.18468985,-0.14396972,4.01439352,4
117.37730754,31.96340781,41.65600000,26.79672434,0.16255635,41.65600000,15.14928018,0.48978038,-0.49841906,1.01900727,0.98472547,0.26366330,-0.00300000,0.00383811,0.27642188,9.71502745,0.48416593,0.37955349,3.24538676,4
117.37730803,31.96340957,41.65529839,26.99105091,0.20891466,41.65529839,14.77261433,0.55455624,-0.44944376,1.08333053,1.04833053,0.27300000,-0.00229839,-0.02044376,0.14704054,10.02502152,0.23545909,0.34725859,2.51129913,4
117.37730849,31.96341133,41.65513611,27.18606503,0.25225588,41.65513611,14.42905409,0.55879583,-0.41810973,1.14363334,1.10863334,0.28106806,-0.00206806,-0.01131811,0.22105276,9.73541520,-0.26249302,0.35612456,2.58559299,4
117.37730903,31.96341307,41.65745938,27.37921127,0.30340715,41.65745938,14.08904563,0.55416248,-0.51590704,1.19769724,1.16223786,0.28751256,-0.00437814,-0.16300293,0.15597487,9.76041837,0.12962818,-1.28236688,2.39740620,4
117.37730955,31.96341482,41.65720666,27.57291942,0.35265320,41.65720666,13.77159751,0.63292106,-0.72552168,1.24690016,1.21169350,0.29320666,-0.00838003,0.19972449,0.19932740,10.05686687,0.58331503,-1.02630411,2.48878793,4
117.37730995,31.96341659,41.65715703,27.76912687,0.39043631,41.65715703,13.46427665,0.62890081,-0.73355354,1.27500000,1.24107851,0.29260743,-0.00968595,0.38279721,-0.01738002,9.71322299,-0.66039116,1.16624461,2.30430127,4
117.37731039,31.96341835,41.65942058,27.96442960,0.43210674,41.65942058,13.19902416,0.65553493,-0.50932403,1.29560863,1.26260863,0.29136467,-0.00473825,-0.08249550,0.14002922,9.69192245,0.50897210,1.31289981,1.69375230,4
117.37731074,31.96342013,41.65781354,28.16146199,0.46550730,41.65781354,13.04788088,0.72238994,-0.45877987,1.34805105,1.31432223,0.29964410,-0.00372882,-0.19137181,0.08227044,9.87705105,0.17003293,-0.26736216,0.59467151,4
117.37731116,31.96342190,41.65602252,28.35742376,0.50516222,41.65602252,13.06805429,0.71820265,-0.54619865,1.39805429,1.36307681,0.31175231,-0.00595497,0.07688868,0.17707281,9.84787816,-0.45262500,-0.72958670,-0.68694276,4
117.37731165,31.96342365,41.65473622,28.55173069,0.55179493,41.65473622,13.18516933,0.69516933,-0.65369292,1.40663780,1.37037402,0.31631890,-0.00826378,0.27403545,-0.10870854,9.82944881,0.24210661,-0.49801123,-0.89183084,4
117.37731205,31.96342542,41.65400000,28.74815137,0.58903543,41.65400000,13.31986047,0.77100000,-0.59958666,1.41511057,1.37811057,0.32166586,-0.00733414,0.19605792,0.05627907,9.95992278,-0.08995242,0.75979574,-0.97454848,4
117.37731240,31.96342719,41.65150899,28.94519096,0.62207229,41.65150899,13.41432912,0.73363491,-0.53056296,1.44423140,1.40557073,0.33047302,-0.00600000,-0.07270976,0.04254253,9.74008948,-0.07317362,-0.00069513,-0.57199710,4
117.37731278,31.96342897,41.64877117,29.14197089,0.65730070,41.64877117,13.50338661,0.74768195,-0.53139364,1.46814415,1.42902974,0.33768649,-0.00577117,0.12490375,0.15092690,9.73558775,0.00075141,0.27787356,-0.99034529,4
117.37731318,31.96343074,41.64585845,29.33813412,0.69563882,41.64585845,13.64695419,0.72314155,-0.46212491,1.47890258,1.43852206,0.34414155,-0.00361948,0.14792428,0.04276103,9.97426814,-0.30129079,0.52581527,-1.07300506,4
117.37731363,31.96343250,41.64400000,29.53349906,0.73804428,41.64400000,13.76488943,0.70979429,-0.47090608,1.49918907,1.45752795,0.35195006,-0.00432224,-0.15978482,0.17424023,9.66830910,-0.40208583,-0.90083262,-0.88481689,4
117.37731410,31.96343426,41.64400000,29.72857346,0.78172562,41.64400000,13.90104412,0.70200000,-0.65730418,1.52664002,1.48370802,0.36152401,-0.00966001,0.06330832,0.08162783,9.77863223,0.46258938,-1.52997612,-1.39741655,4
117.37731453,31.96343602,41.64280771,29.92424529,0.82267206,41.64280771,14.09434402,0.68057890,-0.72311764,1.52353874,1.47934645,0.36580771,-0.01042312,0.49730953,0.15588722,10.11459470,-0.98184949,0.51243372,-1.51200810,4
117.37731496,31.96343779,41.64104830,30.11967330,0.86446692,41.64104830,14.25639164,0.57847585,-0.52367820,1.51137924,1.46590339,0.36690339,-0.00562076,0.15408291,0.10617689,9.42473824,-0.32791713,1.50104050,-1.25759529,4
117.37731535,31.96343956,41.63772028,30.31638324,0.90021902,41.63772028,14.46270175,0.58735898,-0.40868297,1.53527741,1.48775759,0.37811889,-0.00224009,-0.17523314,0.04497890,10.03411682,0.09333325,0.16662174,-2.24550178,4
117.37731582,31.96344131,41.63601198,30.51109159,0.94551044,41.63601198,14.81431002,0.62359266,-0.42965257,1.56867653,1.51771247,0.39582029,-0.00298802,0.12020220,0.39812396,9.78636088,-0.10599927,-0.17011345,-3.25287090,4
117.37731636,31.96344306,41.63646564,30.70440369,0.99647754,41.63646564,15.22087219,0.55556100,-0.52029730,1.56806873,1.51460309,0.40662973,-0.00623282,0.24195367,0.21248378,9.62854401,-0.47249733,-0.82006798,-3.13695636,4
117.37731694,31.96344479,41.63800000,30.89660581,1.05144267,41.63800000,15.63800414,0.58791948,-0.53812078,1.56165127,1.50521610,0.41582712,-0.00604322,0.29664831,0.41062877,9.90118472,0.08954058,0.49746120,-3.65669093,4
117.37731748,31.96344654,41.63375352,31.08989432,1.10206015,41.63375352,16.13179250,0.55738023,-0.44733446,1.56861621,1.50849296,0.43061621,-0.00358451,0.11892592,0.06239753,9.69799627,-0.24811595,0.45166859,-4.22780302,4
117.37731802,31.96344827,41.62827555,31.28323157,1.15286447,41.62827555,16.66382756,0.62804243,-0.42041332,1.58231113,1.51758668,0.44896670,-0.00300000,0.13580018,0.33007209,9.75149590,0.98840467,0.05212180,-4.47684033,4
117.37731862,31.96345000,41.62357438,31.47471835,1.21029671,41.62357438,17.22077521,0.66529752,-0.41770248,1.60968099,1.53925537,0.47136198,-0.00308512,0.22840000,0.19497686,10.09792975,-0.35813883,0.04659916,-5.06328182,4
117.37731926,31.96345172,41.61823787,31.66541860,1.27028335,41.61823787,17.83257842,0.65030257,-0.47334441,1.62512940,1.54860513,0.49209705,-0.00501617,0.04510654,0.11044814,9.71979641,0.16471361,-1.07913784,-5.20747011,4
117.37731988,31.96345345,41.61523020,31.85647618,1.32912687,41.61523020,18.38689655,0.66538863,-0.61340727,1.64630569,1.56415098,0.51384902,-0.00876980,0.30903635,0.09234390,9.85096365,-0.12990680,-0.93977261,-4.60860205,4
117.37732050,31.96345518,41.61297408,32.04778074,1.38711620,41.61297408,18.86774836,0.67400000,-0.60557452,1.64353888,1.55748704,0.52615551,-0.00846112,0.52891685,-0.03039416,9.89661776,0.08967054,1.01231956,-4.16946545,4
117.37732111,31.96345690,41.61264241,32.23898648,1.44544362,41.61264241,19.30461741,0.71125954,-0.41580994,1.64500000,1.55443038,0.53842406,-0.00314556,0.19479071,0.15827245,9.59860450,0.35983493,1.68927520,-3.72297418,4
117.37732172,31.96345862,41.61154347,32.43049867,1.50273551,41.61154347,19.67614331,0.75020668,-0.30431492,1.68432642,1.58795682,0.56093494,0.00045653,-0.09843579,-0.05154629,10.01789459,0.45395908,0.11892194,-3.30361776,4
117.37732233,31.96346035,41.60529799,32.62190910,1.56044944,41.60529799,20.03055078,0.79772865,-0.35046383,1.71692060,1.61484774,0.58184774,-0.00144372,-0.04362210,0.13516687,9.89582007,0.11817031,-0.69092817,-3.41705379,4
117.37732303,31.96346205,41.60139114,32.81062965,1.62637537,41.60139114,20.38754072,0.74960502,-0.46661527,1.73926204,1.63278356,0.59978356,-0.00547848,0.25119134,-0.05053816,9.56280866,-0.57012448,-1.03645338,-3.36186322,4
117.37732375,31.96346374,41.59908919,32.99829847,1.69528091,41.59908919,20.74155202,0.81361097,-0.52117171,1.73340133,1.62353511,0.60868785,-0.00600000,0.42575705,0.05335571,9.88314402,1.75535926,0.19737978,-3.06515480,4
117.37732442,31.96346545,41.59688683,33.18792445,1.75858084,41.59688683,21.04146907,0.88338736,-0.45461369,1.74014146,1.62605658,0.61925463,-0.00397171,0.18304786,0.15939052,10.06738284,-0.56719774,0.46188473,-2.70348969,4
117.37732508,31.96346717,41.59264149,33.37816870,1.81999441,41.59264149,21.33397017,0.83182407,-0.39493027,1.74727054,1.62967303,0.62991204,-0.00264149,0.11659751,-0.14572689,9.54510126,0.28876594,0.70749881,-2.83692040,4
117.37732575,31.96346889,41.58941712,33.56788318,1.88305991,41.58941712,21.66000811,0.85980571,-0.30736005,1.76633152,1.64355435,0.64652581,0.00019429,0.05824325,0.24708970,9.80657191,-0.06203932,0.53566063,-3.17173642,4
117.37732643,31.96347059,41.58562515,33.75691250,1.94802047,41.58562515,21.99961540,0.84690134,-0.37679293,1.78479902,1.65714921,0.66277436,-0.00119976,-0.11813430,0.00835628,10.29694308,-0.41124515,-1.65805814,-3.16776704,4
117.37732720,31.96347227,41.58099032,33.94318525,2.02066626,41.58099032,22.34276721,0.78336329,-0.55711619,1.80362471,1.67061503,0.67968280,-0.00767312,0.28238687,-0.10566112,9.74011660,-0.47150687,-1.00455520,-3.38055925,4
117.37732795,31.96347395,41.57900000,34.12960113,2.09285980,41.57900000,22.70197286,0.67865195,-0.51874837,1.78314255,1.64729559,0.68215304,-0.00688260,0.54622214,-0.16516154,9.55860383,-0.81889455,1.12312373,-3.17333521,4
117.37732873,31.96347563,41.57900000,34.31577046,2.16571982,41.57900000,23.02182211,0.65184936,-0.35581284,1.76700000,1.62840434,0.68525508,-0.00134057,0.16763121,-0.00591216,9.92219781,-0.05622230,1.33041776,-2.72215479,4
117.37732948,31.96347731,41.58084261,34.50252522,2.23701563,41.58084261,23.30860686,0.60468123,-0.25260454,1.79095398,1.64726876,0.70312671,0.00161420,-0.12863354,0.01322209,9.92291698,-0.94196495,0.39081166,-2.84090062,4
117.37733021,31.96347901,41.58335418,34.69057365,2.30501741,41.58335418,23.63340908,0.51128065,-0.28516736,1.81818766,1.66812510,0.72283347,0.00064582,-0.06534237,-0.12953086,9.66837365,-0.19744321,-0.73945383,-3.29494160,4
117.37733103,31.96348067,41.58400000,34.87443986,2.38328348,41.58400000,23.98917586,0.49942399,-0.41598451,1.82548914,1.67051086,0.73619028,-0.00297828,0.18107761,-0.00703720,9.91136098,-0.50638180,-1.47747685,-3.25068868,4
117.37733187,31.96348232,41.58235560,35.05772242,2.46314432,41.58235560,24.32330473,0.45531234,-0.54737533,1.81777799,1.65931139,0.74311101,-0.00728880,0.38037437,-0.00946565,9.71765201,-0.15892775,-0.58942739,-3.10406870,4
117.37733271,31.96348397,41.58292508,35.24153769,2.54173941,41.58292508,24.66932441,0.45887616,-0.50972013,1.79934861,1.63757338,0.74492508,-0.00614985,0.28596473,0.28727549,9.76593435,-0.10225695,0.85562642,-3.25166375,4
117.37733353,31.96348564,41.58507257,35.42610027,2.61856401,41.58507257,25.00737726,0.41530623,-0.42675038,1.79629027,1.63110885,0.75339913,-0.00296372,0.10520612,0.01526274,10.13479128,-0.55141864,0.35956589,-2.84895780,4
117.37733435,31.96348730,41.58739715,35.61033044,2.69620527,41.58739715,25.32536247,0.46217921,-0.36289614,1.80505906,1.63439715,0.76572098,-0.00186762,0.00584728,-0.05699393,9.42797139,1.06158269,0.58011839,-3.15270874,4
117.37733518,31.96348895,41.59022081,35.79365512,2.77580675,41.59022081,25.67343791,0.54089596,-0.38016170,1.81818264,1.64163698,0.78185779,-0.00232485,-0.09364069,0.10454341,9.97781816,-0.03097084,-1.01212142,-3.19095507,4
117.37733613,31.96349057,41.59071790,35.97233096,2.86555833,41.59071790,26.00860506,0.52515175,-0.55349027,1.83717899,1.65405058,0.80012840,-0.00784630,0.26845914,0.12927043,10.09365175,-0.37070622,-1.25260702,-3.06246693,4
117.37733707,31.96349218,41.59107248,36.15134153,2.95452525,41.59107248,26.33732028,0.50822723,-0.53937120,1.82106268,1.63470519,0.80228501,-0.00785504,0.52935651,0.23626444,9.53466699,0.06855438,1.14992361,-3.03346718,4
117.37733803,31.96349380,41.59390530,36.32967117,3.04489041,41.59390530,26.65195212,0.60035008,-0.36293403,1.80409470,1.61528410,0.80371590,-0.00173675,0.20507661,0.08999042,9.92980337,1.25285401,1.38516238,-2.72883762,4
117.37733896,31.96349541,41.59553012,36.50898204,3.13326449,41.59553012,26.93164950,0.70155406,-0.23087990,1.82049383,1.62578302,0.81866256,0.00259035,-0.11181858,-0.02095066,9.94369011,0.41394698,0.75068102,-2.62274674,4
117.37733988,31.96349703,41.59776057,36.68922628,3.21983356,41.59776057,27.21708060,0.74323486,-0.23460115,1.84597657,1.64445543,0.83838972,0.00223943,-0.10307941,-0.05051598,9.55593885,0.47572700,-0.58206411,-2.91995433,4
117.37734087,31.96349861,41.59900000,36.86532062,3.31429585,41.59900000,27.54549286,0.78285640,-0.33028354,1.85364284,1.64642866,0.85142835,-0.00028567,0.14885063,0.24613508,9.92470126,-0.21795653,-0.75936659,-3.23085306,4
117.37734191,31.96350019,41.59828964,37.03965541,3.41217740,41.59828964,27.87823791,0.74882685,-0.37026214,1.84334466,1.63221359,0.85642071,-0.00171036,0.38670553,0.19072812,9.76677339,0.08991283,0.14542572,-2.96271191,4
117.37734294,31.96350178,41.59721764,37.21521886,3.50779378,41.59721764,28.19444991,0.81136572,-0.27420466,1.83195874,1.61761165,0.86012945,0.00112945,0.29213345,0.45789250,9.80276705,0.34818037,1.35149946,-2.98481963,4
117.37734392,31.96350337,41.59700000,37.39178350,3.60155512,41.59700000,28.50942380,0.79538542,-0.10455511,1.83000000,1.61156759,0.86786481,0.00629051,0.04762989,0.14969219,9.98457336,-0.72400586,1.30681301,-2.88827132,4
117.37734494,31.96350495,41.59611050,37.56712085,3.69757789,41.59611050,28.81518144,0.77565750,-0.02851951,1.85846399,1.63145850,0.88945850,0.00877900,-0.14166246,0.28847445,9.67777458,0.49450916,0.15057277,-3.17454592,4
117.37734596,31.96350652,41.59692646,37.74176254,3.79488519,41.59692646,29.16299505,0.77029418,-0.10260167,1.87682330,1.64233810,0.90867621,0.00714709,-0.05260464,0.43443928,10.52825070,-1.02470872,-1.20621614,-3.57895013,4
117.37734708,31.96350807,41.59608060,37.91225283,3.89926474,41.59608060,29.52542151,0.57968323,-0.18531059,1.89362988,1.65127464,0.92746869,0.00424179,0.35869924,0.00912159,9.85060460,-2.01220753,0.04668605,-3.74958832,4
117.37734819,31.96350959,41.59787486,38.08150800,4.00566800,41.59787486,29.91684720,0.51237889,-0.12356776,1.87718887,1.63043916,0.92993743,0.00587486,0.34525375,0.08817850,9.33409714,0.74778219,0.67871053,-3.91667562,4
117.37734925,31.96351115,41.59982943,38.25473085,4.10545062,41.59982943,30.31969183,0.61144803,-0.06594655,1.89337958,1.63814715,0.95012372,0.00874414,0.12704207,0.22863361,10.18395542,0.52263430,0.38370275,-4.33770684,4
117.37735029,31.96351272,41.59724762,38.42878673,4.20379725,41.59724762,30.80547224,0.59806353,-0.05733017,1.90417459,1.63900000,0.96943172,0.00900000,-0.01043472,0.15842871,9.98617509,-1.01145773,-0.25802752,-5.27969685,4
117.37735135,31.96351427,41.59612155,38.60114755,4.30507065,41.59612155,31.36340993,0.51342524,-0.12200566,1.92871828,1.65041991,0.99735365,0.00636464,0.15029870,-0.09935964,9.63509324,0.63902033,-0.95778589,-6.12876957,4
117.37735243,31.96351583,41.59772625,38.77324592,4.40679901,41.59772625,32.03141946,0.61938502,-0.20695501,1.92509500,1.63560062,1.01481000,0.00341062,0.29483752,0.04639315,9.77988753,0.54679183,-0.74231683,-7.00145511,4
117.37735353,31.96351737,41.59635632,38.94415897,4.51049793,41.59635632,32.72594383,0.65197129,-0.26748861,1.93139657,1.62889080,1.03836786,0.00135632,0.39536225,-0.18881092,9.79767239,0.40999407,-0.68331607,-7.26682215,4
117.37735464,31.96351891,41.59357971,39.11475323,4.61472818,41.59357971,33.49092243,0.74374392,-0.29978260,1.92009179,1.60541064,1.05348792,0.00019324,0.39605798,0.08961338,9.70544931,0.76795153,-0.02590849,-8.32904303,4
117.37735574,31.96352045,41.59145368,39.28554289,4.71862682,41.59145368,34.38291528,0.82144077,-0.26556878,1.92086581,1.58917574,1.07842168,0.00154632,0.35102246,0.04320156,9.66312465,0.80155923,0.31655869,-9.88109613,4
117.37735683,31.96352199,41.58871134,39.45674784,4.82187662,41.58871134,35.42162800,0.97608233,-0.23187631,1.91131960,1.56158765,1.10178349,0.00276289,0.34128866,0.07008241,9.69819583,1.62188572,-0.05240162,-10.58746358,4
117.37735797,31.96352350,41.58508015,39.62471211,4.93024743,41.58508015,36.43908143,1.08907645,-0.19653144,1.91091985,1.54159063,1.12962885,0.00445993,0.41718619,0.07321085,10.52563877,0.36075700,0.41602963,-10.22374350,4
117.37735911,31.96352502,41.58040709,39.79312608,5.03802055,41.58040709,37.42664791,1.04026743,-0.12563908,1.89619119,1.51041245,1.14662299,0.00571858,0.42919119,-0.11192701,9.42001568,-0.73949963,0.64949732,-9.86301283,4
117.37736032,31.96352650,41.57831397,39.95726273,5.15205253,41.57831397,38.37324960,1.03158085,-0.06495447,1.90029042,1.49451177,1.17401099,0.00805808,0.30568917,-0.02284145,9.68057142,0.67039873,0.31167190,-9.87475353,4
117.37736152,31.96352799,41.57599598,40.12230428,5.26493203,41.57599598,39.36270378,1.13786110,-0.04332395,1.89765192,1.47195977,1.19769214,0.00900000,0.27003621,0.00591150,10.22367796,0.54960217,-0.07412661,-10.32215265,4
117.37736277,31.96352944,41.57683697,40.28303957,5.38363941,41.57683697,40.34371625,1.10945942,-0.04528627,1.91114509,1.46138768,1.23155461,0.00838768,0.34880501,-0.03192044,9.86873857,-0.71237387,-0.22229018,-10.34069028,4
117.37736403,31.96353088,41.58195320,40.44358447,5.50284679,41.58195320,41.31700170,1.04462246,-0.04009360,1.90731669,1.43728081,1.25351794,0.00856474,0.48222935,-0.04651794,9.54707955,-0.20143812,0.10331678,-10.10540403,4
117.37736533,31.96353231,41.58393508,40.60080384,5.62614895,41.58393508,42.29817406,1.01602620,-0.00684454,1.89440262,1.40568850,1.26924658,0.01006492,0.44557293,-0.05692198,9.99800608,-0.23483226,0.23575518,-10.33241104,4
117.37736665,31.96353372,41.58043074,40.75750975,5.75033262,41.58043074,43.33815302,0.95421186,0.03138783,1.88426453,1.37550136,1.28770777,0.01100000,0.31240577,-0.06916621,9.90092736,-0.85343892,0.21309014,-10.84991302,4
117.37736799,31.96353511,41.57605164,40.91165054,5.87741492,41.57605164,44.40433646,0.89195189,0.06302229,1.88184507,1.34971949,1.31156102,0.01197418,0.29007393,-0.01508807,9.52195297,-0.17269643,0.03317860,-10.95907285,4
117.37736936,31.96353648,41.57262877,41.06414503,6.00675528,41.57262877,45.46704342,0.90873793,0.03446388,1.88160091,1.32500227,1.33585617,0.01162877,0.23980952,-0.00913476,9.88570846,0.47670781,-0.95452901,-10.96635310,4
117.37737075,31.96353784,41.56930500,41.21462540,6.13807880,41.56930500,46.52542919,0.94745750,-0.06437493,1.88077999,1.29964376,1.35967872,0.00830500,0.35619591,-0.02530259,10.12823508,-0.08301268,-0.99192764,-10.96321277,4
117.37737220,31.96353915,41.56624429,41.36076785,6.27458085,41.56624429,47.55563460,0.91452749,-0.08459258,1.87526374,1.27135166,1.37873288,0.00713356,0.57916909,-0.07364575,9.87178371,-0.34177463,0.33949352,-10.70843620,4
117.37737364,31.96354048,41.56500000,41.50699840,6.41069177,41.56500000,48.60179734,0.88188063,-0.01542061,1.85352646,1.23105968,1.38546678,0.00936092,0.37815032,-0.09070381,9.61840992,0.22766944,0.30234230,-10.75585643,4
117.37737513,31.96354176,41.56432084,41.64952007,6.55096701,41.56432084,49.66316007,0.89743557,-0.02339349,1.85630210,1.20681262,1.41045200,0.00932084,0.17003517,0.11531592,9.80018047,-0.18897602,-0.66871235,-10.94775641,4
117.37737662,31.96354304,41.56267391,41.79122491,6.69160073,41.56267391,50.74435523,0.88995687,-0.10315296,1.85658703,1.18015203,1.43310890,0.00669563,0.31237169,-0.00604158,9.84054174,0.44102450,-1.06741390,-10.99537108,4
117.37737819,31.96354424,41.56170668,41.92380130,6.84137085,41.56170668,51.81140704,0.94846525,-0.18551979,1.85285401,1.15104090,1.45165348,0.00400000,0.55973129,0.15232192,9.73228932,0.73618557,-0.66550949,-11.10798903,4
117.37737975,31.96354546,41.56129185,42.05855153,6.98882519,41.56129185,52.91111871,1.01404741,-0.16627406,1.82483259,1.10624444,1.45125334,0.00487556,0.57445774,0.10839558,9.88966518,0.56840728,0.55015114,-10.98481480,4
117.37738138,31.96354660,41.56200000,42.18602025,7.14292468,41.56200000,53.98075267,1.04101361,-0.08479477,1.81810053,1.07497278,1.46622827,0.00727853,0.32804718,0.18365759,9.91213192,0.17393395,0.40210488,-10.86135710,4
117.37738299,31.96354776,41.56087015,42.31452425,7.29577714,41.56087015,55.05931901,1.04891568,-0.06325297,1.81562648,1.04532799,1.48386342,0.00771754,0.13455146,0.19223020,9.95053960,0.08965983,-0.40015614,-10.83713754,4
117.37738470,31.96354883,41.55723113,42.43353208,7.45652454,41.55723113,56.12602116,1.01549669,-0.13044834,1.83141192,1.02651722,1.51605033,0.00597483,0.24838874,0.13066425,9.81712385,-0.53178944,-1.05252713,-11.08330000,4
117.37738638,31.96354993,41.55373838,42.55491748,7.61504744,41.55373838,57.22825858,0.99561501,-0.25867081,1.82428022,0.99344885,1.52956975,0.00173838,0.46576257,-0.07154679,9.85659024,0.79393309,-1.62420270,-10.90842342,4
117.37738815,31.96355090,41.54893870,42.66274721,7.78350408,41.54893870,58.25765978,1.09517024,-0.37595798,1.82508512,0.96617479,1.54817934,-0.00157548,0.74432468,0.20740632,10.26569112,0.55378194,-0.50994118,-10.65528935,4
117.37738989,31.96355193,41.54521360,42.77712952,7.94736607,41.54521360,59.29802672,0.99631927,-0.25389132,1.79157280,0.92023281,1.53699039,0.00149520,0.79494896,0.06142570,9.74908271,-2.07450435,2.10989433,-10.28182107,4
117.37739169,31.96355288,41.54673813,42.88295556,8.11701964,41.54673813,60.26739566,0.89740579,-0.01298626,1.78852374,0.89327949,1.54947626,0.00847626,0.42395341,0.00378472,9.51183430,0.83918869,2.03410359,-9.87960944,4
117.37739345,31.96355388,41.55000000,42.99291073,8.28384834,41.55000000,61.25953074,0.96052589,0.15031635,1.79342810,0.86837469,1.56892686,0.01481265,-0.02475185,0.33341500,10.48829178,-0.58342393,0.73872489,-10.12634510,4
117.37739529,31.96355476,41.55011474,43.09097044,8.45814840,41.55011474,62.20544438,0.82136098,0.11611646,1.84185260,0.86598410,1.62580318,0.01354104,0.04041944,-0.15995658,9.60337774,-1.08624102,-1.07272539,-10.31429137,4
117.37739711,31.96355568,41.55126510,43.19301576,8.62997332,41.55126510,63.22005101,0.80214878,0.00882326,1.83326510,0.83243734,1.63359062,0.01000000,0.49256617,0.18850773,9.61690869,0.58157206,-0.67417011,-10.53067996,4
117.37739901,31.96355647,41.55399325,43.27960610,8.81020882,41.55399325,64.18663055,0.81360878,0.00808598,1.83575717,0.80570321,1.64987184,0.01003373,0.74414507,0.03991735,10.20134238,-0.34493246,0.79516513,-10.34535596,4
117.37740089,31.96355730,41.55302001,43.37338631,8.98676099,41.55302001,65.16648194,0.75547571,0.16871640,1.80008405,0.76193997,1.63112007,0.01502001,0.46958721,0.17389538,9.80886337,-0.92212295,1.70248771,-9.36324590,4
117.37740279,31.96355809,41.55770540,43.46026752,9.16680708,41.55770540,65.98173964,0.63271851,0.33645333,1.81976268,0.74788380,1.65923240,0.01970540,0.13879875,-0.08473809,9.54273327,-0.48263346,1.58254175,-8.48426692,4
117.37740467,31.96355894,41.56364686,43.55398823,9.34343359,41.56364686,66.80473738,0.73981946,0.42511488,1.82288229,0.72441256,1.67229372,0.02376457,-0.10693321,0.08534634,9.99186585,1.12329705,-0.22164226,-8.34241483,4
117.37740662,31.96355962,41.56570188,43.62947986,9.52847193,41.56570188,67.53800593,0.71296244,0.30491196,1.86895071,0.72044718,1.72405634,0.01974530,-0.01122886,0.14124883,9.96653990,-0.86875724,-1.67507994,-7.91748705,4
117.37740855,31.96356035,41.56681077,43.71086854,9.71114129,41.56681077,68.28147929,0.64862483,0.19219417,1.85916314,0.69486624,1.72408157,0.01575693,0.51635048,0.03143889,9.84997885,-0.42585522,-0.16036631,-7.81886624,4
117.37741054,31.96356097,41.56851004,43.77976558,9.89867042,41.56851004,69.01440516,0.57610848,0.27141759,1.84669479,0.66785945,1.72124498,0.01802008,0.51419688,0.01608031,9.62491984,-0.49295160,1.27784657,-7.80620482,4
117.37741252,31.96356161,41.57123192,43.85061422,10.08562542,41.57123192,69.76669953,0.54658438,0.41931580,1.82986452,0.63942479,1.71430424,0.02271986,0.12905261,0.05199083,9.63216537,0.04968120,1.05997212,-7.49599523,4
117.37741451,31.96356224,41.57335431,43.91937348,10.27331077,41.57335431,70.45771027,0.52674824,0.47051167,1.86088931,0.62929137,1.75127510,0.02535431,-0.14574607,0.10362941,10.18992243,-0.64035869,-0.16672711,-7.49699078,4
117.37741647,31.96356289,41.57338166,43.99202326,10.45962314,41.57338166,71.18225113,0.42748583,0.36531732,1.88418339,0.61501488,1.78113010,0.02167163,-0.01903983,-0.06559339,9.70075653,-1.18948441,-1.59531022,-7.93198851,4
117.37741847,31.96356346,41.57461699,44.05545414,10.64898909,41.57461699,71.92874965,0.32895832,0.21938458,1.89931892,0.59622008,1.80309189,0.01684402,0.33838525,0.01149955,9.38591192,-0.69012529,-1.25139491,-8.15121313,4
117.37742050,31.96356399,41.57787483,44.11345484,10.84037791,41.57787483,72.68168426,0.29300000,0.15440612,1.89118915,0.57012657,1.80287622,0.01500000,0.54971766,0.08513352,9.76538246,-0.02476635,-0.13121838,-7.97898332,4
117.37742251,31.96356452,41.57959367,44.17194695,11.03149119,41.57959367,73.40327766,0.29259367,0.19541398,1.88034558,0.54409239,1.79978356,0.01662532,0.41956561,0.08745839,9.99789485,-0.12812197,0.67874115,-7.51250590,4
117.37742454,31.96356502,41.57932909,44.22859498,11.22320848,41.57932909,74.06446561,0.25941998,0.28130184,1.89301273,0.52675999,1.81798727,0.01965818,0.15240905,0.12814719,9.74911261,-0.46733629,0.88252334,-7.01168904,4
117.37742657,31.96356555,41.57893529,44.28763482,11.41416256,41.57893529,74.70911528,0.20284856,0.30705873,1.90537357,0.50960440,1.83570446,0.02020147,-0.00306335,-0.02801006,9.61117264,-0.04705085,-0.49407503,-7.03499320,4
117.37742861,31.96356605,41.57522750,44.34159740,11.60668193,41.57522750,75.35388300,0.22860951,0.19443460,1.94453650,0.49898302,1.87946350,0.01722750,-0.02117137,0.18839049,10.17023092,0.28164654,-1.65573995,-7.53974702,4
117.37743063,31.96356655,41.57108320,44.39867441,11.79822506,41.57108320,76.06031533,0.20960217,0.06299505,1.94224959,0.47500330,1.88283196,0.01300000,0.46523144,0.18809640,10.16808510,-1.02416239,-0.34005375,-7.49253052,4
117.37743269,31.96356695,41.57196634,44.44133445,11.99356135,41.57196634,76.71119070,0.08861177,0.09478815,1.94489901,0.45380790,1.89166337,0.01300000,0.58445556,0.10419794,9.08623662,-0.51635597,0.54043844,-7.29647309,4
117.37743475,31.96356736,41.57837913,44.48867002,12.18779625,41.57837913,77.39396221,0.19153399,0.12789567,1.92768521,0.42748346,1.88015304,0.01482261,0.25637368,0.10008870,9.74032571,1.70197896,0.07278225,-7.26621738,4
117.37743681,31.96356776,41.57581190,44.53185234,12.38297799,41.57581190,78.05417555,0.31517771,0.14454944,1.95628699,0.41224758,1.91247510,0.01579703,0.17856951,0.23469742,10.19057255,0.41918492,0.22166248,-7.70156735,4
117.37743887,31.96356817,41.56996295,44.57797128,12.57753199,41.56996295,78.80684776,0.29938615,0.10986236,1.96112169,0.38813223,1.92243916,0.01456084,0.19722228,-0.01307464,9.91525852,0.15097377,-0.93329340,-8.61029259,4
117.37744095,31.96356852,41.56551764,44.61638609,12.77364349,41.56551764,79.64297324,0.31365014,0.02301145,1.97055005,0.36138227,1.93727359,0.01089705,0.36476833,0.09110388,9.53231366,0.42151570,-0.79792381,-9.76065958,4
117.37744303,31.96356884,41.56291951,44.65222027,12.97035566,41.56291951,80.59770498,0.39836952,-0.03774756,1.96349390,0.32839024,1.93573536,0.00900000,0.49943781,0.08801949,9.82513788,1.09051960,-0.51119758,-10.74671350,4
117.37744511,31.96356915,41.56154965,44.68661650,13.16725251,41.56154965,81.63066895,0.49498217,-0.05830495,1.95695389,0.29243621,1.93465601,0.00854965,0.58028712,0.05191116,10.14891146,0.80657267,-0.11047984,-11.70158380,4
117.37744720,31.96356944,41.56100000,44.71832542,13.36465259,41.56100000,82.74959371,0.54112394,-0.04133417,1.95454314,0.25443866,1.93765736,0.00870474,0.56505961,0.04093692,9.75530652,0.15213464,0.34131847,-12.90878199,4
117.37744928,31.96356973,41.56072695,44.75048590,13.56194207,41.56072695,84.00820306,0.57304654,-0.01565980,1.94691853,0.21116652,1.93528379,0.00972695,0.43072695,-0.01474312,9.59089866,0.83983249,-0.27264264,-14.18398914,4
117.37745138,31.96357000,41.55938328,44.78019508,13.75965904,41.55938328,85.30596959,0.67561238,-0.07709659,1.96368297,0.16867431,1.95629969,0.00853746,0.47995416,0.29540745,10.69441737,0.95648127,-1.08938644,-14.99928977,4
117.37745346,31.96357026,41.55600000,44.80910899,13.95743788,41.55600000,86.71409048,0.65556485,-0.12253610,1.94071741,0.11901437,1.93695655,0.00607971,0.75950016,-0.03245639,10.10312056,-1.74148745,0.11797223,-15.11137570,4
117.37745557,31.96357042,41.55600000,44.82665300,14.15659281,41.55600000,87.99622643,0.52168720,-0.07447746,1.94844112,0.07610487,1.94725483,0.00693790,0.81871528,0.01646045,9.14623864,0.19115657,0.55908192,-14.70630999,4
117.37745768,31.96357060,41.56209060,44.84752908,14.35543161,41.56209060,89.36019422,0.64947343,-0.00661371,1.91680685,0.02949575,1.91667694,0.00961026,0.59068730,0.06350425,10.02974310,1.52649683,0.46570776,-14.87276913,4
117.37745979,31.96357072,41.56372200,44.86108985,14.55485066,41.56372200,90.63877815,0.67361001,0.03982207,1.94304606,-0.01382207,1.94304606,0.01144400,0.48885387,0.08299603,10.01749170,-0.45306225,0.49393009,-15.10849241,4
117.37746190,31.96357089,41.56461307,44.87946643,14.75400380,41.56461307,91.98006445,0.64863778,0.08158836,1.93783391,-0.05865374,1.93660776,0.01261307,0.54944354,-0.09837473,9.82373663,0.27259684,0.24347325,-15.01940444,4
117.37746401,31.96357097,41.56596729,44.88794456,14.95349723,41.56596729,93.28359987,0.68084825,0.06369384,1.94247667,-0.10363324,1.93950938,0.01203271,0.51839465,-0.03898556,9.89279944,0.77812502,-0.64276341,-14.95943002,4
117.37746612,31.96357099,41.56700000,44.89064786,15.15350624,41.56700000,94.57701480,0.72357316,-0.01100906,1.94992231,-0.14775882,1.94452574,0.00960343,0.50485868,0.06830076,9.94352883,0.06789418,-1.12798807,-15.00096973,4
117.37746824,31.96357102,41.56724056,44.89378148,15.35323404,41.56724056,95.91283748,0.71249507,-0.08721675,1.93805172,-0.19174959,1.92860837,0.00675944,0.65601396,-0.10925862,9.67306321,0.13225950,-0.56294006,-14.95015681,4
117.37747035,31.96357094,41.56808718,44.88448532,15.55300990,41.56808718,97.17552786,0.75078383,-0.11470748,1.95129756,-0.23583573,1.93677450,0.00591282,0.65991862,-0.16537541,9.55098691,1.52632275,-0.49804814,-14.72454344,4
117.37747247,31.96357091,41.56899634,44.88095824,15.75288315,41.56899634,98.47356585,0.93703295,-0.16409886,1.92310618,-0.27616477,1.90308055,0.00499634,0.50303620,0.08097113,10.22066681,1.59547934,-1.23368481,-13.54043133,4
117.37747457,31.96357077,41.56816912,44.86555824,15.95218994,41.56816912,99.50510288,0.94447789,-0.18643366,1.94709542,-0.31338944,1.92127928,0.00416912,0.73713802,-0.15147627,10.14539025,-0.10362014,0.64492033,-12.05640772,4
117.37747668,31.96357070,41.56727439,44.85777571,16.15205060,41.56727439,100.47498351,0.98155468,-0.03789721,1.92732941,-0.34276817,1.89670138,0.00835363,0.49330653,0.02956578,9.49436945,0.94724209,1.61819179,-10.01372325,4
117.37747879,31.96357050,41.56818993,44.83623882,16.35056158,41.56818993,101.17133533,1.04676188,0.08306620,1.94239353,-0.36884892,1.90741871,0.01297482,0.13489995,0.11718993,9.79006270,0.74954877,0.82301634,-6.78694481,4
117.37748089,31.96357032,41.56900000,44.81596678,16.54958575,41.56900000,101.55815499,1.09947482,0.10946976,1.96513980,-0.38619522,1.92719522,0.01452771,-0.06847736,0.06226948,10.13091308,0.30884135,-0.17982391,-3.13041039,4
117.37748298,31.96357008,41.56865453,44.79026045,16.74738930,41.56865453,101.65689023,1.12936396,0.05818081,1.99238245,-0.39545465,1.95303698,0.01261814,-0.03514324,0.10363955,9.91606694,0.55416933,-0.57505606,-0.38994489,4
117.37748506,31.96356971,41.56838004,44.74967638,16.94332421,41.56838004,101.58896757,1.16781176,0.00284064,2.03138004,-0.40104991,1.99157005,0.01019002,0.12323208,0.29239929,9.59971371,0.82234227,-0.26630244,0.87212011,4
117.37748715,31.96356943,41.57022162,44.71759129,17.14058108,41.57022162,101.46588503,1.24785226,0.04086461,2.03484679,-0.39692613,1.99592067,0.01144323,0.18135960,0.26014774,9.80859528,0.37876835,1.33563555,1.34725725,4
117.37748920,31.96356901,41.57283550,44.66982497,17.33473581,41.57283550,101.32299278,1.24610967,0.14541992,2.05662915,-0.39605483,2.01857432,0.01667100,-0.25080232,0.26189033,10.27560896,-0.69727998,0.03392203,1.51541703,4
117.37749127,31.96356865,41.57384234,44.63037404,17.53073901,41.57384234,101.17838355,1.14997344,0.06945085,2.08242781,-0.39600000,2.04442781,0.01278831,-0.32769796,0.19629762,9.52499480,-0.93346765,-1.08913005,1.39122588,4
117.37749332,31.96356821,41.57616688,44.58193169,17.72463665,41.57616688,101.11688533,1.07566111,-0.07817970,2.11228027,-0.39961147,2.07428027,0.00766624,-0.15787122,0.22589302,9.55740649,-0.41316779,-2.05252025,0.05864883,4
117.37749538,31.96356780,41.57883935,44.53539845,17.91906822,41.57883935,101.20416428,1.06013117,-0.29515467,2.12383935,-0.40529182,2.08461312,0.00048195,0.20897480,0.30147234,10.23421194,0.27416558,-2.24193078,-1.63957791,4
117.37749743,31.96356736,41.58000000,44.48729234,18.11306574,41.58000000,101.42350660,1.00605646,-0.40693342,2.12202854,-0.41295244,2.08103805,-0.00399049,0.55151611,0.36623842,10.09749861,-0.99047564,-0.27871091,-2.86299602,4
117.37749947,31.96356689,41.58191276,44.43627085,18.30636968,41.58191276,101.73846417,0.87163706,-0.34896599,2.11096639,-0.42182553,2.06820128,-0.00232213,0.54297201,0.33432173,9.55131533,-1.78928980,1.15821134,-3.83717122,4
117.37750153,31.96356646,41.58556545,44.38845068,18.50048132,41.58556545,102.14678033,0.73445024,-0.24795812,2.10676441,-0.43563352,2.06135080,0.00200000,0.15258097,0.28775923,9.69987460,-0.59518861,0.16094212,-4.98744554,4
117.37750359,31.96356603,41.58683633,44.34041894,18.69454210,41.58683633,102.64102102,0.68387036,-0.26945698,2.13129140,-0.45909178,2.08147304,0.00150899,-0.09482295,0.39272276,10.09124398,-0.87932084,-0.47582905,-5.88382027,4
117.37750563,31.96356560,41.58616307,44.29268943,18.88866895,41.58616307,103.17852628,0.61900972,-0.33718610,2.14468503,-0.48152196,2.09035889,-0.00138049,0.24441541,0.28139093,9.82259575,-1.17004464,-1.18380562,-5.92106336,4
117.37750768,31.96356511,41.58865231,44.23875979,19.08117270,41.58865231,103.65977989,0.49703682,-0.47741345,2.17040720,-0.50475489,2.11110258,-0.00718872,0.49499919,0.24156304,9.60271263,-1.29284728,-1.31822473,-5.72358342,4
117.37750970,31.96356461,41.59199369,44.18366023,19.27335013,41.59199369,104.16108500,0.46503155,-0.50074211,2.16052840,-0.52072318,2.09678628,-0.00800000,0.61232647,0.17013883,9.59969163,0.00647503,0.57447085,-5.82323181,4
117.37751173,31.96356413,41.59535237,44.13013656,19.46596177,41.59535237,104.65220971,0.47999511,-0.46142169,2.17246656,-0.54205465,2.10393801,-0.00623573,0.37418264,0.18681404,10.06594709,-0.40961358,0.08198341,-5.77425773,4
117.37751378,31.96356366,41.59786480,44.07776698,19.65889769,41.59786480,105.13787329,0.47324483,-0.48748233,2.19091839,-0.56437759,2.11732399,-0.00759440,0.15384044,0.15259928,9.84550069,-0.23743739,-0.99795124,-5.70437881,4
117.37751582,31.96356319,41.59954906,44.02468399,19.85163310,41.59954906,105.60514678,0.47015843,-0.60429705,2.21207921,-0.58678488,2.13288299,-0.01264717,0.17598473,0.14612245,9.32240423,0.69701436,-1.45078942,-5.47353455,4
117.37751785,31.96356270,41.60108388,43.97069421,20.04411950,41.60108388,106.02629485,0.53970403,-0.73188498,2.24282564,-0.61092271,2.15757399,-0.01725165,0.38303002,0.32170038,9.86717506,0.43870992,-1.50901767,-4.73134001,4
117.37751990,31.96356221,41.60192903,43.91751917,20.23683209,41.60192903,106.35167603,0.59717395,-0.81132869,2.23099360,-0.62021932,2.14320651,-0.01978709,0.68559226,0.11717507,10.39285582,-0.00752713,0.00210322,-3.20331620,4
117.37752193,31.96356172,41.60350472,43.86273204,20.42909110,41.60350472,106.54226176,0.55986793,-0.67881371,2.22924764,-0.62701887,2.13899057,-0.01548585,0.58610852,0.10075236,9.47774313,0.33569331,2.26043115,-2.08414408,4
117.37752396,31.96356123,41.60936606,43.80727257,20.62116099,41.60936606,106.66695129,0.65034013,-0.48394267,2.23257738,-0.63257738,2.14098115,-0.00744148,0.16222078,0.24767241,9.54954906,1.12042963,1.97464424,-1.36806602,4
117.37752599,31.96356073,41.61300000,43.75162617,20.81316898,41.61300000,106.76176578,0.75033490,-0.37067084,2.26008346,-0.64392801,2.16638289,-0.00257486,-0.15396922,0.26919875,9.91701043,0.80131670,0.66148257,-1.22431559,4
117.37752802,31.96356023,41.61252705,43.69610301,21.00522959,41.61252705,106.85952566,0.79425659,-0.36251318,2.29896602,-0.65883773,2.20249307,-0.00247295,-0.15154368,0.18220874,9.96038903,-0.05664213,-0.16648820,-1.38723648,4
117.37753004,31.96355971,41.61094104,43.63864315,21.19669826,41.61094104,106.97713236,0.80994584,-0.38793623,2.31511793,-0.66823586,2.21700000,-0.00388207,0.12162813,0.23911312,9.65284956,0.52508061,0.02182061,-1.34979069,4
117.37753205,31.96355913,41.61012109,43.57470815,21.38611412,41.61012109,107.06240683,0.83700409,-0.35923808,2.31675782,-0.67151565,2.21700000,-0.00224218,0.35285315,0.21287482,9.80371978,0.65135243,0.68679753,-0.81846511,4
117.37753405,31.96355853,41.61000000,43.50942058,21.57507842,41.61000000,107.12873740,0.89617040,-0.28764912,2.31628350,-0.67414950,2.21556700,0.00086599,0.05812709,0.31360881,10.34331207,-0.16400450,0.69113867,-0.89189773,4
117.37753606,31.96355798,41.61054129,43.44718092,21.76504642,41.61054129,107.19167965,0.82381481,-0.26478906,2.33494530,-0.68203682,2.23286271,0.00091741,-0.19703896,0.18503363,9.65107554,-0.85774969,-0.25104387,-0.84103469,4
117.37753807,31.96355743,41.61280415,43.38600501,21.95537459,41.61280415,107.25730979,0.78369140,-0.34269199,2.36002077,-0.69196914,2.25629911,-0.00252582,-0.22217389,0.17486825,9.18291217,-0.00304212,-1.50187419,-0.89963146,4
117.37754008,31.96355687,41.61617861,43.32430654,22.14552871,41.61617861,107.33171889,0.87114667,-0.50554251,2.37850056,-0.70060750,2.27314333,-0.00825028,0.02316558,0.35752360,9.88325504,1.47865708,-1.97427157,-1.14606611,4
117.37754209,31.96355631,41.61697780,43.26274564,22.33572842,41.61697780,107.42442490,0.94786889,-0.64220395,2.38968921,-0.70780021,2.28273361,-0.01384461,0.48030211,0.11377073,10.70322371,-1.10911927,-0.25281689,-1.03897468,4
117.37754411,31.96355574,41.61460536,43.19924789,22.52529468,41.61460536,107.49165521,0.80871638,-0.55260913,2.37403575,-0.70560536,2.26703575,-0.01160536,0.44670367,0.11019285,9.18305519,-0.76114021,1.33874302,-0.69117219,4
117.37754612,31.96355520,41.61525280,43.13919058,22.71596341,41.61525280,107.53869348,0.81308944,-0.45070030,2.37187919,-0.70687919,2.26425280,-0.00724161,0.07168941,0.21372920,9.39559446,0.25390287,0.75369899,-0.58646087,4
117.37754814,31.96355467,41.61509089,43.08054696,22.90708865,41.61509089,107.58427330,0.82609068,-0.43490974,2.38754576,-0.71345466,2.27863665,-0.00590911,-0.20909226,0.27045445,9.96091344,-0.29993221,-0.50437791,-0.61918273,4
117.37755016,31.96355413,41.61345681,43.02045385,23.09775789,41.61345681,107.63573990,0.79208736,-0.51871394,2.41369097,-0.72325911,2.30287619,-0.00917274,-0.14938887,0.19275634,10.04314323,-1.10929440,-1.26412579,-0.67127159,4
117.37755217,31.96355357,41.61207169,42.95835389,23.28778189,41.61207169,107.68872426,0.73592831,-0.64256618,2.43628309,-0.73192831,2.32328309,-0.01492831,0.23728856,0.01878672,9.59275553,0.19875195,-0.95817502,-0.61959387,4
117.37755417,31.96355298,41.61288114,42.89417031,23.47711502,41.61288114,107.71948330,0.73511886,-0.62637721,2.42818861,-0.73111886,2.31518861,-0.01411886,0.46636244,0.24219447,9.49966897,-0.34600680,0.92541131,-0.02788712,4
117.37755619,31.96355244,41.61437752,42.83350172,23.66759855,41.61437752,107.68474063,0.72191354,-0.56752161,2.43044380,-0.73031124,2.31813257,-0.01124496,0.10534001,0.10625358,10.20644389,-0.45630548,0.24599988,0.55284156,4
117.37755820,31.96355188,41.61401281,42.77097197,23.85747845,41.61401281,107.62701881,0.62616571,-0.57013491,2.44582066,-0.73246797,2.33382066,-0.01197438,-0.12729545,0.07590433,9.86367240,-1.06922430,-0.40515617,0.65358845,4
117.37756020,31.96355132,41.61416952,42.70857931,24.04739761,41.61416952,107.57869049,0.54569521,-0.63847134,2.46906379,-0.73733904,2.35677141,-0.01546190,-0.12072300,0.07271059,9.29963019,-0.76329452,-0.93407548,0.41484883,4
117.37756222,31.96355077,41.61716764,42.64846458,24.23806132,41.61716764,107.55932360,0.57617932,-0.73986739,2.49091618,-0.74291618,2.37791618,-0.01916764,0.06780277,-0.04154003,9.67882572,1.20507454,-1.48433896,0.15323770,4
117.37756423,31.96355020,41.61875604,42.58539647,24.42777021,41.61875604,107.54343964,0.59682847,-0.79546127,2.49012198,-0.74212198,2.37712198,-0.02075604,0.42598619,0.02914362,10.48255439,-1.25773434,0.27481025,0.26919065,4
117.37756625,31.96354967,41.61968233,42.52642454,24.61878557,41.61968233,107.51234223,0.48809824,-0.70779178,2.47908275,-0.73722371,2.36676508,-0.01827069,0.31519434,0.19352376,9.48425306,-0.95298985,1.32626536,0.50602723,4
117.37756826,31.96354912,41.62341149,42.46493892,24.80900341,41.62341149,107.46196093,0.43502529,-0.61475174,2.48082299,-0.73548736,2.36931034,-0.01456322,0.04988051,0.10465981,9.37576541,-0.18322080,0.93849674,0.68305285,4
117.37757027,31.96354857,41.62612872,42.40361394,24.99926058,41.62612872,107.40586479,0.45200649,-0.57038940,2.49526068,-0.73774256,2.38397026,-0.01200000,-0.14625744,0.03793999,9.91642512,0.17902377,-0.00011794,0.64989505,4
117.37757230,31.96354805,41.62345458,42.34631560,25.19079567,41.62345458,107.36109110,0.48790962,-0.59145419,2.51427264,-0.74218181,2.40227264,-0.01236361,-0.11172924,0.27063743,10.11591286,-0.18681236,-0.36272723,0.37718174,4
117.37757432,31.96354750,41.61867181,42.28560670,25.38126926,41.61867181,107.33558298,0.41696517,-0.63928191,2.52543245,-0.74377606,2.41343245,-0.01555213,0.15371460,0.12715427,9.60654765,-0.97437546,-0.36910425,0.38754441,4
117.37757633,31.96354695,41.61730158,42.22438387,25.57158341,41.61730158,107.30336491,0.39093641,-0.60549182,2.51373008,-0.73911108,2.40242850,-0.01390475,0.27550845,0.08674591,9.68585806,-0.04645400,0.87318216,0.44627019,4
117.37757833,31.96354637,41.61700000,42.15998075,25.76084305,41.61700000,107.26151542,0.41602636,-0.54173970,2.51105013,-0.73649165,2.40055848,-0.01045823,0.12594211,0.16594540,9.95485032,0.12342151,0.69931984,0.56199553,4
117.37758034,31.96354580,41.61731832,42.09739670,25.95068373,41.61731832,107.20817097,0.40689156,-0.51450765,2.51845649,-0.73631832,2.40845649,-0.00927328,-0.06959773,0.24113205,9.85246001,-0.46400261,-0.23310712,0.67482903,4
117.37758235,31.96354527,41.61851376,42.03818006,26.14163273,41.61851376,107.14639455,0.32626602,-0.56291736,2.52992659,-0.73725688,2.41992659,-0.01225688,-0.05072513,0.23862373,9.35562287,-0.82081873,-0.67772532,0.71952299,4
117.37758436,31.96354470,41.62170656,41.97563170,26.33151198,41.62170656,107.09291504,0.35899229,-0.63076450,2.54189962,-0.73885328,2.43189962,-0.01385328,0.27414298,0.35436298,10.25439801,1.19384243,-0.17884924,0.66684168,4
117.37758639,31.96354417,41.62200000,41.91609568,26.52235375,41.62200000,107.01541988,0.32200687,-0.57849154,2.52892834,-0.73159387,2.42040957,-0.01177816,0.42323877,0.11467265,10.11703780,-1.61826270,0.94607382,1.16043286,4
117.37758840,31.96354361,41.62090162,41.85448059,26.71253744,41.62090162,106.90872012,0.24484334,-0.46244122,2.52125406,-0.72460649,2.41490162,-0.00715568,0.20138958,0.04896753,9.61712495,-0.62227331,1.48546138,1.32017191,4
117.37759041,31.96354307,41.62000000,41.79435073,26.90317916,41.62000000,106.79611501,0.21486707,-0.34779387,2.52509410,-0.72100000,2.42009410,-0.00220762,-0.11824123,0.17633533,9.46142644,0.42536443,1.12366092,1.27358626,4
117.37759244,31.96354255,41.61932416,41.73623536,27.09445777,41.61932416,106.69423160,0.24605885,-0.29651685,2.54039298,-0.72133792,2.43556194,0.00049312,-0.27140436,0.31235689,9.88628384,-0.68168343,-0.00379645,1.18733175,4
117.37759445,31.96354199,41.61613951,41.67463567,27.28464804,41.61613951,106.60108078,0.20863929,-0.36020972,2.56109316,-0.72293024,2.45705828,-0.00189536,-0.12252227,0.03131210,10.27401419,-0.57181323,-1.14787965,1.07109226,4
117.37759647,31.96354146,41.61675735,41.61575091,27.47569835,41.61675735,106.52126473,0.19261030,-0.41677204,2.56502941,-0.72072794,2.46178676,-0.00578676,0.16497785,0.26362492,9.41550028,0.13203654,-0.01804449,1.00541178,4
117.37759848,31.96354088,41.61864236,41.55197712,27.66518525,41.61864236,106.43951751,0.22796402,-0.38418184,2.56271529,-0.71671529,2.46026274,-0.00371529,0.13620285,0.43232963,9.87625042,0.21968438,0.47660734,1.06811785,4
117.37760050,31.96354035,41.62169453,41.49208719,27.85584352,41.62169453,106.35031467,0.24473255,-0.35486168,2.56305015,-0.71298328,2.46172796,-0.00167781,-0.04198162,0.34974800,10.22058711,-0.24376684,0.03685203,1.18005767,4
117.37760253,31.96353985,41.62513098,41.43716626,28.04807780,41.62513098,106.25393695,0.20985641,-0.39306305,2.57214359,-0.71126197,2.47214359,-0.00378590,-0.18974807,0.07365003,9.62286360,-0.73349019,-1.01319146,1.23312326,4
117.37760454,31.96353930,41.62591140,41.37568498,28.23831356,41.62591140,106.16418930,0.19112646,-0.48281070,2.59087354,-0.71282279,2.49087354,-0.00846838,-0.14058196,0.25626700,9.18114905,0.42542519,-1.03816472,1.03723924,4
117.37760657,31.96353880,41.62805331,41.32056027,28.43046748,41.62805331,106.08829418,0.26907897,-0.53954162,2.59505331,-0.71026226,2.49573774,-0.01036887,0.27087033,0.11889537,10.09468538,0.70141592,-0.10058543,0.97804048,4
117.37760859,31.96353828,41.62808285,41.26271276,28.62182046,41.62808285,106.00847385,0.26747966,-0.48258359,2.59003852,-0.70533140,2.49195567,-0.00778997,0.29933288,0.15559954,10.16571955,-0.37247725,1.17494460,1.11416421,4
117.37761061,31.96353775,41.62840669,41.20433784,28.81299793,41.62840669,105.91577065,0.20957428,-0.36069405,2.58604782,-0.70029666,2.48928227,-0.00282776,0.04565133,0.22591920,9.64880453,-1.28175522,1.70104258,1.32243037,4
117.37761266,31.96353727,41.63304356,41.15121163,29.00573410,41.63304356,105.80293273,0.16988214,-0.26546829,2.59630494,-0.69803267,2.50031583,0.00098911,-0.17302564,0.03549394,9.40755805,0.15506094,0.16247972,1.40031443,4
117.37761468,31.96353674,41.63610390,41.09296750,29.19697379,41.63610390,105.72795445,0.23185397,-0.29836692,2.61772730,-0.70032792,2.52250327,0.00022403,-0.31533134,0.21069827,9.93852662,0.79161117,-0.57659181,0.57937887,4
117.37761671,31.96353623,41.63805238,41.03685720,29.38885848,41.63805238,105.72810002,0.25631429,-0.35062147,2.63715478,-0.70573572,2.54110239,-0.00210476,0.00238847,0.19306898,9.97823797,-0.11805591,-0.31995426,-0.25349110,4
117.37761873,31.96353571,41.63954471,40.97912514,29.58023598,41.63954471,105.77686981,0.25328459,-0.36693911,2.64627643,-0.71054471,2.54900408,-0.00291057,0.28078879,0.13208943,9.88217070,-0.53713625,0.23618651,-0.85917453,4
117.37762075,31.96353516,41.64104466,40.91829032,29.77066938,41.64104466,105.85748321,0.22977672,-0.30911641,2.63920095,-0.71220095,2.54115630,-0.00004466,0.15450725,0.13419618,9.90871126,0.92493856,0.54075020,-1.07084503,4
117.37762279,31.96353468,41.64255206,40.86355858,29.96294598,41.64255206,105.97506053,0.22223971,-0.34680145,2.64598426,-0.71898426,2.54643220,-0.00155206,-0.03090315,0.10706295,10.06774213,-0.93368766,-0.91916828,-1.70696852,4
117.37762481,31.96353415,41.64247555,40.80534350,30.15420080,41.64247555,106.16156679,0.21003540,-0.43981460,2.65691569,-0.73044015,2.55481788,-0.00619562,0.03829526,-0.04050438,9.61834342,-0.02277735,-1.28062555,-2.73564855,4
117.37762683,31.96353363,41.64173097,40.74838152,30.34579360,41.64173097,106.39396775,0.22763402,-0.52772055,2.66419291,-0.74303546,2.55884776,-0.01026903,0.25807412,-0.02064743,9.51962281,0.77965964,-0.77863260,-3.38024078,4
117.37762887,31.96353316,41.64096723,40.69621143,30.53879408,41.64096723,106.65494908,0.29805579,-0.56364561,2.66175970,-0.75405461,2.55273786,-0.01094539,0.54694657,0.37031542,10.46674258,-0.65274406,0.41808635,-3.05566007,4
117.37763091,31.96353265,41.63871087,40.63953917,30.73051200,41.63871087,106.85802155,0.16417838,-0.47038269,2.64521306,-0.75781521,2.53468697,-0.00718479,0.40554795,-0.08998219,9.89813965,-1.18599734,1.18148844,-2.55023524,4
117.37763294,31.96353217,41.63749145,40.58618750,30.92316122,41.63749145,107.03438907,0.15251287,-0.39268796,2.64661112,-0.76611967,2.53357693,-0.00396581,0.20080743,-0.09006387,9.57152113,0.16604947,0.79801181,-2.35184182,4
117.37763498,31.96353170,41.63700000,40.53367522,31.11605072,41.63700000,107.20437825,0.19231356,-0.34398760,2.65803100,-0.77702480,2.54202480,-0.00174845,0.00072096,0.06383526,9.65866533,0.96487026,0.09136132,-2.40128792,4
117.37763701,31.96353119,41.63700000,40.47733253,31.30786825,41.63700000,107.38592885,0.22282001,-0.33803512,2.67291220,-0.78892976,2.55392976,-0.00100439,-0.13320981,0.10475855,10.33799198,-1.01730518,-0.21519134,-2.65947669,4
117.37763904,31.96353069,41.63485879,40.42112400,31.49972617,41.63485879,107.58541905,0.17303837,-0.38867537,2.69084344,-0.80327475,2.56827475,-0.00385495,0.12294553,-0.03275135,9.82382651,-0.36879273,-0.30907215,-2.66171374,4
117.37764106,31.96353015,41.63312219,40.36166648,31.69058163,41.63312219,107.76155868,0.14773316,-0.38968826,2.69492768,-0.81251122,2.56961097,-0.00368329,0.24575064,-0.00241390,9.85081315,0.19972094,0.12362631,-2.28454334,4
117.37764307,31.96352960,41.63132644,40.30142569,31.88120237,41.63132644,107.91110030,0.14824073,-0.36550517,2.69302067,-0.81885228,2.56551550,-0.00216839,0.21408450,0.11407234,10.07977143,0.30443282,0.44750516,-1.73582310,4
117.37764510,31.96352909,41.62841446,40.24421680,32.07275843,41.62841446,108.02393966,0.17954455,-0.36768915,2.70175662,-0.82686023,2.57206746,-0.00289638,-0.03197811,0.14464817,9.77182918,-0.92151222,-0.74786405,-1.44972072,4
117.37764712,31.96352856,41.62487384,40.18535484,32.26381053,41.62487384,108.11502775,0.11584980,-0.45928376,2.71612986,-0.83487754,2.58487939,-0.00737662,-0.06449908,-0.10234295,9.57606882,-0.19566706,-1.43819237,-1.23643619,4
117.37764915,31.96352802,41.62230058,40.12693015,32.45499454,41.62230058,108.18692778,0.10472548,-0.53603182,2.72609827,-0.84109827,2.59339885,-0.01104913,0.09576901,-0.16137559,9.72595121,0.51081238,-0.85928486,-0.89064994,4
117.37765118,31.96352751,41.62085985,40.06936401,32.64644169,41.62085985,108.23615912,0.16133140,-0.56732983,2.72922919,-0.84471971,2.59529926,-0.01250948,0.37544364,-0.00571548,10.14961435,0.73466920,0.81570968,-0.37784463,4
117.37765319,31.96352699,41.61940694,40.01031201,32.83743667,41.61940694,108.22744164,0.17513407,-0.46707888,2.72123817,-0.84181388,2.58803470,-0.00742429,0.21417037,-0.15827127,9.89680761,-0.16032478,1.00967347,0.26652198,4
117.37765522,31.96352647,41.61900000,39.95315211,33.02900149,41.61900000,108.19062245,0.19169325,-0.41149796,2.72428885,-0.84100000,2.59128885,-0.00494223,-0.03832305,-0.14123596,9.68425873,0.40983002,0.53775911,0.46815541,4
117.37765725,31.96352595,41.61873913,39.89641470,33.22069488,41.61873913,108.15034767,0.22700039,-0.39273922,2.73604359,-0.84282612,2.60278272,-0.00426087,-0.20369533,-0.03034688,9.67774110,0.87647391,-0.08282858,0.40273775,4
117.37765927,31.96352543,41.61801190,39.83796117,33.41187399,41.61801190,108.12344017,0.29390552,-0.40873828,2.75567879,-0.84791672,2.62169069,-0.00498810,-0.14988034,0.13037086,10.01153948,0.13906310,-0.50607621,0.16784259,4
117.37766129,31.96352490,41.61655074,39.77875190,33.60282238,41.61655074,108.11068126,0.34137643,-0.46841980,2.75527537,-0.84727537,2.62200000,-0.00789853,0.09447626,-0.04236088,9.82352333,0.90525447,-0.40865303,0.16327537,4
117.37766330,31.96352434,41.61508150,39.71686849,33.79291564,41.61508150,108.09589653,0.38517718,-0.45471934,2.75224451,-0.84562225,2.61924451,-0.00716300,0.18562225,0.07561804,10.04897100,0.57504382,0.40345656,0.21856911,4
117.37766531,31.96352378,41.61380260,39.65518060,33.98306858,41.61380260,108.07452457,0.41126229,-0.40449862,2.74781557,-0.84321038,2.61501298,-0.00480260,0.12260712,0.24720209,10.21030700,-0.28695722,0.91128131,0.36158007,4
117.37766733,31.96352325,41.61305104,39.59606680,34.17404553,41.61305104,108.03845010,0.39322505,-0.37593967,2.74330626,-0.84020418,2.61125522,-0.00405104,-0.11112536,0.07284217,9.48430836,-0.76268924,-0.61812576,0.65693977,4
117.37766935,31.96352270,41.61094463,39.53505797,34.36442385,41.61094463,107.98804126,0.38514875,-0.46512160,2.76149837,-0.84274050,2.62949837,-0.00811075,-0.15646037,-0.22332680,9.55969272,0.84176321,-1.39821820,0.68659175,4
117.37767136,31.96352215,41.60829383,39.47510012,34.55513064,41.60829383,107.93614198,0.44427529,-0.54240308,2.76616111,-0.84186728,2.63458766,-0.01127963,0.05478820,-0.09082292,9.98894556,0.71873360,-0.76079474,0.74218517,4
117.37767338,31.96352162,41.60497319,39.41625180,34.74618868,41.60497319,107.87717506,0.50164509,-0.56347395,2.75860410,-0.83745978,2.62811751,-0.01197319,0.31780990,0.20139111,10.32898803,-0.56872486,0.70259165,0.91333921,4
117.37767539,31.96352108,41.60053749,39.35625029,34.93688614,41.60053749,107.79585398,0.38779558,-0.44888516,2.74825414,-0.83080623,2.61998540,-0.00753749,0.14851420,-0.06475060,9.63775886,-1.04704066,1.51728100,1.35543016,4
117.37767742,31.96352055,41.59932343,39.29686495,35.12777598,41.59932343,107.67571975,0.35708585,-0.37275593,2.73955777,-0.82255777,2.61358747,-0.00361717,-0.08714798,0.00583803,9.68931319,-0.35874775,0.56326336,1.61399949,4
117.37767944,31.96352001,41.59813556,39.23750273,35.31867333,41.59813556,107.55687038,0.35894105,-0.35337327,2.74766993,-0.81943222,2.62310215,-0.00243222,-0.23754417,0.05370334,9.86421603,-0.05170527,-0.12282895,1.48033023,4
117.37768146,31.96351947,41.59700000,39.17776044,35.50945201,41.59700000,107.44989575,0.35494729,-0.38028317,2.76371801,-0.81928199,2.63989751,-0.00371801,-0.23340466,0.02992122,9.98638272,-0.35699451,-0.40895258,1.18748814,4
117.37768348,31.96351893,41.59700000,39.11745495,35.70005343,41.59700000,107.36551423,0.28337368,-0.43603524,2.76673163,-0.81626837,2.64366454,-0.00673163,0.04610910,-0.06274776,9.89145351,-1.36429885,-0.60182461,1.23570615,4
117.37768549,31.96351838,41.59767194,39.05581354,35.89023322,41.59767194,107.26863150,0.20913370,-0.43562445,2.76498417,-0.81129639,2.64332806,-0.00632806,0.10123746,0.02979154,9.95489797,-0.98363948,0.12618545,1.34683903,4
117.37768750,31.96351784,41.59885371,38.99677533,36.08121937,41.59885371,107.15883754,0.15636469,-0.43257315,2.75845089,-0.80430460,2.63873145,-0.00600000,-0.02486201,-0.00167552,9.89651885,-0.54996351,-0.07174064,1.50699421,4
117.37768953,31.96351731,41.59981013,38.93907277,36.27262914,41.59981013,107.04000106,0.12810133,-0.45687254,2.75517707,-0.79781013,2.63736693,-0.00732907,-0.17811520,-0.09158293,9.69486346,-0.22644480,-0.94713494,1.60965973,4
117.37769156,31.96351678,41.59906394,38.87995801,36.46360328,41.59906394,106.92210269,0.12063941,-0.55462372,2.77159330,-0.79706394,2.65452936,-0.01255241,-0.03708486,-0.01920228,9.39564037,-0.03168862,-1.42320560,1.44325886,4
117.37769359,31.96351627,41.60039189,38.82350341,36.65537798,41.60039189,106.82222301,0.17219593,-0.61449998,2.76186487,-0.79004054,2.64625676,-0.01439189,0.22484450,0.03849998,10.12788485,0.39143228,-0.17858831,1.19933792,4
117.37769561,31.96351576,41.60100000,38.76635251,36.84695040,41.60100000,106.75156313,0.15188658,-0.57188077,2.75026353,-0.78340722,2.63616172,-0.01230541,0.37486793,-0.07058575,10.15720607,-0.33728000,1.03913235,0.81112811,4
117.37769763,31.96351525,41.60100000,38.70930970,37.03854996,41.60100000,106.71133466,0.11065741,-0.45348892,2.73596313,-0.77712649,2.62317130,-0.00733466,0.29885018,-0.17496196,9.67604645,-0.77536830,1.72367889,0.37993699,4
117.37769967,31.96351474,41.60100000,38.65409176,37.23068772,41.60100000,106.70501030,0.15492792,-0.30723812,2.71303733,-0.77001158,2.60103604,-0.00101030,-0.18021999,0.04164732,9.25468605,1.78283479,1.26674397,0.08348268,4
117.37770170,31.96351423,41.60100000,38.59624863,37.42204887,41.60100000,106.69054002,0.20751256,-0.26209796,2.72745998,-0.77380526,2.61545998,0.00204421,-0.19089367,0.06635365,10.03559996,0.18118119,0.17997941,0.28696182,4
117.37770372,31.96351371,41.60100000,38.53850859,37.61344799,41.60100000,106.67328650,0.22611892,-0.29037835,2.73200000,-0.77447027,2.62000000,0.00088108,-0.10182710,-0.02135128,10.00660021,-0.03217860,-0.40732413,0.18572445,4
117.37770574,31.96351318,41.60070578,38.47955882,37.80446682,41.60070578,106.66553064,0.26271797,-0.32476358,2.73170578,-0.77400000,2.61970578,-0.00100000,0.05326081,-0.03538718,9.75034854,0.68115850,-0.27146478,-0.03573191,4
117.37770775,31.96351264,41.60019729,38.41926905,37.99507418,41.60019729,106.67612087,0.34905800,-0.31877561,2.73030948,-0.77390135,2.61830948,-0.00104932,0.21671869,0.12773604,9.74954419,1.63307201,0.48351160,-0.22821844,4
117.37770977,31.96351211,41.60331823,38.36102880,38.18631817,41.60331823,106.70967102,0.39743263,-0.34686411,2.71938618,-0.77234088,2.60738618,-0.00182956,0.02243991,0.02864606,10.21690559,-0.58045769,-1.02702541,-0.43732170,4
117.37771178,31.96351156,41.60340973,38.29982488,38.37663950,41.60340973,106.76186049,0.33775792,-0.43858909,2.72644431,-0.77672216,2.61326377,-0.00672216,-0.05777725,-0.07917936,9.70511963,-0.56345139,-1.41779777,-0.69726786,4
117.37771381,31.96351102,41.60300000,38.24093085,38.56765688,41.60300000,106.82117911,0.30995370,-0.55435822,2.72396823,-0.77891619,2.60996823,-0.01216762,0.15154845,0.01164985,9.75732232,0.05531424,-1.32163335,-0.76074013,4
117.37771584,31.96351051,41.60285305,38.18507773,38.75962105,41.60285305,106.88055150,0.34420802,-0.64430156,2.70476719,-0.77641222,2.59076719,-0.01570611,0.55257066,0.22495245,10.45678862,0.26814586,-0.62381819,-0.61470228,4
117.37771786,31.96350999,41.60208430,38.12716730,38.95096457,41.60208430,106.93052041,0.32960173,-0.59356389,2.68785463,-0.77333721,2.57385463,-0.01416860,0.47185165,-0.05256719,9.69187989,-1.12790866,1.74701448,-0.63930236,4
117.37771990,31.96350951,41.60411613,38.07296204,39.14338411,41.60411613,106.96633123,0.25605149,-0.45609440,2.67330320,-0.77088387,2.55930320,-0.00765160,0.18014362,0.01010983,9.58895481,-0.19401325,1.04063281,-0.37536730,4
117.37772194,31.96350901,41.60741965,38.01813226,39.33563157,41.60741965,106.98771075,0.24632509,-0.40293572,2.67864648,-0.77338752,2.56416255,-0.00500000,-0.07640421,0.03786959,9.71408097,0.16369777,0.13516375,-0.29884302,4
117.37772397,31.96350850,41.61075865,37.96114568,39.52725536,41.61075865,107.00913837,0.28519602,-0.42826521,2.69328747,-0.77851730,2.57803459,-0.00601153,-0.13903142,0.00147038,9.92326679,0.19022305,-0.51430297,-0.40528986,4
117.37772599,31.96350799,41.61301855,37.90356798,39.71869724,41.61301855,107.04618711,0.33609274,-0.49700000,2.70285161,-0.78300000,2.58685161,-0.00901855,0.11932667,-0.06996128,10.10868216,0.56385720,-0.81694329,-0.60962903,4
117.37772801,31.96350745,41.61377365,37.84467089,39.90973818,41.61377365,107.09451368,0.33986826,-0.49700000,2.69681079,-0.78300000,2.58081079,-0.00977365,0.41759226,-0.02767553,9.56651838,0.23236709,0.61020093,-0.59452697,4
117.37773003,31.96350692,41.61344954,37.78592715,40.10082760,41.61344954,107.14202763,0.37127533,-0.44580717,2.68344033,-0.78134862,2.56744033,-0.00669724,0.21085225,-0.00013757,9.77941407,0.17483500,0.56295258,-0.58229355,4
117.37773204,31.96350638,41.61234709,37.72608318,40.29157559,41.61234709,107.18303752,0.37412759,-0.42554595,2.68020262,-0.78228518,2.56354972,-0.00530582,-0.05907503,-0.06961346,9.88588379,0.07091002,-0.35907850,-0.54563979,4
117.37773406,31.96350584,41.61072736,37.66621088,40.48230904,41.61072736,107.21899785,0.34417715,-0.48626772,2.69300000,-0.78736352,2.57490912,-0.00872705,-0.08110196,-0.18292604,9.53479916,-0.02569432,-1.43228157,-0.52525972,4
117.37773609,31.96350533,41.60839012,37.60949921,40.67401158,41.60839012,107.27898700,0.47428348,-0.62572302,2.69300000,-0.79047984,2.57413004,-0.01495969,0.22663459,0.28919636,10.06457347,1.58855917,-1.18609233,-0.88753186,4
117.37773811,31.96350481,41.60545978,37.55167792,40.86538243,41.60545978,107.34170962,0.50743100,-0.63756900,2.68410922,-0.79036494,2.56510922,-0.01536494,0.47867760,-0.00033231,10.08631915,0.01570339,0.26037828,-0.77589990,4
117.37774014,31.96350430,41.60358523,37.49452239,41.05694960,41.60358523,107.39149398,0.48828453,-0.57791000,2.66614227,-0.78709664,2.54755703,-0.01292617,0.35841314,-0.13236500,9.79499298,-0.29517762,0.86725345,-0.51607095,4
117.37774217,31.96350378,41.60361455,37.43774975,41.24863209,41.60361455,107.42268731,0.47842573,-0.49890299,2.65127761,-0.78422910,2.53286791,-0.00959030,0.01432351,0.01011305,9.49289998,0.73971978,0.46887393,-0.27588956,4
117.37774419,31.96350325,41.60593791,37.37953721,41.43988369,41.60593791,107.43662748,0.57833026,-0.48341391,2.66366887,-0.78887583,2.54371026,-0.00804139,-0.02982035,0.12395774,9.70045356,0.66304887,0.03363097,-0.22632452,4
117.37774622,31.96350275,41.60524456,37.32287523,41.63159970,41.60524456,107.46268488,0.56966843,-0.52303820,2.67079894,-0.79202175,2.55079894,-0.00951088,-0.00607055,0.01519521,10.07163187,-0.18962292,-0.67224730,-0.43047907,4
117.37774825,31.96350223,41.60342795,37.26544181,41.82308503,41.60342795,107.50086903,0.56704804,-0.55800876,2.67404804,-0.79509607,2.55352402,-0.01157205,0.19169454,0.00258081,9.74353660,-0.09242315,-0.16547077,-0.53210921,4
117.37775027,31.96350170,41.60200000,37.20681141,42.01420957,41.60200000,107.53429250,0.57549108,-0.55432820,2.66750892,-0.79490250,2.54680857,-0.01150178,0.28279674,0.05636145,9.65861802,0.28075859,0.41270281,-0.39530099,4
117.37775230,31.96350117,41.60200000,37.14816093,42.20532657,41.60200000,107.54719084,0.59471871,-0.50089962,2.65117596,-0.79027137,2.53108550,-0.00818092,0.07780302,0.11843127,10.32622578,0.25028411,0.15717737,0.02405692,4
117.37775432,31.96350064,41.60200000,37.09001879,42.39659930,41.60200000,107.53170176,0.60943333,-0.51716315,2.66124385,-0.79259474,2.54037894,-0.00972982,-0.05230520,0.00226322,9.62611966,-0.70616617,-0.30362257,0.23858059,4
117.37775634,31.96350013,41.60265121,37.03307483,42.58823138,41.60265121,107.50490540,0.57943972,-0.58967899,2.66430241,-0.79234879,2.54395362,-0.01325603,-0.01964753,-0.11307600,9.68243031,0.38187302,-1.19605328,0.32679403,4
117.37775836,31.96349961,41.60343088,36.97616437,42.77987402,41.60343088,107.47217936,0.59733245,-0.65630008,2.66456912,-0.79070735,2.54456912,-0.01629265,0.19786524,-0.12220429,10.05979787,0.35855389,-0.60937502,0.44836351,4
117.37776039,31.96349910,41.60421188,36.91897875,42.97143441,41.60421188,107.42947322,0.62154053,-0.66131080,2.65658414,-0.78603366,2.53721978,-0.01651683,0.36993445,-0.12675065,10.21333803,-0.59919812,0.89361427,0.64948931,4
117.37776241,31.96349859,41.60509869,36.86179804,43.16299657,41.60509869,107.36619070,0.53897044,-0.53478283,2.62914803,-0.77496710,2.51216448,-0.01093421,0.08352943,-0.34340762,9.40491801,-0.71248195,1.44243310,0.93589154,4
117.37776444,31.96349807,41.60982613,36.80413376,43.35441493,41.60982613,107.27952099,0.58545692,-0.47647776,2.63623919,-0.77339129,2.52004355,-0.00778258,-0.08271882,-0.07551943,9.64050203,0.84520906,0.36142548,1.02650078,4
117.37776648,31.96349756,41.61160409,36.74808059,43.54630519,41.61160409,107.20363214,0.65076377,-0.47468583,2.64102044,-0.77179183,2.52562452,-0.00760409,-0.16991064,0.04113925,10.02279081,0.67986417,-0.25918292,0.86898197,4
117.37776851,31.96349706,41.61120860,36.69304916,43.73850585,41.61120860,107.13911373,0.67729455,-0.52019602,2.64774843,-0.77100000,2.53314413,-0.00997851,-0.02312104,0.01424894,10.07830186,0.08532700,-0.57309750,0.75139570,4
117.37777054,31.96349654,41.61000000,36.63565329,43.92999416,41.61000000,107.08361927,0.67332846,-0.56580584,2.64660438,-0.76801489,2.53297752,-0.01244029,0.26360467,-0.03408907,9.83358949,0.00220458,-0.24402468,0.70162629,4
117.37777256,31.96349600,41.61004366,36.57490141,44.12045741,41.61004366,107.03308304,0.71385445,-0.51550084,2.61002911,-0.75497089,2.49804366,-0.00992723,0.33043999,0.15302911,9.81417728,1.15613483,1.71595253,0.48737079,4
117.37777457,31.96349546,41.61244996,36.51541460,44.31131599,41.61244996,106.98255084,0.70583347,-0.43288470,2.61163331,-0.75336669,2.50044996,-0.00591673,0.02403840,0.15463331,10.04437953,-0.65500340,0.17030888,0.78334511,4
117.37777660,31.96349493,41.61105239,36.45672632,44.50242247,41.61105239,106.90997484,0.62544634,-0.47112993,2.60550796,-0.74845557,2.49580637,-0.00759682,-0.12715047,0.05567182,9.71656658,-0.67103808,-0.98022225,0.80425733,4
117.37777861,31.96349440,41.61000000,36.39691897,44.69317991,41.61000000,106.84523061,0.64093242,-0.57488272,2.60854076,-0.74693439,2.49954076,-0.01227038,0.02008353,0.24213921,9.82635791,0.47745940,-1.15264012,0.66687274,4
117.37778063,31.96349386,41.60888286,36.33722545,44.88397326,41.60888286,106.79112577,0.70169359,-0.64375647,2.60538717,-0.74409001,2.49694574,-0.01516215,0.34664183,0.40065533,10.14075584,0.51534864,-0.17235552,0.60742481,4
117.37778265,31.96349332,41.60577927,36.27775358,45.07483612,41.60577927,106.73550853,0.67497682,-0.58459571,2.57656524,-0.73322744,2.46978597,-0.01211707,0.55647615,0.10101341,9.95457981,-1.81802223,1.58850182,0.78808354,4
117.37778466,31.96349277,41.60415213,36.21656258,45.26515682,41.60415213,106.66554178,0.57897593,-0.41944164,2.56598887,-0.72753247,2.46083674,-0.00560854,0.03660694,0.08636921,9.44284627,0.51121960,1.52585717,0.81818551,4
117.37778668,31.96349225,41.60400000,36.15920803,45.45665868,41.60400000,106.62106876,0.60337949,-0.36151701,2.56651725,-0.72548275,2.46227587,-0.00272413,-0.19331133,0.29969082,9.69010505,-0.36417836,0.05661273,0.18982415,4
117.37778871,31.96349174,41.60285714,36.10212406,45.64826566,41.60285714,106.65014289,0.61685715,-0.41771434,2.58071430,-0.73071429,2.47557144,-0.00485715,-0.13785705,0.14057125,9.99085731,0.07657206,-0.87642895,-0.70300056,4
117.37779072,31.96349118,41.60087487,36.04053410,45.83843981,41.60087487,106.72788056,0.62087522,-0.48612691,2.58724956,-0.73612513,2.48049947,-0.00812513,0.15439958,0.19202631,9.78333203,0.22319729,-0.56842196,-1.08773409,4
117.37779271,31.96349057,41.59917792,35.97380924,46.02691018,41.59917792,106.81667535,0.62933767,-0.49698698,2.57797532,-0.73746623,2.46997532,-0.00911039,0.42491673,0.51431679,9.41421346,-0.40644263,0.50604801,-0.79941416,4
117.37779471,31.96348998,41.59997597,35.90691133,46.21529339,41.59997597,106.86455829,0.65327915,-0.42516256,2.56440848,-0.73507209,2.45640848,-0.00512014,0.08814002,0.30043964,10.46923433,0.09393413,0.40309968,-0.50972234,4
117.37779673,31.96348943,41.59842186,35.84602107,46.40570678,41.59842186,106.88572678,0.65952350,-0.43325792,2.56478907,-0.73578907,2.45678907,-0.00578907,-0.05772023,0.26085901,9.76953108,-0.20505030,-0.19022519,-0.34160764,4
117.37779873,31.96348884,41.59741394,35.78179869,46.59502462,41.59741394,106.91678671,0.67389335,-0.47936855,2.57554911,-0.74068849,2.46696305,-0.00834425,-0.10044668,0.15295561,9.43275918,0.51624847,-0.76234546,-0.48888392,4
117.37780073,31.96348828,41.59737721,35.71901216,46.78479990,41.59737721,106.96027337,0.73694167,-0.52848351,2.58111393,-0.74437721,2.47173671,-0.01037721,0.13113626,0.12336195,9.81055353,0.81529165,-0.41222653,-0.64789616,4
117.37780276,31.96348774,41.59732995,35.65875687,46.97542375,41.59732995,107.01154819,0.80271581,-0.52918284,2.57531981,-0.74466498,2.46531981,-0.00982742,0.46371085,0.17961425,10.44874162,-0.03604939,0.87078605,-0.62668549,4
117.37780475,31.96348716,41.59418084,35.59550464,47.16506897,41.59418084,107.05642297,0.69328433,-0.38904756,2.56272338,-0.74309042,2.45272338,-0.00431648,0.19446216,0.13080308,9.74255426,-1.94440856,1.91314065,-0.33381849,4
117.37780678,31.96348664,41.59549661,35.53725439,47.35630186,41.59549661,107.07920427,0.69074153,-0.28671339,2.56349661,-0.74374831,2.45349661,0.00048984,0.03382855,0.00976758,9.47750807,0.71548212,1.00543978,-0.37162637,4
117.37780881,31.96348611,41.59707251,35.47837098,47.54734842,41.59707251,107.10905891,0.71774018,-0.22604229,2.57472508,-0.74829003,2.46365257,0.00360876,-0.12761330,0.18021149,9.93289127,0.20554977,0.39900301,-0.42861027,4
117.37781083,31.96348557,41.59953285,35.41900263,47.73824709,41.59953285,107.14524817,0.70903650,-0.21694160,2.59350365,-0.75537226,2.48089051,0.00408029,-0.12045986,0.19001461,10.20008761,-0.95270804,0.00608760,-0.49633576,4
117.37781284,31.96348504,41.60322471,35.35941097,47.92906801,41.60322471,107.18475266,0.64197737,-0.25137087,2.61500000,-0.76316853,2.50094382,0.00211235,0.11521353,-0.17079928,9.76594382,-0.65261218,-0.28508125,-0.56714644,4
117.37781485,31.96348447,41.60626040,35.29598359,48.11866086,41.60626040,107.22193992,0.68220032,-0.22936209,2.61500000,-0.76544530,2.50018490,0.00363020,0.10458860,0.21018038,9.76518490,0.70358433,0.36228060,-0.47455776,4
117.37781687,31.96348393,41.60989342,35.23701372,48.30966468,41.60989342,107.25241130,0.66653791,-0.22631474,2.61673605,-0.76715737,2.50173605,0.00400000,0.00362376,0.23934478,9.92355935,-0.93931168,-0.12870451,-0.33336983,4
117.37781888,31.96348340,41.61200000,35.17747691,48.50050932,41.61200000,107.27481151,0.59350789,-0.26512275,2.62378979,-0.77004345,2.50844921,0.00195655,-0.06425367,0.05029877,9.81626348,-1.43498929,-0.83974358,-0.22997121,4
117.37782089,31.96348285,41.61220057,35.11641766,48.69085877,41.61220057,107.28830085,0.49501983,-0.34422040,2.63429802,-0.77379943,2.51829802,-0.00220057,-0.01417903,-0.16923964,9.48227481,0.30065607,-1.12981355,-0.15849121,4
117.37782293,31.96348234,41.61374311,35.06113761,48.88298160,41.61374311,107.29061466,0.54900883,-0.39975194,2.62889912,-0.77225689,2.51289912,-0.00374311,0.31515386,0.26729996,10.23040807,-0.36340860,0.19445943,0.13767701,4
117.37782496,31.96348184,41.61463977,35.00521627,49.07492253,41.61463977,107.27372629,0.54456489,-0.30663725,2.61584442,-0.76752163,2.50048419,-0.00016140,0.38215558,-0.00163567,9.86237927,-0.19442174,1.49300769,0.31175460,4
117.37782699,31.96348134,41.61624109,34.95021062,49.26711097,41.61624109,107.23586868,0.53906848,-0.17536214,2.60817261,-0.76375891,2.49358630,0.00572326,0.13830032,-0.00618209,9.65201873,0.06807874,1.60273759,0.60539576,4
117.37782903,31.96348086,41.61857140,34.89660458,49.45970893,41.61857140,107.17638177,0.54542843,-0.07023813,2.61176171,-0.76238094,2.49795217,0.01100000,-0.22557107,0.19619315,9.79252191,0.12671806,0.63896322,0.91095284,4
117.37783106,31.96348036,41.62087667,34.84104940,49.65174898,41.62087667,107.09723420,0.55926004,-0.06716443,2.63097228,-0.76391778,2.51793117,0.01100000,-0.26015011,-0.06122857,9.97617501,-0.23751446,-0.40609211,0.86638431,4
117.37783309,31.96347983,41.62100000,34.78261459,49.84293314,41.62100000,107.03637230,0.59266983,-0.12870967,2.64361594,-0.76545199,2.53061594,0.00809602,-0.10881481,0.01502352,9.97728805,0.45955821,-0.84677797,0.69193891,4
117.37783510,31.96347928,41.62051279,34.72137644,50.03324110,41.62051279,106.98430585,0.59574303,-0.17294998,2.64653837,-0.76405116,2.53402558,0.00602558,0.12585678,0.10600343,9.81516994,0.07178096,-0.39175880,0.64405231,4
117.37783710,31.96347874,41.62050420,34.66077458,50.22374084,41.62050420,106.93662203,0.59583182,-0.19777308,2.64222692,-0.76048741,2.53047902,0.00500000,0.20763149,0.10297554,9.67699125,-0.15764416,0.00454061,0.64359686,4
117.37783913,31.96347821,41.62200000,34.60155263,50.41468474,41.62200000,106.88898605,0.62534082,-0.20866461,2.63446476,-0.75606197,2.52346476,0.00487606,-0.09837490,-0.07907358,9.76935168,1.14344447,-0.70837648,0.59333773,4
117.37784115,31.96347765,41.62200000,34.54032744,50.60500479,41.62200000,106.83906105,0.63378967,-0.27471923,2.64598591,-0.75759812,2.53498591,0.00180376,-0.00850989,0.04305067,9.92680746,-0.67997033,-1.06476421,0.70086851,4
117.37784317,31.96347715,41.62085003,34.48453007,50.79694952,41.62085003,106.79207601,0.64174983,-0.37422254,2.64612509,-0.75570007,2.53570007,-0.00302488,0.10182240,0.09052454,10.00192399,0.16488546,-1.11372632,0.58410433,4
117.37784520,31.96347665,41.61964915,34.42925254,50.98907456,41.61964915,106.75086112,0.64003563,-0.41430013,2.63943901,-0.75189493,2.52978986,-0.00494746,0.28318231,0.05217997,9.95612926,0.27225463,-0.04179638,0.46156281,4
117.37784723,31.96347613,41.61900000,34.37213826,51.18065315,41.61900000,106.71609215,0.61754836,-0.35183830,2.62860900,-0.74711910,2.51986068,-0.00199326,0.42462053,-0.04641795,9.79794393,-1.19844775,1.76711282,0.43325168,4
117.37784927,31.96347564,41.61900000,34.31798093,51.37309402,41.61900000,106.68534445,0.54580373,-0.20046501,2.61362935,-0.74160029,2.50645784,0.00431396,-0.04763261,-0.08662648,9.62843738,-0.33041652,1.05360849,0.43482849,4
117.37785130,31.96347513,41.62038351,34.26152273,51.56486915,41.62038351,106.63772776,0.57535471,-0.15909686,2.62514332,-0.74238351,2.51814332,0.00638351,-0.13289594,-0.03496794,9.74350849,0.34507321,0.26349357,0.56643323,4
117.37785333,31.96347463,41.62146721,34.20566928,51.75682026,41.62146721,106.59230372,0.59854087,-0.17976994,2.63847528,-0.74393441,2.53147528,0.00559838,-0.14472956,0.03672050,9.87354796,0.12464766,-0.47168128,0.50352670,4
117.37785536,31.96347413,41.62200000,34.15062587,51.94900821,41.62200000,106.55941897,0.60814862,-0.22507195,2.64676126,-0.74476126,2.53976126,0.00352253,-0.01494761,0.04225288,9.86662277,-0.18421935,-0.57008156,0.25661404,4
117.37785739,31.96347362,41.62200281,34.09379687,52.14067570,41.62200281,106.54810969,0.61498875,-0.25369342,2.64591843,-0.74398312,2.53892125,0.00201688,0.38584963,-0.10915058,9.58982822,0.56906944,0.63488468,-0.09019537,4
117.37785941,31.96347310,41.62279974,34.03573081,52.33197118,41.62279974,106.57918981,0.61180105,-0.16682849,2.62280758,-0.73920157,2.51660732,0.00679843,0.05990692,0.13152105,10.10783008,-0.82794175,0.60221072,-0.42888890,4
117.37786144,31.96347257,41.62358417,33.97700623,52.52306679,41.62358417,106.62964431,0.56893985,-0.14266333,2.62108918,-0.74092084,2.51450501,0.00741583,-0.01323747,-0.01830073,9.70231731,-0.35473797,0.15937849,-0.73948912,4
117.37786347,31.96347205,41.62474611,33.91929279,52.71446689,41.62474611,106.69954376,0.55951799,-0.16636769,2.62288084,-0.74449222,2.51513473,0.00588084,-0.02826410,-0.06615617,9.45044984,0.41367745,-0.57528191,-0.97349170,4
117.37786550,31.96347154,41.62616839,33.86288808,52.90626017,41.62616839,106.78587039,0.59905179,-0.22129270,2.61965285,-0.74733679,2.51048446,0.00366321,0.02087014,0.07940424,9.84632832,0.37766713,-1.01046741,-1.11013466,4
117.37786752,31.96347103,41.62695126,33.80651148,53.09806017,41.62695126,106.87824904,0.62253789,-0.27844220,2.61338990,-0.74890253,2.50343863,0.00209747,0.41543658,-0.03959199,10.67538758,-1.20921023,0.28909668,-1.17119852,4
117.37786955,31.96347052,41.62700000,33.74982746,53.28976980,41.62700000,106.96144676,0.52625166,-0.16094244,2.58969078,-0.74599236,2.47969078,0.00651146,0.22720939,-0.12519867,9.50965725,-0.38615799,1.46478137,-0.94341163,4
117.37787157,31.96347000,41.63083783,33.69169643,53.48104906,41.63083783,107.02537830,0.52908873,-0.06343255,2.58254826,-0.74719305,2.47200000,0.01074131,0.02980335,0.02608844,9.52303390,0.25518078,0.89943818,-0.73486900,4
117.37787360,31.96346949,41.63468740,33.63510053,53.67277738,41.63468740,107.08380875,0.56143702,-0.02390514,2.58609332,-0.75071851,2.47474962,0.01300000,-0.12930490,0.08641823,10.02585249,0.23157344,-0.07297075,-0.76279335,4
117.37787563,31.96346899,41.63558312,33.58009277,53.86497597,41.63558312,107.15084148,0.55757798,-0.04650386,2.59283376,-0.75497272,2.48055584,0.01244416,-0.17144058,-0.04698457,10.19181632,-0.43779821,-0.43503656,-1.03608955,4
117.37787765,31.96346847,41.63322829,33.52263303,54.05645556,41.63322829,107.24032499,0.49870724,-0.08889078,2.59754342,-0.76046732,2.48369561,0.00930439,0.17628921,0.12256314,9.39431413,-0.96763480,-0.22624169,-1.10437960,4
117.37787969,31.96346795,41.63446336,33.46442748,54.24770950,41.63446336,107.32948460,0.52665720,-0.04324589,2.57458630,-0.75734161,2.46058630,0.01192671,0.14634400,0.00510290,9.83136975,1.07433121,0.74371825,-1.09636644,4
117.37788171,31.96346741,41.63606477,33.40548395,54.43873662,41.63606477,107.41383588,0.55603639,0.00108697,2.56600000,-0.75866194,2.45146761,0.01406477,0.02237883,0.00285007,10.11103820,-0.06660793,0.33601025,-0.98186063,4
117.37788373,31.96346689,41.63633330,33.34718596,54.62995991,41.63633330,107.49066825,0.51866377,0.00199878,2.56733341,-0.76266676,2.45166670,0.01366659,-0.11766953,-0.04633833,9.79531144,-1.28464130,-0.50534315,-0.91500160,4
117.37788575,31.96346638,41.63527678,33.28995075,54.82150647,41.63527678,107.56280774,0.43254427,-0.05943715,2.57069195,-0.76683034,2.45355356,0.01044644,-0.14917556,-0.19101858,9.20950925,-0.06368025,-0.86318297,-0.99209783,4
117.37788777,31.96346586,41.63685856,33.23217023,55.01288838,41.63685856,107.64743310,0.53852369,-0.15908944,2.57464641,-0.77157569,2.45671713,0.00728287,0.26129698,0.01461313,10.38398268,1.67548950,-0.88137347,-1.10124081,4
117.37788980,31.96346534,41.63405685,33.17462238,55.20434070,41.63405685,107.72489974,0.56345152,-0.13562538,2.55366218,-0.76832107,2.43566218,0.00773579,0.42455532,-0.02144822,10.10050460,-0.83622697,0.89613237,-0.88437768,4
117.37789183,31.96346482,41.63083897,33.11804821,55.39608252,41.63083897,107.78673756,0.50633005,-0.03431713,2.54113768,-0.76700000,2.42259742,0.01178181,0.19338779,-0.18903075,9.55634659,-0.46982710,1.26487089,-0.76950399,4
117.37789386,31.96346432,41.62864444,33.06218634,55.58803288,41.62864444,107.84324443,0.48499999,0.06546666,2.53344445,-0.76700000,2.41444445,0.01606667,-0.09817775,-0.22077782,9.41502213,0.41273345,0.77402234,-0.75771110,4
117.37789589,31.96346383,41.62745230,33.00811466,55.78050092,41.62745230,107.90360525,0.53697534,0.09613324,2.52973848,-0.76846052,2.41037335,0.01763487,-0.18539475,-0.10732559,9.86862325,0.00888647,0.00652173,-0.82159207,4
117.37789793,31.96346336,41.62502402,32.95456170,55.97310449,41.62502402,107.96835952,0.51026420,0.04352039,2.54187991,-0.77493595,2.42089592,0.01601601,-0.12064048,-0.36148612,10.24824520,0.18129473,-1.29908636,-0.97052690,4
117.37789995,31.96346281,41.62252633,32.89471349,56.16384565,41.62252633,108.05557854,0.49928075,-0.01884182,2.52468429,-0.77335088,2.40368429,0.01187721,0.13726195,0.01117368,9.43074069,-0.40655864,0.06171286,-1.00580686,4
117.37790197,31.96346228,41.62329568,32.83587719,56.35490852,41.62329568,108.11287028,0.48598675,0.02500974,2.51193027,-0.77170432,2.39028243,0.01423919,0.13822945,0.06249513,9.93946905,-0.03510828,0.47255435,-0.53619126,4
117.37790400,31.96346175,41.62400000,32.77732627,56.54605507,41.62400000,108.13548083,0.43557496,0.04168526,2.49564693,-0.76754472,2.37463416,0.01550639,-0.02427512,-0.15340629,10.10565759,-0.76900590,-0.21723846,-0.12595486,4
117.37790602,31.96346123,41.62400000,32.71938189,56.73738696,41.62400000,108.13871774,0.36595160,-0.00941614,2.48984032,-0.76606129,2.36949678,0.01293871,-0.16409194,-0.32395805,9.66654023,-0.78621894,-1.03016453,-0.08746295,4
117.37790804,31.96346071,41.62400000,32.66157757,56.92875731,41.62400000,108.15016333,0.34140607,-0.10729955,2.49646481,-0.76909296,2.37546481,0.00809296,-0.09399030,-0.14942541,9.51734933,0.90845378,-1.16958104,-0.33920659,4
117.37791005,31.96346017,41.62379714,32.60152467,57.11943806,41.62379714,108.18902863,0.43150840,-0.23565930,2.47503640,-0.76474642,2.35403640,0.00389857,0.26147605,0.30962786,10.76176288,-0.27467835,-1.32234341,-0.46116116,4
117.37791209,31.96345965,41.62040477,32.54491789,57.31117259,41.62040477,108.22295229,0.32295268,-0.24668449,2.45892266,-0.76050596,2.33792266,0.00220239,0.47010657,-0.13137973,9.88822861,-1.90810263,0.99633883,-0.29663141,4
117.37791411,31.96345912,41.62081147,32.48510950,57.50192925,41.62081147,108.23673763,0.19477143,-0.08489478,2.41155775,-0.74620503,2.29299215,0.00849175,0.07384770,-0.25703219,9.36852798,-0.61070891,1.24541006,-0.10578009,4
117.37791614,31.96345860,41.62519395,32.42777030,57.69344423,41.62519395,108.23270908,0.23580213,-0.02253531,2.40868890,-0.74509697,2.29068890,0.01209697,-0.15750729,-0.10274720,9.82420292,0.95993330,0.14927298,-0.05481614,4
117.37791815,31.96345806,41.62640882,32.36818304,57.88426143,41.62640882,108.24418823,0.25317648,-0.05397350,2.41022647,-0.74600000,2.29222647,0.01063530,-0.16711473,-0.05087352,9.93135008,-0.26524600,-0.59903513,-0.24035871,4
117.37792018,31.96345754,41.62552733,32.31026933,58.07561572,41.62552733,108.27574267,0.21333133,-0.13546600,2.40947267,-0.74694533,2.29100000,0.00710933,0.04088667,-0.16384200,9.73890400,-0.43098865,-0.80334400,-0.39043400,4
117.37792220,31.96345699,41.62537003,32.24990932,58.26614473,41.62537003,108.31147107,0.20353237,-0.17919862,2.38816797,-0.74170942,2.26990804,0.00537003,0.28817485,-0.25116797,9.68975602,0.67087395,-0.07075075,-0.34809415,4
117.37792420,31.96345641,41.62600000,32.18530315,58.45533375,41.62600000,108.33130099,0.27830285,-0.12540605,2.34889308,-0.73039802,2.23219407,0.00750494,0.23884607,-0.13784980,9.97246667,0.50070518,0.83681326,-0.14980035,4
117.37792620,31.96345587,41.62600000,32.12517042,58.64599794,41.62600000,108.32962330,0.33198639,-0.06332128,2.33989479,-0.72770362,2.22411085,0.01035181,-0.09820478,-0.01350350,10.09579017,-0.03131641,-0.07286892,0.03823298,4
117.37792823,31.96345533,41.62649038,32.06448947,58.83647595,41.62649038,108.32574030,0.27182676,-0.09518240,2.32679804,-0.72365383,2.21163459,0.00750962,-0.13624076,-0.19402903,9.17761379,-0.83922290,-0.52909252,-0.12351785,4
117.37793025,31.96345480,41.62884978,32.00622798,59.02770533,41.62884978,108.35360533,0.32631378,-0.18671289,2.33292044,-0.72617378,2.21699556,0.00477467,-0.00003067,-0.11926489,9.72041466,2.10298758,-1.45951912,-0.49227378,4
117.37793225,31.96345421,41.62673386,31.94201378,59.21702990,41.62673386,108.39800000,0.43297150,-0.28960872,2.29384674,-0.71564515,2.17893545,0.00208871,0.37432276,0.14940243,10.80998949,-0.90286656,-0.26917807,-0.25262025,4
117.37793426,31.96345366,41.62113953,31.88059032,59.40727460,41.62113953,108.39800000,0.26420927,-0.19730231,2.26960465,-0.70818605,2.15655814,0.00395349,0.48620932,-0.34662799,9.27527880,-0.66883717,1.85013990,0.19679078,4
117.37793626,31.96345308,41.62198461,31.81496756,59.59611093,41.62198461,108.37043093,0.31218430,0.03244480,2.22469257,-0.69323086,2.11366179,0.01286149,-0.13130399,0.26622704,9.68204350,0.92517513,1.48946401,0.27003040,4
117.37793828,31.96345252,41.62388355,31.75383870,59.78645171,41.62388355,108.32479477,0.32241776,0.06613682,2.24189374,-0.69676710,2.13089374,0.01488355,-0.33123868,0.00005974,10.35766070,-0.70564155,-0.65200535,0.54788203,4
117.37794026,31.96345193,41.62672291,31.68739809,59.97499648,41.62672291,108.29930904,0.22769798,-0.03547077,2.24390764,-0.69609236,2.13290764,0.01046181,-0.12788972,-0.04604443,9.76002264,-0.89150272,-0.78309236,-0.11572872,4
117.37794227,31.96345133,41.63039803,31.62169315,60.16380917,41.63039803,108.31823767,0.22054852,-0.10461596,2.23975247,-0.69600000,2.12875247,0.00745148,0.22190958,0.07757649,9.75191695,0.49064243,-0.39732397,-0.09070476,4
117.37794426,31.96345071,41.63017088,31.55298904,60.35154020,41.63017088,108.30293035,0.24587346,-0.09510124,2.20417716,-0.68439239,2.09483539,0.00782912,0.28248735,0.26499393,9.90212047,-0.13108362,0.53493804,0.43176028,4
117.37794624,31.96345010,41.62762785,31.48532179,60.53965575,41.62762785,108.24127775,0.20355706,-0.01825415,2.19304642,-0.67883714,2.08562785,0.01116286,-0.08705496,0.13532184,10.13658609,-0.77415014,0.56750830,0.55655861,4
117.37794823,31.96344951,41.62700000,31.42084460,60.72888544,41.62700000,108.18362900,0.11627296,-0.00593344,2.19122962,-0.67645924,2.08422962,0.01122962,-0.23430444,0.18675697,9.40366974,-0.87774045,-0.33767959,0.43873890,4
117.37795024,31.96344894,41.62845860,31.35664664,60.91821329,41.62845860,108.14182807,0.08087263,-0.11083104,2.20266877,-0.67818789,2.09566877,0.00735351,-0.12720721,0.01225511,9.52635610,-0.30533532,-1.61993463,0.41366877,4
117.37795223,31.96344834,41.62830671,31.28993606,61.10666408,41.62830671,108.11020126,0.13770293,-0.29528447,2.19590734,-0.67553354,2.08960063,0.00114696,0.23206097,0.18935804,10.26355003,0.47488546,-1.46547239,0.25992958,4
117.37795422,31.96344771,41.62604859,31.21988841,61.29392540,41.62604859,108.07758305,0.11946705,-0.30926328,2.17603917,-0.66814576,2.07068964,-0.00034953,0.50629791,0.11626631,9.73807618,-0.98894178,0.99886224,0.45344064,4
117.37795622,31.96344712,41.62688664,31.15515066,61.48303226,41.62688664,108.00085434,0.07361811,-0.13421343,2.14913363,-0.65682457,2.04602027,0.00565991,0.18720836,0.00882457,9.45349778,0.23033310,1.56397657,0.94151235,4
117.37795823,31.96344655,41.63041916,31.09160506,61.67258235,41.63041916,107.88619153,0.12994619,-0.02341315,2.15009582,-0.65320958,2.04809582,0.01081437,-0.20547923,0.06024557,9.94583880,0.83719684,0.39328051,1.17140123,4
117.37796023,31.96344597,41.63310775,31.02745455,61.86192482,41.63310775,107.77895071,0.19881669,-0.03735546,2.17240079,-0.65621551,2.07095467,0.01033837,-0.22958014,0.06487516,9.97427918,0.42018529,-0.39773791,0.94595592,4
117.37796223,31.96344539,41.63546007,30.96225235,62.05089833,41.63546007,107.70623213,0.23260066,-0.10188184,2.18546007,-0.65751331,2.08446007,0.00753993,0.01996830,0.14412474,9.71094346,0.38668471,-0.55416392,0.64149506,4
117.37796422,31.96344477,41.63742410,30.89498212,62.23916132,41.63742410,107.64831286,0.29041020,-0.12421900,2.17639745,-0.65275898,2.07624565,0.00684820,0.27507069,0.20665237,9.74796294,0.85543577,0.29713338,0.67231520,4
117.37796619,31.96344413,41.63800000,30.82438019,62.42620630,41.63800000,107.56983666,0.37690040,-0.04560956,2.16088845,-0.64514741,2.06225896,0.00985259,0.15236256,0.28476095,10.04672509,0.67476100,1.12479284,0.92731872,4
117.37796818,31.96344352,41.63675554,30.75582230,62.61392229,41.63675554,107.47046626,0.38617730,0.03968889,2.16491118,-0.64231111,2.06722230,0.01268889,-0.20602233,0.33517548,9.94288469,-0.64010899,0.35255125,0.98131062,4
117.37797020,31.96344297,41.63400000,30.69392458,62.80403049,41.63400000,107.37915825,0.33254964,0.01953541,2.18189292,-0.64372992,2.08489292,0.01151339,-0.18050153,0.01743476,9.26464893,0.24212807,-0.57092375,0.77342901,4
117.37797219,31.96344237,41.63432031,30.62751208,62.99259290,41.63432031,107.32419150,0.45249205,-0.05653499,2.19528124,-0.64616015,2.09828124,0.00967969,0.02986644,0.37825375,9.81618111,1.34784816,-0.82688412,0.47998366,4
117.37797420,31.96344179,41.63581279,30.56341973,63.18195226,41.63581279,107.27269578,0.50689233,-0.13063649,2.20093916,-0.64650078,2.10400156,0.00812481,0.38376129,0.44875662,10.89837416,-0.79142280,-0.05035382,0.83810611,4
117.37797617,31.96344117,41.63308877,30.49515188,63.36985121,41.63308877,107.19551522,0.34526718,-0.02349172,2.18550304,-0.63923673,2.08947345,0.00994082,0.27843254,0.38701218,9.15772571,-0.92853178,2.08346144,1.01425937,4
117.37797819,31.96344060,41.63656088,30.43169085,63.55942549,41.63656088,107.09596603,0.38985231,0.11442320,2.18500000,-0.63543912,2.09078044,0.01534132,-0.18969477,0.46690023,9.57904807,0.74951555,0.37523093,1.12415572,4
117.37798018,31.96343999,41.63939249,30.36484657,63.74782877,41.63939249,106.98989537,0.40477247,0.09032766,2.20413993,-0.63659499,2.11013993,0.01520250,-0.25816496,0.36295794,10.21618526,-0.77755577,-0.57291217,1.01019799,4
117.37798218,31.96343941,41.64196577,30.30024004,63.93702796,41.64196577,106.93061617,0.36113207,-0.00649380,2.24110755,-0.64486307,2.14645229,0.01172372,-0.11684366,0.24357466,9.88793934,-0.44283205,-1.05614152,0.48655793,4
117.37798417,31.96343879,41.64553480,30.23044270,64.12435740,41.64553480,106.90540953,0.33040953,-0.08850107,2.25749304,-0.64900000,2.16249304,0.00847912,0.15164453,0.28674571,9.48489830,-0.23170020,-0.66041438,0.27768201,4
117.37798615,31.96343818,41.64730082,30.16339055,64.31260318,41.64730082,106.88221979,0.35021907,-0.12050412,2.26399175,-0.65004876,2.16899175,0.00734959,0.21804267,0.25194514,9.76179777,0.12340551,-0.12160165,0.35186949,4
117.37798816,31.96343761,41.64493494,30.10082967,64.50249192,41.64493494,106.84620725,0.39012453,-0.11737268,2.27913011,-0.65253253,2.18395260,0.00782249,-0.02776860,0.08335320,10.36388743,0.57374501,-0.12929555,0.32491352,4
117.37799015,31.96343699,41.64000000,30.03228275,64.69026950,41.64000000,106.82483669,0.34726056,-0.13476145,2.29010091,-0.65533027,2.19405687,0.00691193,-0.12371376,0.34959094,9.47465511,-1.98592713,-0.20152824,-0.03700355,4
117.37799218,31.96343650,41.64000000,29.97713729,64.88242758,41.64000000,106.85499196,0.28456934,-0.19824624,2.32977890,-0.66723367,2.23214774,0.00373769,-0.11339749,-0.13368699,9.17389595,0.32333191,-1.08555386,-0.54170759,4
117.37799419,31.96343595,41.64062777,29.91551898,65.07260911,41.64062777,106.89652726,0.38425384,-0.29021550,2.34213884,-0.67251107,2.24351107,0.00111670,0.19848979,0.09487820,10.24528282,0.97802045,-0.64816523,-0.43363117,4
117.37799622,31.96343542,41.64100000,29.85658564,65.26356936,41.64100000,106.92469468,0.40967923,-0.29923651,2.34998475,-0.67613741,2.25055727,0.00085496,0.38755727,0.18841945,10.32181459,-0.37850906,0.49306386,-0.18372476,4
117.37799824,31.96343491,41.64209659,29.80100944,65.45562028,41.64209659,106.93478068,0.34006029,-0.22126946,2.35865795,-0.67900000,2.25865795,0.00309659,0.29082437,-0.01555767,9.47479453,-1.42269735,1.34782806,-0.03348293,4
117.37800026,31.96343436,41.64602965,29.74089406,65.64627089,41.64602965,106.93423720,0.29752829,-0.11769542,2.36218598,-0.67938544,2.26212668,0.00708895,-0.08311320,-0.20570625,9.35032337,1.59728318,0.74396232,-0.05474932,4
117.37800230,31.96343391,41.64681237,29.69019475,65.83964861,41.64681237,106.94049896,0.39067196,-0.08325575,2.39349478,-0.68956080,2.29187004,0.00943711,-0.16529879,0.27723194,10.12443336,-0.08478190,0.13578896,-0.10092980,4
117.37800434,31.96343343,41.64395678,29.63623334,66.03213629,41.64395678,106.95173829,0.35822213,-0.12551737,2.41012965,-0.69443457,2.30812965,0.00756543,-0.03223061,0.04485620,10.05436994,-0.32062317,-0.50543541,-0.20999152,4
117.37800638,31.96343293,41.64120311,29.58182597,66.22451348,41.64120311,106.97593000,0.33933622,-0.14126534,2.42078133,-0.69839067,2.31798444,0.00639844,0.17198619,0.03974594,9.69555916,0.08941925,0.16095440,-0.34551687,4
117.37800840,31.96343243,41.64036624,29.52662347,66.41663519,41.64036624,107.01014176,0.36253502,-0.10043462,2.42763376,-0.70218312,2.32363376,0.00791561,0.27431653,0.28265075,9.54776521,0.26271007,1.27168404,-0.41251567,4
117.37801043,31.96343190,41.64197044,29.46702827,66.60746353,41.64197044,107.04142360,0.35611824,-0.03225625,2.42602956,-0.70298522,2.32202956,0.01192610,0.02165553,-0.09995020,10.18623555,-0.97813618,-0.37662822,-0.22642883,4
117.37801247,31.96343142,41.63893301,29.41496470,66.80048308,41.63893301,107.05043422,0.30922840,-0.08160534,2.44823568,-0.70990073,2.34346893,0.00893301,-0.06734223,-0.02419126,9.53092960,0.17825778,-0.45147136,-0.11872233,4
117.37801450,31.96343091,41.63689182,29.35797208,66.99208068,41.63689182,107.06574408,0.37146445,-0.14077313,2.46164908,-0.71421636,2.35609499,0.00689182,0.01726396,0.19105296,9.66821142,0.78578652,-0.77085782,-0.23826664,4
117.37801653,31.96343041,41.63532026,29.30170754,67.18389838,41.63532026,107.08381706,0.42756205,-0.17667974,2.46700000,-0.71633987,2.36066013,0.00600000,0.19810531,0.18222093,10.11193600,0.32732805,-0.22373874,-0.29814330,4
117.37801857,31.96342992,41.63351009,29.24814854,67.37649201,41.63351009,107.10059220,0.40756928,-0.15105509,2.46540780,-0.71663257,2.35853028,0.00697981,0.34062437,-0.05692168,10.28278007,-0.87410471,1.39783473,-0.17824495,4
117.37802058,31.96342938,41.63032986,29.18796523,67.56714343,41.63032986,107.11092796,0.34634979,0.02385773,2.45507204,-0.71424739,2.34898958,0.01334028,0.10449206,0.43044905,9.24920431,-0.36844764,1.92257320,-0.17983507,4
117.37802262,31.96342889,41.63142713,29.13427139,67.75970723,41.63142713,107.10486435,0.34927634,0.11621073,2.46398991,-0.71614069,2.35798991,0.01756782,-0.22683282,0.24837791,9.65077163,0.35617794,0.61765925,0.02836089,4
117.37802465,31.96342839,41.63098077,29.07790906,67.95148193,41.63098077,107.10913459,0.41415364,0.12510584,2.47819227,-0.72056730,2.37117305,0.01849039,-0.22514464,0.35273012,9.93449974,0.54140412,-0.17567226,-0.16115295,4
117.37802666,31.96342786,41.62912075,29.01852141,68.14240377,41.62912075,107.12830944,0.45131194,0.10089685,2.49327547,-0.72605157,2.38498239,0.01770692,-0.02088551,0.53010440,9.84980498,-0.03091209,-0.10391941,-0.39527798,4
117.37802868,31.96342731,41.62700000,28.95827354,68.33300406,41.62700000,107.15933218,0.39871040,0.09684999,2.50553663,-0.73088416,2.39653663,0.01728960,0.17383318,0.49152823,9.51197020,-1.06799732,0.64400000,-0.31667477,4
117.37803068,31.96342672,41.62700000,28.89199557,68.52162079,41.62700000,107.17734813,0.39479388,0.17596354,2.49927021,-0.72931755,2.39027021,0.02120612,0.06338753,0.39048221,10.20127639,0.92002440,0.64400000,-0.19056307,4
117.37803270,31.96342617,41.62516071,28.83120902,68.71205824,41.62516071,107.19080956,0.44304778,0.19383929,2.50964885,-0.73329168,2.40003575,0.02200000,-0.10614334,0.45828600,9.83396858,-0.13249286,0.05297425,-0.18584531,4
117.37803470,31.96342560,41.62323299,28.76913895,68.90207211,41.62323299,107.21425781,0.45175660,0.16086788,2.52351962,-0.73830104,2.41313611,0.02046597,-0.22047639,0.31649393,9.50134427,-0.10258737,-0.73648852,-0.39957412,4
117.37803670,31.96342502,41.62170233,28.70440817,69.09122354,41.62170233,107.25465112,0.44115340,0.09379539,2.53727441,-0.74363720,2.42597673,0.01755349,-0.14500967,0.08964155,9.62269255,1.19279147,-1.07930343,-0.72839998,4
117.37803872,31.96342446,41.62022356,28.64279592,69.28141220,41.62022356,107.31749873,0.56610924,0.03316593,2.55354085,-0.75177042,2.44076441,0.01533534,0.40139484,0.53992620,10.32658578,0.05414065,0.54364369,-0.76019348,4
117.37804071,31.96342386,41.61676834,28.57493723,69.46946569,41.61676834,107.37806016,0.48546500,0.12482766,2.54371971,-0.75106101,2.43071971,0.01887799,0.27652769,0.30293168,9.95923924,-0.78178213,1.02684988,-0.89426624,4
117.37804271,31.96342328,41.61460867,28.51145514,69.65897935,41.61460867,107.44982924,0.43843532,0.21756792,2.54873998,-0.75547866,2.43456598,0.02256533,0.03268628,0.24674710,9.52155238,-0.41164289,1.08499482,-1.05813714,4
117.37804473,31.96342273,41.61400000,28.45139942,69.84966587,41.61400000,107.53470624,0.45573498,0.27861814,2.56961814,-0.76549608,2.45324412,0.02524935,-0.18782830,0.37686039,9.35907356,0.60893950,0.74921122,-1.23977866,4
117.37804672,31.96342214,41.61400000,28.38510976,70.03827965,41.61400000,107.63471272,0.49006556,0.29429080,2.58529080,-0.77445189,2.46667783,0.02674198,-0.29455163,0.12460523,10.04792418,-0.10976380,-0.59042785,-1.45994218,4
117.37804874,31.96342159,41.61342919,28.32403997,70.22863215,41.61342919,107.73305451,0.53652725,0.19482565,2.62224838,-0.78969935,2.50039435,0.02243355,-0.02645519,0.02506097,9.95922647,0.61535992,-1.09712868,-1.49057952,4
117.37805074,31.96342103,41.61245994,28.26106142,70.41835113,41.61245994,107.83747444,0.56754006,0.10071823,2.64854006,-0.80216022,2.52400000,0.01845994,0.18872997,0.04510635,9.85052486,0.49738264,-1.06070512,-1.54926657,4
117.37805274,31.96342042,41.61103149,28.19437674,70.60681553,41.61103149,107.95246538,0.56896851,0.05500755,2.64996851,-0.80787406,2.52400000,0.01703149,0.18801574,0.20937912,9.97622924,-1.50388822,-0.41718441,-1.71925318,4
117.37805476,31.96341989,41.61032747,28.13615982,70.79805834,41.61032747,108.06664011,0.50510958,0.00154260,2.67017592,-0.81876049,2.54148580,0.01363735,0.10931390,-0.08627619,9.49679544,-0.25270574,-0.81257124,-1.64700402,4
117.37805677,31.96341933,41.61000000,28.07414748,70.98811012,41.61000000,108.17649958,0.50677828,-0.05081859,2.68037248,-0.82697984,2.54962752,0.01125504,0.13841896,-0.02303848,9.66688623,0.49905614,-0.71960286,-1.57349692,4
117.37805878,31.96341876,41.60984073,28.01003459,71.17742761,41.60984073,108.28146731,0.56478719,-0.08859403,2.68267232,-0.83295561,2.55043341,0.01031854,0.26458219,0.30104843,10.31173124,0.57542617,-0.05013267,-1.50945171,4
117.37806080,31.96341827,41.60848562,27.95611784,71.36993466,41.60848562,108.37903511,0.58850159,-0.02558149,2.69690095,-0.84108626,2.56262939,0.01302875,0.37163575,0.06322691,9.99463588,-0.51001563,1.45471517,-1.48776998,4
117.37806283,31.96341777,41.60709391,27.90046429,71.56196162,41.60709391,108.47198945,0.54761836,0.06359726,2.70245304,-0.84671826,2.56654696,0.01717130,0.21926908,-0.07274077,9.66897608,-0.66523003,1.23379456,-1.34227506,4
117.37806486,31.96341724,41.60600000,27.84208191,71.75315863,41.60600000,108.55991196,0.49958101,0.13874994,2.70917654,-0.85277944,2.57155889,0.02084559,-0.04821365,-0.11052915,9.48294931,-0.09517328,0.17949849,-1.17569117,4
117.37806690,31.96341674,41.60600000,27.78614104,71.94508817,41.60600000,108.63939517,0.55097101,0.11545314,2.73658454,-0.86511304,2.59622609,0.02016039,-0.21334686,-0.00637875,9.79334492,1.18203958,-0.42621834,-1.17432077,4
117.37806892,31.96341622,41.60386067,27.72904337,72.13667389,41.60386067,108.72324942,0.59883370,0.07309664,2.74888314,-0.87281348,2.60681348,0.01839551,-0.03913714,0.08538874,9.96494379,0.23056442,-0.33481355,-1.12051687,4
117.37807094,31.96341569,41.60154375,27.67028853,72.32776279,41.60154375,108.79254701,0.61539985,0.05742517,2.75559689,-0.87814064,2.61214064,0.01768438,0.17132214,0.08742441,10.01084958,-0.53944669,0.18555331,-0.86982600,4
117.37807296,31.96341515,41.60017704,27.61002323,72.51837706,41.60017704,108.83013137,0.57166531,0.10662652,2.76038036,-0.88155740,2.61555740,0.01973444,0.24717423,-0.08204692,9.89057961,0.41177948,1.13677948,-0.25822584,4
117.37807496,31.96341458,41.60061007,27.54722712,72.70818214,41.60061007,108.83011941,0.56600000,0.14594396,2.76405037,-0.88261007,2.61905037,0.02183022,0.02517211,0.04241761,9.87866044,-0.52225719,0.19725214,0.03818613,4
117.37807698,31.96341404,41.60069227,27.48698270,72.89878259,41.60069227,108.82453815,0.55215208,0.14145828,2.77400102,-0.88546185,2.62869329,0.02146134,-0.16115872,0.01413829,9.66589562,-0.49852610,-0.80450270,0.07360219,4
117.37807901,31.96341353,41.59999862,27.42988548,73.09037847,41.59999862,108.81903042,0.52117978,0.08386448,2.79200691,-0.89100415,2.64600553,0.01799585,-0.24630855,-0.25919654,9.18412136,1.07389230,-1.52745409,-0.15890181,4
117.37808103,31.96341299,41.59929944,27.37060125,73.28129963,41.59929944,108.83441238,0.61207315,0.01534485,2.79550281,-0.89310169,2.64880225,0.01589831,0.10328135,0.14702693,10.25666319,0.51384927,-0.24026406,-0.10926005,4
117.37808304,31.96341246,41.59859715,27.31121256,73.47218950,41.59859715,108.83415152,0.59943501,0.04078781,2.78894297,-0.89077719,2.64274867,0.01701426,0.28281101,0.07002351,10.37881328,-0.74199151,0.82946990,0.18271622,4
117.37808507,31.96341193,41.59810882,27.25181832,73.66307575,41.59810882,108.81126831,0.52234709,0.13386115,2.77700000,-0.88545591,2.63221764,0.02054409,0.27531150,-0.27468671,9.79194569,-1.77518629,1.45544857,0.68215373,4
117.37808709,31.96341137,41.59882228,27.19102261,73.85352244,41.59882228,108.72779345,0.51806633,0.21162833,2.77700000,-0.88188861,2.63364456,0.02411139,-0.06358215,-0.09560817,9.22117743,1.32479886,0.52081553,1.32569495,4
117.37808911,31.96341083,41.59846438,27.13162242,74.04440334,41.59846438,108.62933472,0.59948588,0.24867555,2.78556996,-0.87992875,2.64310558,0.02660687,-0.24869705,0.11664987,9.75388446,0.90363287,0.30728241,1.29210462,4
117.37809112,31.96341032,41.59651151,27.07400983,74.23584636,41.59651151,108.53868030,0.67025575,0.25680562,2.79597698,-0.87900000,2.65422506,0.02750384,-0.24048846,0.16996161,10.23282094,-0.04119434,0.17787975,1.05304857,4
117.37809314,31.96340978,41.59224623,27.01550522,74.42700547,41.59224623,108.47185758,0.66812311,0.23619010,2.80450754,-0.87900000,2.66346651,0.02608208,0.03320036,-0.09377489,9.92856428,0.21614423,-0.24082860,0.84973688,4
117.37809516,31.96340922,41.58994590,26.95274621,74.61680679,41.58994590,108.41048522,0.66046830,0.26649619,2.79472950,-0.87352240,2.65509890,0.02736940,-0.07903886,0.22924169,9.93359509,-0.01754602,0.24989424,0.91400168,4
117.37809717,31.96340865,41.58900000,26.88921750,74.80636512,41.58900000,108.35009206,0.67906058,0.27405500,2.79245118,-0.86977441,2.65385971,0.02759147,-0.18784058,0.28654443,9.81081943,-0.03967237,0.05232477,0.92979912,4
117.37809917,31.96340809,41.58913216,26.82674932,74.99626754,41.58913216,108.28910560,0.70399552,0.25223776,2.79573568,-0.86733920,2.65786784,0.02647136,-0.23224639,0.13091616,9.61892512,0.08078400,-0.64122978,0.88891616,4
117.37810118,31.96340752,41.58986470,26.76382578,75.18602121,41.58986470,108.22317685,0.66517081,0.18704155,2.79427060,-0.86367649,2.65713530,0.02354119,-0.07841265,0.05839454,9.62405291,0.00752984,-0.99724500,0.81639454,4
117.37810318,31.96340693,41.59000000,26.69914952,75.37518725,41.58940893,108.16135050,0.69050860,0.13421648,2.79222680,-0.86063574,2.65640893,0.02122680,0.08121653,0.08341925,9.93353617,0.34804820,-0.32653245,0.89697941,4
117.37810519,31.96340637,41.59032006,26.63584466,75.56480616,41.58932006,108.09403338,0.70467833,0.14856855,2.78459871,-0.85547929,2.65023884,0.02192039,0.10094573,0.18841575,10.03145679,0.08505797,0.60580493,1.00904945,4
117.37810720,31.96340581,41.59121589,26.57441908,75.75505275,41.59021589,108.01746939,0.68494907,0.24261612,2.77126986,-0.84778411,2.63837780,0.02616192,-0.05955304,0.33260164,9.77326262,-0.90079043,1.41850842,1.11590841,4
117.37810921,31.96340524,41.59413590,26.51162661,75.94484947,41.59313590,107.92913909,0.65720897,0.29152629,2.77491987,-0.84486410,2.64348782,0.02835192,-0.18876347,0.02965061,9.60098203,0.35992385,0.26218450,1.20934873,4
117.37811121,31.96340468,41.59602913,26.44906986,76.13472299,41.59502913,107.84794166,0.68913598,0.29107765,2.78217477,-0.84348544,2.65168933,0.02848544,-0.24706799,0.22558295,9.76148575,0.30745567,-0.23848567,1.07079587,4
117.37811322,31.96340412,41.59675740,26.38730071,76.32485722,41.59575740,107.77465159,0.72069252,0.26584060,2.78921298,-0.84227221,2.65945557,0.02751481,-0.18982500,0.36787993,9.88628057,0.04524985,-0.30381934,0.87712548,4
117.37811523,31.96340356,41.59603492,26.32505738,76.51483402,41.59503492,107.71107300,0.70190793,0.23260634,2.79282540,-0.84010476,2.66379048,0.02606984,0.03703498,-0.01070169,9.66375550,0.45995567,-0.05311739,0.76730791,4
117.37811724,31.96340298,41.59739585,26.26079942,76.70413782,41.59639585,107.66054094,0.74845906,0.25821917,2.78602073,-0.83581244,2.65771865,0.02739585,-0.13136733,0.39743361,9.96497352,0.17430782,0.08253314,0.70965545,4
117.37811924,31.96340240,41.59885271,26.19579504,76.89319200,41.59785271,107.60631791,0.72295359,0.24143417,2.78683720,-0.83357364,2.65926356,0.02629458,-0.18768222,0.28056658,9.87573695,-0.54338626,-0.47368853,0.72110845,4
117.37812124,31.96340182,41.60015046,26.13178907,77.08258044,41.59915046,107.54896315,0.67649745,0.17501432,2.79395599,-0.83300000,2.66695599,0.02264585,-0.13703274,-0.07008186,9.58513409,-0.73487485,-1.37404507,0.75932651,4
117.37812324,31.96340125,41.60087131,26.06851411,77.27221659,41.59987131,107.49129533,0.75074476,0.04093665,2.80332701,-0.83300000,2.67632701,0.01615822,-0.03178898,0.19302755,9.63847682,2.12112368,-1.75753604,0.72256327,4
117.37812524,31.96340066,41.60159079,26.00319968,77.46117460,41.60059079,107.43905389,0.81776192,0.00163945,2.79731973,-0.82886447,2.67150131,0.01500000,0.21918061,0.25890529,10.08104932,0.13313843,0.10588443,0.72663423,4
117.37812725,31.96340009,41.60200000,25.94108138,77.65116831,41.60100000,107.38622925,0.81152456,0.04417140,2.78824672,-0.82381059,2.66387227,0.01718941,0.24394376,0.18379802,10.07792300,-1.11970845,1.25008076,0.75777075,4
117.37812928,31.96339956,41.60215225,25.88174310,77.84207864,41.60115225,107.33011762,0.71683738,0.16217994,2.78049481,-0.81896194,2.65753288,0.02207613,-0.06036683,-0.00474736,9.42128727,-0.05569884,0.79823162,0.81814540,4
117.37813128,31.96339899,41.60502581,25.81820981,78.03163316,41.60402581,107.25684176,0.73264197,0.18445005,2.78983389,-0.81824355,2.66759035,0.02351291,-0.16165992,0.09439056,9.59657461,0.23309423,0.31188111,0.97188101,4
117.37813329,31.96339844,41.60553426,25.75763565,78.22213637,41.60453426,107.19287782,0.78550551,0.18035649,2.80557499,-0.81986296,2.68357499,0.02353426,-0.13452228,0.13871203,9.83531001,0.30119262,-0.05652851,0.83863537,4
117.37813532,31.96339791,41.60431690,25.69825475,78.41302851,41.60331690,107.13655812,0.82992432,0.17041549,2.82000000,-0.82148768,2.69800000,0.02317077,-0.04863031,0.17644537,10.02238560,0.08119757,-0.10761306,0.63829575,4
117.37813733,31.96339735,41.60149154,25.63574779,78.60292208,41.60049154,107.08923337,0.78825028,0.18454228,2.82000000,-0.81936866,2.69800000,0.02387711,0.01494025,0.28168997,9.94539458,-0.68729994,0.64675766,0.68915220,4
117.37813934,31.96339680,41.60158276,25.57516125,78.79343413,41.60058276,107.04078962,0.76468274,0.17126550,2.82582759,-0.81841724,2.70441035,0.02283448,-0.10395530,0.15664124,9.69248597,0.02516636,-0.37003562,0.76618283,4
117.37814135,31.96339624,41.60257401,25.51302604,78.98344967,41.60157401,106.99104879,0.76677614,0.11953260,2.83430504,-0.81828700,2.71359205,0.02027798,-0.17690980,0.10910454,9.57380852,0.44789220,-1.26633373,0.75071137,4
117.37814335,31.96339567,41.60397886,25.44990287,79.17313075,41.60297886,106.93977166,0.80049261,0.02049047,2.84484144,-0.81898943,2.72483087,0.01606342,-0.12773995,0.24397043,9.70305499,-0.00025590,-1.44826219,0.59336784,4
117.37814538,31.96339515,41.60468846,25.39273230,79.36469077,41.60368846,106.90457678,0.82371932,-0.09321968,2.84913079,-0.81900000,2.72913079,0.01118075,0.19933209,0.17990743,10.34802567,0.22363555,-1.09024470,0.46088024,4
117.37814739,31.96339461,41.60422134,25.33305996,79.55549686,41.60322134,106.87342672,0.79350946,-0.10117347,2.84360269,-0.81588534,2.72399202,0.01055733,0.31857876,0.20839981,10.20800937,-0.71424202,0.30912940,0.44794119,4
117.37814940,31.96339406,41.60327609,25.27253577,79.74600840,41.60227609,106.84403042,0.72631883,-0.01945937,2.83200000,-0.81072391,2.71309203,0.01364421,0.23746437,0.26696148,9.51635502,-1.99800026,2.08869729,0.52027609,4
117.37815145,31.96339358,41.60539045,25.21865051,79.93852843,41.60439045,106.80597184,0.69812729,0.09189720,2.83200000,-0.80860955,2.71379682,0.01857772,-0.04233664,0.01394243,9.39654099,0.69006282,0.86870851,0.52239045,4
117.37815349,31.96339308,41.60799658,25.16230946,80.13033767,41.60699658,106.76704781,0.72693682,0.13198634,2.84248207,-0.80999658,2.72448207,0.02099829,-0.17990267,0.20155432,9.84417524,0.40431430,0.26043885,0.48656233,4
117.37815551,31.96339257,41.61058623,25.10503955,80.32187258,41.60958623,106.73352850,0.75032126,0.13042488,2.85749444,-0.81297705,2.73949444,0.02160918,-0.18091717,0.32855753,10.22521404,-0.51852275,-0.05151955,0.40857296,4
117.37815754,31.96339207,41.61263704,25.05004228,80.51407641,41.61163704,106.71438760,0.70246900,0.09692830,2.87321733,-0.81639507,2.75521733,0.02024197,0.01527712,-0.14176188,9.86563845,-0.02359361,-0.24224500,0.26364896,4
117.37815956,31.96339154,41.61526908,24.99130014,80.70515666,41.61426908,106.70759638,0.72690168,0.10291268,2.87600000,-0.81700000,2.75743273,0.02056727,0.01199288,0.20102006,9.93644308,0.17575227,-0.02072832,0.01052457,4
117.37816158,31.96339101,41.61777191,24.93265280,80.89627666,41.61677191,106.71194719,0.73990674,0.10762584,2.87677191,-0.81751461,2.75777191,0.02048539,-0.04221573,0.37136067,9.91986854,-0.05136630,-0.01408877,-0.26849438,4
117.37816360,31.96339049,41.61984594,24.87542528,81.08782477,41.61884594,106.73061345,0.70741363,0.09587301,2.87884594,-0.81889729,2.75984594,0.01910271,-0.10996733,-0.04413640,9.59977678,-0.89065656,-0.51946041,-0.55194497,4
117.37816562,31.96338994,41.62000000,24.81394922,81.27807155,41.61900000,106.78968497,0.73704721,0.04180163,2.88412755,-0.82348661,2.76384566,0.01643622,-0.06244258,0.11279664,9.63240309,0.55193689,-0.72428643,-0.81399500,4
117.37816765,31.96338942,41.62000000,24.75651620,81.46950794,41.61900000,106.84807142,0.77084086,0.02454068,2.88303978,-0.82600000,2.76203978,0.01599005,0.11616812,0.15199641,9.83098909,0.78809696,0.10473023,-0.86022517,4
117.37816969,31.96338894,41.61996839,24.70376856,81.66236040,41.61896839,106.90193244,0.80146700,0.05349270,2.87479455,-0.82598420,2.75377874,0.01815804,0.41367402,0.02152431,10.15721449,-0.44989492,1.97189962,-0.67740813,4
117.37817172,31.96338843,41.61857371,24.64724908,81.85412059,41.61757371,106.94307549,0.73382504,0.20760480,2.86572913,-0.82528686,2.74401599,0.02513144,0.17867051,0.17703109,9.59306658,-0.71000267,1.70272645,-0.56304440,4
117.37817375,31.96338793,41.61840621,24.59197683,82.04623346,41.61740621,106.97462351,0.70965588,0.30999603,2.86687450,-0.82703104,2.74487450,0.03003104,-0.05611094,0.13051124,9.54216906,0.01654017,1.12079795,-0.43922656,4
117.37817578,31.96338745,41.61890367,24.53841878,82.23884401,41.61790367,106.99966061,0.72925711,0.36305039,2.87592664,-0.83067432,2.75373397,0.03290367,-0.23516936,-0.00951800,9.85121631,1.18201749,0.33470485,-0.34356908,4
117.37817781,31.96338694,41.61821326,24.48260442,82.43080895,41.61721326,107.02589605,0.83143726,0.33474373,2.88973476,-0.83550717,2.76616129,0.03221326,-0.07154304,0.14444262,10.16811284,0.80229398,-0.36260560,-0.46231897,4
117.37817984,31.96338642,41.61893726,24.42520666,82.62230948,41.61793726,107.06164908,0.83488229,0.33302943,2.89681177,-0.83934314,2.77234314,0.03246863,0.01367851,0.17325486,10.33441977,-0.07792728,-0.02361243,-0.59975514,4
117.37818187,31.96338589,41.62073926,24.36596845,82.81324524,41.61973926,107.10512390,0.79486812,0.33952148,2.90029570,-0.84273926,2.77514785,0.03270430,0.02564730,0.13159637,10.22570596,-0.83743337,0.38839621,-0.72272329,4
117.37818388,31.96338535,41.62415602,24.30555894,83.00381619,41.62315602,107.16115877,0.75728375,0.33268795,2.90166241,-0.84615602,2.77583120,0.03133759,-0.10077284,0.03729377,9.36468226,-0.34951995,-0.61271467,-0.76304107,4
117.37818590,31.96338483,41.62603429,24.24801599,83.19526385,41.62503429,107.21430312,0.76144580,0.26894244,2.90510288,-0.84958573,2.77806859,0.02789712,-0.13251715,-0.05116044,9.34541273,0.60515704,-1.20028229,-0.79834017,4
117.37818792,31.96338431,41.62679600,24.19061875,83.38676119,41.62579600,107.27099179,0.79480778,0.19243620,2.90657202,-0.85261199,2.77836802,0.02438801,-0.03038909,-0.00367715,9.76304548,0.90154513,-1.10000845,-0.83036391,4
117.37818995,31.96338378,41.62610901,24.13126357,83.57766228,41.62510901,107.33831720,0.86488117,0.12991974,2.90176306,-0.85467298,2.77287207,0.02232702,0.31516890,0.36111667,10.56133253,-0.72319573,0.30764231,-0.85853067,4
117.37819198,31.96338327,41.62369633,24.07415146,83.76924218,41.62269633,107.39161798,0.75448117,0.21963393,2.89351306,-0.85442408,2.76451306,0.02603143,0.21392605,0.06365819,9.91454126,-1.24649850,1.19445828,-0.67064317,4
117.37819401,31.96338275,41.62252331,24.01690462,83.96078416,41.62152331,107.42954137,0.68226922,0.31314742,2.88904662,-0.85478496,2.75978496,0.03004662,0.02390508,-0.10197270,9.39706930,-0.56467154,1.23687861,-0.44971860,4
117.37819602,31.96338222,41.62389869,23.95826234,84.15190452,41.62289869,107.44673359,0.72765667,0.36609945,2.89179737,-0.85684803,2.76184803,0.03279737,-0.17346158,0.15040906,9.53391936,1.74114875,0.06436934,-0.24134892,4
117.37819805,31.96338170,41.62337673,23.90147320,84.34358100,41.62237673,107.47230770,0.76714991,0.34257593,2.91069823,-0.86385602,2.77945168,0.03237673,-0.17802761,0.14406903,10.12115205,0.08667596,-0.34734921,-0.50460364,4
117.37820008,31.96338120,41.62121352,23.84500259,84.53535573,41.62021352,107.50992647,0.76607353,0.31200592,2.92259549,-0.86919099,2.79029775,0.03110676,-0.07612566,0.03699636,10.20530346,-0.67418714,-0.34480766,-0.72212815,4
117.37820210,31.96338068,41.61715421,23.78721945,84.72673711,41.61615421,107.56202101,0.71397899,0.28020796,2.92394860,-0.87189720,2.79097430,0.02907710,0.14172421,-0.17205833,9.60384837,0.10249502,0.10780589,-0.83375930,4
117.37820412,31.96338015,41.61634408,23.72823149,84.91775030,41.61534408,107.61778567,0.65952618,0.26916116,2.92006446,-0.87331185,2.78640854,0.02900000,0.12966639,-0.04553583,9.78630383,-0.74431284,-0.33808148,-0.79536502,4
117.37820614,31.96337960,41.61600000,23.66806635,85.10839828,41.61500000,107.67274181,0.61405929,0.24572079,2.91833850,-0.87569252,2.78400000,0.02764598,0.09090418,-0.02509857,9.57580635,-0.75988290,-0.52819339,-0.79432574,4
117.37820815,31.96337905,41.61597829,23.60811427,85.29910941,41.61497829,107.72684526,0.58127943,0.20893626,2.91908684,-0.87910854,2.78404342,0.02497829,0.03947342,-0.10956220,8.99487785,0.12100363,-0.42287253,-0.83628222,4
117.37821019,31.96337854,41.61529954,23.55024289,85.49046265,41.61429954,107.78453918,0.65254840,0.17567741,2.92180184,-0.88250230,2.78540092,0.02429954,0.14807375,0.31058532,10.27296793,0.52757610,-0.35635483,-0.84510599,4
117.37821221,31.96337802,41.61347820,23.49290909,85.68198218,41.61247820,107.83168562,0.67410831,0.18344652,2.91919550,-0.88361955,2.78219550,0.02476090,0.15529190,0.30044894,10.51323745,-0.19618719,0.20030305,-0.72192986,4
117.37821422,31.96337749,41.61100000,23.43469761,85.87323242,41.61000000,107.86962442,0.64939435,0.22335681,2.91336620,-0.88330516,2.77630516,0.02612207,0.07807510,-0.01684037,9.92966656,-1.57917355,0.99216889,-0.51255868,4
117.37821625,31.96337696,41.61100000,23.37526120,86.06410665,41.61000000,107.89872384,0.55397532,0.26057700,2.91742658,-0.88668882,2.77968882,0.02747553,-0.04305970,-0.00398249,9.30504414,-0.60535808,0.25114878,-0.48548945,4
117.37821827,31.96337642,41.61307707,23.31509383,86.25475237,41.61207707,107.93783274,0.54109402,0.27292293,2.92398497,-0.89049248,2.78515414,0.02841541,-0.13528014,0.04212600,9.43770351,0.18658327,-0.08958842,-0.62537990,4
117.37822028,31.96337588,41.61600000,23.25464873,86.44530932,41.61500000,107.98350649,0.57509295,0.26591021,2.93146475,-0.89446475,2.79137180,0.02881410,-0.17065029,0.09033321,9.96936864,0.63299187,-0.16899684,-0.81952542,4
117.37822229,31.96337533,41.61600000,23.19409482,86.63583197,41.61500000,108.03062963,0.57576614,0.23628995,2.93483069,-0.89783069,2.79406455,0.02746772,0.03467196,0.02032169,10.00100847,-0.35928680,-0.19794392,-0.69296613,4
117.37822431,31.96337478,41.61467351,23.13325902,86.82626470,41.61367351,108.08237297,0.57865297,0.23440108,2.93467351,-0.90032649,2.79323135,0.02744216,0.02862162,0.09813946,9.93285297,-0.36795675,-0.01079567,-0.77678487,4
117.37822633,31.96337422,41.61275983,23.07221107,87.01662966,41.61175983,108.13672684,0.56867063,0.24295856,2.93336025,-0.90260042,2.79112008,0.02775983,-0.07188203,0.18749223,9.79012986,-0.12088435,0.12932360,-0.93007443,4
117.37822834,31.96337367,41.61140037,23.01106366,87.20696265,41.61040037,108.19178483,0.49322079,0.23140318,2.93539944,-0.90599906,2.79179981,0.02640037,-0.08819550,-0.03613837,9.54746687,-1.12212409,-0.48583048,-0.88521236,4
117.37823035,31.96337312,41.61004501,22.94959392,87.39719163,41.60904501,108.24142481,0.51206477,0.15160043,2.94077497,-0.91034248,2.79629748,0.02265752,-0.00705048,-0.02798791,9.88808020,0.49394433,-1.20179701,-0.78796047,4
117.37823236,31.96337256,41.60884779,22.88794877,87.58736407,41.60784779,108.28667591,0.56613254,0.06800000,2.94523895,-0.91415221,2.80008675,0.01900000,0.13935990,0.06061045,10.30033891,1.87859800,-1.24133071,-0.68382328,4
117.37823438,31.96337201,41.60818026,22.82650910,87.77760291,41.60718026,108.32472539,0.60618462,0.06800000,2.94190128,-0.91481974,2.79608154,0.01900000,0.36899181,0.09398718,10.13078512,-1.21943016,1.15178090,-0.63042051,4
117.37823639,31.96337146,41.60849299,22.76557026,87.96800307,41.60749299,108.36359322,0.53615021,0.15870953,2.93459117,-0.91401403,2.78859117,0.02294389,0.26042665,-0.08679982,9.50721976,-0.84128113,1.36712975,-0.58494185,4
117.37823840,31.96337091,41.60866188,22.70486009,88.15847512,41.60766188,108.39959328,0.47024396,0.26146727,2.92952153,-0.91401435,2.78335247,0.02767623,0.02954883,-0.18614386,9.08865172,0.38078159,0.80143263,-0.52307666,4
117.37824043,31.96337037,41.60730542,22.64443707,88.34903860,41.60630542,108.42604434,0.53942366,0.29944828,2.93562562,-0.91808374,2.78877833,0.03038916,-0.19291137,0.19841386,9.79333510,0.27158619,0.30971420,-0.40302954,4
117.37824244,31.96336984,41.60386713,22.58508514,88.53995019,41.60286713,108.46489510,0.57066433,0.28659208,2.94431002,-0.92265501,2.79626573,0.02995571,-0.15527973,0.10068300,10.03763169,-0.11902328,-0.09914450,-0.57702562,4
117.37824445,31.96336928,41.60021753,22.52362037,88.73016530,41.59921753,108.51025811,0.56700326,0.27208604,2.95100000,-0.92678247,2.80180438,0.02919562,-0.07773863,-0.03298460,10.10367615,-0.54241877,-0.19301068,-0.77371509,4
117.37824646,31.96336869,41.59752754,22.45805325,88.91902740,41.59652754,108.56271295,0.50513345,0.28957098,2.95100000,-0.92947246,2.80113189,0.02986811,-0.08715361,0.08739253,10.06130878,-0.84638784,0.42232493,-0.81742745,4
117.37824845,31.96336809,41.59700000,22.39169788,89.10761727,41.59600000,108.60594105,0.47463942,0.26869923,2.95316007,-0.93216007,2.80262005,0.02891997,-0.18728312,0.02621731,9.80459212,-0.28930043,-0.45279160,-0.60081285,4
117.37825044,31.96336751,41.59700000,22.32676030,89.29668348,41.59600000,108.64392269,0.46491139,0.21253168,2.95837794,-0.93547785,2.80695569,0.02609991,-0.24798781,-0.03269938,9.60651174,0.24634493,-1.37742580,-0.45101308,4
117.37825245,31.96336693,41.59700000,22.26330370,89.48626047,41.59600000,108.67539787,0.48366256,0.10002464,2.96909289,-0.94016564,2.81633128,0.02007275,-0.17499217,0.00949076,9.64937157,0.27915948,-1.61985168,-0.58428034,4
117.37825446,31.96336636,41.59590250,22.19958057,89.67575072,41.59490250,108.71776608,0.50071869,0.02951523,2.96715877,-0.94154875,2.81361002,0.01680501,0.15682231,-0.01153487,10.03508705,0.02983240,-0.46124292,-0.65903352,4
117.37825646,31.96336580,41.59477975,22.13700409,89.86561371,41.59377975,108.76055444,0.48424807,0.02103801,2.95959493,-0.94133924,2.80559493,0.01654177,0.35424550,-0.04975698,10.12684787,-0.54011430,0.66069381,-0.60210622,4
117.37825847,31.96336524,41.59410002,22.07603041,90.05600397,41.59310002,108.79929895,0.39860231,0.12299725,2.94600037,-0.93930006,2.79200037,0.02129987,0.15440539,-0.09529877,9.45051825,-1.65147002,1.07328887,-0.29690823,4
117.37826048,31.96336469,41.59689247,22.01392738,90.24602728,41.59589247,108.79863657,0.42880856,0.16750320,2.94631398,-0.93900000,2.79231398,0.02315699,0.01624312,-0.06729036,9.27810975,0.50881051,0.63071019,0.05922979,4
117.37826249,31.96336413,41.59900000,21.95142070,90.43591730,41.59800000,108.78272545,0.49126124,0.18797504,2.95158736,-0.93976872,2.79758736,0.02425624,-0.05275041,0.04486525,9.54068730,1.52629594,0.16150412,0.29291847,4
117.37826451,31.96336356,41.59900000,21.88999489,90.62616130,41.59800000,108.75294487,0.57383469,0.18526772,2.96106300,-0.94179921,2.80706300,0.02493307,-0.02567715,0.27431114,10.37454373,-0.25850878,-0.10922848,0.31119292,4
117.37826652,31.96336302,41.59597001,21.82948766,90.81671031,41.59497001,108.72576009,0.57291003,0.18984798,2.96442399,-0.94139400,2.81102999,0.02500000,-0.03148397,-0.03448073,10.01280370,0.33764704,0.14033494,0.38753771,4
117.37826853,31.96336245,41.59400000,21.76617863,91.00631773,41.59300000,108.69863085,0.57751646,0.18759966,2.96429463,-0.94014731,2.81129463,0.02471577,-0.04154766,-0.06809364,9.63674180,0.47050272,0.08039522,0.41923051,4
117.37827052,31.96336186,41.59400000,21.69982971,91.19490816,41.59300000,108.67117718,0.60291111,0.17455916,2.96017658,-0.93808829,2.80717658,0.02402943,-0.05252913,0.37116515,9.42603484,-0.42174172,-0.49819098,0.37873634,4
117.37827252,31.96336127,41.59530260,21.63487253,91.38397551,41.59430260,108.64915834,0.57990183,0.12384976,2.96521041,-0.93800000,2.81286172,0.02139479,-0.09468332,-0.00143242,9.50818226,0.29746407,-0.93397148,0.32880366,4
117.37827453,31.96336069,41.59600000,21.57067318,91.57330096,41.59500000,108.62856784,0.60843412,0.06769294,2.96362078,-0.93631569,2.81195765,0.01898941,0.02549297,-0.01797761,9.99020557,0.53423173,-0.70260384,0.33129648,4
117.37827653,31.96336011,41.59591725,21.50642468,91.76260954,41.59491725,108.60897942,0.68710377,0.01449606,2.95450350,-0.93277933,2.80355867,0.01719308,0.30070403,0.34462260,10.80923820,0.16401797,0.23653237,0.38515193,4
117.37827853,31.96335953,41.59385803,21.44255057,91.95204474,41.59285803,108.58358238,0.61503107,0.12638033,2.94214818,-0.92728808,2.79257616,0.02199793,0.16891396,-0.08781356,9.96907652,-0.78116392,1.49402926,0.33916269,4
117.37828054,31.96335896,41.59421572,21.37887994,92.14154893,41.59321572,108.55314331,0.57527428,0.21595528,2.93659476,-0.92418952,2.78759476,0.02602619,-0.03553300,-0.10468889,9.55902471,-0.47434267,1.13822727,0.43346677,4
117.37828255,31.96335839,41.59639330,21.31606919,92.33134001,41.59539330,108.51849387,0.56886590,0.27152739,2.93835977,-0.92339330,2.78935977,0.02870503,-0.26345585,0.11602351,9.54887245,0.56511059,-0.25506011,0.59046259,4
117.37828456,31.96335783,41.59912702,21.25415154,92.52142659,41.59812702,108.48022168,0.62354046,0.21958656,2.95476214,-0.92612702,2.80576214,0.02665473,-0.32223100,-0.01587887,10.09015059,0.64233841,-0.96446252,0.52416969,4
117.37828657,31.96335725,41.60092135,21.18984953,92.71070915,41.59992135,108.44911237,0.66864044,0.15647193,2.96414607,-0.92792135,2.81514607,0.02323596,-0.12356189,0.10461791,9.88294398,0.36065181,-0.66537101,0.40395510,4
117.37828856,31.96335665,41.60254754,21.12349540,92.89929727,41.60154754,108.42453608,0.69620905,0.10172623,2.96872623,-0.92872623,2.81972623,0.02000000,0.10978294,0.26296908,9.47208418,-0.00662371,-0.10639632,0.26760424,4
117.37829055,31.96335605,41.60524312,21.05738732,93.08796453,41.60424312,108.41240597,0.67262273,0.10037844,2.96737844,-0.92737844,2.81837844,0.02000000,0.00532923,0.10527767,9.63988401,-0.04907909,-0.38404102,0.16719390,4
117.37829255,31.96335547,41.60600000,20.99224416,93.27696551,41.60500000,108.39605260,0.67795144,0.06663555,2.96251821,-0.92500809,2.81401619,0.01800809,-0.07180578,0.19196790,9.49727083,0.07644160,-0.66218668,0.23909334,4
117.37829455,31.96335488,41.60600000,20.92690691,93.46590247,41.60500000,108.37698096,0.71407616,0.01061670,2.95875238,-0.92300000,2.81094047,0.01505953,-0.06921436,0.33415713,9.52682349,0.60059468,-0.83522147,0.31611194,4
117.37829655,31.96335428,41.60600000,20.86110517,93.65467745,41.60500000,108.35508899,0.80164402,-0.07079405,2.96148888,-0.92300000,2.81436109,0.01163891,0.11549911,0.37109982,10.32998500,2.00304876,-0.73055051,0.22922820,4
117.37829855,31.96335371,41.60322706,20.79727799,93.84412547,41.60222706,108.33269857,0.83851979,-0.02665899,2.95368117,-0.91911788,2.80723576,0.01377294,0.24649846,0.33806960,10.28700309,-0.03099777,0.99824278,0.32779989,4
117.37830055,31.96335314,41.60076294,20.73384104,94.03370926,41.59976294,108.30496148,0.82038865,0.05869318,2.94652587,-0.91505174,2.80076294,0.01765945,0.19883019,0.19837293,9.89327651,-1.26053001,1.84045068,0.49514930,4
117.37830256,31.96335256,41.60007950,20.66946740,94.22297548,41.59907950,108.26737272,0.72060758,0.16735887,2.94515901,-0.91231802,2.80007950,0.02244347,-0.16202191,-0.11190520,9.20506049,0.51092572,0.31092988,0.71179724,4
117.37830457,31.96335198,41.60000000,20.60568270,94.41244005,41.59900000,108.21342370,0.79908377,0.15883938,2.95467342,-0.91320918,2.80967342,0.02300000,-0.21488260,0.22805439,9.69935959,0.83791781,-0.09432548,0.71463021,4
117.37830657,31.96335141,41.59914389,20.54213879,94.60198822,41.59814389,108.16787305,0.86199516,0.13986337,2.96328295,-0.91400000,2.81856832,0.02271463,-0.14637738,0.27252992,10.06758042,0.76632549,-0.11372812,0.59270149,4
117.37830857,31.96335083,41.59711553,20.47771884,94.79123835,41.59611553,108.13677141,0.87146088,0.12769316,2.96869193,-0.91400000,2.82465342,0.02203851,0.03279516,-0.20481276,10.05000123,0.40933267,0.19255549,0.33847933,4
117.37831057,31.96335023,41.59637188,20.41156045,94.97988704,41.59537188,108.12118145,0.86634696,0.13830608,2.97716551,-0.91588435,2.83253739,0.02262812,-0.06189534,0.26295527,9.90578959,-0.61598531,-0.09903298,0.26244465,4
117.37831256,31.96334962,41.59658953,20.34411172,95.16808282,41.59558953,108.10592569,0.81347983,0.12407183,2.98465287,-0.91729476,2.83994763,0.02182095,-0.12989526,0.29660862,9.70162101,-0.87939170,-0.49717694,0.18591224,4
117.37831455,31.96334901,41.59792433,20.27677236,95.35631298,41.59692433,108.08990807,0.70135651,0.07668638,2.99065947,-0.91796216,2.84662164,0.01915135,-0.14324327,-0.29070399,9.43132373,-0.12856592,-0.98437945,0.09514575,4
117.37831655,31.96334842,41.59862505,20.21099722,95.54509331,41.59762505,108.08462466,0.75562976,-0.00538123,2.99975069,-0.92112525,2.85512564,0.01524971,-0.03399137,-0.05710405,9.96541812,0.60155397,-1.17201256,0.06687318,4
117.37831855,31.96334783,41.59871203,20.14548128,95.73397441,41.59771203,108.07566455,0.77846518,-0.05703165,3.00240823,-0.92184810,2.85769620,0.01271203,0.10168993,0.00278473,10.23769299,0.31940449,-0.63474315,0.15955072,4
117.37832054,31.96334724,41.59804869,20.08064071,95.92307897,41.59704869,108.06107124,0.74728856,-0.06631830,2.99643824,-0.91919477,2.85238954,0.01204869,0.26221634,-0.22805490,10.10568987,-1.28055291,0.82392448,0.40498366,4
117.37832256,31.96334669,41.59922800,20.01880140,96.11318315,41.59822800,108.02500195,0.67930190,-0.00068790,2.99538600,-0.91654400,2.85200000,0.01445600,0.12418377,-0.15167186,9.32235880,-0.62988481,0.79714779,0.50773213,4
117.37832457,31.96334613,41.60166340,19.95687133,96.30326909,41.60066340,107.98636604,0.65962414,0.05707949,2.99777233,-0.91527723,2.85477233,0.01738616,-0.02627822,-0.04892001,9.20555109,0.19260997,0.60737437,0.55406918,4
117.37832657,31.96334557,41.60564771,19.89438843,96.49316627,41.60464771,107.94652288,0.71142026,0.09559455,3.00441285,-0.91594129,2.86141285,0.02070643,-0.16108094,0.05666438,10.09073345,1.00607463,0.35437026,0.53746786,4
117.37832859,31.96334503,41.60659829,19.83500382,96.68405188,41.60559829,107.91547881,0.70642741,0.10737601,3.01517087,-0.91719657,2.87217087,0.02100000,-0.13889766,-0.01835842,10.04694952,-0.74737267,0.30328224,0.46241074,4
117.37833061,31.96334450,41.60649070,19.77569410,96.87496723,41.60549070,107.88834197,0.69286986,0.12063944,3.02327324,-0.91800000,2.88027324,0.02150930,-0.11880113,-0.05844789,9.85753858,-0.87164778,0.20556844,0.36792732,4
117.37833262,31.96334395,41.60517784,19.71435152,97.06523875,41.60417784,107.86602333,0.67448980,0.14033235,3.02655539,-0.91800000,2.88355539,0.02282216,-0.12602186,-0.01577990,9.58052490,1.96741422,0.00338784,0.25173912,4
117.37833463,31.96334339,41.60614938,19.65275010,97.25542612,41.60514938,107.85093147,0.73636549,0.14989630,3.02642531,-0.91742531,2.88400000,0.02357469,-0.13676976,0.21527921,9.80908234,0.01702692,0.03002104,0.28025127,4
117.37833664,31.96334283,41.60676256,19.59035977,97.44535596,41.60576256,107.83463940,0.75289553,0.12603248,3.02956158,-0.91771232,2.88756158,0.02233793,-0.17273008,0.20914461,9.94355362,-1.10481895,-0.48204502,0.32914583,4
117.37833865,31.96334227,41.60610335,19.52764935,97.63518011,41.60510335,107.81420394,0.66653924,0.04560907,3.03944970,-0.91968994,2.89744970,0.01772347,-0.25249429,-0.27075901,9.77018184,0.57813978,-2.01470426,0.37397200,4
117.37834067,31.96334172,41.60487196,19.46717064,97.82572207,41.60387196,107.78279891,0.73985937,-0.01606990,3.03310369,-0.91661587,2.89166772,0.01417989,0.05987660,0.07983652,9.72495130,0.56562928,-0.15965873,0.43853023,4
117.37834268,31.96334117,41.60400000,19.40672766,98.01628494,41.60300000,107.74936602,0.78419740,-0.01095427,3.02350981,-0.91213856,2.88297517,0.01432680,0.24515167,0.28823929,9.72193594,-0.00865337,1.35715562,0.48649019,4
117.37834470,31.96334062,41.60400000,19.34579028,98.20668530,41.60300000,107.71595519,0.71871217,0.11266581,3.01348656,-0.90679283,2.87428835,0.02100896,0.05604636,-0.05856516,9.75334212,-1.04438922,1.06180385,0.49651344,4
117.37834673,31.96334010,41.60342565,19.28808494,98.39808501,41.60242565,107.67366721,0.72163571,0.14593311,3.01372305,-0.90485130,2.87472305,0.02257435,-0.13798731,0.06804867,9.53515198,0.00928487,0.41608062,0.59966005,4
117.37834876,31.96333958,41.60275487,19.23034805,98.58947910,41.60175487,107.63153712,0.74742395,0.16018674,3.01745134,-0.90400000,2.87869647,0.02349027,-0.20461927,0.22059122,9.57787332,0.80226954,0.16365557,0.59484130,4
117.37835077,31.96333904,41.60209022,19.17019723,98.78013170,41.60109022,107.59232272,0.79195555,0.16882720,3.02409784,-0.90400000,2.88600763,0.02481957,-0.05174960,0.27642189,10.14149714,0.52643949,0.68872965,0.37750051,4
117.37835278,31.96333850,41.60027295,19.10993318,98.97075072,41.59927295,107.56569970,0.75539941,0.20972217,3.02500000,-0.90284863,2.88700000,0.02672705,-0.11389845,0.30011914,10.26117627,-0.97093377,0.41401412,0.39290333,4
117.37835479,31.96333793,41.59875921,19.04834319,99.16093553,41.59775921,107.54012775,0.69221616,0.21588448,3.02861180,-0.90248157,2.89085259,0.02655528,-0.20943250,0.23494826,10.03848846,-1.48379991,-0.26815560,0.44478136,4
117.37835680,31.96333736,41.59809585,18.98510023,99.35058443,41.59709585,107.51292993,0.60465244,0.15220178,3.03856222,-0.90380830,2.90146637,0.02257511,-0.30429319,0.02267259,9.33731538,0.06780257,-1.44495885,0.49652356,4
117.37835881,31.96333680,41.59913620,18.92264504,99.54049062,41.59813620,107.48627596,0.60847493,0.03335649,3.04624911,-0.90513620,2.90868101,0.01688709,-0.25948559,0.12436755,9.59788038,0.11361627,-1.93313660,0.34152310,4
117.37836082,31.96333624,41.60000000,18.85989501,99.73030620,41.59900000,107.46669540,0.61039883,-0.08940869,3.04961724,-0.90553908,2.91184770,0.01092586,-0.06473995,0.18881775,9.95873119,-0.27896312,-1.71868880,0.18827063,4
117.37836282,31.96333567,41.60000000,18.79717832,99.92012853,41.59900000,107.46010332,0.58007525,-0.20213331,3.04566199,-0.90422066,2.90855166,0.00499298,0.36506385,0.08532205,10.20395667,-1.01398035,-0.41345641,0.10323277,4
117.37836484,31.96333514,41.60055046,18.73796618,100.11106407,41.59955046,107.45184407,0.46215649,-0.18081670,3.03949544,-0.90179818,2.90249544,0.00565137,0.29388141,0.18304533,9.71876394,-1.50800743,0.18536519,0.23266905,4
117.37836686,31.96333461,41.60226562,18.67863031,100.30197502,41.60126562,107.43524227,0.37464059,-0.14146099,3.03542187,-0.89957813,2.89863281,0.00742187,0.14177371,0.20443805,9.34110117,-1.00649049,0.42618022,0.37088265,4
117.37836887,31.96333406,41.60622052,18.61764955,100.49236417,41.60522052,107.40162557,0.38914191,-0.12102731,3.03674017,-0.89825983,2.90061026,0.00874017,0.03169550,-0.02230987,9.50391145,1.50751121,0.20800126,0.43613860,4
117.37837090,31.96333354,41.60700000,18.56060888,100.68395239,41.60600000,107.37358299,0.44371425,-0.10603031,3.04588023,-0.89956710,2.90988023,0.01004473,0.06693791,0.08396383,9.87344855,0.74879881,0.35409656,0.40303178,4
117.37837293,31.96333303,41.60613491,18.50501342,100.87599171,41.60513491,107.34794439,0.49878578,-0.09167457,3.05607621,-0.90117302,2.92007621,0.01117302,0.06536461,0.18359014,10.17300310,-0.12307539,0.35900013,0.37432234,4
117.37837495,31.96333251,41.60288085,18.44701368,101.06730819,41.60188085,107.32516593,0.52807237,-0.07540424,3.06388597,-0.90182383,2.92788597,0.01182383,-0.13638746,0.03910962,10.13916081,0.91106671,-0.27293944,0.42443495,4
117.37837698,31.96333198,41.60104753,18.38746184,101.25814685,41.60004753,107.30090312,0.54885831,-0.12957674,3.07266727,-0.90342870,2.93666727,0.00819013,-0.19576234,0.14620374,9.65805244,0.41712030,-0.96976197,0.36846988,4
117.37837900,31.96333143,41.60000000,18.32696212,101.44868740,41.59900000,107.27946663,0.57271137,-0.21853398,3.08166115,-0.90538334,2.94566115,0.00284997,-0.16407125,0.24719843,9.22192996,-0.07480722,-1.58173422,0.25353788,4
117.37838100,31.96333088,41.60000000,18.26613184,101.63912300,41.59900000,107.27171838,0.62178362,-0.34250599,3.09005509,-0.90732041,2.95405509,-0.00296122,0.02253245,-0.05498334,9.64098117,1.74022046,-1.75219573,0.05918593,4
117.37838302,31.96333034,41.59915137,18.20636786,101.82989058,41.59815137,107.27027294,0.69967680,-0.41145880,3.08621099,-0.90630275,2.95021099,-0.00627294,0.27003039,0.08722326,10.04301227,1.12442725,-0.71854473,0.06822501,4
117.37838505,31.96332981,41.59768822,18.14683501,102.02073888,41.59668822,107.27005138,0.77490701,-0.43337292,3.07583083,-0.90345439,2.93998672,-0.00737644,0.49174584,0.37271223,10.30474152,-0.52527113,0.81441709,0.18453585,4
117.37838706,31.96332926,41.59507369,18.08684377,102.21144781,41.59407369,107.25371058,0.71542653,-0.32748459,3.06602635,-0.89887896,2.93148950,-0.00214739,0.27996917,-0.05737742,9.59816567,-0.10825411,1.22881958,0.28127334,4
117.37838909,31.96332875,41.59439094,18.03024895,102.40316442,41.59339094,107.22549852,0.70468276,-0.22926897,3.06082719,-0.89582719,2.92682719,0.00312749,0.07180985,-0.10499113,9.51754167,0.15174246,1.28601951,0.40935153,4
117.37839114,31.96332827,41.59500000,17.97661556,102.59576324,41.59400000,107.18895014,0.72979895,-0.14175274,3.05996311,-0.89410701,2.92601662,0.00810701,-0.11288002,0.08856263,9.86995054,0.29941710,1.06045319,0.55111998,4
117.37839316,31.96332778,41.59500000,17.92213841,102.78811616,41.59400000,107.15168258,0.77621995,-0.11429243,3.07173182,-0.89541465,2.93843914,0.00941465,-0.06253611,-0.00231793,10.18705175,0.41448888,0.45501871,0.60146389,4
117.37839519,31.96332726,41.59571605,17.86520328,102.97974418,41.59471605,107.11423444,0.77158009,-0.08588879,3.08165435,-0.89635803,2.94865435,0.01107408,-0.08403731,-0.06054332,10.25560449,-0.34886919,0.28675372,0.53914763,4
117.37839722,31.96332673,41.59703091,17.80643534,103.17082943,41.59603091,107.07681453,0.72534466,-0.05721639,3.09008037,-0.89701236,2.95708037,0.01298145,-0.16282071,-0.09290264,10.11995048,-1.79663349,0.46297515,0.38616537,4
117.37839924,31.96332621,41.60025874,17.74762744,103.36189938,41.59925874,107.05744754,0.65691463,-0.07981121,3.09847273,-0.89830350,2.96547273,0.01104475,-0.14409928,-0.18715533,9.69710453,-0.40091907,-0.37496996,0.29901391,4
117.37840126,31.96332568,41.60259890,17.68903177,103.55303091,41.60159890,107.04131049,0.61580773,-0.11535692,3.10449724,-0.89929945,2.97149724,0.00880221,-0.10255800,-0.23051381,9.47319227,0.04506614,-0.91533706,0.23732706,4
117.37840328,31.96332515,41.60389929,17.63052979,103.74419433,41.60289929,107.02895676,0.60670498,-0.16607226,3.10774822,-0.89994964,2.97474822,0.00620142,-0.03428734,-0.21425889,9.48229502,-0.62138549,-1.10714509,0.20546743,4
117.37840531,31.96332463,41.60459669,17.57234199,103.93545851,41.60359669,107.01725957,0.63822128,-0.20938156,3.10501655,-0.89820993,2.97201655,0.00480662,0.24488088,-0.16108794,10.26705115,0.25843367,0.00693818,0.22209409,4
117.37840733,31.96332412,41.60449853,17.51626596,104.12733989,41.60349853,107.00272867,0.62690293,-0.17707719,3.09397353,-0.89399118,2.96172573,0.00650735,0.36531028,-0.13703236,10.35595652,-0.04924875,1.18220892,0.25305295,4
117.37840937,31.96332364,41.60316638,17.46263991,104.31993052,41.60216638,106.98341244,0.53898078,-0.02054912,3.06999476,-0.88599825,2.93974520,0.01316812,0.19346244,-0.16633974,9.18432724,-2.53904421,2.27723935,0.30101048,4
117.37841140,31.96332315,41.60647503,17.40929786,104.51260004,41.60547503,106.94624968,0.49498719,0.10267180,3.06931669,-0.88384166,2.93931669,0.02037089,-0.08515239,-0.20417115,9.34554035,-0.08966605,1.50933327,0.54735640,4
117.37841344,31.96332266,41.60826766,17.35517279,104.70504357,41.60726766,106.90903841,0.49614374,0.17848823,3.07222057,-0.88300000,2.94246468,0.02500000,-0.27224411,-0.11206939,9.69130112,1.07331845,0.62741511,0.58554027,4
117.37841547,31.96332217,41.60625653,17.30083438,104.89743163,41.60525653,106.87618993,0.56519259,0.17982898,3.07557246,-0.88300000,2.94648695,0.02500000,-0.27291449,0.20904129,10.02716010,-1.24082366,0.01066809,0.21079941,4
117.37841751,31.96332170,41.60197455,17.24758014,105.09013864,41.60097455,106.87372519,0.48141458,0.18862597,3.07887532,-0.88357506,2.94930026,0.02557506,-0.12635850,0.09530759,10.14705867,-0.89825322,0.28163935,-0.05379940,4
117.37841954,31.96332119,41.59851069,17.19133091,105.28195170,41.59751069,106.88209498,0.39073645,0.19010691,3.07488364,-0.88277673,2.94512830,0.02551069,-0.04173147,0.03751516,9.98014126,-0.72327643,0.21412039,-0.21302138,4
117.37842155,31.96332064,41.59713359,17.13087586,105.47251610,41.59613359,106.90206289,0.32807851,0.17633594,3.05766992,-0.87933398,2.92860312,0.02413359,-0.10852071,0.19656994,9.35011907,-1.55710907,-0.70302666,-0.21026719,4
117.37842358,31.96332010,41.59760716,17.07121623,105.66332454,41.59660716,106.91432164,0.29224940,0.11489164,3.05721431,-0.87960716,2.92821431,0.02096422,-0.05792741,-0.08975613,9.45778914,0.12275007,-0.85332267,-0.20271414,4
117.37842560,31.96331957,41.59771287,17.01277471,105.85450355,41.59671287,106.92645556,0.29281228,0.06164327,3.04996023,-0.87799006,2.92096023,0.01842573,0.11883452,-0.11989765,9.89404623,0.53325256,-0.49474441,-0.18450468,4
117.37842762,31.96331906,41.59702221,16.95485380,106.04584363,41.59602221,106.93957797,0.34046738,0.02711060,3.03062193,-0.87315548,2.90162193,0.01704442,0.45518279,0.27722814,10.68070062,-1.21962614,0.46319206,-0.15204396,4
117.37842965,31.96331855,41.59436115,16.89747102,106.23734597,41.59336115,106.93538202,0.23182807,0.16519926,3.01548633,-0.86838202,2.88780576,0.02359712,0.27864175,-0.10978556,9.99285117,-1.48183019,1.87147895,0.12607910,4
117.37843168,31.96331803,41.59335310,16.84055426,106.42898438,41.59235310,106.91357929,0.16299447,0.30585523,2.99952551,-0.86246896,2.87323172,0.03053104,0.02875297,-0.18747024,9.41172534,-0.71724616,1.96442155,0.38058078,4
117.37843371,31.96331752,41.59411352,16.78441083,106.62085580,41.59311352,106.87544584,0.14661915,0.43222704,2.98524870,-0.85622704,2.86019194,0.03711352,-0.26397617,0.04158622,9.09932759,0.85733968,0.75291288,0.56110441,4
117.37843575,31.96331701,41.59548844,16.72854479,106.81281330,41.59448844,106.84451010,0.21467779,0.43497688,3.00037284,-0.85897688,2.87462862,0.03848844,-0.40903044,-0.03609687,10.04802375,0.60710388,-0.21709457,0.27168333,4
117.37843776,31.96331648,41.59557039,16.66904513,107.00365044,41.59457039,106.83600724,0.24085921,0.40463878,3.00642961,-0.86042961,2.88042961,0.03685197,-0.24776751,-0.05082301,10.11316413,-0.09389217,-0.29016413,0.02394852,4
117.37843976,31.96331592,41.59500000,16.60659890,107.19357477,41.59400000,106.84191943,0.22969309,0.36187093,3.00632256,-0.86088709,2.88032256,0.03400000,0.04601643,-0.01664459,9.74127458,-0.80085109,0.05767613,-0.16900026,4
117.37844177,31.96331536,41.59500000,16.54468755,107.38366112,41.59400000,106.85346274,0.15568010,0.35508074,3.00224845,-0.86020807,2.87624845,0.03400000,0.09422672,0.07570189,9.80306524,-0.19856193,-0.14874540,-0.21109939,4
117.37844379,31.96331481,41.59548983,16.48421737,107.57420638,41.59448983,106.86336782,0.12320336,0.34124403,2.98728471,-0.85657118,2.86177454,0.03253050,0.05266933,0.10253050,9.58932983,-0.41174354,-0.27763748,-0.18726260,4
117.37844581,31.96331427,41.59600000,16.42435362,107.76495038,41.59500000,106.87115198,0.12029589,0.31229626,2.97376799,-0.85319200,2.84876799,0.03042401,-0.00715198,0.02765714,9.55666074,-0.33352765,-0.51649335,-0.10560867,4
117.37844783,31.96331374,41.59600000,16.36483686,107.95579970,41.59500000,106.87530118,0.14657415,0.25213288,2.97653412,-0.85388353,2.85153412,0.02834941,-0.01130118,-0.23650851,10.31181491,1.44025480,-1.13057476,0.05067781,4
117.37844986,31.96331322,41.59309081,16.30748910,108.14730884,41.59209081,106.86436323,0.18765583,0.24432735,2.96419955,-0.84992713,2.83978139,0.02800000,0.07993049,-0.13030381,10.23710202,-0.20375896,0.18684977,0.11074664,4
117.37845189,31.96331271,41.58988515,16.25153007,108.33923494,41.58888515,106.85404902,0.15073245,0.26634595,2.95472129,-0.84672129,2.83072129,0.02855742,0.04872963,-0.13153368,9.83196203,-1.38734301,0.75760196,0.11521147,4
117.37845392,31.96331221,41.58711434,16.19534116,108.53108938,41.58611434,106.84920010,-0.00651108,0.31691326,2.95402859,-0.84602859,2.83002859,0.02994283,-0.19302365,-0.40376589,9.18567030,-0.85881076,-0.36180579,0.06602957,4
117.37845594,31.96331170,41.58564338,16.13843565,108.72273440,41.58464338,106.84967831,0.05076114,0.29118929,2.94857352,-0.84464338,2.82457352,0.02932169,-0.19011211,-0.13892782,9.63178208,0.55285723,-0.20315037,-0.06420059,4
117.37845797,31.96331120,41.58310764,16.08323951,108.91487884,41.58210764,106.85454166,0.07305210,0.25529171,2.94751389,-0.84437847,2.82351389,0.02824306,-0.07613562,-0.21161767,10.05091283,0.47890068,-0.38152726,-0.12386459,4
117.37846001,31.96331070,41.57977719,16.02805870,109.10702187,41.57877719,106.86296549,0.06096549,0.21621756,2.94866317,-0.84470293,2.82473744,0.02677719,0.08726033,-0.50916283,10.32510208,-0.66194606,-0.77302558,-0.12036609,4
117.37846204,31.96331017,41.57764455,15.96961900,109.29820448,41.57664455,106.87220693,0.07020693,0.19915644,2.93586733,-0.84185941,2.81265248,0.02464455,-0.04425248,-0.15656633,9.88577821,-0.05840890,-0.18939306,-0.10472673,4
117.37846406,31.96330965,41.57748658,15.91233289,109.48973322,41.57648658,106.87889265,0.04137226,0.17696968,2.93297316,-0.84148658,2.80997316,0.02351342,-0.13071174,-0.21446426,9.71796619,-0.03316555,-0.46211394,-0.07421123,4
117.37846608,31.96330915,41.57818871,15.85606019,109.68156672,41.57718871,106.88243386,0.02724868,0.13597707,2.93192416,-0.84124515,2.80892416,0.02167901,-0.17018695,-0.42951676,9.66137389,0.12652915,-1.02733688,-0.03982892,4
117.37846811,31.96330864,41.57890422,15.79944691,109.87329730,41.57790422,106.88028733,0.10023062,0.04868495,2.92405356,-0.83838311,2.80105356,0.01667045,-0.13298047,-0.58692878,9.58696094,1.36078247,-1.37364331,-0.01263957,4
117.37847014,31.96330815,41.57778324,15.74490217,110.06562228,41.57678324,106.88547543,0.16718778,-0.05243196,2.92300000,-0.83860838,2.80000000,0.01234972,0.18409929,-0.42366066,10.18781420,0.40718794,-0.94302955,-0.09356491,4
117.37847218,31.96330767,41.57601640,15.69119004,110.25819227,41.57501640,106.89227868,0.18039352,-0.07754110,2.90627875,-0.83408198,2.78393448,0.01098360,0.31122976,-0.43385202,10.26723059,-0.38742597,0.18825946,-0.13390169,4
117.37847422,31.96330719,41.57406756,15.63817806,110.45094526,41.57306756,106.89886488,0.13159464,-0.00160916,2.87159464,-0.82393244,2.75059464,0.01347292,0.14412340,-0.69104132,9.60292128,-0.48237132,1.77970020,-0.09121776,4
117.37847627,31.96330673,41.57479437,15.58734581,110.64428563,41.57379437,106.89741126,0.12723377,0.09941762,2.86723377,-0.82320563,2.74623377,0.01856060,-0.02667727,-0.61617975,9.37615614,0.13759875,0.72218970,0.05705175,4
117.37847832,31.96330627,41.57389315,15.53662813,110.83767772,41.57289315,106.88703832,0.18355638,0.13740825,2.84995063,-0.81746573,2.73005748,0.02055343,-0.20284157,-0.74719235,9.78407298,1.12210985,0.23926233,0.06413412,4
117.37848037,31.96330585,41.57113981,15.49062539,111.03221937,41.57013981,106.88117022,0.24705171,0.13569907,2.83979028,-0.81393009,2.72079028,0.02068997,-0.21144050,-0.84767776,10.13895738,0.85637774,-0.07083625,-0.03282691,4
117.37848243,31.96330544,41.56679903,15.44591351,111.22705273,41.56579903,106.88715560,0.28077956,0.11334197,2.84318638,-0.81524635,2.72428686,0.01989951,-0.00411508,-0.81653978,10.06426898,-1.07811791,-0.43220584,-0.18730633,4
117.37848448,31.96330497,41.56357046,15.39291584,111.41982852,41.56257046,106.90571988,0.21297959,0.08670627,2.79798639,-0.80313921,2.68070116,0.01828523,-0.05415792,-1.11437539,9.79549050,0.68710291,-0.45157726,-0.20829203,4
117.37848654,31.96330456,41.56174231,15.34686900,111.61432746,41.56074231,106.91528843,0.24061712,0.03295023,2.79125769,-0.80162884,2.67362884,0.01548463,-0.06551537,-1.01104687,10.01274301,0.26136687,-0.82098677,-0.10069474,4
117.37848860,31.96330413,41.55965199,15.29962468,111.80862855,41.55865199,106.92349338,0.22131289,-0.03284571,2.75829965,-0.79256390,2.64164767,0.01175331,-0.05082383,-0.96887651,9.91422537,-0.36002592,-0.90669199,-0.08577519,4
117.37849065,31.96330373,41.55770209,15.25571908,112.00354417,41.55670209,106.93495826,0.17495826,-0.09885391,2.71431878,-0.78040417,2.59961670,0.00810626,0.00415374,-1.00437948,9.60944783,-0.14500327,-0.74908539,-0.17034348,4
117.37849272,31.96330340,41.55650258,15.21856850,112.20001401,41.55550258,106.95074096,0.19932143,-0.15633176,2.69544018,-0.77551807,2.58181325,0.00575129,0.08886532,-0.94499484,9.75346865,0.81991046,-0.76146128,-0.19962133,4
117.37849480,31.96330302,41.55248616,15.17671732,112.39545474,41.55148616,106.96257180,0.26360735,-0.21114623,2.60520158,-0.75040053,2.49437285,0.00408564,0.11869966,-0.96938477,10.55176649,0.08195856,-0.60760933,-0.02266794,4
117.37849689,31.96330277,41.54728280,15.14802714,112.59333063,41.54628280,106.95823567,0.17861914,-0.17212103,2.58698982,-0.74432994,2.47789555,0.00495287,0.28780885,-1.14543178,9.61776341,-1.75135855,1.48240686,0.10221269,4
117.37849896,31.96330239,41.54707283,15.10661721,112.78887405,41.54607283,106.94349019,0.09293848,0.04417094,2.44700000,-0.70400000,2.34400000,0.01329132,-0.02309280,-1.25327966,9.62963089,1.07919217,1.05658460,0.13711473,4
117.37850104,31.96330214,41.54810459,15.07929844,112.98688623,41.54710459,106.93684311,0.18945025,0.10869260,2.44103826,-0.70222194,2.33829974,0.01689541,-0.35822065,-0.84444772,10.22574999,-0.00371049,0.19547953,0.02222194,4
117.37850311,31.96330176,41.55000000,15.03635607,113.18197505,41.54900000,106.93991946,0.09234229,0.05173827,2.32961745,-0.66943624,2.23161745,0.01359060,-0.09079871,-1.19752350,9.93485912,-0.34500681,-0.99308726,-0.12979859,4
117.37850519,31.96330143,41.55050898,15.00039419,113.37811354,41.54950898,106.97637711,0.08095793,-0.03758081,2.23549154,-0.64407799,2.14054541,0.00949102,0.19193381,-0.98809083,9.72044279,0.33393277,-0.42982354,-0.28383326,4
117.37850727,31.96330109,41.55100000,14.96264247,113.57397388,41.55000000,106.98166712,0.11707375,-0.01814885,2.12914885,-0.61333356,2.03885251,0.00985183,0.16718743,-1.15269411,9.93725436,0.07282892,0.18103381,0.33050464,4
117.37850935,31.96330082,41.54877662,14.93272992,113.77171997,41.54777662,106.95009603,0.16198539,0.12533194,1.98937369,-0.57197912,1.90530271,0.01444676,-0.08390188,-0.81249686,10.15721086,0.38576201,0.43864301,0.09627975,4
117.37851143,31.96330045,41.54658513,14.89194158,113.96746111,41.54558513,106.95061155,0.10979351,0.09122990,1.82598038,-0.52545791,1.74893243,0.01175538,-0.05168781,-0.77021140,9.86320727,0.24173275,-0.54622946,-0.09040317,4
117.37851345,31.96329994,41.54700000,14.83500000,114.15900000,41.54600000,106.98600000,0.08800000,0.00500000,1.57100000,-0.45300000,1.50400000,0.00800000,0.18500000,-0.76600000,9.90700000,-0.06300000,0.20000000,-0.01300000,4
