longtitude,latitude,altitude,north,east,up,yaw,pitch,roll,vel_speed,vel_north,vel_east,vel_up,acc_x,acc_y,acc_z,gyro_x,gyro_y,gyro_z,rtk_status
117.37841853,31.96331628,41.60300000,16.67559148,105.19287937,41.60200000,106.88053565,-0.69400000,-0.29400000,0.12200000,-0.04000000,0.11500000,0.00000000,-0.01200000,0.47500000,9.84400000,-0.35700000,0.04100000,-1.06200000,4
117.37841957,31.96331614,41.60209145,16.64657405,105.28850375,41.60109145,107.08410392,-0.71853087,-0.27037768,0.19740973,-0.06634797,0.18586697,0.00000000,0.04160450,0.23423402,9.82128623,-0.47420306,0.30266266,-1.67618039,4
117.37842060,31.96331595,41.60285894,16.61688305,105.38390266,41.60185894,107.49073766,-0.74842648,-0.25000977,0.27183462,-0.09213479,0.25555002,0.00000000,0.06238297,0.15621890,9.73408999,-0.37004826,0.26436303,-2.09164093,4
117.37842160,31.96331570,41.60229088,16.58652163,105.47907310,41.60129088,107.89629372,-0.75575741,-0.21240669,0.33302047,-0.11573464,0.31249681,-0.00070693,0.04092472,0.08846420,9.81635951,-0.46652494,0.26406040,-2.16705762,4
117.37842261,31.96331542,41.60200576,16.55549296,105.57401207,41.60100576,108.30077740,-0.76233609,-0.17489625,0.38428450,-0.13601871,0.35987729,-0.00099423,0.02973455,0.13951360,9.90247664,-0.37955864,0.14513790,-2.25378837,4
117.37842360,31.96331512,41.60200003,16.52380020,105.66871658,41.60100003,108.70419439,-0.77173588,-0.15057645,0.43057665,-0.15461508,0.40227161,-0.00099997,0.03759263,0.25187794,9.91793420,-0.21779500,0.04176935,-2.36645599,4
117.37842459,31.96331482,41.60200000,16.49144649,105.76318363,41.60100000,109.10655082,-0.78363058,-0.15000341,0.47492354,-0.17290503,0.44240695,-0.00100000,0.06661891,0.36234937,9.81598872,-0.13703632,0.10796718,-2.46387845,4
117.37842558,31.96331450,41.60080922,16.45843500,105.85741024,41.59980922,109.50785321,-0.79985252,-0.12380285,0.51560396,-0.19043085,0.47904299,-0.00159539,0.07766045,0.49437573,9.76439134,-0.24907645,0.27299335,-2.73551914,4
117.37842657,31.96331419,41.59930211,16.42476888,105.95139340,41.59830211,109.90810851,-0.81619725,-0.09617998,0.55516188,-0.20814759,0.51454945,-0.00222864,0.05252920,0.59140130,9.75031297,-0.33242592,0.31092217,-3.04009396,4
117.37842756,31.96331388,41.59755610,16.39045130,106.04513013,41.59655610,110.30732403,-0.83199465,-0.07097180,0.59376477,-0.22625332,0.54906242,-0.00281461,-0.01965128,0.63627181,9.77936858,-0.34401993,0.15675675,-3.36104436,4
117.37842856,31.96331359,41.59626659,16.35548540,106.13861742,41.59526659,110.70550747,-0.84135024,-0.05911421,0.63601340,-0.24683033,0.58630163,-0.00299442,-0.03666996,0.60457627,9.76845488,-0.47031419,0.01450884,-3.70335942,4
117.37842956,31.96331332,41.59517651,16.31987436,106.23185229,41.59417651,111.10266692,-0.84794068,-0.05297158,0.67985309,-0.26847071,0.62473539,-0.00299997,-0.02931937,0.54058286,9.73976173,-0.64697875,-0.12011596,-4.05473588,4
117.37843058,31.96331304,41.59419147,16.28362132,106.32483174,41.59319147,111.49881081,-0.83676941,-0.05365373,0.74374116,-0.29793156,0.68125827,-0.00300000,0.04029035,0.41722840,9.78637727,-0.13671373,0.05952024,-4.20232952,4
117.37843158,31.96331274,41.59176507,16.24672944,106.41755278,41.59076507,111.89394794,-0.83258778,-0.04353410,0.78350364,-0.31950851,0.71506642,-0.00374679,0.04956918,0.39026260,9.82603648,-0.20578578,0.23584330,-4.44916575,4
117.37843257,31.96331243,41.59041029,16.20920189,106.51001241,41.58941029,112.28808747,-0.83507882,-0.03520573,0.83499733,-0.34566944,0.76014204,-0.00399236,0.05418657,0.30937133,9.81549068,-0.21139366,-0.00301930,-4.63765166,4
117.37843356,31.96331212,41.58956233,16.17104181,106.60220764,41.58856233,112.68123890,-0.84188597,-0.04604434,0.87376272,-0.36713683,0.79316004,-0.00399999,0.02460782,0.25651667,9.85377919,-0.31054541,-0.15783860,-4.76596610,4
117.37843455,31.96331179,41.58901823,16.13225237,106.69413547,41.58801823,113.07341203,-0.84207791,-0.06737397,0.90924990,-0.38805392,0.82249915,-0.00400000,0.04826481,0.19999303,9.89501985,-0.27429093,-0.17281668,-4.82821462,4
117.37843553,31.96331146,41.58900000,16.09283673,106.78579291,41.58800000,113.46461702,-0.82535521,-0.08142100,0.96563484,-0.41787463,0.87063757,-0.00400000,0.22172847,0.06330022,9.84757951,0.22879031,-0.22790668,-4.80883088,4
117.37843651,31.96331109,41.58900000,16.05279804,106.87717697,41.58800000,113.85486434,-0.79699543,-0.07950117,1.00421845,-0.43972689,0.90247923,-0.00400537,0.27165325,0.08965011,9.84172202,0.02253861,0.39556339,-4.72090971,4
117.37843747,31.96331073,41.58900000,16.01213945,106.96828465,41.58800000,114.24416477,-0.79760963,-0.03327428,1.05344084,-0.46683207,0.94391206,-0.00493380,0.19175633,0.07634549,9.87327014,-0.39048147,0.73999250,-4.78916093,4
117.37843844,31.96331038,41.58900000,15.97086414,107.05911295,41.58800000,114.63252937,-0.81202557,0.02487126,1.09896028,-0.49262017,0.98198434,-0.00613391,0.06780841,0.04448339,9.86385864,-0.65134556,0.78965791,-4.87390854,4
117.37843941,31.96331001,41.58900000,15.92897525,107.14965889,41.58800000,115.01996951,-0.82546496,0.05651469,1.11792544,-0.50683493,0.99603807,-0.00683326,-0.00971577,0.02221452,9.68802552,-0.21788234,0.40166509,-4.78700843,4
117.37844036,31.96330963,41.58899722,15.88647594,107.23991946,41.58799722,115.40649686,-0.81179383,0.06510513,1.14422070,-0.52446813,1.01657000,-0.00699175,-0.04615733,0.00649299,9.79932749,-0.03907322,0.06140071,-4.83566815,4
117.37844131,31.96330923,41.58878972,15.84336938,107.32989169,41.58778972,115.79212334,-0.79849319,0.05138439,1.16821274,-0.54127548,1.03490457,-0.00678972,-0.03152229,-0.02576719,9.91093788,-0.04453163,-0.26507577,-4.96017100,4
117.37844225,31.96330881,41.58811852,15.79965871,107.41957256,41.58711852,116.17686116,-0.80367310,0.00268611,1.18187337,-0.55384734,1.04373194,-0.00613779,0.07053506,-0.09742810,9.82926837,-0.26714968,-0.59466758,-5.15550101,4
117.37844320,31.96330839,41.58690488,15.75534710,107.50895909,41.58590488,116.56072279,-0.79988487,-0.03571404,1.21188985,-0.57458207,1.06687785,-0.00600019,0.14877234,-0.08919722,9.71448069,-0.07276753,-0.45472982,-5.11466812,4
117.37844413,31.96330796,41.58557278,15.71043771,107.59804828,41.58457278,116.94372095,-0.78736169,-0.06645824,1.24242050,-0.59564174,1.09030235,-0.00576842,0.20209849,-0.07887792,9.72742958,0.10274899,-0.28891770,-5.01416136,4
117.37844504,31.96330752,41.58423715,15.66493368,107.68683713,41.58323715,117.32586861,-0.76336778,-0.08754354,1.26654398,-0.61365486,1.10779216,-0.00513731,0.21959285,-0.10009413,9.98274227,0.04562708,-0.27320503,-4.90941950,4
117.37844597,31.96330709,41.58239020,15.61883819,107.77532266,41.58139020,117.70717899,-0.76483233,-0.08906892,1.29182326,-0.63251302,1.12646618,-0.00500989,0.18701538,-0.10087381,9.89966911,-0.39509960,0.09316387,-4.89527032,4
117.37844690,31.96330665,41.58062056,15.57215438,107.86350188,41.57962056,118.08766553,-0.77895359,-0.08294129,1.31252709,-0.64915766,1.14097067,-0.00521871,0.11892828,-0.11115136,9.74997589,-0.61820159,0.30648550,-4.90051084,4
117.37844783,31.96330621,41.57930158,15.52488542,107.95137177,41.57830158,118.46734193,-0.80523184,-0.07155518,1.32302331,-0.66072174,1.14610956,-0.00581921,0.00591209,-0.15091456,9.64662675,-0.20848640,0.02008393,-4.90069098,4
117.37844874,31.96330577,41.57899901,15.47703446,108.03892936,41.57799901,118.84622206,-0.79653469,-0.09272569,1.33509848,-0.67309343,1.15284979,-0.00493479,0.04085797,-0.14497134,9.81856109,-0.13087251,-0.25765698,-4.91946044,4
117.37844965,31.96330529,41.57856465,15.42860466,108.12617164,41.57756465,119.22432007,-0.78838982,-0.12197144,1.34774210,-0.68595977,1.15994880,-0.00404145,0.10474453,-0.12149951,9.94491592,-0.19686981,-0.37367016,-4.94896753,4
117.37845056,31.96330482,41.57728889,15.37959918,108.21309563,41.57628889,119.60165025,-0.80212074,-0.14877031,1.36049261,-0.69932182,1.16671360,-0.00400000,0.14345543,-0.09185310,9.81653385,-0.35863075,-0.16432538,-4.99024232,4
117.37845146,31.96330435,41.57647315,15.33002117,108.29969833,41.57547315,119.97822715,-0.81976093,-0.15650356,1.37539480,-0.71387767,1.17553092,-0.00399312,0.18168832,-0.17406111,9.70018922,-0.47879201,0.01961616,-5.02429100,4
117.37845236,31.96330388,41.57602156,15.27987380,108.38597674,41.57502156,120.35406549,-0.82626931,-0.16209301,1.38922421,-0.72812108,1.18322998,-0.00378117,0.18443857,-0.23626588,9.70008562,-0.29486292,0.04317223,-4.99134962,4
117.37845325,31.96330340,41.57598245,15.22916022,108.47192787,41.57498245,120.72918018,-0.80978688,-0.17394736,1.39958964,-0.74097100,1.18748732,-0.00318098,0.11900218,-0.19800248,9.90045102,0.39944122,-0.20840709,-4.83965591,4
117.37845414,31.96330291,41.57550078,15.17788359,108.55754872,41.57450078,121.10358631,-0.78405103,-0.19742966,1.40190281,-0.74884592,1.18547274,-0.00250950,0.04397941,-0.06078538,9.90568899,-0.02018783,-0.25785878,-4.80300113,4
117.37845503,31.96330245,41.57481312,15.12604706,108.64283631,41.57381312,121.47729916,-0.77594288,-0.22948761,1.40211394,-0.75555769,1.18154195,-0.00181312,0.01891713,0.00758020,9.82520566,-0.57103517,-0.34073217,-4.85343946,4
117.37845593,31.96330197,41.57415611,15.07365380,108.72778764,41.57315611,121.85033418,-0.81650712,-0.27108289,1.40533625,-0.76450781,1.17923476,-0.00108604,0.12048330,-0.17602954,9.75471683,-0.25246720,-0.70449223,-4.98404251,4
117.37845683,31.96330149,41.57459851,15.02070697,108.81239971,41.57359851,122.22270699,-0.80284817,-0.32612608,1.40630812,-0.77231735,1.17497118,0.00020773,0.21781973,-0.08218614,9.76423884,0.08327932,-0.46747204,-5.01378794,4
117.37845772,31.96330100,41.57461653,14.96720971,108.89666953,41.57361653,122.59443335,-0.77998209,-0.34920548,1.41503708,-0.78448334,1.17755311,0.00095257,0.29744291,0.00373754,9.77923562,0.05705368,0.05781102,-4.92577723,4
117.37845861,31.96330050,41.57393291,14.91316519,108.98059410,41.57293291,122.96552921,-0.76070684,-0.33148201,1.43153713,-0.80098825,1.18686625,0.00079272,0.32541580,0.00800133,9.79170571,-0.25081197,0.64214851,-4.75924817,4
117.37845949,31.96330002,41.57322107,14.85857656,109.06417044,41.57222107,123.33601063,-0.74523114,-0.29033651,1.44157612,-0.81382729,1.18986420,-0.00051916,0.14226411,-0.03239431,9.85771342,0.00644961,0.56341910,-4.73319895,4
117.37846037,31.96329952,41.57251079,14.80344699,109.14739554,41.57151079,123.70589386,-0.73859804,-0.26855017,1.44321173,-0.82172210,1.18634293,-0.00097524,0.05857519,-0.01692961,9.82663545,-0.07269322,0.36755349,-4.75259507,4
117.37846125,31.96329902,41.57179503,14.74777963,109.23026641,41.57079503,124.07519525,-0.73167554,-0.26446351,1.43832388,-0.82575599,1.17756498,-0.00100000,0.03056860,0.01796537,9.80144647,-0.12974549,0.07203378,-4.83213907,4
117.37846212,31.96329851,41.57109229,14.69157763,109.31278007,41.57009229,124.44393130,-0.71552338,-0.28045950,1.42747674,-0.82628668,1.16366348,-0.00092181,0.01644681,0.03703142,9.88077498,0.20473801,-0.36679717,-5.00683020,4
117.37846298,31.96329800,41.57098735,14.63484417,109.39493350,41.56998735,124.81211866,-0.69868354,-0.34156592,1.42620747,-0.83346097,1.15747492,0.00099756,0.09531635,0.04742580,9.76978129,-0.09401327,-0.78515628,-5.16703310,4
117.37846385,31.96329749,41.57057489,14.57758239,109.47672373,41.56957489,125.17977408,-0.68299474,-0.40534366,1.43027316,-0.84353352,1.15520675,0.00276555,0.21053416,0.05090730,9.74055294,-0.06689951,-0.67082706,-5.18050709,4
117.37846471,31.96329697,41.56971014,14.51979545,109.55814776,41.56871014,125.54691444,-0.66569756,-0.45557916,1.43955834,-0.85648327,1.15681424,0.00392000,0.31215177,0.03883510,9.82408644,0.17617864,-0.20384524,-5.08859185,4
117.37846556,31.96329643,41.56830755,14.46148650,109.63920258,41.56730755,125.90149137,-0.64013087,-0.46658740,1.45591021,-0.87390351,1.16401432,0.00400000,0.29953973,-0.00907832,9.99815386,0.06313481,0.07158046,-5.01757691,4
117.37846641,31.96329591,41.56687376,14.40267991,109.71992766,41.56587376,126.25280720,-0.62530283,-0.46016296,1.46261586,-0.88519719,1.16415793,0.00398953,0.21803670,0.00451138,9.86743525,-0.03847085,0.24038522,-5.00954716,4
117.37846727,31.96329540,41.56544377,14.34336604,109.80028202,41.56444377,126.61311311,-0.61694248,-0.44583835,1.46576470,-0.89429765,1.16154292,0.00369196,0.16436122,0.03417241,9.75601952,-0.10618090,0.33619119,-5.05129605,4
117.37846813,31.96329487,41.56397324,14.28354775,109.88026258,41.56297324,126.97319991,-0.61241340,-0.42734281,1.46761079,-0.90266338,1.15768456,0.00305441,0.16931591,0.05581975,9.79177603,-0.12483495,0.34993984,-5.14249648,4
117.37846899,31.96329435,41.56185290,14.22322775,109.95986616,41.56085290,127.33316978,-0.59866017,-0.42361044,1.46462154,-0.90809283,1.14890571,0.00301463,0.15911270,-0.00025499,9.89378813,0.12721022,0.10464442,-5.30983579,4
117.37846984,31.96329380,41.55926335,14.16240869,110.03908949,41.55826335,127.69311932,-0.56040939,-0.43428679,1.46627879,-0.91661927,1.14394221,0.00345007,0.17352441,0.00625072,9.83534678,0.33491824,-0.07719539,-5.31543928,4
117.37847067,31.96329325,41.55643245,14.10109309,110.11792918,41.55543245,128.05314281,-0.51435714,-0.45452211,1.47174484,-0.92769203,1.14213807,0.00414189,0.21470541,0.04198466,9.72807131,0.34365163,-0.15875453,-5.23925155,4
117.37847149,31.96329270,41.55365156,14.03928338,110.19638176,41.55265156,128.41333218,-0.48592858,-0.47853188,1.47947761,-0.94032922,1.14213062,0.00481262,0.28417004,0.04173354,9.76112205,-0.05998308,-0.09718603,-5.21815391,4
117.37847230,31.96329213,41.55195916,13.97698193,110.27444366,41.55095916,128.77377826,-0.46120303,-0.47410103,1.49280802,-0.95642480,1.14627557,0.00444165,0.30423247,-0.01474475,9.86925710,0.14297881,0.27913414,-5.27361882,4
117.37847312,31.96329156,41.55107863,13.91419099,110.35211122,41.55007863,129.13457461,-0.43699537,-0.45736634,1.50293914,-0.97023336,1.14780936,0.00377130,0.27216296,-0.01856384,9.92146704,0.21850708,0.43347637,-5.29192481,4
117.37847394,31.96329100,41.55107482,13.85091274,110.42938065,41.55007482,129.49581871,-0.41366690,-0.43432272,1.50577762,-0.97906558,1.14358374,0.00310905,0.18270728,0.07522920,9.86388359,-0.17304955,0.12118137,-5.22166003,4
117.37847477,31.96329045,41.55406506,13.78714927,110.50624806,41.55306506,129.85760963,-0.42516661,-0.43229703,1.50843348,-0.98796050,1.13990916,0.00360379,0.15213382,-0.09224401,9.93062177,-0.27302097,0.10995686,-5.13110578,4
117.37847558,31.96328988,41.55685300,13.72290258,110.58270945,41.55585300,130.22004717,-0.42764210,-0.43222345,1.51022334,-0.99633006,1.13510675,0.00362543,0.16832778,-0.14731853,9.83541322,-0.15609882,0.13903654,-5.16072292,4
117.37847639,31.96328930,41.55886388,13.65817461,110.65876068,41.55786388,130.58323115,-0.41509881,-0.42953986,1.51201688,-1.00473308,1.12972706,0.00306662,0.21678910,-0.06082107,9.60905774,0.09351584,0.17441681,-5.29561448,4
117.37847718,31.96328872,41.55961805,13.59296719,110.73439750,41.55861805,130.94725736,-0.39466539,-0.41535723,1.52157935,-1.01837563,1.13018953,0.00299483,0.22460904,-0.05721579,9.79477886,0.06502432,0.34848809,-5.29797010,4
117.37847798,31.96328813,41.55964700,13.52728209,110.80961554,41.55864700,131.31221699,-0.37430378,-0.40307081,1.52646037,-1.02874748,1.12743679,0.00268333,0.19573120,-0.06846081,9.93064297,-0.03162055,0.29982513,-5.28541121,4
117.37847878,31.96328753,41.55898340,13.46112104,110.88441031,41.55798340,131.67819935,-0.35669770,-0.39578862,1.52531163,-1.03495205,1.12044994,0.00211893,0.13559588,-0.07691103,9.94080921,-0.15577994,0.00395943,-5.27770412,4
117.37847956,31.96328693,41.55768202,13.39448567,110.95877720,41.55668202,132.04529030,-0.36302072,-0.40737073,1.52626073,-1.04289359,1.11466125,0.00266138,0.11988385,-0.00492275,9.76688016,-0.16168921,-0.07399545,-5.30024403,4
117.37848034,31.96328633,41.55667176,13.32737760,111.03271153,41.55567176,132.41356924,-0.35363078,-0.43280920,1.52269356,-1.04780605,1.10528122,0.00335826,0.12176609,0.00304146,9.75574101,-0.04393593,-0.30377930,-5.38771490,4
117.37848112,31.96328572,41.55569289,13.25979838,111.10620847,41.55469289,132.78310725,-0.33432871,-0.46897295,1.51787558,-1.05179695,1.09472654,0.00418202,0.14241839,-0.03418235,9.85920898,0.06263514,-0.56703996,-5.48655314,4
117.37848187,31.96328510,41.55373089,13.19174955,111.17926315,41.55273089,133.15396917,-0.33129892,-0.51450787,1.52283104,-1.06213669,1.09097767,0.00550643,0.20667187,-0.03200885,9.87382408,-0.20732502,-0.40401821,-5.44553688,4
117.37848263,31.96328448,41.55211026,13.12323260,111.25187059,41.55111026,133.52621631,-0.33618976,-0.53388138,1.53008018,-1.07427468,1.08913436,0.00595965,0.26398546,-0.03405615,9.80668579,-0.27004452,-0.06256265,-5.43184428,4
117.37848340,31.96328385,41.55111666,13.05424903,111.32402574,41.55011666,133.89990375,-0.33531478,-0.53489025,1.53910956,-1.08774324,1.08853346,0.00600000,0.28401159,-0.04508547,9.75482114,-0.10419841,0.21860386,-5.37737276,4
117.37848415,31.96328323,41.55100504,12.98480032,111.39572350,41.55000504,134.27507962,-0.31781573,-0.52169262,1.55087928,-1.10307490,1.08959050,0.00600000,0.23858633,-0.06373692,9.79365076,0.30071374,0.27374296,-5.20022996,4
117.37848491,31.96328260,41.55153592,12.91488794,111.46695868,41.55053592,134.65178463,-0.29546668,-0.50868435,1.55116116,-1.10994350,1.08308584,0.00599751,0.20765673,0.11305419,9.94735130,-0.02645266,0.33948400,-5.14174147,4
117.37848567,31.96328196,41.55272911,12.84451338,111.53772607,41.55172911,135.03004822,-0.29249334,-0.49599106,1.54952132,-1.11555165,1.07533445,0.00573957,0.16542903,0.18452609,9.94994815,-0.39464224,0.28910931,-5.20829775,4
117.37848642,31.96328133,41.55468480,12.77367814,111.60802044,41.55368480,135.40988830,-0.31910601,-0.48341224,1.54983551,-1.12281763,1.06887798,0.00511531,0.09789265,0.02222693,9.68950432,-0.50663523,0.04677787,-5.40327093,4
117.37848717,31.96328070,41.55616598,12.70238376,111.67783654,41.55516598,135.79131143,-0.32554308,-0.51338984,1.54477668,-1.12579497,1.05806948,0.00559414,0.12760264,0.14881470,9.71872826,-0.24300121,-0.41364795,-5.45763028,4
117.37848790,31.96328005,41.55722837,12.63063182,111.74716912,41.55622837,136.17431069,-0.31732148,-0.55006002,1.54521907,-1.13290964,1.05080489,0.00659040,0.19104053,0.20364510,9.82651023,0.01857658,-0.54277858,-5.49968161,4
117.37848863,31.96327940,41.55791229,12.55842395,111.81601299,41.55691229,136.55887012,-0.29759909,-0.58357775,1.55277884,-1.14544199,1.04826312,0.00782458,0.27157148,0.14446207,9.94988966,0.17812051,-0.27997704,-5.55714984,4
117.37848935,31.96327875,41.55800478,12.48576185,111.88436298,41.55700478,136.94497004,-0.26954605,-0.58957874,1.56441947,-1.16121321,1.04801914,0.00799043,0.35821833,0.32794205,10.00066642,-0.11055308,0.11895597,-5.60239315,4
117.37849008,31.96327810,41.55833933,12.41264726,111.95221396,41.55733933,137.33258425,-0.26830026,-0.56910104,1.57811608,-1.17858669,1.04935345,0.00731937,0.35174613,0.36690221,9.90465498,-0.25591043,0.43170583,-5.63649987,4
117.37849081,31.96327744,41.55886328,12.33908200,112.01956088,41.55786328,137.72167595,-0.28768373,-0.53076132,1.59217896,-1.19620806,1.05114764,0.00612073,0.26450877,0.25296315,9.70950904,-0.19376856,0.61536660,-5.66771352,4
117.37849154,31.96327679,41.55837331,12.26506798,112.08639875,41.55737331,138.11219569,-0.26995617,-0.50606052,1.59586858,-1.20546279,1.04579059,0.00538481,0.18123920,0.22434061,9.70053814,0.10916934,0.34601886,-5.74978775,4
117.37849226,31.96327614,41.55740975,12.19060718,112.15272268,41.55640975,138.50408104,-0.24206451,-0.49316230,1.59813932,-1.21392234,1.03925924,0.00504199,0.14582227,0.24049792,9.79964937,0.19183302,0.17733238,-5.87805442,4
117.37849300,31.96327547,41.55613265,12.11570168,112.21852792,41.55513265,138.89726056,-0.21058703,-0.48965986,1.60086621,-1.22308786,1.03284411,0.00501644,0.15535884,0.28180783,9.96470865,0.03330720,0.16610533,-6.04263032,4
117.37849370,31.96327480,41.55431917,12.04035367,112.28380983,41.55331917,139.29165427,-0.17728723,-0.49940349,1.60893354,-1.23643402,1.02976075,0.00556394,0.17603828,0.26706697,9.86883766,0.19079825,-0.23586280,-6.18192978,4
117.37849440,31.96327412,41.55290555,11.96456542,112.34856392,41.55190555,139.68716875,-0.15150940,-0.52186961,1.61946859,-1.25154247,1.02795627,0.00619588,0.21569913,0.24507314,9.70578920,0.19121601,-0.46235565,-6.31261895,4
117.37849509,31.96327343,41.55217866,11.88833935,112.41278588,41.55117866,140.08369627,-0.13633359,-0.55908899,1.63222480,-1.26817605,1.02715542,0.00683296,0.27906478,0.22737449,9.52301822,-0.10127605,-0.34306275,-6.43740710,4
117.37849578,31.96327275,41.55155607,11.81167798,112.47647160,41.55055607,140.48111766,-0.10738252,-0.58061140,1.64428465,-1.28481856,1.02565046,0.00788791,0.26808367,0.22441230,9.74959208,0.07958838,-0.26455297,-6.52666308,4
117.37849647,31.96327207,41.55070800,11.73458396,112.53961717,41.54970800,140.87930281,-0.06826057,-0.60095674,1.65561435,-1.30102502,1.02360533,0.00898233,0.24449408,0.23390674,10.02730508,0.40592724,-0.29941765,-6.54750429,4
117.37849714,31.96327138,41.54902312,11.65706007,112.60221893,41.54802312,141.27810999,-0.01236146,-0.64089853,1.66566157,-1.31594803,1.02073474,0.00967077,0.27859590,0.26997318,9.94100249,0.56862889,-0.62254218,-6.36517888,4
117.37849782,31.96327068,41.54750789,11.57910925,112.66427346,41.54650789,141.67738629,0.02733451,-0.68047739,1.67765701,-1.33247336,1.01918793,0.01056728,0.31995197,0.27662505,9.80125807,0.34138185,-0.62040959,-6.34827379,4
117.37849850,31.96326999,41.54630845,11.50073455,112.72577760,41.54530845,142.07696643,0.04929112,-0.71605903,1.69166557,-1.35068114,1.01897282,0.01170514,0.35756746,0.24926756,9.67519698,-0.19370315,-0.28279068,-6.51495721,4
117.37849917,31.96326929,41.54602041,11.42193919,112.78672852,41.54502041,142.47667012,0.06533065,-0.73397165,1.70600579,-1.36885121,1.01816661,0.01239629,0.35483590,0.14466035,9.73567793,0.07075713,-0.23898687,-6.65784615,4
117.37849984,31.96326859,41.54596365,11.34272653,112.84712367,41.54496365,142.87629891,0.08164944,-0.74700054,1.72034542,-1.38694878,1.01711852,0.01295892,0.34068667,0.02410297,9.84961209,0.57143728,-0.30085957,-6.77904318,4
117.37850050,31.96326789,41.54499347,11.26310011,112.90696089,41.54399347,143.27563466,0.13238737,-0.76973645,1.73418578,-1.40523975,1.01599009,0.01401051,0.34807410,0.06807474,9.87568711,0.47731644,-0.38704183,-6.72910659,4
117.37850117,31.96326718,41.54411804,11.18306364,112.96623837,41.54311804,143.67444001,0.17843201,-0.79175709,1.74829031,-1.42377917,1.01498075,0.01501925,0.35654505,0.11050049,9.86277535,0.22576917,-0.40238633,-6.64531557,4
117.37850181,31.96326645,41.54400000,11.10262100,113.02495477,41.54300000,144.07246215,0.19301665,-0.80626853,1.76345846,-1.44295500,1.01437441,0.01563538,0.35754152,0.06638588,9.78613191,-0.15871504,-0.20129861,-6.54862477,4
117.37850245,31.96326573,41.54400000,11.02177627,113.08310914,41.54300000,144.46942776,0.20376892,-0.81453323,1.77959774,-1.46255583,1.01428784,0.01595991,0.37664356,0.08011926,9.79289759,-0.17857827,0.01604257,-6.44789473,4
117.37850308,31.96326500,41.54400000,10.94053372,113.14070104,41.54300000,144.86507476,0.21592956,-0.81524161,1.79671021,-1.48256760,1.01475000,0.01596930,0.41748222,0.17767459,9.91109066,0.24519957,0.22076989,-6.34983368,4
117.37850370,31.96326427,41.54400000,10.85889776,113.19773046,41.54300000,145.25872248,0.23007359,-0.78882197,1.81354218,-1.50282267,1.01497583,0.01531391,0.41984191,0.20103266,9.96906491,0.08771976,0.60367023,-6.35763787,4
117.37850433,31.96326354,41.54402137,10.77687421,113.25419878,41.54302137,145.64991145,0.24437698,-0.74523288,1.82982213,-1.52293348,1.01482906,0.01423864,0.39314966,0.16715571,9.97450193,-0.45109272,1.07096399,-6.42755565,4
117.37850493,31.96326281,41.54442795,10.69446833,113.31010738,41.54342795,146.03860441,0.24098872,-0.69226243,1.84094715,-1.53829386,1.01157757,0.01273850,0.32113664,0.09191887,9.90709923,-0.45167334,0.98763051,-6.40260484,4
117.37850554,31.96326206,41.54499410,10.61168550,113.36545812,41.54399410,146.42448484,0.23010185,-0.63824655,1.85020926,-1.55194239,1.00723550,0.01114323,0.24130502,0.01036936,9.82178295,-0.29435756,0.73152884,-6.34485087,4
117.37850614,31.96326131,41.54601717,10.52853133,113.42025347,41.54501717,146.80720241,0.19651600,-0.60445940,1.85708806,-1.56366532,1.00189919,0.00998283,0.25003131,0.00349720,9.79896358,-0.66425803,0.68571880,-6.30783714,4
117.37850672,31.96326055,41.54711083,10.44501166,113.47449650,41.54611083,147.18640278,0.16146701,-0.57255562,1.86332970,-1.57482843,0.99611057,0.00888917,0.26595116,-0.00363373,9.78946994,-0.94593482,0.68277723,-6.29217891,4
117.37850730,31.96325980,41.54820003,10.36113252,113.52819088,41.54720003,147.56171568,0.13475367,-0.53609713,1.86848500,-1.58494736,0.98913757,0.00778866,0.25611312,-0.05236207,9.79504806,-0.57712627,0.70567714,-6.34499540,4
117.37850786,31.96325903,41.54911217,10.27690016,113.58134093,41.54811217,147.93275777,0.12210000,-0.50338794,1.87400350,-1.59560733,0.98217184,0.00668801,0.23706114,-0.04430695,9.83373096,-0.24675925,0.65387768,-6.41641981,4
117.37850842,31.96325825,41.54972379,10.19232107,113.63395165,41.54872379,148.29913367,0.13058938,-0.47865095,1.88042752,-1.60746274,0.97551722,0.00560770,0.20958656,0.07045151,9.92320559,-0.18955788,0.47105827,-6.50028472,4
117.37850896,31.96325748,41.55053606,10.10740194,113.68602871,41.54953606,148.66044052,0.11479987,-0.45487033,1.88645907,-1.61869752,0.96868943,0.00477938,0.19941516,0.10790232,9.95299484,-0.58289302,0.41361195,-6.54587953,4
117.37850950,31.96325671,41.55159319,10.02214968,113.73757848,41.55059319,149.01627346,0.07281161,-0.43107911,1.89227625,-1.62941974,0.96177356,0.00417755,0.21160378,0.05025699,9.90442893,-1.29862744,0.49926736,-6.55068970,4
117.37851005,31.96325593,41.55267882,9.93657143,113.78860801,41.55167882,149.36622609,0.04318671,-0.40886756,1.90171784,-1.64341220,0.95638924,0.00330028,0.26995247,-0.04247045,9.71781923,-0.92715172,0.57835986,-6.54667625,4
117.37851058,31.96325514,41.55379630,9.85067451,113.83912509,41.55279630,149.70988806,0.02666913,-0.38442192,1.91332008,-1.65937013,0.95191617,0.00216992,0.34550786,-0.12753086,9.48610353,0.04574328,0.67527978,-6.54559324,4
117.37851112,31.96325436,41.55527484,9.76446645,113.88913820,41.55427484,150.04684317,0.04923319,-0.32549067,1.92440132,-1.67477085,0.94719802,0.00029271,0.32374148,0.02082766,9.60453261,0.14226519,1.12607683,-6.60011071,4
117.37851164,31.96325358,41.55675473,9.67795499,113.93865656,41.55575473,150.37666831,0.08307051,-0.25597829,1.93469979,-1.68946437,0.94206599,-0.00179857,0.26027220,0.22674898,9.84482000,-0.07523730,1.58622035,-6.66462095,4
117.37851215,31.96325278,41.55700491,9.59114806,113.98769013,41.55600491,150.69893364,0.09623281,-0.20249067,1.93981468,-1.69979523,0.93398421,-0.00347023,0.13365141,0.18715738,10.04012728,-0.08684069,0.90725833,-6.63434220,4
117.37851267,31.96325199,41.55727045,9.50405381,114.03624961,41.55627045,151.01320353,0.10386285,-0.16286295,1.94147628,-1.70708537,0.92419609,-0.00474099,0.01663424,0.14129534,10.16053022,-0.08470331,0.13065300,-6.59759558,4
117.37851319,31.96325120,41.55880627,9.41668058,114.08434648,41.55780627,151.31903661,0.10335528,-0.17753236,1.93081697,-1.70335610,0.90864893,-0.00438097,0.00316913,0.28613558,9.96724413,-0.22637966,-0.10339942,-6.62070907,4
117.37851369,31.96325041,41.56127691,9.32903693,114.13199298,41.56027691,151.61598667,0.09600534,-0.21030856,1.92048459,-1.70000099,0.89315494,-0.00333808,0.01830361,0.36252836,9.82607877,-0.36667864,-0.46402776,-6.70257283,4
117.37851418,31.96324962,41.56538974,9.24113164,114.17920214,41.56438974,151.90360250,0.07529907,-0.26809798,1.91517874,-1.70132034,0.87973960,-0.00124815,0.07001134,0.22744730,9.89243874,-0.45845819,-1.23622002,-6.89217572,4
117.37851467,31.96324883,41.56907567,9.15297369,114.22598777,41.56807567,152.18142507,0.04863459,-0.34343591,1.91368345,-1.70597779,0.86768367,0.00121867,0.17840304,0.12073871,9.87063057,-0.55788135,-1.54311107,-7.03735323,4
117.37851516,31.96324802,41.57186358,9.06457230,114.27236448,41.57086358,152.44899035,0.01968946,-0.43092819,1.91716392,-1.71495778,0.85747175,0.00383025,0.34032091,0.09095837,9.71508921,-0.62536317,-1.19187203,-7.09213229,4
117.37851564,31.96324721,41.57361802,8.97593694,114.31834769,41.57261802,152.70583657,0.01441136,-0.47623935,1.93192414,-1.73389383,0.85233890,0.00525120,0.42836224,0.13199077,9.61540498,-0.25038632,-0.54159240,-6.97252917,4
117.37851611,31.96324641,41.57477887,8.88707727,114.36395361,41.57377887,152.95150647,0.02681771,-0.48979930,1.95285317,-1.75818977,0.85012714,0.00580762,0.44848307,0.19893435,9.58553122,0.34621044,0.17494101,-6.70775840,4
117.37851659,31.96324560,41.57584141,8.79800321,114.40919923,41.57484141,153.18554574,0.06003093,-0.47020591,1.96876457,-1.77728878,0.84657649,0.00555614,0.32845093,0.15760788,9.75210463,0.45298537,0.30673266,-6.08439297,4
117.37851707,31.96324480,41.57680222,8.70872491,114.45410235,41.57580222,153.40750205,0.09920493,-0.44428996,1.98142880,-1.79310831,0.84219992,0.00514437,0.17255521,0.07955578,9.95358096,0.37469707,0.19629862,-5.30733830,4
117.37851755,31.96324401,41.57699210,8.61925275,114.49868152,41.57599210,153.61692457,0.13298596,-0.45246396,1.98386649,-1.79868312,0.83587133,0.00547905,0.10741968,0.02360894,9.89002374,0.27262817,-0.18979361,-4.24991806,4
117.37851804,31.96324321,41.57706054,8.52959736,114.54295610,41.57606054,153.81336454,0.16194583,-0.46926653,1.98333409,-1.80117218,0.82920955,0.00599319,0.08025953,-0.00761153,9.77492307,0.15748215,-0.53354541,-3.18945144,4
117.37851853,31.96324241,41.57753384,8.43976962,114.58694617,41.57653384,153.99637493,0.16734027,-0.48919372,1.97841931,-1.79849129,0.82333057,0.00650215,0.16362582,0.08888253,9.73684750,-0.02949812,-0.17287430,-2.53971059,4
117.37851900,31.96324161,41.57824652,8.34978069,114.63067263,41.57724652,154.16551012,0.17292889,-0.49998275,1.97503358,-1.79698807,0.81858935,0.00673073,0.24954055,0.16265886,9.71768103,-0.11423233,0.27505918,-1.98433037,4
117.37851945,31.96324081,41.57957201,8.25964199,114.67415708,41.57857201,154.32033202,0.19371234,-0.47572022,1.97979084,-1.80283460,0.81748131,0.00594350,0.27668559,0.07646832,9.71833774,0.21087113,0.60489074,-1.51336480,4
117.37851990,31.96324000,41.58095364,8.16936523,114.71742189,41.57995364,154.46041506,0.21709881,-0.44062970,1.98529567,-1.80916408,0.81714132,0.00482951,0.27776355,-0.01740329,9.73677624,0.48858032,0.92255754,-1.01137707,4
117.37852034,31.96323920,41.58203272,8.07896240,114.76049010,41.58103272,154.58534538,0.23971248,-0.37904792,1.98701783,-1.81100295,0.81754242,0.00286757,0.19168675,0.00019140,9.82995242,0.11430928,1.28507752,-0.25340992,4
117.37852079,31.96323837,41.58274490,7.98844578,114.80338547,41.58174490,154.69472052,0.25526893,-0.30587528,1.98750714,-1.81126937,0.81828854,0.00044026,0.09035620,0.02647405,9.87558710,-0.28784324,1.61272894,0.56991044,4
117.37852121,31.96323757,41.58245978,7.89782792,114.84613240,41.58145978,154.78814910,0.24822802,-0.21184503,1.98600082,-1.80886781,0.81965220,-0.00296027,-0.00826896,0.01325802,9.72125539,-0.36553662,1.77192761,1.44321033,4
117.37852164,31.96323674,41.58237632,7.80712171,114.88875592,41.58137632,154.86524950,0.24150348,-0.12703435,1.98050885,-1.80248093,0.82033941,-0.00601972,-0.12519294,0.01736427,9.59550002,-0.30603886,1.58830395,2.24188504,4
117.37852206,31.96323593,41.58326267,7.71634031,114.93128167,41.58226267,154.92565067,0.24623948,-0.07560947,1.96649613,-1.78787121,0.81912524,-0.00775928,-0.28057184,0.07915302,9.63004438,-0.08440152,0.70132451,2.83309968,4
117.37852249,31.96323511,41.58484777,7.62549725,114.97373590,41.58384777,154.96899300,0.25699420,-0.06066138,1.94886160,-1.76953445,0.81701856,-0.00824017,-0.37254912,0.14035123,9.71471090,0.06908456,-0.09396807,3.24213831,4
117.37852290,31.96323430,41.58721738,7.53460635,115.01614538,41.58621738,154.99492842,0.27381105,-0.09602177,1.92847278,-1.74812795,0.81424042,-0.00704064,-0.34049507,0.18053085,9.82419863,0.04487183,-0.46602682,3.40930827,4
117.37852330,31.96323347,41.58873461,7.44368180,115.05853743,41.58773461,155.00312174,0.28882305,-0.13444609,1.91383579,-1.73200580,0.81395673,-0.00569116,-0.26205244,0.22237954,9.87612223,-0.06017077,-0.51952550,3.49128083,4
117.37852371,31.96323265,41.58900000,7.35273817,115.10093984,41.58800000,154.99325239,0.29943468,-0.16292550,1.90724013,-1.72340574,0.81702400,-0.00462534,-0.16132635,0.26848675,9.85035465,-0.21348160,-0.30011087,3.54316351,4
117.37852410,31.96323184,41.58900000,7.26179035,115.14338089,41.58800000,154.96501540,0.29930027,-0.18005574,1.90656034,-1.72016324,0.82262922,-0.00409098,-0.09330340,0.26180241,9.79984759,-0.30205746,-0.14990778,3.77434701,4
117.37852449,31.96323100,41.58898803,7.17085365,115.18588923,41.58798803,154.91812362,0.29058702,-0.18827418,1.90986373,-1.72044798,0.83000946,-0.00400000,-0.06257234,0.20861790,9.74598650,-0.31501008,-0.11448773,4.18293630,4
117.37852488,31.96323018,41.58872362,7.07994376,115.22849392,41.58772362,154.85231090,0.29371878,-0.19010125,1.91444571,-1.72119686,0.83893117,-0.00400000,-0.08298240,0.22952369,9.78374619,-0.20591944,-0.00343864,4.68574377,4
117.37852529,31.96322937,41.58826926,6.98907675,115.27122432,41.58726926,154.76733146,0.30682260,-0.18838082,1.91910887,-1.72148042,0.84867521,-0.00400000,-0.13821029,0.31211816,9.89273672,-0.02389085,0.17676118,5.22670767,4
117.37852572,31.96322856,41.58803749,6.89826909,115.31411009,41.58703749,154.66295867,0.29666541,-0.18830344,1.91520813,-1.71387155,0.85520319,-0.00400000,-0.20835447,0.26357350,9.95230144,-0.17957196,0.08013559,5.54233305,4
117.37852615,31.96322775,41.58799518,6.80753766,115.35718109,41.58699518,154.53898644,0.26796353,-0.19030228,1.90492883,-1.70046186,0.85922029,-0.00399037,-0.28413828,0.11003073,9.96291124,-0.58655553,-0.23220867,5.68370090,4
117.37852659,31.96322695,41.58772140,6.71689974,115.40046739,41.58672140,154.39522958,0.25272798,-0.21091825,1.89535107,-1.68761183,0.86353986,-0.00344281,-0.33892338,0.05207034,9.87775288,-0.38333517,-0.51074112,5.78019558,4
117.37852703,31.96322615,41.58726077,6.62637305,115.44399917,41.58626077,154.23152221,0.24954758,-0.24439577,1.88713584,-1.67594560,0.86841389,-0.00251558,-0.37783062,0.07577906,9.73229222,0.28295531,-0.73559890,5.86865412,4
117.37852748,31.96322534,41.58758881,6.53597572,115.48780671,41.58658881,154.04771804,0.25987369,-0.28432301,1.87884639,-1.66415039,0.87314582,-0.00096137,-0.30442863,0.09439803,9.79478521,0.43972498,-0.78364402,5.91844683,4
117.37852792,31.96322454,41.58849114,6.44572632,115.53192031,41.58749114,153.84369173,0.27807434,-0.32709989,1.87032939,-1.65211215,0.87770772,0.00098162,-0.15470440,0.09896892,10.01012321,0.18148893,-0.71523091,5.94229929,4
117.37852837,31.96322374,41.58948385,6.35564386,115.57637024,41.58848385,153.61934813,0.27790595,-0.35742794,1.87151430,-1.64844554,0.88685331,0.00214252,-0.08386847,0.08418916,10.16045592,0.03496722,-0.58292806,5.96064304,4
117.37852882,31.96322293,41.59046799,6.26574778,115.62118669,41.58946799,153.37460361,0.26447048,-0.37906733,1.87923245,-1.65042159,0.89909383,0.00273223,-0.07512923,0.05812649,10.24878020,0.01338946,-0.42181595,5.97842262,4
117.37852927,31.96322214,41.59170897,6.17605797,115.66639974,41.59070897,153.10937460,0.24151725,-0.38818331,1.88331728,-1.64915634,0.90946118,0.00296207,-0.08631260,0.04463873,10.11025310,-0.15338267,-0.11512818,6.05151333,4
117.37852972,31.96322133,41.59313777,6.08659484,115.71203931,41.59213777,152.82359972,0.21323611,-0.38924303,1.88398083,-1.64486061,0.91809840,0.00299893,-0.10452773,0.04163411,9.81434751,-0.44065861,0.29391714,6.16485998,4
117.37853018,31.96322055,41.59434604,5.99737923,115.75813512,41.59334604,152.51724282,0.19584462,-0.36633312,1.88762435,-1.64294060,0.92874634,0.00227513,-0.14848114,-0.00505863,9.72072242,-0.28439265,0.58558033,6.49310148,4
117.37853065,31.96321975,41.59534999,5.90843250,115.80471662,41.59434999,152.19029073,0.18797110,-0.32531373,1.89416297,-1.64337198,0.94126460,0.00096741,-0.21214184,-0.08840515,9.81248362,0.24599370,0.76810042,6.98831817,4
117.37853112,31.96321896,41.59566160,5.81977646,115.85181291,41.59466160,151.84275447,0.19232826,-0.29830889,1.89266158,-1.63627789,0.95075226,0.00018184,-0.26090269,-0.13386214,9.97079934,0.37143736,0.56325459,7.66339375,4
117.37853160,31.96321816,41.59535288,5.73143340,115.89945272,41.59435288,151.47466758,0.20648842,-0.28820363,1.88291900,-1.62153934,0.95698236,0.00000833,-0.29160925,-0.13599671,10.15621649,0.03724918,0.01024145,8.47757798,4
117.37853209,31.96321736,41.59468574,5.64342608,115.94766434,41.59368574,151.08608010,0.20780088,-0.29203167,1.87393239,-1.60656870,0.96465155,0.00000000,-0.31636184,-0.13349967,10.13992856,-0.25231370,-0.29529570,9.21208882,4
117.37853258,31.96321659,41.59379951,5.55577774,115.99647554,41.59279951,150.67705583,0.19236067,-0.30632736,1.86807773,-1.59348182,0.97480765,0.00000000,-0.33969552,-0.13811795,9.89609716,-0.36398159,-0.23352466,9.82118435,4
117.37853306,31.96321580,41.59336017,5.46851210,116.04591360,41.59236017,150.24767483,0.17269933,-0.31858268,1.85990888,-1.57797775,0.98427710,0.00000000,-0.35122261,-0.11920412,9.65732980,-0.35122771,-0.10209705,10.36681067,4
117.37853356,31.96321501,41.59358307,5.38165338,116.09600519,41.59258307,149.79803369,0.15409381,-0.32422124,1.84747555,-1.55856143,0.99187452,0.00000000,-0.34786503,-0.06672761,9.51342238,-0.24816417,-0.02429573,10.87934422,4
117.37853406,31.96321423,41.59389348,5.29522624,116.14677635,41.59289348,149.32824506,0.14973474,-0.32333894,1.83761204,-1.54060430,1.00159822,0.00000000,-0.35617925,-0.02815211,9.50457441,-0.17426253,0.04079780,11.49208053,4
117.37853454,31.96321344,41.59399299,5.20925583,116.19825245,41.59299299,148.83844053,0.16491114,-0.31662363,1.83357171,-1.52670390,1.01530690,0.00000000,-0.38854126,-0.02626433,9.63760906,-0.18545707,0.11832473,12.26258078,4
117.37853505,31.96321266,41.59327735,5.12376776,116.25045813,41.59227735,148.32877023,0.18265356,-0.31160258,1.82643773,-1.50950146,1.02800214,0.00000000,-0.44177613,0.00438009,9.77273202,-0.28846238,0.11388191,13.06315680,4
117.37853557,31.96321187,41.59138397,5.03878807,116.30341727,41.59038397,147.79939895,0.19233660,-0.31287118,1.81057424,-1.48434452,1.03652825,0.00000000,-0.51352195,0.10513761,9.82394515,-0.48549881,-0.03211855,13.81313078,4
117.37853609,31.96321109,41.58937772,4.95434327,116.35715291,41.58837772,147.25050716,0.19178989,-0.31678431,1.79497102,-1.45876409,1.04567684,0.00000000,-0.54880429,0.20130008,9.79264228,-0.48474786,-0.11481556,14.48536158,4
117.37853663,31.96321033,41.58803795,4.87046026,116.41168725,41.58703795,146.68229444,0.18022740,-0.32044801,1.78634191,-1.43838830,1.05902996,0.00000000,-0.50917715,0.23742318,9.68593195,-0.08131182,0.01402204,15.06634754,4
117.37853717,31.96320956,41.58796885,4.78716637,116.46704157,41.58696885,146.09498058,0.17399685,-0.32186938,1.77644873,-1.41647131,1.07175833,0.00011458,-0.46453603,0.27255070,9.65048040,0.37304414,0.15427662,15.59705090,4
117.37853773,31.96320879,41.58969687,4.70448930,116.52323621,41.58869687,145.48880098,0.18700454,-0.31946668,1.75791442,-1.38693028,1.07956938,0.00044597,-0.47505984,0.35942340,9.81157751,0.57631547,0.13063487,16.10882917,4
117.37853831,31.96320804,41.59201258,4.62245713,116.58029050,41.59101258,144.86400276,0.20898598,-0.31753057,1.73718064,-1.35511622,1.08632200,0.00082365,-0.51483069,0.44990366,10.02714332,0.63370707,0.00562192,16.62914652,4
117.37853890,31.96320729,41.59330478,4.54109829,116.63822277,41.59230478,144.22084714,0.22802612,-0.32379147,1.72429867,-1.32902400,1.09821003,0.00098643,-0.55522253,0.45893010,10.08632190,0.64819138,-0.17193645,17.20506443,4
117.37853949,31.96320655,41.59380136,4.46044152,116.69705026,41.59280136,143.55960893,0.24378374,-0.33346022,1.71459324,-1.30495857,1.11221733,0.00100000,-0.59166639,0.42089728,10.02513517,0.62150177,-0.27032781,17.85885004,4
117.37854009,31.96320580,41.59398516,4.38051589,116.75678914,41.59298516,142.88057486,0.25640922,-0.33524362,1.69640056,-1.27344222,1.12091033,0.00100000,-0.61774475,0.41159517,9.91287210,0.51234819,0.05342179,18.67357462,4
117.37854068,31.96320506,41.59400000,4.30135077,116.81745446,41.59300000,142.18404672,0.27094563,-0.32575455,1.67548466,-1.23887417,1.12812793,0.00082354,-0.64119283,0.38855479,9.81746445,0.41378806,0.58878205,19.66886232,4
117.37854130,31.96320432,41.59400000,4.22297575,116.87906008,41.59300000,141.47034255,0.30137922,-0.29305018,1.66823188,-1.21338877,1.14487085,-0.00007994,-0.68215089,0.21535596,9.90527778,0.58202664,0.81979331,20.97160015,4
117.37854194,31.96320360,41.59388154,4.14542068,116.94161869,41.59288154,140.73979751,0.33987156,-0.24567301,1.66820001,-1.19230943,1.16677424,-0.00144884,-0.73450297,-0.01716176,10.08329966,0.85661881,0.82310221,22.46299452,4
117.37854260,31.96320288,41.59300788,4.06871559,117.00514172,41.59200788,139.99276570,0.35976082,-0.20361969,1.65239158,-1.15776912,1.17862430,-0.00261998,-0.78055713,0.03469822,10.02817003,0.62679893,0.81051097,23.85899668,4
117.37854326,31.96320217,41.59160605,3.99289067,117.06963938,41.59060605,139.22961277,0.36505070,-0.16725620,1.62534743,-1.11357775,1.18330283,-0.00361345,-0.82833851,0.28197625,9.80211137,0.06723539,0.78573730,25.11066545,4
117.37854395,31.96320148,41.59043452,3.91797622,117.13512057,41.58943452,138.45070703,0.36718557,-0.13907163,1.60681437,-1.07505264,1.19357892,-0.00457844,-0.94351203,0.34968953,9.64544458,-0.01225042,0.62493866,25.76804444,4
117.37854463,31.96320079,41.58946789,3.84400265,117.20159290,41.58846789,137.65642112,0.36776605,-0.11676148,1.59538074,-1.04137617,1.20851375,-0.00553211,-1.10971549,0.26998171,9.55121565,0.29134384,0.36164695,25.98299530,4
117.37854532,31.96320011,41.58876099,3.77100048,117.26906269,41.58776099,136.84713684,0.38188353,-0.09221760,1.56546946,-0.99552085,1.20806462,-0.00597175,-1.12997527,0.29119509,9.69595184,0.31281500,0.46150989,26.07144502,4
117.37854604,31.96319943,41.58825126,3.69900023,117.33753493,41.58725126,136.02324771,0.40694694,-0.06556036,1.52034739,-0.93962426,1.19502477,-0.00599977,-1.03042937,0.40128370,10.02906236,0.08741616,0.85821092,26.08219335,4
117.37854677,31.96319877,41.58801928,3.62803243,117.40701327,41.58701928,135.18515696,0.39953848,-0.03482922,1.50028961,-0.90047430,1.19976617,-0.00674842,-0.99939274,0.32301752,10.07505664,-0.37111689,0.77065018,26.16037914,4
117.37854752,31.96319811,41.58800037,3.55812758,117.47750002,41.58700037,134.33327047,0.36538847,-0.00092773,1.50123427,-0.87534799,1.21950590,-0.00809969,-1.02997353,0.08826656,9.87968590,-1.00417518,0.27710063,26.29706486,4
117.37854827,31.96319747,41.58931976,3.48931609,117.54899614,41.58831976,133.46799585,0.32822452,0.01828938,1.48556610,-0.84035875,1.22498338,-0.00886149,-1.03976658,0.05337869,9.66383522,-1.11629662,0.15386978,26.46705317,4
117.37854904,31.96319683,41.59193043,3.42162831,117.62150124,41.59093043,132.58974858,0.29033667,0.02288348,1.45189769,-0.79454993,1.21526268,-0.00899664,-1.02409062,0.22699712,9.44804626,-0.70442103,0.42663975,26.66475609,4
117.37854984,31.96319621,41.59435022,3.35509439,117.69501357,41.59335022,131.69895248,0.26485402,0.04556506,1.43839287,-0.76008443,1.22128216,-0.00936254,-1.04637167,0.26309404,9.51531161,-0.36383900,0.62174106,26.83442198,4
117.37855063,31.96319561,41.59625865,3.28974432,117.76953003,41.59525865,130.79603409,0.25345024,0.09192324,1.45167652,-0.74084682,1.24847874,-0.01013210,-1.11715627,0.09672467,9.90022018,-0.22402499,0.63829185,26.96627242,4
117.37855144,31.96319501,41.59748718,3.22560785,117.84504617,41.59648718,129.88141950,0.23704522,0.12796217,1.45778027,-0.71843522,1.26852628,-0.01068914,-1.18975072,-0.09702996,10.18607739,-0.33267981,0.41581708,27.07107957,4
117.37855229,31.96319443,41.59754538,3.16271446,117.92155620,41.59654538,128.95553443,0.20151329,0.12763461,1.43253493,-0.68017816,1.26058895,-0.01054588,-1.23760363,-0.23027968,10.07039763,-0.85968137,-0.21813741,27.13941138,4
117.37855313,31.96319386,41.59706181,3.10109334,117.99905302,41.59606181,128.01880366,0.15580072,0.10983786,1.39812498,-0.63716972,1.24428215,-0.01010055,-1.26799175,-0.31663209,9.79644086,-1.45014908,-0.94560021,27.17443258,4
117.37855397,31.96319331,41.59633071,3.04077333,118.07752820,41.59533071,127.07165099,0.09746860,0.08055911,1.39370077,-0.60860240,1.25340154,-0.00966536,-1.25321659,-0.26529152,9.62999622,-1.25013478,-1.10458289,27.09055534,4
117.37855484,31.96319277,41.59549292,2.98178291,118.15697203,41.59449292,126.11450053,0.03370224,0.04525003,1.40417134,-0.58726084,1.27508082,-0.00921324,-1.21510441,-0.14523617,9.52694946,-0.64680961,-0.97048805,26.94794048,4
117.37855572,31.96319223,41.59529801,2.92415013,118.23737353,41.59429801,125.14777889,0.00341559,0.00813348,1.39393496,-0.55772912,1.27701200,-0.00810761,-1.18122637,-0.10974633,9.64181582,-0.27589787,-0.91261222,26.89641954,4
117.37855660,31.96319171,41.59559615,2.86790258,118.31872046,41.59459615,124.17191740,0.00011519,-0.03014417,1.36752362,-0.52178976,1.26347080,-0.00648889,-1.14977416,-0.14309884,9.93151406,-0.11010966,-0.91829924,26.91773180,4
117.37855750,31.96319120,41.59524031,2.81306737,118.40099930,41.59424031,123.18735227,-0.01155250,-0.06219916,1.35639144,-0.49167068,1.26360145,-0.00530058,-1.09784099,-0.16868989,10.15103449,-0.23551654,-0.94673060,26.90466347,4
117.37855840,31.96319070,41.59362711,2.75967103,118.48419532,41.59262711,122.19452279,-0.04588161,-0.08340690,1.37611883,-0.47338975,1.29166125,-0.00500000,-1.01067735,-0.15932190,10.19681348,-0.78573313,-0.99322067,26.81057552,4
117.37855933,31.96319021,41.59149517,2.70773950,118.56829258,41.59049517,121.19386711,-0.08997311,-0.10063610,1.40341870,-0.45814642,1.32637571,-0.00497716,-0.91940793,-0.14330742,10.16692068,-1.43496258,-1.01553602,26.68882006,4
117.37856025,31.96318974,41.58832692,2.65729812,118.65327393,41.58732692,120.18581822,-0.15735507,-0.11440668,1.39846388,-0.43207060,1.32965239,-0.00469872,-0.91589823,-0.18542411,9.94856431,-1.58106119,-0.69877865,26.56470127,4
117.37856118,31.96318927,41.58469343,2.60837153,118.73912109,41.58369343,119.17080408,-0.23471971,-0.12523726,1.37919429,-0.40113142,1.31892346,-0.00433617,-0.95483389,-0.25345586,9.64983753,-1.46653775,-0.24216616,26.43636565,4
117.37856212,31.96318882,41.58149578,2.56098373,118.82581463,41.58049578,118.14924907,-0.29754068,-0.12358129,1.37507134,-0.37474073,1.32241436,-0.00438800,-0.98766318,-0.29532566,9.47259783,-1.21352072,-0.05164357,26.27746488,4
117.37856308,31.96318839,41.57894068,2.51515795,118.91333405,41.57794068,117.12157240,-0.33939966,-0.10491670,1.39310308,-0.35505510,1.34675137,-0.00501977,-1.00843501,-0.29882205,9.47014683,-0.79129443,-0.24084565,26.07670086,4
117.37856404,31.96318798,41.57652136,2.47091669,119.00165777,41.57552136,116.08818581,-0.37138207,-0.08649695,1.41276486,-0.33610747,1.37233077,-0.00562709,-1.02687363,-0.31460065,9.53587478,-0.34999884,-0.52166402,25.88862709,4
117.37856501,31.96318758,41.57382517,2.42828165,119.09076323,41.57282517,115.04949232,-0.37667776,-0.10056540,1.40288676,-0.30982006,1.36820567,-0.00502108,-1.05191229,-0.48059184,9.73123372,-0.09087293,-0.71367346,25.85974779,4
117.37856599,31.96318720,41.57105818,2.38727374,119.18062687,41.57005818,114.00588727,-0.37188451,-0.12746197,1.38177193,-0.28062280,1.35269060,-0.00394713,-1.06964591,-0.70026040,9.96496210,0.05296227,-0.83544238,25.89244493,4
117.37856698,31.96318683,41.56869233,2.34791303,119.27122420,41.56769233,112.95776051,-0.38187037,-0.14039239,1.37649999,-0.25448349,1.35244304,-0.00347674,-1.01164694,-0.81395452,10.04875784,-0.04368298,-0.73676212,25.84722649,4
117.37856798,31.96318649,41.56696400,2.31021874,119.36252981,41.56596400,111.90549657,-0.41642688,-0.12962204,1.39762992,-0.23355006,1.37771990,-0.00401800,-0.83633860,-0.75416930,9.89259563,-0.49941841,-0.30373851,25.67124861,4
117.37856898,31.96318614,41.56557654,2.27420919,119.45451746,41.56457654,110.84947278,-0.45443848,-0.11210294,1.41972123,-0.21301806,1.40366062,-0.00480692,-0.67617533,-0.66504502,9.69003755,-0.92112418,0.14223783,25.45835808,4
117.37856999,31.96318582,41.56506022,2.23990180,119.54716006,41.56406022,109.79005650,-0.48073447,-0.08988905,1.41629797,-0.18841730,1.40369494,-0.00560677,-0.72035839,-0.63567572,9.54276797,-0.77505282,0.26896559,25.22092422,4
117.37857101,31.96318553,41.56500000,2.20731309,119.64042975,41.56400000,108.72760274,-0.49975652,-0.06470868,1.40106418,-0.16186585,1.39164625,-0.00641187,-0.86121276,-0.62713926,9.43836556,-0.35567472,0.23420553,24.97978459,4
117.37857204,31.96318525,41.56500000,2.17645863,119.73429793,41.56400000,107.66245383,-0.50967399,-0.03548300,1.39533775,-0.13632512,1.38858918,-0.00721474,-0.94109626,-0.54655939,9.43914946,-0.07140175,0.21860451,24.80342854,4
117.37857307,31.96318498,41.56500000,2.14735305,119.82873533,41.56400000,106.59494004,-0.50437127,0.00057621,1.41029423,-0.11315060,1.40531875,-0.00801226,-0.88318208,-0.32617498,9.62595110,-0.10703859,0.27865854,24.74904026,4
117.37857409,31.96318472,41.56484293,2.12001004,119.92371203,41.56384293,105.52537939,-0.49795151,0.03528839,1.42346459,-0.09003364,1.42001859,-0.00869846,-0.81344695,-0.09480272,9.82398576,-0.19132430,0.32648865,24.70304578,4
117.37857514,31.96318448,41.56409322,2.09444234,120.01919754,41.56309322,104.45407776,-0.49885805,0.05975533,1.41421670,-0.06532610,1.41206174,-0.00896913,-0.80359264,0.07211432,9.92342016,-0.21654663,0.27084808,24.59618285,4
117.37857619,31.96318426,41.56300161,2.07066170,120.11516080,41.56200161,103.38132896,-0.50399196,0.07830813,1.39203378,-0.03970313,1.39103217,-0.00900000,-0.82829204,0.20182305,9.96595013,-0.20768543,0.15550760,24.45420752,4
117.37857724,31.96318405,41.56184100,2.04867893,120.21157027,41.56084100,102.30741396,-0.51306177,0.09754782,1.37726935,-0.01426087,1.37704401,-0.00928825,-0.85615921,0.26953401,9.94802663,-0.19885310,0.06945760,24.31400185,4
117.37857828,31.96318386,41.56060942,2.02850387,120.30839394,41.55960942,101.23260024,-0.53172622,0.12088886,1.38819003,0.01034447,1.38772492,-0.01039177,-0.88041307,0.17547647,9.77984786,-0.20250875,0.08795369,24.19154368,4
117.37857934,31.96318368,41.55947789,2.01014539,120.40559938,41.55847789,100.15714186,-0.54872726,0.14413148,1.39849593,0.03464787,1.39755870,-0.01146420,-0.88668816,0.06998771,9.63326173,-0.18502812,0.12206301,24.09202815,4
117.37858040,31.96318353,41.55873330,1.99361142,120.50315378,41.55773330,99.08128165,-0.55433595,0.16464873,1.39155549,0.05843112,1.38993895,-0.01195012,-0.83280539,0.02003942,9.64980295,-0.08693212,0.14873281,24.06141721,4
117.37858147,31.96318339,41.55827645,1.97890892,120.60102400,41.55727645,98.00525443,-0.55130795,0.18370206,1.37365639,0.08194256,1.37114380,-0.01203275,-0.74196951,0.00919576,9.78108505,0.06643078,0.17015607,24.08248224,4
117.37858251,31.96318325,41.55785752,1.96604388,120.69917661,41.55685752,96.92928643,-0.54584954,0.20724059,1.36989677,0.10636498,1.36593248,-0.01233966,-0.71018598,-0.01605843,9.87233101,0.18861797,0.19425471,24.11428740,4
117.37858359,31.96318315,41.55744694,1.95502134,120.79757790,41.55644694,95.85359125,-0.53793897,0.23869107,1.39228919,0.13239530,1.38597088,-0.01310610,-0.78590606,-0.07340467,9.87327982,0.24713144,0.22392581,24.15430515,4
117.37858466,31.96318307,41.55703544,1.94584538,120.89619399,41.55603544,94.77836832,-0.53634107,0.26893302,1.40831583,0.15772399,1.39936061,-0.01384516,-0.86715914,-0.12053069,9.84207196,0.09599526,0.23859413,24.18093178,4
117.37858572,31.96318300,41.55661866,1.93851917,120.99499078,41.55561866,93.70380472,-0.55214492,0.29360890,1.39962781,0.18073154,1.38756074,-0.01437317,-0.93048964,-0.13099148,9.75334473,-0.58923303,0.21199023,24.16974779,4
117.37858679,31.96318296,41.55619975,1.93304492,121.09393407,41.55519975,92.63007673,-0.57628158,0.31688923,1.38254686,0.20304940,1.36704414,-0.01486743,-0.96977863,-0.12812707,9.65301918,-1.35542395,0.18428200,24.13033627,4
117.37858784,31.96318293,41.55578257,1.92942394,121.19298957,41.55478257,91.55735042,-0.60129562,0.34618813,1.38128482,0.22734474,1.36184421,-0.01568490,-0.93152957,-0.14440096,9.62884034,-1.28200488,0.24700178,24.03883849,4
117.37858893,31.96318293,41.55536768,1.92765664,121.29212292,41.55436768,90.48578094,-0.62657163,0.38290896,1.39998376,0.25410091,1.37602823,-0.01689697,-0.80170152,-0.18512914,9.69797952,-0.18414774,0.41932459,23.88698239,4
117.37859000,31.96318295,41.55506792,1.92774254,121.39129973,41.55406792,89.41551182,-0.63627619,0.42222877,1.40997012,0.27922699,1.38142433,-0.01791378,-0.70730168,-0.16393316,9.81819948,0.51827987,0.57159264,23.79718312,4
117.37859107,31.96318299,41.55500315,1.92968026,121.49048563,41.55400315,88.34667497,-0.61410403,0.46563336,1.39882989,0.30061445,1.36563516,-0.01846595,-0.70053316,-0.01207504,10.02736127,0.24219977,0.66467126,23.84426917,4
117.37859213,31.96318306,41.55512654,1.93346760,121.58964625,41.55412654,87.27938880,-0.59389502,0.50523023,1.38747527,0.32213338,1.34932052,-0.01895767,-0.73913097,0.11033036,10.20244242,-0.22166203,0.61351374,23.90030727,4
117.37859320,31.96318313,41.55563919,1.93910152,121.68874728,41.55463919,86.21375619,-0.60474570,0.53001411,1.39208304,0.34700461,1.34806307,-0.01963069,-0.84721170,0.04013254,10.20364865,-0.48879400,0.16884401,23.87598685,4
117.37859427,31.96318321,41.55644695,1.94657817,121.78775449,41.55544695,85.14986475,-0.63966570,0.54342769,1.40910938,0.37447275,1.35853379,-0.02044695,-1.00749567,-0.17863412,10.07101887,-0.59546331,-0.57597976,23.78883574,4
117.37859533,31.96318332,41.55837873,1.95589290,121.88663373,41.55737873,84.08778747,-0.66683772,0.54343577,1.41159421,0.39793899,1.35452120,-0.02080737,-1.04491623,-0.34431818,9.85418373,-0.58435325,-0.87396093,23.71572021,4
117.37859638,31.96318345,41.56205372,1.96704034,121.98535097,41.56105372,83.02758366,-0.67970271,0.52335190,1.39010265,0.41488521,1.32668288,-0.02043793,-0.88440957,-0.41341749,9.51658831,-0.40205420,-0.44241748,23.67021111,4
117.37859743,31.96318360,41.56583371,1.98001437,122.08387230,41.56483371,81.96929994,-0.68591210,0.51529243,1.37892569,0.43492904,1.30843450,-0.02030661,-0.73264369,-0.41035822,9.35405843,-0.19756910,-0.08115231,23.63679569,4
117.37859849,31.96318375,41.56957428,1.99480816,122.18216398,41.56857428,80.91297050,-0.67984331,0.53652951,1.39392111,0.46273878,1.31475340,-0.02080683,-0.63048584,-0.26508623,9.59144724,0.02883328,0.01427096,23.62543052,4
117.37859954,31.96318391,41.57316872,2.01141418,122.28019240,41.57216872,79.85861864,-0.66826580,0.57149945,1.41938729,0.49355630,1.33081782,-0.02159589,-0.56796837,-0.06510952,9.99983315,0.22533885,-0.00180085,23.62943818,4
117.37860058,31.96318410,41.57586870,2.02982424,122.37792415,41.57486870,78.80625882,-0.66058564,0.60121014,1.42723692,0.51848519,1.32973001,-0.02221903,-0.61316326,0.02438327,10.21881195,0.13099369,0.12645525,23.66569648,4
117.37860161,31.96318430,41.57757926,2.05002951,122.47532598,41.57657926,77.75589745,-0.65748630,0.62446474,1.41501078,0.53672698,1.30911450,-0.02264482,-0.77657021,-0.01154691,10.21939336,-0.28593383,0.42033128,23.73719755,4
117.37860264,31.96318452,41.57911494,2.07202050,122.57236486,41.57811494,76.70753268,-0.66134159,0.65674536,1.41225603,0.55867159,1.29685850,-0.02358210,-0.90698819,-0.01587826,10.11255145,-0.56321347,0.63040310,23.76904010,4
117.37860367,31.96318475,41.58042190,2.09578711,122.66900798,41.57942190,75.66115454,-0.67645875,0.70441608,1.42645849,0.58718180,1.29967716,-0.02538085,-0.97540786,0.03996904,9.84084264,-0.58891505,0.69123948,23.73289680,4
117.37860470,31.96318499,41.58183372,2.12131863,122.76522273,41.58083372,74.61674522,-0.69125721,0.75343379,1.44011980,0.61514314,1.30186637,-0.02715993,-1.01489778,0.07673687,9.59817704,-0.47145774,0.65967968,23.68424227,4
117.37860572,31.96318527,41.58385573,2.14860377,122.86097678,41.58285573,73.57427860,-0.69323489,0.79126729,1.43425010,0.63436809,1.28615681,-0.02797567,-1.01659564,-0.01650174,9.62937883,-0.10920959,0.45652084,23.66198323,4
117.37860673,31.96318556,41.58637659,2.17763068,122.95623800,41.58537659,72.53372041,-0.68468194,0.81987193,1.41234012,0.64642409,1.25575148,-0.02800000,-0.98793978,-0.21612718,9.88497705,0.45070896,0.11459549,23.66172943,4
117.37860772,31.96318585,41.58803704,2.20838694,123.05097458,41.58703704,71.49502830,-0.67024878,0.84111667,1.40686357,0.66583902,1.23933385,-0.02817073,-0.95741393,-0.29006245,10.02909002,0.61260996,-0.16267483,23.68161109,4
117.37860871,31.96318615,41.58856045,2.24085963,123.14515494,41.58756045,70.45815035,-0.64859886,0.85317508,1.42336609,0.69509802,1.24166453,-0.02856316,-0.92566829,-0.19654618,10.01949345,0.24979956,-0.35047862,23.72676290,4
117.37860971,31.96318647,41.58878446,2.27503530,123.23874777,41.58778446,69.42302383,-0.63089695,0.86404653,1.43446891,0.72167919,1.23907614,-0.02897911,-0.88757535,-0.06717142,9.95397036,-0.09846211,-0.36823735,23.76301615,4
117.37861069,31.96318679,41.58859199,2.31090004,123.33172204,41.58759199,68.38957651,-0.62315631,0.87421776,1.42949585,0.74051614,1.22209068,-0.02940135,-0.83600590,0.10588908,9.79873649,-0.30974462,-0.03716204,23.77499858,4
117.37861167,31.96318714,41.58814426,2.34843944,123.42404696,41.58714426,67.35773003,-0.61958036,0.88858521,1.41878414,0.75666548,1.19974520,-0.02994580,-0.78701462,0.28045102,9.61845183,-0.41440676,0.47239549,23.78201420,4
117.37861265,31.96318750,41.58750698,2.38763865,123.51569203,41.58650698,66.32740242,-0.60805184,0.93178145,1.42717089,0.78250401,1.19309942,-0.03124167,-0.80051407,0.31578641,9.58681428,-0.31990376,0.91205382,23.84115286,4
117.37861361,31.96318787,41.58669070,2.42848236,123.60662702,41.58569070,65.29850811,-0.58857687,1.00321812,1.45451609,0.81795442,1.20205691,-0.03327324,-0.87541925,0.21410071,9.70215733,-0.03258103,1.27770919,23.95171902,4
117.37861456,31.96318826,41.58545491,2.47095483,123.69682197,41.58445491,64.27095714,-0.56874132,1.07308332,1.46774485,0.84558371,1.19900926,-0.03506658,-0.94887504,0.08592757,9.89076918,0.09370051,1.37778083,24.06521593,4
117.37861550,31.96318866,41.58357011,2.51503989,123.78624723,41.58257011,63.24465645,-0.54873202,1.13909323,1.45790218,0.86047865,1.17636398,-0.03645016,-1.01701791,-0.07697926,10.18697151,-0.04205579,1.06518663,24.18077067,4
117.37861644,31.96318908,41.58142545,2.56072096,123.87487340,41.58042545,62.21951231,-0.53830358,1.19784314,1.44518094,0.87379865,1.15090575,-0.03770679,-1.07239314,-0.23143321,10.39278954,-0.27312399,0.64247394,24.25332126,4
117.37861737,31.96318951,41.57908371,2.60798104,123.96267141,41.57808371,61.19543115,-0.55795026,1.23759000,1.44532185,0.89426554,1.13522182,-0.03895541,-1.09294974,-0.32662992,10.21455455,-0.55362688,0.26672605,24.18967333,4
117.37861828,31.96318994,41.57659804,2.65680272,124.04961247,41.57559804,60.17231804,-0.60030070,1.26301963,1.45534151,0.92022062,1.12706046,-0.04020098,-1.08726143,-0.37683828,9.74562209,-0.86951664,-0.07053136,24.02319919,4
117.37861920,31.96319040,41.57460886,2.70716820,124.13566809,41.57360886,59.15007593,-0.62326464,1.27139627,1.44990018,0.93588088,1.10685466,-0.04057552,-1.08992898,-0.35991172,9.38369842,-0.94671229,-0.34502782,23.91047949,4
117.37862010,31.96319088,41.57326098,2.75905927,124.22081009,41.57226098,58.12860803,-0.62038968,1.25863680,1.42423220,0.93812553,1.07089850,-0.03983663,-1.10449961,-0.25924232,9.17206461,-0.71709850,-0.54109813,23.87125420,4
117.37862098,31.96319136,41.57220746,2.81245736,124.30501061,41.57120746,57.10782014,-0.61451530,1.23961108,1.41030707,0.94796505,1.04350843,-0.03899265,-1.08725458,-0.16515180,9.18355987,-0.50080985,-0.76978270,23.86299641,4
117.37862187,31.96319185,41.57158794,2.86734348,124.38824210,41.57058794,56.08761974,-0.60784208,1.21275514,1.42228516,0.97461890,1.03520226,-0.03815978,-1.00788074,-0.09916524,9.58692871,-0.36718426,-1.07456172,23.89925179,4
117.37862275,31.96319235,41.57113885,2.92369827,124.47047731,41.57013885,55.06791444,-0.60029930,1.18345022,1.44350266,1.00712312,1.03364591,-0.03736929,-0.90453338,-0.03377808,10.11645745,-0.29006827,-1.33569227,23.95719662,4
117.37862361,31.96319287,41.57053987,2.98150199,124.55168935,41.56953987,54.04861373,-0.58970930,1.16031657,1.45011294,1.02931893,1.02098873,-0.03678260,-0.82566451,0.10137921,10.35094391,-0.31791830,-1.15235637,24.02374592,4
117.37862446,31.96319340,41.56978726,3.04073451,124.63185163,41.56878726,53.02963143,-0.57617067,1.14331971,1.44205348,1.04119111,0.99719230,-0.03639363,-0.77171453,0.30486544,10.29157691,-0.44622960,-0.53572341,24.09784857,4
117.37862531,31.96319394,41.56921132,3.10137532,124.71093791,41.56821132,52.01088688,-0.57297043,1.14199630,1.44239781,1.05918688,0.97876207,-0.03660335,-0.74960327,0.41991536,10.16422046,-0.51954734,0.01022461,24.17648821,4
117.37862614,31.96319449,41.56900915,3.16340353,124.78892233,41.56800915,50.99230613,-0.59107401,1.17197440,1.46121151,1.09060554,0.97229273,-0.03801216,-0.78990915,0.34867693,9.92617862,-0.47157995,0.37170001,24.26364219,4
117.37862696,31.96319506,41.56904683,3.22679790,124.86577939,41.56804683,49.97382182,-0.61702383,1.21760128,1.48701574,1.12698051,0.97026723,-0.03994858,-0.86041351,0.18572779,9.66550173,-0.35646574,0.61063700,24.35652530,4
117.37862776,31.96319565,41.56946720,3.29153678,124.94148397,41.56846720,48.95537151,-0.61832303,1.25987365,1.49294963,1.14792025,0.95471358,-0.04118315,-0.91620765,0.05405957,9.67754289,-0.20239458,0.62743797,24.46022339,4
117.37862854,31.96319626,41.57028396,3.35759815,125.01601137,41.56928396,47.93689759,-0.59291307,1.29777849,1.47732067,1.15213587,0.92449324,-0.04164198,-0.95477849,-0.03959433,9.98183322,-0.01011977,0.41332905,24.57518738,4
117.37862930,31.96319688,41.57045986,3.42495966,125.08933729,41.56945986,46.91835066,-0.57403986,1.33218297,1.47078673,1.16333027,0.89962630,-0.04232004,-0.96466063,-0.11819324,10.12860055,0.02373682,0.24375126,24.65388161,4
117.37863007,31.96319751,41.56957763,3.49359855,125.16143789,41.56857763,45.89969190,-0.56784009,1.36134481,1.48059051,1.18707343,0.88454251,-0.04341298,-0.93007403,-0.17584721,9.99912898,-0.19900709,0.16457336,24.67360839,4
117.37863082,31.96319814,41.56824935,3.56349173,125.23228977,41.56724935,44.88089089,-0.56510439,1.38793455,1.49084692,1.21084919,0.86967134,-0.04447604,-0.90102871,-0.21457690,9.77922025,-0.46581169,0.12974347,24.65148483,4
117.37863155,31.96319878,41.56649689,3.63461574,125.30187000,41.56549689,43.86192455,-0.56076298,1.41111204,1.48471696,1.22090610,0.84479206,-0.04497504,-0.94073502,-0.20887856,9.54123833,-0.60693822,0.15348956,24.54510506,4
117.37863227,31.96319943,41.56440429,3.70694678,125.37015615,41.56340429,42.84278153,-0.55493200,1.43151885,1.46476201,1.21940429,0.81146859,-0.04500000,-1.03815593,-0.16649003,9.29154845,-0.64046341,0.22484995,24.36936441,4
117.37863299,31.96320011,41.56264486,3.78046069,125.43712632,41.56164486,41.82346689,-0.53182068,1.45026767,1.45953227,1.22959116,0.78613838,-0.04516591,-1.09920680,-0.09220983,9.33803315,-0.41802555,0.11022209,24.33496196,4
117.37863371,31.96320077,41.56135003,3.85513296,125.50275914,41.56035003,40.80400076,-0.48595218,1.46701488,1.47474793,1.25604717,0.77197333,-0.04555135,-1.10811426,0.02170308,9.77717781,0.13554808,-0.25378380,24.49238847,4
117.37863441,31.96320144,41.56010584,3.93093875,125.56703383,41.55910584,39.78441458,-0.44164897,1.47708885,1.48525063,1.27824881,0.75524867,-0.04578162,-1.08176752,0.15814182,10.11708175,0.48141706,-0.49818188,24.64696285,4
117.37863512,31.96320213,41.55885302,4.00785289,125.62993022,41.55785302,38.76475131,-0.40688425,1.47276406,1.47980918,1.28662703,0.72986305,-0.04560686,-0.99038258,0.33439193,10.13117150,0.27519840,-0.40912804,24.74439928,4
117.37863579,31.96320282,41.55755642,4.08584989,125.69142876,41.55655642,37.74506816,-0.37909813,1.46212218,1.46699712,1.28859257,0.70032227,-0.04529688,-0.87328058,0.51463740,9.95996553,-0.20990555,-0.13367310,24.80078267,4
117.37863646,31.96320352,41.55590765,4.16490398,125.75151055,41.55490765,36.72544007,-0.36505901,1.46971607,1.47129871,1.30512683,0.67870945,-0.04590401,-0.86429758,0.51836899,9.81233072,-0.33179670,0.09001746,24.78319432,4
117.37863711,31.96320424,41.55388772,4.24498906,125.81015739,41.55288772,35.70596334,-0.36524492,1.49694952,1.49410250,1.33741900,0.66570384,-0.04748983,-0.97117562,0.33482285,9.69882438,-0.05496373,0.24964587,24.68923283,4
117.37863776,31.96320496,41.55195790,4.32607880,125.86735184,41.55095790,34.68675545,-0.35044161,1.52487898,1.50670581,1.36017340,0.64794631,-0.04864911,-1.01950951,0.18173258,9.70216757,0.20733531,0.37444654,24.65289480,4
117.37863837,31.96320570,41.55021455,4.40814655,125.92307720,41.54921455,33.66795091,-0.30843459,1.55249578,1.50010655,1.36508629,0.62125526,-0.04898935,-0.95689948,0.09619656,9.90646645,0.41348891,0.44344105,24.72285065,4
117.37863896,31.96320647,41.54842723,4.49116544,125.97731758,41.54742723,32.64969912,-0.25944424,1.58094311,1.48935469,1.36603376,0.59236466,-0.04916451,-0.87378052,0.03301974,10.14416276,0.53484003,0.47575192,24.82302762,4
117.37863954,31.96320724,41.54608437,4.57510837,126.03005791,41.54508437,31.63216884,-0.22889019,1.61384245,1.49523485,1.38190802,0.56999485,-0.05010456,-0.90322008,-0.05192157,10.16012180,0.36183686,0.44018265,24.86518452,4
117.37864010,31.96320800,41.54326626,4.65994802,126.08128399,41.54226626,30.61555232,-0.21433129,1.65053863,1.51548868,1.41068990,0.55327381,-0.05170499,-1.02972331,-0.15614839,9.98506937,-0.06117603,0.34743407,24.85677004,4
117.37864064,31.96320878,41.54040474,4.74565686,126.13098250,41.53940474,29.60006074,-0.19755672,1.67366215,1.52153509,1.42575621,0.53099907,-0.05261457,-1.12820138,-0.28117993,9.83363276,-0.27226650,0.17512983,24.83984844,4
117.37864118,31.96320958,41.53749879,4.83220722,126.17914108,41.53649879,28.58591740,-0.17698203,1.67694759,1.50643718,1.42044291,0.50046625,-0.05249718,-1.18240054,-0.43563733,9.72357071,-0.16660399,-0.11041298,24.81246146,4
117.37864170,31.96321038,41.53470862,4.91957124,126.22574826,41.53370862,27.57335983,-0.15627261,1.67534445,1.49122800,1.41478987,0.46950297,-0.05220408,-1.19133841,-0.54076656,9.65209855,-0.03605613,-0.36374144,24.77223965,4
117.37864219,31.96321118,41.53236564,5.00772098,126.27079357,41.53136564,26.56264660,-0.13890572,1.67661498,1.49668988,1.42824671,0.44531012,-0.05232688,-1.08817610,-0.44631703,9.67268199,-0.13494906,-0.39295764,24.69820435,4
117.37864269,31.96321200,41.53032260,5.09662837,126.31426753,41.52932260,25.55405853,-0.12371910,1.67984017,1.51611258,1.45460294,0.42568979,-0.05273096,-0.91009583,-0.21667706,9.75498093,-0.38812558,-0.26943782,24.60223973,4
117.37864316,31.96321282,41.52790384,5.18626528,126.35616171,41.52690384,24.54789487,-0.09929425,1.67952773,1.52108848,1.46657672,0.40178470,-0.05278205,-0.86075765,-0.06053860,9.75242196,-0.40212717,-0.15047995,24.61009270,4
117.37864361,31.96321366,41.52506524,5.27660355,126.39646871,41.52406524,23.54447150,-0.06464242,1.67542081,1.51008972,1.46263726,0.37312975,-0.05244828,-0.95493821,0.01302059,9.65633436,-0.15164649,-0.03628860,24.73363186,4
117.37864404,31.96321450,41.52216709,5.36761497,126.43518222,41.52116709,22.54412188,-0.03275822,1.67745205,1.50449989,1.46373582,0.34539661,-0.05247172,-1.04864533,0.06142332,9.60427255,0.01031942,0.09192255,24.85520195,4
117.37864447,31.96321535,41.51931305,5.45927137,126.47229705,41.51831305,21.54719852,-0.01218141,1.69610179,1.51918254,1.48417259,0.32203981,-0.05353540,-1.07724225,0.08536394,9.70097469,-0.16087857,0.25626782,24.92039493,4
117.37864487,31.96321619,41.51649071,5.55154462,126.50780912,41.51549071,20.55407510,0.00256747,1.72348556,1.54369380,1.51392388,0.30079655,-0.05511350,-1.07076828,0.09897866,9.87009532,-0.49251577,0.43332932,24.95105833,4
117.37864524,31.96321705,41.51384713,5.64440667,126.54171553,41.51284713,19.56514507,0.02101941,1.74847665,1.54902000,1.52412964,0.27540279,-0.05590466,-1.05626011,0.16580270,9.90430348,-0.48779364,0.48052854,24.89230337,4
117.37864559,31.96321793,41.51137376,5.73782958,126.57401455,41.51037376,18.58081543,0.04271510,1.77122438,1.53778917,1.51744132,0.24640616,-0.05601821,-1.03601991,0.27638461,9.81911669,-0.19430157,0.41255538,24.75463594,4
117.37864593,31.96321880,41.50912338,5.83178557,126.60470565,41.50812338,17.60150307,0.06433463,1.79157263,1.53088684,1.51473476,0.21803550,-0.05633347,-1.03721444,0.33958457,9.71603750,-0.00151821,0.32331677,24.60880981,4
117.37864626,31.96321967,41.50729941,5.92624705,126.63378953,41.50629941,16.62763916,0.08483226,1.80745504,1.53802989,1.52543107,0.19206597,-0.05727544,-1.08570033,0.28913812,9.60976090,-0.10741222,0.22246150,24.46872509,4
117.37864658,31.96322055,41.50568614,6.02118667,126.66126807,41.50468614,15.65967292,0.10621498,1.81949790,1.54950908,1.54011470,0.16697147,-0.05834716,-1.14999516,0.18173929,9.52458491,-0.30235000,0.09800219,24.32517077,4
117.37864687,31.96322143,41.50426693,6.11657731,126.68714444,41.50326693,14.69806687,0.14163400,1.81297375,1.54084523,1.53404308,0.13985060,-0.05787287,-1.15865864,0.01578076,9.66799967,-0.03697893,-0.21237346,24.12060365,4
117.37864715,31.96322232,41.50298521,6.21239219,126.71142301,41.50198521,13.74329199,0.18638294,1.79326957,1.51958038,1.51491099,0.11142720,-0.05636836,-1.12762779,-0.18013690,9.95693443,0.51060099,-0.63331371,23.87849036,4
117.37864741,31.96322322,41.50173120,6.30860482,126.73410944,41.50073120,12.79582966,0.22715478,1.77077810,1.51153985,1.50867112,0.08401585,-0.05527505,-1.08627868,-0.27365523,10.11987821,0.70092626,-0.87713110,23.68248925,4
117.37864766,31.96322412,41.50049513,6.40518911,126.75521064,41.49949513,11.85617311,0.26012018,1.74640094,1.52608770,1.52459257,0.05840094,-0.05500000,-1.03629050,-0.20450953,10.06298193,0.29158015,-0.82892022,23.56413459,4
117.37864790,31.96322502,41.49934224,6.50211938,126.77473478,41.49834224,10.92482710,0.28612971,1.71997938,1.54483136,1.54444973,0.03335760,-0.05488187,-0.99033922,-0.10674997,9.92441774,-0.29997272,-0.71488100,23.45557747,4
117.37864811,31.96322592,41.49868487,6.59937038,126.79269133,41.49768487,10.00230778,0.28431919,1.68449462,1.54175632,1.54173976,0.00810369,-0.05400493,-0.98896457,-0.17640083,9.73593638,-0.76716788,-0.80853153,23.24228840,4
117.37864830,31.96322683,41.49830532,6.69691734,126.80909101,41.49730532,9.08913778,0.27171815,1.64570748,1.53068405,1.53061385,-0.01727685,-0.05284577,-0.99717072,-0.30330567,9.54486227,-1.09557546,-0.96756065,22.96715361,4
117.37864847,31.96322773,41.49825005,6.79473603,126.82394585,41.49725005,8.18584105,0.27289784,1.61281275,1.53351801,1.53291036,-0.04286269,-0.05214251,-0.93198174,-0.29619329,9.49005024,-0.88305654,-0.92271855,22.60254837,4
117.37864864,31.96322865,41.49856642,6.89280273,126.83726911,41.49756642,7.29294348,0.29115300,1.58714775,1.55341868,1.55171942,-0.06868435,-0.05200000,-0.77857303,-0.12572823,9.59817620,-0.03221285,-0.63061472,22.13459897,4
117.37864879,31.96322957,41.49897306,6.99109434,126.84907535,41.49797306,6.41097325,0.31587303,1.56668431,1.57291963,1.56989093,-0.09413830,-0.05194524,-0.64489345,0.08267352,9.73162524,0.72176094,-0.30600410,21.58807342,4
117.37864890,31.96323048,41.49936098,7.08958835,126.85938032,41.49836098,5.54045912,0.35038398,1.56164897,1.57068305,1.56587777,-0.11765854,-0.05163884,-0.70467284,0.27487782,9.79133004,0.28644232,-0.12035505,20.80060230,4
117.37864898,31.96323139,41.49972303,7.18826287,126.86820105,41.49872303,4.68192862,0.38447423,1.56067238,1.56364447,1.55689980,-0.14056892,-0.05132016,-0.81572286,0.43908768,9.82277514,-0.44560737,-0.00657853,19.93226161,4
117.37864906,31.96323232,41.49995820,7.28709673,126.87555575,41.49895820,3.83590561,0.39743539,1.55602430,1.56753389,1.55866770,-0.16334800,-0.05140019,-0.88335061,0.45803086,9.81603587,-0.79460008,-0.08190032,19.00941003,4
117.37864912,31.96323323,41.50000000,7.38606940,126.88146385,41.49900000,3.00290945,0.37816616,1.54576019,1.58811245,1.57684679,-0.18593534,-0.05208856,-0.88458307,0.25544559,9.75113129,-0.55831316,-0.44550579,18.00339128,4
117.37864917,31.96323415,41.50032060,7.48516112,126.88594595,41.49932060,2.18345582,0.36013209,1.53222776,1.60826418,1.59453839,-0.20771708,-0.05258800,-0.84523748,0.07404342,9.70037511,-0.25539604,-0.74706191,17.01493656,4
117.37864918,31.96323506,41.50186950,7.58435282,126.88902380,41.50086950,1.37805714,0.37347813,1.51080599,1.61299872,1.59680674,-0.22660630,-0.05186116,-0.70538439,0.15684808,9.75186908,-0.18128023,-0.57283710,16.16104416,4
117.37864915,31.96323597,41.50384786,7.68362625,126.89072028,41.50284786,0.58722271,0.39589554,1.48806002,1.61477851,1.59606702,-0.24469711,-0.05084999,-0.54357370,0.32302961,9.84103879,-0.20141423,-0.25807430,15.37211585,4
117.37864914,31.96323689,41.50569036,7.78296392,126.89105943,41.50469036,-0.18854214,0.40500225,1.47353167,1.63085044,1.60935032,-0.26426113,-0.05071926,-0.46063623,0.41305696,9.92859455,-0.26857787,-0.12977728,14.65776996,4
117.37864911,31.96323781,41.50731130,7.88234914,126.89006635,41.50631130,-0.94873958,0.39624301,1.46953304,1.66531577,1.64069315,-0.28578051,-0.05173348,-0.47984882,0.39719598,10.00972113,-0.38412649,-0.25333141,14.02994537,4
117.37864905,31.96323873,41.50896625,7.98176603,126.88776723,41.50796625,-1.69288405,0.38258059,1.46904756,1.69800582,1.67021346,-0.30666160,-0.05285207,-0.50448606,0.35508265,10.03475381,-0.54373960,-0.27861190,13.42643417,4
117.37864896,31.96323963,41.51085511,8.08119955,126.88418932,41.50985511,-2.42050642,0.36160756,1.47494886,1.71527075,1.68431363,-0.32443512,-0.05373237,-0.49455280,0.27921329,9.87407975,-0.82727427,0.15783234,12.85840337,4
117.37864885,31.96324053,41.51272866,8.18063552,126.87936083,41.51172866,-3.13115663,0.33814279,1.48529147,1.72865294,1.69451895,-0.34133407,-0.05464142,-0.47455647,0.19599715,9.66902284,-1.10626191,0.70251886,12.30091969,4
117.37864873,31.96324143,41.51405311,8.28006059,126.87331093,41.51305311,-3.82440304,0.31461027,1.50890710,1.75024085,1.71283408,-0.35941257,-0.05620012,-0.46474264,0.13694180,9.57486022,-1.11184163,0.95931096,11.73153540,4
117.37864861,31.96324233,41.51453642,8.37946230,126.86606971,41.51353642,-4.49983154,0.29127799,1.55237116,1.78496051,1.74413267,-0.37943060,-0.05875498,-0.47187424,0.11593366,9.65683513,-0.69770551,0.75974002,11.14207552,4
117.37864848,31.96324322,41.51474975,8.47882905,126.85766811,41.51374975,-5.15704750,0.27111659,1.59131046,1.81665283,1.77244160,-0.39856079,-0.06103629,-0.48588727,0.10085049,9.77589805,-0.32651298,0.49293342,10.55856741,4
117.37864832,31.96324412,41.51436216,8.57815013,126.84813788,41.51336216,-5.79567910,0.26210229,1.60574280,1.83203201,1.78462335,-0.41376150,-0.06192318,-0.51721377,0.09051676,9.95204951,-0.28713394,0.18123803,10.00282607,4
117.37864813,31.96324501,41.51361977,8.67741570,126.83751154,41.51261977,-6.41538028,0.25942767,1.60568616,1.83806587,1.78756929,-0.42669169,-0.06199696,-0.55785674,0.08375826,10.15746305,-0.43899817,-0.15584333,9.46176083,4
117.37864793,31.96324590,41.51265509,8.77661682,126.82582232,41.51165509,-7.01582907,0.25311780,1.59644276,1.84735735,1.79378171,-0.43997752,-0.06189950,-0.57709695,0.10246595,10.24819672,-0.56465679,-0.47912179,8.86892627,4
117.37864776,31.96324678,41.51116745,8.87574545,126.81310409,41.51016745,-7.59672280,0.23509314,1.56560019,1.86811383,1.81144873,-0.45486735,-0.06154186,-0.53481655,0.19061806,10.01467827,-0.56808843,-0.75827753,8.12805078,4
117.37864757,31.96324767,41.50974036,8.97479440,126.79939132,41.50874036,-8.15777647,0.21335990,1.53141456,1.88937948,1.82974277,-0.46945668,-0.06111659,-0.47732355,0.27839308,9.76711363,-0.62235916,-0.98123145,7.34567861,4
117.37864737,31.96324854,41.50881860,9.07375738,126.78471907,41.50781860,-8.69872175,0.18111017,1.49295218,1.90746214,1.84535696,-0.48203734,-0.06052160,-0.38321844,0.33179251,9.61238181,-0.95457317,-0.98329282,6.45175515,4
117.37864714,31.96324942,41.50838187,9.17262896,126.76912290,41.50738187,-9.21930480,0.13876953,1.45038766,1.92248891,1.85839827,-0.49268949,-0.05976375,-0.25398167,0.35219769,9.54675313,-1.55351496,-0.77335872,5.45082833,4
117.37864692,31.96325029,41.50806711,9.27140457,126.75263887,41.50706711,-9.71928428,0.09159074,1.41502341,1.94154842,1.87545805,-0.50367253,-0.05927619,-0.13274464,0.31316232,9.53245810,-1.95280763,-0.54729670,4.43740796,4
117.37864670,31.96325116,41.50800376,9.37008047,126.73530349,41.50700376,-10.19842933,0.03102402,1.40608208,1.97578405,1.90746725,-0.51652287,-0.05978607,-0.05149717,0.07882787,9.66516409,-1.56349198,-0.33976917,3.41569537,4
117.37864648,31.96325204,41.50797882,9.46865375,126.71715372,41.50697882,-10.65652811,-0.02996531,1.40378638,2.01273317,1.94220189,-0.52942189,-0.06055278,0.01624492,-0.18142560,9.81888855,-1.02464127,-0.14430282,2.39197443,4
117.37864623,31.96325291,41.50782939,9.56712231,126.69822687,41.50682939,-11.09337732,-0.07475973,1.40419856,2.04471554,1.97235498,-0.54001801,-0.06146141,0.05928581,-0.32241473,9.89180544,-0.69787626,0.00527281,1.36368781,4
117.37864595,31.96325376,41.50747577,9.66548483,126.67856062,41.50647577,-11.50874956,-0.09349318,1.40829068,2.06845344,1.99488077,-0.54691181,-0.06257268,0.06400000,-0.26905831,9.83267943,-0.72717523,0.08236032,0.32767476,4
117.37864568,31.96325461,41.50718718,9.76374075,126.65819312,41.50618718,-11.90241156,-0.11305936,1.41381020,2.09234059,2.01776802,-0.55315903,-0.06375138,0.06028954,-0.19587985,9.75544530,-0.81278098,0.13698941,-0.68042792,4
117.37864542,31.96325548,41.50730505,9.86189026,126.63716287,41.50630505,-12.27415421,-0.15094176,1.42375353,2.12156383,2.04660415,-0.55856247,-0.06512613,0.03979617,-0.14091486,9.66952127,-0.95521344,0.13058719,-1.56137508,4
117.37864515,31.96325634,41.50765530,9.95993427,126.61550872,41.50665530,-12.62385430,-0.19952642,1.43608264,2.15373935,2.07874429,-0.56345963,-0.06660391,0.01036812,-0.09677785,9.58099300,-1.13225456,0.08960621,-2.36651404,4
117.37864488,31.96325720,41.50809691,10.05787434,126.59326956,41.50709691,-12.95146942,-0.25856716,1.44566695,2.18469303,2.10983374,-0.56757145,-0.06789520,-0.00544570,-0.06734094,9.55259520,-1.37912425,0.04326441,-3.06668652,4
117.37864459,31.96325805,41.50879582,10.15571266,126.57048435,41.50779582,-13.25695861,-0.35442647,1.44322503,2.20946653,2.13526235,-0.56879582,-0.06839792,0.03710593,-0.09141438,9.76497974,-1.88868835,-0.00850386,-3.38496931,4
117.37864429,31.96325890,41.50949842,10.25345203,126.54719206,41.50849842,-13.54029298,-0.45507311,1.43851194,2.23326301,2.15978133,-0.56953822,-0.06876912,0.08809162,-0.12453062,9.99957637,-2.37793796,-0.06081598,-3.61925274,4
117.37864398,31.96325975,41.50993389,10.35109584,126.52343165,41.50893389,-13.80147328,-0.54662388,1.43199839,2.25749592,2.18460574,-0.57028575,-0.06914288,0.13018224,-0.15841968,10.11149811,-2.42927667,-0.11076977,-3.71603607,4
117.37864370,31.96326060,41.51000000,10.44864800,126.49924201,41.50900000,-14.04052539,-0.62561894,1.42299273,2.28233916,2.20985946,-0.57104058,-0.06952029,0.15998120,-0.19338700,10.05377235,-1.87493101,-0.15747542,-3.62266215,4
117.37864341,31.96326145,41.51000000,10.54611293,126.47466189,41.50900000,-14.25749870,-0.70121693,1.41406306,2.30722306,2.23515390,-0.57179661,-0.06993085,0.18399654,-0.22060185,9.95778693,-1.31530262,-0.18312360,-3.50545717,4
117.37864312,31.96326230,41.51000000,10.64349553,126.44972989,41.50900000,-14.45246118,-0.76890832,1.40873484,2.33164472,2.26021072,-0.57255226,-0.07056600,0.18327079,-0.19294971,9.80722175,-1.46770070,-0.06735442,-3.45867656,4
117.37864282,31.96326316,41.51001318,10.74080110,126.42448441,41.50901318,-14.62549480,-0.83271697,1.40535211,2.35577058,2.28507838,-0.57328144,-0.07130780,0.17122079,-0.14245680,9.63707554,-1.92971345,0.11300402,-3.44613663,4
117.37864252,31.96326400,41.51018231,10.83803536,126.39896361,41.50918231,-14.77669459,-0.89455137,1.40498883,2.37898828,2.30905335,-0.57370045,-0.07206507,0.16253911,-0.12629830,9.53811534,-2.10218232,0.27258165,-3.44770491,4
117.37864223,31.96326485,41.51082795,10.93520434,126.37320544,41.50982795,-14.90617373,-0.95185383,1.41317723,2.39952653,2.33035447,-0.57317205,-0.07282795,0.16876326,-0.22526654,9.66677627,-1.25724537,0.34233249,-3.47922511,4
117.37864195,31.96326571,41.51154427,11.03231438,126.34724755,41.51054427,-15.01407051,-1.00595054,1.42365488,2.41942981,2.35102204,-0.57235982,-0.07362419,0.17663693,-0.34225592,9.84244394,-0.24920499,0.39256317,-3.53733681,4
117.37864166,31.96326656,41.51172540,11.12937209,126.32112724,41.51072540,-15.10054774,-1.03681417,1.43589370,2.43965373,2.37200888,-0.57101510,-0.07477498,0.16153752,-0.34050461,9.91012343,-0.24763699,0.47438470,-3.80838456,4
117.37864136,31.96326740,41.51144151,11.22638428,126.29488148,41.51044151,-15.16578684,-1.04765998,1.44968278,2.46014329,2.39326234,-0.56919995,-0.07623396,0.12679920,-0.23612369,9.88381827,-1.11755369,0.58386492,-4.26394681,4
117.37864105,31.96326824,41.51105993,11.32335796,126.26854681,41.51005993,-15.20998787,-1.06075470,1.46454454,2.48014277,2.41410758,-0.56698920,-0.07776027,0.10040961,-0.13108074,9.83153119,-2.05431158,0.70711347,-4.73838845,4
117.37864075,31.96326910,41.51067156,11.42030026,126.24215937,41.50967156,-15.23337513,-1.13940709,1.48701966,2.49450983,2.43015200,-0.56174508,-0.07931372,0.20120621,-0.23810825,9.71407811,-1.81555248,0.91176033,-5.01141223,4
117.37864047,31.96326995,41.51028754,11.51721840,126.21575482,41.50928754,-15.23619770,-1.23770137,1.51336146,2.50736220,2.44494465,-0.55556031,-0.08094374,0.34239956,-0.40876456,9.57821381,-1.18962227,1.15965678,-5.21516101,4
117.37864018,31.96327080,41.51005068,11.61411967,126.18936829,41.50905068,-15.21872385,-1.28940974,1.56868575,2.52777011,2.46699499,-0.55085431,-0.08402925,0.44359682,-0.43214730,9.51328913,-0.62586903,1.75934336,-5.36251749,4
117.37863988,31.96327166,41.51000000,11.71101136,126.16303442,41.50900000,-15.18123818,-1.28219236,1.66065681,2.55773069,2.49822108,-0.54801924,-0.08895511,0.49419542,-0.26926651,9.53809284,-0.14083439,2.80385951,-5.43853192,4
117.37863958,31.96327251,41.50997409,11.80790075,126.13678727,41.50897409,-15.12404490,-1.26039797,1.76359702,2.58998253,2.53164975,-0.54561375,-0.09441894,0.52705540,-0.06049427,9.59303099,0.29219979,3.94752681,-5.49161827,4
117.37863931,31.96327337,41.50887936,11.90479503,126.11066032,41.50787936,-15.04746818,-1.29956574,1.90494617,2.60865902,2.55204889,-0.53997897,-0.10127203,0.39541013,-0.05564322,9.88225780,-0.54773311,4.15671644,-5.39856335,4
117.37863903,31.96327423,41.50731403,12.00170132,126.08468644,41.50631403,-14.95184550,-1.36532192,2.06281849,2.62141861,2.56676850,-0.53293435,-0.10872349,0.19221883,-0.13944218,10.26985010,-1.93403996,3.95745804,-5.24273861,4
117.37863875,31.96327509,41.50520410,12.09862658,126.05889788,41.50420410,-14.83752291,-1.43914018,2.19963186,2.63169241,2.57895541,-0.52546772,-0.11541386,-0.01260884,-0.22813861,10.32226048,-2.65398396,3.52012178,-5.15911792,4
117.37863848,31.96327596,41.50224178,12.19557761,126.03332626,41.50124178,-14.70485834,-1.52455433,2.30162100,2.63826137,2.58734902,-0.51739638,-0.12084494,-0.21632521,-0.32014347,9.82964043,-2.27214415,2.72037024,-5.19506667,4
117.37863820,31.96327681,41.49900670,12.29256099,126.00800256,41.49800670,-14.55422528,-1.61370435,2.39258951,2.64365550,2.59454067,-0.50912822,-0.12587847,-0.41980105,-0.41325172,9.16337958,-1.53962835,1.80489525,-5.26906893,4
117.37863794,31.96327768,41.49650788,12.38958308,125.98295710,41.49550788,-14.38601215,-1.65556384,2.42435785,2.63216651,2.58521125,-0.49686653,-0.12706584,-0.49496014,-0.39550512,8.95774871,-0.62318061,0.81085706,-5.48765623,4
117.37863769,31.96327855,41.49465502,12.48664996,125.95821949,41.49365502,-14.20062160,-1.65593395,2.40420498,2.60586503,2.56138731,-0.48109971,-0.12487942,-0.45755100,-0.28049636,9.15644048,0.45432447,-0.25209722,-5.83307682,4
117.37863745,31.96327941,41.49240320,12.58376741,125.93381866,41.49140320,-13.99846816,-1.63497281,2.35801278,2.58452863,2.54251178,-0.46559235,-0.12157257,-0.37120603,-0.15896153,9.55330114,1.01846734,-1.09682393,-6.19463068,4
117.37863725,31.96328029,41.48894488,12.68094092,125.90978283,41.48794488,-13.77997298,-1.58789714,2.28060077,2.58166679,2.54191146,-0.45244156,-0.11749985,-0.23377372,-0.07229563,10.18308019,0.36682889,-1.42409870,-6.52741751,4
117.37863704,31.96328117,41.48494491,12.77817562,125.88613948,41.48394491,-13.54556185,-1.54324561,2.19021642,2.58548486,2.54791762,-0.44004966,-0.11313449,-0.08435288,-0.01901893,10.81736833,-0.76010081,-1.57943656,-6.83323559,4
117.37863683,31.96328205,41.48004568,12.87547626,125.86291538,41.47904568,-13.29566933,-1.63529197,2.08702137,2.58529544,2.54993789,-0.42613909,-0.10871509,-0.01620213,-0.18825374,10.52235293,-2.02921726,-2.00891941,-6.96155263,4
117.37863663,31.96328294,41.47472620,12.97284723,125.84013659,41.47372620,-13.03073928,-1.79189553,1.97788711,2.58313592,2.55000000,-0.41149705,-0.10427183,0.01346026,-0.46223758,9.78834963,-3.36044986,-2.57002275,-7.00641758,4
117.37863642,31.96328383,41.47211173,13.07029252,125.81782840,41.47111173,-12.75121633,-1.90701982,1.84185571,2.59062090,2.55944187,-0.39892055,-0.09866337,0.07743793,-0.50449767,9.51203364,-2.94568398,-2.89920793,-7.01043080,4
117.37863621,31.96328470,41.47136079,13.16781569,125.79601538,41.47036079,-12.45754030,-1.99231277,1.68749648,2.60476228,2.57535857,-0.38777480,-0.09225588,0.16578782,-0.38560372,9.55904579,-1.33238221,-3.06655310,-6.98824941,4
117.37863599,31.96328558,41.47139035,13.26541989,125.77472139,41.47039035,-12.15015322,-2.05780608,1.54634733,2.61840304,2.59090322,-0.37623073,-0.08619480,0.28220905,-0.32571062,9.61845838,-0.56904179,-2.79366473,-7.04948817,4
117.37863577,31.96328646,41.47205114,13.36310781,125.75396954,41.47105114,-11.82950657,-2.10365677,1.42625812,2.63000554,2.60461508,-0.36386968,-0.08075228,0.43019786,-0.37634693,9.62681300,-1.16442045,-1.97981874,-7.22505835,4
117.37863554,31.96328734,41.47240111,13.46088171,125.73378222,41.47140111,-11.49605533,-2.14614167,1.34034580,2.64617881,2.62288079,-0.35167038,-0.07699440,0.57938232,-0.45979856,9.63674256,-1.87337474,-0.85419368,-7.41742104,4
117.37863531,31.96328823,41.47106226,13.55874340,125.71418106,41.47006226,-11.15024879,-2.19821911,1.34492590,2.67966127,2.65817872,-0.34089034,-0.07814405,0.69897076,-0.53306873,9.70810232,-1.50383849,0.72642903,-7.54331105,4
117.37863507,31.96328911,41.46898524,13.65669422,125.69518696,41.46798524,-10.79253214,-2.25459560,1.38871884,2.72068933,2.70090114,-0.33072915,-0.08142361,0.80554103,-0.60127532,9.80649674,-0.65732713,2.50207935,-7.63966427,4
117.37863485,31.96328998,41.46688625,13.75473507,125.67682012,41.46588625,-10.42335174,-2.27166659,1.50335987,2.74738115,2.72927215,-0.31820514,-0.08796553,0.73336736,-0.54127677,9.71039428,-0.16603166,3.41847998,-7.66432598,4
117.37863464,31.96329086,41.46479449,13.85286636,125.65909999,41.46379449,-10.04315585,-2.26421579,1.66087494,2.76496032,2.74852472,-0.30419534,-0.09647252,0.55059436,-0.40182726,9.49276656,0.09117313,3.79598460,-7.64532805,4
117.37863442,31.96329174,41.46325504,13.95108808,125.64204528,41.46225504,-9.65239573,-2.25133007,1.80356561,2.77758089,2.76267555,-0.28976995,-0.10385203,0.32043343,-0.34892729,9.41404903,0.27398183,3.63981170,-7.63276263,4
117.37863421,31.96329263,41.46254196,14.04939974,125.62567396,41.46154196,-9.25152624,-2.23513834,1.91557275,2.78456765,2.77097907,-0.27501546,-0.10915372,0.04108535,-0.44142016,9.56750134,0.39147750,2.79015578,-7.63845345,4
117.37863402,31.96329352,41.46202395,14.14780041,125.61000326,41.46102395,-8.84100141,-2.21724536,2.01084967,2.78698153,2.77466392,-0.25981123,-0.11335138,-0.24097661,-0.57749455,9.79926765,0.48419273,1.71714030,-7.67300956,4
117.37863383,31.96329441,41.46034831,14.24628873,125.59504964,41.45934831,-8.42126970,-2.19170489,2.02792915,2.75545027,2.74475819,-0.24030477,-0.11261204,-0.34124202,-0.62650096,10.00407349,0.54310776,0.84261741,-7.99631522,4
117.37863368,31.96329529,41.45812278,14.34486288,125.58082885,41.45712278,-7.99278094,-2.16259620,2.00855418,2.70802759,2.69912936,-0.21877873,-0.10957190,-0.35583519,-0.63352987,10.19446154,0.58666710,0.06644144,-8.45503270,4
117.37863356,31.96329620,41.45477712,14.44352064,125.56735585,41.45377712,-7.55598164,-2.15516993,1.96778531,2.68608224,2.67875483,-0.19834933,-0.10688878,-0.22474423,-0.61040417,10.06973709,0.30825264,-0.51293553,-8.78757420,4
117.37863346,31.96329711,41.45071636,14.54225935,125.55464488,41.44971636,-7.11134115,-2.16204110,1.91419815,2.68131391,2.67540608,-0.17870146,-0.10451338,-0.00112173,-0.56890906,9.73935617,-0.18028363,-0.96679139,-9.03322610,4
117.37863338,31.96329802,41.44715318,14.64107601,125.54270932,41.44615318,-6.66004104,-2.16405653,1.84082719,2.67578928,2.67107155,-0.15850879,-0.10105479,0.19419801,-0.59290700,9.63012760,-0.04456471,-1.13780140,-9.08314008,4
117.37863330,31.96329891,41.44414817,14.73996803,125.53155922,41.44314817,-6.20211842,-2.15957404,1.75117463,2.66710769,2.66339164,-0.13770443,-0.09655995,0.35032955,-0.67952003,9.75293193,0.69300065,-1.06779058,-8.96626185,4
117.37863324,31.96329981,41.44018978,14.83893121,125.52120796,41.43918978,-5.73694062,-2.13400525,1.68391633,2.67103851,2.66827078,-0.11800359,-0.09350882,0.43374121,-0.72003157,9.90988574,1.04610165,-0.73440070,-8.78374168,4
117.37863318,31.96330072,41.43495875,14.93796102,125.51166796,41.43395875,-5.26500340,-2.08564091,1.64740593,2.69063219,2.68880313,-0.09976797,-0.09243804,0.44332296,-0.68898337,10.04107082,0.77990067,-0.16076832,-8.57130517,4
117.37863313,31.96330163,41.42962018,15.03705261,125.50295084,41.42862018,-4.78676776,-2.05461462,1.62578677,2.70244692,2.70141491,-0.08160587,-0.09180155,0.38389465,-0.65159928,10.11049458,0.24581262,0.19557253,-8.41343354,4
117.37863306,31.96330252,41.42472023,15.13620083,125.49506740,41.42372023,-4.30269579,-2.06449732,1.61467589,2.69322156,2.69274698,-0.06284907,-0.09093959,0.24163890,-0.63857355,10.08747745,-0.44356998,0.06219612,-8.36314407,4
117.37863297,31.96330342,41.42039939,15.23540027,125.48802762,41.41939939,-3.81324218,-2.09191600,1.59208129,2.67987554,2.67977227,-0.04401435,-0.08946770,0.09645518,-0.63936241,9.98708342,-0.89130511,-0.33193441,-8.37247559,4
117.37863289,31.96330432,41.41716681,15.33464525,125.48184067,41.41616681,-3.31885821,-2.12941430,1.53199438,2.67377732,2.67377378,-0.02549572,-0.08666036,0.01212242,-0.65411227,9.76762909,-0.60447625,-0.97565443,-8.44280409,4
117.37863280,31.96330524,41.41457255,15.43392986,125.47651491,41.41357255,-2.81999367,-2.16172771,1.45397443,2.66680974,2.66680974,-0.00695133,-0.08300981,-0.01406931,-0.66491115,9.57636304,-0.13386776,-1.54404141,-8.53737207,4
117.37863272,31.96330614,41.41313112,15.53324798,125.47205791,41.41213112,-2.31709747,-2.15506274,1.35520961,2.64373002,2.64373002,0.01223590,-0.07767788,0.12399596,-0.63572947,9.70361777,-0.01763472,-1.37723740,-8.64588381,4
117.37863269,31.96330704,41.41193384,15.63259329,125.46847639,41.41093384,-1.81061248,-2.13938414,1.25580748,2.62067412,2.62061144,0.03174912,-0.07223253,0.30734214,-0.60314084,9.90911621,-0.07787722,-0.97555923,-8.73930345,4
117.37863267,31.96330795,41.40983562,15.73195931,125.46577631,41.40883562,-1.30097156,-2.15156757,1.19072263,2.62771205,2.62727776,0.05166793,-0.06930531,0.41170999,-0.62801082,9.90854999,-0.33496384,-0.78121384,-8.73397491,4
117.37863268,31.96330885,41.40739364,15.83133941,125.46396284,41.40639364,-0.78860105,-2.17327814,1.13825233,2.64261839,2.64169713,0.07163283,-0.06726848,0.47328117,-0.65345240,9.83282286,-0.60980531,-0.66082033,-8.68041163,4
117.37863268,31.96330975,41.40490919,15.93072682,125.46304036,41.40390919,-0.27392471,-2.18838452,1.08483223,2.63413366,2.63271550,0.09088065,-0.06490603,0.44359685,-0.53170617,9.77370396,-0.50884077,-0.49804472,-8.54371405,4
117.37863268,31.96331066,41.40245702,16.03011469,125.46301251,41.40145702,0.24263977,-2.20280840,1.03458036,2.61916446,2.61720460,0.10989407,-0.06258519,0.38158864,-0.36852881,9.73567368,-0.33961156,-0.30567018,-8.39072612,4
117.37863270,31.96331156,41.40034522,16.12949607,125.46388213,41.39934522,0.76068430,-2.23171020,1.01269892,2.62160168,2.61877024,0.12916308,-0.06159642,0.32655335,-0.30569035,9.80712092,-0.71937431,-0.01137037,-8.34531908,4
117.37863273,31.96331247,41.39835075,16.22886396,125.46565135,41.39735075,1.27980733,-2.26847061,1.00068798,2.62779099,2.62392982,0.14839751,-0.06101461,0.27939537,-0.28458719,9.90665170,-1.25652534,0.28644579,-8.33341099,4
117.37863276,31.96331337,41.39630963,16.32821131,125.46832154,41.39530963,1.79961221,-2.33046713,0.98545757,2.60902409,2.60375415,0.16635730,-0.05972789,0.28094347,-0.31291391,9.89801018,-1.39450839,0.26626658,-8.26878829,4
117.37863280,31.96331428,41.39417539,16.42753106,125.47189336,41.39317539,2.31970672,-2.40143333,0.96943906,2.58505433,2.57825986,0.18406525,-0.05830420,0.29586371,-0.35213041,9.85132229,-1.39563252,0.15098354,-8.19914217,4
117.37863283,31.96331519,41.39157135,16.52681614,125.47636675,41.39057135,2.83970144,-2.47309280,0.95609259,2.58376436,2.57555157,0.20299138,-0.05759882,0.28733415,-0.35250052,9.80699770,-1.43000763,0.14296889,-8.21583119,4
117.37863288,31.96331609,41.38880947,16.62605950,125.48174092,41.38780947,3.35921223,-2.54495368,0.94364263,2.59011122,2.58051597,0.22233368,-0.05713492,0.27085684,-0.33977754,9.76368176,-1.47637385,0.17150052,-8.26150876,4
117.37863293,31.96331699,41.38689181,16.72525411,125.48801439,41.38589181,3.87786409,-2.61569869,0.90140594,2.56762405,2.55650035,0.23955473,-0.05472672,0.25517371,-0.40373901,9.74427120,-1.36606117,-0.21032144,-8.33030479,4
117.37863298,31.96331789,41.38531604,16.82439303,125.49518497,41.38431604,4.39529069,-2.68569238,0.84737946,2.53599629,2.52326448,0.25614875,-0.05160791,0.24428954,-0.48908079,9.73643100,-1.20618377,-0.71413021,-8.40331895,4
117.37863307,31.96331880,41.38413544,16.92346934,125.50324983,41.38313544,4.91113340,-2.75002833,0.78392758,2.53235733,2.51762690,0.27543801,-0.04883795,0.30541656,-0.45331117,9.77053960,-1.19761223,-0.69459066,-8.40635006,4
117.37863319,31.96331970,41.38287595,17.02247626,125.51220547,41.38187595,5.42504159,-2.81387411,0.72019150,2.53487590,2.51795625,0.29528413,-0.04624825,0.38949400,-0.39284080,9.80697732,-1.26031892,-0.48740041,-8.39302945,4
117.37863328,31.96332062,41.38050711,17.12140708,125.52204774,41.37950711,5.93667283,-2.88479610,0.67064260,2.52205795,2.50256539,0.31345221,-0.04400676,0.47570194,-0.40836194,9.78360896,-1.45219846,-0.15852601,-8.41141622,4
117.37863338,31.96332152,41.37761310,17.22025523,125.53277188,41.37661310,6.44569405,-2.95611611,0.63683596,2.51235770,2.49020085,0.33195541,-0.04244964,0.52147844,-0.41997425,9.74180684,-1.55996860,0.18866478,-8.43296370,4
117.37863351,31.96332242,41.37411534,17.31901427,125.54437253,41.37311534,6.95178185,-3.02287242,0.63627242,2.52367579,2.49890236,0.35273174,-0.04255093,0.45114908,-0.35990990,9.69587271,-1.32768139,0.48993721,-8.43803525,4
117.37863364,31.96332331,41.37014390,17.41767792,125.55684371,41.36914390,7.45462094,-3.08619925,0.63658126,2.52875533,2.50135709,0.37262345,-0.04248251,0.36571559,-0.29896684,9.70328552,-1.18797853,0.60448723,-8.42736589,4
117.37863377,31.96332422,41.36547727,17.51624006,125.57017890,41.36447727,7.95390251,-3.14464413,0.62097328,2.50931948,2.47924933,0.38941427,-0.04116721,0.31067325,-0.27523450,9.82658734,-1.42567746,0.34604542,-8.39226834,4
117.37863389,31.96332512,41.36027305,17.61469475,125.58437100,41.35927305,8.44932306,-3.20516212,0.60595116,2.49661764,2.46347864,0.40722789,-0.04016513,0.30445508,-0.31596760,9.91285492,-1.43048165,0.24882387,-8.39452306,4
117.37863404,31.96332602,41.35453981,17.71303623,125.59941236,41.35353981,8.94058445,-3.26989266,0.59681787,2.50098487,2.46423888,0.42742864,-0.03999613,0.35655920,-0.43438090,9.90948408,-0.99407330,0.49295072,-8.45693126,4
117.37863419,31.96332693,41.34893720,17.81125896,125.61529479,41.34793720,9.42739570,-3.31997597,0.58859190,2.49656567,2.45634454,0.44594003,-0.03974819,0.38595515,-0.50724153,9.84241150,-0.84382712,0.56667493,-8.52717787,4
117.37863434,31.96332782,41.34357110,17.90935758,125.63200960,41.34257110,9.90947484,-3.35421814,0.58005552,2.48032499,2.43685600,0.46235077,-0.03925711,0.38117714,-0.52083033,9.72969588,-1.04933632,0.40554905,-8.59150594,4
117.37863453,31.96332872,41.33829480,18.00732699,125.64954756,41.33729480,10.38655025,-3.36794508,0.56867395,2.47831906,2.43109640,0.48141310,-0.03872948,0.37238823,-0.60324907,9.62667896,-0.45811635,0.34521026,-8.56204692,4
117.37863473,31.96332961,41.33306091,18.10516229,125.66789898,41.33206091,10.85836288,-3.36809545,0.55538532,2.48725272,2.43590303,0.50248763,-0.03820530,0.36478697,-0.73410141,9.53912725,0.70380230,0.38412020,-8.47307946,4
117.37863492,31.96333051,41.32811189,18.20285882,125.68705371,41.32711189,11.32466673,-3.32052701,0.54366027,2.47987128,2.42462959,0.52012421,-0.03767680,0.35369196,-0.59172938,9.58603372,0.74357242,0.46452236,-8.59859573,4
117.37863513,31.96333139,41.32330474,18.30041220,125.70700118,41.32230474,11.78522766,-3.24986788,0.53287124,2.46345427,2.40445666,0.53588488,-0.03714609,0.34104808,-0.31121221,9.69979380,0.15902374,0.55335401,-8.83777803,4
117.37863535,31.96333229,41.31823411,18.39781827,125.72773040,41.31723411,12.23982395,-3.22342821,0.52055659,2.46380729,2.40040537,0.55553083,-0.03662456,0.34270396,-0.41708973,9.69039578,0.12948441,0.42333757,-8.90337825,4
117.37863559,31.96333316,41.31306070,18.49507317,125.74923002,41.31206070,12.68824849,-3.21169467,0.50709208,2.46983093,2.40179800,0.57647697,-0.03606876,0.34962695,-0.65524018,9.63534901,0.34099606,0.21883785,-8.90098590,4
117.37863583,31.96333404,41.30774313,18.59217330,125.77148832,41.30674313,13.13031142,-3.13563851,0.47492971,2.45423066,2.38183090,0.59240999,-0.03427945,0.36081402,-0.54648861,9.60923087,1.12571915,0.12713939,-8.84695725,4
117.37863606,31.96333492,41.30236450,18.68911534,125.79449327,41.30136450,13.56583973,-3.04184584,0.43835837,2.43448364,2.35773800,0.60733547,-0.03222028,0.37110420,-0.36032918,9.61059881,1.96059669,0.07701592,-8.77318615,4
117.37863633,31.96333581,41.29661267,18.78589627,125.81823259,41.29561267,13.99467402,-2.94609574,0.41013455,2.44019285,2.35830302,0.62754103,-0.03102325,0.35425977,-0.44192958,9.87738575,1.39645523,0.16470887,-8.59050496,4
117.37863660,31.96333668,41.29064200,18.88251335,125.84269372,41.28964200,14.41666727,-2.85594950,0.38663871,2.44630569,2.35927719,0.64741415,-0.03004096,0.34468847,-0.54935283,10.12126308,0.74343967,0.30708785,-8.31842831,4
117.37863686,31.96333756,41.28381258,18.97896414,125.86786387,41.28281258,14.83168423,-2.79704408,0.38143029,2.43191934,2.34048879,0.66076630,-0.02946246,0.39757777,-0.55547074,10.00559851,0.85227729,0.62259577,-7.65433991,4
117.37863712,31.96333843,41.27726637,19.07524649,125.89373005,41.27626637,15.23959929,-2.74242902,0.38526110,2.42066056,2.32495662,0.67398111,-0.02945904,0.41788853,-0.56018581,9.84144001,1.01586329,0.81415689,-6.93055754,4
117.37863742,31.96333929,41.27183923,19.17135856,125.92027909,41.27083923,15.64029389,-2.68612506,0.40579915,2.42591580,2.32600431,0.68935672,-0.03081969,0.32512282,-0.60355426,9.69898093,1.02299113,0.60309240,-6.20921114,4
117.37863771,31.96334016,41.26655418,19.26729878,125.94749763,41.26555418,16.03365332,-2.61224447,0.41940942,2.42366367,2.32005991,0.70128286,-0.03151225,0.23608177,-0.68576635,9.74761397,1.19687975,0.44895404,-5.60503821,4
117.37863801,31.96334105,41.26119671,19.36306589,125.97537216,41.26019671,16.41957357,-2.50704612,0.41646302,2.40382415,2.29743731,0.70648554,-0.03066745,0.18215251,-0.82665827,10.13071945,1.69303683,0.49678205,-5.21153564,4
117.37863831,31.96334191,41.25502351,19.45865892,126.00388903,41.25402351,16.79795084,-2.41676377,0.41851708,2.39019191,2.28117553,0.71274960,-0.03030125,0.13781397,-0.89214317,10.29185578,1.57042052,0.48726888,-4.84681021,4
117.37863864,31.96334273,41.24802342,19.55407718,126.03303441,41.24702342,17.22128584,-2.35011616,0.42815185,2.38605648,2.27451465,0.72097153,-0.03068909,0.10072466,-0.86309891,10.14924566,0.71435572,0.37946674,-4.48543845,4
117.37863895,31.96334353,41.24120983,19.64929832,126.06297940,41.24020983,17.62421628,-2.30787270,0.42221824,2.37157854,2.25827546,0.72472168,-0.03043093,0.08879518,-0.86214395,10.01810385,0.38795036,0.16212226,-4.00742646,4
117.37863925,31.96334432,41.23466580,19.74438102,126.09349089,41.23366580,17.95448881,-2.28332209,0.40278838,2.34802450,2.23356913,0.72467031,-0.02956820,0.09801680,-0.89394240,9.93062915,0.56145532,-0.12431222,-3.43531021,4
117.37863960,31.96334515,41.22872065,19.83932515,126.12455602,41.22772065,18.27751276,-2.25613143,0.38570461,2.33699003,2.22093796,0.72750704,-0.02880276,0.14707004,-0.92739657,9.95012613,0.35840363,-0.04791265,-2.90305614,4
117.37863998,31.96334597,41.22329351,19.93413056,126.15616194,41.22229351,18.59331602,-2.22534391,0.37371412,2.33724412,2.21919192,0.73310348,-0.02825214,0.22198459,-0.95569395,10.04116150,-0.21859918,0.32636203,-2.42807124,4
117.37864036,31.96334679,41.21790930,20.02879711,126.18829578,41.21690930,18.90192728,-2.23985210,0.39040712,2.32429187,2.20538102,0.73341406,-0.02868731,0.24284923,-0.96744737,9.91100820,-0.55917340,0.71850834,-2.02648638,4
117.37864073,31.96334762,41.21255330,20.12332466,126.22094467,41.21155330,19.20337592,-2.27892579,0.42535716,2.30287080,2.18381356,0.73041939,-0.02978668,0.22330685,-0.96698114,9.64950184,-0.65464240,1.05823190,-1.66672213,4
117.37864112,31.96334844,41.20813166,20.21771307,126.25409576,41.20713166,19.49769182,-2.27413233,0.47307652,2.29533947,2.17562352,0.73114450,-0.03179170,0.16509203,-0.93660980,9.55901480,-0.21114416,1.13269007,-1.36362135,4
117.37864152,31.96334926,41.20420886,20.31196220,126.28773617,41.20320886,19.78490526,-2.24452133,0.52611871,2.29416961,2.17357197,0.73349910,-0.03415432,0.09074941,-0.88702999,9.58595348,0.44085835,1.06950855,-1.09870558,4
117.37864193,31.96335008,41.20028301,20.40607190,126.32185305,41.19928301,20.06504677,-2.21873124,0.57403749,2.27195797,2.15173331,0.72840924,-0.03538891,0.04363760,-0.78705698,9.83590309,0.24585469,1.02570037,-0.96898862,4
117.37864232,31.96335090,41.19623799,20.50004203,126.35643354,41.19523799,20.33814698,-2.20307142,0.61666834,2.24203489,2.12271994,0.72056906,-0.03616665,0.00807300,-0.68045424,10.07921849,-0.30891381,0.94725111,-0.95576074,4
117.37864275,31.96335170,41.19186191,20.59387246,126.39146477,41.19086191,20.60423657,-2.20962261,0.65297182,2.22577198,2.10676997,0.71749892,-0.03755341,-0.04072248,-0.64005140,9.92788580,-0.45349745,0.73820512,-1.04410504,4
117.37864317,31.96335252,41.18720894,20.68756304,126.42693388,41.18620894,20.86334608,-2.22160754,0.67157282,2.20412408,2.08553388,0.71300808,-0.03827216,-0.07638122,-0.61761945,9.71330316,-0.38273859,0.41642976,-1.16526348,4
117.37864360,31.96335333,41.18240476,20.78111364,126.46282801,41.18140476,21.11550581,-2.22494270,0.66967700,2.16473774,2.04714012,0.70297786,-0.03759223,-0.08361734,-0.57191025,9.69975366,-0.30827370,0.03056635,-1.25821563,4
117.37864405,31.96335413,41.17784529,20.87452410,126.49913429,41.17684529,21.36074575,-2.23849486,0.64390427,2.13749365,2.02045633,0.69704407,-0.03604990,-0.05183080,-0.60230467,9.75470119,-0.46191297,-0.34372402,-1.23855158,4
117.37864453,31.96335494,41.17347765,20.96779429,126.53583985,41.17247765,21.59909544,-2.26111459,0.60020509,2.11967710,2.00292398,0.69409419,-0.03395659,0.01217648,-0.66567739,9.81091575,-0.65686787,-0.56762290,-1.15841071,4
117.37864497,31.96335574,41.16899173,21.06092407,126.57293185,41.16799173,21.83058390,-2.27963457,0.54309538,2.08763943,1.97179736,0.68616390,-0.03112423,0.10205004,-0.63823857,9.88285608,-0.47850158,-0.46269301,-1.13222455,4
117.37864541,31.96335655,41.16442451,21.15391329,126.61039741,41.16342451,22.05523949,-2.30413651,0.51045463,2.06632838,1.95061388,0.68157935,-0.02962161,0.14486738,-0.54606650,9.91929495,-0.50459104,-0.12718336,-1.16169690,4
117.37864585,31.96335737,41.15994107,21.24676182,126.64822367,41.15894107,22.27308989,-2.33678417,0.50835849,2.05887913,1.94253779,0.68162993,-0.02968062,0.12790633,-0.48167830,9.89511171,-0.74888341,0.17972585,-1.18511240,4
117.37864628,31.96335819,41.15574906,21.33946952,126.68639778,41.15474906,22.48416192,-2.36892019,0.50756216,2.03722355,1.92135483,0.67728924,-0.02943435,0.10557417,-0.54137775,9.81413772,-0.41703010,0.24547900,-1.12031306,4
117.37864668,31.96335902,41.15203950,21.43203623,126.72490685,41.15103950,22.68848155,-2.37867382,0.50890271,2.01548264,1.90003994,0.67265365,-0.02907831,0.04562404,-0.51870372,9.80221853,-0.14064594,0.13576880,-1.09183571,4
117.37864708,31.96335985,41.14852612,21.52446183,126.76373804,41.14752612,22.88607377,-2.37404177,0.50410626,1.99962428,1.88405987,0.66956219,-0.02857570,-0.03394786,-0.38586113,9.85913115,-0.29222326,-0.08158906,-1.14399941,4
117.37864749,31.96336071,41.14465557,21.61674617,126.80287848,41.14365557,23.07696249,-2.39015175,0.46273248,1.96957741,1.85473065,0.66190376,-0.02672234,-0.04391078,-0.39305134,9.82948156,-0.43910085,-0.55751012,-1.17131700,4
117.37864790,31.96336155,41.14087196,21.70888911,126.84231531,41.13987196,23.26117053,-2.40716533,0.40733188,1.94740476,1.83294339,0.65712085,-0.02466666,0.03463059,-0.41815078,9.75077747,-0.34098622,-0.69898597,-1.21210128,4
117.37864831,31.96336239,41.13737466,21.80089051,126.88203567,41.13637466,23.43871951,-2.40773457,0.35930518,1.93763804,1.82297214,0.65649349,-0.02302028,0.13366614,-0.39179957,9.71878617,-0.13585511,-0.47028558,-1.24906074,4
117.37864870,31.96336324,41.13390075,21.89275022,126.92202668,41.13290075,23.60962978,-2.39483055,0.31530864,1.92136609,1.80701584,0.65351157,-0.02112550,0.18238030,-0.41140405,9.78687484,-0.07861320,-0.35713254,-1.18601207,4
117.37864910,31.96336409,41.13008800,21.98446811,126.96227549,41.12908800,23.77392036,-2.38969732,0.29233163,1.91454657,1.79976784,0.65354829,-0.02015907,0.17639900,-0.48943381,9.74688322,-0.14519363,-0.09400225,-1.07050547,4
117.37864951,31.96336494,41.12617250,22.07604403,127.00276924,41.12517250,23.93160888,-2.38778366,0.29078092,1.91060012,1.79510495,0.65447397,-0.02017786,0.14732891,-0.55905913,9.66346160,-0.14415498,0.25717862,-0.99558379,4
117.37864989,31.96336581,41.12251855,22.16747785,127.04349506,41.12151855,24.08271154,-2.37396096,0.30616104,1.89228103,1.77701811,0.65051928,-0.02071158,0.11114801,-0.56414461,9.71225081,0.06887374,0.43985393,-1.01582422,4
117.37865029,31.96336667,41.11856903,22.25876941,127.08444010,41.11756903,24.22724299,-2.35785199,0.32261128,1.87976555,1.76429746,0.64874269,-0.02096567,0.04870539,-0.57325075,9.73609077,0.04266480,0.27252107,-1.01342354,4
117.37865068,31.96336754,41.11435193,22.34991859,127.12559148,41.11335193,24.36521633,-2.34639769,0.32184444,1.86449413,1.74906893,0.64569471,-0.02054212,0.01945884,-0.60072867,9.75277341,-0.09622106,-0.02305606,-0.95291224,4
117.37865108,31.96336842,41.11001303,22.44092524,127.16693634,41.10901303,24.49664306,-2.34111731,0.29557287,1.83599266,1.72164589,0.63744248,-0.01933265,0.06556700,-0.63868896,9.81664131,-0.16411785,-0.28971471,-0.84529495,4
117.37865151,31.96336929,41.10565630,22.53178922,127.20846183,41.10465630,24.62153297,-2.34460803,0.27090849,1.82966749,1.71507565,0.63743649,-0.01845424,0.09751554,-0.75289341,9.78278803,-0.03140831,-0.10142553,-0.99902628,4
117.37865196,31.96337016,41.10086747,22.62251038,127.25015507,41.09986747,24.73989413,-2.32451034,0.26211967,1.81696173,1.70236368,0.63564445,-0.01805239,0.09849104,-0.85830558,9.84255272,0.27576071,0.19485966,-1.18238939,4
117.37865238,31.96337104,41.09563299,22.71308859,127.29200321,41.09463299,24.85173285,-2.28318084,0.26808527,1.79510229,1.68090176,0.63091747,-0.01812893,0.07920470,-0.91620587,9.96799388,0.50060114,0.35835000,-1.24283380,4
117.37865283,31.96337193,41.09028301,22.80352371,127.33399339,41.08928301,24.95705358,-2.25897937,0.27535093,1.78663973,1.67196531,0.63073223,-0.01867442,0.07044949,-0.89807111,9.86313296,-0.09911697,0.01412167,-0.95679855,4
117.37865328,31.96337280,41.08472506,22.89381559,127.37611273,41.08372506,25.05585892,-2.24241592,0.25299747,1.75722483,1.64336366,0.62218620,-0.01786118,0.07674078,-0.97205386,9.79770035,-0.00702455,-0.04000491,-0.77268429,4
117.37865373,31.96337370,41.07929932,22.98396409,127.41834838,41.07829932,25.14814953,-2.21638992,0.25094997,1.73764486,1.62413355,0.61699412,-0.01751132,0.13544907,-1.04879512,9.82041268,0.24676747,0.40237070,-0.85382704,4
117.37865419,31.96337460,41.07384383,23.07396907,127.46068748,41.07284383,25.23392412,-2.18403598,0.28834891,1.72451487,1.61126345,0.61438364,-0.01839361,0.16607349,-1.10341150,9.87727110,0.24061820,0.87250815,-0.98344729,4
117.37865467,31.96337549,41.06780488,23.16383040,127.50311716,41.06680488,25.31317936,-2.16545330,0.34314509,1.69232878,1.58075044,0.60522955,-0.01983505,0.03670774,-1.14622031,9.81873875,0.00333194,0.62445343,-0.74323386,4
117.37865516,31.96337641,41.06185954,23.25354792,127.54562455,41.06085954,25.38590987,-2.14958678,0.37757605,1.65793687,1.54793134,0.59497077,-0.02030166,-0.06748977,-1.13374707,9.75057938,-0.03036080,0.37833657,-0.58655266,4
117.37865566,31.96337730,41.05604970,23.34312150,127.58819681,41.05504970,25.45210817,-2.12986252,0.38142091,1.60345471,1.49632631,0.57715827,-0.01930792,-0.12786492,-1.12313035,9.83555132,-0.08371196,-0.01305676,-0.67290568,4
117.37865620,31.96337820,41.04965308,23.43255100,127.63082105,41.04865308,25.51176463,-2.12383650,0.34602508,1.55663656,1.45188172,0.56196119,-0.01780743,-0.09078801,-1.09428075,9.84032825,-0.22164037,-0.39966980,-0.73127735,4
117.37865676,31.96337910,41.04383478,23.52183627,127.67348443,41.04283478,25.56486744,-2.12705518,0.27760319,1.50726916,1.40518337,0.54554562,-0.01567172,0.05751426,-1.08644984,9.85252281,-0.03796975,-0.32906565,-0.57070126,4
117.37865732,31.96338002,41.03850077,23.61097717,127.71617407,41.03750077,25.61140253,-2.13079593,0.24151327,1.44523766,1.34661152,0.52450055,-0.01413089,0.10072325,-1.08656510,9.83117295,0.09006334,-0.06764776,-0.38978127,4
117.37865787,31.96338094,41.03354041,23.69997357,127.75887712,41.03254041,25.65135358,-2.13287279,0.26190472,1.36290454,1.26902069,0.49613523,-0.01373622,-0.05401417,-1.07053981,9.73999550,-0.08567412,0.15704891,-0.31196666,4
117.37865845,31.96338187,41.02936925,23.78882533,127.80158071,41.02836925,25.68470193,-2.13178784,0.20584338,1.22427791,1.13961820,0.44688266,-0.01135371,-0.04136513,-1.00291754,9.87520302,-0.20157413,-0.08973195,-0.38768334,4
117.37865914,31.96338286,41.02689630,23.87753229,127.84427197,41.02589630,25.71142659,-2.14331958,0.13304149,0.95974499,0.89294601,0.35120071,-0.00797447,-0.04257088,-0.87578029,9.93212104,-0.25262445,0.08716707,-0.22858645,4
117.37865882,31.96338226,41.03143792,23.96609432,127.88693806,41.03043792,25.73150415,-2.15356950,0.00822901,0.42841676,0.39849116,0.15650642,-0.00297928,0.01024924,-0.43639663,9.85554888,-0.15901971,0.11781766,-0.04522544,4
117.37865798,31.96338130,41.03560846,24.05451128,127.92956609,41.03460846,25.74490876,-2.15895952,-0.05762079,0.14794985,0.13762521,0.05385739,-0.00102908,0.04020688,-0.33374769,9.82788419,-0.17094535,0.08216585,-0.00075412,4
117.37865705,31.96338055,41.04000000,24.14278303,127.97214322,41.03900000,25.74994213,-2.12900000,-0.08400000,0.07900000,0.07300000,0.02900000,0.00000000,0.05600000,-0.37900000,9.80900000,-0.15000000,0.03800000,-0.01300000,4
