longtitude,latitude,altitude,north,east,up,yaw,pitch,roll,vel_speed,vel_north,vel_east,vel_up,acc_x,acc_y,acc_z,gyro_x,gyro_y,gyro_z,rtk_status
117.37954732,31.96138015,41.79442605,-198.03650243,211.88379490,41.78742605,-159.85517190,-0.77132321,-0.51264152,4.13306269,-3.90231831,-1.36297748,0.01308521,0.32127326,-0.78304801,10.11198441,-0.25688065,0.78689146,-1.32002742,4
117.37954695,31.96137931,41.79233964,-198.13036344,211.84931954,41.78533964,-159.80871939,-0.77191477,-0.49599539,4.13427967,-3.90262077,-1.36545501,0.01182465,0.29802806,-0.81139445,10.12999488,-0.26777549,0.89992745,-1.28781832,4
117.37954658,31.96137846,41.78989106,-198.22419746,211.81476901,41.78289106,-159.76365277,-0.77704403,-0.47548396,4.13482092,-3.90217742,-1.36769738,0.01012353,0.26112378,-0.83543672,10.07214430,-0.13518204,0.88059755,-1.24802236,4
117.37954621,31.96137762,41.78741800,-198.31800529,211.78014560,41.78041800,-159.71999377,-0.78248041,-0.45471117,4.13531641,-3.90168359,-1.36992380,0.00839260,0.22329534,-0.85918723,10.00915890,0.00712343,0.85230696,-1.20771333,4
117.37954584,31.96137678,41.78494454,-198.41178773,211.74545166,41.77794454,-159.67776551,-0.78792200,-0.43393416,4.13581109,-3.90118891,-1.37214991,0.00666118,0.18545151,-0.88293238,9.94608585,0.14959431,0.82386225,-1.16739606,4
117.37954547,31.96137593,41.78322583,-198.50554563,211.71068957,41.77622583,-159.63699166,-0.79087038,-0.41433358,4.12882619,-3.89384964,-1.37194788,0.00520823,0.15540754,-0.88610726,9.89151545,0.05504960,0.79568573,-1.13413433,4
117.37954511,31.96137509,41.78190089,-198.59927982,211.67586174,41.77490089,-159.59768930,-0.79251795,-0.39534695,4.11793907,-3.88293946,-1.37047902,0.00390060,0.12943324,-0.87855007,9.84138159,-0.16315126,0.76764937,-1.10455397,4
117.37954474,31.96137424,41.78060292,-198.69299117,211.64097060,41.77360292,-159.55986255,-0.79407650,-0.37640267,4.10678514,-3.87178514,-1.36892350,0.00260292,0.10373788,-0.87025870,9.79155224,-0.38980908,0.73962314,-1.07522605,4
117.37954436,31.96137340,41.77930545,-198.78668054,211.60601856,41.77230545,-159.52350152,-0.79563347,-0.35745953,4.09562684,-3.86062684,-1.36736653,0.00130545,0.07804785,-0.86195486,9.74172917,-0.61660785,0.71159765,-1.04590310,4
117.37954398,31.96137256,41.77801931,-198.88034878,211.57100804,41.77101931,-159.48858691,-0.79857327,-0.35763350,4.08396756,-3.84896756,-1.36542418,0.00121624,0.05178429,-0.87806144,9.72725224,-0.48992251,0.45759443,-1.07129731,4
117.37954360,31.96137172,41.77673623,-198.97399674,211.53594137,41.76973623,-159.45509621,-0.80188614,-0.36296556,4.07217327,-3.83717327,-1.36337788,0.00145307,0.02536636,-0.90075411,9.72231247,-0.26786324,0.14262235,-1.11145472,4
117.37954321,31.96137089,41.77545338,-199.06762526,211.50082089,41.76845338,-159.42300634,-0.80522120,-0.36860512,4.06037112,-3.82537112,-1.36132542,0.00170932,-0.00106033,-0.92383912,9.71794150,-0.04012066,-0.17597988,-1.15249178,4
117.37954282,31.96137005,41.77417055,-199.16123518,211.46564886,41.76717055,-159.39228980,-0.80855658,-0.37424958,4.04856906,-3.81356906,-1.35927288,0.00196590,-0.02748669,-0.94693011,9.71357987,0.18771043,-0.49463554,-1.19354242,4
117.37954244,31.96136921,41.77135082,-199.25482730,211.43042752,41.76435082,-159.36290845,-0.81187928,-0.39235535,4.02967879,-3.79492027,-1.35514768,0.00320598,-0.00912020,-0.89602171,9.77097963,-0.09453215,-0.60019187,-1.24368791,4
117.37954205,31.96136837,41.76831639,-199.34840243,211.39515900,41.76131639,-159.33480982,-0.81520017,-0.41220206,4.00979841,-3.77531511,-1.35073293,0.00458349,0.01550508,-0.83477393,9.83700859,-0.44804477,-0.67596868,-1.29510333,4
117.37954166,31.96136753,41.76527252,-199.44196134,211.35984535,41.75827252,-159.30792932,-0.81852089,-0.43212531,3.98987469,-3.75566809,-1.34630549,0.00596703,0.04040664,-0.77307020,9.90341772,-0.80470182,-0.75042652,-1.34657373,4
117.37954126,31.96136669,41.76233659,-199.53550474,211.32448852,41.75533659,-159.28219652,-0.82855914,-0.45658896,3.97321450,-3.73911962,-1.34305481,0.00766364,0.06915726,-0.71759300,9.93006805,-1.00162666,-0.82388606,-1.39157697,4
117.37954086,31.96136585,41.75963248,-199.62903334,211.28909030,41.75263248,-159.25753983,-0.85301292,-0.49079428,3.96355842,-3.72922118,-1.34232969,0.01003191,0.10616020,-0.67548949,9.87138868,-0.85569100,-0.89524468,-1.42270177,4
117.37954045,31.96136502,41.75694536,-199.72254778,211.25365239,41.74994536,-159.23388626,-0.87851910,-0.52571035,3.95441422,-3.71980875,-1.34178907,0.01244918,0.14376499,-0.63436398,9.80647767,-0.68471385,-0.96644800,-1.45281199,4
117.37954005,31.96136419,41.75425862,-199.81604869,211.21817637,41.74725862,-159.21115612,-0.90404312,-0.56063797,3.94527930,-3.71040517,-1.34125173,0.01486724,0.18137934,-0.59325686,9.74145856,-0.51329985,-1.03764661,-1.48290347,4
117.37953965,31.96136336,41.75146131,-199.90953663,211.18266365,41.74446131,-159.18925728,-0.91897092,-0.58195940,3.93512144,-3.69996757,-1.34036875,0.01625252,0.20889501,-0.57164842,9.71161521,-0.40584367,-0.84260962,-1.47848472,4
117.37953925,31.96136252,41.74858316,-200.00301211,211.14711551,41.74158316,-159.16808352,-0.92614915,-0.59332992,3.92421550,-3.68877382,-1.33923300,0.01688244,0.22902489,-0.56430039,9.70749764,-0.34516337,-0.45286384,-1.44882714,4
117.37953885,31.96136168,41.74569950,-200.09647559,211.11153302,41.73869950,-159.14751730,-0.93279115,-0.60401186,3.91325809,-3.67752803,-1.33807980,0.01746011,0.24864342,-0.55793889,9.70515960,-0.28771998,-0.04965956,-1.41742451,4
117.37953844,31.96136085,41.74286715,-200.18992744,211.07591705,41.73586715,-159.12743367,-0.93816518,-0.61214453,3.90319963,-3.66714797,-1.33717702,0.01789404,0.26336280,-0.54898060,9.70652757,-0.22361782,0.30389652,-1.38303318,4
117.37953803,31.96136002,41.74036395,-200.28336797,211.04026827,41.73336395,-159.10770216,-0.93547382,-0.60401803,3.89890655,-3.66232037,-1.33788100,0.01741288,0.24674472,-0.52326897,9.73144723,-0.11647163,0.33782305,-1.32967866,4
117.37953762,31.96135919,41.73788537,-200.37679740,211.00458714,41.73088537,-159.08818570,-0.93218051,-0.59467809,3.89504392,-3.65790734,-1.33870488,0.01686341,0.22778791,-0.49630746,9.75812424,-0.00611521,0.34789019,-1.27491004,4
117.37953721,31.96135836,41.73540731,-200.47021587,210.96887385,41.72840731,-159.06873823,-0.92887642,-0.58531651,3.89118915,-3.65350188,-1.33953089,0.01631273,0.20878939,-0.46932406,9.78483231,0.10429645,0.35752712,-1.22011722,4
117.37953683,31.96135753,41.73339526,-200.56362345,210.93312838,41.72639526,-159.04920432,-0.92252738,-0.58118062,3.88051012,-3.64266964,-1.33802036,0.01602031,0.19271395,-0.41851778,9.81767135,0.17517980,0.32435720,-1.18907167,4
117.37953646,31.96135669,41.73187488,-200.65702007,210.89735043,41.72487488,-159.02942214,-0.91296576,-0.58255807,3.86263115,-3.62505685,-1.33404465,0.01600035,0.17972242,-0.34257723,9.85697892,0.20435930,0.24602421,-1.18308040,4
117.37953609,31.96135584,41.73038989,-200.75040560,210.86153945,41.72338989,-159.00922735,-0.90317327,-0.58433213,3.84423463,-3.60695665,-1.32989169,0.01600000,0.16695305,-0.26483020,9.89675096,0.23053795,0.16444391,-1.17889169,4
117.37953572,31.96135499,41.72894894,-200.84377978,210.82569461,41.72194894,-158.98845502,-0.89575914,-0.58614162,3.82682696,-3.58980797,-1.32604692,0.01600000,0.15760650,-0.20004615,9.91644466,0.21224469,0.09753480,-1.17391486,4
117.37953533,31.96135415,41.72778296,-200.93714226,210.78981479,41.72078296,-158.96693735,-0.90345657,-0.58813075,3.81574777,-3.57874743,-1.32417666,0.01600000,0.16994435,-0.21768323,9.80872790,-0.08780285,0.12404703,-1.16373137,4
117.37953494,31.96135332,41.72663801,-201.03049257,210.75389863,41.71963801,-158.94450011,-0.91230539,-0.59013348,3.80515163,-3.56815163,-1.32245702,0.01600000,0.18393432,-0.24160170,9.69130596,-0.40930850,0.15767858,-1.15315163,4
117.37953455,31.96135248,41.72549352,-201.12383013,210.71794447,41.71849352,-158.92096094,-0.92117520,-0.59213633,3.79456509,-3.55756509,-1.32074028,0.01600000,0.19795434,-0.26563601,9.57370948,-0.73119667,0.19144107,-1.14256509,4
117.37953416,31.96135164,41.72410933,-201.21715425,210.68195033,41.71710933,-158.89613221,-0.92641351,-0.58501018,3.78014676,-3.54333127,-1.31783368,0.01544646,0.20490101,-0.26407522,9.58107610,-0.54053530,0.28642928,-1.14087809,4
117.37953379,31.96135080,41.72257407,-201.31046407,210.64591395,41.71557407,-158.86982578,-0.92936326,-0.57213107,3.76331376,-3.52679906,-1.31417726,0.01454409,0.20739007,-0.24638459,9.66719331,-0.02687108,0.42000073,-1.14479952,4
117.37953341,31.96134996,41.72102809,-201.40375866,210.60983276,41.71402809,-158.84185431,-0.93214943,-0.55884159,3.74630901,-3.51010339,-1.31046743,0.01361686,0.20956067,-0.22754272,9.75893136,0.50984095,0.55632231,-1.14912134,4
117.37953303,31.96134911,41.71939884,-201.49703691,210.57370387,41.71239884,-158.81202862,-0.91974713,-0.54669088,3.73343169,-3.49719321,-1.30805934,0.01281866,0.20495882,-0.19199468,9.83772814,0.81001300,0.61850450,-1.15314517,4
117.37953264,31.96134827,41.71764466,-201.59029761,210.53752411,41.71064466,-158.78015246,-0.88450701,-0.53626423,3.72676642,-3.48998058,-1.30761045,0.01221524,0.19018065,-0.13135385,9.89690517,0.75380276,0.56911011,-1.15670961,4
117.37953225,31.96134743,41.71588095,-201.68353940,210.50128998,41.70888095,-158.74602112,-0.84749988,-0.52597219,3.72058331,-3.48321029,-1.30731349,0.01162698,0.17461503,-0.06877360,9.95455575,0.66997193,0.51107123,-1.16023811,4
117.37953186,31.96134659,41.71411179,-201.77676076,210.46499765,41.70711179,-158.70942778,-0.81104130,-0.51560785,3.71428623,-3.47633274,-1.30698757,0.01103462,0.15904629,-0.00788118,10.01227019,0.58086354,0.45402891,-1.16584953,4
117.37953149,31.96134575,41.71195704,-201.86996003,210.42864295,41.70495704,-158.67017422,-0.81624111,-0.49981927,3.69910505,-3.46110598,-1.30437024,0.01012418,0.14428883,-0.07048431,10.07698930,0.15169730,0.48036192,-1.32093150,4
117.37953111,31.96134491,41.70977012,-201.96313539,210.39222143,41.70277012,-158.62807569,-0.82491957,-0.48357794,3.68318221,-3.44518221,-1.30156156,0.00918719,0.12959929,-0.14339925,10.14229250,-0.30586030,0.51365693,-1.48849317,4
117.37953074,31.96134406,41.70758261,-202.05628490,210.35572834,41.70058261,-158.58295658,-0.83366958,-0.46732793,3.66724470,-3.42924470,-1.29874906,0.00824969,0.11491178,-0.21652432,10.20760505,-0.76398568,0.54709445,-1.65630580,4
117.37953036,31.96134322,41.70524186,-202.14940648,210.31915866,41.69824186,-158.53463835,-0.83832081,-0.46349780,3.65631278,-3.41763967,-1.29872042,0.00756703,0.10675979,-0.23252584,10.00918089,-0.62228737,0.43966351,-2.02059292,4
117.37952997,31.96134238,41.70285378,-202.24249790,210.28250710,41.69585378,-158.48292894,-0.84169919,-0.46352362,3.64693582,-3.40738073,-1.29955601,0.00696357,0.10063744,-0.23079270,9.72890312,-0.29439683,0.28851261,-2.44583690,4
117.37952958,31.96134154,41.70046265,-202.33555679,210.24576803,41.69346265,-158.42762559,-0.84498886,-0.46381717,3.63766777,-3.39721628,-1.30045151,0.00636566,0.09465663,-0.22782831,9.44296963,0.04638939,0.13434100,-2.87527130,4
117.37952920,31.96134070,41.69829088,-202.42858058,210.20893552,41.69129088,-158.36852950,-0.84492708,-0.46795853,3.62682065,-3.38504103,-1.30219059,0.00643916,0.11087116,-0.20983954,9.40423470,0.20850003,-0.01053259,-3.33321796,4
117.37952883,31.96133986,41.69638017,-202.52156656,210.17200334,41.68938017,-158.30545977,-0.84087802,-0.47667399,3.61409060,-3.37046925,-1.30493249,0.00731175,0.15350349,-0.17399472,9.65988351,0.15762863,-0.14427576,-3.82503381,4
117.37952846,31.96133902,41.69449214,-202.61451188,210.13496499,41.68749214,-158.23825486,-0.83648166,-0.48578799,3.60119630,-3.35568844,-1.30776179,0.00825393,0.19843731,-0.13659412,9.94117364,0.08820921,-0.27705276,-4.31981041,4
117.37952809,31.96133818,41.69254585,-202.70741353,210.09781376,41.68554585,-158.16676113,-0.83427652,-0.49850700,3.59241788,-3.34446900,-1.31261891,0.00926831,0.24145707,-0.10861553,10.13449625,-0.04951999,-0.38522040,-4.75913905,4
117.37952771,31.96133734,41.69045802,-202.80026838,210.06054266,41.68345802,-158.09081742,-0.83736905,-0.51988843,3.59356401,-3.34184078,-1.32235618,0.01045276,0.27973913,-0.10342037,10.11450203,-0.35079512,-0.43415210,-5.06471511,4
117.37952731,31.96133651,41.68835711,-202.89307315,210.02314450,41.68135711,-158.01025154,-0.84095925,-0.54208206,3.59564289,-3.34002037,-1.33255122,0.01165308,0.31757218,-0.10036729,10.07445837,-0.66741446,-0.47751107,-5.35768948,4
117.37952692,31.96133568,41.68625596,-202.98582438,209.98561179,41.67925596,-157.92489288,-0.84456120,-0.56429406,3.59774404,-3.33821940,-1.34275673,0.01285373,0.35539261,-0.09736566,10.03393650,-0.98438560,-0.52073441,-5.65034750,4
117.37952653,31.96133484,41.68491501,-203.07851845,209.94793681,41.67791501,-157.83459001,-0.86387046,-0.58304506,3.60045364,-3.33581867,-1.35517470,0.01408924,0.40580796,-0.15696150,9.86686875,-0.76692903,-0.43081043,-6.00652359,4
117.37952615,31.96133400,41.68367074,-203.17115161,209.91011163,41.67667074,-157.73921748,-0.88518174,-0.60135715,3.60324099,-3.33334133,-1.36787562,0.01532931,0.45783206,-0.22453423,9.68367052,-0.48139803,-0.32392291,-6.37082279,4
117.37952576,31.96133316,41.68243032,-203.26371997,209.87212818,41.67543032,-157.63866532,-0.90657703,-0.61965282,3.60603179,-3.33086063,-1.38058925,0.01656968,0.50992668,-0.29244014,9.49979451,-0.19304874,-0.21633001,-6.73548675,4
117.37952538,31.96133232,41.68163217,-203.35621954,209.83397821,41.67463217,-157.53282086,-0.89695704,-0.63714708,3.61274615,-3.33167341,-1.39609788,0.01776934,0.53120286,-0.28785701,9.48174643,0.11538384,-0.25539839,-7.16828907,4
117.37952498,31.96133148,41.68102471,-203.44864618,209.79565331,41.67402471,-157.42155849,-0.87396644,-0.65429475,3.62115149,-3.33390597,-1.41281033,0.01895138,0.53919127,-0.25202208,9.53519233,0.43243758,-0.35769423,-7.63043456,4
117.37952459,31.96133065,41.68043410,-203.54099560,209.75714491,41.67343410,-157.30474873,-0.84979836,-0.67141091,3.62970546,-3.33626357,-1.42962797,0.02013179,0.54600777,-0.21343396,9.59493821,0.75023371,-0.46555853,-8.09514122,4
117.37952419,31.96132981,41.67932434,-203.63326338,209.71844424,41.67232434,-157.18227976,-0.82690551,-0.68937490,3.63694841,-3.33681537,-1.44688363,0.02132835,0.57130138,-0.18427149,9.69770773,0.81574739,-0.49075208,-8.51258339,4
117.37952381,31.96132897,41.67727741,-203.72544493,209.67954242,41.67027741,-157.05407384,-0.80636353,-0.70887109,3.64182095,-3.33410479,-1.46492614,0.02255424,0.62997379,-0.17222975,9.87779540,0.42624329,-0.36659985,-8.84470879,4
117.37952342,31.96132813,41.67512885,-203.81753561,209.64043048,41.66812885,-156.92008447,-0.78607197,-0.72853626,3.64643818,-3.33104121,-1.48305687,0.02378351,0.69226346,-0.16203599,10.06626979,-0.01249892,-0.22628736,-9.16767308,4
117.37952302,31.96132730,41.67298876,-203.90953067,209.60109946,41.66598876,-156.78027740,-0.76873880,-0.74633269,3.65178270,-3.32858451,-1.50160048,0.02487999,0.74440083,-0.15871128,10.21216761,-0.38616542,-0.09922411,-9.46972090,4
117.37952262,31.96132647,41.67093428,-204.00142528,209.56154033,41.66393428,-156.63461092,-0.77315680,-0.75031457,3.66252885,-3.33067162,-1.52314596,0.02499670,0.72098420,-0.20559044,10.04267911,-0.27014757,-0.07317367,-9.61930090,4
117.37952222,31.96132564,41.66888970,-204.09321453,209.52174405,41.66188970,-156.48303229,-0.78009247,-0.75269748,3.67390027,-3.33328468,-1.54503898,0.02500000,0.68882231,-0.25828074,9.83668482,-0.09744969,-0.05881505,-9.75123391,4
117.37952181,31.96132481,41.66684533,-204.18489340,209.48170151,41.65984533,-156.32549437,-0.78710174,-0.75503391,3.68529032,-3.33591315,-1.56694292,0.02500000,0.65640448,-0.31114225,9.62961959,0.07690566,-0.04479654,-9.88265753,4
117.37952140,31.96132398,41.66531017,-204.27645674,209.44140358,41.65831017,-156.16197762,-0.77541367,-0.76260265,3.69206904,-3.33365588,-1.58723994,0.02557324,0.65163321,-0.26018364,9.54657619,0.20513041,-0.09243970,-9.89877282,4
117.37952099,31.96132315,41.66405403,-204.36789937,209.40084115,41.65705403,-155.99250066,-0.75346888,-0.77304240,3.69631980,-3.32871861,-1.60665912,0.02646097,0.66202416,-0.15227505,9.53153956,0.30807644,-0.17391005,-9.85164885,4
117.37952057,31.96132231,41.66282575,-204.45921607,209.36000522,41.65582575,-155.81710820,-0.73048289,-0.78377465,3.70031630,-3.32350945,-1.62599437,0.02738069,0.67394890,-0.03858866,9.52336740,0.40849462,-0.25881655,-9.79812674,4
117.37952016,31.96132148,41.66162467,-204.55040159,209.31888689,41.65462467,-155.63584736,-0.70636802,-0.79633428,3.70718115,-3.32113839,-1.64616429,0.02839539,0.69067094,0.03112534,9.63458302,0.45804898,-0.27194469,-9.76562529,4
117.37951974,31.96132065,41.66046038,-204.64145067,209.27747737,41.65346038,-155.44874933,-0.68073574,-0.81140998,3.71802581,-3.32270778,-1.66748903,0.02954018,0.71397166,0.03971934,9.91080247,0.43727028,-0.18555786,-9.76248357,4
117.37951932,31.96131983,41.65930031,-204.73235798,209.23576794,41.65230031,-155.25583110,-0.65493184,-0.82677092,3.72932201,-3.32472446,-1.68894432,0.03069969,0.73801862,0.04137461,10.20574668,0.40850769,-0.08787598,-9.76267492,4
117.37951889,31.96131901,41.65814034,-204.82311810,209.19374996,41.65114034,-155.05711682,-0.62912245,-0.84214057,3.74063173,-3.32675441,-1.71040381,0.03185966,0.76208805,0.04282458,10.50124968,0.37950837,0.01014170,-9.76296491,4
117.37951845,31.96131818,41.65613260,-204.91372561,209.15141484,41.64913260,-154.85266070,-0.63278878,-0.83538085,3.74864068,-3.32485245,-1.73109977,0.03119307,0.78656597,0.01197208,10.25501725,-0.06541480,0.32140040,-9.73679049,4
117.37951801,31.96131736,41.65401585,-205.00417503,209.10875420,41.64701585,-154.64255374,-0.64022972,-0.82578633,3.75622893,-3.32244661,-1.75170290,0.03029247,0.81110202,-0.02302342,9.93936825,-0.56369425,0.66003422,-9.70722162,4
117.37951757,31.96131654,41.65189477,-205.09446094,209.06575984,41.64489477,-154.42690707,-0.64780442,-0.81609034,3.76380442,-3.32002258,-1.77230804,0.02938347,0.83564633,-0.05817253,9.62121422,-1.06396412,0.99971034,-9.67752666,4
117.37951713,31.96131572,41.65037349,-205.18457791,209.02242377,41.64337349,-154.20582660,-0.65406799,-0.78892798,3.77394350,-3.32014625,-1.79345299,0.02762420,0.80264161,-0.08773581,9.48356929,-0.80067346,1.16554426,-9.63773216,4
117.37951669,31.96131490,41.64919282,-205.27452055,208.97873821,41.64219282,-153.97939539,-0.65958649,-0.75185275,3.78553721,-3.32171617,-1.81490302,0.02538243,0.73697077,-0.11412588,9.44840862,-0.10395154,1.23268113,-9.59220749,4
117.37951625,31.96131408,41.64804623,-205.36428342,208.93469552,41.64104623,-153.74767767,-0.66503039,-0.71378729,3.79727610,-3.32343065,-1.83638312,0.02309248,0.66803561,-0.14019818,9.42349404,0.63608649,1.28994985,-9.54611092,4
117.37951579,31.96131327,41.64661648,-205.45386106,208.89028822,41.63961648,-153.51074080,-0.65664385,-0.68086014,3.80588419,-3.32226227,-1.85652462,0.02114875,0.60760227,-0.14973609,9.45112244,1.24556811,1.25486202,-9.50651543,4
117.37951532,31.96131246,41.64398882,-205.54324798,208.84550897,41.63698882,-153.26867800,-0.58995088,-0.66971401,3.80127448,-3.30892170,-1.87101846,0.02067058,0.58339706,-0.08959477,9.69910124,1.29951568,0.83150824,-9.49439821,4
117.37951483,31.96131166,41.64122475,-205.63243871,208.80035067,41.63422475,-153.02161359,-0.51663485,-0.66103254,3.79516610,-3.29419863,-1.88487628,0.02035831,0.56328981,-0.02154366,9.97210874,1.29054067,0.36405649,-9.48539084,4
117.37951434,31.96131086,41.63845609,-205.72142784,208.75480645,41.63145609,-152.76968716,-0.44311172,-0.65241895,3.78901353,-3.27943248,-1.89871955,0.02005068,0.54329398,0.04674978,10.24589778,1.27977368,-0.10476877,-9.47646963,4
117.37951386,31.96131005,41.63557852,-205.81021000,208.70886971,41.62857852,-152.51303113,-0.41696822,-0.65034154,3.79196681,-3.27248222,-1.91604221,0.01975812,0.54090837,0.06694155,10.23847233,0.84985799,0.08402594,-9.46651809,4
117.37951338,31.96130924,41.63268198,-205.89877985,208.66253409,41.62568198,-152.25175787,-0.39910080,-0.64940582,3.79651051,-3.26689725,-1.93397227,0.01946820,0.54159868,0.07873126,10.18192851,0.34673934,0.38768080,-9.45638679,4
117.37951290,31.96130844,41.62978443,-205.98713204,208.61579345,41.62278443,-151.98596735,-0.38170657,-0.64853533,3.80114491,-3.26139042,-1.95193654,0.01917844,0.54246467,0.09004072,10.12258079,-0.16054654,0.69788769,-9.44624550,4
117.37951240,31.96130765,41.62747743,-206.07526123,208.56864183,41.62047743,-151.71576793,-0.37337757,-0.63863252,3.80281917,-3.25304046,-1.96879473,0.01820820,0.55236748,0.07772565,9.96872546,-0.34606694,0.82711047,-9.46392066,4
117.37951189,31.96130687,41.62586630,-206.16316210,208.52107351,41.61886630,-151.44129406,-0.37572298,-0.61808003,3.80100227,-3.24133639,-1.98435035,0.01643569,0.57291997,0.03757166,9.70351036,-0.15222905,0.74286511,-9.51438744,4
117.37951134,31.96130609,41.62432158,-206.25082941,208.47308304,41.61732158,-151.16270546,-0.37909254,-0.59650208,3.79885021,-3.22930830,-1.99978423,0.01458589,0.59449792,-0.00526016,9.42756228,0.07802777,0.63813156,-9.56800912,4
117.37951081,31.96130530,41.62298394,-206.33825796,208.42466528,41.61598394,-150.88016829,-0.37437594,-0.57721643,3.79870305,-3.21903606,-2.01614001,0.01306761,0.61229390,-0.03005754,9.27725620,0.29785952,0.56915003,-9.60645283,4
117.37951030,31.96130450,41.62233714,-206.42544266,208.37581537,41.61533714,-150.59383337,-0.34241192,-0.56572625,3.80531907,-3.21469450,-2.03559482,0.01267024,0.61729066,0.00596506,9.55000212,0.47954283,0.62200680,-9.59362636,4
117.37950980,31.96130370,41.62175481,-206.51237844,208.32652873,41.61475481,-150.30382662,-0.30791088,-0.55496388,3.81256495,-3.21090623,-2.05533663,0.01237740,0.62109377,0.04765406,9.86216024,0.65765235,0.68621667,-9.57602155,4
117.37950928,31.96130291,41.62117402,-206.59906027,208.27680100,41.61417402,-150.01026086,-0.27335427,-0.54421939,3.81982474,-3.20713114,-2.07508327,0.01208701,0.62486886,0.08947046,10.17520256,0.83566250,0.75068365,-9.55830765,4
117.37950873,31.96130214,41.61921595,-206.68548313,208.22662803,41.61221595,-149.71325818,-0.25378393,-0.52347781,3.81827184,-3.19507688,-2.09049759,0.01088359,0.59877762,0.07450327,10.20426044,0.58808130,0.75059934,-9.56994124,4
117.37950816,31.96130138,41.61675604,-206.77164204,208.17600592,41.60975604,-149.41296599,-0.23966930,-0.49909271,3.81350912,-3.18000585,-2.10433592,0.00934750,0.56180574,0.03885337,10.12989344,0.18546768,0.72700516,-9.59226472,4
117.37950759,31.96130062,41.61426075,-206.85753211,208.12493109,41.60726075,-149.10955204,-0.22593412,-0.47444989,3.80852150,-3.16472209,-2.11806588,0.00778798,0.52406882,0.00175364,10.04828951,-0.22803093,0.70176508,-9.61533808,4
117.37950704,31.96129985,41.61216058,-206.94314855,208.07340022,41.60516058,-148.80318196,-0.21315513,-0.46342013,3.80754484,-3.15320176,-2.13345451,0.00689751,0.50715571,-0.01931643,9.92631839,-0.22759308,0.57945403,-9.62210019,4
117.37950650,31.96129907,41.61039098,-207.02848665,208.02141031,41.60339098,-148.49399747,-0.20116976,-0.46375450,3.80991856,-3.14482665,-2.15022655,0.00656582,0.50763220,-0.02698538,9.77080038,0.11839626,0.37619434,-9.61523963,4
117.37950597,31.96129829,41.60864540,-207.11354174,207.96895859,41.60164540,-148.18211030,-0.18924360,-0.46490306,3.81253190,-3.13667856,-2.16709443,0.00627423,0.50935460,-0.03369261,9.61290907,0.48907739,0.16717426,-9.60740432,4
117.37950541,31.96129753,41.60706733,-207.19830917,207.91604247,41.60006733,-147.86761832,-0.17592343,-0.46737708,3.81408559,-3.12753070,-2.18344578,0.00612570,0.51396941,-0.03219223,9.49306745,0.80115918,-0.02566166,-9.60408082,4
117.37950482,31.96129678,41.60667283,-207.28278431,207.86265959,41.59967283,-147.55062970,-0.15268863,-0.47915364,3.80809121,-3.11124896,-2.19613843,0.00698689,0.53895220,0.02742467,9.64338674,0.69459570,-0.10313521,-9.63289453,4
117.37950421,31.96129604,41.60636057,-207.36696258,207.80880779,41.59936057,-147.23127617,-0.12876378,-0.49157726,3.80157194,-3.09447070,-2.20857726,0.00791829,0.56535167,0.09108344,9.81249012,0.55892905,-0.17259321,-9.66394314,4
117.37950361,31.96129529,41.60604970,-207.45083949,207.75448521,41.59904970,-146.90970479,-0.10482684,-0.50401204,3.79504368,-3.07768376,-2.22101204,0.00885090,0.59177557,0.15481167,9.98191395,0.42276824,-0.24191708,-9.69503009,4
117.37950303,31.96129454,41.60575601,-207.53441062,207.69969020,41.59875601,-146.58605642,-0.08442725,-0.51551362,3.80044162,-3.07092914,-2.23940369,0.00973197,0.63371844,0.09690306,9.91312731,0.35884873,-0.15705927,-9.69683899,4
117.37950245,31.96129377,41.60546535,-207.61767164,207.64442141,41.59846535,-146.26044662,-0.06464402,-0.52685133,3.80790214,-3.06591192,-2.25882227,0.01060395,0.67833794,0.01795861,9.80313528,0.30744311,-0.04553970,-9.69358125,4
117.37950188,31.96129302,41.60517491,-207.70061825,207.58867764,41.59817491,-145.93296404,-0.04489323,-0.53817889,3.81545259,-3.06097330,-2.27828167,0.01147529,0.72306534,-0.06190239,9.69133666,0.25660758,0.06713864,-9.69009880,4
117.37950127,31.96129228,41.60487783,-207.78324617,207.53245790,41.59787783,-145.60368745,-0.02744401,-0.53902083,3.81990086,-3.05304068,-2.29621995,0.01158038,0.73330719,-0.08096820,9.67064529,0.24222360,0.15121824,-9.69636056,4
117.37950064,31.96129155,41.60457233,-207.86555114,207.47576133,41.59757233,-145.27270607,-0.01290208,-0.52660077,3.82042476,-3.04131842,-2.31223695,0.01071630,0.69993141,-0.02312796,9.76521335,0.27393211,0.19912240,-9.71495175,4
117.37950000,31.96129083,41.60426636,-207.94752894,207.41858729,41.59726636,-144.94012669,0.00148086,-0.51345369,3.82073364,-3.02938822,-2.32814903,0.00979909,0.66416466,0.03892798,9.86609967,0.30816716,0.24504531,-9.73421902,4
117.37949937,31.96129011,41.60406221,-208.02917543,207.36093536,41.59706221,-144.60606280,0.01634957,-0.50299922,3.82231770,-3.01856763,-2.34462993,0.00908805,0.63860241,0.08352640,9.95707855,0.32245787,0.28064674,-9.73786526,4
117.37949876,31.96128937,41.60432449,-208.11048654,207.30280530,41.59732449,-144.27061479,0.03345256,-0.50492588,3.82975687,-3.01284387,-2.36372210,0.00932481,0.65993844,0.04788510,10.00227311,0.24522248,0.26908366,-9.66990634,4
117.37949816,31.96128863,41.60461114,-208.19145826,207.24419707,41.59761114,-143.93385575,0.05066861,-0.50750029,3.83750087,-3.00738828,-2.38294662,0.00961114,0.68372491,0.00805106,10.04506039,0.16321296,0.25505397,-9.59821412,4
117.37949754,31.96128788,41.60489804,-208.27208658,207.18511073,41.59789804,-143.59583462,0.06788235,-0.51008235,3.84524705,-3.00193725,-2.40216862,0.00989804,0.70753724,-0.03182743,10.08780782,0.08116082,0.24099608,-9.52649023,4
117.37949690,31.96128717,41.60618732,-208.35236749,207.12554649,41.59918732,-143.25659345,0.09300386,-0.49983826,3.84827940,-2.99233691,-2.41903561,0.00920117,0.70312501,-0.05870063,10.06481142,0.24391900,0.33969250,-9.56942168,4
117.37949624,31.96128647,41.60797073,-208.43229700,207.06550465,41.60097073,-142.91618330,0.12202456,-0.48327231,3.84898892,-2.98069090,-2.43474340,0.00801944,0.68480275,-0.07916678,10.00941321,0.52733819,0.49396474,-9.66886118,4
117.37949557,31.96128577,41.60977679,-208.51187111,207.00498566,41.60277679,-142.57466539,0.15122481,-0.46641661,3.84959227,-2.96895086,-2.45039886,0.00681548,0.66584369,-0.09934084,9.95253107,0.81628667,0.65078474,-9.77088873,4
117.37949492,31.96128505,41.61144732,-208.59108589,206.94399008,41.60444732,-142.23209839,0.17504412,-0.45229362,3.85148423,-2.95814247,-2.46654568,0.00573516,0.64054277,-0.09578212,9.86841733,0.84585434,0.67176023,-9.83548395,4
117.37949429,31.96128433,41.61287932,-208.66993743,206.88251862,41.60587932,-141.88852122,0.18941351,-0.44297413,3.85563952,-2.94897246,-2.48355373,0.00487244,0.60412870,-0.05058059,9.73655565,0.42011165,0.45428413,-9.83432691,4
117.37949366,31.96128360,41.61429971,-208.74842179,206.82057207,41.60729971,-141.54394582,0.20333712,-0.43388189,3.85989912,-2.93988189,-2.50059647,0.00402017,0.56720764,-0.00344976,9.60250775,-0.02674747,0.22574732,-9.83010088,4
117.37949301,31.96128289,41.61571960,-208.82653504,206.75815125,41.60871960,-141.19836538,0.21725206,-0.42479458,3.86415879,-2.93079458,-2.51763517,0.00316824,0.53029046,0.04369064,9.46846998,-0.47372932,-0.00285521,-9.82584121,4
117.37949233,31.96128220,41.61623508,-208.90427316,206.69525703,41.60923508,-140.85177002,0.23759030,-0.43879721,3.85882387,-2.91383102,-2.52898203,0.00423523,0.53163364,0.02905212,9.59071206,-0.03909389,-0.22101830,-9.78472683,4
117.37949162,31.96128153,41.61654681,-208.98163212,206.63189034,41.60954681,-140.50415740,0.25937784,-0.45800423,3.85132642,-2.89509108,-2.53904732,0.00573472,0.54159856,0.00049098,9.77071547,0.59424514,-0.43684885,-9.73530385,4
117.37949092,31.96128086,41.61685035,-209.05860785,206.56805214,41.60985035,-140.15552989,0.28122519,-0.47742239,3.84374125,-2.87627831,-2.54906154,0.00725175,0.55191189,-0.02863358,9.95306023,1.23563947,-0.65259870,-9.68554263,4
117.37949023,31.96128018,41.61714428,-209.13519626,206.50374346,41.61014428,-139.80588455,0.30163360,-0.49140727,3.84408499,-2.86378620,-2.56373809,0.00826891,0.56793811,-0.03015511,10.00618678,1.14572680,-0.57321049,-9.68122778,4
117.37948957,31.96127947,41.61743003,-209.21139325,206.43896536,41.61043003,-139.45520362,0.32081145,-0.50075852,3.85118445,-2.85668213,-2.58238422,0.00885984,0.58882496,-0.00815479,9.94919393,0.43272282,-0.24239688,-9.71563483,4
117.37948890,31.96127877,41.61771532,-209.28719462,206.37371893,41.61071532,-139.10345438,0.33992625,-0.50989016,3.85859824,-2.84983239,-2.60121093,0.00943063,0.60993347,0.01494069,9.88706085,-0.30925528,0.10009593,-9.75184528,4
117.37948821,31.96127808,41.61783665,-209.36259615,206.30800525,41.61083665,-138.75059833,0.35801450,-0.51793609,3.86551184,-2.84254744,-2.61973195,0.00991292,0.62680435,0.03345462,9.82284115,-0.98898124,0.41637661,-9.78757680,4
117.37948749,31.96127742,41.61497399,-209.43759352,206.24182542,41.60797399,-138.39659977,0.35747615,-0.50628623,3.86327250,-2.82726952,-2.63269777,0.00878934,0.56653744,-0.03160764,9.72155172,-0.53124817,0.25389904,-9.81430411,4
117.37948675,31.96127678,41.61195707,-209.51218235,206.17518054,41.60495707,-138.04142526,0.35597854,-0.49361973,3.86056138,-2.81157682,-2.64538027,0.00758284,0.50228580,-0.10098716,9.61833214,-0.01484779,0.06673465,-9.84057341,4
117.37948602,31.96127613,41.60893798,-209.58635821,206.10807172,41.60193798,-137.68503529,0.35446900,-0.48093952,3.85784418,-2.79587750,-2.65806048,0.00637519,0.43797903,-0.17042640,9.51507900,0.50232360,-0.12075128,-9.86683956,4
117.37948530,31.96127546,41.60703842,-209.66011661,206.04050007,41.60003842,-137.32737610,0.37250297,-0.49787128,3.85784212,-2.78238385,-2.67206520,0.00762423,0.47154503,-0.17353722,9.64899157,0.54758202,-0.31133431,-9.88426971,4
117.37948461,31.96127478,41.60558881,-209.73345293,205.97246670,41.59858881,-136.96838110,0.39837554,-0.52668319,3.85892983,-2.76977975,-2.68659715,0.00985893,0.54438413,-0.15002447,9.87805417,0.40341205,-0.50310013,-9.89814779,4
117.37948391,31.96127411,41.60416171,-209.80636246,205.90397264,41.59716171,-136.60798227,0.42462454,-0.55606879,3.86007063,-2.75722304,-2.70115057,0.01214127,0.61912641,-0.12521376,10.11171197,0.24999995,-0.69486623,-9.91184759,4
117.37948320,31.96127345,41.60215093,-209.87884040,205.83501896,41.59515093,-136.24612122,0.44359462,-0.57654665,3.86102037,-2.74432265,-2.71573052,0.01376036,0.68634590,-0.10895539,10.26406138,0.07904726,-0.68998079,-9.91139850,4
117.37948245,31.96127282,41.59828659,-209.95088186,205.76560666,41.59128659,-135.88274785,0.43945699,-0.56874086,3.86136196,-2.73032624,-2.73039786,0.01327337,0.72963666,-0.11988278,10.15825773,-0.14724796,-0.06106659,-9.86605814,4
117.37948168,31.96127220,41.59431333,-210.02248188,205.69573679,41.58731333,-135.51780706,0.43397232,-0.55928567,3.86166821,-2.71626260,-2.74507382,0.01266359,0.77154401,-0.13239638,10.03739103,-0.37682156,0.60434933,-9.81809190,4
117.37948092,31.96127158,41.59033860,-210.09363539,205.62541035,41.58333860,-135.15122767,0.42846882,-0.54980741,3.86197396,-2.70219810,-2.75974980,0.01205209,0.81343174,-0.14493213,9.91631409,-0.60643970,1.27027252,-9.77008917,4
117.37948018,31.96127095,41.58739841,-210.16433721,205.55462832,41.58039841,-134.78292266,0.43323512,-0.52108452,3.86957125,-2.69398360,-2.77793685,0.00991263,0.74483629,-0.13448174,9.78121914,-0.30142683,1.13115956,-9.68073335,4
117.37947945,31.96127029,41.58454997,-210.23458202,205.48339164,41.57754997,-134.41280626,0.43890035,-0.49068396,3.87780533,-2.68628500,-2.79642542,0.00763992,0.66657585,-0.12201920,9.64494213,0.05036462,0.92149640,-9.58778226,4
117.37947872,31.96126964,41.58170448,-210.30436437,205.41170121,41.57470448,-134.04081233,0.44459104,-0.46023792,3.88605702,-2.67860209,-2.81492089,0.00536358,0.58804362,-0.10949971,9.50864453,0.40347419,0.70981322,-9.49473646,4
117.37947796,31.96126901,41.57889932,-210.37367873,205.33955795,41.57189932,-133.66689553,0.45728779,-0.44630751,3.88508660,-2.66424927,-2.82707083,0.00434955,0.53781692,-0.12264134,9.53513886,0.55572905,0.41535012,-9.42190028,4
117.37947718,31.96126840,41.57614260,-210.44251951,205.26696278,41.56914260,-133.29101150,0.47844024,-0.45230819,3.87298645,-2.64184578,-2.83156358,0.00485887,0.52174980,-0.16675319,9.75809746,0.46558180,0.02098851,-9.37344968,4
117.37947639,31.96126782,41.57338867,-210.51088102,205.19391664,41.56638867,-132.91309389,0.50015608,-0.45963023,3.86014710,-2.61890555,-2.83554971,0.00546918,0.50794333,-0.21292349,9.99410556,0.35936175,-0.38005103,-9.32660731,4
117.37947560,31.96126722,41.57077269,-210.57875748,205.12042044,41.56377269,-132.53304753,0.52078113,-0.47011704,3.84972192,-2.59772421,-2.84112320,0.00623849,0.50135763,-0.24723926,10.16875808,0.24678654,-0.67730588,-9.32208322,4
117.37947484,31.96126659,41.56870793,-210.64614290,205.04647503,41.56170793,-132.15076767,0.53700897,-0.49320116,3.84901211,-2.58361465,-2.85309200,0.00763847,0.52354885,-0.23394360,10.09682911,0.10975246,-0.55847306,-9.48699046,4
117.37947408,31.96126596,41.56668313,-210.71303116,204.97208125,41.55968313,-131.76617150,0.55291824,-0.51718570,3.84900000,-2.57001533,-2.86551789,0.00908348,0.54780239,-0.21723168,10.00720780,-0.02901368,-0.40978529,-9.66403414,4
117.37947331,31.96126534,41.56465865,-210.77941602,204.89723993,41.55765865,-131.37921223,0.56882492,-0.54119033,3.84900000,-2.55642234,-2.87795402,0.01052954,0.57209625,-0.20045736,9.91726271,-0.16783569,-0.26055164,-9.84132141,4
117.37947253,31.96126475,41.56297262,-210.84529117,204.82195195,41.55597262,-130.98986128,0.55936722,-0.54104021,3.84814551,-2.54009699,-2.89093556,0.01033004,0.62138128,-0.24297540,9.76270413,-0.30825974,-0.00330239,-10.17634698,4
117.37947170,31.96126419,41.56142549,-210.91065027,204.74621822,41.55442549,-130.59807609,0.53948636,-0.53096492,3.84693982,-2.52264726,-2.90414252,0.00945435,0.68094018,-0.30986095,9.58158020,-0.44935637,0.29835654,-10.57622112,4
117.37947088,31.96126363,41.55988800,-210.97548688,204.67003969,41.55288800,-130.20378249,0.51889920,-0.52021600,3.84571040,-2.50512320,-2.91736320,0.00853280,0.74119041,-0.37839522,9.39867196,-0.59048164,0.60299848,-10.98045611,4
117.37947006,31.96126306,41.55866259,-211.03979438,204.59341727,41.55166259,-129.80688720,0.52462678,-0.50977244,3.84918102,-2.49011404,-2.93459150,0.00790416,0.77635351,-0.38176947,9.40943047,-0.35910570,0.66549209,-11.38069787,4
117.37946927,31.96126246,41.55777209,-211.10356604,204.51635187,41.55077209,-129.40731249,0.55863859,-0.49966873,3.85770176,-2.47780606,-2.95612720,0.00759101,0.78455702,-0.31511128,9.62827922,0.27247559,0.46779882,-11.77661868,4
117.37946847,31.96126186,41.55690769,-211.16679498,204.43884443,41.54990769,-129.00501913,0.59487693,-0.48958973,3.86662052,-2.46570770,-2.97800514,0.00730257,0.79064616,-0.24294356,9.86350265,0.93558997,0.24964608,-12.17227705,4
117.37946765,31.96126128,41.55603178,-211.22947429,204.36089598,41.54903178,-128.59999752,0.63045135,-0.47959696,3.87521917,-2.45325367,-2.99973297,0.00700422,0.79634739,-0.17194968,10.09459577,1.55148325,0.04073434,-12.57325554,4
117.37946681,31.96126073,41.55481599,-211.29159702,204.28250761,41.54781599,-128.19223764,0.64509040,-0.47220047,3.87420697,-2.43049668,-3.01667070,0.00640776,0.79195179,-0.13896602,10.19388531,0.77244765,0.11401400,-13.12434765,4
117.37946596,31.96126020,41.55357035,-211.35315620,204.20368048,41.54657035,-127.78170610,0.65790394,-0.46502950,3.87235552,-2.40683660,-3.03319289,0.00578517,0.78667398,-0.10929576,10.28168307,-0.12849781,0.21194252,-13.68863243,4
117.37946512,31.96125967,41.55232398,-211.41414476,204.12441581,41.54532398,-127.36835122,0.67067914,-0.45786292,3.87048598,-2.38315574,-3.04970718,0.00516199,0.78137694,-0.07969468,10.36923996,-1.03210985,0.31040508,-14.25323415,4
117.37946429,31.96125911,41.55136456,-211.47455552,204.04471486,41.54436456,-126.95213129,0.65433506,-0.46245680,3.87527714,-2.36208476,-3.07187432,0.00522880,0.77615169,-0.12757302,10.14070044,-1.10138454,0.09916877,-14.78382244,4
117.37946346,31.96125855,41.55049119,-211.53438124,203.96457894,41.54349119,-126.53304014,0.62922319,-0.47059113,3.88207416,-2.34179274,-3.09574934,0.00550326,0.77094646,-0.19878176,9.81696866,-0.91960438,-0.20532931,-15.30433717,4
117.37946263,31.96125799,41.54962340,-211.59361470,203.88400950,41.54262340,-126.11110402,0.60349435,-0.47897375,3.88901275,-2.32154612,-3.11975245,0.00579220,0.76574043,-0.27163396,9.48651740,-0.72038321,-0.51640532,-15.82437246,4
117.37946179,31.96125745,41.54915302,-211.65224868,203.80300813,41.54215302,-125.68635315,0.58573807,-0.49872674,3.89128367,-2.29657247,-3.14104447,0.00694377,0.77688054,-0.30112759,9.34460426,-0.54984291,-0.83802914,-16.31107333,4
117.37946092,31.96125693,41.54940878,-211.71027599,203.72157651,41.54240878,-125.25879355,0.58258023,-0.53923676,3.88501964,-2.26297243,-3.15736756,0.00967046,0.81788268,-0.25132290,9.54749933,-0.43242135,-1.17852854,-16.73664035,4
117.37946004,31.96125641,41.54972548,-211.76768941,203.63971645,41.54272548,-124.82840407,0.58064712,-0.58148885,3.87803943,-2.22864815,-3.17327401,0.01252932,0.86139078,-0.19486454,9.77932599,-0.31945455,-1.52061664,-17.15708475,4
117.37945917,31.96125591,41.55009657,-211.82448163,203.55742983,41.54309657,-124.39516169,0.58098445,-0.62204471,3.87605208,-2.19731118,-3.19287717,0.01534467,0.91456039,-0.14710768,9.97886080,-0.22839076,-1.68525559,-17.48299229,4
117.37945832,31.96125537,41.55066445,-211.88064533,203.47471860,41.54366445,-123.95907288,0.58963957,-0.65617797,3.89261809,-2.17710106,-3.22620638,0.01798837,1.00332735,-0.13210533,10.05651377,-0.21814428,-1.19231509,-17.45900388,4
117.37945747,31.96125482,41.55124871,-211.93617320,203.39158486,41.54424871,-123.52018070,0.59897943,-0.68980106,3.91071013,-2.15779243,-3.26067414,0.02061922,1.09504811,-0.11977700,10.12422647,-0.21450771,-0.64533058,-17.40636702,4
117.37945661,31.96125429,41.55183349,-211.99105799,203.30803085,41.54483349,-123.07854037,0.60833588,-0.72342581,3.92883826,-2.13849475,-3.29517605,0.02325072,1.18685830,-0.10749666,10.19176836,-0.21099905,-0.09710098,-17.35315220,4
117.37945572,31.96125380,41.55106748,-212.04529254,203.22405900,41.54406748,-122.63418588,0.60554232,-0.71423033,3.94109609,-2.11415197,-3.32522089,0.02234243,1.21038042,-0.15866395,10.01882254,-0.25298411,0.24665597,-17.23545278,4
117.37945480,31.96125334,41.54983424,-212.09886966,203.13967184,41.54283424,-122.18711321,0.59854548,-0.69022109,3.95132071,-2.08806789,-3.35371838,0.02020954,1.21027140,-0.23177453,9.76270057,-0.31070221,0.51960711,-17.09546293,4
117.37945389,31.96125288,41.54857252,-212.15178214,203.05487201,41.54157252,-121.73729868,0.59129193,-0.66530708,3.96141992,-2.06187959,-3.38211851,0.01800189,1.20871564,-0.30622188,9.50150970,-0.36937826,0.78819838,-16.95412119,4
117.37945300,31.96125240,41.54786688,-212.20402270,202.96966222,41.54086688,-121.28473578,0.60567607,-0.64538851,3.97218082,-2.03729478,-3.40962971,0.01656075,1.17536488,-0.32095557,9.50693522,-0.12783611,0.80073365,-16.82525181,4
117.37945211,31.96125190,41.54755383,-212.25558406,202.88404534,41.54055383,-120.82946132,0.63533898,-0.62899992,3.98341309,-2.01383602,-3.43652214,0.01566099,1.11957921,-0.29353270,9.70059629,0.32567942,0.63259290,-16.70516426,4
117.37945122,31.96125141,41.54726467,-212.30645905,202.79802436,41.54026467,-120.37154900,0.66594462,-0.61282170,3.99467774,-1.99043853,-3.46338538,0.01479401,1.06240531,-0.26352602,9.90581728,0.79228793,0.45336213,-16.58557475,4
117.37945032,31.96125094,41.54692868,-212.35664061,202.71160248,41.53992868,-119.91107623,0.69384107,-0.59765343,4.00264962,-1.96500418,-3.48742282,0.01399810,1.00444547,-0.23596228,10.09156711,1.09910194,0.28245600,-16.47675519,4
117.37944940,31.96125050,41.54629561,-212.40612178,202.62478307,41.53929561,-119.44809133,0.70455510,-0.58884799,3.98984840,-1.92673895,-3.49362507,0.01364810,0.94168591,-0.22403564,10.15344691,0.39693987,0.16507969,-16.43589193,4
117.37944846,31.96125008,41.54564614,-212.45489563,202.53756963,41.53864614,-118.98260743,0.71430793,-0.58039979,3.97589197,-1.88776828,-3.49883089,0.01332307,0.87867540,-0.21298435,10.20840132,-0.36131062,0.05072032,-16.39882988,4
117.37944752,31.96124966,41.54499933,-212.50295523,202.44996577,41.53799933,-118.51462981,0.72239833,-0.57268203,3.96282024,-1.84934837,-3.50469609,0.01301406,0.82035286,-0.20282325,10.24590341,-1.08010132,-0.05356272,-16.36217769,4
117.37944660,31.96124920,41.54440390,-212.55029367,202.36197524,41.53740390,-118.04419147,0.69955277,-0.57856018,3.96647451,-1.82128337,-3.52307817,0.01300007,0.84969947,-0.20915694,9.95801950,-1.05234889,0.03003427,-16.33249430,4
117.37944568,31.96124873,41.54381070,-212.59690412,202.27360191,41.53681070,-117.57137033,0.67523870,-0.58508230,3.97091975,-1.79369755,-3.54205760,0.01300000,0.88319545,-0.21627160,9.65467306,-0.98933955,0.12253079,-16.30312965,4
117.37944475,31.96124829,41.54321793,-212.64277992,202.18484984,41.53621793,-117.09627438,0.65093840,-0.59158265,3.97535470,-1.76609762,-3.56103162,0.01299876,0.91669615,-0.22340132,9.35160773,-0.92579827,0.21510611,-16.27375294,4
117.37944380,31.96124788,41.54300708,-212.68791462,202.09572328,41.53600708,-116.61900788,0.64466600,-0.57988483,3.96938836,-1.73127836,-3.57144457,0.01213617,0.93486250,-0.23736073,9.33994069,-0.61761080,0.31937677,-16.23937940,4
117.37944283,31.96124752,41.54300000,-212.73230188,202.00622666,41.53600000,-116.13964309,0.64801043,-0.55848380,3.95787589,-1.69261723,-3.57728886,0.01081439,0.94484570,-0.25495937,9.48369582,-0.17901577,0.42985946,-16.20234925,4
117.37944186,31.96124717,41.54299848,-212.77593549,201.91636455,41.53599848,-115.65822129,0.65176840,-0.53681296,3.94626715,-1.65389056,-3.58304135,0.00948065,0.95448263,-0.27230456,9.63336940,0.25922758,0.53977604,-16.16403667,4
117.37944091,31.96124677,41.54280386,-212.81880926,201.82614166,41.53580386,-115.17478116,0.66570875,-0.52315425,3.94663711,-1.62276643,-3.59749100,0.00862216,0.95652259,-0.24174060,9.85267145,0.08733577,0.55311422,-15.97313803,4
117.37943997,31.96124634,41.54250721,-212.86091713,201.73556284,41.53550721,-114.68939037,0.68503160,-0.51372339,3.95333425,-1.59564856,-3.61653880,0.00801441,0.95455045,-0.18586197,10.10881709,-0.40687920,0.51544400,-15.70158645,4
117.37943903,31.96124593,41.54220247,-212.90225318,201.64463306,41.53520247,-114.20215702,0.70412607,-0.50432667,3.96014547,-1.56860389,-3.63565871,0.00740645,0.95223467,-0.12980902,10.36346721,-0.91096121,0.47745094,-15.42793394,4
117.37943806,31.96124557,41.54155949,-212.94281170,201.55335751,41.53455949,-113.71321123,0.69429617,-0.48802660,3.96062471,-1.53836354,-3.64907145,0.00623055,0.93452517,-0.11989832,10.42202368,-1.37825590,0.53268141,-15.19324889,4
117.37943707,31.96124525,41.54022330,-212.98258725,201.46174152,41.53322330,-113.22267294,0.62516708,-0.45757993,3.94812129,-1.50158474,-3.65077670,0.00389076,0.88526185,-0.20459759,10.07850284,-1.76991483,0.77902328,-15.03856467,4
117.37943607,31.96124495,41.53887961,-213.02157457,201.36979061,41.53187961,-112.73062801,0.55463325,-0.42685467,3.93531998,-1.46468043,-3.65219308,0.00152818,0.83505323,-0.29031400,9.72589357,-2.15188557,1.02635993,-14.88790955,4
117.37943508,31.96124461,41.53813633,-213.05976852,201.27751044,41.53113633,-112.23713285,0.50015336,-0.40244627,3.92651754,-1.43057993,-3.65641899,-0.00030618,0.78396005,-0.29270033,9.50408066,-2.18961415,1.05654637,-14.81276211,4
117.37943411,31.96124424,41.53841419,-213.09716409,201.18490675,41.53141419,-111.74224285,0.47296514,-0.38877547,3.92451484,-1.40123738,-3.66542581,-0.00124258,0.73134446,-0.15332888,9.50469808,-1.64174131,0.71733381,-14.86604006,4
117.37943313,31.96124387,41.53871676,-213.13375638,201.09198544,41.53171676,-111.24604238,0.44649955,-0.37545933,3.92263834,-1.37198565,-3.67451384,-0.00215028,0.67878540,-0.01059252,9.51145697,-1.07968696,0.36819401,-14.92272749,4
117.37943215,31.96124354,41.53892670,-213.16954070,200.99875253,41.53192670,-110.74865392,0.42101291,-0.36605718,3.91827883,-1.34141076,-3.68137259,-0.00278010,0.63155064,0.11498782,9.53641063,-0.57423218,0.00588555,-14.98258470,4
117.37943114,31.96124327,41.53824476,-213.20451265,200.90521420,41.53124476,-110.25021869,0.40500705,-0.39434256,3.89003505,-1.29817496,-3.66676229,-0.00073427,0.63566432,0.07517496,9.73639797,-0.61464319,-0.48229218,-15.07280391,4
117.37943011,31.96124301,41.53754566,-213.23866808,200.81137678,41.53054566,-109.75086566,0.38943967,-0.42364402,3.86146305,-1.25474968,-3.65184864,0.00137888,0.64142122,0.03272267,9.93720107,-0.66534676,-0.96933192,-15.16324207,4
117.37942910,31.96124275,41.53693446,-213.27200307,200.71724674,41.52993446,-109.25068868,0.38090523,-0.45831364,3.83932251,-1.21422756,-3.64246590,0.00372334,0.66253433,0.02350723,10.04130710,-0.65557980,-1.33334728,-15.23936516,4
117.37942811,31.96124243,41.53661599,-213.30451388,200.62283065,41.52961599,-108.74975370,0.39581616,-0.51089653,3.83861599,-1.18336770,-3.65152010,0.00684004,0.73485674,0.12510504,9.82305374,-0.44418983,-1.28733546,-15.26779228,4
117.37942713,31.96124210,41.53630307,-213.33619689,200.52813518,41.52930307,-108.24812911,0.41115637,-0.56380190,3.83830220,-1.15268753,-3.66091113,0.00997056,0.80810880,0.22871302,9.59893562,-0.22911204,-1.23380471,-15.29534198,4
117.37942612,31.96124181,41.53605216,-213.36704868,200.43316709,41.52905216,-107.74591565,0.42670197,-0.61613409,3.83763697,-1.12172382,-3.66998427,0.01308524,0.87984185,0.32580463,9.38921111,-0.01036237,-1.18119378,-15.32322286,4
117.37942509,31.96124159,41.53707666,-213.39706607,200.33793323,41.53007666,-107.24325489,0.44645655,-0.65663087,3.82974560,-1.08495800,-3.67251221,0.01587109,0.92027199,0.28880467,9.47566946,0.28369491,-1.14754687,-15.35788869,4
117.37942405,31.96124139,41.53811561,-213.42624621,200.24244060,41.53111561,-106.74030706,0.46644745,-0.69695277,3.82185076,-1.04815232,-3.67503275,0.01865257,0.96008544,0.25077788,9.56678794,0.57720351,-1.11403067,-15.39268052,4
117.37942302,31.96124118,41.53904213,-213.45458657,200.14669629,41.53204213,-106.23721858,0.49121209,-0.73704184,3.81675572,-1.01266612,-3.67994371,0.02143606,0.99524001,0.23788386,9.66823560,0.82479174,-1.07667799,-15.42814089,4
117.37942201,31.96124092,41.53935885,-213.48208491,200.05070749,41.53235885,-105.73410044,0.54185120,-0.77585610,3.82684201,-0.98434476,-3.69781323,0.02422964,1.00512431,0.36125721,9.82565403,0.82333497,-1.01853643,-15.46721494,4
117.37942099,31.96124064,41.53966919,-213.50873918,199.95448147,41.53266919,-105.23103523,0.59274765,-0.81464911,3.83708336,-0.95610344,-3.71581319,0.02702273,1.01474498,0.48601556,9.98361920,0.81930050,-0.96019173,-15.50631831,4
117.37941997,31.96124039,41.53998130,-213.53454753,199.85802554,41.53298130,-104.72810615,0.64163660,-0.85185309,3.84654797,-0.92745893,-3.73306290,0.02969252,1.02541124,0.60337625,10.12538436,0.79524569,-0.88838821,-15.54218241,4
117.37941894,31.96124018,41.54032355,-213.55950832,199.76134708,41.53332355,-104.22542539,0.65733138,-0.86277706,3.84313870,-0.89202502,-3.73790371,0.03032221,1.05348188,0.59821457,9.99847264,0.43851939,-0.59276652,-15.52434749,4
117.37941789,31.96124001,41.54066999,-213.58362019,199.66445350,41.53366999,-103.72314119,0.66844000,-0.87007000,3.83795001,-0.85565002,-3.74103000,0.03066999,1.08395998,0.57612002,9.83442011,0.03579027,-0.26619022,-15.49909002,4
117.37941686,31.96123981,41.54101414,-213.60688216,199.56735232,41.53401414,-103.22141595,0.68112316,-0.87695513,3.83366130,-0.81968649,-3.74492464,0.03099515,1.11215560,0.55608876,9.67735558,-0.30488215,0.04357909,-15.47846769,4
117.37941583,31.96123956,41.54132260,-213.62929354,199.47005108,41.53432260,-102.72039423,0.71771304,-0.87796776,3.84300094,-0.79002984,-3.76045306,0.03100000,1.10590230,0.56822720,9.62799710,0.28883507,0.09855006,-15.52790821,4
117.37941482,31.96123930,41.54163051,-213.65085396,199.37255738,41.53463051,-102.22018339,0.75466395,-0.87889074,3.85254602,-0.76046925,-3.77615656,0.03099995,1.09912966,0.58085279,9.58027837,0.89662986,0.14967469,-15.57840596,4
117.37941380,31.96123907,41.54190518,-213.67156325,199.27487881,41.53490518,-101.72086059,0.79287608,-0.87832353,3.86153029,-0.73060558,-3.79131244,0.03091300,1.09456511,0.59555747,9.55024296,1.45094777,0.21347727,-15.62807749,4
117.37941276,31.96123890,41.54172898,-213.69142143,199.17702298,41.53472898,-101.22250039,0.84832477,-0.85750573,3.86291594,-0.69654341,-3.79906523,0.02964492,1.11999863,0.63854939,9.76040932,1.27991359,0.44976439,-15.66664354,4
117.37941172,31.96123877,41.54138981,-213.71042874,199.07899751,41.53438981,-100.72520194,0.90996414,-0.82938410,3.86156482,-0.66097301,-3.80415043,0.02795075,1.15622576,0.69167724,10.05706815,0.84722821,0.74815665,-15.70116037,4
117.37941065,31.96123863,41.54096304,-213.72858565,198.98081002,41.53396304,-100.22909585,0.96733045,-0.80062802,3.86112246,-0.62577276,-3.81002826,0.02619626,1.18734684,0.73098378,10.32792531,0.40049511,1.02973032,-15.72684096,4
117.37940961,31.96123843,41.53947323,-213.74589299,198.88246813,41.53247323,-99.73432471,0.97285721,-0.76417435,3.87170527,-0.59506267,-3.82552221,0.02370984,1.15652262,0.60261270,10.28576422,-0.21667002,1.10726775,-15.64532213,4
117.37940859,31.96123821,41.53767255,-213.76235189,198.78397946,41.53067255,-99.24101509,0.96324902,-0.72546604,3.88550414,-0.56565275,-3.84382224,0.02100916,1.10759858,0.42533675,10.15217257,-0.88337361,1.12516771,-15.53247507,4
117.37940756,31.96123802,41.53585495,-213.77796373,198.68535162,41.52885495,-98.74926293,0.95296713,-0.68717886,3.89863368,-0.53610210,-3.86142935,0.01832503,1.05748528,0.25787076,10.01202857,-1.49972874,1.12967929,-15.41795150,4
117.37940651,31.96123788,41.53384297,-213.79273010,198.58659215,41.52684297,-98.25913961,0.93478506,-0.65395036,3.90385124,-0.50497513,-3.87083472,0.01584297,0.99351221,0.20629772,9.79515632,-1.52193233,0.97662733,-15.28400791,4
117.37940545,31.96123781,41.53160167,-213.80665279,198.48770858,41.52460167,-97.77071629,0.90725891,-0.62674221,3.89969049,-0.47198833,-3.87051696,0.01360233,0.91315832,0.29211281,9.48759099,-0.83999045,0.63683696,-15.12712837,4
117.37940438,31.96123774,41.52941735,-213.81973378,198.38870839,41.52241735,-97.28408549,0.88131686,-0.60091383,3.89578697,-0.43913351,-3.87042903,0.01147801,0.83598203,0.37625331,9.19986370,-0.18008203,0.29892759,-14.97523691,4
117.37940333,31.96123765,41.52788446,-213.83197529,198.28959903,41.52088446,-96.79936595,0.87362967,-0.59097226,3.89484865,-0.40767708,-3.87300404,0.01069324,0.79532292,0.44132292,9.14089118,0.22711501,-0.01853191,-14.88054592,4
117.37940229,31.96123750,41.52759049,-213.84337984,198.19038790,41.52059049,-96.31668935,0.90067479,-0.61125610,3.89955214,-0.37886816,-3.88064722,0.01245706,0.82413184,0.47013184,9.51717101,0.15362284,-0.29721416,-14.89465642,4
117.37940125,31.96123733,41.52729544,-213.85395026,198.09108235,41.52029544,-95.83618016,0.92770288,-0.63152180,3.90425375,-0.35004051,-3.88828883,0.01421913,0.85301525,0.49870812,9.89300970,0.07992193,-0.57499234,-14.90884580,4
117.37940019,31.96123721,41.52693950,-213.86368964,197.99168965,41.51993950,-95.35794629,0.95280448,-0.64999572,3.90868963,-0.32088452,-3.89559457,0.01581512,0.88582884,0.51137494,10.22884291,-0.00501597,-0.78584760,-14.92769981,4
117.37939914,31.96123717,41.52606911,-213.87260132,197.89221699,41.51906911,-94.88208066,0.96151620,-0.65324119,3.91086177,-0.28903958,-3.90003384,0.01600000,0.95181647,0.38929796,10.22490421,-0.18483168,-0.42941293,-14.98598997,4
117.37939809,31.96123716,41.52513088,-213.88068882,197.79267147,41.51813088,-94.40867290,0.96804701,-0.65446707,3.91275643,-0.25685580,-3.90411454,0.01599835,1.02200057,0.24992214,10.17618720,-0.37707095,0.00054294,-15.04940895,4
117.37939703,31.96123715,41.52415397,-213.88795593,197.69306014,41.51715397,-93.93781999,0.97283858,-0.65437443,3.91572214,-0.22491750,-3.90918337,0.01590636,1.08508065,0.12775159,10.11226776,-0.57188638,0.39339228,-15.11173370,4
117.37939595,31.96123708,41.52286589,-213.89440663,197.59338993,41.51586589,-93.46962704,0.96375161,-0.64375161,3.92724839,-0.19486415,-3.92215568,0.01509271,1.09157609,0.14269561,9.92678896,-0.78773583,0.49083266,-15.16546705,4
117.37939490,31.96123698,41.52143524,-213.90004520,197.49366769,41.51443524,-93.00420243,0.94830281,-0.62828979,3.94270337,-0.16566176,-3.93875556,0.01394741,1.07212162,0.22049367,9.68566649,-1.01286631,0.45279519,-15.21524050,4
117.37939384,31.96123688,41.52004413,-213.90487612,197.39390019,41.51304413,-92.54165315,0.93340227,-0.61269351,3.95793384,-0.13637665,-3.95511900,0.01279293,1.05333460,0.29458019,9.45574868,-1.21386842,0.41675587,-15.26293216,4
117.37939278,31.96123684,41.51909090,-213.90890414,197.29409404,41.51209090,-92.08208464,0.92454524,-0.59572781,3.97063622,-0.10636446,-3.96881804,0.01154549,1.04190884,0.32791124,9.34890276,-1.15156645,0.40263512,-15.28772832,4
117.37939172,31.96123685,41.51939335,-213.91213424,197.19425576,41.51239335,-91.62560264,0.93301395,-0.57485846,3.97608040,-0.07430431,-3.97486711,0.01003322,1.05158738,0.24443385,9.59479811,-0.33493985,0.45133025,-15.24689700,4
117.37939066,31.96123689,41.51969560,-213.91457164,197.09439173,41.51269560,-91.17231139,0.94158591,-0.55400466,3.98154970,-0.04226593,-3.98093840,0.00852284,1.06115238,0.16148026,9.83999806,0.47774971,0.49995632,-15.20630871,4
117.37938960,31.96123692,41.51999477,-213.91622178,196.99450825,41.51299477,-90.72230751,0.95447771,-0.53339581,3.98813197,-0.01051920,-3.98801642,0.00706117,1.06631368,0.09813057,10.06164453,1.14655148,0.54668689,-15.17477892,4
117.37938854,31.96123689,41.52027576,-213.91709033,196.89461148,41.51327576,-90.27567448,0.99412203,-0.51424814,4.00161543,0.01950661,-4.00133966,0.00589695,1.04425102,0.15586813,10.13818881,0.92713542,0.58181576,-15.19919458,4
117.37938749,31.96123683,41.52055193,-213.91718312,196.79470746,41.51355193,-89.83248901,1.03852674,-0.49535283,4.01632996,0.04923585,-4.01577551,0.00478502,1.01727063,0.23519628,10.18851438,0.54871844,0.61469635,-15.23348307,4
117.37938642,31.96123679,41.52076165,-213.91650616,196.69480207,41.51376165,-89.39283551,1.08101859,-0.47633711,4.03063023,0.07903144,-4.02976296,0.00364825,0.98904519,0.30929151,10.22926124,0.18081326,0.64032896,-15.26127565,4
117.37938536,31.96123680,41.52042657,-213.91506569,196.59490108,41.51342657,-88.95681595,1.10770626,-0.45639846,4.04149093,0.10927152,-4.04003218,0.00231188,0.95071851,0.34029195,10.19143930,-0.09979644,0.60652769,-15.23578517,4
117.37938430,31.96123686,41.51897156,-213.91286815,196.49501008,41.51197156,-88.52454772,1.10188627,-0.43457348,4.04527392,0.14040850,-4.04265118,0.00056588,0.89164555,0.28267399,9.99210445,-0.20077337,0.45055180,-15.10076126,4
117.37938323,31.96123694,41.51752297,-213.90992026,196.39513455,41.51052297,-88.09614233,1.09620170,-0.41287694,4.04907148,0.17151703,-4.04528340,-0.00117028,0.83302444,0.22520545,9.79379198,-0.29904709,0.29500793,-14.96465079,4
117.37938217,31.96123702,41.51626506,-213.90622895,196.29527980,41.50926506,-87.67168245,1.09491900,-0.39511087,4.05340793,0.20214857,-4.04839299,-0.00260626,0.78849546,0.17182689,9.62638294,-0.30923537,0.15144881,-14.79050592,4
117.37938111,31.96123704,41.51600000,-213.90180129,196.19545102,41.50900000,-87.25121916,1.11659898,-0.39782323,4.06056245,0.23033821,-4.05399781,-0.00247845,0.81741783,0.13970489,9.61994376,0.14010449,0.07019649,-14.41767053,4
117.37938006,31.96123703,41.51599951,-213.89664446,196.09565321,41.50899951,-86.83479400,1.14443067,-0.40598656,4.06846756,0.25788010,-4.06026630,-0.00193417,0.86592560,0.11328785,9.65654163,0.71173140,0.00582020,-13.99168718,4
117.37937899,31.96123704,41.51597935,-213.89076573,195.99589125,41.50897935,-86.42247073,1.17290629,-0.41343381,4.07623989,0.28537687,-4.06638653,-0.00143499,0.91308745,0.08828827,9.69538334,1.26302733,-0.04830073,-13.56485347,4
117.37937794,31.96123709,41.51574911,-213.88417257,195.89616982,41.50874911,-86.01435064,1.20822415,-0.41322600,4.08258541,0.31235940,-4.07091637,-0.00141815,0.94582207,0.07845370,9.75813865,1.59658218,0.00714729,-13.12944353,4
117.37937689,31.96123721,41.51488208,-213.87687267,195.79649348,41.50788208,-85.61055590,1.26429247,-0.38981603,4.08460850,0.33779245,-4.07062736,-0.00286321,0.93483962,0.11458019,9.89339625,1.27028766,0.39471235,-12.66789141,4
117.37937584,31.96123734,41.51401226,-213.86887396,195.69686662,41.50701226,-85.21119326,1.32018839,-0.36639570,4.08665234,0.36319957,-4.07036047,-0.00431181,0.92363312,0.15066348,10.02741623,0.94501173,0.77979580,-12.20660546,4
117.37937478,31.96123746,41.51305245,-213.86018456,195.59729344,41.50605245,-84.81632860,1.37152650,-0.34245301,4.08932640,0.38807824,-4.07074244,-0.00587806,0.90572660,0.18580879,10.12624036,0.64671005,1.09538599,-11.74888121,4
117.37937373,31.96123754,41.51165959,-213.85081268,195.49777802,41.50465959,-84.42599684,1.40096791,-0.31598962,4.09503185,0.41042533,-4.07424463,-0.00801062,0.85559637,0.21645719,10.05586318,0.47800095,1.07693797,-11.30811041,4
117.37937267,31.96123759,41.51004203,-213.84076660,195.39832422,41.50304203,-84.04023723,1.41903068,-0.28822148,4.10231087,0.43145363,-4.07936691,-0.01043695,0.78873717,0.24476451,9.89761178,0.37663378,0.88498737,-10.87622158,4
117.37937160,31.96123763,41.50842824,-213.83005469,195.29893577,41.50142824,-83.65912306,1.43702801,-0.26055430,4.10948450,0.45245319,-4.08438390,-0.01285212,0.72207862,0.27315877,9.74118337,0.27571963,0.69385013,-10.44601539,4
117.37937055,31.96123773,41.50689885,-213.81868553,195.19961622,41.49989885,-83.28276187,1.45343667,-0.23533932,4.11382977,0.47291657,-4.08654904,-0.01498763,0.66015017,0.30430983,9.63327760,0.18609729,0.52286339,-10.05706695,4
117.37936951,31.96123787,41.50571852,-213.80666788,195.10036895,41.49871852,-82.91126449,1.46325183,-0.22030189,4.10638892,0.49118329,-4.07682595,-0.01596111,0.61782789,0.34701656,9.72750710,0.14339084,0.43557798,-9.83942090,4
117.37936847,31.96123805,41.50457428,-213.79401074,195.00119717,41.49757428,-82.54471373,1.47241311,-0.20631233,4.09782018,0.50923248,-4.06596466,-0.01681725,0.57748316,0.39056666,9.84120208,0.10509174,0.35630071,-9.63930113,4
117.37936742,31.96123822,41.50348251,-213.78072319,194.90210393,41.49648251,-82.18315896,1.48136438,-0.19374632,4.09001790,0.52723600,-4.05585822,-0.01757576,0.53869676,0.42592186,9.94520124,0.06132401,0.27139138,-9.46001866,4
117.37936638,31.96123833,41.50266154,-213.76681439,194.80309207,41.49566154,-81.82663598,1.48923083,-0.18852310,4.08616923,0.54500013,-4.04964614,-0.01783077,0.50795367,0.41901500,9.99918463,-0.01063154,0.15746045,-9.38821569,4
117.37936532,31.96123841,41.50212277,-213.75229357,194.70416427,41.49512277,-81.47519279,1.49596547,-0.19094757,4.08643862,0.56251022,-4.04749105,-0.01756138,0.48559465,0.36810107,10.00107032,-0.11192062,0.01333901,-9.42835418,4
117.37936427,31.96123851,41.50157965,-213.73717007,194.60532305,41.49457965,-81.12889752,1.50262467,-0.19340713,4.08666645,0.58001535,-4.04529340,-0.01729056,0.46340755,0.31774568,10.00239683,-0.21278053,-0.13064567,-9.46842840,4
117.37936322,31.96123863,41.50091105,-213.72145335,194.50657075,41.49391105,-80.78782278,1.50731601,-0.19685579,4.08576471,0.59761786,-4.04190670,-0.01697722,0.44561162,0.28194390,9.98850096,-0.30328248,-0.27281414,-9.50728265,4
117.37936219,31.96123880,41.49969809,-213.70515300,194.40790955,41.49269809,-80.45202379,1.50349042,-0.20459263,4.07996967,0.61566451,-4.03336583,-0.01647923,0.44681149,0.30912931,9.90865832,-0.34903829,-0.40729690,-9.54090251,4
117.37936117,31.96123903,41.49827570,-213.68827868,194.30934143,41.49127570,-80.12153257,1.49637813,-0.21399596,4.07230289,0.63388796,-4.02285131,-0.01590908,0.45541631,0.36058512,9.80354036,-0.37769939,-0.53836145,-9.57239831,4
117.37936014,31.96123925,41.49689176,-213.67084008,194.21086821,41.48989176,-79.79637272,1.48944641,-0.22363297,4.06528453,0.65214870,-4.01296880,-0.01531701,0.46599440,0.40957168,9.70559372,-0.41226170,-0.65450625,-9.60050547,4
117.37935911,31.96123943,41.49578435,-213.65284693,194.11249153,41.48878435,-79.47657845,1.48381393,-0.23493036,4.06291127,0.67065555,-4.00761737,-0.01456870,0.49067274,0.44084351,9.65904488,-0.48898863,-0.66381860,-9.60434635,4
117.37935806,31.96123957,41.49524868,-213.63430901,194.01421285,41.48824868,-79.16220022,1.48086775,-0.24966125,4.07014280,0.68967180,-4.01163489,-0.01349737,0.54450748,0.43548681,9.71877198,-0.65290337,-0.45222932,-9.55801098,4
117.37935702,31.96123971,41.49471221,-213.61523621,193.91603348,41.48771221,-78.85328967,1.47783368,-0.26427791,4.07736102,0.70868059,-4.01563883,-0.01243537,0.59815446,0.43002356,9.77813043,-0.81652982,-0.24084391,-9.51095421,4
117.37935597,31.96123986,41.49414795,-213.59563848,193.81795456,41.48714795,-78.54987778,1.47225831,-0.27575596,4.08426251,0.72764444,-4.01928988,-0.01163105,0.64690563,0.42146329,9.82746904,-0.97335981,-0.03341717,-9.44284327,4
117.37935495,31.96124006,41.49344544,-213.57552579,193.71997707,41.48644544,-78.25197140,1.45403558,-0.27161466,4.08958798,0.74638534,-4.02118486,-0.01210914,0.67129399,0.39748989,9.82694421,-1.09637213,0.15431663,-9.26995043,4
117.37935393,31.96124030,41.49261547,-213.55490808,193.62210183,41.48561547,-77.95957212,1.42415731,-0.25307907,4.09346109,0.76492093,-4.02146151,-0.01376904,0.67323054,0.35931213,9.78046694,-1.18822011,0.32390338,-9.00049283,4
117.37935290,31.96124055,41.49178577,-213.53379530,193.52432946,41.48478577,-77.67270167,1.39429562,-0.23463573,4.09734080,0.78343709,-4.02174737,-0.01541915,0.67492948,0.32120605,9.73459211,-1.27941813,0.49072568,-8.73097379,4
117.37935187,31.96124079,41.49096370,-213.51219742,193.42666048,41.48396370,-77.39141464,1.36492881,-0.21882761,4.10140496,0.80138666,-4.02229477,-0.01678993,0.66987655,0.28516764,9.70586985,-1.35207801,0.57887673,-8.45992783,4
117.37935084,31.96124097,41.49017264,-213.49012455,193.32909519,41.48317264,-77.11578295,1.33759398,-0.21396635,4.10623994,0.81699563,-4.02393051,-0.01700000,0.63673516,0.25769712,9.74846676,-1.34769493,0.33987903,-8.18228723,4
117.37934980,31.96124114,41.48938737,-213.46758688,193.23163378,41.48238741,-76.84586648,1.31063019,-0.21108791,4.11121293,0.83217960,-4.02576196,-0.01699996,0.59851531,0.23178334,9.80396213,-1.32934291,0.04176787,-7.90349765,4
117.37934876,31.96124131,41.48861079,-213.44459469,193.13427625,41.48161391,-76.58169324,1.28376378,-0.20830212,4.11610353,0.84734168,-4.02751538,-0.01699687,0.56048081,0.20616217,9.85905375,-1.30917083,-0.25100565,-7.62646446,4
117.37934773,31.96124150,41.48800000,-213.42115821,193.03702246,41.48106338,-76.32326646,1.25881680,-0.20726763,4.11942956,0.86204233,-4.02779575,-0.01693662,0.52605622,0.18612676,9.90637335,-1.25485105,-0.44247075,-7.38336549,4
117.37934670,31.96124174,41.48800000,-213.39728770,192.93987215,41.48133396,-76.07059191,1.24095833,-0.21267928,4.11699431,0.87503031,-4.02265467,-0.01666604,0.50495076,0.18666792,9.92504357,-1.07491347,-0.26090968,-7.26539139,4
117.37934570,31.96124199,41.48800000,-213.37299337,192.84282486,41.48160394,-75.82370188,1.22316649,-0.21806831,4.11457607,0.88801690,-4.01753014,-0.01639716,0.48389240,0.18706320,9.94329788,-0.89453822,-0.07969441,-7.14748580,4
117.37934468,31.96124224,41.48800000,-213.34828553,192.74588003,41.48185519,-75.58265624,1.20746496,-0.22274458,4.11270030,0.90101323,-4.01292155,-0.01618262,0.46427635,0.18271947,9.94811483,-0.69918559,0.09104373,-7.03131287,4
117.37934365,31.96124247,41.48800000,-213.32317456,192.64903693,41.48200000,-75.34751733,1.20366983,-0.22335986,4.11391805,0.91408668,-4.01125059,-0.01627791,0.45286105,0.15131597,9.87623291,-0.41800981,0.20225769,-6.92483736,4
117.37934262,31.96124266,41.48800000,-213.29767092,192.55229469,41.48200000,-75.11831987,1.21607754,-0.21844847,4.11934642,0.92726989,-4.01357704,-0.01679490,0.45260255,0.08307350,9.69993987,-0.01992875,0.23250152,-6.83152096,4
117.37934158,31.96124284,41.48799927,-213.27178510,192.45565233,41.48199927,-74.89506121,1.22860394,-0.21351251,4.12476503,0.94045168,-4.01589448,-0.01731273,0.45237040,0.01519692,9.52458519,0.37802387,0.26274412,-6.73786224,4
117.37934056,31.96124304,41.48797397,-213.24552749,192.35910873,41.48197397,-74.67771850,1.24503291,-0.20778174,4.12982527,0.95351034,-4.01789697,-0.01785608,0.45302177,-0.04003605,9.38166402,0.76938987,0.29277213,-6.63327680,4
117.37933955,31.96124327,41.48782380,-213.21890842,192.26266266,41.48182380,-74.46627803,1.28129658,-0.19801395,4.13305717,0.96592886,-4.01829521,-0.01852859,0.45816690,-0.03089357,9.40388043,1.12683665,0.32167688,-6.47321861,4
117.37933854,31.96124355,41.48756076,-213.19193821,192.16631277,41.48156076,-74.26075727,1.33548285,-0.18459890,4.13463542,0.97776567,-4.01724306,-0.01931771,0.46737330,0.03644470,9.57538260,1.45353251,0.34955913,-6.26304954,4
117.37933753,31.96124382,41.48729783,-213.16462721,192.07005758,41.48129783,-74.06119986,1.38967217,-0.17119033,4.13622147,0.98959197,-4.01619977,-0.02010745,0.47639185,0.10353364,9.74600561,1.77807670,0.37767407,-6.05272002,4
117.37933652,31.96124408,41.48703604,-213.13698581,191.97389551,41.48103604,-73.86764950,1.44451711,-0.15787296,4.13809761,1.00116893,-4.01545802,-0.02092675,0.47890360,0.16254366,9.88747628,2.03033152,0.41424644,-5.83462534,4
117.37933549,31.96124433,41.48677926,-213.10902448,191.87782484,41.48077926,-73.68012322,1.50243308,-0.14496286,4.14131114,1.01160897,-4.01610371,-0.02188297,0.45146041,0.18441486,9.89486475,1.95000699,0.48979187,-5.58057111,4
117.37933447,31.96124455,41.48652469,-213.08075363,191.78184378,41.48052469,-73.49860420,1.56174863,-0.13223420,4.14512973,1.02153732,-4.01737657,-0.02290126,0.41047412,0.18950632,9.84165895,1.71936367,0.58296566,-5.31021438,4
117.37933344,31.96124476,41.48626803,-213.05218360,191.68595042,41.48026803,-73.32305970,1.62100066,-0.11947118,4.14891011,1.03145247,-4.01861426,-0.02392092,0.36948873,0.19472144,9.78888628,1.48981163,0.67563476,-5.03998086,4
117.37933242,31.96124499,41.48593523,-213.02332465,191.59014276,41.47993523,-73.15346726,1.67734001,-0.10551981,4.15121321,1.04078258,-4.01851122,-0.02498325,0.32889081,0.20456603,9.75294230,1.30349336,0.74842529,-4.77673646,4
117.37933142,31.96124527,41.48525664,-212.99418700,191.49441874,41.47925664,-72.98983362,1.72042440,-0.08617720,4.14680538,1.04745127,-4.01231866,-0.02623892,0.29007116,0.23543327,9.79345070,1.31362761,0.73089426,-4.54535610,4
117.37933042,31.96124556,41.48446562,-212.96478088,191.39877617,41.47846562,-72.83219011,1.75918477,-0.06508312,4.14021348,1.05325214,-4.00414471,-0.02755731,0.25183815,0.27313892,9.85884233,1.38772054,0.68395994,-4.32439568,4
117.37932942,31.96124586,41.48367481,-212.93511657,191.30321279,41.47767481,-72.68056959,1.79783359,-0.04398386,4.13364914,1.05905248,-3.99599765,-0.02887754,0.21387069,0.31060934,9.92421317,1.45903877,0.63822643,-4.10359738,4
117.37932842,31.96124614,41.48288775,-212.90520438,191.20772625,41.47688775,-72.53498352,1.83218321,-0.02252705,4.12816782,1.06487112,-3.98889535,-0.03028301,0.18651093,0.33870932,9.98918326,1.41727751,0.64132790,-3.88791428,4
117.37932741,31.96124639,41.48211702,-212.87505458,191.11231413,41.47611702,-72.39541685,1.84777679,0.00048966,4.12741134,1.07076958,-3.98635103,-0.03206031,0.20542935,0.32592889,10.05240506,0.88218446,0.85748157,-3.69454724,4
117.37932639,31.96124663,41.48134680,-212.84467738,191.01697392,41.47534680,-72.26184331,1.86240005,0.02359582,4.12689588,1.07667261,-3.98403898,-0.03385736,0.22671904,0.31103607,10.11553321,0.32169890,1.08458626,-3.50227581,4
117.37932538,31.96124687,41.48056824,-212.81408293,190.92170306,41.47456824,-72.13424777,1.87653972,0.04694437,4.12625552,1.08252544,-3.98161629,-0.03566738,0.24707469,0.29585621,10.17760583,-0.23125414,1.30773059,-3.30937502,4
117.37932436,31.96124715,41.47966406,-212.78328134,190.82649894,41.47366406,-72.01264182,1.88329681,0.07394389,4.12371559,1.08760470,-3.97751402,-0.03767188,0.25318266,0.27633269,10.22351402,-0.66867513,1.47024203,-3.10721015,4
117.37932336,31.96124744,41.47832585,-212.75228277,190.73135885,41.47232585,-71.89705560,1.86456182,0.11355500,4.11461574,1.09001348,-3.96761126,-0.04034832,0.21009220,0.24180679,10.21361126,-0.70721567,1.42340456,-2.87302282,4
117.37932237,31.96124777,41.47698855,-212.72109740,190.63628003,41.47098855,-71.78751266,1.84583203,0.15312374,4.10551591,1.09241893,-3.95770897,-0.04302196,0.16693281,0.20737804,10.20358970,-0.74571943,1.37605185,-2.63877251,4
117.37932137,31.96124808,41.47568601,-212.68973543,190.54125967,41.46968601,-71.68400582,1.82720488,0.19088227,4.09633881,1.09467535,-3.94774708,-0.04557807,0.11990906,0.17758190,10.18745867,-0.78268727,1.30216348,-2.39932334,4
117.37932037,31.96124837,41.47460077,-212.65820699,190.44629491,41.46860077,-71.58649113,1.80921711,0.21732296,4.08667704,1.09600000,-3.93741089,-0.04739923,0.04870579,0.17675955,10.13310891,-0.81005292,1.06227687,-2.12731895,4
117.37931937,31.96124864,41.47382449,-212.62652210,190.35138287,41.46782449,-71.49490577,1.79213883,0.22767344,4.07632656,1.09600000,-3.92654288,-0.04817551,-0.05686909,0.21712641,10.02442889,-0.82376731,0.58641361,-1.80904173,4
117.37931836,31.96124890,41.47304809,-212.59469065,190.25652065,41.46704809,-71.40919379,1.77504947,0.23795124,4.06596478,1.09599388,-3.91566514,-0.04894661,-0.16226010,0.25730067,9.91587071,-0.83749390,0.11081195,-1.49067254,4
117.37931735,31.96124918,41.47227010,-212.56272243,190.16170531,41.46627010,-71.32932456,1.75744885,0.24412300,4.05503751,1.09564761,-3.90431155,-0.04942450,-0.25677850,0.28651387,9.81475451,-0.85181555,-0.34732923,-1.16913326,4
117.37931635,31.96124947,41.47148317,-212.53062721,190.06693391,41.46548317,-71.25528792,1.73701180,0.22753651,4.04097419,1.09341583,-3.89031875,-0.04827722,-0.29104548,0.25497593,9.75487319,-0.86943770,-0.70875738,-0.82997499,4
117.37931536,31.96124978,41.47068795,-212.49841473,189.97220347,41.46468795,-71.18706922,1.71395063,0.18989645,4.02400966,1.08943977,-3.87388435,-0.04562651,-0.26957473,0.16723748,9.73313738,-0.89011323,-0.98072010,-0.47451496,4
117.37931437,31.96125012,41.46989382,-212.46609468,189.87751100,41.46389382,-71.12462266,1.69091600,0.15224157,4.00706148,1.08546437,-3.85746630,-0.04297486,-0.24804248,0.07974325,9.71140344,-0.91036636,-1.25191466,-0.11952928,4
117.37931338,31.96125043,41.46916624,-212.43367663,189.78285348,41.46316624,-71.06786111,1.66951873,0.11364718,3.99112102,1.08152887,-3.84205498,-0.04026300,-0.22267676,0.00738255,9.68977470,-0.90438102,-1.47551192,0.20615918,4
117.37931239,31.96125072,41.46877102,-212.40116997,189.68822797,41.46277102,-71.01667232,1.65629861,0.07038577,3.98021454,1.07779422,-3.83167251,-0.03725219,-0.17820320,0.01053894,9.66868128,-0.76752861,-1.46159773,0.38556163,4
117.37931138,31.96125100,41.46851004,-212.36858386,189.59363149,41.46251004,-70.97094757,1.64638137,0.02523622,3.97134122,1.07414050,-3.82332115,-0.03412043,-0.12600720,0.04420536,9.64780288,-0.57779615,-1.35172515,0.50587341,4
117.37931039,31.96125128,41.46825074,-212.33592730,189.49906115,41.46225074,-70.93060452,1.63653180,-0.01984160,3.96248709,1.07049074,-3.81498898,-0.03099319,-0.07377300,0.07787620,9.62696794,-0.38775470,-1.24113578,0.62616853,4
117.37930939,31.96125157,41.46811134,-212.30320917,189.40451402,41.46211134,-70.89558849,1.63147710,-0.05982347,3.95499525,1.06712257,-3.80801878,-0.02818714,-0.01885742,0.11184550,9.60921867,-0.17592196,-1.07985369,0.74523206,4
117.37930839,31.96125188,41.46854382,-212.27043828,189.30998723,41.46254382,-70.86585025,1.64929612,-0.07550757,3.95400000,1.06509667,-3.80754382,-0.02691239,0.04887025,0.14725083,9.60618429,0.13994936,-0.67666672,0.85846249,4
117.37930742,31.96125221,41.46906385,-212.23762334,189.21547789,41.46306385,-70.84131764,1.67061840,-0.08746646,3.95400023,1.06327646,-3.80806411,-0.02587243,0.11855483,0.18287394,9.60541014,0.47171618,-0.23642793,0.97079459,4
117.37930642,31.96125254,41.46958097,-212.20477289,189.12098315,41.46358097,-70.82187991,1.69188368,-0.09909384,3.95402967,1.06145917,-3.80861361,-0.02485586,0.18769459,0.21831297,9.60537926,0.79900945,0.20408730,1.08283585,4
117.37930543,31.96125286,41.47000000,-212.17189527,189.02650025,41.46400000,-70.80739867,1.71120851,-0.09970372,3.95502721,1.05974319,-3.81012994,-0.02461632,0.23860713,0.24756497,9.62998851,0.97721844,0.65271219,1.18496704,4
117.37930443,31.96125316,41.47000000,-212.13899855,188.93202644,41.46400000,-70.79773474,1.72223935,-0.05327159,3.96015784,1.05846054,-3.81577361,-0.02769470,0.21167136,0.25038682,9.75979325,0.51879736,1.13576026,1.24473879,4
117.37930343,31.96125346,41.46999982,-212.10609061,188.83755906,41.46399982,-70.79277272,1.73326487,-0.00683449,3.96528661,1.05717730,-3.82141559,-0.03077348,0.18472164,0.25319239,9.88954105,0.06050723,1.61868360,1.30451044,4
117.37930243,31.96125374,41.46998182,-212.07317912,188.74309550,41.46398182,-70.79242950,1.74373621,0.03994000,3.97021856,1.05584079,-3.82687253,-0.03388147,0.15649285,0.25439947,10.01331021,-0.38352559,2.08788051,1.36408277,4
117.37930143,31.96125404,41.46976858,-212.04027166,188.64863317,41.46376858,-70.79663775,1.74814309,0.09043604,3.97299721,1.05392007,-3.83030576,-0.03731135,0.11423861,0.23809834,10.07166228,-0.67163991,2.40698762,1.42150478,4
117.37930043,31.96125433,41.46900229,-212.00737570,188.55416953,41.46300229,-70.80531942,1.73537139,0.15148475,3.96967657,1.05034399,-3.82800685,-0.04165373,0.03224433,0.17219638,9.94471163,-0.51812412,2.30098254,1.47284701,4
117.37929943,31.96125464,41.46823605,-211.97449856,188.45970209,41.46223605,-70.81836512,1.72260283,0.21252358,3.96635203,1.04676682,-3.82570418,-0.04599533,-0.04974622,0.10633755,9.81782039,-0.36468942,2.19487759,1.52415947,4
117.37929844,31.96125494,41.46747933,-211.94164734,188.36522842,41.46147933,-70.83563098,1.71020968,0.27231529,3.96261927,1.04308210,-3.82300321,-0.05024093,-0.13108628,0.04531428,9.69770061,-0.22043573,2.07835786,1.57211734,4
117.37929744,31.96125523,41.46680137,-211.90882888,188.27074617,41.46080137,-70.85695437,1.70090753,0.32182543,3.95553763,1.03851710,-3.81703420,-0.05369520,-0.20702759,0.02403444,9.63326044,-0.15166123,1.87641666,1.59249989,4
117.37929644,31.96125552,41.46628859,-211.87604973,188.17625308,41.46028859,-70.88217382,1.69808725,0.34977184,3.94143623,1.03210738,-3.80421475,-0.05548993,-0.27163764,0.08608060,9.68556380,-0.24114102,1.49542248,1.55506708,4
117.37929543,31.96125580,41.46577555,-211.84331619,188.08174699,41.45977555,-70.91114384,1.69525898,0.37770010,3.92733165,1.02569693,-3.79139217,-0.05728339,-0.33623548,0.14809505,9.73785501,-0.33063776,1.11437517,1.51762248,4
117.37929443,31.96125609,41.46523352,-211.81063433,187.98722580,41.45923352,-70.94373566,1.69150027,0.40339656,3.91290086,1.01922388,-3.77824447,-0.05892133,-0.39917554,0.20616516,9.78853497,-0.42182468,0.72837485,1.47891789,4
117.37929343,31.96125638,41.46449250,-211.77801003,187.89268747,41.45849250,-70.97982447,1.68135751,0.41378314,3.89623064,1.01232063,-3.76286502,-0.05949250,-0.45074748,0.23717876,9.82816498,-0.52461616,0.30835661,1.43156505,4
117.37929243,31.96125669,41.46345055,-211.74544896,187.79813006,41.45745055,-71.01927392,1.66156055,0.40101930,3.87617320,1.00476652,-3.74411000,-0.05845055,-0.48513167,0.22728028,9.85108778,-0.64496086,-0.16312371,1.37113221,4
117.37929144,31.96125700,41.46240904,-211.71295652,187.70355170,41.45640904,-71.06192575,1.64175252,0.38822251,3.85611765,0.99721315,-3.72535665,-0.05740644,-0.51943990,0.21737401,9.87396529,-0.76537898,-0.63456445,1.31068082,4
117.37929046,31.96125732,41.46143159,-211.68053787,187.60895061,41.45543159,-71.10760005,1.62076694,0.37144776,3.83650254,0.98982762,-3.70700142,-0.05610276,-0.54393131,0.20659849,9.89096712,-0.89372649,-1.09629128,1.24853001,4
117.37928946,31.96125762,41.46082997,-211.64819783,187.51432514,41.45482997,-71.15610343,1.59289642,0.33138359,3.81947846,0.98342943,-3.69098854,-0.05327956,-0.51091108,0.19073785,9.87354491,-1.06844276,-1.50085707,1.17646149,4
117.37928846,31.96125792,41.46056776,-211.61594090,187.41967371,41.45456776,-71.20724189,1.55880895,0.27028836,3.80479462,0.97792299,-3.67709134,-0.04908418,-0.42595462,0.17028537,9.82503582,-1.28502926,-1.85379346,1.09543820,4
117.37928747,31.96125822,41.46030602,-211.58377126,187.32499488,41.45430602,-71.26083210,1.52473656,0.20920278,3.79012742,0.97242131,-3.66321033,-0.04488964,-0.34097975,0.14984268,9.77648865,-1.50097449,-2.20595173,1.01443716,4
117.37928647,31.96125852,41.46010357,-211.55169281,187.23028730,41.45410357,-71.31670434,1.49275357,0.14966931,3.77764023,0.96755044,-3.65144849,-0.04082431,-0.25414072,0.13074734,9.72339546,-1.63473898,-2.45790777,0.93668545,4
117.37928547,31.96125882,41.46021339,-211.51970916,187.13554972,41.45421339,-71.37469790,1.47176976,0.09830928,3.77662764,0.96600000,-3.65084104,-0.03743931,-0.15749717,0.11874470,9.64638010,-1.33596703,-2.18246897,0.87604145,4
117.37928448,31.96125913,41.46046901,-211.48782370,187.04078097,41.45446901,-71.43464718,1.45592139,0.05076420,3.78097316,0.96600000,-3.65544217,-0.03437188,-0.05627219,0.11005367,9.55819169,-0.83521015,-1.66075137,0.82338402,4
117.37928348,31.96125943,41.46072410,-211.45603949,186.94597998,41.45472410,-71.49636823,1.44009594,0.00328809,3.78532736,0.96600217,-3.66005147,-0.03130888,0.04486573,0.10137377,9.47024739,-0.33511706,-1.13905927,0.77077459,4
117.37928248,31.96125974,41.46091260,-211.42435929,186.85114580,41.45491260,-71.55965529,1.42720210,-0.03535991,3.79071119,0.96627040,-3.66562379,-0.02881222,0.13453145,0.09412665,9.41292771,0.07964696,-0.62461348,0.72446730,4
117.37928149,31.96126005,41.46076473,-211.39278551,186.75627761,41.45476473,-71.62428725,1.42911708,-0.02941349,3.80129308,0.96788218,-3.67605780,-0.02917637,0.16623415,0.09411745,9.51028155,0.06336611,-0.14692231,0.71000038,4
117.37928049,31.96126035,41.46050980,-211.36132017,186.66137468,41.45450980,-71.69004715,1.43574517,-0.00927427,3.81352956,0.96992159,-3.68803936,-0.03045099,0.17949035,0.09641180,9.65686449,-0.09009987,0.31908396,0.70566662,4
117.37927948,31.96126064,41.46025428,-211.32996496,186.56643643,41.45425428,-71.75673953,1.44234255,0.01087694,3.82576556,0.97196093,-3.70002075,-0.03172649,0.19264456,0.09871671,9.80341261,-0.24374188,0.78435283,0.70130835,4
117.37927848,31.96126092,41.45993066,-211.29872125,186.47146237,41.45393066,-71.82419318,1.44538495,0.03234270,3.83790625,0.97398437,-3.71194384,-0.03309717,0.19402944,0.10222992,9.94549087,-0.41713849,1.16334860,0.69414615,4
117.37927747,31.96126119,41.45927607,-211.26759018,186.37645211,41.45327607,-71.89224881,1.43114307,0.06019849,3.84958287,0.97593048,-3.72358287,-0.03493048,0.13819193,0.11161763,10.06582874,-0.68657183,1.12286446,0.67335164,4
117.37927646,31.96126145,41.45855234,-211.23657258,186.28140534,41.45255234,-71.96073732,1.41329097,0.08938909,3.86116261,0.97786044,-3.73516261,-0.03686044,0.07040219,0.12223239,10.18162615,-0.97606536,0.99476358,0.64970967,4
117.37927545,31.96126170,41.45782857,-211.20566903,186.18632186,41.45182857,-72.02946662,1.39542437,0.11855376,3.87272167,0.97978567,-3.74672195,-0.03878905,0.00260081,0.13278501,10.29682042,-1.26491573,0.86647480,0.62591543,4
117.37927444,31.96126197,41.45710225,-211.17487976,186.09120157,41.45110225,-72.09822749,1.37602353,0.14493953,3.88207000,0.98120737,-3.75610059,-0.04057440,-0.06640105,0.13671020,10.34769611,-1.48507810,0.71824848,0.58591559,4
117.37927343,31.96126224,41.45636303,-211.14420462,185.99604451,41.45036303,-72.16681175,1.34888452,0.15730802,3.88026733,0.98008911,-3.75447965,-0.04163697,-0.14145648,0.10720686,10.07414999,-1.35877584,0.46946121,0.46417616,4
117.37927241,31.96126251,41.45561815,-211.11364317,185.90085081,41.44961815,-72.23503107,1.31834421,0.16351541,3.87356336,0.97785445,-3.74802398,-0.04238185,-0.21917288,0.06301031,9.65800722,-1.08018861,0.17647286,0.30650870,4
117.37927139,31.96126277,41.45487561,-211.08319463,185.80562070,41.44887561,-72.30271996,1.28785200,0.16967586,3.86685977,0.97562128,-3.74156868,-0.04312265,-0.29677017,0.01890074,9.24272542,-0.80148477,-0.11660688,0.14884704,4
117.37927038,31.96126303,41.45436383,-211.05285801,185.71035453,41.44836383,-72.36972181,1.26211382,0.17120531,3.86019505,0.97353502,-3.73515186,-0.04346045,-0.36259513,-0.01661626,8.91249784,-0.51134788,-0.41862917,-0.00820240,4
117.37926937,31.96126328,41.45501423,-211.02263204,185.61505268,41.44901423,-72.43587245,1.26031665,0.14941304,3.85372602,0.97218861,-3.72892886,-0.04176870,-0.36913538,-0.00886141,9.01059929,-0.16363249,-0.76568784,-0.16216977,4
117.37926835,31.96126354,41.45623962,-210.99251515,185.51971568,41.45023962,-72.50099261,1.27036491,0.11608229,3.84735396,0.97120831,-3.72280189,-0.03907283,-0.34634304,0.02030300,9.32062430,0.21256388,-1.13502200,-0.31460895,4
117.37926734,31.96126379,41.45746444,-210.96250549,185.42434411,41.45146444,-72.56489632,1.28043845,0.08274414,3.84099178,0.97023163,-3.71668366,-0.03637700,-0.32346011,0.04940300,9.63039954,0.58818191,-1.50363560,-0.46700925,4
117.37926633,31.96126404,41.45864015,-210.93260088,185.32893871,41.45264015,-72.62740564,1.29289294,0.04860619,3.83552258,0.96958973,-3.71135530,-0.03367517,-0.29210296,0.07263245,9.91808129,0.91147686,-1.80671826,-0.61632706,4
117.37926531,31.96126430,41.45956132,-210.90279888,185.23350025,41.45356132,-72.68835886,1.31769810,0.01031447,3.83468397,0.97068397,-3.71012263,-0.03094183,-0.21678933,0.06541825,10.09122325,0.96345285,-1.76997648,-0.74968237,4
117.37926430,31.96126457,41.46031251,-210.87309678,185.13802964,41.45431251,-72.74760963,1.35075084,-0.03075104,3.83693756,0.97293756,-3.71162504,-0.02818743,-0.11212235,0.03787430,10.18787744,0.83424672,-1.50630582,-0.87237811,4
117.37926329,31.96126483,41.46106423,-210.84349163,185.04252782,41.45506423,-72.80501887,1.38376135,-0.07176834,3.83920863,0.97519668,-3.71314440,-0.02543665,-0.00753407,0.01040804,10.28413995,0.70489941,-1.24258935,-0.99517169,4
117.37926227,31.96126510,41.46186266,-210.81398027,184.94699584,41.45586266,-72.86044842,1.41308898,-0.10858595,3.84302930,0.97794832,-3.71616662,-0.02300116,0.09025769,-0.01023066,10.34590882,0.56286057,-0.97440508,-1.12681221,4
117.37926126,31.96126535,41.46290040,-210.78455931,184.85143480,41.45690040,-72.91376222,1.42355936,-0.12390040,3.85478569,0.98322232,-3.72688528,-0.02218008,0.15325345,0.00409248,10.23104268,0.35581635,-0.68331746,-1.30376924,4
117.37926024,31.96126561,41.46409524,-210.75522513,184.75584589,41.45809524,-72.96483176,1.42164761,-0.12509524,3.87175245,0.99015241,-3.74265721,-0.02241905,0.19340016,0.04137157,10.00019908,0.10609425,-0.37719879,-1.51047701,4
117.37925923,31.96126586,41.46529024,-210.72597389,184.66023035,41.45929024,-73.01353947,1.41974356,-0.12627661,3.88871130,0.99708161,-3.75842106,-0.02265861,0.23346126,0.07856798,9.76963993,-0.14293088,-0.07145161,-1.71720089,4
117.37925822,31.96126612,41.46650401,-210.69680159,184.56458949,41.46050401,-73.05977719,1.41849960,-0.12629168,3.90506196,1.00396637,-3.77355794,-0.02295072,0.26626556,0.10874833,9.56273037,-0.33251369,0.20342894,-1.92630239,4
117.37925721,31.96126639,41.46782871,-210.66770405,184.46892467,41.46182871,-73.10344296,1.42114356,-0.11943664,3.91783416,1.01059109,-3.78500545,-0.02355247,0.25633223,0.09760846,9.49507616,-0.17200140,0.29655949,-2.14946122,4
117.37925620,31.96126667,41.46928587,-210.63867691,184.37323731,41.46328587,-73.14443980,1.42842936,-0.10437933,3.92633425,1.01690544,-3.79204838,-0.02452391,0.19537435,0.03713630,9.59367735,0.40649126,0.17270086,-2.38940695,4
117.37925519,31.96126694,41.47074312,-210.60971567,184.27752886,41.46474312,-73.18268059,1.43573390,-0.08933252,3.93483396,1.02322028,-3.79909082,-0.02549465,0.13444894,-0.02328253,9.69227673,0.98442189,0.04889447,-2.62925999,4
117.37925418,31.96126721,41.47221035,-210.58081569,184.18180085,41.46621035,-73.21809475,1.44469091,-0.07518372,3.94331073,1.02958626,-3.80610037,-0.02640476,0.07627370,-0.07912369,9.79086666,1.51401015,-0.07052491,-2.86135813,4
117.37925317,31.96126745,41.47374716,-210.55197222,184.08605479,41.46774716,-73.25062932,1.46514533,-0.06728085,3.95162907,1.03630886,-3.81288191,-0.02689326,0.03722484,-0.10312416,9.88940270,1.70733849,-0.15943754,-3.03953214,4
117.37925215,31.96126769,41.47540369,-210.52318044,183.99029225,41.46940369,-73.28024334,1.50537526,-0.07012061,3.95967506,1.04364490,-3.81927137,-0.02665662,0.03107202,-0.07236009,9.98784770,1.32231439,-0.19588112,-3.12496159,4
117.37925113,31.96126792,41.47706010,-210.49443547,183.89451481,41.47106010,-73.30689867,1.54560077,-0.07296088,3.96772045,1.05098067,-3.82566028,-0.02641994,0.02492085,-0.04160154,10.08627552,0.93732447,-0.23233253,-3.21038490,4
117.37925011,31.96126815,41.47870864,-210.46573237,183.79872405,41.47270864,-73.33055358,1.58546450,-0.07587007,3.97572655,1.05831133,-3.83200969,-0.02617921,0.01893625,-0.01136327,10.18309091,0.55485971,-0.26981089,-3.29541394,4
117.37924909,31.96126839,41.48016283,-210.43706610,183.70292160,41.47416283,-73.35116584,1.61634868,-0.08049669,3.98275986,1.06551973,-3.83737993,-0.02583717,0.01709373,0.00594413,10.23983239,0.23500343,-0.33287638,-3.37068415,4
117.37924807,31.96126865,41.48088592,-210.40843159,183.60710908,41.47488592,-73.36870081,1.61345632,-0.09158409,3.98613429,1.07226857,-3.83906714,-0.02511408,0.03083246,-0.02538980,10.14583059,0.15064283,-0.49219739,-3.40924899,4
117.37924706,31.96126891,41.48160900,-210.37982368,183.51128815,41.47560900,-73.38313891,1.61056403,-0.10267124,3.98950863,1.07901727,-3.84075432,-0.02439100,0.04457087,-0.05672305,10.05183085,0.06628410,-0.65151489,-3.44781298,4
117.37924604,31.96126917,41.48233470,-210.35123724,183.41546046,41.47633470,-73.39447581,1.60766610,-0.11377868,3.99289125,1.08576784,-3.84244941,-0.02366619,0.05834013,-0.08797019,9.95800588,-0.01799284,-0.81051859,-3.48633716,4
117.37924503,31.96126941,41.48329487,-210.32266709,183.31962766,41.47729487,-73.40271596,1.60426358,-0.12670881,3.99701355,1.09269791,-3.84484915,-0.02278569,0.07487057,-0.11165218,9.87947098,-0.09519779,-0.94204937,-3.52141347,4
117.37924401,31.96126965,41.48529834,-210.29410810,183.22379139,41.47929834,-73.40786728,1.59861574,-0.14774948,4.00442724,1.10042724,-3.85038426,-0.02121240,0.10368746,-0.10167776,9.86895704,-0.14094525,-0.95136036,-3.54115280,4
117.37924299,31.96126988,41.48743394,-210.26555513,183.12795329,41.48143394,-73.40994069,1.59268350,-0.16981737,4.01225778,1.10825778,-3.85631650,-0.01955139,0.13406046,-0.08744041,9.86705872,-0.18270815,-0.94519085,-3.55894949,4
117.37924197,31.96127011,41.48956927,-210.23700308,183.03211498,41.48356927,-73.40895608,1.58673957,-0.19189605,4.02008390,1.11608786,-3.86224393,-0.01788998,0.16437949,-0.07328648,9.86502116,-0.22443448,-0.93928111,-3.57674201,4
117.37924095,31.96127035,41.49167755,-210.20844689,182.93627807,41.48567755,-73.40495031,1.57972581,-0.21494799,4.02749768,1.12386929,-3.86772580,-0.01619575,0.18971381,-0.06680901,9.85019075,-0.26276954,-0.95724457,-3.59413742,4
117.37923993,31.96127060,41.49365594,-210.17988156,182.84044414,41.48765594,-73.39797787,1.56758041,-0.24266715,4.03293287,1.13141679,-3.87106992,-0.01434406,0.19113426,-0.09715667,9.77399295,-0.28483358,-1.08972878,-3.60962658,4
117.37923891,31.96127086,41.49557709,-210.15130221,182.74461476,41.48957709,-73.38810525,1.55317182,-0.27244490,4.03749558,1.13886123,-3.87347136,-0.01242291,0.18200881,-0.14374445,9.67073138,-0.29972245,-1.27271789,-3.62427531,4
117.37923790,31.96127113,41.49749922,-210.12270407,182.64879141,41.49149922,-73.37540388,1.53879904,-0.30222444,4.04206172,1.14630623,-3.87587642,-0.01050126,0.17293842,-0.19022054,9.56772687,-0.31426046,-1.45528540,-3.63881151,4
117.37923688,31.96127138,41.49951057,-210.09408250,182.55297557,41.49351057,-73.35994530,1.52785674,-0.33211167,4.04694229,1.15378954,-3.87862079,-0.00853594,0.16911551,-0.22599190,9.48935314,-0.29543913,-1.59742876,-3.64262851,4
117.37923586,31.96127163,41.50199030,-210.06543296,182.45716867,41.49599030,-73.34180536,1.53492725,-0.36256159,4.05347333,1.16147333,-3.88314645,-0.00634142,0.19284480,-0.20555482,9.54031034,-0.10146663,-1.52731238,-3.59016395,4
117.37923485,31.96127187,41.50484239,-210.03675105,182.36137209,41.49884239,-73.32107093,1.55631790,-0.39345918,4.06131656,1.16931656,-3.88908831,-0.00396468,0.23847818,-0.14043218,9.69408531,0.23175212,-1.28845016,-3.49295534,4
117.37923383,31.96127211,41.50769417,-210.00803254,182.26558716,41.50169417,-73.29784482,1.57770899,-0.42433780,4.06916194,1.17715999,-3.89503221,-0.00158938,0.28409024,-0.07532965,9.84776830,0.56464656,-1.04957490,-3.39563786,4
117.37923281,31.96127236,41.51050538,-209.97927336,182.16981516,41.50450538,-73.27224393,1.59906281,-0.45323672,4.07718668,1.18499109,-3.90115515,0.00063574,0.32743772,-0.01244719,9.99184017,0.86445442,-0.81032871,-3.28800759,4
117.37923180,31.96127262,41.51305200,-209.95046967,182.07405729,41.50705200,-73.24439046,1.62016929,-0.46924667,4.08637687,1.19274043,-3.90844176,0.00188311,0.35603910,0.03597461,10.07333737,0.94889072,-0.56872184,-3.11329257,4
117.37923079,31.96127288,41.51519650,-209.92161781,181.97831468,41.50919650,-73.21440482,1.64089950,-0.46567250,4.09733767,1.20036534,-3.91749634,0.00164484,0.36223434,0.06242351,10.05975550,0.70608511,-0.32353344,-2.83665144,4
117.37922978,31.96127315,41.51734111,-209.89271433,181.88258842,41.51134111,-73.18240311,1.66162042,-0.46209725,4.10829786,1.20798981,-3.92655043,0.00140646,0.36841731,0.08885042,10.04615101,0.46324349,-0.07840398,-2.56001727,4
117.37922877,31.96127342,41.51948987,-209.86375597,181.78687952,41.51348987,-73.14850106,1.68129569,-0.45842080,4.11915681,1.21554343,-3.93552344,0.00115841,0.37329134,0.11287900,10.03021539,0.21743643,0.15970838,-2.28504695,4
117.37922775,31.96127369,41.52168802,-209.83473965,181.69118893,41.51568802,-73.11282127,1.68833091,-0.45352311,4.12878886,1.22223844,-3.94351366,0.00079359,0.36234983,0.10792390,9.98612193,-0.06411110,0.31296067,-2.03027481,4
117.37922674,31.96127393,41.52402875,-209.80566253,181.59551754,41.51802875,-73.07549613,1.65883781,-0.44509652,4.13487473,1.22645174,-3.94866324,0.00009138,0.30570436,0.01921054,9.86065923,-0.44892578,0.22097030,-1.83388825,4
117.37922572,31.96127417,41.52636952,-209.77652197,181.49986617,41.52036952,-73.03666256,1.62934410,-0.43666974,4.14096074,1.23066513,-3.95381294,-0.00061085,0.24905772,-0.06950466,9.73519394,-0.83374843,0.12897802,-1.63749761,4
117.37922470,31.96127442,41.52871039,-209.74731557,181.40423556,41.52271039,-72.99645253,1.59987887,-0.42826085,4.14703392,1.23487314,-3.95895056,-0.00131154,0.19252602,-0.15795920,9.61006346,-1.21741437,0.03731326,-1.44123860,4
117.37922369,31.96127467,41.53105769,-209.71804115,181.30862638,41.52505769,-72.95498470,1.57315304,-0.42155869,4.15188282,1.23856625,-3.96293654,-0.00186372,0.14697011,-0.22157404,9.51685451,-1.49086034,-0.02316528,-1.25771465,4
117.37922267,31.96127492,41.53343352,-209.68869670,181.21303926,41.52743352,-72.91236326,1.55858905,-0.42243352,4.15129654,1.23997341,-3.96180983,-0.00175665,0.15014101,-0.17491463,9.56535934,-1.27499215,0.05480493,-1.13073094,4
117.37922166,31.96127519,41.53581503,-209.65928038,181.11747477,41.52981503,-72.86868684,1.54644337,-0.42481503,4.14962948,1.24092601,-3.95966648,-0.00151850,0.16300113,-0.10632728,9.64204380,-0.96182424,0.16030560,-1.01498980,4
117.37922065,31.96127547,41.53819375,-209.62979052,181.02193342,41.53219375,-72.82406129,1.53429449,-0.42716722,4.14796017,1.24187706,-3.95752148,-0.00128255,0.17581489,-0.03792554,9.71870622,-0.64915624,0.26580783,-0.89919782,4
117.37921964,31.96127574,41.54031355,-209.60022563,180.92641569,41.53431355,-72.77860872,1.52185426,-0.42679418,4.14608161,1.24268343,-3.95522490,-0.00125160,0.18431196,0.01318896,9.79327894,-0.38311903,0.37139862,-0.77874354,4
117.37921863,31.96127601,41.54119956,-209.57058444,180.83092196,41.53519956,-72.73246582,1.50802627,-0.41343633,4.14320613,1.24280044,-3.95220613,-0.00219738,0.17224115,-0.01806604,9.85789275,-0.33926998,0.47740825,-0.63607842,4
117.37921761,31.96127627,41.54144209,-209.54086592,180.73545257,41.53544209,-72.68577221,1.49347447,-0.39330635,4.13981071,1.24255791,-3.94881071,-0.00365256,0.14944333,-0.09228022,9.91731260,-0.41130139,0.58363639,-0.48182934,4
117.37921660,31.96127654,41.54168462,-209.51106927,180.64000775,41.53568462,-72.63865612,1.47892820,-0.37319633,4.13641346,1.24231354,-3.94541372,-0.00510642,0.12662667,-0.16642502,9.97654086,-0.48306328,0.68935154,-0.32761860,4
117.37921559,31.96127680,41.54192712,-209.48119389,180.54458772,41.53592712,-72.59122592,1.46488312,-0.35489580,4.13285024,1.24190279,-3.94187454,-0.00644122,0.10210133,-0.23428365,10.01840634,-0.53039992,0.74857480,-0.17687557,4
117.37921459,31.96127708,41.54216946,-209.45123934,180.44919260,41.53616946,-72.54357396,1.45339120,-0.34581380,4.12844141,1.24064435,-3.93761087,-0.00716946,0.06887025,-0.27011716,9.97181369,-0.45329690,0.57093478,-0.04379696,4
117.37921358,31.96127736,41.54241166,-209.42120531,180.35382250,41.53641166,-72.49579076,1.44394508,-0.34411835,4.12335504,1.23870668,-3.93276671,-0.00741166,0.02866368,-0.28028991,9.85434267,-0.27648485,0.20350481,0.07512732,4
117.37921258,31.96127765,41.54265387,-209.39109168,180.25847747,41.53665387,-72.44798030,1.43451960,-0.34243925,4.11826661,1.23676819,-3.92792089,-0.00765243,-0.01148717,-0.29039679,9.73698729,-0.09978619,-0.16349582,0.19391283,4
117.37921158,31.96127793,41.54289637,-209.36089850,180.16315750,41.53689637,-72.40026719,1.42691763,-0.34221145,4.11299043,1.23475472,-3.92292394,-0.00776634,-0.04672664,-0.29466626,9.62979184,0.06700513,-0.49271354,0.30048734,4
117.37921058,31.96127821,41.54314053,-209.33062604,180.06786252,41.53714053,-72.35278973,1.42971305,-0.35025892,4.10664347,1.23231360,-3.91706507,-0.00715680,-0.05396296,-0.26565073,9.58052371,0.17731223,-0.60650708,0.33743925,4
117.37920957,31.96127849,41.54338669,-209.30027481,179.97259237,41.53738669,-72.30568399,1.44497459,-0.36822814,4.09901271,1.22935975,-3.91017277,-0.00567988,-0.02762450,-0.19672767,9.60070833,0.21989684,-0.46201479,0.29091617,4
117.37920856,31.96127878,41.54363266,-209.26984556,179.87734685,41.53763266,-72.25906853,1.46021998,-0.38618329,4.09138415,1.22640700,-3.90328231,-0.00420420,-0.00131337,-0.12783238,9.62091834,0.26229090,-0.31761560,0.24440290,4
117.37920756,31.96127906,41.54386339,-209.23933918,179.78212568,41.53786339,-72.21303906,1.47407771,-0.40293408,4.08393818,1.22354562,-3.89654398,-0.00283525,0.02264943,-0.06126716,9.64337316,0.28811453,-0.18114189,0.19867989,4
117.37920655,31.96127936,41.54400000,-209.20875673,179.68692856,41.53800000,-72.16767728,1.47936620,-0.41224819,4.07761923,1.22124819,-3.89074454,-0.00212531,0.03211073,-0.00908644,9.67969453,0.21159782,-0.09360465,0.15783341,4
117.37920555,31.96127966,41.54400000,-209.17809939,179.59175511,41.53800000,-72.12306744,1.47221795,-0.41076924,4.07293590,1.21976924,-3.88630769,-0.00237180,0.02052565,0.02221794,9.73614101,-0.01344864,-0.07708974,0.12406412,4
117.37920456,31.96127996,41.54400015,-209.14736849,179.49660495,41.53800015,-72.07931028,1.46508083,-0.40930036,4.06825227,1.21829018,-3.88187054,-0.00261740,0.00895865,0.05346525,9.79251064,-0.23804282,-0.06071572,0.09032868,4
117.37920356,31.96128026,41.54401290,-209.11656554,179.40147762,41.53801290,-72.03652324,1.45888801,-0.40870134,4.06352981,1.21679821,-3.87739463,-0.00278740,-0.00107227,0.07985135,9.84237232,-0.42404449,-0.05650780,0.05943619,4
117.37920256,31.96128054,41.54411176,-209.08569228,179.30637259,41.53811176,-71.99482791,1.45914076,-0.41404061,4.05854138,1.21521771,-3.87265313,-0.00244122,-0.00061832,0.07305527,9.84781436,-0.34661350,-0.13535661,0.04794626,4
117.37920155,31.96128082,41.54435940,-209.05475063,179.21128928,41.53835940,-71.95433136,1.47053253,-0.42964239,4.05309314,1.21348417,-3.86745254,-0.00120298,0.01795521,0.00891467,9.77649198,0.18607547,-0.35774373,0.06998686,4
117.37920055,31.96128110,41.54460692,-209.02374265,179.11622706,41.53860692,-71.91511123,1.48193214,-0.44523962,4.04764695,1.21175116,-3.86225387,0.00003487,0.03652705,-0.05512330,9.70527481,0.71823094,-0.57984740,0.09200804,4
117.37919954,31.96128138,41.54484366,-208.99267054,179.02118526,41.53884366,-71.87721599,1.49402518,-0.46046041,4.04237308,1.21006118,-3.85721673,0.00124043,0.05497150,-0.11031412,9.64312013,1.20460969,-0.77756505,0.11236692,4
117.37919854,31.96128168,41.54500000,-208.96153654,178.92616318,41.53900000,-71.84067747,1.51129054,-0.47287395,4.03838416,1.20869207,-3.85338416,0.00220528,0.07246640,-0.09952092,9.64855531,1.34958247,-0.79340793,0.12032832,4
117.37919754,31.96128198,41.54500000,-208.93034292,178.83116014,41.53900000,-71.80552874,1.53861334,-0.47982885,4.03689382,1.20794691,-3.85189382,0.00270206,0.08811491,0.03957700,9.78541773,0.83069759,-0.45559871,0.10418302,4
117.37919655,31.96128228,41.54499956,-208.89909205,178.73617541,41.53899956,-71.77181743,1.56591646,-0.48678174,4.03540253,1.20720164,-3.85040264,0.00319872,0.10375306,0.17855877,9.92216349,0.31207751,-0.11805020,0.08804407,4
117.37919555,31.96128258,41.54496079,-208.86778636,178.64120823,41.53896079,-71.73960584,1.59154552,-0.49357256,4.03382478,1.20644670,-3.84883458,0.00368586,0.11851127,0.30761753,10.04893805,-0.18430171,0.19727294,0.07243030,4
117.37919456,31.96128287,41.54461380,-208.83642841,178.54625781,41.53861380,-71.70895929,1.60372435,-0.49906203,4.03155177,1.20561380,-3.84664832,0.00409655,0.12620009,0.35694636,10.09559467,-0.50202144,0.33402376,0.06103452,4
117.37919355,31.96128315,41.54361634,-208.80502087,178.45132333,41.53761634,-71.67993012,1.58751539,-0.50180508,4.02781124,1.20461634,-3.84315716,0.00434592,0.11896840,0.23799751,9.97315468,-0.44267171,0.09388177,0.05854083,4
117.37919255,31.96128343,41.54261928,-208.77356646,178.35640394,41.53661928,-71.65254572,1.57130454,-0.50454967,4.02407114,1.20361876,-3.83966642,0.00459539,0.11174750,0.11912687,9.85079636,-0.38345172,-0.14608446,0.05606212,4
117.37919154,31.96128370,41.54165856,-208.74206794,178.26149878,41.53565856,-71.62680790,1.55491913,-0.50743114,4.02036712,1.20261199,-3.83621181,0.00485399,0.10548241,0.00715008,9.73564132,-0.33573124,-0.37054150,0.05491314,4
117.37919054,31.96128400,41.54100000,-208.71052804,178.16660700,41.53500000,-71.60270348,1.53708353,-0.51145034,4.01696332,1.20152878,-3.83305756,0.00518849,0.10716253,-0.04751749,9.68036739,-0.38359991,-0.46607108,0.06481716,4
117.37918954,31.96128430,41.54100000,-208.67894946,178.07172774,41.53500000,-71.58021849,1.51608759,-0.51794908,4.01421385,1.20027902,-3.83055805,0.00568840,0.12615885,0.02271889,9.75560280,-0.63980023,-0.28060704,0.09881057,4
117.37918854,31.96128459,41.54099980,-208.64733490,177.97686017,41.53499980,-71.55934829,1.49508657,-0.52444379,4.01146398,1.19902927,-3.82805812,0.00618789,0.14512793,0.09289083,9.83077287,-0.89585317,-0.09525829,0.13279160,4
117.37918754,31.96128489,41.54098140,-208.61568705,177.88200343,41.53498140,-71.54009919,1.47362864,-0.53057543,4.00867743,1.19777938,-3.82552156,0.00665106,0.16164362,0.15725914,9.90005798,-1.13862865,0.07970654,0.16565767,4
117.37918654,31.96128517,41.54081133,-208.58400860,177.78715668,41.53481133,-71.52248002,1.44835854,-0.53367926,4.00558491,1.19652830,-3.82267926,0.00681133,0.15769818,0.17322655,9.92026428,-1.27067941,0.16807561,0.18922641,4
117.37918553,31.96128545,41.54030985,-208.55230228,177.69231904,41.53430985,-71.50648999,1.41476045,-0.53016900,4.00182393,1.19527465,-3.81916900,0.00630985,0.10905617,0.08346448,9.83326027,-1.16085877,0.06728134,0.19248593,4
117.37918452,31.96128572,41.53980850,-208.52057079,177.59748966,41.53380850,-71.49211061,1.38117743,-0.52666322,3.99806272,1.19402077,-3.81565853,0.00580893,0.06043199,-0.00622730,9.74635201,-1.05099396,-0.03350265,0.19574811,4
117.37918351,31.96128599,41.53931678,-208.48881679,177.50266769,41.53331678,-71.47930472,1.34896691,-0.52356425,3.99428164,1.19274732,-3.81212820,0.00535641,0.01343040,-0.08952129,9.66815952,-0.93710956,-0.13334981,0.19925316,4
117.37918250,31.96128627,41.53890242,-208.45704285,177.40785232,41.53290242,-71.46802456,1.32778072,-0.52373252,3.99034097,1.19131687,-3.80843856,0.00529277,-0.02053734,-0.12143025,9.65996724,-0.79095096,-0.22566734,0.20470841,4
117.37918150,31.96128657,41.53865086,-208.42525147,177.31304273,41.53265086,-71.45822290,1.32979313,-0.53077596,3.98606459,1.18955601,-3.80441374,0.00604743,-0.02707768,-0.04521014,9.79907523,-0.57688061,-0.30213900,0.21426737,4
117.37918050,31.96128687,41.53839859,-208.39344506,177.21823815,41.53239859,-71.44986116,1.33179397,-0.53781835,3.98178999,1.18779585,-3.80039056,0.00680185,-0.03360432,0.03094381,9.93806411,-0.36303480,-0.37849593,0.22380107,4
117.37917950,31.96128716,41.53808139,-208.36162600,177.12343782,41.53208139,-71.44291187,1.33273215,-0.54476102,3.97767926,1.18610127,-3.79652036,0.00753435,-0.03887184,0.10099450,10.06606434,-0.16987836,-0.44429550,0.23101265,4
117.37917850,31.96128744,41.53727858,-208.32979661,177.02864097,41.53127858,-71.43735183,1.32572469,-0.55095812,3.97479388,1.18489694,-3.79379388,0.00810306,-0.03472469,0.12541081,10.11190209,-0.13141796,-0.43115666,0.22086163,4
117.37917750,31.96128772,41.53553027,-208.29795917,176.93384688,41.52953027,-71.43315231,1.30324630,-0.55570355,3.97429436,1.18464718,-3.79329436,0.00835282,-0.01224630,0.06097271,9.99776173,-0.39416555,-0.26431693,0.17690386,4
117.37917649,31.96128799,41.53378217,-208.26611591,176.83905482,41.52778217,-71.43027165,1.28077584,-0.56043961,3.97379599,1.18439776,-3.79279599,0.00860190,0.01022566,-0.00341481,9.88361783,-0.65660122,-0.09748103,0.13297588,4
117.37917549,31.96128827,41.53205518,-208.23426899,176.74426407,41.52605518,-71.42865215,1.25904974,-0.56430056,3.97340434,1.18418035,-3.79240434,0.00878692,0.03209208,-0.06308027,9.76916910,-0.88994983,0.06896244,0.09182907,4
117.37917448,31.96128855,41.53048785,-208.20242044,176.64947398,41.52448785,-71.42822594,1.24295139,-0.56154689,3.97381944,1.18420487,-3.79281944,0.00848785,0.04938020,-0.08705039,9.65242372,-0.90342919,0.23242869,0.07170658,4
117.37917349,31.96128885,41.52923508,-208.17057217,176.55468392,41.52323508,-71.42892378,1.23794031,-0.54576198,3.97582387,1.18470597,-3.79482387,0.00723508,0.05764848,-0.04069791,9.53115560,-0.48375130,0.39002712,0.09300367,4
117.37917249,31.96128915,41.52798183,-208.13872601,176.45989328,41.52198183,-71.43068248,1.23294708,-0.52998317,3.97782598,1.18520625,-3.79682609,0.00598289,0.06589095,0.00565259,9.41005625,-0.06420286,0.54737322,0.11429285,4
117.37917149,31.96128945,41.52668448,-208.10688364,176.36510150,41.52068448,-71.43344913,1.22963796,-0.51479390,3.97960625,1.18562894,-3.79861756,0.00478627,0.07169571,0.05176279,9.30496821,0.34269550,0.68080608,0.13481437,4
117.37917049,31.96128973,41.52506173,-208.07504672,176.27030804,41.51906173,-71.43717816,1.23876122,-0.50395749,3.97974898,1.18547874,-3.79885324,0.00400000,0.05950494,0.09609727,9.31808156,0.65619164,0.63770351,0.14966802,4
117.37916947,31.96129001,41.52281548,-208.04321678,176.17551239,41.51681548,-71.44182494,1.27170630,-0.50146165,3.97675397,1.18423082,-3.79610781,0.00400000,0.01283273,0.13702906,9.55768224,0.79071742,0.25633911,0.15366138,4
117.37916847,31.96129029,41.52056921,-208.01139532,176.08071403,41.51456921,-71.44734068,1.30464431,-0.49897697,3.97375735,1.18298254,-3.79336088,0.00400068,-0.03380637,0.17793795,9.79717544,0.92507280,-0.12482727,0.15764288,4
117.37916747,31.96129056,41.51832186,-207.97958373,175.98591252,41.51232186,-71.45366883,1.33690288,-0.49755576,3.97060718,1.18170109,-3.79047140,0.00406656,-0.07728476,0.21666114,10.02639793,1.04317509,-0.48707822,0.16049644,4
117.37916646,31.96129086,41.51606643,-207.94778330,175.89110740,41.51006643,-71.46074675,1.36405361,-0.50412821,3.96630303,1.18017016,-3.78651049,0.00462238,-0.09700465,0.23895455,10.17841491,1.03910833,-0.70714217,0.15487179,4
117.37916546,31.96129116,41.51379523,-207.91599521,175.79629830,41.50779523,-71.46851074,1.38121375,-0.52633544,3.95974180,1.17815132,-3.78045397,0.00613651,-0.07025504,0.22911270,10.17942433,0.79609059,-0.64910055,0.13266456,4
117.37916447,31.96129146,41.51152403,-207.88422056,175.70148482,41.50552403,-71.47690043,1.39836891,-0.54853720,3.95318173,1.17613301,-3.77439835,0.00765025,-0.04351354,0.21925326,10.18033859,0.55328859,-0.59111142,0.11043054,4
117.37916347,31.96129176,41.50925244,-207.85246033,175.60666665,41.50325244,-71.48586299,1.41504139,-0.57020601,3.94673557,1.17416546,-3.76843115,0.00912590,-0.01755978,0.20771831,10.17216812,0.33119683,-0.53815974,0.08565007,4
117.37916246,31.96129205,41.50697829,-207.82071542,175.51184347,41.50097829,-71.49535298,1.42840571,-0.58822209,3.94107009,1.17254591,-3.76307009,0.01034057,0.00299504,0.18470099,10.10173883,0.25103910,-0.51973140,0.04341873,4
117.37916145,31.96129232,41.50469967,-207.78898667,175.41701500,41.49869967,-71.50532897,1.43600111,-0.59986838,3.93676603,1.17153318,-3.75876603,0.01110011,0.01413497,0.14166035,9.92274037,0.41839125,-0.56150614,-0.02924400,4
117.37916044,31.96129259,41.50242168,-207.75727485,175.32218097,41.49642168,-71.51575006,1.44361049,-0.61151419,3.93246614,1.17052175,-3.75446598,0.01185965,0.02530284,0.09867169,9.74390241,0.58564954,-0.60314011,-0.10182296,4
117.37915944,31.96129286,41.50020491,-207.72558066,175.22734114,41.49420491,-71.52657187,1.45255402,-0.62311458,3.92856464,1.16963291,-3.75054899,0.01261924,0.03913881,0.06064816,9.58038663,0.74394737,-0.63133094,-0.16640274,4
117.37915843,31.96129315,41.49836828,-207.69390472,175.13249530,41.49236828,-71.53774573,1.46978236,-0.63443284,3.92713710,1.16950538,-3.74901076,0.01337904,0.06954320,0.05345712,9.51201908,0.84660222,-0.57604237,-0.18130892,4
117.37915743,31.96129345,41.49710137,-207.66224757,175.03764327,41.49110137,-71.54922191,1.49942799,-0.64532824,3.92941754,1.17051890,-3.75103781,0.01413917,0.12478036,0.09247787,9.58625984,0.86585921,-0.39563480,-0.12176429,4
117.37915644,31.96129375,41.49583392,-207.63060967,174.94278488,41.48983392,-71.56095373,1.52905082,-0.65620683,3.93170053,1.17153279,-3.75306743,0.01489839,0.17997474,0.13146069,9.66054790,0.88481714,-0.21523524,-0.06224565,4
117.37915543,31.96129405,41.49451507,-207.59899140,174.84792001,41.48851507,-71.57290221,1.55649122,-0.66547721,3.93422831,1.17258071,-3.75534217,0.01556805,0.23107533,0.16681427,9.73935670,0.87517267,-0.03561070,-0.00521542,4
117.37915442,31.96129433,41.49290227,-207.56739310,174.75304853,41.48690227,-71.58503820,1.57145113,-0.66555083,3.93815597,1.17382330,-3.75901875,0.01572556,0.25876505,0.18141361,9.84401785,0.70196126,0.13958155,0.03758442,4
117.37915342,31.96129460,41.49091369,-207.53581505,174.65817034,41.48491369,-71.59733949,1.57045685,-0.65386793,3.94387314,1.17531473,-3.76448735,0.01522842,0.25652791,0.16948215,9.98172695,0.31965695,0.30910791,0.06219308,4
117.37915241,31.96129486,41.48892510,-207.50425751,174.56328537,41.48292510,-71.60978593,1.56944440,-0.64217564,3.94958739,1.17680531,-3.76995320,0.01473023,0.25426740,0.15755684,10.11923722,-0.06241132,0.47855400,0.08679547,4
117.37915140,31.96129513,41.48693575,-207.47272071,174.46839352,41.48093575,-71.62235345,1.56668063,-0.62957841,3.95502033,1.17821307,-3.77515433,0.01413181,0.24975483,0.14622730,10.23755623,-0.42167959,0.64024382,0.11079024,4
117.37915040,31.96129541,41.48494195,-207.44120480,174.37349474,41.47894195,-71.63501069,1.55358397,-0.61164202,3.95879354,1.17913225,-3.77879354,0.01294195,0.23195497,0.13841291,10.24264571,-0.64642566,0.75617077,0.13119995,4
117.37914939,31.96129570,41.48294202,-207.40970993,174.27858898,41.47694202,-71.64772147,1.52633497,-0.58639296,3.96029348,1.17938224,-3.78029348,0.01094202,0.19595629,0.13541302,10.09265122,-0.68692417,0.80941881,0.14669937,4
117.37914839,31.96129599,41.48094227,-207.37823614,174.18367624,41.47494227,-71.66045082,1.49910355,-0.56114548,3.96179291,1.17963190,-3.78179308,0.00894227,0.15997986,0.13240518,9.94273097,-0.72723974,0.86263580,0.16221140,4
117.37914738,31.96129628,41.47896054,-207.34678344,174.08875650,41.47296054,-71.67317239,1.47357537,-0.53604900,3.96324171,1.17984836,-3.78325855,0.00696054,0.12615868,0.12862422,9.80000105,-0.74979019,0.91284316,0.17894905,4
117.37914638,31.96129655,41.47708490,-207.31535179,173.99382977,41.47108490,-71.68587343,1.45808490,-0.51184224,3.96439219,1.17986927,-3.78452291,0.00508490,0.10503907,0.12028701,9.69964541,-0.66764478,0.94531405,0.20290982,4
117.37914536,31.96129681,41.47535469,-207.28394117,173.89889608,41.46935469,-71.69855298,1.45635469,-0.48885516,3.96513371,1.17962210,-3.78551161,0.00335469,0.10133148,0.10570381,9.65737885,-0.44197595,0.95347075,0.23677251,4
117.37914435,31.96129707,41.47362461,-207.25255154,173.80395542,41.46762461,-71.71121573,1.45462097,-0.46586654,3.96587334,1.17937449,-3.78649826,0.00162461,0.09760800,0.09113833,9.61523575,-0.21654841,0.96162326,0.27060460,4
117.37914334,31.96129734,41.47190821,-207.22118287,173.70900782,41.46590821,-71.72386445,1.45254275,-0.44272587,3.96642699,1.17908380,-3.78728472,-0.00009179,0.09232144,0.07831518,9.58524026,-0.01486070,0.96936340,0.30142659,4
117.37914233,31.96129761,41.47027873,-207.18983514,173.61405327,41.46427873,-71.73649337,1.44827343,-0.41861817,3.96579788,1.17851915,-3.78679788,-0.00172127,0.07709372,0.07657334,9.63250369,0.03584106,0.97448085,0.31310432,4
117.37914133,31.96129790,41.46878586,-207.15850832,173.51909180,41.46278586,-71.74908882,1.44056028,-0.39299062,3.96330977,1.17752392,-3.78430977,-0.00321414,0.04624113,0.09224846,9.80119767,-0.15076733,0.97547608,0.29469229,4
117.37914033,31.96129819,41.46729274,-207.12720233,173.42412344,41.46129274,-71.76163467,1.43284019,-0.36737429,3.96082155,1.17652840,-3.78182181,-0.00470647,0.01540340,0.10791798,9.96971920,-0.33739524,0.97631425,0.27629724,4
117.37913933,31.96129848,41.46577454,-207.09591708,173.32914822,41.45977454,-71.77411974,1.42442877,-0.34287228,3.95832225,1.17550742,-3.77934911,-0.00614487,-0.01396016,0.12303454,10.12110157,-0.52598624,0.96152331,0.25958976,4
117.37913832,31.96129876,41.46409075,-207.06465246,173.23416618,41.45809075,-71.78654459,1.41145293,-0.32572689,3.95574980,1.17431806,-3.77697710,-0.00722731,-0.03359118,0.13450043,10.15932908,-0.72754033,0.84354533,0.25402375,4
117.37913732,31.96129903,41.46213128,-207.03340839,173.13917735,41.45613128,-71.79892098,1.39087851,-0.32082822,3.95305552,1.17284846,-3.77477270,-0.00771718,-0.03702025,0.13988897,10.00918479,-0.95067481,0.55378892,0.26700523,4
117.37913631,31.96129930,41.46017217,-207.00218480,173.04418176,41.45417217,-71.81126572,1.37030060,-0.31593205,3.95036141,1.17137904,-3.77256837,-0.00820687,-0.04043664,0.14525962,9.85906748,-1.17364264,0.26418148,0.27997965,4
117.37913530,31.96129957,41.45824873,-206.97098165,172.94917943,41.45224873,-71.82359253,1.34936096,-0.31129073,3.94768416,1.16992717,-3.77037197,-0.00867843,-0.04255730,0.14880184,9.71166986,-1.37962139,-0.01026121,0.29223452,4
117.37913430,31.96129986,41.45662056,-206.93979892,172.85417036,41.45062056,-71.83590403,1.32542699,-0.30875889,3.94514626,1.16862056,-3.76824111,-0.00900000,-0.03395268,0.13720964,9.58678288,-1.44497714,-0.15918225,0.29853361,4
117.37913330,31.96130015,41.45562538,-206.90863658,172.75915459,41.44962538,-71.84819186,1.29507385,-0.31074926,3.94290709,1.16762538,-3.76625074,-0.00900000,-0.00235557,0.09317272,9.51015365,-1.20886952,-0.03901368,0.29206492,4
117.37913230,31.96130045,41.45462988,-206.87749460,172.66413212,41.44862988,-71.86044274,1.26473631,-0.31273573,3.94066964,1.16663066,-3.76426201,-0.00900023,0.02922962,0.04915002,9.43357428,-0.97266900,0.08113941,0.28560878,4
117.37913130,31.96130074,41.45360242,-206.84637288,172.56910299,41.44760242,-71.87264647,1.23602539,-0.31431610,3.93861151,1.16568503,-3.76244439,-0.00902478,0.05956848,0.00661438,9.36219227,-0.72683660,0.19966501,0.28046032,4
117.37913030,31.96130103,41.45228969,-206.81527136,172.47406723,41.44628969,-71.88480313,1.22183678,-0.31227084,3.93815427,1.16517758,-3.76215427,-0.00926637,0.07878026,-0.02264484,9.33721173,-0.39501387,0.30366015,0.28698658,4
117.37912929,31.96130131,41.45032711,-206.78418997,172.37902486,41.44432711,-71.89692295,1.24072661,-0.30196731,3.94134346,1.16566822,-3.76534346,-0.01000234,0.07264720,-0.02166355,9.41792280,0.13267458,0.37455832,0.32010510,4
117.37912828,31.96130158,41.44836452,-206.75312865,172.28397593,41.44236452,-71.90901959,1.25961640,-0.29166407,3.94453226,1.16615867,-3.76853230,-0.01073823,0.06651584,-0.02067325,9.49864618,0.66018617,0.44543232,0.35322188,4
117.37912727,31.96130185,41.44640174,-206.72208738,172.18892042,41.44040174,-71.92110203,1.27850393,-0.28139416,3.94767835,1.16662766,-3.77168274,-0.01146558,0.06057324,-0.01867548,9.58075592,1.16800406,0.51361484,0.38614854,4
117.37912626,31.96130214,41.44443588,-206.69106615,172.09385837,41.43843588,-71.93316849,1.29735919,-0.27160246,3.95021155,1.16678845,-3.77428206,-0.01207052,0.05733981,-0.00221725,9.68276472,1.39315313,0.54316568,0.41634641,4
117.37912526,31.96130243,41.44246104,-206.66006491,171.99878979,41.43646104,-71.94520753,1.31612011,-0.26320942,3.95095211,1.16604789,-3.77526948,-0.01231737,0.06203003,0.05653404,9.84297307,0.79156955,0.45972898,0.43856329,4
117.37912427,31.96130273,41.44048620,-206.62908363,171.90371470,41.43448620,-71.95720585,1.33487906,-0.25481628,3.95169270,1.16530734,-3.77625691,-0.01256427,0.06671814,0.11528018,10.00316496,0.19001650,0.37629977,0.46077863,4
117.37912327,31.96130303,41.43850996,-206.59812221,171.80863314,41.43250996,-71.96915736,1.35335876,-0.24640927,3.95243652,1.16456858,-3.77724756,-0.01281614,0.07110726,0.17329888,10.16103102,-0.40721964,0.29393005,0.48277624,4
117.37912227,31.96130332,41.43648946,-206.56718059,171.71354514,41.43048946,-71.98107031,1.36295123,-0.23756070,3.95328365,1.16388655,-3.77834036,-0.01322691,0.06598028,0.20816499,10.24487234,-0.86706468,0.24528088,0.49784435,4
117.37912126,31.96130358,41.43431395,-206.53625872,171.61845071,41.42831395,-71.99296621,1.34143792,-0.22716663,3.95449225,1.16340310,-3.77979070,-0.01419380,0.02754639,0.16199598,10.06962348,-0.84603482,0.31465525,0.48865888,4
117.37912025,31.96130385,41.43213844,-206.50535659,171.52334988,41.42613844,-72.00487165,1.31992465,-0.21677258,3.95570086,1.16291966,-3.78124103,-0.01516069,-0.01088743,0.11582705,9.89437494,-0.82500499,0.38402951,0.47947344,4
117.37911923,31.96130411,41.42996465,-206.47447425,171.42824263,41.42396465,-72.01680861,1.29841201,-0.20639020,3.95690105,1.16243397,-3.78268296,-0.01612627,-0.04924062,0.06982884,9.71948024,-0.80402432,0.45297256,0.47023831,4
117.37911822,31.96130439,41.42796451,-206.44361176,171.33312895,41.42196451,-72.02878661,1.27696052,-0.19719480,3.95724477,1.16172011,-3.78326924,-0.01695932,-0.07939230,0.04120099,9.58057837,-0.78804409,0.47803528,0.45594304,4
117.37911722,31.96130467,41.42664824,-206.41276919,171.23800882,41.42064824,-72.04080249,1.25574985,-0.19267439,3.95421510,1.16010754,-3.78048544,-0.01727034,-0.07724123,0.08098873,9.58343910,-0.79175877,0.33026912,0.42171777,4
117.37911621,31.96130496,41.42541681,-206.38194660,171.14288223,41.41941681,-72.05284816,1.23456902,-0.18873377,3.95076705,1.15838352,-3.77728369,-0.01751664,-0.07108402,0.12926129,9.60388106,-0.79791598,0.16106882,0.38502076,4
117.37911521,31.96130525,41.42418579,-206.35114404,171.04774918,41.41818579,-72.06492075,1.21337961,-0.18480422,3.94732477,1.15666157,-3.77408770,-0.01776211,-0.06492813,0.17730447,9.62454469,-0.80404294,-0.00776753,0.34836472,4
117.37911421,31.96130553,41.42299897,-206.32036156,170.95260965,41.41699897,-72.07703088,1.19130907,-0.18201257,3.94447517,1.15515223,-3.77148392,-0.01792338,-0.05890948,0.20176807,9.66798826,-0.80705997,-0.13918864,0.31592299,4
117.37911320,31.96130580,41.42198920,-206.28959923,170.85746362,41.41598920,-72.08920358,1.16570849,-0.18377969,3.94400000,1.15449460,-3.77125269,-0.01774731,-0.05344062,0.13176481,9.80269506,-0.79761774,-0.12071287,0.30036504,4
117.37911219,31.96130606,41.42101487,-206.25885719,170.76231106,41.41501487,-72.10147033,1.13940153,-0.18645910,3.94400000,1.15400743,-3.77149628,-0.01750372,-0.04808179,0.04285704,9.95566515,-0.78568218,-0.07223987,0.28818590,4
117.37911119,31.96130633,41.42003981,-206.22813562,170.66715192,41.41403981,-72.11385819,1.11312705,-0.18913713,3.94399964,1.15352026,-3.77173915,-0.01726049,-0.04273611,-0.04585973,10.10814152,-0.77359790,-0.02390487,0.27606487,4
117.37911018,31.96130661,41.41898848,-206.19743474,170.57198612,41.41298848,-72.12638089,1.09021658,-0.19167201,3.94396214,1.15303210,-3.77190823,-0.01705391,-0.03875395,-0.11477275,10.20940800,-0.74607435,0.01011615,0.26997376,4
117.37910918,31.96130689,41.41761948,-206.16675478,170.47681360,41.41161948,-72.13903654,1.08131860,-0.19361061,3.94376991,1.15253983,-3.77176991,-0.01700000,-0.04045132,-0.10119486,10.09736360,-0.65423941,-0.01548653,0.28899989,4
117.37910817,31.96130718,41.41613829,-206.13609596,170.38163430,41.41013829,-72.15181425,1.07736876,-0.19533867,3.94352305,1.15204610,-3.77152305,-0.01700000,-0.04415428,-0.05848731,9.90999345,-0.53969429,-0.06214393,0.31689557,4
117.37910717,31.96130747,41.41465748,-206.10545848,170.28644815,41.40865748,-72.16470427,1.07343256,-0.19708268,3.94328036,1.15155335,-3.77128068,-0.01699872,-0.04783659,-0.01581149,9.72293555,-0.42497748,-0.10893323,0.34478219,4
117.37910616,31.96130776,41.41321656,-206.07484250,170.19125511,41.40721656,-72.17770648,1.07092281,-0.20049742,3.94347503,1.15116340,-3.77150924,-0.01686319,-0.04935511,0.02352705,9.56862914,-0.29232436,-0.16951864,0.37171061,4
117.37910516,31.96130802,41.41194541,-206.04424823,170.09605512,41.40594541,-72.19083234,1.07448388,-0.21102235,3.94553102,1.15121091,-3.77374194,-0.01615632,-0.04166500,0.04866255,9.55370726,-0.08333964,-0.28881656,0.39456082,4
117.37910414,31.96130828,41.41074870,-206.01367589,170.00084811,41.40474870,-72.20409836,1.08070676,-0.22466483,3.94840312,1.15145026,-3.77685339,-0.01519896,-0.02993726,0.06757054,9.59990018,0.15911341,-0.43385758,0.41562288,4
117.37910313,31.96130854,41.40955245,-205.98312573,169.90563400,41.40355245,-72.21751598,1.08693072,-0.23830040,3.95127313,1.15168888,-3.77996250,-0.01424206,-0.01822051,0.08643259,9.64608305,0.40110550,-0.57856748,0.43664908,4
117.37910213,31.96130882,41.40840419,-205.95259799,169.81041272,41.40240419,-72.23108403,1.09326947,-0.25120668,3.95392168,1.15185213,-3.78282537,-0.01333366,-0.00766738,0.10042721,9.69120280,0.59426150,-0.68819570,0.45387525,4
117.37910113,31.96130910,41.40748451,-205.92209294,169.71518420,41.40148451,-72.24478721,1.10015495,-0.26063946,3.95551549,1.15165634,-3.78451549,-0.01265634,-0.00265634,0.09123935,9.73125926,0.55482186,-0.63073746,0.45300278,4
117.37910012,31.96130939,41.40675134,-205.89161076,169.61994836,41.40075134,-72.25860240,1.10748657,-0.26723791,3.95624866,1.15116756,-3.78524866,-0.01216756,-0.00216756,0.06313484,9.76718417,0.32558674,-0.43693847,0.43736199,4
117.37909912,31.96130968,41.40601781,-205.86115165,169.52470517,41.40001781,-72.27250938,1.11481826,-0.27383136,3.95698351,1.15067936,-3.78598351,-0.01167917,-0.00168238,0.03504073,9.80305705,0.09671560,-0.24335415,0.42170052,4
117.37909812,31.96130997,41.40524523,-205.83071572,169.42945458,41.39924523,-72.28649863,1.12215642,-0.27988689,3.95789890,1.15025271,-3.78689890,-0.01123212,-0.00158217,0.00807064,9.83334431,-0.09307757,-0.07283292,0.40382468,4
117.37909710,31.96131024,41.40426966,-205.80030312,169.33419655,41.39826966,-72.30057249,1.12952813,-0.28314607,3.95975283,1.15014607,-3.78875283,-0.01100000,-0.00348317,-0.01305627,9.83459533,-0.07972897,-0.02220271,0.37443796,4
117.37909608,31.96131050,41.40307483,-205.76991400,169.23893104,41.39707483,-72.31473913,1.13693608,-0.28338503,3.96262042,1.15038503,-3.79162042,-0.01100000,-0.00754560,-0.02787216,9.80448559,0.15302405,-0.10106154,0.33261888,4
117.37909507,31.96131076,41.40187988,-205.73954852,169.14365800,41.39587988,-72.32900203,1.14435400,-0.28362146,3.96548752,1.15062391,-3.79448762,-0.01100010,-0.01160110,-0.04265202,9.77443642,0.38571378,-0.17979806,0.29083248,4
117.37909406,31.96131102,41.40067261,-205.70920683,169.04837739,41.39467261,-72.34335156,1.15286998,-0.28357680,3.96830095,1.15085173,-3.79731241,-0.01101146,-0.01489518,-0.05346224,9.75105466,0.61144632,-0.24507030,0.25264257,4
117.37909305,31.96131130,41.39937645,-205.67888908,168.95308916,41.39337645,-72.35776332,1.16930226,-0.28150583,3.97072747,1.15100000,-3.79983139,-0.01110392,-0.01269988,-0.03565421,9.77574032,0.78702236,-0.21327442,0.24038073,4
117.37909204,31.96131158,41.39791466,-205.64859534,168.85779331,41.39191466,-72.37220357,1.20048733,-0.27565862,3.97243289,1.15100000,-3.80178046,-0.01134756,-0.00027458,0.03548672,9.89000436,0.86912680,-0.00058251,0.27643847,4
117.37909105,31.96131187,41.39645286,-205.61832562,168.76248982,41.39045286,-72.38663947,1.23166788,-0.26981174,3.97413823,1.15099995,-3.80372937,-0.01159119,0.01214270,0.10660000,10.00422729,0.95116610,0.21201956,0.31249512,4
117.37909004,31.96131215,41.39499160,-205.58807990,168.66717871,41.38899160,-72.40104833,1.26232344,-0.26400199,3.97583127,1.15099406,-3.80566006,-0.01183473,0.02363310,0.17451172,10.11369188,1.02567386,0.41422323,0.34842200,4
117.37908903,31.96131242,41.39353624,-205.55785812,168.57186000,41.38753624,-72.41542056,1.28709173,-0.25860872,3.97738647,1.15092271,-3.80738647,-0.01207729,0.02472962,0.20652210,10.16979757,1.01572598,0.49982252,0.38289354,4
117.37908802,31.96131268,41.39209615,-205.52766022,168.47653372,41.38609615,-72.42975624,1.29669236,-0.25428844,3.97858655,1.15068269,-3.80858655,-0.01231731,-0.00095206,0.14603815,10.08843227,0.78819111,0.28500848,0.41361554,4
117.37908701,31.96131294,41.39065605,-205.49748613,168.38119990,41.38465605,-72.44405604,1.30629296,-0.24996817,3.97978661,1.15044268,-3.80978661,-0.01255732,-0.02663365,0.08555440,10.00706724,0.56065703,0.07019519,0.44433745,4
117.37908599,31.96131319,41.38921682,-205.46733581,168.28585854,41.38321682,-72.45831269,1.31585732,-0.24569380,3.98097409,1.15019904,-3.81097499,-0.01279464,-0.05229853,0.02524279,9.92575443,0.33309652,-0.14462017,0.47485728,4
117.37908498,31.96131346,41.38786910,-205.43720917,168.19050970,41.38186910,-72.47250748,1.32150833,-0.24638034,3.98079980,1.14956385,-3.81089924,-0.01274008,-0.07616865,-0.01648258,9.85005164,0.10256808,-0.35976214,0.48354022,4
117.37908397,31.96131374,41.38686687,-205.40710609,168.09515339,41.38086687,-72.48661237,1.31238536,-0.26579584,3.97548447,1.14745044,-3.80605104,-0.01158359,-0.09326330,0.01196003,9.79552742,-0.13916770,-0.57613961,0.40978261,4
117.37908297,31.96131402,41.38588631,-205.37702639,167.99978970,41.37988631,-72.50059794,1.30233479,-0.28638727,3.96984634,1.14524422,-3.80090318,-0.01035790,-0.10993256,0.04480827,9.74233288,-0.38160729,-0.79259478,0.33084879,4
117.37908196,31.96131430,41.38490498,-205.34696986,167.90441869,41.37890498,-72.51444193,1.29228438,-0.30697427,3.96422049,1.14304210,-3.79576679,-0.00913224,-0.12646915,0.07753247,9.68924568,-0.62337256,-1.00816093,0.25201507,4
117.37908095,31.96131458,41.38383737,-205.31693624,167.80904044,41.37783737,-72.52813324,1.28225695,-0.32707161,3.95993530,1.14128760,-3.79188140,-0.00790939,-0.12853923,0.09672691,9.64787591,-0.79155653,-1.12674791,0.18411665,4
117.37907994,31.96131484,41.38243682,-205.28692528,167.71365505,41.37643682,-72.54167074,1.27231828,-0.34527920,3.96082370,1.14126053,-3.79282370,-0.00669736,-0.07478332,0.06370994,9.65172384,-0.67578983,-0.87109290,0.15841815,4
117.37907893,31.96131510,41.38098440,-205.25693672,167.61826259,41.37498440,-72.55505626,1.26239343,-0.36319234,3.96251819,1.14150260,-3.79451819,-0.00548700,-0.01232941,0.02255814,9.66261696,-0.51578192,-0.55712883,0.13929467,4
117.37907791,31.96131537,41.37953197,-205.22697032,167.52286315,41.37353231,-72.56828645,1.25249819,-0.38105800,3.96421546,1.14174571,-3.79621546,-0.00427976,0.05002362,-0.01849980,9.67367914,-0.35568973,-0.24349440,0.12023247,4
117.37907690,31.96131564,41.37807739,-205.19702581,167.42745681,41.37211609,-72.58134884,1.24585746,-0.39370422,3.96621936,1.14210322,-3.79821936,-0.00341283,0.10129299,-0.04924081,9.70334654,-0.18627483,0.03395963,0.10790848,4
117.37907590,31.96131591,41.37661406,-205.16710290,167.33204368,41.37084505,-72.59422264,1.25239453,-0.38521666,3.96946485,1.14292396,-3.80146485,-0.00392396,0.10768437,-0.03820806,9.80834851,0.02089075,0.16491957,0.12286799,4
117.37907489,31.96131620,41.37514777,-205.13720126,167.23662386,41.36962315,-72.60688536,1.26339167,-0.36957630,3.97313056,1.14390148,-3.80513056,-0.00490148,0.09888667,-0.01303686,9.93884774,0.24083326,0.24629831,0.14706166,4
117.37907389,31.96131648,41.37368271,-205.10732051,167.14119748,41.36840216,-72.61932178,1.27437356,-0.35395276,3.97679704,1.14487868,-3.80879675,-0.00587780,0.09007078,0.01208858,10.06913589,0.46000602,0.32740794,0.17127749,4
117.37907289,31.96131676,41.37235258,-205.07746028,167.04576465,41.36728280,-72.63152863,1.28366063,-0.34020217,3.98054876,1.14582010,-3.81251567,-0.00672082,0.07923630,0.03212325,10.17593766,0.59359275,0.37859648,0.19794792,4
117.37907188,31.96131702,41.37159323,-205.04762019,166.95032550,41.36659323,-72.64351423,1.28577968,-0.33437292,3.98466095,1.14661016,-3.81645756,-0.00700000,0.05986479,0.03062731,10.18340745,0.36520992,0.30323950,0.23499933,4
117.37907086,31.96131727,41.37111649,-205.01779988,166.85488015,41.36611649,-72.65529254,1.28434947,-0.33246595,3.98895161,1.14732527,-3.82050986,-0.00700000,0.03626613,0.01847043,10.14169267,-0.04240316,0.16522314,0.27719085,4
117.37906985,31.96131752,41.37063994,-204.98799901,166.75942870,41.36563994,-72.66687371,1.28290894,-0.33056471,3.99323679,1.14803875,-3.82455729,-0.00700000,0.01269897,0.00631644,10.09982182,-0.44948118,0.02734338,0.31933104,4
117.37906884,31.96131777,41.37018563,-204.95821727,166.66397126,41.36518563,-72.67825887,1.28030630,-0.32930879,3.99690466,1.14856819,-3.82805646,-0.00700000,-0.00732223,-0.00551434,10.04033905,-0.79631410,-0.09516553,0.35569072,4
117.37906783,31.96131805,41.36983981,-204.92845434,166.56850794,41.36483981,-72.68943975,1.27202904,-0.33120392,3.99755824,1.14819902,-3.82887864,-0.00700000,-0.01002904,-0.01576705,9.89485768,-0.84897904,-0.14262120,0.36382511,4
117.37906682,31.96131833,41.36959637,-204.89870985,166.47303886,41.36459637,-72.70040319,1.25839682,-0.33607256,3.99536735,1.14698186,-3.82717461,-0.00700000,0.00360318,-0.02453061,9.66822210,-0.62404749,-0.11925168,0.34532425,4
117.37906581,31.96131861,41.36935340,-204.86898343,166.37756412,41.36435340,-72.71114011,1.24478422,-0.34093512,3.99317980,1.14576576,-3.82547345,-0.00700000,0.01722695,-0.03325138,9.44186293,-0.39908248,-0.09585451,0.32681982,4
117.37906480,31.96131889,41.36916265,-204.83927471,166.28208386,41.36416265,-72.72165118,1.23342168,-0.34509912,3.99137580,1.14467242,-3.82410331,-0.00700000,0.02988074,-0.03706474,9.24720903,-0.17030672,-0.06928894,0.30790811,4
117.37906379,31.96131915,41.36926282,-204.80958332,166.18659820,41.36426282,-72.73194795,1.23459266,-0.34537187,3.99170829,1.14426282,-3.82457687,-0.00700000,0.03713140,-0.01354264,9.22916321,0.07969417,-0.02507482,0.28672796,4
117.37906278,31.96131940,41.36974051,-204.77990892,166.09110724,41.36474051,-72.74204894,1.25202878,-0.34059486,3.99481334,1.14474051,-3.82744309,-0.00700000,0.03737026,0.04545356,9.44030747,0.35723901,0.04204231,0.26260401,4
117.37906176,31.96131965,41.37021801,-204.75025119,165.99561109,41.36521801,-72.75197120,1.26946358,-0.33581572,3.99791815,1.14521815,-3.83030917,-0.00700020,0.03760924,0.10442287,9.65141753,0.63462408,0.10917516,0.23849085,4
117.37906075,31.96131990,41.37067198,-204.72060985,165.90010983,41.36567198,-72.76172410,1.28674809,-0.33078083,4.00099271,1.14568809,-3.83316074,-0.00702417,0.03786418,0.16020333,9.85853861,0.89302247,0.17822502,0.21565775,4
117.37905973,31.96132017,41.37091194,-204.69098463,165.80460357,41.36591194,-72.77130786,1.30266724,-0.32342082,4.00379255,1.14608806,-3.83588061,-0.00726419,0.03826419,0.18699828,10.02940649,0.97883554,0.26470372,0.20445979,4
117.37905872,31.96132044,41.37066963,-204.66137524,165.70909238,41.36566963,-72.78071616,1.31550947,-0.31082089,4.00597330,1.14633037,-3.83830367,-0.00799110,0.03899110,0.14847158,10.11857522,0.67571030,0.39046072,0.21948278,4
117.37905772,31.96132072,41.37042731,-204.63178137,165.61357638,41.36542731,-72.78994358,1.32835097,-0.29822090,4.00815400,1.14657266,-3.84072667,-0.00871803,0.03971631,0.10994527,10.20773668,0.37259218,0.51620816,0.23450506,4
117.37905671,31.96132099,41.37018239,-204.60220274,165.51805565,41.36518239,-72.79899195,1.34106111,-0.28561569,4.01032397,1.14681231,-3.84313760,-0.00944752,0.04014731,0.07150449,10.29560699,0.07082217,0.64026139,0.24939703,4
117.37905570,31.96132126,41.36983158,-204.57263905,165.42253029,41.36483158,-72.80787156,1.34841752,-0.27279997,4.01205614,1.14694386,-3.84505614,-0.01028070,0.02859287,0.03655433,10.33086636,-0.17597907,0.69527682,0.25897893,4
117.37905469,31.96132151,41.36911925,-204.54309002,165.32700038,41.36411925,-72.81659857,1.33749511,-0.25926567,4.01229358,1.14670642,-3.84529358,-0.01146792,-0.02388221,0.01352228,10.18650052,-0.23510258,0.51458207,0.25043096,4
117.37905368,31.96132177,41.36840692,-204.51355542,165.23146601,41.36340692,-72.82518788,1.32657269,-0.24573139,4.01253103,1.14646897,-3.84553103,-0.01265514,-0.07635729,-0.00950976,10.04213471,-0.29422608,0.33388735,0.24188298,4
117.37905266,31.96132202,41.36769564,-204.48403504,165.13592725,41.36269564,-72.83364692,1.31568107,-0.23223504,4.01276304,1.14622971,-3.84576340,-0.01383951,-0.12869210,-0.03244075,9.89795917,-0.35289850,0.15329717,0.23338872,4
117.37905165,31.96132229,41.36710855,-204.45452865,165.04038416,41.36210855,-72.84197409,1.30839101,-0.22317750,4.01235955,1.14577721,-3.84540271,-0.01468959,-0.16462233,-0.04354823,9.77602259,-0.35878477,-0.01510153,0.23117997,4
117.37905064,31.96132256,41.36700000,-204.42503604,164.94483682,41.36200000,-72.85016096,1.31497980,-0.23122526,4.00950707,1.14450302,-3.84275657,-0.01425152,-0.13733633,-0.00909289,9.73978484,-0.16125535,-0.13652030,0.25319295,4
117.37904963,31.96132284,41.36700000,-204.39555696,164.84928530,41.36200000,-72.85819936,1.32471707,-0.24315342,4.00609903,1.14304244,-3.83959195,-0.01352122,-0.09570949,0.03569855,9.72298805,0.08241984,-0.24728174,0.28070074,4
117.37904862,31.96132311,41.36699908,-204.36609116,164.75372969,41.36199908,-72.86608817,1.33442750,-0.25506915,4.00269809,1.14158402,-3.83643414,-0.01279155,-0.05409295,0.08041111,9.70634331,0.32527305,-0.35764601,0.30812338,4
117.37904762,31.96132339,41.36688877,-204.33663839,164.65817006,41.36188877,-72.87383580,1.34094944,-0.26550642,4.00014147,1.14038327,-3.83408378,-0.01213602,-0.01371298,0.11575090,9.70773869,0.47054798,-0.42086224,0.32543654,4
117.37904659,31.96132365,41.36633774,-204.30719843,164.56260649,41.36133774,-72.88145861,1.33462474,-0.26998676,4.00098676,1.14022075,-3.83498676,-0.01177925,0.02168429,0.11332673,9.78181888,0.22267147,-0.29411498,0.30201769,4
117.37904559,31.96132390,41.36561555,-204.27777109,164.46703903,41.36061555,-72.88897385,1.32331026,-0.27215335,4.00315335,1.14046148,-3.83715335,-0.01153852,0.05514623,0.09623466,9.88413056,-0.17790882,-0.09358411,0.26277816,4
117.37904457,31.96132415,41.36489286,-204.24835621,164.37146774,41.35989286,-72.89639207,1.31199496,-0.27430606,4.00531877,1.14070222,-3.83931877,-0.01129874,0.08855071,0.07913450,9.98624254,-0.57778522,0.10672052,0.22358907,4
117.37904355,31.96132442,41.36411149,-204.21895362,164.27589268,41.35911149,-72.90371448,1.30057803,-0.27478759,4.00734277,1.14094328,-3.84134277,-0.01117410,0.11504366,0.06105914,10.06433211,-0.89299028,0.27981404,0.19046679,4
117.37904255,31.96132469,41.36307129,-204.18956317,164.18031389,41.35807129,-72.91093395,1.28871282,-0.26789857,4.00874297,1.14118574,-3.84274297,-0.01155723,0.11105416,0.03868267,10.03647367,-0.83476236,0.33289653,0.18410143,4
117.37904155,31.96132497,41.36185412,-204.16018467,164.08473142,41.35685412,-72.91804139,1.27654112,-0.25597030,4.00971671,1.14142918,-3.84371671,-0.01228753,0.08622390,0.01336554,9.93617886,-0.52121936,0.30392788,0.19602970,4
117.37904055,31.96132525,41.36063715,-204.13081794,163.98914535,41.35563715,-72.92503416,1.26439110,-0.24403784,4.01069325,1.14167317,-3.84469325,-0.01301820,0.06142949,-0.01193784,9.83596363,-0.20786968,0.27516195,0.20796234,4
117.37903954,31.96132553,41.35944479,-204.10146277,163.89355573,41.35444479,-72.93191990,1.25489057,-0.23159601,4.01201172,1.14198548,-3.84601172,-0.01379361,0.04101925,-0.03555714,9.74548164,0.08182393,0.27115626,0.22042725,4
117.37903852,31.96132579,41.35837163,-204.07211902,163.79796262,41.35337163,-72.93871599,1.25821108,-0.21668926,4.01498478,1.14262837,-3.84898478,-0.01478547,0.04182423,-0.05102699,9.70209965,0.25704360,0.38696681,0.23546782,4
117.37903750,31.96132604,41.35741247,-204.04278653,163.70236605,41.35241247,-72.94544356,1.27379743,-0.19942440,4.01954078,1.14358753,-3.85354078,-0.01598442,0.06292574,-0.05870027,9.70377819,0.32274606,0.61740496,0.25297248,4
117.37903649,31.96132629,41.35645319,-204.01346523,163.60676606,41.35145319,-72.95211892,1.28937934,-0.18215597,4.02409383,1.14454590,-3.85809383,-0.01718359,0.08398595,-0.06636239,9.70551841,0.38838458,0.84763738,0.27043778,4
117.37903547,31.96132656,41.35547911,-203.98415503,163.51116267,41.35047911,-72.95874944,1.30441621,-0.16443611,4.02827995,1.14540531,-3.86227995,-0.01841195,0.09989693,-0.07263558,9.71496741,0.44607129,1.05228559,0.28299338,4
117.37903445,31.96132682,41.35441264,-203.95485586,163.41555591,41.34941264,-72.96533360,1.31605423,-0.14390054,4.03017771,1.14564759,-3.86417771,-0.01982229,0.08369561,-0.07024695,9.77249128,0.45416851,1.09738505,0.26493057,4
117.37903345,31.96132710,41.35320111,-203.92556763,163.31994580,41.34820111,-72.97186541,1.32235425,-0.11894275,4.02848155,1.14492066,-3.86248155,-0.02151845,0.01706074,-0.05425458,9.90551872,0.38438362,0.89190732,0.19878031,4
117.37903244,31.96132738,41.35198951,-203.89629026,163.22433237,41.34698951,-72.97834230,1.32865365,-0.09399460,4.02678498,1.14419368,-3.86078504,-0.02321399,-0.04954971,-0.03826456,10.03847466,0.31458443,0.68641380,0.13264442,4
117.37903143,31.96132766,41.35077095,-203.86702366,163.12871566,41.34577095,-72.98476875,1.33486852,-0.07030803,4.02503699,1.14345954,-3.85904455,-0.02482688,-0.11295974,-0.02258650,10.16208777,0.24295934,0.47896409,0.06840531,4
117.37903042,31.96132792,41.34948668,-203.83776775,163.03309568,41.34448668,-72.99115567,1.34028331,-0.05856096,4.02280225,1.14265779,-3.85688780,-0.02565779,-0.14608146,-0.00986117,10.19728380,0.15405788,0.25300920,0.02211783,4
117.37902941,31.96132818,41.34805220,-203.80852247,162.93747246,41.34305220,-72.99751645,1.34386948,-0.07410108,4.01945515,1.14170147,-3.85377978,-0.02470147,-0.10998057,-0.00388420,10.03040685,0.02567261,-0.01523712,0.01685810,4
117.37902839,31.96132843,41.34661774,-203.77928779,162.84184600,41.34161774,-73.00385975,1.34745566,-0.08964118,4.01610805,1.14074516,-3.85067176,-0.02374516,-0.07387970,0.00209277,9.86353001,-0.10271259,-0.28348328,0.01159837,4
117.37902738,31.96132868,41.34518444,-203.75006368,162.74621632,41.34018444,-73.01018561,1.35102608,-0.10515533,4.01276857,1.13979166,-3.84757056,-0.02279044,-0.03776356,0.00803941,9.69694795,-0.23056366,-0.55066274,0.00631003,4
117.37902637,31.96132895,41.34389836,-203.72085013,162.65058342,41.33889836,-73.01648619,1.35262553,-0.11742087,4.01038324,1.13919074,-3.84532263,-0.02203564,0.00027113,0.01019219,9.56723527,-0.29157815,-0.68436541,-0.00256053,4
117.37902536,31.96132922,41.34314181,-203.69164706,162.55494733,41.33814181,-73.02274957,1.34713448,-0.11800000,4.01143031,1.13985819,-3.84614426,-0.02200000,0.04520776,-0.00130316,9.57015647,-0.11215429,-0.33789782,-0.02431781,4
117.37902436,31.96132950,41.34241151,-203.66245442,162.45930806,41.33741151,-73.02896634,1.34129206,-0.11800000,4.01264750,1.14058849,-3.84711798,-0.02200000,0.09048650,-0.01347487,9.57965039,0.07918487,0.03236539,-0.04671374,4
117.37902335,31.96132978,41.34167982,-203.63327211,162.36366565,41.33667982,-73.03513380,1.33549546,-0.11797013,4.01387132,1.14131983,-3.84809839,-0.02200211,0.13567115,-0.02560836,9.58926465,0.27046372,0.40201486,-0.06899782,4
117.37902235,31.96133005,41.34077234,-203.60410006,162.26802011,41.33577234,-73.04125583,1.33550269,-0.11415720,4.01593702,1.14218245,-3.84992140,-0.02227126,0.16892223,-0.03289768,9.61411549,0.45403293,0.69379581,-0.07710436,4
117.37902134,31.96133030,41.33921149,-203.57493819,162.17237147,41.33421149,-73.04733907,1.35708304,-0.09628247,4.02113201,1.14353300,-3.85487651,-0.02353300,0.15781547,-0.02218098,9.69560114,0.60894322,0.69613343,-0.03251242,4
117.37902032,31.96133055,41.33753567,-203.54578645,162.07671975,41.33253567,-73.05338580,1.38245988,-0.07593311,4.02687771,1.14496942,-3.86038280,-0.02496942,0.13890254,-0.00829553,9.78705355,0.75881025,0.64753438,0.02135352,4
117.37901930,31.96133080,41.33585981,-203.51664478,161.98106496,41.33085981,-73.05938960,1.40780198,-0.05559598,4.03261625,1.14640364,-3.86588250,-0.02640476,0.12000827,0.00555331,9.87845886,0.90787433,0.59900457,0.07519996,4
117.37901829,31.96133106,41.33418059,-203.48751309,161.88540714,41.32918059,-73.06533549,1.42868440,-0.03682890,4.03743556,1.14755435,-3.87053407,-0.02769978,0.10351033,0.01470456,9.96381900,0.95388716,0.55936266,0.12654137,4
117.37901728,31.96133133,41.33248784,-203.45839127,161.78974632,41.32748784,-73.07120371,1.43167954,-0.02435906,4.03856796,1.14756796,-3.87178397,-0.02843204,0.09662375,0.00501428,10.02493284,0.58657141,0.55536911,0.16783554,4
117.37901627,31.96133160,41.33078916,-203.42927918,161.69408254,41.32578916,-73.07697705,1.42682616,-0.01465233,4.03808262,1.14708262,-3.87154131,-0.02891738,0.09395440,-0.01294320,10.07540791,0.03789759,0.56701721,0.20472118,4
117.37901526,31.96133188,41.32909138,-203.40017665,161.59841585,41.32409138,-73.08264688,1.42196002,-0.00493127,4.03759706,1.14659729,-3.87129819,-0.02940406,0.09124708,-0.03082505,10.12567229,-0.51011313,0.57879983,0.24150430,4
117.37901425,31.96133215,41.32751192,-203.37108349,161.50274631,41.32251192,-73.08821377,1.41543233,0.00665181,4.03708268,1.14611235,-3.87099684,-0.03006567,0.08360362,-0.03887352,10.14854335,-0.97195843,0.60807618,0.26496086,4
117.37901324,31.96133241,41.32644378,-203.34199954,161.40707398,41.32144378,-73.09368393,1.40172364,0.02628236,4.03644378,1.14562918,-3.87044378,-0.03148326,0.05462668,-0.00442327,10.05302346,-1.06140627,0.71295855,0.23082158,4
117.37901222,31.96133265,41.32572081,-203.31292465,161.31139888,41.32072081,-73.09906182,1.38316725,0.05134554,4.03572081,1.14514720,-3.86972081,-0.03341119,0.01124811,0.05871664,9.87758125,-0.89945962,0.86888040,0.15780099,4
117.37901120,31.96133289,41.32499831,-203.28385867,161.21572109,41.31999831,-73.10434363,1.36461134,0.07639652,4.03499438,1.14466457,-3.86899455,-0.03533818,-0.03211076,0.12179552,9.70232277,-0.73767834,1.02438555,0.08481388,4
117.37901018,31.96133314,41.32433982,-203.25480142,161.12004064,41.31933982,-73.10951667,1.34612147,0.09983340,4.03381358,1.14409499,-3.86783551,-0.03713766,-0.07286040,0.17680041,9.55136641,-0.59777317,1.12480847,0.01626108,4
117.37900917,31.96133340,41.32400000,-203.22575271,161.02435759,41.31900000,-73.11456289,1.32796044,0.11523435,4.03037055,1.14309264,-3.86452179,-0.03830245,-0.10061992,0.19160892,9.52139809,-0.56677816,0.95100554,-0.03021533,4
117.37900816,31.96133367,41.32400000,-203.19671231,160.92867202,41.31900000,-73.11946618,1.31015011,0.12206571,4.02451511,1.14162878,-3.85891030,-0.03879041,-0.11452663,0.16355154,9.62045280,-0.65192617,0.48476527,-0.05314917,4
117.37900715,31.96133394,41.32400000,-203.16767998,160.83298400,41.31900000,-73.12422032,1.29233351,0.12888253,4.01866100,1.14016541,-3.85330005,-0.03927727,-0.12840848,0.13548901,9.71948075,-0.73713027,0.01878927,-0.07608686,4
117.37900614,31.96133421,41.32400000,-203.13865546,160.73729360,41.31900000,-73.12883134,1.27367306,0.13374550,4.01298670,1.13876732,-3.84785331,-0.03961760,-0.13895220,0.10673049,9.81491483,-0.82987404,-0.41167754,-0.09954222,4
117.37900513,31.96133448,41.32400000,-203.10963853,160.64160090,41.31900000,-73.13331470,1.25014042,0.12732735,4.00835060,1.13774625,-3.84335060,-0.03911187,-0.13022225,0.07395349,9.88959905,-0.96615068,-0.63712394,-0.12598645,4
117.37900412,31.96133472,41.32400000,-203.08062898,160.54590596,41.31900000,-73.13768842,1.21970525,0.10492707,4.00518535,1.13725929,-3.84018535,-0.03740750,-0.09418702,0.03548344,9.93488659,-1.16410105,-0.57211441,-0.15666510,4
117.37900311,31.96133498,41.32399992,-203.05162666,160.45020883,41.31899992,-73.14196469,1.18927395,0.08253158,4.00202102,1.13677263,-3.83702102,-0.03570359,-0.05816050,-0.00298050,9.98007350,-1.36181985,-0.50711672,-0.18734182,4
117.37900209,31.96133524,41.32398921,-203.02263139,160.35450955,41.31898921,-73.14614670,1.15935939,0.06078436,3.99898274,1.13632827,-3.83398274,-0.03406265,-0.02331791,-0.04062329,10.01141651,-1.52773523,-0.44371405,-0.21776775,4
117.37900108,31.96133550,41.32389805,-202.99364304,160.25880817,41.31889805,-73.15023002,1.13335371,0.04394149,3.99689805,1.13620390,-3.83189805,-0.03289805,0.00256826,-0.07205410,9.93801929,-1.45303417,-0.39237764,-0.24629700,4
117.37900007,31.96133577,41.32365179,-202.96466141,160.16310476,41.31865179,-73.15420714,1.11488383,0.03655354,3.99665179,1.13669643,-3.83165179,-0.03265179,0.01118754,-0.09150903,9.66269496,-0.91445248,-0.36430342,-0.27116977,4
117.37899906,31.96133605,41.32340588,-202.93568634,160.06739935,41.31840588,-73.15807367,1.09642849,0.02916326,3.99640638,1.13718917,-3.83140628,-0.03240522,0.01981257,-0.11093938,9.38748171,-0.37589494,-0.33625052,-0.29602608,4
117.37899805,31.96133633,41.32321026,-202.90671763,159.97169201,41.31821026,-73.16183096,1.08004760,0.02144790,3.99628292,1.13771025,-3.83126838,-0.03211581,0.02924912,-0.12686901,9.12818155,0.15894900,-0.31123786,-0.31853183,4
117.37899704,31.96133659,41.32351141,-202.87775511,159.87598280,41.31851141,-73.16548406,1.08415528,0.01052206,3.99736377,1.13851141,-3.83219331,-0.03140335,0.04670018,-0.10822369,9.02605494,0.65709458,-0.31625270,-0.31782189,4
117.37899603,31.96133685,41.32495879,-202.84879860,159.78027177,41.31995879,-73.16903692,1.13553705,-0.00781135,4.00122344,1.13995879,-3.83557050,-0.02971474,0.08264329,-0.00980226,9.28658224,1.07056107,-0.39055123,-0.26354537,4
117.37899501,31.96133710,41.32640616,-202.81984795,159.68455896,41.32140616,-73.17248737,1.18691887,-0.02614476,4.00508311,1.14140616,-3.83894772,-0.02802615,0.11858643,0.08861923,9.54710974,1.48402787,-0.46484981,-0.20926880,4
117.37899400,31.96133734,41.32785161,-202.79090297,159.58884442,41.32285161,-73.17582499,1.23824825,-0.04442534,4.00894555,1.14285395,-3.84232809,-0.02634220,0.15445434,0.18681604,9.80726707,1.89579198,-0.53827337,-0.15498806,4
117.37899299,31.96133760,41.32903232,-202.76196346,159.49312823,41.32403232,-73.17903371,1.28239899,-0.05546699,4.01318935,1.14435784,-3.84614241,-0.02529686,0.18001396,0.25423131,10.01672566,2.07425732,-0.49178469,-0.10012703,4
117.37899198,31.96133788,41.32929381,-202.73302920,159.39741046,41.32429381,-73.18209690,1.30162261,-0.04137199,4.01875740,1.14605660,-3.85146360,-0.02646901,0.16977899,0.21476018,10.05013742,1.44261019,-0.02890910,-0.04325076,4
117.37899097,31.96133815,41.32953703,-202.70409992,159.30169117,41.32453703,-73.18500303,1.32035146,-0.02677809,4.02435174,1.14775922,-3.85681470,-0.02768516,0.15883357,0.17316755,10.08005492,0.79488407,0.44223078,0.01366546,4
117.37898997,31.96133843,41.32978092,-202.67517537,159.20597045,41.32478092,-73.18774887,1.33905463,-0.01216195,4.02994488,1.14946079,-3.86216495,-0.02890295,0.14784841,0.13163509,10.10965978,0.14828195,0.91252338,0.07051435,4
117.37898895,31.96133870,41.33011641,-202.64625527,159.11024838,41.32511641,-73.19033763,1.35419000,0.00553844,4.03537221,1.15101509,-3.86739694,-0.03034683,0.13134984,0.09846383,10.09584942,-0.34213113,1.26508316,0.11800134,4
117.37898793,31.96133894,41.33078065,-202.61733937,159.01452504,41.32578065,-73.19277456,1.35652043,0.03430805,4.04020438,1.15204088,-3.87220438,-0.03260220,0.09506383,0.09530109,9.92622244,-0.27198014,1.19509878,0.13188833,4
117.37898690,31.96133917,41.33149255,-202.58842741,158.91880051,41.32649255,-73.19506129,1.35699503,0.06468202,4.04495031,1.15299006,-3.87695031,-0.03497516,0.05590990,0.09648758,9.73401225,-0.12058496,1.06387379,0.14090560,4
117.37898588,31.96133941,41.33220419,-202.55951914,158.82307486,41.32720419,-73.19719205,1.35747801,0.09505073,4.04969000,1.15393749,-3.88169025,-0.03734716,0.01679503,0.09769970,9.54211582,0.03071784,0.93293536,0.14991620,4
117.37898487,31.96133965,41.33288204,-202.53061430,158.72734818,41.32788204,-73.19915517,1.35914202,0.12468021,4.05354889,1.15463726,-3.88558516,-0.03958264,-0.01681410,0.10252582,9.39445316,0.16899237,0.84239337,0.15798619,4
117.37898386,31.96133990,41.33342655,-202.50171259,158.63162055,41.32842655,-73.20093710,1.36546464,0.15139391,4.05393363,1.15436018,-3.88614690,-0.04127966,-0.02870621,0.12160718,9.42126768,0.25587813,0.91119260,0.16234603,4
117.37898285,31.96134016,41.33390992,-202.47281371,158.53589206,41.32890992,-73.20252843,1.37392351,0.17677051,4.05272521,1.15363513,-3.88518017,-0.04272974,-0.03063965,0.14722546,9.52809108,0.31919879,1.05305987,0.16500453,4
117.37898184,31.96134043,41.33439268,-202.44391732,158.44016282,41.32939268,-73.20392906,1.38237524,0.20215034,4.05151600,1.15290988,-3.88421246,-0.04418023,-0.03258921,0.17279334,9.63495186,0.38223169,1.19474983,0.16765131,4
117.37898083,31.96134069,41.33479032,-202.41502311,158.34443293,41.32979032,-73.20514846,1.38980648,0.22799555,4.05019254,1.15215590,-3.88310213,-0.04568820,-0.03684337,0.19114726,9.74717470,0.40407739,1.31106993,0.16862108,4
117.37897981,31.96134095,41.33481938,-202.38613080,158.24870246,41.32981938,-73.20620224,1.39281938,0.25585554,4.04837438,1.15127750,-3.88137438,-0.04744499,-0.05107556,0.17826761,9.88261265,0.24759901,1.31754836,0.16233004,4
117.37897879,31.96134121,41.33457686,-202.35724011,158.15297150,41.32957686,-73.20710648,1.39257686,0.28520002,4.04619173,1.15030744,-3.87919173,-0.04938512,-0.07265952,0.14237519,10.03515546,-0.04026794,1.24309583,0.15068925,4
117.37897777,31.96134146,41.33433404,-202.32835082,158.05724012,41.32933404,-73.20787187,1.39231155,0.31452840,4.04400514,1.14933630,-3.87700544,-0.05132421,-0.09426250,0.10648915,10.18751849,-0.32813497,1.16838429,0.13903766,4
117.37897676,31.96134171,41.33404702,-202.29946270,157.96150839,41.32904702,-73.20850237,1.38872685,0.34151107,4.04124495,1.14821038,-3.87428952,-0.05311131,-0.11863389,0.07153574,10.31369500,-0.61599323,1.05596960,0.12581421,4
117.37897574,31.96134197,41.33354308,-202.27057551,157.86577638,41.32854308,-73.20899758,1.36884933,0.35697999,4.03566925,1.14632463,-3.86897387,-0.05415231,-0.15659370,0.04116007,10.31133732,-0.90380839,0.75849219,0.10487547,4
117.37897474,31.96134224,41.33280772,-202.24168904,157.77004415,41.32780772,-73.20935751,1.33159129,0.36016654,4.02709010,1.14362832,-3.86088495,-0.05439742,-0.20904910,0.01566772,10.17186477,-1.19157778,0.26359749,0.07570635,4
117.37897374,31.96134251,41.33207320,-202.21280306,157.67431178,41.32707320,-73.20958849,1.29434648,0.36333106,4.01851116,1.14093237,-3.85279613,-0.05464112,-0.26146129,-0.00982600,10.03238674,-1.47884508,-0.23114463,0.04651558,4
117.37897272,31.96134279,41.33146200,-202.18391736,157.57857932,41.32646200,-73.20970441,1.25907129,0.36323375,4.00996624,1.13828892,-3.84472377,-0.05467324,-0.30746232,-0.03551739,9.89213023,-1.69168568,-0.70317538,0.01412884,4
117.37897170,31.96134305,41.33153219,-202.15503177,157.48284684,41.32653219,-73.20972410,1.23467804,0.34511560,4.00160939,1.13593561,-3.83674244,-0.05353647,-0.31804267,-0.06230061,9.74757410,-1.49333408,-1.04972651,-0.03591465,4
117.37897069,31.96134331,41.33251463,-202.12614614,157.38711436,41.32751463,-73.20966638,1.22485371,0.30287097,3.99350431,1.13397075,-3.82888297,-0.05083477,-0.28120142,-0.09054558,9.59726181,-0.74447426,-1.22828378,-0.10959715,4
117.37896967,31.96134357,41.33349724,-202.09726035,157.29138194,41.32849724,-73.20954400,1.21505136,0.26063110,3.98540241,1.13200697,-3.82102650,-0.04813326,-0.24435077,-0.11875358,9.44706375,0.00419775,-1.40670519,-0.18326519,4
117.37896866,31.96134383,41.33450749,-202.06837431,157.19564959,41.32950749,-73.20936128,1.20856695,0.21911000,3.97777906,1.13020743,-3.81362119,-0.04545865,-0.20607987,-0.14138371,9.31410769,0.72453750,-1.56462517,-0.25475277,4
117.37896765,31.96134409,41.33569535,-202.03948791,157.09991734,41.33069535,-73.20911637,1.22340994,0.18220899,3.97323178,1.12946356,-3.80911588,-0.04295699,-0.15867962,-0.12815989,9.29198134,1.26276174,-1.59076409,-0.31222471,4
117.37896665,31.96134437,41.33717422,-202.01060106,157.00418524,41.33217422,-73.20880529,1.27319849,0.15287811,3.97372474,1.13044948,-3.80936237,-0.04073868,-0.09632070,-0.05618833,9.45145259,1.50258481,-1.40097606,-0.34673163,4
117.37896564,31.96134465,41.33865267,-201.98171362,156.90845331,41.33365267,-73.20842715,1.32298277,0.12355256,3.97422042,1.13143604,-3.80961151,-0.03852079,-0.03396640,0.01576654,9.61088886,1.74222051,-1.21116021,-0.38120843,4
117.37896464,31.96134493,41.34006801,-201.95282550,156.81272159,41.33506801,-73.20798665,1.37210555,0.09504909,3.97513519,1.13252383,-3.81026979,-0.03636688,0.02767091,0.08514057,9.76492030,1.95294856,-1.01707022,-0.41103909,4
117.37896363,31.96134520,41.34100000,-201.92393659,156.71699011,41.33600000,-73.20749159,1.41616322,0.07284017,3.97925886,1.13438661,-3.81406078,-0.03470287,0.08381826,0.13475409,9.87756896,1.94234466,-0.79025641,-0.40529651,4
117.37896261,31.96134546,41.34100000,-201.89504681,156.62125888,41.33600000,-73.20694916,1.45045405,0.06276874,3.98957010,1.13774375,-3.82389243,-0.03398348,0.12937952,0.14626430,9.91042102,1.50495663,-0.50034296,-0.33095973,4
117.37896160,31.96134571,41.34099998,-201.86615609,156.52552794,41.33599998,-73.20636066,1.48474441,0.05269786,3.99988128,1.14110088,-3.83372401,-0.03326413,0.17493935,0.15777436,9.94327015,1.06757584,-0.21043048,-0.25662371,4
117.37896058,31.96134596,41.34099620,-201.83726435,156.42979730,41.33599620,-73.20571925,1.51891136,0.04276421,4.01017955,1.14445339,-3.84354269,-0.03255513,0.22014345,0.16924421,9.97539591,0.63204263,0.07919770,-0.18248539,4
117.37895957,31.96134622,41.34076554,-201.80837148,156.33406701,41.33576554,-73.20501222,1.54564474,0.04109577,4.01969977,1.14752752,-3.85258255,-0.03246891,0.24392212,0.17829307,9.96395651,0.30779197,0.35169318,-0.12025592,4
117.37895856,31.96134650,41.33980003,-201.77947737,156.23833708,41.33480003,-73.20422471,1.54829992,0.06619925,4.02669979,1.14969994,-3.85909981,-0.03439994,0.19830136,0.17949996,9.81140456,0.34399892,0.56869352,-0.09660070,4
117.37895755,31.96134677,41.33883451,-201.75058187,156.14260757,41.33383451,-73.20334444,1.55095510,0.09130273,4.03369980,1.15187236,-3.86561705,-0.03633098,0.15268061,0.18070687,9.65885263,0.38020586,0.78569380,-0.07294550,4
117.37895655,31.96134705,41.33786900,-201.72168482,156.04687852,41.33286900,-73.20236474,1.55361772,0.11640235,4.04068983,1.15404165,-3.87212525,-0.03826108,0.10705356,0.18196660,9.50690420,0.41613723,1.00213473,-0.04929695,4
117.37895553,31.96134732,41.33690418,-201.69278604,155.95114999,41.33190418,-73.20128336,1.55743033,0.14090788,4.04613892,1.15572942,-3.87723687,-0.04004578,0.06045159,0.19138478,9.44813043,0.40951788,1.13221779,-0.02667342,4
117.37895452,31.96134755,41.33594181,-201.66388537,155.85542202,41.33094181,-73.20009909,1.56525920,0.16333848,4.04620635,1.15573546,-3.87747089,-0.04132274,0.01044475,0.22929604,9.71476524,0.25429211,0.96069975,-0.00762975,4
117.37895350,31.96134779,41.33497979,-201.63498264,155.75969468,41.32997979,-73.19880801,1.57367687,0.18546491,4.04548484,1.15549494,-3.87698990,-0.04252526,-0.04006120,0.27138434,10.02910471,0.07728074,0.74496715,0.01088910,4
117.37895248,31.96134802,41.33401776,-201.60607765,155.66396801,41.32901776,-73.19740082,1.58202859,0.20757789,4.04476051,1.15525341,-3.87650581,-0.04372730,-0.09052558,0.31335976,10.34308191,-0.10048966,0.52957639,0.02938886,4
117.37895146,31.96134827,41.33305324,-201.57717021,155.56824207,41.32805324,-73.19586413,1.58003889,0.22758718,4.04359418,1.15485122,-3.87554035,-0.04485240,-0.13447799,0.33763822,10.60029102,-0.39735087,0.36776649,0.04489537,4
117.37895044,31.96134852,41.33207949,-201.54826009,155.47251694,41.32707949,-73.19418344,1.53945141,0.23974485,4.04077821,1.15384936,-3.87277821,-0.04569038,-0.15412562,0.29586555,10.64562315,-1.13870226,0.40593819,0.04923012,4
117.37894943,31.96134877,41.33110235,-201.51934703,155.37679269,41.32610235,-73.19234714,1.48473165,0.24902767,4.03735823,1.15262794,-3.86935823,-0.04642324,-0.16487414,0.22990869,10.61337758,-2.04279975,0.51733198,0.04947441,4
117.37894841,31.96134904,41.33012565,-201.49043077,155.28106941,41.32512565,-73.19035058,1.42998152,0.25830979,4.03393629,1.15140652,-3.86593650,-0.04715630,-0.17561716,0.16398483,10.58078452,-2.94569845,0.62844109,0.04966411,4
117.37894740,31.96134930,41.32921868,-201.46151103,155.18534717,41.32421868,-73.18819553,1.37036723,0.26748627,4.03020165,1.15018526,-3.86223688,-0.04792407,-0.18548880,0.10328953,10.49279864,-3.65795921,0.69422902,0.04115446,4
117.37894639,31.96134956,41.32858586,-201.43258757,155.08962605,41.32358586,-73.18588768,1.29162741,0.27624736,4.02523745,1.14896466,-3.85744451,-0.04882827,-0.19193428,0.06315190,10.18701553,-3.62066215,0.58182084,-0.00155982,4
117.37894537,31.96134981,41.32809775,-201.40366012,154.99390612,41.32309775,-73.18343264,1.20279218,0.28478921,4.01962423,1.14774440,-3.85207535,-0.04980448,-0.19657129,0.03386556,9.76626842,-3.18771241,0.37535214,-0.06232897,4
117.37894435,31.96135007,41.32761129,-201.37472845,154.89818747,41.32261129,-73.18083152,1.11401159,0.29331233,4.01401317,1.14652486,-3.84670817,-0.05077887,-0.20117622,0.00462320,9.34596774,-2.75463972,0.16890690,-0.12309149,4
117.37894334,31.96135032,41.32739041,-201.34579231,154.80247017,41.32239041,-73.17808051,1.03409066,0.29879815,4.00875267,1.14542264,-3.84166216,-0.05145849,-0.20058410,-0.01748964,8.99802280,-2.30166643,-0.03372707,-0.18277479,4
117.37894233,31.96135059,41.32829060,-201.31685144,154.70675429,41.32329060,-73.17517317,0.99156896,0.29146273,4.00497192,1.14481563,-3.83797192,-0.05089377,-0.17805365,-0.00950666,8.95551317,-1.76468627,-0.22027262,-0.23790242,4
117.37894132,31.96135086,41.33000915,-201.28790559,154.61103992,41.32500915,-73.17210374,0.97634749,0.27476822,4.00227133,1.14457012,-3.83527133,-0.04942073,-0.13950897,0.02044526,9.13596121,-1.16638438,-0.39507400,-0.28970451,4
117.37894032,31.96135114,41.33172797,-201.25895446,154.51532714,41.32672797,-73.16887148,0.96114239,0.25807628,3.99957665,1.14432656,-3.83257620,-0.04794801,-0.10097541,0.05037303,9.31640095,-0.56852602,-0.56966332,-0.34148920,4
117.37893931,31.96135141,41.33349121,-201.22999781,154.41961602,41.32849121,-73.16548132,0.94862677,0.24180395,3.99785394,1.14440509,-3.83077888,-0.04652903,-0.06426017,0.07633225,9.49554700,-0.04351025,-0.70938133,-0.39042804,4
117.37893830,31.96135168,41.33545538,-201.20103535,154.32390666,41.33045538,-73.16194071,0.94827687,0.22742946,4.00052783,1.14594050,-3.83304271,-0.04535316,-0.03576967,0.08434021,9.66884254,0.15201011,-0.69136186,-0.42649423,4
117.37893729,31.96135194,41.33760265,-201.17206687,154.22819912,41.33260265,-73.15825554,0.95901323,0.21478442,4.00720824,1.14880353,-3.83900735,-0.04439882,-0.01477414,0.07598971,9.83680694,0.04727095,-0.52960070,-0.45082999,4
117.37893628,31.96135220,41.33974933,-201.14309210,154.13249348,41.33474933,-73.15442525,0.96974481,0.20214185,4.01388715,1.15166607,-3.84497067,-0.04344473,0.00621042,0.06766157,10.00465069,-0.05746223,-0.36793424,-0.47514329,4
117.37893527,31.96135246,41.34179715,-201.11411082,154.03678981,41.33679715,-73.15044115,0.97966626,0.18992043,4.02031269,1.15444461,-3.85070879,-0.04253299,0.02533034,0.06311655,10.15205122,-0.16115408,-0.22232342,-0.49565674,4
117.37893426,31.96135273,41.34323502,-201.08512274,153.94108820,41.33823502,-73.14628862,0.98458990,0.18029732,4.02517508,1.15670505,-3.85505758,-0.04188250,0.03294715,0.08190936,10.17333656,-0.25842044,-0.17576116,-0.49272866,4
117.37893325,31.96135301,41.34371818,-201.05612759,153.84538873,41.33871818,-73.14195016,0.98169099,0.17474106,4.02759085,1.15815451,-3.85723175,-0.04164091,0.02255938,0.13723032,9.99722751,-0.34562946,-0.28422887,-0.45311016,4
117.37893224,31.96135329,41.34420154,-201.02712502,153.74969150,41.33920154,-73.13740928,0.97879255,0.16918414,4.03000696,1.15960403,-3.85940630,-0.04139927,0.01217556,0.19253314,9.82114532,-0.43277270,-0.39266558,-0.41349464,4
117.37893124,31.96135357,41.34472327,-200.99811469,153.65399663,41.33972327,-73.13265302,0.97597895,0.16350744,4.03248633,1.16106579,-3.86164420,-0.04114486,0.00249054,0.24464271,9.64978047,-0.50831270,-0.49564250,-0.37439758,4
117.37893022,31.96135384,41.34565990,-200.96909624,153.55830422,41.34065990,-73.12767018,0.97408249,0.15653551,4.03564976,1.16265990,-3.86456727,-0.04075254,0.00036171,0.26222321,9.52942259,-0.45838246,-0.53958228,-0.34090605,4
117.37892921,31.96135410,41.34756200,-200.94006926,153.46261440,41.34256200,-73.12244940,0.97432025,0.14654951,4.04040499,1.16456200,-3.86908474,-0.04003925,0.01581623,0.19945411,9.52775826,-0.11648107,-0.44614190,-0.32045854,4
117.37892820,31.96135434,41.34946409,-200.91103337,153.36692728,41.34446409,-73.11697726,0.97455801,0.13656354,4.04516022,1.16646409,-3.87360221,-0.03932597,0.03127071,0.13668508,9.52609393,0.22541989,-0.35270166,-0.30001106,4
117.37892718,31.96135459,41.35136502,-200.88198812,153.27124301,41.34636502,-73.11123654,0.97483455,0.12659223,4.04991047,1.16836472,-3.87811470,-0.03861356,0.04668485,0.07402686,9.52466105,0.56698067,-0.25931024,-0.27963346,4
117.37892617,31.96135485,41.35306686,-200.85293306,153.17556172,41.34806686,-73.10520852,0.98178977,0.11914447,4.05380619,1.17001529,-3.88177205,-0.03805228,0.05515428,0.03042792,9.56308847,0.85007105,-0.17429695,-0.27128569,4
117.37892516,31.96135511,41.35409818,-200.82386768,153.07988357,41.34909818,-73.09887551,1.01123985,0.12019636,4.05482364,1.17082364,-3.88254909,-0.03800000,0.04023280,0.05102350,9.73577187,0.93622515,-0.11750207,-0.30345619,4
117.37892415,31.96135538,41.35506062,-200.79479147,152.98420872,41.35006062,-73.09222343,1.04300020,0.12212122,4.05554547,1.17154547,-3.88303031,-0.03800000,0.02290899,0.07821229,9.92224359,1.00215192,-0.06360573,-0.33978810,4
117.37892314,31.96135565,41.35602136,-200.76570388,152.88853733,41.35102136,-73.08524392,1.07472328,0.12404464,4.05626848,1.17226752,-3.88351272,-0.03800000,0.00564194,0.10537296,10.10846634,1.06739508,-0.00968574,-0.37603833,4
117.37892212,31.96135591,41.35668682,-200.73660437,152.79286959,41.35168682,-73.07793344,1.09993899,0.12571379,4.05720092,1.17303084,-3.88420481,-0.03800000,-0.00168593,0.12762853,10.25119324,1.01284546,0.04842307,-0.39799942,4
117.37892110,31.96135617,41.35629334,-200.70749237,152.69720565,41.35129334,-73.07029128,1.10181784,0.12647111,4.05888442,1.17394220,-3.88564886,-0.03800000,0.02663064,0.13229334,10.23793408,0.52868744,0.12155462,-0.36871610,4
117.37892008,31.96135641,41.35557586,-200.67836735,152.60154570,41.35057586,-73.06231686,1.09655625,0.12694944,4.06079772,1.17489887,-3.88732301,-0.03800000,0.06585345,0.13157586,10.17694738,-0.08691941,0.19928275,-0.32375336,4
117.37891906,31.96135666,41.35485853,-200.64922873,152.50588990,41.34985853,-73.05400779,1.09127607,0.12744486,4.06271249,1.17585606,-3.88899843,-0.03800144,0.10502711,0.13085169,10.11589538,-0.70191297,0.27710059,-0.27884048,4
117.37891805,31.96135690,41.35417275,-200.62007597,152.41023842,41.34917275,-73.04536106,1.08267723,0.13099727,4.06488636,1.17691064,-3.89090056,-0.03826027,0.13542040,0.12893645,10.04317361,-1.20736126,0.37094676,-0.24283148,4
117.37891703,31.96135716,41.35361300,-200.59090850,152.31459145,41.34861300,-73.03637496,1.06081220,0.14676973,4.06809604,1.17835452,-3.89370904,-0.03954802,0.13071473,0.12225991,9.92380251,-1.27490994,0.52886549,-0.24241522,4
117.37891601,31.96135742,41.35313144,-200.56172574,152.21894916,41.34813144,-73.02705193,1.03071523,0.17012499,4.07194845,1.18003995,-3.89707990,-0.04147422,0.10422940,0.11262888,9.77548462,-1.07073209,0.72654241,-0.26408503,4
117.37891501,31.96135769,41.35264977,-200.53252715,152.12331173,41.34764977,-73.01740117,1.00063832,0.19347224,4.07579789,1.18172447,-3.90044804,-0.04339965,0.07772293,0.10298757,9.62727640,-0.86641957,0.92383825,-0.28573307,4
117.37891399,31.96135795,41.35214535,-200.50331219,152.02767931,41.34714535,-73.00743852,0.97420553,0.21537227,4.07910728,1.18324404,-3.90332327,-0.04518315,0.04735722,0.09147075,9.49898645,-0.63748909,1.05178559,-0.30342052,4
117.37891299,31.96135822,41.35153564,-200.47408036,151.93205208,41.34653564,-72.99718430,0.96464357,0.23057228,4.07991650,1.18400000,-3.90391650,-0.04630957,-0.00087559,0.07127095,9.46291024,-0.29458573,0.85867549,-0.30277194,4
117.37891197,31.96135847,41.35082170,-200.44483119,151.83643017,41.34582170,-72.98666027,0.97178297,0.23913956,4.07825064,1.18400000,-3.90225064,-0.04678554,-0.06679611,0.04247534,9.51812165,0.16114640,0.34773195,-0.28397150,4
117.37891095,31.96135873,41.35010782,-200.41556424,151.74081372,41.34510782,-72.97588662,0.97893103,0.24769603,4.07658406,1.18399980,-3.90058406,-0.04726072,-0.13268499,0.01369100,9.57337222,0.61671708,-0.16306454,-0.26518827,4
117.37890994,31.96135898,41.34940560,-200.38627912,151.64520286,41.34440560,-72.96488134,0.98769496,0.25422151,4.07478198,1.18396301,-3.89878198,-0.04758985,-0.19260901,-0.01296789,9.63592399,1.04179054,-0.64602881,-0.24963611,4
117.37890893,31.96135925,41.34878338,-200.35697546,151.54959771,41.34378338,-72.95366163,1.00754576,0.24681176,4.07205047,1.18367508,-3.89605047,-0.04691693,-0.21160565,-0.02504310,9.74857004,1.25760770,-0.93802101,-0.25625344,4
117.37890792,31.96135951,41.34830030,-200.32765290,151.45399837,41.34330030,-72.94224560,1.04667581,0.21516956,4.06770269,1.18295045,-3.89170269,-0.04450149,-0.15943225,-0.01175821,9.94832652,1.10954153,-0.89792478,-0.30142208,4
117.37890692,31.96135979,41.34781713,-200.29831116,151.35840494,41.34281713,-72.93065444,1.08580276,0.18352939,4.06335548,1.18222603,-3.88735546,-0.04208623,-0.10726292,0.00152223,10.14804212,0.96147713,-0.85782246,-0.34659009,4
117.37890591,31.96136006,41.34731745,-200.26894994,151.26281751,41.34231745,-72.91891224,1.12432623,0.15228214,4.05912207,1.18154348,-3.88311786,-0.03970503,-0.05588433,0.01391977,10.33967443,0.81371238,-0.81648714,-0.39164838,4
117.37890490,31.96136033,41.34656092,-200.23956903,151.16723616,41.34156092,-72.90704236,1.15346361,0.12714597,4.05665862,1.18151226,-3.88058544,-0.03785365,-0.01680459,0.01258388,10.40557487,0.67060449,-0.75597117,-0.43500157,4
117.37890389,31.96136059,41.34513693,-200.21016822,151.07166094,41.34013693,-72.89506383,1.15821024,0.11789004,4.05879461,1.18317359,-3.88248409,-0.03737897,-0.00968464,-0.02443987,10.14474734,0.53959739,-0.64561193,-0.47392396,4
117.37890287,31.96136085,41.34371293,-200.18074735,150.97609191,41.33871293,-72.88298805,1.16295691,0.10863404,4.06093060,1.18483492,-3.88438276,-0.03690431,-0.00256464,-0.06146384,9.88391824,0.40858952,-0.53525203,-0.51284660,4
117.37890186,31.96136111,41.34228993,-200.15130627,150.88052912,41.33728993,-72.87081764,1.16770855,0.09936601,4.06306536,1.18649577,-3.88627992,-0.03642860,0.00458022,-0.09837293,9.62342108,0.27776355,-0.42521924,-0.55167886,4
117.37890085,31.96136138,41.34105839,-200.12184481,150.78497263,41.33605839,-72.85854957,1.17339881,0.08783124,4.06496169,1.18806329,-3.88788928,-0.03575662,0.01642476,-0.11347943,9.42614796,0.18157166,-0.37727987,-0.57334621,4
117.37889984,31.96136165,41.34047383,-200.09236282,150.68942248,41.33547383,-72.84617855,1.18226045,0.06863747,4.06605235,1.18931545,-3.88852617,-0.03442148,0.04414915,-0.05491507,9.44251168,0.20240960,-0.53915405,-0.53701318,4
117.37889884,31.96136194,41.33999324,-200.06286010,150.59387875,41.33499324,-72.83370055,1.19163183,0.04821268,4.06701352,1.19051691,-3.88900676,-0.03297972,0.07442591,0.01549042,9.49321324,0.24205774,-0.73475155,-0.49135774,4
117.37889783,31.96136222,41.33951225,-200.03333650,150.49834147,41.33451225,-72.82111549,1.20099349,0.02779931,4.06797838,1.19171917,-3.88949104,-0.03153860,0.10469982,0.08577790,9.54400721,0.28160450,-0.92981008,-0.44572725,4
117.37889682,31.96136249,41.33895272,-200.00379182,150.40281072,41.33395272,-72.80842665,1.20849234,0.00957373,4.06965286,1.19307832,-3.89068534,-0.03021708,0.13443536,0.13343093,9.61255884,0.30169996,-1.02145727,-0.40487105,4
117.37889581,31.96136275,41.33810752,-199.97422591,150.30728654,41.33310752,-72.79563946,1.20921503,-0.00069363,4.07390866,1.19500809,-3.89446242,-0.02933063,0.16221268,0.09874922,9.74570615,0.25103941,-0.73693583,-0.38138153,4
117.37889480,31.96136301,41.33715121,-199.94463860,150.21176900,41.33215121,-72.78276004,1.20730241,-0.00786597,4.07916838,1.19715979,-3.89924397,-0.02861340,0.18922848,0.03204650,9.90397570,0.17286094,-0.30611749,-0.36464608,4
117.37889378,31.96136326,41.33619444,-199.91502975,150.11625813,41.33119444,-72.76979372,1.20539472,-0.01501841,4.08442750,1.19931120,-3.90402509,-0.02789781,0.21620033,-0.03458767,10.06208245,0.09470701,0.12444519,-0.34791358,4
117.37889277,31.96136352,41.33515022,-199.88539921,150.02075400,41.33015022,-72.75674541,1.20444955,-0.01829163,4.08956977,1.20140419,-3.90871854,-0.02750307,0.23459664,-0.08783254,10.18839325,0.02136830,0.50500254,-0.33176502,4
117.37889176,31.96136379,41.33374437,-199.85574686,149.92525663,41.32874437,-72.74362080,1.20748441,-0.00552422,4.09422878,1.20325563,-3.91304940,-0.02843501,0.21753286,-0.08571224,10.18322687,-0.03205898,0.67878513,-0.31803118,4
117.37889075,31.96136406,41.33207137,-199.82607257,149.82976607,41.32707137,-72.73042682,1.21345942,0.01909282,4.09853079,1.20492863,-3.91711240,-0.03034702,0.17427379,-0.04269216,10.08093469,-0.07077706,0.69981717,-0.30608115,4
117.37888974,31.96136433,41.33039875,-199.79637623,149.73428236,41.32539875,-72.71717268,1.21942700,0.04370628,4.10283202,1.20660135,-3.92117465,-0.03225873,0.13102616,0.00029177,9.97866604,-0.10952178,0.72083169,-0.29412174,4
117.37888873,31.96136460,41.32880166,-199.76665776,149.63880554,41.32380166,-72.70386940,1.22392295,0.06761430,4.10698149,1.20821710,-3.92508530,-0.03411330,0.09003927,0.03611201,9.88104203,-0.15356809,0.73837617,-0.28029538,4
117.37888772,31.96136486,41.32759770,-199.73691709,149.54333562,41.32259770,-72.69052853,1.22075861,0.08785061,4.11034100,1.20953639,-3.92820690,-0.03567051,0.06081990,0.03464360,9.80759381,-0.22521089,0.73785820,-0.25675091,4
117.37888671,31.96136512,41.32688746,-199.70715416,149.44787263,41.32188746,-72.67716201,1.20797429,0.10347586,4.11270846,1.21048338,-3.93033761,-0.03685423,0.04637837,-0.01365267,9.76450596,-0.33151003,0.71465705,-0.22100220,4
117.37888569,31.96136537,41.32617725,-199.67736894,149.35241658,41.32117725,-72.66378141,1.19518878,0.11910025,4.11507506,1.21143014,-3.93246753,-0.03803789,0.03193340,-0.06193416,9.72143042,-0.43782169,0.69143747,-0.18526466,4
117.37888467,31.96136563,41.32547286,-199.64756142,149.25696748,41.32047286,-72.65039877,1.18215265,0.13454218,4.11726154,1.21232895,-3.93442930,-0.03920378,0.01677334,-0.10714382,9.68091598,-0.54673604,0.66438493,-0.15184921,4
117.37888366,31.96136589,41.32483603,-199.61773160,149.16152533,41.31983603,-72.63702817,1.16621151,0.14786945,4.11736032,1.21267206,-3.93444230,-0.04016397,-0.00667515,-0.11674889,9.67008612,-0.68581810,0.59290563,-0.14534826,4
117.37888265,31.96136616,41.32435728,-199.58787952,149.06609012,41.31935728,-72.62368615,1.14347133,0.15624741,4.11257292,1.21171458,-3.92989427,-0.04064272,-0.04952244,-0.04302283,9.72873185,-0.89550650,0.41744718,-0.20183965,4
117.37888164,31.96136644,41.32387855,-199.55800525,148.97066185,41.31887855,-72.61039222,1.12073124,0.16462533,4.10778552,1.21075711,-3.92534625,-0.04112145,-0.09236956,0.03070295,9.78737735,-1.10519409,0.24198941,-0.25833083,4
117.37888063,31.96136672,41.32340060,-199.52810888,148.87524048,41.31840060,-72.59716782,1.09797823,0.17296670,4.10299660,1.20979937,-3.92079643,-0.04159784,-0.13515776,0.10426033,9.84583341,-1.31456047,0.06630280,-0.31479144,4
117.37887964,31.96136699,41.32308158,-199.49819056,148.77982598,41.31808158,-72.58403370,1.07258711,0.17389637,4.09789180,1.20878905,-3.91587774,-0.04159777,-0.16602411,0.14371169,9.86590218,-1.45892134,-0.15594533,-0.36509373,4
117.37887862,31.96136726,41.32327839,-199.46825043,148.68441829,41.31827839,-72.57100794,1.03863285,0.15076862,4.09176175,1.20760803,-3.90976175,-0.04005124,-0.15819387,0.07245957,9.76137080,-1.39228365,-0.52932819,-0.39540730,4
117.37887762,31.96136753,41.32351739,-199.43828871,148.58901737,41.31851739,-72.55810445,1.00397849,0.12567407,4.08554786,1.20641306,-3.90354786,-0.03837827,-0.14720006,-0.00784296,9.64665290,-1.30839619,-0.91506712,-0.42408677,4
117.37887661,31.96136780,41.32375680,-199.40830561,148.49362315,41.31875680,-72.54533332,0.96935490,0.10057221,4.07933931,1.20521993,-3.89733910,-0.03670466,-0.13614508,-0.08805371,9.53208978,-1.22425648,-1.30021941,-0.45276324,4
117.37887560,31.96136808,41.32408244,-199.37830135,148.39823556,41.31908244,-72.53270331,0.94110389,0.07396699,4.07423497,1.20441074,-3.89219166,-0.03489937,-0.11245881,-0.14927605,9.44953704,-1.08806179,-1.56406291,-0.48080461,4
117.37887460,31.96136836,41.32471020,-199.34827619,148.30285454,41.31971020,-72.52022369,0.93518366,0.04209392,4.07300000,1.20494693,-3.89076327,-0.03263265,-0.04451031,-0.14395922,9.47915502,-0.76945763,-1.40281671,-0.50662038,4
117.37887360,31.96136864,41.32543439,-199.31823037,148.20747999,41.32043439,-72.50790550,0.93639066,0.00853963,4.07300000,1.20591253,-3.89052187,-0.03021867,0.03756493,-0.11740546,9.54457381,-0.39263571,-1.10589746,-0.53172574,4
117.37887260,31.96136893,41.32615825,-199.28816418,148.11211185,41.32115825,-72.49576101,0.93760120,-0.02498757,4.07300631,1.20688005,-3.89028646,-0.02780668,0.11958671,-0.09086493,9.60997760,-0.01612327,-0.80903021,-0.55678393,4
117.37887160,31.96136922,41.32681208,-199.25807793,148.01675002,41.32181208,-72.48380084,0.93955828,-0.05283875,4.07434164,1.20825398,-3.89131254,-0.02580989,0.19042195,-0.06708563,9.67228046,0.29554744,-0.52285236,-0.57192843,4
117.37887059,31.96136950,41.32719866,-199.22797192,147.92139441,41.32219866,-72.47203141,0.94436387,-0.05903345,4.08074782,1.21117859,-3.89715183,-0.02539732,0.21857592,-0.05384148,9.72275249,0.35981875,-0.27745624,-0.54924751,4
117.37886958,31.96136976,41.32743569,-199.19784648,147.82604492,41.32243569,-72.46045356,0.95076372,-0.05310767,4.08999205,1.21497109,-3.90568497,-0.02587138,0.22284248,-0.04649350,9.76660329,0.28562795,-0.05488385,-0.50539671,4
117.37886857,31.96137004,41.32767243,-199.16770192,147.73070145,41.32267243,-72.44906268,0.95716209,-0.04718075,4.09923410,1.21876270,-3.91421602,-0.02634545,0.22709315,-0.03914480,9.81043738,0.21142821,0.16757011,-0.46154539,4
117.37886756,31.96137032,41.32784407,-199.13753856,147.63536392,41.32284407,-72.43785121,0.96323648,-0.04101318,4.10800093,1.22235992,-3.92229338,-0.02681965,0.22791306,-0.03164192,9.85063487,0.13536085,0.36430465,-0.41761632,4
117.37886655,31.96137060,41.32770551,-199.10735669,147.54003223,41.32270551,-72.42681136,0.96776697,-0.03369909,4.11450321,1.22503073,-3.92820871,-0.02729449,0.21238536,-0.02340461,9.87350321,0.05039555,0.43848266,-0.37331750,4
117.37886555,31.96137089,41.32722997,-199.07715659,147.44470630,41.32222997,-72.41593663,0.97062018,-0.02513945,4.11854526,1.22669511,-3.93177523,-0.02777003,0.17909785,-0.01436942,9.87754526,-0.04423610,0.37951620,-0.32861711,4
117.37886455,31.96137118,41.32675448,-199.04693852,147.34938605,41.32175448,-72.40522240,0.97346972,-0.01657961,4.12258655,1.22835921,-3.93534108,-0.02824561,0.14581177,-0.00533303,9.88157703,-0.13887575,0.32057493,-0.28392862,4
117.37886355,31.96137146,41.32628902,-199.01670276,147.25407140,41.32128902,-72.39466450,0.97549803,-0.00797299,4.12645857,1.22996350,-3.93875757,-0.02873092,0.11282251,0.00397732,9.88331457,-0.23536424,0.26721618,-0.24186311,4
117.37886255,31.96137173,41.32590240,-198.98644956,147.15876227,41.32090240,-72.38425761,0.97107014,0.00100175,4.12900000,1.23109760,-3.94100000,-0.02929281,0.08216601,0.01544184,9.86701523,-0.34639088,0.25774512,-0.22041787,4
117.37886154,31.96137199,41.32566636,-198.95617917,147.06345859,41.32066636,-72.37399504,0.95431089,0.01067963,4.12900000,1.23133364,-3.94100000,-0.03000094,0.05596490,0.03102087,9.81626536,-0.48518591,0.33209960,-0.23835736,4
117.37886051,31.96137224,41.32543031,-198.92589182,146.96816029,41.32043031,-72.36386866,0.93755158,0.02035754,4.12900000,1.23156969,-3.94100000,-0.03070909,0.02976374,0.04659993,9.76551536,-0.62398125,0.40645424,-0.25629689,4
117.37885950,31.96137249,41.32519425,-198.89558774,146.87286730,41.32019425,-72.35387009,0.92081445,0.03002644,4.12899614,1.23180502,-3.94099614,-0.03141652,0.00357590,0.06214378,9.71485262,-0.76207890,0.48049295,-0.27424204,4
117.37885849,31.96137275,41.32495746,-198.86526713,146.77757956,41.31995746,-72.34399226,0.90905785,0.03766928,4.12812623,1.23187871,-3.94012623,-0.03196381,-0.01961005,0.06978046,9.68378490,-0.74364861,0.48364480,-0.29343507,4
117.37885748,31.96137303,41.32471825,-198.83493019,146.68229702,41.31971825,-72.33423010,0.91319840,0.03884523,4.12449207,1.23143651,-3.93649207,-0.03200000,-0.03321427,0.05217860,9.71526184,-0.22560420,0.26053615,-0.31661107,4
117.37885647,31.96137331,41.32447889,-198.80457710,146.58701960,41.31947889,-72.32458139,0.91846447,0.03956333,4.12066220,1.23095778,-3.93266220,-0.03200000,-0.04614006,0.03278991,9.75116682,0.32781130,0.02140896,-0.34006899,4
117.37885546,31.96137359,41.32423933,-198.77420807,146.49174727,41.31923933,-72.31504670,0.92374158,0.04027341,4.11683484,1.23047962,-3.92883465,-0.03199943,-0.05903294,0.01343589,9.78709492,0.88042432,-0.21744792,-0.36352488,4
117.37885446,31.96137385,41.32395607,-198.74382327,146.39647995,41.31895607,-72.30562888,0.93155750,0.03914303,4.11357875,1.23013311,-3.92553456,-0.03186742,-0.06438424,0.00202063,9.82835224,1.24934643,-0.39446601,-0.38653222,4
117.37885345,31.96137413,41.32352273,-198.71342292,146.30121760,41.31852273,-72.29633277,0.94809057,0.03169334,4.11228410,1.23023863,-3.92404547,-0.03128410,-0.04384141,0.01786321,9.88790793,0.98756477,-0.35916082,-0.40799962,4
117.37885244,31.96137439,41.32304515,-198.68300721,146.20596014,41.31804515,-72.28716429,0.96719367,0.02238058,4.11156774,1.23047741,-3.92309031,-0.03056774,-0.01566432,0.04174210,9.95285851,0.53983566,-0.26125739,-0.42901305,4
117.37885143,31.96137465,41.32256743,-198.65257637,146.11070752,41.31756743,-72.27812952,0.98628488,0.01306990,4.11085179,1.23071663,-3.92213558,-0.02985165,0.01250427,0.06557675,10.01766025,0.09250158,-0.16346154,-0.45001230,4
117.37885042,31.96137493,41.32205609,-198.62213062,146.01545965,41.31705609,-72.26923468,1.00256991,0.00424923,4.11023485,1.23105569,-3.92127964,-0.02920136,0.03867166,0.07900445,10.04744941,-0.26183782,-0.09098558,-0.46767571,4
117.37884941,31.96137521,41.32141497,-198.59167020,145.92021648,41.31641497,-72.26048540,1.00802495,-0.00268024,4.11000000,1.23178004,-3.92080499,-0.02880499,0.05711556,0.05226788,9.94211226,-0.25727576,-0.11622850,-0.47246488,4
117.37884841,31.96137549,41.32069409,-198.56119536,145.82497792,41.31569409,-72.25188700,1.00682348,-0.00844728,4.11000000,1.23274122,-3.92056469,-0.02856469,0.07081230,0.00084505,9.75372203,-0.03212058,-0.20153275,-0.46934106,4
117.37884740,31.96137577,41.31997370,-198.53070636,145.72974389,41.31497370,-72.24344442,1.00562917,-0.01421861,4.11000020,1.23370229,-3.92032460,-0.02832401,0.08450465,-0.05051189,9.56546770,0.19291591,-0.28682734,-0.46621598,4
117.37884640,31.96137605,41.31937206,-198.50020346,145.63451432,41.31437206,-72.23516091,1.00616219,-0.02102658,4.11004769,1.23463905,-3.92013197,-0.02798889,0.09714690,-0.08598733,9.40991071,0.38943940,-0.36983967,-0.46278562,4
117.37884539,31.96137633,41.31931019,-198.46968692,145.53928911,41.31431019,-72.22703768,1.01454635,-0.03254635,4.11031019,1.23546528,-3.92015509,-0.02722453,0.10501621,-0.04927750,9.40297028,0.45636558,-0.44247933,-0.45796757,4
117.37884438,31.96137660,41.31978743,-198.43915702,145.44406820,41.31478743,-72.21907339,1.03077239,-0.04877239,4.11078743,1.23618113,-3.92039372,-0.02603144,0.10811825,0.05953246,9.54447093,0.39384758,-0.50475871,-0.45176350,4
117.37884336,31.96137686,41.32026456,-198.40861401,145.34885148,41.31526456,-72.21126367,1.04699381,-0.06499697,4.11126446,1.23689699,-3.92063213,-0.02483844,0.11121602,0.16829805,9.68594999,0.33132285,-0.56700458,-0.44556077,4
117.37884236,31.96137713,41.32071651,-198.37805815,145.25363890,41.31571651,-72.20360246,1.06205376,-0.08084868,4.11169088,1.23761323,-3.92081979,-0.02367024,0.11324703,0.26592896,9.82194646,0.26716206,-0.62085092,-0.43969814,4
117.37884136,31.96137741,41.32100000,-198.34748968,145.15843036,41.31600000,-72.19608274,1.06934381,-0.09420565,4.11177865,1.23833202,-3.92066798,-0.02266798,0.10814208,0.28907384,9.92126529,0.19205813,-0.61850868,-0.43611068,4
117.37884035,31.96137769,41.32100000,-198.31690884,145.06322581,41.31600000,-72.18869683,1.06355918,-0.10336463,4.11129660,1.23905510,-3.91994490,-0.02194490,0.09102924,0.18687886,9.95886532,0.09854009,-0.52161628,-0.43635170,4
117.37883935,31.96137798,41.32099996,-198.28631582,144.96802517,41.31599996,-72.18143663,1.05777533,-0.11252315,4.11081467,1.23977819,-3.91922194,-0.02122185,0.07391957,0.08469299,9.99646028,0.00502769,-0.42472379,-0.43659142,4
117.37883834,31.96137827,41.32098806,-198.25571085,144.87282838,41.31598806,-72.17429237,1.05219330,-0.12156652,4.11036437,1.24050518,-3.91853063,-0.02050676,0.05764043,-0.01513599,10.03272567,-0.08704068,-0.32774717,-0.43648359,4
117.37883734,31.96137855,41.32077658,-198.22509411,144.77763538,41.31577658,-72.16725182,1.05001078,-0.12867026,4.11044684,1.24129789,-3.91837237,-0.01992553,0.05535180,-0.07526504,10.04659479,-0.15478736,-0.22934880,-0.43052082,4
117.37883632,31.96137881,41.32005642,-198.19446574,144.68244612,41.31505642,-72.16030065,1.05649220,-0.13083073,4.11188716,1.24225811,-3.91957263,-0.01968547,0.08871909,-0.03421608,10.00338535,-0.16054862,-0.12732652,-0.40963625,4
117.37883530,31.96137907,41.31933626,-198.16382590,144.58726056,41.31433626,-72.15342249,1.06297364,-0.13299121,4.11332748,1.24321832,-3.92077290,-0.01944542,0.12208649,0.00683302,9.96017577,-0.16630990,-0.02530389,-0.38875162,4
117.37883429,31.96137933,41.31861631,-198.13317469,144.49207867,41.31361631,-72.14660073,1.06943525,-0.13513677,4.11476923,1.24417914,-3.92197460,-0.01920659,0.15540822,0.04783568,9.91696492,-0.17224559,0.07675347,-0.36788754,4
117.37883329,31.96137961,41.31794900,-198.10251218,144.39690042,41.31294900,-72.13982036,1.07076419,-0.13341851,4.11658214,1.24529917,-3.92354735,-0.01928532,0.17688436,0.07678397,9.87347253,-0.22328859,0.18769163,-0.35236229,4
117.37883228,31.96137989,41.31744955,-198.07183845,144.30172579,41.31244955,-72.13306819,1.05573418,-0.11938553,4.11957794,1.24692658,-3.92630272,-0.02037613,0.16060579,0.06731211,9.82908318,-0.41809804,0.32693383,-0.35385316,4
117.37883128,31.96138017,41.31696860,-198.04115351,144.20655478,41.31196860,-72.12633430,1.03890081,-0.10399502,4.12270414,1.24860993,-3.92918844,-0.02157851,0.14016526,0.05360494,9.78459498,-0.62875563,0.46929605,-0.35721984,4
117.37883027,31.96138046,41.31648780,-198.01045741,144.11138737,41.31148780,-72.11961221,1.02206656,-0.08860937,4.12582786,1.25029226,-3.93207167,-0.02278056,0.11971963,0.03989458,9.74012922,-0.83917183,0.61142863,-0.36058387,4
117.37882926,31.96138074,41.31605101,-197.97975015,144.01622357,41.31105101,-72.11289815,1.00499350,-0.07450147,4.12829683,1.25171216,-3.93430048,-0.02389430,0.09791182,0.02533405,9.70157699,-0.98580593,0.69285969,-0.36324947,4
117.37882825,31.96138100,41.31576454,-197.94903174,143.92106336,41.31076454,-72.10619195,0.98710447,-0.06475863,4.12852906,1.25223546,-3.93429360,-0.02470640,0.07145030,0.00786900,9.68322662,-0.91454510,0.56691958,-0.36352906,4
117.37882724,31.96138126,41.31552574,-197.91830220,143.82590675,41.31052574,-72.09949623,0.96895650,-0.05640102,4.12805149,1.25247426,-3.93357722,-0.02542278,0.04351196,-0.01051777,9.67128717,-0.77413708,0.37517190,-0.36305149,4
117.37882623,31.96138153,41.31528696,-197.88756156,143.73075373,41.31028696,-72.09281521,0.95081301,-0.04805265,4.12757258,1.25271280,-3.93285965,-0.02613830,0.01559535,-0.02887639,9.65940747,-0.63384460,0.18346319,-0.36259055,4
117.37882523,31.96138180,41.31504791,-197.85680983,143.63560429,41.31004791,-72.08615454,0.93389262,-0.04221278,4.12673354,1.25288622,-3.93181438,-0.02662574,-0.00643348,-0.03960433,9.66373094,-0.52488654,0.00233955,-0.36664076,4
117.37882422,31.96138207,41.31480788,-197.82604706,143.54045842,41.30980788,-72.07951987,0.92169964,-0.04606881,4.12450251,1.25280788,-3.92950251,-0.02623154,-0.00570466,-0.02083801,9.73068312,-0.53704297,-0.13787021,-0.38812758,4
117.37882321,31.96138235,41.31456723,-197.79527330,143.44531611,41.30956723,-72.07291641,0.91255473,-0.05617636,4.12137399,1.25256723,-3.92637399,-0.02526891,0.00969731,0.01694495,9.83801561,-0.62728891,-0.25170041,-0.42085678,4
117.37882222,31.96138264,41.31432666,-197.76448860,143.35017733,41.30932666,-72.06634942,0.90341344,-0.06628345,4.11824690,1.25232708,-3.92324673,-0.02430646,0.02509722,0.05468827,9.94528158,-0.71738001,-0.36545641,-0.45357881,4
117.37882121,31.96138292,41.31410963,-197.73369303,143.25504207,41.30910963,-72.05982428,0.89528377,-0.07626752,4.11551946,1.25222747,-3.92047233,-0.02339139,0.03992636,0.08141159,10.03406865,-0.76443366,-0.45860034,-0.48431581,4
117.37882020,31.96138320,41.31400000,-197.70288666,143.15991030,41.30900000,-72.05334735,0.89176898,-0.08569040,4.11461517,1.25276898,-3.91930758,-0.02269242,0.05215178,0.05786231,10.03855606,-0.61515238,-0.45771321,-0.50599731,4
117.37881919,31.96138347,41.31400000,-197.67206957,143.06478200,41.30900000,-72.04692606,0.89296493,-0.09454042,4.11557193,1.25396493,-3.91978597,-0.02221403,0.06171936,-0.01700405,9.95699238,-0.26545710,-0.36084140,-0.51843517,4
117.37881818,31.96138375,41.31399996,-197.64124188,142.96965713,41.30899996,-72.04056860,0.89416307,-0.10338954,4.11652851,1.25516083,-3.92026422,-0.02173569,0.07128472,-0.09183764,9.87544772,0.08415139,-0.26400332,-0.53086896,4
117.37881717,31.96138402,41.31398707,-197.61040369,142.87453567,41.30898707,-72.03428407,0.89599060,-0.11198442,4.11743402,1.25634423,-3.92070408,-0.02127006,0.08021090,-0.15729533,9.79932299,0.40899287,-0.17680444,-0.54213807,4
117.37881617,31.96138430,41.31388886,-197.57955512,142.77941756,41.30888886,-72.02808182,0.90200183,-0.11888947,4.11800000,1.25744458,-3.92088886,-0.02088886,0.08488854,-0.16043029,9.75922503,0.56920617,-0.15367842,-0.54566535,4
117.37881516,31.96138459,41.31364838,-197.54869633,142.68430277,41.30864838,-72.02197064,0.91498737,-0.12297750,4.11800000,1.25840648,-3.92064838,-0.02064838,0.08248382,-0.05967213,9.77918427,0.45498153,-0.23736300,-0.53628690,4
117.37881416,31.96138488,41.31340793,-197.51782748,142.58919124,41.30840793,-72.01595862,0.92797214,-0.12706563,4.11800014,1.25936840,-3.92040804,-0.02040790,0.08008004,0.04107924,9.79914225,0.34075764,-0.32103622,-0.52690935,4
117.37881316,31.96138517,41.31317434,-197.48694873,142.49408291,41.30817434,-72.01005200,0.94073376,-0.13118414,4.11804469,1.26034391,-3.92020871,-0.02016402,0.07796677,0.13982368,9.81872277,0.22667030,-0.40128331,-0.51779903,4
117.37881216,31.96138546,41.31307259,-197.45606026,142.39897774,41.30807259,-72.00425424,0.94920151,-0.13588733,4.11894366,1.26158071,-3.92079849,-0.01985482,0.08144421,0.19995014,9.83104008,0.11520578,-0.41559903,-0.51383099,4
117.37881115,31.96138574,41.31331160,-197.42516226,142.30387566,41.30831160,-71.99856577,0.94657240,-0.14210161,4.12205080,1.26349280,-3.92342760,-0.01937680,0.09937002,0.16027436,9.82458679,0.01051909,-0.25952504,-0.52315240,4
117.37881014,31.96138601,41.31355061,-197.39425490,142.20877661,41.30855061,-71.99298342,0.94394327,-0.14831590,4.12515795,1.26540490,-3.92605673,-0.01889878,0.11729586,0.12059850,9.81813349,-0.09416783,-0.10345070,-0.53247385,4
117.37880913,31.96138629,41.31378928,-197.36333836,142.11368054,41.30878928,-71.98750093,0.94131069,-0.15451351,4.12826546,1.26731699,-3.92868621,-0.01842196,0.13520957,0.08096135,9.81168549,-0.19881001,0.05265207,-0.54176742,4
117.37880813,31.96138657,41.31392462,-197.33241281,142.01858740,41.30892462,-71.98211005,0.93764145,-0.15569593,4.13147851,1.26923036,-3.93142092,-0.01830705,0.14946123,0.05299237,9.80683732,-0.28991252,0.21713749,-0.54268443,4
117.37880713,31.96138686,41.31373153,-197.30147838,141.92349715,41.30873153,-71.97680075,0.93067752,-0.14093885,4.13502701,1.27114774,-3.93449007,-0.01934234,0.15207387,0.06210802,9.80707387,-0.33798172,0.40826364,-0.51697856,4
117.37880613,31.96138715,41.31349178,-197.27053519,141.82840973,41.30849178,-71.97156149,0.92324549,-0.12391707,4.13862315,1.27306568,-3.93760673,-0.02054106,0.15303284,0.07649261,9.80803284,-0.37993680,0.60317494,-0.48749014,4
117.37880513,31.96138744,41.31325205,-197.23958337,141.73332512,41.30825205,-71.96637879,0.91581224,-0.10689397,4.14221728,1.27498282,-3.94072164,-0.02173977,0.15397120,0.09086992,9.80903292,-0.42186461,0.79789549,-0.45797937,4
117.37880413,31.96138773,41.31301231,-197.20862298,141.63824330,41.30801231,-71.96123675,0.90800434,-0.08945481,4.14518658,1.27665001,-3.94329504,-0.02293845,0.14853726,0.10299783,9.82273586,-0.45537830,0.93371966,-0.42155565,4
117.37880313,31.96138800,41.31277260,-197.17765408,141.54316424,41.30777260,-71.95611773,0.89890371,-0.07058002,4.14600000,1.27745481,-3.94400000,-0.02413703,0.12111632,0.10736444,9.88026883,-0.45986001,0.86632826,-0.36127932,4
117.37880212,31.96138827,41.31253289,-197.14667670,141.44808793,41.30753289,-71.95100324,0.88931533,-0.05116354,4.14600000,1.27793423,-3.94400000,-0.02533558,0.08539961,0.10880270,9.95433907,-0.45338785,0.72226285,-0.29200327,4
117.37880111,31.96138854,41.31229307,-197.11569083,141.35301439,41.30729307,-71.94587535,0.87971971,-0.03174654,4.14600010,1.27841356,-3.94400010,-0.02653432,0.04968858,0.11022253,10.02837655,-0.44705334,0.57834526,-0.22275721,4
117.37880010,31.96138881,41.31202162,-197.08469642,141.25794362,41.30702162,-71.94071842,0.86781682,-0.01216552,4.14603177,1.27886146,-3.94403177,-0.02779659,0.01579685,0.10577188,10.09195836,-0.48459110,0.48157019,-0.16308455,4
117.37879909,31.96138909,41.31162660,-197.05369343,141.16287564,41.30662660,-71.93551932,0.84690307,0.00805607,4.14618670,1.27918670,-3.94418670,-0.02930690,-0.01098956,0.07839427,10.11470593,-0.69347003,0.56890844,-0.14080047,4
117.37879809,31.96138937,41.31114601,-197.02268177,141.06781048,41.30614601,-71.93026728,0.81975010,0.02872116,4.14642699,1.27942699,-3.94442699,-0.03098893,-0.03285612,0.03514175,10.10917923,-1.02098775,0.78372931,-0.14440485,4
117.37879708,31.96138966,41.31066510,-196.99166135,140.97274818,41.30566510,-71.92495306,0.79259261,0.04938550,4.14666635,1.27966701,-3.94466635,-0.03267090,-0.05472105,-0.00808440,10.10360576,-1.34841777,0.99840468,-0.14801789,4
117.37879608,31.96138994,41.31007530,-196.96063205,140.87768876,41.30507530,-71.91956718,0.76392084,0.06982131,4.14660004,1.27981962,-3.94460004,-0.03433021,-0.07607311,-0.04266792,10.08262615,-1.64728971,1.16537149,-0.15448830,4
117.37879507,31.96139022,41.30897057,-196.92959374,140.78263227,41.30397057,-71.91409912,0.72808787,0.08917663,4.14508821,1.27955882,-3.94308821,-0.03588236,-0.09500014,-0.03638193,9.98879268,-1.81111776,1.10673275,-0.17447088,4
117.37879406,31.96139049,41.30729765,-196.89854630,140.68757876,41.30229765,-71.90853682,0.68435303,0.10733973,4.14198137,1.27884185,-3.93998137,-0.03731630,-0.11125133,0.01500054,9.81457026,-1.82593504,0.79915490,-0.20936316,4
117.37879305,31.96139076,41.30562486,-196.86748953,140.59252829,41.30062486,-71.90286638,0.64061962,0.12550008,4.13887468,1.27812495,-3.93687468,-0.03875000,-0.12749606,0.06637050,9.64038228,-1.84071085,0.49162591,-0.24425203,4
117.37879205,31.96139103,41.30399537,-196.83642327,140.49748091,41.29899537,-71.89707355,0.59736637,0.14272444,4.13582183,1.27742973,-3.93382183,-0.04010751,-0.14152387,0.11346514,9.47795310,-1.84127555,0.20076461,-0.27797977,4
117.37879104,31.96139131,41.30268904,-196.80534728,140.40243671,41.29768904,-71.89114484,0.55769618,0.15296349,4.13317079,1.27689635,-3.93117079,-0.04089635,-0.13900713,0.12865379,9.40327783,-1.73578381,0.03429082,-0.30304239,4
117.37879004,31.96139159,41.30196764,-196.77426134,140.30739575,41.29696764,-71.88506820,0.52451149,0.15055881,4.13124704,1.27665587,-3.92924704,-0.04065587,-0.10654384,0.08609082,9.48744189,-1.43832397,0.09296519,-0.31242067,4
117.37878903,31.96139188,41.30124623,-196.74316519,140.21235813,41.29624623,-71.87883449,0.49132730,0.14815426,4.12932334,1.27641543,-3.92732334,-0.04041542,-0.07408122,0.04352899,9.57160493,-1.14087095,0.15163884,-0.32179963,4
117.37878803,31.96139217,41.30052199,-196.71205857,140.11732393,41.29552199,-71.87243773,0.45829419,0.14580267,4.12741542,1.27618213,-3.92541398,-0.04017926,-0.04183111,0.00135577,9.65548960,-0.84567939,0.21010777,-0.33146132,4
117.37878703,31.96139246,41.29967388,-196.68094120,140.02229325,41.29467388,-71.86587508,0.43184761,0.14576104,4.12619567,1.27626090,-3.92413044,-0.04013044,-0.01884791,-0.02386897,9.72724013,-0.64911085,0.25965282,-0.35345802,4
117.37878602,31.96139274,41.29847702,-196.64981281,139.92726618,41.29347702,-71.85914666,0.42394828,0.15222413,4.12691379,1.27721839,-3.92460920,-0.04060920,-0.02195976,-0.00136783,9.76482180,-0.73025853,0.28406894,-0.41018960,4
117.37878501,31.96139302,41.29728014,-196.61867312,139.83224281,41.29228014,-71.85225363,0.41604892,0.15868724,4.12763191,1.27817589,-3.92508794,-0.04108794,-0.02507163,0.02113339,9.80240363,-0.81140656,0.30848516,-0.46692140,4
117.37878400,31.96139330,41.29608312,-196.58752186,139.73722322,41.29108312,-71.84519690,0.40815324,0.16514209,4.12834852,1.27913312,-3.92556503,-0.04156600,-0.02819074,0.04359261,9.83995425,-0.89224967,0.33269382,-0.52361700,4
117.37878300,31.96139358,41.29483439,-196.55635876,139.64220753,41.28983439,-71.83797649,0.40162117,0.16855776,4.12850756,1.27998964,-3.92543363,-0.04179075,-0.03395082,0.05064510,9.86601724,-0.86137858,0.28091407,-0.56696304,4
117.37878200,31.96139388,41.29342141,-196.52518356,139.54719580,41.28842141,-71.83059043,0.39942141,0.16231779,4.12689522,1.28052620,-3.92336903,-0.04121071,-0.04810133,0.00874955,9.85558318,-0.47558643,-0.01228398,-0.56789637,4
117.37878100,31.96139417,41.29197970,-196.49399597,139.45218815,41.28697970,-71.82303551,0.39797970,0.15438833,4.12497292,1.28100677,-3.92096616,-0.04048984,-0.06371995,-0.04171061,9.83876313,-0.02769245,-0.34772389,-0.56140863,4
117.37878000,31.96139446,41.29053852,-196.46279571,139.35718466,41.28553852,-71.81530783,0.39655666,0.14645407,4.12305193,1.28148756,-3.91856469,-0.03976877,-0.07932029,-0.09211515,9.82194333,0.42001105,-0.68292601,-0.55492671,4
117.37877900,31.96139475,41.28930300,-196.43158250,139.26218543,41.28430300,-71.80740256,0.40223984,0.13669066,4.12162292,1.28204951,-3.91669656,-0.03896680,-0.08796291,-0.12135699,9.80522277,0.79517858,-0.92762125,-0.55065648,4
117.37877800,31.96139503,41.28877712,-196.40035603,139.16719056,41.28377712,-71.79931422,0.43244266,0.12061590,4.12189150,1.28289150,-3.91666862,-0.03788564,-0.07259833,-0.07757798,9.78884464,0.92006443,-0.86002712,-0.55401757,4
117.37877699,31.96139530,41.28853831,-196.36911600,139.07220016,41.28353831,-71.79103618,0.47256416,0.10198807,4.12284676,1.28384676,-3.91738508,-0.03669154,-0.04752239,-0.00426072,9.77260499,0.94370745,-0.66610655,-0.56046568,4
117.37877598,31.96139557,41.28829942,-196.33786209,138.97721434,41.28329942,-71.78255996,0.51268082,0.08336397,4.12380159,1.28480204,-3.91810108,-0.03549767,-0.02245913,0.06900948,9.75637337,0.96737900,-0.47228865,-0.56690416,4
117.37877497,31.96139584,41.28803052,-196.30659397,138.88223320,41.28303052,-71.77387517,0.55082574,0.06624881,4.12457806,1.28575797,-3.91863857,-0.03439249,-0.00245067,0.12353396,9.74335284,1.00231384,-0.31942080,-0.56952830,4
117.37877396,31.96139612,41.28764177,-196.27531127,138.78725688,41.28264177,-71.76496902,0.58109062,0.05516389,4.12464177,1.28671645,-3.91846265,-0.03364177,-0.00264249,0.10314582,9.74316460,1.08225878,-0.33020002,-0.55690938,4
117.37877296,31.96139641,41.28716154,-196.24401362,138.69228549,41.28216154,-71.75582616,0.60534198,0.04868086,4.12416154,1.28767691,-3.91774232,-0.03316154,-0.01824979,0.02558951,9.75276910,1.19655230,-0.46586355,-0.53265802,4
117.37877196,31.96139670,41.28668117,-196.21270062,138.59731917,41.28168117,-71.74642980,0.62959838,0.04219352,4.12368160,1.28863731,-3.91702227,-0.03268098,-0.03384280,-0.05193368,9.76238618,1.31082112,-0.60149740,-0.50840134,4
117.37877095,31.96139699,41.28614169,-196.18137183,138.50235808,41.28114169,-71.73676222,0.65593917,0.03392830,4.12332072,1.28957736,-3.91642141,-0.03206213,-0.04352769,-0.11577298,9.77720402,1.41488876,-0.72487882,-0.48194148,4
117.37876995,31.96139727,41.28530701,-196.15002679,138.40740237,41.28030701,-71.72680587,0.69268984,0.01678400,4.12355439,1.29041579,-3.91641579,-0.03075262,-0.02370661,-0.11127303,9.81799528,1.46801046,-0.78707009,-0.44447857,4
117.37876894,31.96139754,41.28411475,-196.11866502,138.31245220,41.27911475,-71.71654520,0.74204902,-0.01111466,4.12450819,1.29113115,-3.91713115,-0.02860656,0.03185228,-0.02400028,9.89024568,1.45942625,-0.77514758,-0.39368869,4
117.37876793,31.96139781,41.28292250,-196.08728598,138.21750776,41.27792250,-71.70596670,0.79140561,-0.03900973,4.12546249,1.29184667,-3.91784697,-0.02646077,0.08740961,0.06326397,9.96248776,1.45082087,-0.76317638,-0.34290383,4
117.37876692,31.96139808,41.28173002,-196.05588916,138.12256922,41.27673002,-71.69505956,0.83960282,-0.06532165,4.12663094,1.29263639,-3.91876868,-0.02442980,0.14225314,0.14677531,10.03107286,1.43302105,-0.73006852,-0.29433150,4
117.37876591,31.96139835,41.28053548,-196.02447400,138.02763677,41.27553548,-71.68381564,0.87703872,-0.07693935,4.12978710,1.29411484,-3.92160130,-0.02346452,0.19047099,0.19545288,10.06571482,1.32988243,-0.50077901,-0.26629549,4
117.37876491,31.96139863,41.27933674,-195.99303993,137.93271061,41.27433674,-71.67222908,0.89262237,-0.05871847,4.13697955,1.29699182,-3.92831425,-0.02466326,0.22523450,0.17339604,10.03143080,1.05345258,0.12688219,-0.27996116,4
117.37876391,31.96139891,41.27813799,-195.96158639,137.83779093,41.27313799,-71.66029717,0.90820598,-0.04049761,4.14417199,1.29986879,-3.93502720,-0.02586201,0.25999797,0.15133922,9.99714683,0.77702302,0.75454272,-0.29362678,4
117.37876290,31.96139920,41.27693901,-195.93011280,137.74287792,41.27193914,-71.64802066,0.92379136,-0.02225942,4.15136299,1.30274512,-3.94173882,-0.02706215,0.29469928,0.12929641,9.96292167,0.50081120,1.38181765,-0.30725420,4
117.37876190,31.96139948,41.27562589,-195.89861861,137.64797178,41.27068410,-71.63540424,0.94016489,0.00377551,4.15790577,1.30532738,-3.94786092,-0.02889803,0.30147265,0.11354555,9.95511691,0.32237487,1.83597450,-0.30370670,4
117.37876089,31.96139975,41.27397100,-195.86710325,137.55307270,41.26926085,-71.62245681,0.95889872,0.05315989,4.16250729,1.30702900,-3.95221743,-0.03263771,0.22460795,0.11663771,10.02643548,0.43675480,1.77168037,-0.24872411,4
117.37875988,31.96140002,41.27230305,-195.83556619,137.45818087,41.26783117,-71.60919033,0.97772284,0.10343697,4.16703461,1.30869695,-3.95650647,-0.03645020,0.14454588,0.12045020,10.10077883,0.56232834,1.68756754,-0.19177520,4
117.37875887,31.96140029,41.27063508,-195.80400690,137.36329647,41.26640139,-71.59561849,0.99653034,0.15370284,4.17155827,1.31036373,-3.96079195,-0.04026180,0.06449128,0.12425802,10.17507548,0.68756540,1.60338518,-0.13484938,4
117.37875787,31.96140057,41.26896535,-195.77242491,137.26841966,41.26492366,-71.58175663,1.00755453,0.19868012,4.17436814,1.31147490,-3.96340984,-0.04365938,-0.01197809,0.12588684,10.22748083,0.65552570,1.48683387,-0.08877879,4
117.37875686,31.96140084,41.26728994,-195.74081975,137.17355061,41.26328994,-71.56762141,0.99325784,0.22645222,4.17160271,1.31077853,-3.96060271,-0.04571006,-0.07678352,0.12042690,10.20866868,0.11183090,1.26498000,-0.07802283,4
117.37875586,31.96140113,41.26561296,-195.70919097,137.07868947,41.26161296,-71.55323088,0.97193614,0.24945091,4.16729046,1.30958068,-3.95629046,-0.04738704,-0.13835292,0.11300023,10.17009797,-0.57381742,1.01391102,-0.07706454,4
117.37875485,31.96140141,41.26393582,-195.67753818,136.98383637,41.25993582,-71.53860401,0.95061332,0.27243593,4.16297503,1.30838193,-3.95197525,-0.04906298,-0.19991475,0.10555258,10.13150894,-1.25909566,0.76274066,-0.07613525,4
117.37875385,31.96140170,41.26218255,-195.64586100,136.88899146,41.25818255,-71.52375883,0.92873889,0.28880142,4.15712159,1.30674381,-3.94623130,-0.05023236,-0.25780959,0.08792970,10.08403116,-1.76500833,0.46238753,-0.08926156,4
117.37875284,31.96140199,41.26015306,-195.61415908,136.79415486,41.25615306,-71.50871078,0.90486285,0.28114629,4.14568710,1.30351135,-3.93530274,-0.04956349,-0.30239791,0.03338333,10.00429834,-1.62004835,-0.01643794,-0.15339215,4
117.37875184,31.96140227,41.25796881,-195.58243211,136.69932667,41.25396881,-71.49347103,0.87986522,0.26003180,4.13112538,1.29938552,-3.92146911,-0.04786462,-0.33953029,-0.04185223,9.90649211,-1.11038815,-0.59526632,-0.24610178,4
117.37875084,31.96140256,41.25578489,-195.55067977,136.60450701,41.25178489,-71.47804669,0.85487173,0.23890587,4.11656495,1.29526028,-3.90763660,-0.04616499,-0.37662928,-0.11705083,9.80870469,-0.60090337,-1.17400318,-0.33879951,4
117.37874983,31.96140285,41.25377453,-195.51890176,136.50969598,41.24977453,-71.46244304,0.83196215,0.21204619,4.10266358,1.29142380,-3.89437599,-0.04408282,-0.39692152,-0.17363566,9.72042697,-0.17989982,-1.70639550,-0.42546843,4
117.37874883,31.96140314,41.25246755,-195.48709781,136.41489370,41.24846755,-71.44666580,0.81749804,0.16194993,4.09143314,1.28875762,-3.88343314,-0.04045035,-0.34910236,-0.15478573,9.67068881,-0.11747863,-2.05096884,-0.48770448,4
117.37874783,31.96140344,41.25173333,-195.45526761,136.32010025,41.24773333,-71.43072380,0.80991100,0.09293238,4.08237765,1.28704442,-3.87437765,-0.03555549,-0.24582080,-0.07451001,9.65233308,-0.34704760,-2.24260264,-0.53004503,4
117.37874683,31.96140374,41.25099919,-195.42341092,136.22531573,41.24699919,-71.41463026,0.80232278,0.02392112,4.07332566,1.28533232,-3.86532548,-0.03066106,-0.14253944,0.00574084,9.63399458,-0.57653149,-2.43408306,-0.57237956,4
117.37874583,31.96140403,41.25031332,-195.39152750,136.13054023,41.24631332,-71.39840226,0.79410527,-0.04190211,4.06608372,1.28419035,-3.85798870,-0.02598585,-0.03924773,0.07313412,9.62460105,-0.76199053,-2.54594801,-0.61163106,4
117.37874484,31.96140433,41.24984558,-195.35961714,136.03577381,41.24584558,-71.38205977,0.78304368,-0.09331733,4.06702235,1.28562513,-3.85840468,-0.02230139,0.06409148,0.08241751,9.65563465,-0.74847837,-2.29798782,-0.63694887,4
117.37874384,31.96140462,41.24960401,-195.32767966,135.94101655,41.24560401,-71.36562406,0.76903307,-0.12979322,4.07644328,1.28973169,-3.86685935,-0.01964420,0.16748013,0.03144788,9.72858644,-0.52865673,-1.67693130,-0.64781917,4
117.37874284,31.96140492,41.24936238,-195.29571495,135.84626850,41.24536238,-71.34911587,0.75502478,-0.16626188,4.08586470,1.29383836,-3.87531453,-0.01698757,0.27085460,-0.01951081,9.80152305,-0.30886922,-1.05590281,-0.65868214,4
117.37874184,31.96140522,41.24907606,-195.26372289,135.75152968,41.24507606,-71.33255525,0.74229466,-0.19876505,4.09553419,1.29800225,-3.88401837,-0.01463128,0.36641373,-0.06447878,9.86614036,-0.10785691,-0.45104473,-0.66556555,4
117.37874085,31.96140552,41.24852211,-195.23170341,135.65680013,41.24452211,-71.31596204,0.73722577,-0.20749955,4.10669049,1.30250894,-3.89421261,-0.01407526,0.41512795,-0.07353907,9.88089279,-0.01938189,0.05688221,-0.64859645,4
117.37873985,31.96140583,41.24756546,-195.19965648,135.56207986,41.24356546,-71.29935752,0.74368318,-0.18047412,4.12008363,1.30753136,-3.90664908,-0.01622772,0.39336410,-0.02857641,9.82062369,-0.10021902,0.41897515,-0.59574141,4
117.37873886,31.96140613,41.24660886,-195.16758210,135.46736887,41.24260886,-71.28276669,0.75014044,-0.15344865,4.13347654,1.31255370,-3.91908536,-0.01838018,0.37159847,0.01638348,9.76036147,-0.18104659,0.78105299,-0.54288489,4
117.37873786,31.96140644,41.24568295,-195.13548032,135.37266716,41.24168295,-71.26621933,0.75651980,-0.12639294,4.14675154,1.31753278,-3.93141541,-0.02052822,0.34879724,0.05977907,9.70399879,-0.25646299,1.13468053,-0.48916523,4
117.37873685,31.96140672,41.24529911,-195.10335122,135.27797469,41.24129911,-71.24975032,0.76152345,-0.09880232,4.15794423,1.32174777,-3.94186945,-0.02259823,0.30770606,0.07554886,9.71650422,-0.23631464,1.33907624,-0.42020039,4
117.37873584,31.96140700,41.24623884,-195.07119499,135.18329140,41.24223884,-71.23339871,0.76316798,-0.06990551,4.16405249,1.32409712,-3.94774278,-0.02447769,0.22195538,0.02386351,9.89716798,0.01717849,1.17908661,-0.31401050,4
117.37873483,31.96140727,41.24717858,-195.03901183,135.08861722,41.24317858,-71.21720530,0.76481251,-0.04100875,4.17016076,1.32644644,-3.95361611,-0.02635716,0.13620481,-0.02782176,10.07783150,0.27067125,1.01909721,-0.20782075,4
117.37873382,31.96140755,41.24811797,-195.00680205,134.99395205,41.24411797,-71.20121123,0.76645713,-0.01211932,4.17626430,1.32879409,-3.95948488,-0.02823620,0.05047136,-0.07948430,10.25836253,0.52394903,0.85911577,-0.10167079,4
117.37873282,31.96140783,41.24886353,-194.97456602,134.89929577,41.24486353,-71.18545715,0.76815517,0.01252749,4.17963554,1.33016636,-3.96271891,-0.02987482,-0.02537834,-0.11798292,10.36207090,0.65254785,0.70366854,-0.01855293,4
117.37873181,31.96140811,41.24900000,-194.94230416,134.80464823,41.24500000,-71.16998359,0.77002111,0.02384237,4.17442083,1.32847361,-3.95767346,-0.03075792,-0.07016963,-0.11511541,10.22437283,0.38935724,0.56246929,-0.00781070,4
117.37873081,31.96140840,41.24900000,-194.91001696,134.71000926,41.24500000,-71.15483262,0.77192466,0.03217037,4.16728254,1.32609418,-3.95077313,-0.03147175,-0.10800255,-0.10298031,10.03259088,0.03839150,0.42446242,-0.01328339,4
117.37872981,31.96140870,41.24900044,-194.87770500,134.61537867,41.24500044,-71.14004794,0.77382366,0.04049105,4.16014324,1.32371450,-3.94387183,-0.03218502,-0.14581671,-0.09085938,9.84084607,-0.31242265,0.28639681,-0.01876063,4
117.37872881,31.96140899,41.24926428,-194.84536892,134.52075624,41.24526428,-71.12567417,0.77298253,0.04440122,4.15237640,1.32117581,-3.93638147,-0.03256218,-0.17236424,-0.08727459,9.67118257,-0.57226014,0.11254272,-0.02700432,4
117.37872781,31.96140927,41.25046391,-194.81300944,134.42614173,41.24646391,-71.11175526,0.76240662,0.03264230,4.14238006,1.31807219,-3.92679833,-0.03174523,-0.15888542,-0.11401583,9.57996508,-0.50889011,-0.18845780,-0.04507638,4
117.37872680,31.96140955,41.25216796,-194.78062733,134.33153486,41.24816796,-71.09833187,0.74658315,0.01243694,4.13118192,1.31466407,-3.91608705,-0.03028460,-0.12383034,-0.15710437,9.53103403,-0.27129456,-0.55799677,-0.06844644,4
117.37872580,31.96140983,41.25387199,-194.74822346,134.23693535,41.24987199,-71.08544036,0.73077158,-0.00777052,4.11998562,1.31125656,-3.90537753,-0.02882377,-0.08877057,-0.20017553,9.48213085,-0.03366794,-0.92741937,-0.09181201,4
117.37872480,31.96141011,41.25554549,-194.71579872,134.14234288,41.25154549,-71.07311366,0.72251834,-0.02931647,4.10996398,1.30825104,-3.89578081,-0.02723856,-0.05072538,-0.23222462,9.45091202,0.22373861,-1.22302307,-0.11233262,4
117.37872380,31.96141041,41.25709973,-194.68335408,134.04775713,41.25309973,-71.06138354,0.74380838,-0.05609417,4.10453370,1.30681672,-3.89053370,-0.02516713,-0.00101110,-0.22119162,9.48881622,0.55845879,-1.23009010,-0.12173315,4
117.37872280,31.96141071,41.25856359,-194.65089055,133.95317775,41.25456359,-71.05028405,0.78748043,-0.08683538,4.10258188,1.30657273,-3.88858188,-0.02272735,0.05754359,-0.17751957,9.57908804,0.95175112,-1.01856128,-0.12270906,4
117.37872180,31.96141101,41.26002727,-194.61840920,133.85860438,41.25602727,-71.03985411,0.83114995,-0.11756998,4.10063151,1.30632916,-3.88663148,-0.02028806,0.11609527,-0.13384806,9.66936182,1.34492773,-0.80699947,-0.12367321,4
117.37872080,31.96141131,41.26136648,-194.58591116,133.76403661,41.25736648,-71.03013761,0.87326509,-0.14392818,4.09966321,1.30635523,-3.88563864,-0.01817045,0.17280247,-0.09038435,9.76127249,1.66107026,-0.57240024,-0.11667896,4
117.37871980,31.96141161,41.26215701,-194.55339766,133.66947405,41.25815701,-71.02118168,0.90852812,-0.15099208,4.10302457,1.30757017,-3.88886756,-0.01747105,0.22137901,-0.04783590,9.86040192,1.63758890,-0.23622738,-0.07459724,4
117.37871880,31.96141189,41.26239766,-194.52086999,133.57491623,41.25839766,-71.01303283,0.93692401,-0.13871929,4.11072515,1.30997661,-3.89632749,-0.01819298,0.26180707,-0.00620463,9.96676620,1.27373644,0.20174319,0.00264921,4
117.37871780,31.96141218,41.26263825,-194.48832951,133.48036270,41.25863825,-71.00573309,0.96531639,-0.12644464,4.11842540,1.31238288,-3.90378711,-0.01891507,0.30222677,0.03541863,10.07312082,0.90988480,0.63967387,0.07989961,4
117.37871680,31.96141248,41.26283430,-194.45577767,133.38581297,41.25883430,-70.99931861,0.99115497,-0.11279067,4.12588781,1.31467030,-3.91102375,-0.01975583,0.33654560,0.07119320,10.17251032,0.54608274,1.04882336,0.16018772,4
117.37871580,31.96141278,41.26276104,-194.42321596,133.29126651,41.25876104,-70.99381985,1.00154794,-0.09079452,4.13191172,1.31623896,-3.91691172,-0.02131430,0.33396576,0.07159437,10.22977397,0.18258144,1.28390107,0.25884779,4
117.37871481,31.96141308,41.26228018,-194.39064590,133.19672282,41.25828018,-70.98926405,0.98856487,-0.05617297,4.13575856,1.31671982,-3.92075856,-0.02395901,0.27554188,0.01845990,10.22328243,-0.18046402,1.25553063,0.38531263,4
117.37871381,31.96141339,41.26179933,-194.35806908,133.10218135,41.25779933,-70.98567905,0.97558128,-0.02155184,4.13960513,1.31720058,-3.92460515,-0.02660368,0.21711760,-0.03467346,10.21678452,-0.54349938,1.22715638,0.51177430,4
117.37871281,31.96141369,41.26132343,-194.32548713,133.00764155,41.25732343,-70.98309506,0.96216452,0.01276325,4.14324321,1.31760185,-3.92825817,-0.02922864,0.15827229,-0.08695519,10.20497323,-0.89860963,1.19557474,0.63576358,4
117.37871181,31.96141397,41.26091855,-194.29290172,132.91310284,41.25691855,-70.98154488,0.94251591,0.04267870,4.14388236,1.31685973,-3.92912671,-0.03157013,0.09336668,-0.12699092,10.11673357,-1.13975117,1.11785558,0.72419908,4
117.37871081,31.96141426,41.26067735,-194.26031459,132.81856463,41.25667735,-70.98106171,0.90850742,0.06245667,4.13761130,1.31348301,-3.92357922,-0.03325849,0.01449594,-0.13880947,9.85238396,-1.11828482,0.93382388,0.73071134,4
117.37870980,31.96141454,41.26043616,-194.22772754,132.72402632,41.25643616,-70.98167522,0.87449917,0.08223452,4.13134027,1.31010630,-3.91803178,-0.03494684,-0.06437426,-0.15062795,9.58803612,-1.09681863,0.74979340,0.73722356,4
117.37870879,31.96141481,41.26019520,-194.19514239,132.62948728,41.25619520,-70.98340923,0.84049862,0.10200413,4.12506811,1.30672923,-3.91248326,-0.03663448,-0.14322313,-0.16242376,9.32380119,-1.07529709,0.56572816,0.74374189,4
117.37870779,31.96141509,41.26018844,-194.16256102,132.53494688,41.25618844,-70.98628095,0.81399680,0.11371794,4.11766845,1.30299328,-3.90586739,-0.03762155,-0.20128859,-0.15200860,9.16985012,-0.99946408,0.34726005,0.75625761,4
117.37870679,31.96141539,41.26086953,-194.12998532,132.44040448,41.25686953,-70.99030219,0.80952186,0.10176868,4.10695697,1.29820310,-3.89611635,-0.03655077,-0.19830465,-0.07635112,9.33984716,-0.76409708,0.02773804,0.78639002,4
117.37870579,31.96141567,41.26159923,-194.09741719,132.34585943,41.25759923,-70.99548307,0.80660306,0.08814760,4.09601146,1.29333843,-3.88614378,-0.03533460,-0.19100764,0.00391597,9.53273141,-0.51745819,-0.29892470,0.81776716,4
117.37870479,31.96141597,41.26232876,-194.06485857,132.25131109,41.25832876,-71.00183524,0.80368101,0.07452453,4.08506712,1.28847410,-3.87617234,-0.03411830,-0.18370461,0.08416098,9.72559985,-0.27094775,-0.62551217,0.84914847,4
117.37870379,31.96141627,41.26285142,-194.03231140,132.15675880,41.25885142,-71.00937323,0.79693224,0.05857470,4.07551933,1.28402361,-3.86754568,-0.03274690,-0.16931704,0.13839225,9.89979509,-0.17570477,-0.86340335,0.88544179,4
117.37870279,31.96141656,41.26273725,-193.99977765,132.06220189,41.25873725,-71.01811426,0.77840338,0.03546212,4.07027047,1.28084699,-3.86305873,-0.03089799,-0.13312053,0.11254401,10.01650859,-0.54611787,-0.82825649,0.93685631,4
117.37870179,31.96141686,41.26249405,-193.96725934,131.96763970,41.25849405,-71.02807507,0.75748767,0.01089830,4.06589276,1.27792851,-3.85941064,-0.02895235,-0.09250512,0.07046937,10.12157358,-1.01088455,-0.73778385,0.99133445,4
117.37870079,31.96141715,41.26225081,-193.93475849,131.87307154,41.25825081,-71.03926891,0.73657026,-0.01366314,4.06151571,1.27501018,-3.85576320,-0.02700694,-0.05189029,0.02839461,10.22657372,-1.47553999,-0.64729760,1.04581750,4
117.37869979,31.96141745,41.26196260,-193.90227716,131.77849672,41.25796260,-71.05170392,0.71295102,-0.03491984,4.05807792,1.27226961,-3.85305542,-0.02541921,-0.01179137,-0.01424123,10.23580788,-1.77844193,-0.53573191,1.10808766,4
117.37869879,31.96141776,41.26152746,-193.86981740,131.68391457,41.25752746,-71.06538297,0.68050421,-0.04537935,4.05770882,1.27010982,-3.85341763,-0.02500000,0.02662225,-0.05871042,9.93215532,-1.55286413,-0.35529479,1.19580020,4
117.37869780,31.96141806,41.26103960,-193.83738127,131.58932439,41.25703960,-71.08030647,0.64489036,-0.05196548,4.05844060,1.26815838,-3.85488122,-0.02500000,0.06443146,-0.10383755,9.51625395,-1.13769455,-0.15014931,1.29264057,4
117.37869681,31.96141837,41.26055179,-193.80497085,131.49472551,41.25655179,-71.09647520,0.60928126,-0.05855010,4.05917265,1.26620694,-3.85634506,-0.02500004,0.10223827,-0.14895385,9.10040743,-0.72252511,0.05499352,1.38948174,4
117.37869581,31.96141867,41.26017907,-193.77258818,131.40011724,41.25617907,-71.11389239,0.58355317,-0.06204452,4.06039598,1.26429854,-3.85829827,-0.02507595,0.13486277,-0.17179627,8.79908169,-0.31128268,0.25296261,1.48705703,4
117.37869481,31.96141897,41.26020850,-193.74023535,131.30549889,41.25620850,-71.13256449,0.59235246,-0.05474077,4.06333606,1.26254048,-3.86196157,-0.02541701,0.14937858,-0.11680685,8.89792781,0.08623623,0.42586375,1.58719725,4
117.37869381,31.96141925,41.26044841,-193.70791444,131.21086978,41.25644841,-71.15249898,0.61922243,-0.04178562,4.06717464,1.26086110,-3.86651988,-0.02589683,0.15441670,-0.02108260,9.20621268,0.47657047,0.58564408,1.68867935,4
117.37869280,31.96141955,41.26068830,-193.67562755,131.11622923,41.25668830,-71.17370118,0.64609185,-0.02882991,4.07101291,1.25918164,-3.87107791,-0.02637671,0.15945091,0.07463578,9.51448716,0.86687090,0.74541543,1.79015992,4
117.37869180,31.96141983,41.26087301,-193.64337679,131.02157654,41.25687301,-71.19617221,0.67187846,-0.01400541,4.07407900,1.25719578,-3.87494756,-0.02702328,0.15296310,0.15476199,9.79786734,1.16438566,0.88159225,1.88904915,4
117.37869080,31.96142013,41.26083046,-193.61116426,130.92691102,41.25683046,-71.21990778,0.69320670,0.00851403,4.07396555,1.25394833,-3.87598277,-0.02835629,0.09903272,0.17068725,9.97874606,1.07985257,0.92061835,1.97726920,4
117.37868980,31.96142043,41.26058856,-193.57899206,130.83223201,41.25658856,-71.24489945,0.71062375,0.03778435,4.07106271,1.24959406,-3.87453135,-0.03029153,0.00348082,0.13028936,10.06970180,0.66014993,0.87441478,2.05612975,4
117.37868881,31.96142073,41.26034664,-193.54686226,130.73753882,41.25634664,-71.27113769,0.72804056,0.06705457,4.06815973,1.24523970,-3.87307982,-0.03222676,-0.09207102,0.08989253,10.16065351,0.24044698,0.82820588,2.13499005,4
117.37868781,31.96142103,41.26008554,-193.51477693,130.64283080,41.25608554,-71.29861345,0.74308567,0.09377720,4.06477612,1.24069380,-3.87116659,-0.03400754,-0.18076763,0.05733964,10.22627065,-0.15176889,0.75996562,2.20715282,4
117.37868681,31.96142131,41.25972647,-193.48273811,130.54810728,41.25572647,-71.32731815,0.74602494,0.10749557,4.05893967,1.23517056,-3.86689703,-0.03500000,-0.23447063,0.06482376,10.16257704,-0.40367088,0.57928106,2.24512792,4
117.37868581,31.96142159,41.25924407,-193.45074785,130.45336761,41.25524407,-71.35724131,0.73372372,0.10484237,4.05001526,1.22841694,-3.85966101,-0.03500000,-0.24411865,0.12271189,9.93608972,-0.47892547,0.25703713,2.24006271,4
117.37868480,31.96142187,41.25876167,-193.41880815,130.35861115,41.25476167,-71.38836612,0.72142252,0.10218910,4.04109081,1.22166332,-3.85242498,-0.03499999,-0.25376649,0.18059972,9.70960415,-0.55417946,-0.06520519,2.23499723,4
117.37868379,31.96142214,41.25832008,-193.38692100,130.26383728,41.25432008,-71.42066676,0.70939905,0.09901805,4.03216880,1.21493465,-3.84518256,-0.03494844,-0.26193847,0.23554935,9.49906111,-0.62423247,-0.37152790,2.22794805,4
117.37868279,31.96142244,41.25820741,-193.35508833,130.16904538,41.25420741,-71.45410794,0.69961472,0.09167381,4.02326651,1.20840731,-3.83788876,-0.03448146,-0.25821436,0.26681460,9.41702494,-0.65236210,-0.54952490,2.20491019,4
117.37868178,31.96142273,41.25869996,-193.32331201,130.07423487,41.25469996,-71.48864596,0.69395038,0.07665101,4.01440060,1.20225042,-3.83050050,-0.03325008,-0.23260173,0.25450083,9.57143957,-0.60335332,-0.49140393,2.15245354,4
117.37868078,31.96142302,41.25919253,-193.29159382,129.97940518,41.25519253,-71.52423261,0.68828586,0.06162789,4.00553451,1.19609340,-3.82311209,-0.03201869,-0.20698849,0.24218656,9.72585726,-0.55434421,-0.43328169,2.09999595,4
117.37867978,31.96142331,41.25965952,-193.25993547,129.88455579,41.25565952,-71.56081752,0.68199100,0.04668974,3.99682902,1.18999462,-3.81587134,-0.03080020,-0.18094529,0.22761723,9.87685561,-0.51290273,-0.37536515,2.04961754,4
117.37867878,31.96142361,41.25982341,-193.22833858,129.78968621,41.25582341,-71.59834869,0.66822816,0.03276190,3.99002877,1.18458730,-3.81038195,-0.02973512,-0.14981348,0.18632935,9.98729960,-0.56114587,-0.31989979,2.02388889,4
117.37867778,31.96142390,41.25933385,-193.19680469,129.69479595,41.25533385,-71.63677220,0.63836531,0.02101258,3.98733622,1.18067086,-3.80866850,-0.02900079,-0.10771176,0.08743923,10.01030869,-0.80274126,-0.26972041,2.05130397,4
117.37867678,31.96142419,41.25884430,-193.16533525,129.59988457,41.25484430,-71.67603034,0.60850204,0.00926310,3.98464362,1.17675437,-3.80695503,-0.02826644,-0.06560945,-0.01145218,10.03331805,-1.04433994,-0.21954029,2.07871942,4
117.37867578,31.96142448,41.25835471,-193.13393159,129.50495168,41.25435471,-71.71606073,0.57863217,-0.00243871,3.98195718,1.17283860,-3.80524863,-0.02753563,-0.02358385,-0.10973684,10.05589762,-1.28495786,-0.16910657,2.10599064,4
117.37867478,31.96142477,41.25786411,-193.10259495,129.40999691,41.25386411,-71.75679737,0.54830296,-0.01059233,3.97972822,1.16898081,-3.80406795,-0.02706795,0.01270744,-0.16290727,10.04656914,-1.45257474,-0.09991045,2.12253477,4
117.37867378,31.96142507,41.25737074,-193.07132646,129.31501991,41.25337074,-71.79817238,0.51672732,-0.00911222,3.97874147,1.16528055,-3.80431463,-0.02731463,0.03342894,-0.09358889,9.95060881,-1.42198584,0.02022495,2.10995385,4
117.37867278,31.96142537,41.25687737,-193.04012714,129.22002040,41.25287737,-71.84011938,0.48515121,-0.00763209,3.97775473,1.16158022,-3.80456132,-0.02756132,0.05415077,-0.02426947,9.85464706,-1.39139649,0.14036216,2.09737275,4
117.37867178,31.96142567,41.25638400,-193.00899788,129.12499813,41.25238400,-71.88257640,0.45357597,-0.00615108,3.97676819,1.15787993,-3.80480820,-0.02780805,0.07486825,0.04504337,9.75868708,-1.36078603,0.26049542,2.08478851,4
117.37867078,31.96142595,41.25601494,-192.97793951,129.02995285,41.25201494,-71.92548631,0.42730319,-0.00100522,3.97675339,1.15450912,-3.80589692,-0.02823370,0.07602296,0.08261180,9.67532938,-1.24157869,0.35747699,2.05946370,4
117.37866978,31.96142623,41.25600000,-192.94695272,128.93488439,41.25200000,-71.96879646,0.41613952,0.01458301,3.97950741,1.15207717,-3.80938425,-0.02916914,0.02143648,0.02972877,9.62788153,-0.86993065,0.38848948,1.99783710,4
117.37866876,31.96142650,41.25600000,-192.91603817,128.83979256,41.25200000,-72.01245631,0.40561322,0.03061169,3.98237822,1.14968483,-3.81297276,-0.03012607,-0.03550123,-0.02696971,9.58194859,-0.48763461,0.41671910,1.93467931,4
117.37866775,31.96142677,41.25600000,-192.88519639,128.74467724,41.25200000,-72.05641440,0.39508886,0.04663823,3.98524825,1.14729233,-3.81656052,-0.03108288,-0.09243770,-0.08366154,9.53603070,-0.10536595,0.44490625,1.87151366,4
117.37866675,31.96142704,41.25600000,-192.85442785,128.64953831,41.25200000,-72.10061777,0.38967105,0.05707876,3.98608078,1.14444155,-3.81816334,-0.03169351,-0.14663446,-0.12307725,9.53010559,0.20711569,0.35925955,1.78663940,4
117.37866575,31.96142733,41.25600000,-192.82373293,128.55437568,41.25200000,-72.14501199,0.39996494,0.05033242,3.98064435,1.14018078,-3.81365892,-0.03123907,-0.19240210,-0.10933834,9.64722953,0.30488024,-0.07662984,1.63497175,4
117.37866475,31.96142762,41.25600000,-192.79311190,128.45918932,41.25200000,-72.18954273,0.41433046,0.03913218,3.97358333,1.13555460,-3.80757184,-0.03050862,-0.23598564,-0.08182471,9.79624141,0.34700288,-0.60328459,1.46599422,4
117.37866374,31.96142791,41.25599995,-192.76256496,128.36397919,41.25199995,-72.23415835,0.42869645,0.02792897,3.96652286,1.13092873,-3.80148526,-0.02977795,-0.27956006,-0.05431410,9.94523230,0.38913046,-1.12988192,1.29700647,4
117.37866273,31.96142818,41.25591527,-192.73209223,128.26874529,41.25191527,-72.27881063,0.44373112,0.01134847,3.96058764,1.12695399,-3.79643586,-0.02866901,-0.30550259,-0.03282540,10.05294313,0.43986930,-1.54192196,1.11134952,4
117.37866172,31.96142845,41.25555391,-192.70169373,128.17348766,41.25155391,-72.32345413,0.46095128,-0.02280951,3.95833087,1.12510783,-3.79477696,-0.02632348,-0.27380789,-0.03102217,10.02571184,0.51875642,-1.57947839,0.87120639,4
117.37866071,31.96142871,41.25507666,-192.67136943,128.07820635,41.25107666,-72.36804436,0.47908687,-0.06433048,3.95761499,1.12415332,-3.79453833,-0.02345996,-0.21796935,-0.03746508,9.94195402,0.60943439,-1.46016526,0.60824024,4
117.37865970,31.96142897,41.25459941,-192.64111920,127.98290143,41.25059941,-72.41253470,0.49722392,-0.10584904,3.95689955,1.12319905,-3.79430006,-0.02059662,-0.16213081,-0.04390490,9.85819929,0.70012195,-1.34084701,0.34529184,4
117.37865869,31.96142923,41.25412093,-192.61094287,127.88757301,41.25012093,-72.45687452,0.51763560,-0.14441087,3.95680117,1.12258273,-3.79455628,-0.01794252,-0.10565355,-0.04602908,9.77784963,0.80549374,-1.21283596,0.10447311,4
117.37865768,31.96142950,41.25363772,-192.58084014,127.79222121,41.24963772,-72.50100896,0.54680903,-0.17158566,3.95907942,1.12326800,-3.79671713,-0.01609429,-0.04671447,-0.03153094,9.71061275,0.96742738,-1.05133943,-0.05111688,4
117.37865667,31.96142978,41.25315078,-192.55081063,127.69684620,41.24915078,-72.54487913,0.58284194,-0.18984558,3.96321833,1.12497225,-3.80036912,-0.01487696,0.01415194,-0.00401932,9.65364179,1.17364277,-0.86362742,-0.13998183,4
117.37865567,31.96143006,41.25266385,-192.52085387,127.60144817,41.24866385,-72.58842377,0.61887633,-0.20810505,3.96735759,1.12667659,-3.80402145,-0.01365962,0.07501508,0.02348903,9.59669283,1.37985679,-0.67593871,-0.22883240,4
117.37865466,31.96143034,41.25217811,-192.49096928,127.50602734,41.24817811,-72.63158075,0.65695517,-0.22599206,3.97193195,1.12849394,-3.80811006,-0.01242182,0.13256700,0.04741591,9.56504651,1.58627187,-0.51391767,-0.30158104,4
117.37865365,31.96143061,41.25169764,-192.46115617,127.41058397,41.24769764,-72.67428804,0.70413234,-0.24222206,3.97844253,1.13081418,-3.81414017,-0.01109291,0.17538585,0.05540629,9.64599234,1.79358605,-0.46611032,-0.30268024,4
117.37865263,31.96143086,41.25122270,-192.43141375,127.31511834,41.24722270,-72.71648496,0.76088750,-0.25670769,3.98699142,1.13366381,-3.82221412,-0.00966810,0.20269483,0.04661993,9.84546655,2.00184662,-0.53853846,-0.22835234,4
117.37865161,31.96143111,41.25074773,-192.40174114,127.21963078,41.24674773,-72.75811270,0.81764092,-0.27119200,3.99554024,1.13651340,-3.83028802,-0.00824340,0.23000193,0.03783595,10.04492840,2.21006473,-0.61093938,-0.15402757,4
117.37865060,31.96143136,41.25024199,-192.37213735,127.12412163,41.24624199,-72.79911445,0.87311332,-0.28443284,4.00409382,1.13934422,-3.83837658,-0.00692984,0.25562501,0.03145853,10.23337993,2.37601019,-0.65569486,-0.08225611,4
117.37864958,31.96143162,41.24948803,-192.34260130,127.02859126,41.24548803,-72.83943555,0.91826334,-0.28765157,4.01268619,1.14202395,-3.84658378,-0.00651197,0.26767552,0.04447880,10.33309432,2.20122611,-0.47761607,-0.03106115,4
117.37864857,31.96143189,41.24828489,-192.31313182,126.93304009,41.24428489,-72.87902296,0.94473257,-0.27273255,4.02134885,1.14443024,-3.85500582,-0.00771511,0.25516278,0.09260468,10.27221509,1.40979605,0.10374453,-0.01710464,4
117.37864756,31.96143216,41.24708175,-192.28372766,126.83746853,41.24308175,-72.91782521,0.97120171,-0.25781357,4.03001147,1.14683652,-3.86342782,-0.00891825,0.24265009,0.14073039,10.21133604,0.61836865,0.68510313,-0.00314818,4
117.37864655,31.96143243,41.24587842,-192.25438748,126.74187704,41.24187842,-72.95579247,0.99764757,-0.24288706,4.03867215,1.14924219,-3.87184789,-0.01012197,0.23011544,0.18880986,10.15043428,-0.17274246,1.26609374,0.01080888,4
117.37864554,31.96143269,41.24455682,-192.22510986,126.64626610,41.24055682,-72.99287619,1.00889610,-0.22300974,4.04607629,1.15125325,-3.87901299,-0.01169643,0.20320941,0.20671590,10.07459739,-0.75802760,1.60717530,0.02517857,4
117.37864453,31.96143294,41.24291385,-192.19589329,126.55063620,41.23891385,-73.02902895,0.97885325,-0.18968095,4.05006637,1.15219208,-3.88276835,-0.01427823,0.13725596,0.14264013,9.95818134,-0.78408039,1.29641955,0.04066942,4
117.37864351,31.96143319,41.24127090,-192.16673619,126.45498787,41.23727090,-73.06420402,0.94881071,-0.15635251,4.05405640,1.15313092,-3.88652366,-0.01686002,0.07130320,0.07856503,9.84176651,-0.81013290,0.98566705,0.05616010,4
117.37864249,31.96143342,41.23962821,-192.13763690,126.35932165,41.23562821,-73.09835507,0.91877159,-0.12303136,4.05804494,1.15406935,-3.89027759,-0.01944120,0.00536377,0.01451399,9.72538849,-0.83618165,0.67495836,0.07164391,4
117.37864148,31.96143367,41.23821721,-192.10859368,126.26363810,41.23421721,-73.13143726,0.89170685,-0.09649212,4.06061767,1.15462970,-3.89271025,-0.02146035,-0.04825088,-0.02650291,9.64399874,-0.85885646,0.40345534,0.08050697,4
117.37864046,31.96143393,41.23751594,-192.07960473,126.16793781,41.23351594,-73.16340869,0.87375222,-0.09072608,4.05885364,1.15403189,-3.89109566,-0.02175798,-0.06411448,0.00303607,9.66978097,-0.87119707,0.25203661,0.06908991,4
117.37863945,31.96143419,41.23703626,-192.05066816,126.07222139,41.23303626,-73.19423164,0.85864192,-0.09144562,4.05573563,1.15307250,-3.88821751,-0.02151812,-0.06819186,0.05460296,9.72902294,-0.88031121,0.13810974,0.05134131,4
117.37863843,31.96143445,41.23655660,-192.02178203,125.97648945,41.23255660,-73.22387318,0.84353101,-0.09216752,4.05261772,1.15211319,-3.88533941,-0.02127814,-0.07226956,0.10615287,9.78825834,-0.88941567,0.02416459,0.03358571,4
117.37863742,31.96143471,41.23611413,-191.99294436,125.88074264,41.23211413,-73.25230415,0.82767161,-0.09544844,4.04957698,1.15122826,-3.88250159,-0.02089220,-0.07670769,0.13949698,9.84065160,-0.88801247,-0.11022289,0.00813655,4
117.37863639,31.96143496,41.23580029,-191.96415310,125.78498160,41.23180029,-73.27949726,0.80922365,-0.10757945,4.04680309,1.15060056,-3.87980309,-0.02000141,-0.08239240,0.10987909,9.86938255,-0.85027009,-0.31530784,-0.04391979,4
117.37863537,31.96143521,41.23556245,-191.93540619,125.68920698,41.23156245,-73.30542539,0.78924584,-0.12494112,4.04418695,1.15012490,-3.87718695,-0.01881225,-0.08881384,0.04304857,9.88412807,-0.79105016,-0.56217645,-0.11170163,4
117.37863436,31.96143544,41.23532464,-191.90670148,125.59341946,41.23132464,-73.33006077,0.76926859,-0.14230394,4.04157090,1.14964930,-3.87457089,-0.01762302,-0.09523233,-0.02377262,9.89887377,-0.73184484,-0.80903320,-0.17948351,4
117.37863335,31.96143569,41.23511029,-191.87803680,125.49761972,41.23111029,-73.35337551,0.74971361,-0.16138359,4.03902233,1.14924441,-3.87199848,-0.01631293,-0.09799353,-0.07966991,9.91404651,-0.69040885,-1.04428526,-0.24827251,4
117.37863233,31.96143594,41.23500000,-191.84940994,125.40180846,41.23100000,-73.37534359,0.73203176,-0.18808350,4.03677314,1.14915335,-3.86961978,-0.01446643,-0.08452358,-0.08708892,9.93111524,-0.72783215,-1.22804631,-0.32153450,4
117.37863132,31.96143620,41.23500000,-191.82081862,125.30598638,41.23100000,-73.39594255,0.71633473,-0.22285842,4.03484120,1.14939485,-3.86744635,-0.01205150,-0.05385402,-0.04313726,9.95019317,-0.84881995,-1.35724487,-0.39953662,4
117.37863031,31.96143647,41.23500006,-191.79226054,125.21015420,41.23100006,-73.41515435,0.70063749,-0.25763276,4.03290967,1.14963648,-3.86527331,-0.00963662,-0.02318417,0.00081048,9.96926386,-0.96979831,-1.48642343,-0.47754063,4
117.37862929,31.96143673,41.23510017,-191.76373339,125.11431263,41.23110017,-73.43296512,0.68443210,-0.29174678,4.03162381,1.15010647,-3.86371767,-0.00726778,0.00823136,0.03888367,9.97693329,-1.07674024,-1.58476208,-0.55928643,4
117.37862828,31.96143700,41.23581712,-191.73523481,125.01846241,41.23181712,-73.44936417,0.66509342,-0.32178985,4.03431905,1.15198444,-3.86596886,-0.00518288,0.04424508,0.04073548,9.91430372,-1.09713632,-1.49294600,-0.66410488,4
117.37862727,31.96143726,41.23747083,-191.70676245,124.92260427,41.23347083,-73.46434332,0.64099637,-0.34565065,4.04306014,1.15600061,-3.87400121,-0.00352917,0.08724177,-0.01241977,9.74491567,-0.98610093,-1.11235444,-0.80396225,4
117.37862626,31.96143752,41.23912455,-191.67831392,124.82673892,41.23512455,-73.47789693,0.61689938,-0.36951139,4.05180120,1.16001677,-3.88203353,-0.00187545,0.13023835,-0.06557489,9.57552804,-0.87506580,-0.73176383,-0.94381925,4
117.37862525,31.96143778,41.24077821,-191.64988685,124.73086712,41.23677821,-73.49002266,0.59280503,-0.39336937,4.06054201,1.16403293,-3.89006558,-0.00022192,0.17322890,-0.11872024,9.40617108,-0.76401305,-0.35122892,-1.08366347,4
117.37862424,31.96143805,41.24230706,-191.62147885,124.63498958,41.23830706,-73.50072245,0.57498606,-0.41063258,4.06872336,1.16805583,-3.89747318,0.00098780,0.20174603,-0.14841394,9.31059749,-0.60945567,-0.10428274,-1.19312031,4
117.37862323,31.96143832,41.24349911,-191.59308755,124.53910703,41.23949911,-73.51000317,0.57410053,-0.41010053,4.07539502,1.17209697,-3.90319573,0.00100000,0.19120818,-0.11482563,9.41412102,-0.33750440,-0.21781229,-1.22058007,4
117.37862223,31.96143861,41.24468775,-191.56471059,124.44322019,41.24068775,-73.51787607,0.57338735,-0.40938735,4.08205136,1.17613832,-3.90890117,0.00100000,0.18027276,-0.08059298,9.51967164,-0.06435653,-0.33501152,-1.24720546,4
117.37862122,31.96143888,41.24587635,-191.53634562,124.34732978,41.24187635,-73.52435463,0.57267519,-0.40867449,4.08870797,1.18017976,-3.91460687,0.00100002,0.16933952,-0.04636062,9.62522296,0.20878302,-0.45219677,-1.27382690,4
117.37862021,31.96143914,41.24691039,-191.50799033,124.25143650,41.24291039,-73.52945190,0.57633293,-0.40933948,4.09625497,1.18444122,-3.92120888,0.00109814,0.16818647,-0.01445114,9.73021337,0.43680789,-0.50532668,-1.28262410,4
117.37861919,31.96143940,41.24748673,-191.47964243,124.15554103,41.24348673,-73.53317778,0.59292945,-0.41408414,4.10643819,1.18935405,-3.93046473,0.00148673,0.19599158,0.01057993,9.83354109,0.53124855,-0.36879418,-1.23864530,4
117.37861817,31.96143963,41.24794821,-191.45129962,124.05964409,41.24394821,-73.53553761,0.61277314,-0.41985265,4.11728299,1.19443034,-3.94038658,0.00194821,0.23106416,0.03388474,9.93645143,0.59216407,-0.18466315,-1.18142163,4
117.37861715,31.96143987,41.24840969,-191.42295963,123.96374635,41.24440969,-73.53653361,0.63261668,-0.42562098,4.12812776,1.19950661,-3.95030837,0.00240968,0.26613634,0.05718929,10.03936030,0.65307728,-0.00053219,-1.12419850,4
117.37861613,31.96144012,41.24878641,-191.39462018,123.86784850,41.24478641,-73.53616829,0.65057903,-0.42764186,4.13870149,1.20447539,-3.95995800,0.00258728,0.29542094,0.07673964,10.11912946,0.66989273,0.19509017,-1.07438531,4
117.37861511,31.96144037,41.24883198,-191.36627899,123.77195123,41.24483198,-73.53444758,0.66119200,-0.41502187,4.14821650,1.20902425,-3.96854444,0.00165584,0.30209436,0.08162297,10.10849508,0.51442253,0.43561120,-1.05352133,4
117.37861411,31.96144063,41.24859890,-191.33793382,123.67605522,41.24459890,-73.53138354,0.66562089,-0.39008238,4.15684067,1.21321979,-3.97623627,-0.00020880,0.28974174,0.07416483,10.02179108,0.21398308,0.71391250,-1.05701649,4
117.37861309,31.96144089,41.24836582,-191.30958244,123.58016115,41.24436582,-73.52699415,0.67004949,-0.36514230,4.16546481,1.21741532,-3.98392807,-0.00207347,0.27738825,0.06670611,9.93508351,-0.08646330,0.99221582,-1.06051275,4
117.37861207,31.96144115,41.24813285,-191.28122263,123.48426968,41.24413285,-73.52130063,0.67365173,-0.34045365,4.17381634,1.22152921,-3.99135768,-0.00391732,0.26257908,0.05942010,9.85246246,-0.37282194,1.24088562,-1.06331221,4
117.37861106,31.96144141,41.24790087,-191.25285225,123.38838145,41.24390087,-73.51432399,0.67065335,-0.31777354,4.17999034,1.22499097,-3.99669300,-0.00559467,0.22815564,0.05351371,9.80248278,-0.54665353,1.25285851,-1.06054589,4
117.37861004,31.96144166,41.24767065,-191.22446916,123.29249712,41.24367065,-73.50608231,0.65592157,-0.29866390,4.18229351,1.22729351,-3.99830545,-0.00697611,0.15886547,0.05005974,9.81052727,-0.52045404,0.84407333,-1.04788571,4
117.37860902,31.96144190,41.24744042,-191.19607126,123.19661732,41.24344042,-73.49659084,0.64118709,-0.27955513,4.18459576,1.22959576,-3.99991704,-0.00835746,0.08956742,0.04660635,9.81858519,-0.49420826,0.43519185,-1.03522328,4
117.37860801,31.96144213,41.24721019,-191.16765649,123.10074267,41.24321019,-73.48586465,0.62645267,-0.26044643,4.18689802,1.23189802,-4.00152862,-0.00973882,0.02026960,0.04315297,9.82664307,-0.46796257,0.02631163,-1.02256090,4
117.37860699,31.96144238,41.24713542,-191.13922278,123.00487379,41.24313542,-73.47392214,0.61087072,-0.25006747,4.18785442,1.23379322,-4.00189559,-0.01050041,-0.03426187,0.03963215,9.83176374,-0.48728906,-0.31892235,-1.01787444,4
117.37860597,31.96144264,41.24751052,-191.11076814,122.90901130,41.24351052,-73.46078835,0.59283589,-0.26495291,4.18491581,1.23451037,-3.99866061,-0.00946840,-0.04605886,0.03591616,9.82838394,-0.63850442,-0.47996220,-1.03627081,4
117.37860496,31.96144289,41.24798010,-191.08229058,122.81315580,41.24398010,-73.44649584,0.57428588,-0.28514449,4.18115916,1.23498010,-3.99466912,-0.00805968,-0.04888062,0.03215916,9.82321884,-0.81741976,-0.60231719,-1.05951516,4
117.37860394,31.96144315,41.24844973,-191.05378821,122.71730785,41.24444973,-73.43108258,0.55573558,-0.30533848,4.17740215,1.23544973,-3.99067728,-0.00665080,-0.05169839,0.02840215,9.81805295,-0.99634788,-0.72465518,-1.08276174,4
117.37860293,31.96144342,41.24877683,-191.02525918,122.62146802,41.24477683,-73.41458912,0.53625659,-0.32870692,4.17339521,1.23595505,-3.98639987,-0.00499227,-0.05337584,0.02721111,9.81295779,-1.14995172,-0.88453941,-1.11702481,4
117.37860192,31.96144367,41.24861057,-190.99670174,122.52563684,41.24461057,-73.39705575,0.51356307,-0.36306358,4.16852328,1.23658392,-3.98113398,-0.00246955,-0.05110606,0.03490228,9.80810757,-1.21589440,-1.17438877,-1.18942131,4
117.37860090,31.96144393,41.24814080,-190.96811417,122.42981485,41.24414080,-73.37852115,0.48889196,-0.40418007,4.16311919,1.23728880,-3.97526000,0.00058480,-0.04640800,0.04805762,9.80340800,-1.22790962,-1.54419108,-1.28527697,4
117.37859989,31.96144418,41.24767085,-190.93949483,122.33400253,41.24367085,-73.35902400,0.46421953,-0.44530077,4.15771476,1.23799373,-3.96938561,0.00363948,-0.04170849,0.06121625,9.79870849,-1.23989337,-1.91404234,-1.38114693,4
117.37859888,31.96144444,41.24721994,-190.91084216,122.23820036,41.24321994,-73.33860507,0.43979859,-0.48803050,4.15304448,1.23895195,-3.96418666,0.00679392,-0.02827691,0.07187826,9.79406335,-1.24850477,-2.24219592,-1.47235414,4
117.37859787,31.96144470,41.24686418,-190.88215465,122.14240882,41.24286418,-73.31730914,0.41663436,-0.53879672,4.15204160,1.24117545,-3.96236185,0.01044659,0.02877329,0.07006883,9.78968998,-1.24027020,-2.36205044,-1.54026741,4
117.37859686,31.96144497,41.24662674,-190.85343088,122.04662834,41.24262674,-73.29518601,0.39503287,-0.59955586,4.15559897,1.24497224,-3.96473265,0.01471877,0.14006133,0.05275166,9.78565450,-1.21108839,-2.22289339,-1.57921547,4
117.37859585,31.96144525,41.24638937,-190.82466951,121.95085933,41.24238937,-73.27228832,0.37343237,-0.66032211,4.15915950,1.24877013,-3.96710633,0.01899139,0.25138700,0.03542377,9.78161923,-1.18189211,-2.08355828,-1.61814386,4
117.37859484,31.96144552,41.24614118,-190.79586929,121.85510217,41.24214118,-73.24866899,0.35165781,-0.72003031,4.16295348,1.25264802,-3.96970318,0.02319592,0.36061872,0.01761280,9.77768480,-1.15278338,-1.93731979,-1.65672733,4
117.37859382,31.96144578,41.24574977,-190.76702907,121.75935723,41.24174977,-73.22437848,0.32757989,-0.76572772,4.16983813,1.25758495,-3.97525459,0.02649857,0.44212262,-0.00659319,9.77508545,-1.12483535,-1.69969181,-1.69074260,4
117.37859281,31.96144604,41.24505492,-190.73814776,121.66362485,41.24105492,-73.19946284,0.29862142,-0.78173698,4.18327166,1.26476589,-3.98706646,0.02789017,0.46487280,-0.04434967,9.77531502,-1.09934685,-1.26841667,-1.71507800,4
117.37859179,31.96144629,41.24435982,-190.70922437,121.56790533,41.24035982,-73.17396480,0.26965909,-0.79772419,4.19671017,1.27194855,-3.99888308,0.02928037,0.48757927,-0.08211654,9.77554672,-1.07386000,-0.83699381,-1.73940636,4
117.37859078,31.96144655,41.24366472,-190.68025796,121.47219897,41.23966472,-73.14792638,0.24069655,-0.81371150,4.21014880,1.27913126,-4.01069981,0.03067057,0.51028590,-0.11988369,9.77577842,-1.04837296,-0.40556783,-1.76373489,4
117.37858976,31.96144680,41.24292102,-190.65124766,121.37650605,41.23892102,-73.12139125,0.21692363,-0.82544233,4.22255641,1.28587157,-4.02158383,0.03171825,0.51573772,-0.14293093,9.77259009,-0.98840284,-0.08745476,-1.76089016,4
117.37858876,31.96144706,41.24203438,-190.62219269,121.28082682,41.23803438,-73.09440692,0.20841666,-0.82465224,4.23193103,1.29131045,-4.02972411,0.03175840,0.47043329,-0.12267823,9.75934155,-0.82699928,-0.10266372,-1.67811349,4
117.37858775,31.96144734,41.24110927,-190.59309234,121.18516150,41.23710927,-73.06702383,0.20401904,-0.82049171,4.24048925,1.29639901,-4.03712583,0.03152732,0.41146601,-0.09076984,9.74338492,-0.63829123,-0.20759777,-1.57382027,4
117.37858674,31.96144760,41.24018412,-190.56394599,121.08951030,41.23618412,-73.03929220,0.19962460,-0.81632856,4.24904683,1.30148730,-4.04452698,0.03129603,0.35248805,-0.05885236,9.72742617,-0.44956176,-0.31260167,-1.46951024,4
117.37858573,31.96144786,41.23923120,-190.53475310,120.99387338,41.23523120,-73.01125852,0.19706691,-0.81349399,4.25723337,1.30637558,-4.05161411,0.03114952,0.30234467,-0.03030900,9.71788220,-0.26693494,-0.38758006,-1.36146817,4
117.37858472,31.96144813,41.23817050,-190.50551322,120.89825092,41.23417050,-72.98296253,0.20163550,-0.81581412,4.26398033,1.31048779,-4.05748282,0.03133199,0.28647816,-0.01485678,9.73322653,-0.10798588,-0.34606399,-1.23894667,4
117.37858370,31.96144838,41.23701868,-190.47622593,120.80264303,41.23301868,-72.95443653,0.21222819,-0.82249168,4.26951036,1.31394397,-4.06232156,0.03179253,0.29958710,-0.01047097,9.76960986,0.03094775,-0.20607093,-1.10418502,4
117.37858269,31.96144864,41.23586678,-190.44689088,120.70704984,41.23186678,-72.92570845,0.22282561,-0.82917267,4.27503945,1.31739966,-4.06715952,0.03225329,0.31271869,-0.00609378,9.80600971,0.16986620,-0.06600058,-0.96941338,4
117.37858167,31.96144890,41.23470143,-190.41750776,120.61147147,41.23070143,-72.89680573,0.23344442,-0.83528928,4.28043628,1.32078266,-4.07187841,0.03267420,0.32444217,-0.00173594,9.84092478,0.30656220,0.07303125,-0.83494278,4
117.37858065,31.96144916,41.23338512,-190.38807631,120.51590800,41.22938512,-72.86775865,0.24430292,-0.83507300,4.28434893,1.32334997,-4.07526135,0.03264808,0.32036544,0.00240458,9.85917896,0.41831817,0.20040743,-0.70385273,4
117.37857964,31.96144942,41.23176523,-190.35859631,120.42035951,41.22776523,-72.83860283,0.25564341,-0.82212182,4.28527701,1.32427701,-4.07595776,0.03172299,0.28451573,0.00610805,9.84392928,0.47992138,0.30434473,-0.57956097,4
117.37857863,31.96144970,41.23014511,-190.32906761,120.32482606,41.22614511,-72.80937874,0.26698422,-0.80916088,4.28620280,1.32520280,-4.07665209,0.03079720,0.24864173,0.00981118,9.82865389,0.54148580,0.40826362,-0.45527490,4
117.37857762,31.96144996,41.22852500,-190.29949016,120.22930769,41.22452500,-72.78013050,0.27832500,-0.79620000,4.28712857,1.32612857,-4.07734643,0.02987143,0.21276787,0.01351428,9.81337857,0.60304999,0.51218213,-0.33098931,4
117.37857661,31.96145022,41.22700288,-190.26986393,120.13380440,41.22300288,-72.75090562,0.28963612,-0.78351821,4.28790460,1.32680364,-4.07794107,0.02899444,0.19197290,0.02171716,9.80852510,0.61671823,0.59943032,-0.20581910,4
117.37857560,31.96145048,41.22576448,-190.24018903,120.03831618,41.22176448,-72.72175514,0.30086147,-0.77164444,4.28824704,1.32675275,-4.07824706,0.02825869,0.21483972,0.04294943,9.83384875,0.49170081,0.63840913,-0.07808665,4
117.37857458,31.96145074,41.22459736,-190.21046561,119.94284299,41.22059736,-72.69273445,0.31206527,-0.75997367,4.28848053,1.32651947,-4.07848053,0.02755842,0.24867636,0.06745530,9.86675426,0.33183925,0.66526057,0.05028965,4
117.37857357,31.96145099,41.22343030,-190.18069395,119.84738475,41.21943030,-72.66390373,0.32326908,-0.74830304,4.28871395,1.32628605,-4.07871395,0.02685817,0.28252120,0.09196362,9.89966543,0.17195163,0.69210301,0.17866658,4
117.37857256,31.96145124,41.22226317,-190.15087441,119.75194137,41.21826317,-72.63532741,0.32906512,-0.73470016,4.28891517,1.32598825,-4.07894737,0.02596474,0.30642034,0.11122591,9.93315798,-0.04920838,0.73134128,0.28892627,4
117.37857155,31.96145150,41.22109581,-190.12100749,119.65651269,41.21709581,-72.60707260,0.31528894,-0.71410398,4.28899994,1.32545736,-4.07918084,0.02437208,0.29432334,0.11150129,9.96875457,-0.49212940,0.81544338,0.33361445,4
117.37857053,31.96145176,41.21992826,-190.09109377,119.56109855,41.21592826,-72.57920692,0.28727823,-0.68842171,4.28900000,1.32475696,-4.07941435,0.02227086,0.25604690,0.09796781,10.00588135,-1.09633300,0.93217408,0.33061348,4
117.37856952,31.96145204,41.21876072,-190.06113396,119.46569873,41.21476072,-72.55179738,0.25925725,-0.66273582,4.28900000,1.32405644,-4.07964786,0.02016930,0.21775158,0.08442434,10.04300914,-1.70065188,1.04892811,0.32757787,4
117.37856851,31.96145231,41.21750732,-190.03112888,119.37031299,41.21350732,-72.52491048,0.23026406,-0.63839806,4.28840630,1.32318565,-4.07931614,0.01816479,0.17675027,0.06986509,10.07150505,-2.24113884,1.12448239,0.32568453,4
117.37856750,31.96145257,41.21571675,-190.00107946,119.27494104,41.21171675,-72.49861313,0.19518815,-0.62249340,4.28409850,1.32124975,-4.07544852,0.01676746,0.11881978,0.04895095,10.04600195,-2.38231573,0.94229923,0.33093699,4
117.37856649,31.96145285,41.21310998,-189.97098674,119.17958257,41.20910998,-72.47297465,0.15086959,-0.61940269,4.27414718,1.31769542,-4.06620809,0.01629272,0.03516558,0.01838063,9.93844809,-1.91674657,0.36848739,0.34704742,4
117.37856549,31.96145313,41.21050264,-189.94085187,119.08423721,41.20650264,-72.44806725,0.10654485,-0.61632130,4.26419189,1.31413996,-4.05696390,0.01581866,-0.04850626,-0.01219634,9.83083615,-1.45074419,-0.20560100,0.36316551,4
117.37856448,31.96145340,41.20789534,-189.91067613,118.98890459,41.20389534,-72.42396444,0.06222068,-0.61323994,4.25423673,1.31058455,-4.04771982,0.01534461,-0.13217700,-0.04277290,9.72322561,-0.98474792,-0.77968186,0.37928339,4
117.37856347,31.96145368,41.20561413,-189.88046094,118.89358426,41.20161413,-72.40073884,0.03108170,-0.62194639,4.24486193,1.30709053,-4.03899112,0.01585809,-0.18011680,-0.06792027,9.65987970,-0.55116897,-1.20942737,0.41564528,4
117.37856247,31.96145396,41.20418122,-189.85020781,118.79827575,41.20018122,-72.37845910,0.03424393,-0.66131965,4.23699672,1.30375618,-4.03160298,0.01894070,-0.13510190,-0.07894392,9.71168893,-0.20191504,-1.26368736,0.50467386,4
117.37856146,31.96145424,41.20275258,-189.81991837,118.70297856,41.19875258,-72.35718634,0.03757734,-0.70084556,4.22913914,1.30042266,-4.02422161,0.02203610,-0.08962348,-0.08989696,9.76407243,0.14691413,-1.31607243,0.59396436,4
117.37856046,31.96145452,41.20132393,-189.78959435,118.60769215,41.19732393,-72.33697276,0.04091083,-0.74037130,4.22128161,1.29708917,-4.01684029,0.02513149,-0.04414507,-0.10084987,9.81645594,0.49574065,-1.36845594,0.68325443,4
117.37855946,31.96145480,41.19973721,-189.75923756,118.51241596,41.19573721,-72.31786109,0.04619390,-0.77747321,4.21458330,1.29401912,-4.01067088,0.02801610,-0.00867802,-0.11016936,9.86283260,0.70093101,-1.39976296,0.76595802,4
117.37855845,31.96145508,41.19769988,-189.72884985,118.41714942,41.19369988,-72.29988495,0.05703460,-0.80766581,4.21118948,1.29170011,-4.00795618,0.03029992,-0.00174993,-0.11483249,9.89208601,0.49666079,-1.37098775,0.82988625,4
117.37855744,31.96145536,41.19555697,-189.69843316,118.32189192,41.19155697,-72.28307113,0.06917713,-0.83624031,4.20856964,1.28955697,-4.00605064,0.03244303,-0.00150633,-0.11840504,9.91732894,0.19648309,-1.32813954,0.88941731,4
117.37855644,31.96145564,41.19341397,-189.66798943,118.22664286,41.18941397,-72.26744228,0.08132086,-0.86481378,4.20595040,1.28741397,-4.00414575,0.03458603,-0.00126822,-0.12197672,9.94256884,-0.10377654,-1.28527932,0.94894539,4
117.37855544,31.96145592,41.19134971,-189.63752065,118.13140160,41.18734971,-72.25301904,0.09125286,-0.89592076,4.20344939,1.28515209,-4.00235916,0.03684791,0.00596582,-0.13013377,9.93986816,-0.30573950,-1.27150350,1.00998355,4
117.37855443,31.96145621,41.18954293,-189.60702886,118.03616752,41.18554293,-72.23982154,0.09395553,-0.93530772,4.20133482,1.28250175,-4.00095933,0.03949825,0.03606596,-0.15327797,9.84584328,-0.18641313,-1.35279086,1.07595591,4
117.37855343,31.96145650,41.18787470,-189.57651610,117.94093998,41.18387470,-72.22786938,0.09276764,-0.97915076,4.19942823,1.27964234,-3.99976764,0.04235766,0.07847193,-0.18448777,9.70267064,0.10582053,-1.48523815,1.14458380,4
117.37855243,31.96145679,41.18620659,-189.54598447,117.84571831,41.18220659,-72.21718139,0.09157614,-1.02299811,4.19752182,1.27678272,-3.99857614,0.04521728,0.12088948,-0.21570518,9.55945181,0.39821571,-1.61773344,1.21321445,4
117.37855142,31.96145707,41.18469778,-189.51543609,117.75050185,41.18069778,-72.20777576,0.09738515,-1.06199322,4.19666957,1.27424129,-3.99841188,0.04778503,0.16950786,-0.23221320,9.43587815,0.72609990,-1.63286242,1.27786672,4
117.37855042,31.96145735,41.18384051,-189.48487311,117.65528992,41.17984051,-72.19966994,0.13182916,-1.08114008,4.20012929,1.27300132,-4.00244949,0.04915894,0.24348956,-0.18855340,9.39266296,1.19914491,-1.16791392,1.32624495,4
117.37854941,31.96145762,41.18360335,-189.45429771,117.56008185,41.17960335,-72.19288121,0.19352613,-1.08139665,4.20769286,1.27300000,-4.01048616,0.04939665,0.34161051,-0.08762966,9.42592791,1.81034501,-0.24605783,1.35913461,4
117.37854840,31.96145789,41.18336685,-189.42371209,117.46487693,41.17936685,-72.18742705,0.25525234,-1.08163315,4.21526082,1.27300000,-4.01852713,0.04963315,0.43975755,0.01335537,9.45927426,2.42169466,0.67628789,1.39200795,4
117.37854739,31.96145816,41.18307457,-189.39311849,117.36967446,41.17907457,-72.18332478,0.31609914,-1.07826109,4.22278174,1.27296648,-4.02652090,0.04961262,0.52874673,0.11253269,9.50567006,2.96082973,1.56182630,1.42596592,4
117.37854638,31.96145844,41.18236646,-189.36251918,117.27447373,41.17836646,-72.18059103,0.37038896,-1.04799024,4.22995183,1.27268314,-4.03416272,0.04767619,0.54946914,0.19823233,9.64933760,2.96164968,2.17297230,1.46800787,4
117.37854537,31.96145872,41.18095770,-189.33191644,117.17927402,41.17695770,-72.17924077,0.41363047,-0.97239667,4.23653072,1.27197885,-4.04121149,0.04251157,0.45516604,0.26122264,9.95690172,2.05544089,2.32178166,1.52367076,4
117.37854436,31.96145900,41.17954809,-189.30131260,117.08407459,41.17554809,-72.17928659,0.45685862,-0.89674743,4.24310892,1.27127404,-4.04825956,0.03734299,0.36072195,0.32418537,10.26466729,1.14811978,2.47002600,1.57935049,4
117.37854335,31.96145928,41.17813847,-189.27070998,116.98887473,41.17413847,-72.18073957,0.50008685,-0.82109800,4.24968713,1.27056923,-4.05530764,0.03217440,0.26627764,0.38714825,10.57243356,0.24079663,2.61827067,1.63503034,4
117.37854235,31.96145956,41.17672594,-189.24011094,116.89367368,41.17272594,-72.18361075,0.52104496,-0.75571419,4.25282503,1.26871165,-4.05909818,0.02760104,0.17533385,0.39831125,10.76552455,-0.52734115,2.59194389,1.69131040,4
117.37854134,31.96145982,41.17530563,-189.20951785,116.79847070,41.17130563,-72.18791280,0.48274886,-0.71764420,4.24680929,1.26378688,-4.05422135,0.02461145,0.09370416,0.27165039,10.65349860,-0.92514646,2.10113511,1.74918725,4
117.37854034,31.96146008,41.17388459,-189.17893311,116.70326504,41.16988459,-72.19366150,0.43894169,-0.68211489,4.23994221,1.25857686,-4.04853838,0.02176920,0.01294117,0.13217112,10.51309418,-1.28850509,1.56712713,1.80721235,4
117.37853933,31.96146036,41.17246358,-189.14835913,116.60805595,41.16846358,-72.20087483,0.39512693,-0.64658940,4.23307395,1.25336644,-4.04285430,0.01892715,-0.06782010,-0.00732561,10.37265011,-1.65181237,1.03306069,1.86523731,4
117.37853832,31.96146063,41.17113158,-189.11779837,116.51284265,41.16713158,-72.20957067,0.35425879,-0.62116706,4.22362156,1.24753461,-4.03468283,0.01677590,-0.14905388,-0.11922092,10.21099978,-1.85216212,0.49661837,1.87434975,4
117.37853731,31.96146090,41.17006712,-189.08725332,116.41762437,41.16606712,-72.21976396,0.32224752,-0.62611397,4.20640125,1.23983471,-4.01903426,0.01670108,-0.23170906,-0.14814901,9.98560237,-1.56267146,-0.04697261,1.73643350,4
117.37853630,31.96146117,41.16910510,-189.05672649,116.32240034,41.16510510,-72.23146412,0.29362682,-0.64268697,4.18620717,1.23141965,-4.00052324,0.01742116,-0.31490856,-0.14531531,9.73580057,-1.08565749,-0.59330136,1.54223085,4
117.37853528,31.96146145,41.16814325,-189.02622039,116.22716976,41.16414325,-72.24467415,0.26501155,-0.65927902,4.16600816,1.22300340,-3.98200748,0.01814256,-0.39810927,-0.14242974,9.48595803,-0.60833559,-1.13963654,1.34793559,4
117.37853428,31.96146173,41.16714109,-188.99573753,116.13193186,41.16314109,-72.25939189,0.24336147,-0.68638723,4.14599367,1.21481437,-3.96360870,0.01971337,-0.45650220,-0.13651471,9.32865184,-0.18071754,-1.69873876,1.17281751,4
117.37853328,31.96146201,41.16600061,-188.96528043,116.03668587,41.16200061,-72.27561142,0.24561725,-0.74958825,4.12661275,1.20740529,-3.94561169,0.02419944,-0.42975036,-0.12020218,9.48894690,0.07630414,-2.30165304,1.06352055,4
117.37853227,31.96146229,41.16476933,-188.93485160,115.94143101,41.16076933,-72.29332455,0.26356770,-0.83648488,4.10764778,1.20050828,-3.92787844,0.03059946,-0.34709939,-0.09706352,9.85775304,0.22132608,-2.93333059,0.99743642,4
117.37853127,31.96146258,41.16353789,-188.90445350,115.84616653,41.15953789,-72.31252187,0.28154678,-0.92342487,4.08868352,1.19361219,-3.91014564,0.03700296,-0.26434630,-0.07391235,10.22694018,0.36614398,-3.56506175,0.93143098,4
117.37853027,31.96146287,41.16230708,-188.87408861,115.75089165,41.15830708,-72.33319142,0.29466663,-1.01132927,4.07226795,1.18750085,-3.89486322,0.04340319,-0.17447464,-0.05757613,10.48962801,0.41313861,-4.05357206,0.86877959,4
117.37852927,31.96146316,41.16107859,-188.84375937,115.65560564,41.15707859,-72.35531701,0.28996676,-1.10276986,4.06519886,1.18426736,-3.88856686,0.04979132,-0.05849840,-0.06623143,10.36176425,0.10139903,-4.01686584,0.81842835,4
117.37852827,31.96146345,41.15985192,-188.81346821,115.56030776,41.15585192,-72.37887659,0.27134914,-1.19697279,4.06542962,1.18328154,-3.88928885,0.05617003,0.07786685,-0.09440592,9.92886741,-0.49052418,-3.56994964,0.77768364,4
117.37852727,31.96146374,41.15862523,-188.78321749,115.46499729,41.15462523,-72.40384143,0.25270348,-1.29118241,4.06567496,1.18230019,-3.89002487,0.06254881,0.21427453,-0.12261973,9.49535595,-1.08301437,-3.12220861,0.73695760,4
117.37852626,31.96146403,41.15763973,-188.75300953,115.36967352,41.15363973,-72.43017736,0.23911551,-1.37762471,4.06777634,1.18184661,-3.89250998,0.06845290,0.33860963,-0.14047315,9.11245864,-1.46345541,-2.67074048,0.70118386,4
117.37852526,31.96146431,41.15763648,-188.72284660,115.27433576,41.15363648,-72.45784654,0.24612472,-1.43243215,4.07743609,1.18354232,-3.90211796,0.07242365,0.41377575,-0.11613474,8.93569565,-0.98034416,-2.20411369,0.68557901,4
117.37852425,31.96146459,41.15857429,-188.69273088,115.17898337,41.15457429,-72.48680945,0.27286718,-1.45693146,4.09433717,1.18729715,-3.91855003,0.07454215,0.44183503,-0.05137419,8.95642146,0.33009830,-1.72296503,0.68929715,4
117.37852325,31.96146486,41.15951409,-188.66266451,115.08361569,41.15551409,-72.51702643,0.29965178,-1.48136653,4.11125375,1.19105639,-3.93499670,0.07665672,0.46979440,0.01347272,8.97756719,1.64230855,-1.24178212,0.69305639,4
117.37852224,31.96146514,41.16043567,-188.63264956,114.98823211,41.15643567,-72.54845745,0.32842999,-1.50375220,4.12818817,1.19480644,-3.95147033,0.07864376,0.49836323,0.07847298,9.01782603,2.87655962,-0.75432691,0.70242487,4
117.37852124,31.96146542,41.16119609,-188.60268801,114.89283203,41.15719609,-72.58106034,0.37482411,-1.50802673,4.14527942,1.19847511,-3.96818137,0.07950374,0.53231661,0.14482546,9.22698117,3.42185122,-0.21146570,0.76136045,4
117.37852023,31.96146570,41.16166630,-188.57278179,114.79741489,41.15766630,-72.61478933,0.45293867,-1.47968895,4.16265304,1.20199723,-3.98531988,0.07833426,0.57596574,0.21361270,9.74026351,2.72654755,0.43116240,0.90955027,4
117.37851922,31.96146599,41.16213588,-188.54293275,114.70198014,41.15813588,-72.64959414,0.53112363,-1.45127940,4.18002748,1.20551909,-4.00245953,0.07716031,0.61963662,0.28240608,10.25421810,2.02851785,1.07401653,1.05793734,4
117.37851822,31.96146627,41.16260546,-188.51314264,114.60652727,41.15860546,-72.68542032,0.60930962,-1.42286948,4.19740214,1.20904098,-4.01959940,0.07598634,0.66330807,0.35120036,10.76817946,1.33047897,1.71687910,1.20632636,4
117.37851721,31.96146653,41.16278692,-188.48341313,114.51105579,41.15878692,-72.72221214,0.65943606,-1.38633665,4.21214996,1.21151297,-4.03428499,0.07396580,0.65699349,0.37490642,11.09803323,0.61736803,2.17172543,1.33921975,4
117.37851619,31.96146678,41.16220542,-188.45374579,114.41556524,41.15820542,-72.75991616,0.63526027,-1.32829539,4.21994162,1.21120483,-4.04247132,0.06970359,0.51831712,0.27921931,10.94036648,-0.13563691,2.12869826,1.43107792,4
117.37851516,31.96146701,41.16152074,-188.42414211,114.32005521,41.15752074,-72.79848302,0.60103684,-1.26734558,4.22679263,1.21052074,-4.04977881,0.06513825,0.36174185,0.16738704,10.71677406,-0.89403730,2.01834556,1.51738715,4
117.37851414,31.96146723,41.16083584,-188.39460350,114.22452528,41.15683584,-72.83786796,0.56679197,-1.20638971,4.23364160,1.20983584,-4.05708438,0.06057226,0.20512863,0.05552045,10.49304089,-1.65244709,1.90784877,1.60368422,4
117.37851311,31.96146747,41.16018177,-188.36513130,114.12897509,41.15618177,-72.87802882,0.53263461,-1.15171350,4.23793523,1.20838869,-4.06196826,0.05638805,0.06535748,-0.04180467,10.25483746,-2.20889384,1.75387101,1.67786856,4
117.37851209,31.96146771,41.15963605,-188.33572677,114.03340427,41.15563605,-72.91892254,0.49878443,-1.11910772,4.23324761,1.20426246,-4.05834067,0.05354561,-0.01522064,-0.08802217,9.96577249,-2.05550883,1.44706894,1.70948120,4
117.37851108,31.96146795,41.15916884,-188.30639111,113.93781251,41.15516884,-72.96050282,0.46515672,-1.10249393,4.22205224,1.19819497,-4.04854571,0.05167538,-0.05290812,-0.09720755,9.63985261,-1.38778358,1.02953031,1.71024674,4
117.37851006,31.96146820,41.15870179,-188.27712544,113.84219950,41.15470179,-73.00271887,0.43152928,-1.08591375,4.21084310,1.19212334,-4.03873771,0.04980718,-0.09050547,-0.10631499,9.31385322,-0.71897108,0.61175603,1.71094730,4
117.37850905,31.96146845,41.15805873,-188.24793079,113.74656496,41.15405873,-73.04551689,0.40156534,-1.07130440,4.19945361,1.18601183,-4.02873725,0.04814008,-0.12394993,-0.10917551,9.02803995,-0.08095234,0.20764050,1.70780959,4
117.37850804,31.96146870,41.15632362,-188.21880809,113.65090865,41.15232362,-73.08884257,0.39433353,-1.06892418,4.18694572,1.17965306,-4.01754303,0.04772079,-0.13162574,-0.07327584,8.99158054,0.36597432,-0.11170989,1.68085664,4
117.37850702,31.96146897,41.15296316,-188.18975819,113.55523035,41.14896316,-73.13264329,0.42093494,-1.08474510,4.17277333,1.17292632,-4.00457219,0.04915864,-0.10094890,0.02031195,9.32624484,0.52848784,-0.30489871,1.61845870,4
117.37850601,31.96146924,41.14959942,-188.16078185,113.45952988,41.14559942,-73.17686944,0.44760457,-1.10060272,4.15859757,1.16619885,-3.99159778,0.05060025,-0.07019474,0.11401605,9.66165746,0.69042775,-0.49783306,1.55598930,4
117.37850500,31.96146950,41.14623572,-188.13187976,113.36380706,41.14223572,-73.22147368,0.47385639,-1.11651740,4.14458696,1.15952868,-3.97878175,0.05204183,-0.03934662,0.20614334,9.99218420,0.84192461,-0.68743190,1.49355424,4
117.37850399,31.96146977,41.14287262,-188.10305252,113.26806177,41.13887262,-73.26640873,0.49091473,-1.13368901,4.13420991,1.15411947,-3.96945087,0.05348316,-0.00642910,0.26357390,10.21520234,0.76360013,-0.80363473,1.43187133,4
117.37850298,31.96147005,41.13951081,-188.07430065,113.17229389,41.13551081,-73.31162530,0.48783147,-1.15361449,4.13179343,1.15147278,-3.96775540,0.05492394,0.03102240,0.24498880,10.20268456,0.18176685,-0.75903725,1.37183589,4
117.37850197,31.96147032,41.13614899,-188.04562459,113.07650333,41.13214899,-73.35707047,0.48470977,-1.17354529,4.12939213,1.14883135,-3.96607449,0.05636472,0.06848271,0.22625865,10.18971752,-0.40102897,-0.71413292,1.31180336,4
117.37850097,31.96147059,41.13278715,-188.01702470,112.98069003,41.12878715,-73.40268675,0.48158806,-1.19347622,4.12699081,1.14618990,-3.96439357,0.05780551,0.10594327,0.20752837,10.17675041,-0.98382892,-0.66922827,1.25177040,4
117.37849996,31.96147086,41.12975245,-187.98850122,112.88485396,41.12575245,-73.44841339,0.46899757,-1.20985357,4.12726738,1.14434070,-3.96526564,0.05893753,0.14599525,0.18484747,10.13163555,-1.40612357,-0.57684706,1.20546843,4
117.37849894,31.96147112,41.12756444,-187.96005430,112.78899512,41.12356444,-73.49418782,0.43190361,-1.21703455,4.13447386,1.14454173,-3.97274442,0.05927047,0.19275287,0.15194335,10.00332831,-1.41305139,-0.36160570,1.19470062,4
117.37849793,31.96147139,41.12548412,-187.93168397,112.69311356,41.12148412,-73.53994705,0.39169312,-1.22304586,4.14256173,1.14500352,-3.98106349,0.05950177,0.24036331,0.11773898,9.86444003,-1.36714903,-0.13073810,1.18845238,4
117.37849692,31.96147164,41.12340400,-187.90339017,112.59720932,41.11940400,-73.58562936,0.35147745,-1.22905510,4.15065109,1.14546577,-3.98938397,0.05973289,0.28797497,0.08353255,9.72553419,-1.32115525,0.10015531,1.18221201,4
117.37849591,31.96147191,41.12150839,-187.87517274,112.50128251,41.11750839,-73.63117454,0.31743902,-1.23179988,4.15785143,1.14566533,-3.99685350,0.05977620,0.32016167,0.05916579,9.61152719,-1.21198405,0.28786801,1.17648753,4
117.37849490,31.96147218,41.12021134,-187.84703140,112.40533325,41.11621134,-73.67652320,0.30344140,-1.22395349,4.16216756,1.14501260,-4.00156231,0.05921014,0.30230418,0.06672250,9.57830006,-0.89783767,0.33548840,1.17243661,4
117.37849389,31.96147245,41.11927595,-187.81896579,112.30936170,41.11527595,-73.72161624,0.30155190,-1.20970825,4.16474113,1.14384493,-4.00460316,0.05827595,0.25421146,0.09356642,9.59387782,-0.45985188,0.29846903,1.16939684,4
117.37849288,31.96147272,41.11834115,-187.79097545,112.21336803,41.11434115,-73.76639418,0.29968231,-1.19545256,4.16731184,1.14267644,-4.00764126,0.05734115,0.20606931,0.12044190,9.60953572,-0.02166482,0.26131077,1.16635874,4
117.37849186,31.96147298,41.11742576,-187.76305980,112.11735246,41.11342576,-73.81079680,0.29905322,-1.18339245,4.16962117,1.14143514,-4.01041753,0.05657367,0.16082164,0.14355640,9.63991291,0.36552710,0.20224415,1.16617075,4
117.37849084,31.96147323,41.11660871,-187.73521819,112.02131523,41.11260871,-73.85476413,0.30471144,-1.18245995,4.17060591,1.13982485,-4.01186689,0.05665413,0.13024324,0.14760966,9.74489230,0.49426809,0.03213864,1.18042786,4
117.37848982,31.96147347,41.11591601,-187.70744985,111.92525661,41.11191601,-73.89823727,0.31831847,-1.19559580,4.16991601,1.13774803,-4.01163866,0.05780665,0.11821084,0.12756430,9.94418905,0.29625627,-0.27835008,1.21294752,4
117.37848880,31.96147370,41.11522350,-187.67975391,111.82917689,41.11122350,-73.94115894,0.33193770,-1.20875336,4.16922350,1.13567052,-4.01140783,0.05896082,0.10620746,0.10748171,10.14363000,0.09773866,-0.58905322,1.24549517,4
117.37848778,31.96147393,41.11453102,-187.65212941,111.73307640,41.11053102,-73.98347426,0.34555672,-1.22191072,4.16853102,1.13359305,-4.01117701,0.06011498,0.09420425,0.08739942,10.34306786,-0.10077587,-0.89975155,1.27804232,4
117.37848676,31.96147417,41.11364173,-187.62457530,111.63695549,41.10964173,-74.02512992,0.34800074,-1.23648247,4.16770631,1.13137720,-4.01088057,0.06127425,0.09654721,0.06864859,10.42031758,-0.31172958,-1.05918173,1.29504304,4
117.37848574,31.96147441,41.11226446,-187.59709045,111.54081453,41.10826446,-74.06607362,0.32273364,-1.25456190,4.16655372,1.12881821,-4.01042149,0.06244625,0.13446513,0.05319897,10.19457314,-0.55353470,-0.84350871,1.27349293,4
117.37848472,31.96147466,41.11085717,-187.56967363,111.44465391,41.10685717,-74.10625405,0.29576237,-1.27285682,4.16538097,1.12623815,-4.00995239,0.06361903,0.17457074,0.03795265,9.95019470,-0.79723389,-0.60476603,1.24957184,4
117.37848371,31.96147491,41.10944986,-187.54232352,111.34847406,41.10544986,-74.14562127,0.26878901,-1.29115179,4.16420821,1.12365808,-4.00948329,0.06479179,0.21467895,0.02270684,9.70579265,-1.04093228,-0.36599321,1.22564765,4
117.37848269,31.96147516,41.10832198,-187.51503875,111.25227543,41.10432198,-74.18412882,0.24648531,-1.30435121,4.16418278,1.12149884,-4.01011323,0.06559453,0.24243435,0.01094527,9.50022269,-1.12655519,-0.16488908,1.20295286,4
117.37848167,31.96147540,41.10800048,-187.48781783,111.15605847,41.10400048,-74.22173670,0.23765802,-1.30284473,4.16746857,1.12055406,-4.01391514,0.06532938,0.23453919,0.00923925,9.40672025,-0.75596049,-0.07249493,1.18380565,4
117.37848065,31.96147564,41.10800000,-187.46065924,111.05982367,41.10400000,-74.25841333,0.23419561,-1.29548397,4.17207251,1.12009275,-4.01897977,0.06463912,0.21245191,0.01153627,9.35783130,-0.20375139,-0.02337767,1.16607080,4
117.37847963,31.96147587,41.10800000,-187.43356140,110.96357151,41.10400000,-74.29413686,0.23074120,-1.28811456,4.17667840,1.11963215,-4.02404625,0.06394824,0.19034369,0.01383919,9.30900897,0.34872401,0.02567495,1.14833816,4
117.37847861,31.96147611,41.10797716,-187.40652272,110.86730249,41.10397716,-74.32889511,0.23155454,-1.28112712,4.18119685,1.11910266,-4.02902567,0.06334812,0.17136826,0.01991234,9.29848984,0.84263372,0.07191459,1.13778435,4
117.37847759,31.96147635,41.10785407,-187.37954157,110.77101712,41.10385407,-74.36268342,0.25110235,-1.27581635,4.18533157,1.11827068,-4.03362310,0.06314643,0.16614492,0.04253600,9.45611363,1.07946035,0.10580656,1.15874395,4
117.37847657,31.96147660,41.10762194,-187.35261633,110.67471587,41.10362194,-74.39550209,0.29102608,-1.27232913,4.18904895,1.11710971,-4.03780506,0.06337806,0.17587846,0.08316026,9.79661199,1.03668110,0.12626916,1.21397795,4
117.37847555,31.96147685,41.10738964,-187.32574539,110.57839925,41.10338964,-74.42735375,0.33098111,-1.26884467,4.19276569,1.11594823,-4.04198639,0.06361036,0.18563492,0.12381218,10.13739121,0.99347391,0.14671126,1.26926456,4
117.37847454,31.96147709,41.10714555,-187.29892714,110.48206775,41.10314555,-74.45824044,0.37043635,-1.26535513,4.19647165,1.11478504,-4.04615684,0.06383667,0.19505900,0.16370131,10.47387051,0.94552866,0.16653185,1.32350224,4
117.37847352,31.96147734,41.10648860,-187.27215996,110.38572185,41.10248860,-74.48816172,0.39240098,-1.26168813,4.19979995,1.11356271,-4.04994563,0.06385355,0.19285256,0.17689802,10.65987214,0.73180749,0.16460453,1.34103443,4
117.37847250,31.96147757,41.10490964,-187.24544224,110.28936204,41.10090964,-74.51711495,0.37530475,-1.25762481,4.20228484,1.11220827,-4.05288208,0.06340275,0.16467229,0.13048393,10.50981933,0.14786844,0.11410874,1.27659420,4
117.37847148,31.96147780,41.10332922,-187.21877235,110.19298880,41.09932922,-74.54509672,0.35814584,-1.25356085,4.20476837,1.11085362,-4.05581716,0.06295121,0.13645038,0.08397422,10.35922722,-0.43666375,0.06353508,1.21202246,4
117.37847046,31.96147803,41.10174879,-187.19214867,110.09660261,41.09774879,-74.57210532,0.34098693,-1.24949691,4.20725189,1.10949897,-4.05875223,0.06249966,0.10822851,0.03746457,10.20863529,-1.02119523,0.01296148,1.14745081,4
117.37846944,31.96147827,41.10024366,-187.16556956,110.00020396,41.09624366,-74.59814300,0.32380005,-1.24913024,4.20888839,1.10809808,-4.06080129,0.06229114,0.08797360,-0.00086577,10.05421577,-1.40876079,-0.06682979,1.05760462,4
117.37846842,31.96147850,41.09896872,-187.13903342,109.90379332,41.09496872,-74.62321662,0.30652762,-1.26006994,4.20793468,1.10655580,-4.06014087,0.06282586,0.09208175,-0.01418368,9.88809152,-1.19400260,-0.23596892,0.89046870,4
117.37846740,31.96147875,41.09781403,-187.11253862,109.80737116,41.09381403,-74.64733564,0.28921043,-1.27691518,4.20562805,1.10493964,-4.05806525,0.06374878,0.10891518,-0.01443719,9.71585310,-0.66463921,-0.45177662,0.68296238,4
117.37846638,31.96147899,41.09665954,-187.08608358,109.71093795,41.09265954,-74.67050816,0.27189309,-1.29377073,4.20331908,1.10332335,-4.05598717,0.06467237,0.12577073,-0.01466809,9.54360328,-0.13472859,-0.66766612,0.47538519,4
117.37846536,31.96147924,41.09559657,-187.05966671,109.61449415,41.09159657,-74.69273638,0.25699589,-1.31062637,4.20148206,1.10194354,-4.05434469,0.06564914,0.14408905,-0.01276792,9.39943630,0.33957727,-0.85667231,0.27611905,4
117.37846433,31.96147947,41.09500111,-187.03328644,109.51804021,41.09100111,-74.71401377,0.25446146,-1.32748240,4.20205596,1.10177171,-4.05492738,0.06689763,0.16987949,0.00001824,9.39872432,0.52983692,-0.90835047,0.11930924,4
117.37846331,31.96147970,41.09500000,-187.00694116,109.42157660,41.09100000,-74.73432616,0.26764398,-1.34433886,4.20569489,1.10313558,-4.05833895,0.06849151,0.20516923,0.02664387,9.58038849,0.35898431,-0.78544159,0.01647533,4
117.37846228,31.96147992,41.09500000,-186.98062923,109.32510378,41.09100000,-74.75365549,0.28085560,-1.36119507,4.20933947,1.10450230,-4.06175575,0.07008601,0.24047615,0.05329490,9.76238997,0.18746102,-0.66220905,-0.08625641,4
117.37846126,31.96148015,41.09500000,-186.95434898,109.22862223,41.09100000,-74.77198482,0.29406701,-1.37805100,4.21298399,1.10586900,-4.06517249,0.07168050,0.27578250,0.07994550,9.94438849,0.01594050,-0.53897850,-0.18898649,4
117.37846023,31.96148037,41.09470184,-186.92809874,109.13213244,41.09070184,-74.78930246,0.30307234,-1.39172223,4.21717285,1.10735783,-4.06913309,0.07298017,0.30299350,0.08405186,10.06988099,-0.09386408,-0.44631858,-0.25531873,4
117.37845921,31.96148061,41.09365364,-186.90187679,109.03563490,41.08965364,-74.80560393,0.30149717,-1.39738243,4.22273112,1.10915392,-4.07446189,0.07353826,0.30984065,0.03144647,10.05323106,-0.04841995,-0.43055920,-0.23009085,4
117.37845819,31.96148085,41.09250571,-186.87568143,108.93913007,41.08850571,-74.82089131,0.29851485,-1.40197716,4.22847145,1.11099087,-4.07997260,0.07399772,0.31397944,-0.02870081,10.01767700,0.01767112,-0.42502740,-0.19268613,4
117.37845718,31.96148109,41.09135758,-186.84951095,108.84261845,41.08735758,-74.83517197,0.29552972,-1.40656968,4.23421210,1.11282787,-4.08548362,0.07445697,0.31811271,-0.08886279,9.98208499,0.08380338,-0.41951638,-0.15525712,4
117.37845616,31.96148133,41.09017953,-186.82336368,108.74610052,41.08617953,-74.84845755,0.29144910,-1.40951651,4.24076002,1.11486505,-4.09176824,0.07477589,0.32430597,-0.12963661,9.93597715,0.10026956,-0.36272853,-0.12722340,4
117.37845513,31.96148156,41.08890317,-186.79723795,108.64957673,41.08490317,-74.86076333,0.28376960,-1.40705702,4.24996013,1.11755990,-4.10059441,0.07463377,0.33726679,-0.10671776,9.85532201,-0.04642567,-0.13748602,-0.13005428,4
117.37845411,31.96148179,41.08756191,-186.77113214,108.55304755,41.08356191,-74.87210846,0.27371432,-1.40102859,4.26091107,1.12068888,-4.11109837,0.07418731,0.35469517,-0.04175261,9.75186069,-0.30083084,0.19896070,-0.15326023,4
117.37845308,31.96148202,41.08622051,-186.74504464,108.45651343,41.08222051,-74.88251619,0.26365380,-1.39499228,4.27186586,1.12381881,-4.12160603,0.07374018,0.37213341,0.02330541,9.64834912,-0.55547377,0.53565277,-0.17651121,4
117.37845206,31.96148224,41.08488561,-186.71897390,108.35997480,41.08088561,-74.89201436,0.25379292,-1.38866334,4.28270497,1.12692241,-4.13200129,0.07327285,0.38842760,0.08690816,9.54792654,-0.80093506,0.86505674,-0.20029216,4
117.37845104,31.96148247,41.08368935,-186.69291842,108.26343207,41.07968935,-74.90063532,0.24818889,-1.37609534,4.29107735,1.12946420,-4.13999987,0.07237515,0.38032881,0.11948027,9.51336860,-0.85062355,1.03905845,-0.23537203,4
117.37845002,31.96148271,41.08278526,-186.66687675,108.16688566,41.07878526,-74.90841465,0.25155528,-1.35037989,4.29425158,1.13082211,-4.14294791,0.07057052,0.32082712,0.08666196,9.61760622,-0.48776324,0.88558306,-0.29426182,4
117.37844900,31.96148294,41.08188187,-186.64084750,108.07033593,41.07788187,-74.91538929,0.25494303,-1.32463298,4.29741349,1.13217721,-4.14588396,0.06876372,0.26120269,0.05368786,9.72217481,-0.12391874,0.73132743,-0.35320870,4
117.37844798,31.96148318,41.08097845,-186.61482936,107.97378326,41.07697845,-74.92159558,0.25833080,-1.29888591,4.30057542,1.13353232,-4.14882003,0.06695691,0.20157788,0.02071353,9.82674408,0.23992811,0.57707082,-0.41215595,4
117.37844697,31.96148342,41.07995129,-186.58882106,107.87722800,41.07595129,-74.92706758,0.26196488,-1.28066726,4.30294671,1.13472045,-4.15096565,0.06573226,0.15170618,-0.00381416,9.93181385,0.47974789,0.37995490,-0.45276336,4
117.37844594,31.96148365,41.07855597,-186.56282139,107.78067046,41.07455597,-74.93183734,0.26633165,-1.28484487,4.30296596,1.13541183,-4.15075973,0.06623950,0.13084917,-0.00321400,10.03837151,0.35060126,0.05534006,-0.43881179,4
117.37844492,31.96148388,41.07698206,-186.53682919,107.68411098,41.07298206,-74.93593710,0.27105382,-1.29988599,4.30184433,1.13586227,-4.14941320,0.06758680,0.12406598,0.00957466,10.14565103,0.04248384,-0.33111974,-0.39839584,4
117.37844389,31.96148411,41.07540770,-186.51084337,107.58754984,41.07140770,-74.93940134,0.27577691,-1.31495492,4.30071977,1.13631209,-4.14806375,0.06893625,0.11731869,0.02239448,10.25293282,-0.26609187,-0.71773901,-0.35791214,4
117.37844287,31.96148434,41.07384393,-186.48486288,107.49098733,41.06984393,-74.94226901,0.27910941,-1.33106149,4.29955854,1.13673845,-4.14668933,0.07033452,0.11294962,0.03096986,10.34018448,-0.55173027,-1.08272569,-0.32104195,4
117.37844185,31.96148457,41.07235504,-186.45888676,107.39442370,41.06835504,-74.94458383,0.27263391,-1.35448576,4.29813852,1.13699930,-4.14513887,0.07207694,0.12535410,0.00960900,10.28616182,-0.67558281,-1.29512572,-0.30965889,4
117.37844083,31.96148481,41.07098381,-186.43291410,107.29785921,41.06698381,-74.94639075,0.25074090,-1.38941294,4.29631174,1.13700000,-4.14331174,0.07436033,0.16412549,-0.05880969,10.01006491,-0.54511748,-1.26766803,-0.33834006,4
117.37843981,31.96148504,41.06961289,-186.40694410,107.20129406,41.06561289,-74.94773157,0.22880622,-1.42437134,4.29448385,1.13700000,-4.14148385,0.07664519,0.20296815,-0.12735557,9.73336804,-0.41396636,-1.23956422,-0.36712934,4
117.37843879,31.96148528,41.06824197,-186.38097599,107.10472846,41.06424197,-74.94864056,0.20687143,-1.45932989,4.29265596,1.13700000,-4.13965596,0.07893006,0.24181099,-0.19590176,9.45666992,-0.28281464,-1.21146028,-0.39591874,4
117.37843777,31.96148552,41.06708889,-186.35500908,107.00816259,41.06308889,-74.94914138,0.19224196,-1.48986313,4.29249937,1.13753800,-4.13939177,0.08099532,0.27998696,-0.22902313,9.26938305,-0.15934076,-1.15113111,-0.42605126,4
117.37843676,31.96148576,41.06650448,-186.32904269,106.91159663,41.06250448,-74.94924779,0.19668209,-1.50884450,4.29670551,1.13948034,-4.14320944,0.08248729,0.31642192,-0.16967245,9.31549362,-0.05590949,-1.00668250,-0.45968969,4
117.37843574,31.96148600,41.06605086,-186.30307616,106.81503075,41.06205086,-74.94896679,0.20550817,-1.52516893,4.30191507,1.14174569,-4.14796594,0.08384741,0.35245639,-0.08905365,9.41528467,0.04291183,-0.84288704,-0.49413440,4
117.37843472,31.96148623,41.06559762,-186.27710884,106.71846512,41.06159762,-74.94830224,0.21434652,-1.54148587,4.30712744,1.14401193,-4.15272504,0.08520715,0.38848962,-0.00837543,9.51522594,0.14171998,-0.67903774,-0.52858128,4
117.37843370,31.96148647,41.06509241,-186.25114009,106.62189991,41.06109241,-74.94725818,0.22136384,-1.55447294,4.31301533,1.14645996,-4.15813374,0.08635875,0.42223115,0.06873257,9.62501221,0.16287606,-0.48787629,-0.55103779,4
117.37843268,31.96148671,41.06438219,-186.22516927,106.52533529,41.06038219,-74.94584021,0.22119635,-1.55432200,4.32156866,1.14962528,-4.16610544,0.08668909,0.44693088,0.13175483,9.77364309,-0.12234603,-0.18895240,-0.52618618,4
117.37843166,31.96148697,41.06347703,-186.19919575,106.42877142,41.05947703,-74.94405445,0.21419691,-1.54167829,4.33265651,1.15347267,-4.17651427,0.08623851,0.46303289,0.18138314,9.95921085,-0.69889959,0.21244151,-0.45634981,4
117.37843064,31.96148721,41.06257129,-186.17321892,106.33220847,41.05857129,-74.94190606,0.20717746,-1.52899800,4.34375175,1.15732204,-4.18693021,0.08578565,0.47910967,0.23097209,10.14488637,-1.27630518,0.61413466,-0.38638184,4
117.37842961,31.96148745,41.06166556,-186.14723818,106.23564658,41.05766556,-74.93939751,0.20015804,-1.51631776,4.35484696,1.16117139,-4.19734613,0.08533278,0.49518641,0.28056089,10.33056135,-1.85370906,1.01582662,-0.31641408,4
117.37842860,31.96148769,41.06057376,-186.12125290,106.13908593,41.05657376,-74.93652803,0.15935081,-1.49802663,4.36491178,1.16442050,-4.20686390,0.08430721,0.49088612,0.25436399,10.45185871,-2.46706812,1.25448045,-0.22642843,4
117.37842757,31.96148793,41.05903907,-186.09526249,106.04252667,41.05503907,-74.93329575,0.03812118,-1.46638031,4.37252409,1.16624088,-4.21424398,0.08191848,0.43808411,0.04778069,10.41992402,-3.16601086,1.10506955,-0.08879555,4
117.37842654,31.96148815,41.05748922,-186.06926632,105.94596896,41.05348922,-74.92970032,-0.08586289,-1.43427657,4.38005238,1.16801232,-4.22155085,0.07948305,0.38362095,-0.16498078,10.38274114,-3.86788456,0.94236746,0.05046921,4
117.37842552,31.96148838,41.05593932,-186.04326378,105.84941296,41.05193932,-74.92574630,-0.20985483,-1.40217152,4.38758048,1.16978364,-4.22885751,0.07704750,0.32915305,-0.37775982,10.34554355,-4.56976754,0.77962803,0.18973873,4
117.37842449,31.96148861,41.05444743,-186.01725429,105.75285883,41.05044743,-74.92144501,-0.31804384,-1.37636728,4.39360817,1.17122506,-4.23469370,0.07503152,0.27992168,-0.56885867,10.28880604,-4.85939373,0.59233788,0.28370686,4
117.37842347,31.96148883,41.05316177,-185.99123726,105.65630673,41.04916177,-74.91681317,-0.37005875,-1.37296015,4.39430256,1.17149379,-4.23530283,0.07450701,0.24930440,-0.68289158,10.16261223,-3.68360721,0.31778103,0.21664559,4
117.37842245,31.96148906,41.05204105,-185.96521214,105.55975679,41.04804105,-74.91186973,-0.37714547,-1.38746633,4.39073137,1.17082464,-4.23173137,0.07517536,0.23357473,-0.73528697,9.98086688,-1.33577679,-0.02657234,0.02079235,4
117.37842143,31.96148930,41.05092085,-185.93917844,105.46320914,41.04692085,-74.90663148,-0.38409073,-1.40202896,4.38714671,1.17015250,-4.22814671,0.07584750,0.21789189,-0.78748842,9.79894594,1.01575290,-0.37114672,-0.17546718,4
117.37842041,31.96148953,41.04980065,-185.91313566,105.36666391,41.04580065,-74.90110954,-0.39103601,-1.41659163,4.38356206,1.16948038,-4.22456206,0.07651962,0.20220901,-0.83969000,9.61702455,3.36728858,-0.71572197,-0.37172721,4
117.37841939,31.96148977,41.04854659,-185.88708334,105.27012123,41.04454659,-74.89530845,-0.35635458,-1.42711748,4.38116927,1.16947164,-4.22203646,0.07705956,0.20058841,-0.79174183,9.47404312,4.79718985,-0.83611872,-0.53682954,4
117.37841837,31.96149000,41.04697794,-185.86102099,105.17358122,41.04297794,-74.88922794,-0.22383360,-1.42815509,4.38157783,1.17102210,-4.22200009,0.07728885,0.23201988,-0.50840116,9.42258681,4.06087206,-0.42960458,-0.62869821,4
117.37841734,31.96149024,41.04540471,-185.83494816,105.07704400,41.04140471,-74.88286574,-0.08988665,-1.42905445,4.38202722,1.17259529,-4.22200000,0.07751362,0.26393305,-0.22162981,9.37246430,3.29298438,-0.01541124,-0.71949966,4
117.37841632,31.96149047,41.04383146,-185.80886435,104.98050969,41.03983146,-74.87622055,0.04406399,-1.42995345,4.38247672,1.17416854,-4.22200000,0.07773836,0.29584746,0.06515042,9.32234519,2.52501569,0.39880190,-0.81029841,4
117.37841530,31.96149073,41.04229432,-185.78276909,104.88397842,41.03829432,-74.86929339,0.15060913,-1.43009089,4.38350658,1.17577822,-4.22261659,0.07792687,0.32156318,0.28769159,9.31052132,1.70843685,0.67175313,-0.85395648,4
117.37841429,31.96149097,41.04087234,-185.75666192,104.78745032,41.03687234,-74.86208598,0.16973612,-1.42779908,4.38638768,1.17750412,-4.22519994,0.07799975,0.32750630,0.30532283,9.42085165,0.73680200,0.49410691,-0.74724517,4
117.37841328,31.96149123,41.03952271,-185.73054234,104.69092550,41.03552271,-74.85459766,0.13393888,-1.42398100,4.39043188,1.17930306,-4.22901900,0.07800000,0.32102642,0.19421052,9.60793071,-0.33225393,0.03335325,-0.54605773,4
117.37841226,31.96149149,41.03817332,-185.70440990,104.59440409,41.03417332,-74.84682236,0.09795529,-1.42015776,4.39448004,1.18110224,-4.23284224,0.07800000,0.31450440,0.08266140,9.79527029,-1.40164127,-0.42836120,-0.34454961,4
117.37841125,31.96149174,41.03683621,-185.67826410,104.49788623,41.03283621,-74.83874600,0.06293355,-1.41813758,4.39818554,1.18279559,-4.23633531,0.07810610,0.30469858,-0.03020295,9.96247990,-2.38963409,-0.89849060,-0.15146107,4
117.37841023,31.96149198,41.03564877,-185.65210440,104.40137205,41.03164877,-74.83034716,0.03963783,-1.43809754,4.39771412,1.18319890,-4.23580318,0.07950556,0.25486247,-0.15909796,9.88429605,-2.38538411,-1.47119193,-0.06101317,4
117.37840921,31.96149222,41.03474325,-185.62593026,104.30486169,41.03074325,-74.82159895,0.03842906,-1.49945893,4.38937506,1.18117231,-4.22768926,0.08334119,0.12962607,-0.31818784,9.34389309,-0.51216116,-2.23709488,-0.16389778,4
117.37840818,31.96149245,41.03383873,-185.59974105,104.20835534,41.02983873,-74.81247124,0.03729841,-1.56096660,4.38100822,1.17913714,-4.21954854,0.08718541,0.00412330,-0.47738415,8.80185682,1.36766675,-3.00367932,-0.26746582,4
117.37840716,31.96149268,41.03293421,-185.57353611,104.11185316,41.02893421,-74.80293340,0.03616776,-1.62247393,4.37264141,1.17710197,-4.21140786,0.09102962,-0.12137879,-0.63657958,8.25982352,3.24748441,-3.77025961,-0.37103331,4
117.37840614,31.96149290,41.03221150,-185.54731472,104.01535535,41.02821150,-74.79295415,0.06192568,-1.69096593,4.36521579,1.17552216,-4.20411662,0.09586003,-0.16985916,-0.68837440,8.08979065,4.63350015,-4.25143713,-0.47257571,4
117.37840512,31.96149314,41.03200078,-185.52107612,103.91886212,41.02800078,-74.78250062,0.16340351,-1.77912804,4.36044046,1.17522467,-4.19921736,0.10346768,-0.00144330,-0.43772456,8.96732696,4.62896447,-3.92891304,-0.56841679,4
117.37840410,31.96149337,41.03200000,-185.49481947,103.82237371,41.02800000,-74.77153721,0.29593003,-1.87535547,4.35675194,1.17545300,-4.19529894,0.11221413,0.25591094,-0.06305726,10.27441903,4.05422617,-3.27682900,-0.66191943,4
117.37840308,31.96149361,41.03200000,-185.46854390,103.72589034,41.02800000,-74.76002380,0.42857058,-1.97161198,4.35306749,1.17568328,-4.19138420,0.12096472,0.51359283,0.31206678,11.58309300,3.47737797,-2.62352827,-0.75541259,4
117.37840206,31.96149385,41.03179826,-185.44224842,103.62941230,41.02779826,-74.74791590,0.54089962,-2.05166823,4.35252432,1.17678754,-4.19049889,0.12834038,0.75710789,0.62659002,12.68884680,2.70911698,-1.85415052,-0.82580413,4
117.37840104,31.96149409,41.03071311,-185.41593202,103.53293988,41.02671311,-74.73516653,0.56428491,-2.06078357,4.36573726,1.18171909,-4.20287975,0.12969518,0.93859076,0.67574274,12.90601565,1.10261606,-0.57643765,-0.79503258,4
117.37840001,31.96149433,41.02866267,-185.38959357,103.43647338,41.02466267,-74.72172826,0.49048562,-1.99238514,4.39398088,1.19083254,-4.22975600,0.12447129,1.05229430,0.43493771,12.15227006,-1.41979278,1.25671119,-0.65372483,4
117.37839899,31.96149456,41.02660847,-185.36323187,103.34001314,41.02260847,-74.70755601,0.41630601,-1.92368341,4.42228325,1.19996234,-4.25668890,0.11922166,1.16573203,0.19299806,11.39472506,-3.94577969,3.09202886,-0.51198472,4
117.37839797,31.96149480,41.02455427,-185.33684566,103.24355954,41.02055427,-74.69260956,0.34212663,-1.85498189,4.45058554,1.20909210,-4.28362171,0.11397204,1.27916943,-0.04894085,10.63718238,-6.47175883,4.92734090,-0.37024504,4
117.37839695,31.96149504,41.02270598,-185.31043360,103.14711294,41.01870598,-74.67685348,0.25921696,-1.77353245,4.47336017,1.21644487,-4.30522722,0.10744075,1.27753667,-0.26034356,9.85098926,-7.55936746,5.97145941,-0.28578597,4
117.37839593,31.96149528,41.02134605,-185.28399431,103.05067374,41.01734605,-74.66025585,0.15559972,-1.66184605,4.48302400,1.21958281,-4.31419708,0.09786948,1.00297125,-0.39931909,8.99683687,-5.23533834,5.13896647,-0.33718924,4
117.37839491,31.96149552,41.02001562,-185.25752635,102.95424235,41.01601562,-74.64278649,0.05073172,-1.54833328,4.49189584,1.22246615,-4.32240365,0.08811458,0.71191915,-0.53391933,8.13858035,-2.70522542,4.19311415,-0.39679950,4
117.37839389,31.96149575,41.01868531,-185.23102824,102.85781921,41.01468531,-74.62441451,-0.05414121,-1.43481332,4.50076459,1.22534849,-4.33060724,0.07835896,0.42080253,-0.66850256,7.28030738,-0.17430685,3.24681889,-0.45644183,4
117.37839287,31.96149599,41.01737975,-185.20449842,102.76140477,41.01337975,-74.60510750,-0.12398556,-1.34169586,4.50530188,1.22713559,-4.33465622,0.07035971,0.15627805,-0.73483066,6.65885909,2.15554189,2.26465226,-0.52884450,4
117.37839184,31.96149622,41.01616354,-185.17793532,102.66499947,41.01216354,-74.58483238,-0.06737832,-1.32223070,4.49420282,1.22496894,-4.32370723,0.06870093,-0.01224917,-0.55476105,6.89233787,3.75952931,1.15299606,-0.64731103,4
117.37839082,31.96149644,41.01502183,-185.15133728,102.56860382,41.01102183,-74.56355695,0.09469048,-1.36419205,4.47006293,1.21950482,-4.30024984,0.07233012,-0.10071422,-0.16919383,7.83883204,4.75814547,-0.06665678,-0.80419530,4
117.37838979,31.96149667,41.01388045,-185.12470260,102.47221830,41.00988045,-74.54125195,0.25722254,-1.40642299,4.44586574,1.21402621,-4.27673746,0.07598253,-0.18882852,0.21727636,8.78845757,5.75411091,-1.28678863,-0.96124875,4
117.37838877,31.96149689,41.01269764,-185.09802952,102.37584343,41.00869764,-74.51789251,0.41810443,-1.44927809,4.42194389,1.20865593,-4.25347799,0.07968414,-0.27306145,0.59443638,9.73060165,6.69536650,-2.48053990,-1.11948687,4
117.37838774,31.96149712,41.01069684,-185.07131628,102.27947974,41.00669684,-74.49345794,0.54639270,-1.50445428,4.40346019,1.20542495,-4.23521312,0.08435718,-0.28065088,0.78774073,10.52496076,6.55630811,-3.15332451,-1.30110581,4
117.37838673,31.96149736,41.00702912,-185.04456104,102.18312777,41.00302912,-74.46793059,0.60826216,-1.58473789,4.39605825,1.20655340,-4.22712622,0.09100971,-0.13205820,0.60638828,11.01816523,4.21581468,-2.76449501,-1.53036902,4
117.37838571,31.96149761,41.00335371,-185.01776198,102.08678807,40.99935371,-74.44129425,0.66982528,-1.66513749,4.38870743,1.20770196,-4.21908625,0.09767139,0.01725534,0.42330691,11.50998106,1.86516010,-2.37076668,-1.75985244,4
117.37838470,31.96149786,40.99967830,-184.99091722,101.99046120,40.99567830,-74.41353292,0.73138857,-1.74553730,4.38135660,1.20885053,-4.21104627,0.10433310,0.16656928,0.24022505,12.00179821,-0.48550071,-1.97703732,-1.98933648,4
117.37838368,31.96149811,40.99654053,-184.96402487,101.89414772,40.99258843,-74.38463088,0.76374117,-1.81746360,4.37757225,1.21128927,-4.20638315,0.11006520,0.30620356,0.09921054,12.18883724,-2.26853166,-1.68429028,-2.19185303,4
117.37838267,31.96149837,40.99487066,-184.93708302,101.79784823,40.99109727,-74.35457449,0.71634380,-1.86625544,4.38352503,1.21725035,-4.21093945,0.11325938,0.41941005,0.07304736,11.54378238,-2.50183270,-1.66724277,-2.32074291,4
117.37838165,31.96149862,40.99373530,-184.91008971,101.70156331,40.99018824,-74.32335442,0.63990623,-1.90662335,4.39302349,1.22449409,-4.21885290,0.11552940,0.52299365,0.08870581,10.59572787,-2.17081917,-1.75058785,-2.42282306,4
117.37838064,31.96149888,40.99260249,-184.88304302,101.60529356,40.98928200,-74.29096741,0.56332885,-1.94695108,4.40253902,1.23174401,-4.22678251,0.11779500,0.62653169,0.10456503,9.64621379,-1.83709590,-1.83441515,-2.52477518,4
117.37837963,31.96149914,40.99180188,-184.85594098,101.50903958,40.98868832,-74.25741695,0.49424139,-1.98407902,4.41253746,1.23910735,-4.23515681,0.11996194,0.72321005,0.12792641,8.80551547,-1.48454008,-1.84977080,-2.61637672,4
117.37837862,31.96149939,40.99259171,-184.82878167,101.41280196,40.98959115,-74.22271160,0.46101579,-2.00588615,4.42484775,1.24701353,-4.24566002,0.12165642,0.78704341,0.18720636,8.48582601,-1.04182471,-1.53729565,-2.65841944,4
117.37837761,31.96149965,40.99528507,-184.80156317,101.31658132,40.99228507,-74.18686171,0.47071195,-2.00935635,4.43992502,1.25556941,-4.25871121,0.12278545,0.81156569,0.28947586,8.78971341,-0.49120123,-0.83245217,-2.64114700,4
117.37837659,31.96149991,40.99798797,-184.77428358,101.22037823,40.99498797,-74.14987608,0.48062256,-2.01273497,4.45501618,1.26412858,-4.27177520,0.12391166,0.83589175,0.39196059,9.09671712,0.05996390,-0.12564540,-2.62357818,4
117.37837558,31.96150016,41.00069088,-184.74694102,101.12419330,40.99769088,-74.11175963,0.49053323,-2.01611360,4.47010743,1.27268779,-4.28483927,0.12503787,0.86021794,0.49444594,9.40372267,0.61113233,0.58116561,-2.60600926,4
117.37837457,31.96150040,41.00270134,-184.71953361,101.02802713,40.99970134,-74.07251307,0.50138855,-2.00811766,4.48406132,1.28091218,-4.29687889,0.12517883,0.86431937,0.52498181,9.68200910,0.92396177,1.12478220,-2.57918090,4
117.37837355,31.96150064,41.00299852,-184.69205947,100.93188031,40.99999852,-74.03213503,0.51458098,-1.97197920,4.49520109,1.28830806,-4.30638378,0.12288211,0.81838135,0.37750244,9.88923710,0.64709803,1.26462367,-2.52944336,4
117.37837253,31.96150088,41.00300000,-184.66451671,100.83575345,41.00000000,-73.99062521,0.52817690,-1.93098301,4.50585524,1.29556102,-4.31545126,0.12016462,0.76380611,0.19929629,10.08420227,0.26845070,1.33477476,-2.47575124,4
117.37837150,31.96150111,41.00300000,-184.63690345,100.73964715,41.00000000,-73.94798790,0.54177501,-1.88996205,4.51650709,1.30281334,-4.32451668,0.11744500,0.70918703,0.02093442,10.27910851,-0.11070993,1.40457839,-2.42203871,4
117.37837048,31.96150134,41.00273693,-184.60921784,100.64356203,40.99973693,-73.90423475,0.55174413,-1.85319326,4.52628492,1.30972620,-4.33274121,0.11496595,0.65566759,-0.11764193,10.41787756,-0.45675021,1.40975563,-2.36901432,4
117.37836946,31.96150157,41.00152843,-184.58145803,100.54749868,40.99852843,-73.85938483,0.54867134,-1.83170679,4.53292143,1.31541888,-4.33794362,0.11335151,0.60610176,-0.11323605,10.35490131,-0.68375372,1.18268445,-2.31846484,4
117.37836843,31.96150181,40.99953127,-184.55362222,100.45145770,40.99653127,-73.81346296,0.53471890,-1.82296884,4.53693746,1.32009370,-4.34062497,0.11245834,0.55983383,0.01044657,10.12362752,-0.81145696,0.76186916,-2.26997969,4
117.37836741,31.96150204,40.99753000,-184.52570866,100.35543966,40.99453000,-73.76649684,0.52070996,-1.81429664,4.54094001,1.32476334,-4.34329334,0.11156888,0.51358209,0.13474814,9.89147934,-0.93864924,0.34004436,-2.22150431,4
117.37836639,31.96150228,40.99552869,-184.49771564,100.25944514,40.99252869,-73.71851421,0.50670077,-1.80562428,4.54494264,1.32943308,-4.34596176,0.11067941,0.46732951,0.25905195,9.65932696,-1.06584386,-0.08178809,-2.17302804,4
117.37836538,31.96150252,40.99403399,-184.46964151,100.16347469,40.99103399,-73.66954150,0.48707597,-1.79904270,4.54899883,1.33415483,-4.34868680,0.11004300,0.43611842,0.33293047,9.50269785,-1.19230699,-0.30108846,-2.14480689,4
117.37836436,31.96150276,40.99372774,-184.44148463,100.06752886,40.99072774,-73.61960469,0.45427877,-1.79736573,4.55318055,1.33899852,-4.35154460,0.11000020,0.44019189,0.28852136,9.52323233,-1.31705125,-0.04529111,-2.16410013,4
117.37836334,31.96150301,40.99350677,-184.41324346,99.97160819,40.99050677,-73.56873242,0.42053620,-1.79604064,4.55737132,1.34385100,-4.35441196,0.11000000,0.44679683,0.23562542,9.55647735,-1.44167351,0.24459409,-2.18680242,4
117.37836232,31.96150325,40.99328620,-184.38491645,99.87571320,40.99028620,-73.51695992,0.38678877,-1.79471720,4.56156219,1.34870358,-4.35727938,0.11000000,0.45341396,0.18268826,9.58978364,-1.56629640,0.53464557,-2.20952128,4
117.37836130,31.96150349,40.99309260,-184.35650217,99.77984439,40.99009260,-73.46433126,0.35735457,-1.79250926,4.56564315,1.35355317,-4.36003773,0.10994634,0.46139529,0.12997140,9.62991069,-1.60590453,0.75806542,-2.23343348,4
117.37836028,31.96150373,40.99300046,-184.32799924,99.68400225,40.99000046,-73.41089886,0.34415282,-1.78697271,4.56931049,1.35839143,-4.36238556,0.10969077,0.47451013,0.07808487,9.69570486,-1.32558123,0.73072926,-2.26183583,4
117.37835926,31.96150397,40.99300000,-184.29940638,99.58818722,40.99000000,-73.35672080,0.34561528,-1.77842913,4.57260418,1.36321946,-4.36436250,0.10925278,0.49226257,0.02694843,9.78468643,-0.75623544,0.47686298,-2.29429456,4
117.37835824,31.96150422,40.99300000,-184.27072242,99.49239974,40.99000000,-73.30185674,0.34715147,-1.76987038,4.57589601,1.36804748,-4.36633761,0.10881387,0.51003844,-0.02418463,9.87378523,-0.18543250,0.22185605,-2.32677393,4
117.37835721,31.96150447,40.99300000,-184.24194628,99.39664020,40.99000000,-73.24636425,0.34868767,-1.76131156,4.57918786,1.37287553,-4.36831271,0.10837495,0.52781444,-0.07531808,9.96288472,0.38537479,-0.03315284,-2.35925355,4
117.37835620,31.96150473,40.99288652,-184.21307699,99.30090898,40.98988652,-73.19029775,0.34886273,-1.75450839,4.58321854,1.37793235,-4.37096943,0.10804935,0.54656170,-0.09458425,10.01973410,0.63997148,-0.16763365,-2.37988724,4
117.37835519,31.96150499,40.99249617,-184.18411365,99.20520642,40.98949617,-73.13370954,0.34571660,-1.75198912,4.58905198,1.38354734,-4.37528924,0.10800023,0.56767865,-0.03609242,9.99789095,0.12299527,-0.00801835,-2.37161608,4
117.37835418,31.96150527,40.99205684,-184.15505544,99.10953285,40.98905684,-73.07665172,0.34198316,-1.75022736,4.59520420,1.38926105,-4.37990315,0.10800000,0.58921471,0.03614941,9.96213266,-0.53041837,0.20360191,-2.35823369,4
117.37835317,31.96150554,40.99161728,-184.12590167,99.01388856,40.98861728,-73.01917862,0.33824696,-1.74846916,4.60135795,1.39497523,-4.38451846,0.10800000,0.61075279,0.10845582,9.92630911,-1.18447276,0.41546631,-2.34482734,4
117.37835216,31.96150582,40.99117812,-184.09665169,98.91827382,40.98817812,-72.96134776,0.33098743,-1.74445235,4.60775968,1.40076244,-4.38938309,0.10780516,0.63001226,0.16402207,9.88656116,-1.76242689,0.62849304,-2.32806182,4
117.37835116,31.96150610,40.99074071,-184.06730499,98.82268888,40.98774071,-72.90321923,0.30724163,-1.72986720,4.61532182,1.40689132,-4.39541430,0.10669865,0.63860960,0.14125791,9.82845044,-1.98429179,0.84695741,-2.29557831,4
117.37835015,31.96150637,40.99030537,-184.03786114,98.72713394,40.98730537,-72.84485416,0.26423181,-1.70293306,4.62423987,1.41341942,-4.40280867,0.10452686,0.63474834,0.02696549,9.74888306,-1.79007002,1.07177544,-2.24472851,4
117.37834914,31.96150664,40.98987004,-184.00831982,98.63160918,40.98687004,-72.78631267,0.22113437,-1.67594274,4.63316410,1.41994934,-4.41020925,0.10235021,0.63083040,-0.08774337,9.66921807,-1.59395488,1.29662221,-2.19379517,4
117.37834813,31.96150692,40.98943471,-183.97868081,98.53611475,40.98643471,-72.72765252,0.17803698,-1.64895244,4.64208830,1.42647925,-4.41760981,0.10017358,0.62691246,-0.20245209,9.58955320,-1.39783998,1.52146870,-2.14286188,4
117.37834713,31.96150719,40.98890341,-183.94894399,98.44065077,40.98590341,-72.66892909,0.14642312,-1.62302221,4.64919039,1.43236454,-4.42327866,0.09803813,0.61421940,-0.28626900,9.52183615,-1.14190318,1.62525536,-2.09855779,4
117.37834612,31.96150746,40.98811617,-183.91910931,98.34521734,40.98511617,-72.61019667,0.14542780,-1.59991835,4.65143420,1.43653110,-4.42433028,0.09601242,0.57812917,-0.28771901,9.48597552,-0.72646203,1.40625928,-2.07192907,4
117.37834511,31.96150774,40.98723436,-183.88917683,98.24981452,40.98423436,-72.55151019,0.15574628,-1.57785898,4.65188282,1.44006257,-4.42367577,0.09402731,0.53339372,-0.25873385,9.46188628,-0.25208514,1.06799385,-2.05183167,4
117.37834410,31.96150802,40.98635217,-183.85914669,98.15444235,40.98335217,-72.49292708,0.16611204,-1.55580419,4.65232392,1.44359133,-4.42301413,0.09204238,0.48862249,-0.22962152,9.43784655,0.22253403,0.72923222,-2.03176181,4
117.37834310,31.96150828,40.98547029,-183.82901915,98.05910083,40.98247029,-72.43450745,0.17698409,-1.53535216,4.65259125,1.44705375,-4.42218996,0.09021005,0.44486530,-0.20085584,9.42728051,0.66401157,0.39781652,-2.01333743,4
117.37834209,31.96150856,40.98459068,-183.79879454,97.96378993,40.98159068,-72.37631211,0.19164286,-1.52688396,4.65155927,1.45002027,-4.42015045,0.08951875,0.40868791,-0.17468032,9.51746640,0.85769418,0.12130973,-2.00721628,4
117.37834107,31.96150884,40.98371461,-183.76847331,97.86850960,40.98071461,-72.31840017,0.21220679,-1.53710340,4.64850112,1.45221348,-4.41621572,0.09060675,0.38433028,-0.15254376,9.76476697,0.66496352,-0.06957355,-2.02028094,4
117.37834007,31.96150910,40.98283855,-183.73805601,97.77325973,40.97983855,-72.26082634,0.23279415,-1.54739708,4.64543491,1.45440364,-4.41227346,0.09170182,0.36001967,-0.13042331,10.01269126,0.47069775,-0.26011608,-2.03342180,4
117.37833907,31.96150938,40.98196248,-183.70754326,97.67804022,40.97896248,-72.20363922,0.25338154,-1.55769077,4.64236871,1.45659378,-4.40833119,0.09279688,0.33570904,-0.10830281,10.26061592,0.27643170,-0.45065887,-2.04656269,4
117.37833805,31.96150966,40.98096087,-183.67693576,97.58285092,40.97796087,-72.14688280,0.26779376,-1.57109010,4.63937574,1.45891326,-4.40441864,0.09405916,0.32634003,-0.08997425,10.42504876,0.05232370,-0.61857511,-2.06388376,4
117.37833705,31.96150994,40.97959595,-183.64623430,97.48769165,40.97659595,-72.09059958,0.26433750,-1.59347582,4.63659467,1.46160695,-4.40059204,0.09580525,0.36020604,-0.08261801,10.34788952,-0.25813343,-0.72101839,-2.09330051,4
117.37833604,31.96151022,40.97803972,-183.61543971,97.39256223,40.97503972,-72.03483390,0.25147190,-1.62059360,4.63392522,1.46449768,-4.39681072,0.09780609,0.41683910,-0.08103972,10.14351053,-0.61406040,-0.78898402,-2.12908665,4
117.37833504,31.96151050,40.97648278,-183.58455292,97.29746242,40.97348278,-71.97963484,0.23857158,-1.64772872,4.63125618,1.46738913,-4.39302960,0.09980786,0.47355595,-0.07948278,9.93866263,-0.97015323,-0.85682182,-2.16489611,4
117.37833403,31.96151079,40.97494607,-183.55357492,97.20239199,40.97194607,-71.92505705,0.22562388,-1.67439545,4.62881065,1.47035799,-4.38945276,0.10177615,0.52904062,-0.07928084,9.73720394,-1.30231276,-0.91623896,-2.19990670,4
117.37833303,31.96151108,40.97364542,-183.52250682,97.10735064,40.97064542,-71.87115951,0.21212109,-1.69559431,4.62897506,1.47423128,-4.38826146,0.10335359,0.57013999,-0.09490483,9.57530790,-1.35497594,-0.87731211,-2.22559055,4
117.37833203,31.96151136,40.97276540,-183.49134981,97.01233806,40.96976540,-71.81800350,0.19762904,-1.70704985,4.63379032,1.47971627,-4.39132111,0.10423460,0.58560557,-0.13873019,9.48390985,-0.90958667,-0.66313937,-2.23465469,4
117.37833102,31.96151165,40.97188690,-183.46010521,96.91735389,40.96888690,-71.76565067,0.18313376,-1.71847037,4.63862208,1.48520691,-4.39439587,0.10511310,0.60097934,-0.18265527,9.39276531,-0.46242935,-0.44834573,-2.24365932,4
117.37833001,31.96151193,40.97100842,-183.42877441,96.82239775,40.96800842,-71.71416156,0.16863883,-1.72989062,4.64345373,1.49069742,-4.39747055,0.10599158,0.61635277,-0.22657932,9.30162292,-0.01528259,-0.23355715,-2.25266376,4
117.37832902,31.96151222,40.97016537,-183.39735892,96.72746922,40.96716537,-71.66359533,0.16386238,-1.74005600,4.64765554,1.49590028,-4.40002410,0.10679681,0.62159404,-0.24921593,9.26276651,0.38693801,-0.08656548,-2.24255509,4
117.37832801,31.96151251,40.96942978,-183.36586034,96.63256783,40.96642978,-71.61401106,0.18857164,-1.74641461,4.64994669,1.50023070,-4.40099664,0.10737983,0.59609464,-0.20726749,9.38254415,0.65287303,-0.14526255,-2.17445661,4
117.37832700,31.96151279,40.96876007,-183.33428035,96.53769310,40.96576007,-71.56546922,0.23135550,-1.75043957,4.65106655,1.50402627,-4.40100000,0.10782662,0.55175134,-0.12572859,9.59956381,0.83526085,-0.33004719,-2.07081091,4
117.37832601,31.96151308,40.96809061,-183.30262076,96.44284450,40.96509061,-71.51803218,0.27420075,-1.75445632,4.65218231,1.50781985,-4.40100000,0.10827293,0.50734401,-0.04405483,9.81691420,1.01735317,-0.51526365,-1.96704506,4
117.37832501,31.96151338,40.96740895,-183.27088348,96.34802146,40.96440895,-71.47176344,0.31640730,-1.75902091,4.65327301,1.51158355,-4.40097936,0.10876451,0.46398440,0.03526130,10.03089283,1.18883168,-0.69991506,-1.86191591,4
117.37832401,31.96151367,40.96650829,-183.23907050,96.25322338,40.96350829,-71.42672532,0.34719169,-1.77340370,4.65391528,1.51481350,-4.40058899,0.11006765,0.43937455,0.07237541,10.18456751,1.17022699,-0.87453657,-1.73230632,4
117.37832301,31.96151396,40.96518777,-183.20718393,96.15844963,40.96218777,-71.38297484,0.35608152,-1.80660771,4.65369796,1.51702038,-4.39948982,0.11292650,0.45070597,0.02859243,10.22264847,0.78724608,-1.02993665,-1.55576568,4
117.37832201,31.96151425,40.96386581,-183.17522598,96.06369954,40.96086581,-71.34056032,0.36489457,-1.83987702,4.65347764,1.51922365,-4.39838818,0.11579074,0.46216295,-0.01547288,10.26032431,0.40299648,-1.18526690,-1.37906375,4
117.37832101,31.96151455,40.96254387,-183.14319889,95.96897241,40.95954387,-71.29952020,0.37370754,-1.87314598,4.65325731,1.52142688,-4.39728655,0.11865496,0.47361981,-0.05953772,10.29799975,0.01875103,-1.34059548,-1.20236372,4
117.37832001,31.96151484,40.96136398,-183.11110501,95.87426752,40.95836398,-71.25988427,0.37812546,-1.90293842,4.65248188,1.52330717,-4.39573685,0.12112518,0.48047140,-0.10054216,10.28071913,-0.31288700,-1.40401662,-1.04499645,4
117.37831901,31.96151513,40.96062464,-183.07894667,95.77958413,40.95762464,-71.22167709,0.36891251,-1.92194913,4.64998485,1.52418585,-4.39279744,0.12237353,0.47304016,-0.13205567,10.09299561,-0.48137213,-1.18239394,-0.94758585,4
117.37831800,31.96151542,40.96017128,-183.04672629,95.68492150,40.95717128,-71.18492156,0.35085126,-1.93396104,4.64637025,1.52441436,-4.38895588,0.12282872,0.45633741,-0.15740823,9.79463143,-0.54394879,-0.77573899,-0.88909531,4
117.37831699,31.96151571,40.95971895,-183.01444630,95.59027885,40.95671895,-71.14964102,0.33275816,-1.94594772,4.64275163,1.52464053,-4.38511110,0.12328105,0.43960130,-0.18273858,9.49586917,-0.60614381,-0.36841815,-0.83074507,4
117.37831600,31.96151600,40.95928773,-182.98210917,95.49565539,40.95628773,-71.11585961,0.31568340,-1.95769864,4.63924621,1.52487353,-4.38137964,0.12374010,0.42399418,-0.20726961,9.21355804,-0.64869517,0.02102535,-0.76856194,4
117.37831500,31.96151629,40.95909291,-182.94971741,95.40105033,40.95609291,-71.08360021,0.31001283,-1.96680941,4.63700839,1.52518320,-4.37891705,0.12427452,0.42103060,-0.22284941,9.11548142,-0.47125668,0.21026317,-0.66345338,4
117.37831400,31.96151658,40.95931383,-182.91727357,95.30646284,40.95631383,-71.05288140,0.32439953,-1.97127677,4.63700000,1.52562768,-4.37868617,0.12494151,0.44030398,-0.22268617,9.34142942,0.09309208,0.04738696,-0.48284905,4
117.37831300,31.96151687,40.95953633,-182.88478023,95.21189210,40.95653633,-71.02371571,0.33886177,-1.97572669,4.63700000,1.52607267,-4.37846367,0.12560900,0.45966113,-0.22246367,9.56859781,0.65889933,-0.11681507,-0.30195983,4
117.37831199,31.96151716,40.95975882,-182.85223996,95.11733725,40.95675882,-70.99610890,0.35332409,-1.98017664,4.63700000,1.52651766,-4.37824118,0.12627649,0.47901839,-0.22224118,9.79576761,1.22471014,-0.28101812,-0.12106946,4
117.37831098,31.96151745,40.95980913,-182.81965536,95.02279747,40.95680913,-70.97006122,0.36907319,-1.98503918,4.63600336,1.52640160,-4.37719422,0.12690405,0.48911423,-0.20750122,9.97915584,1.54735441,-0.39773980,0.04505351,4
117.37830999,31.96151775,40.95937117,-182.78702901,94.92827189,40.95637117,-70.94557000,0.38847060,-1.99107154,4.63218084,1.52469470,-4.37380967,0.12741834,0.47294992,-0.15159855,10.03840273,1.18051735,-0.37983067,0.16930257,4
117.37830899,31.96151804,40.95868680,-182.75436349,94.83375967,40.95568680,-70.92263213,0.40970939,-1.99769432,4.62693209,1.52218491,-4.36924529,0.12787548,0.44353214,-0.07492093,10.03499624,0.46569976,-0.29397379,0.27241863,4
117.37830799,31.96151833,40.95800143,-182.72166136,94.73925996,40.95500143,-70.90124509,0.43095567,-2.00431951,4.62167762,1.51967191,-4.36467619,0.12833238,0.41406148,0.00183987,10.03134096,-0.25050589,-0.20784634,0.37545172,4
117.37830699,31.96151862,40.95730074,-182.68892521,94.64477191,40.95430074,-70.88140726,0.44897633,-2.01140393,4.61631640,1.51709735,-4.35999957,0.12880487,0.38224232,0.06913449,10.02398901,-0.89431162,-0.14950616,0.47317281,4
117.37830598,31.96151892,40.95651483,-182.65615758,94.55029465,40.95351483,-70.86311684,0.44905567,-2.02104227,4.61036150,1.51418050,-4.35472500,0.12936400,0.33736229,0.08377684,9.99607686,-1.13541318,-0.24571783,0.54134546,4
117.37830499,31.96151921,40.95561581,-182.62336103,94.45582733,40.95261581,-70.84637034,0.42531900,-2.03407074,4.60361859,1.51080929,-4.34865673,0.13003814,0.27514494,0.02852635,9.94087239,-0.84194797,-0.54708739,0.57029404,4
117.37830400,31.96151951,40.95471631,-182.59053813,94.36136909,40.95171631,-70.83116230,0.40148231,-2.04711346,4.59687235,1.50743617,-4.34258511,0.13071277,0.21285469,-0.02701766,9.88555326,-0.54623797,-0.84931875,0.59907798,4
117.37830299,31.96151982,40.95381681,-182.55769140,94.26691908,40.95081681,-70.81748564,0.37764562,-2.06015616,4.59012612,1.50406306,-4.33651350,0.13138739,0.15056450,-0.08256162,9.83023417,-0.25052823,-1.15154986,0.62786189,4
117.37830200,31.96152011,40.95325170,-182.52482338,94.17247644,40.95025170,-70.80533274,0.35907902,-2.07593138,4.58315174,1.50060436,-4.33027647,0.13229573,0.11915368,-0.10785305,9.79416850,-0.07942363,-1.30608901,0.64229762,4
117.37830099,31.96152040,40.95350899,-182.49193657,94.07804031,40.95050899,-70.79469738,0.35347407,-2.09842719,4.57561621,1.49693519,-4.32363252,0.13377890,0.16369030,-0.05873876,9.80545628,-0.21478375,-1.09738161,0.62144415,4
117.37829999,31.96152070,40.95397337,-182.45903348,93.98360986,40.95097337,-70.78557574,0.35113315,-2.12261531,4.56793937,1.49321302,-4.31688611,0.13540680,0.22735188,0.00911222,9.82866858,-0.42731742,-0.79720207,0.59170422,4
117.37829899,31.96152099,40.95443867,-182.42611660,93.88918422,40.95143867,-70.77796586,0.34880664,-2.14681084,4.56026194,1.48949064,-4.31013928,0.13703534,0.29109777,0.07704579,9.85193350,-0.64019146,-0.49661929,0.56192513,4
117.37829800,31.96152129,40.95486789,-182.39318844,93.79476255,40.95186789,-70.77186650,0.34331938,-2.16740835,4.55330027,1.48609128,-4.30403607,0.13841708,0.33719162,0.12035483,9.88810271,-0.81777275,-0.25926075,0.53369688,4
117.37829699,31.96152158,40.95517998,-182.36025149,93.70034399,40.95217998,-70.76727458,0.32756708,-2.17632112,4.54866302,1.48374094,-4.30002298,0.13899728,0.32595892,0.08369339,9.96618034,-0.88073847,-0.22722793,0.51050495,4
117.37829600,31.96152188,40.95540766,-182.32730823,93.60592770,40.95240766,-70.76418254,0.30441904,-2.17681532,4.54570046,1.48214640,-4.29751577,0.13900000,0.27342371,-0.01058509,10.07445214,-0.86112623,-0.34312777,0.49094154,4
117.37829501,31.96152219,40.95563494,-182.29436113,93.51151282,40.95263494,-70.76257742,0.28123616,-2.17726987,4.54274578,1.48055542,-4.29501566,0.13900000,0.22069401,-0.10513489,10.18286620,-0.84112531,-0.45972403,0.47139519,4
117.37829401,31.96152249,40.95586236,-182.26141264,93.41709853,40.95286236,-70.76244140,0.25805154,-2.17816844,4.53976502,1.47894525,-4.29248973,0.13903039,0.17097187,-0.19722492,10.28244660,-0.82460743,-0.57082243,0.45364238,4
117.37829302,31.96152278,40.95609157,-182.22846516,93.32268400,40.95309157,-70.76375381,0.23484474,-2.18491900,4.53644054,1.47708221,-4.28962368,0.13946136,0.16089260,-0.25689106,10.26559088,-0.85399862,-0.60945242,0.45953009,4
117.37829202,31.96152308,40.95632403,-182.19552106,93.22826841,40.95332403,-70.76649339,0.21159771,-2.20230172,4.53249161,1.47475977,-4.28613966,0.14062012,0.22283812,-0.25764804,10.03718945,-0.96679913,-0.51641879,0.50836882,4
117.37829102,31.96152339,40.95655649,-182.16258269,93.13385096,40.95355649,-70.77063984,0.18835043,-2.21973718,4.52853957,1.47243505,-4.28265257,0.14178248,0.28514082,-0.25811299,9.80773885,-1.08001336,-0.42273228,0.55742057,4
117.37829002,31.96152368,40.95678897,-182.12965235,93.03943086,40.95378897,-70.77617393,0.16510311,-2.23717266,4.52458752,1.47011031,-4.27916547,0.14294484,0.34744364,-0.25857793,9.57828779,-1.19322781,-0.32904557,0.60647242,4
117.37828902,31.96152397,40.95713226,-182.09673231,92.94500732,40.95413226,-70.78307628,0.14476497,-2.24904058,4.52160573,1.46807650,-4.27664638,0.14370992,0.39478674,-0.25260504,9.41014809,-1.15972873,-0.22259949,0.64264250,4
117.37828802,31.96152427,40.95774728,-182.06382482,92.85057959,40.95474728,-70.79132534,0.13156058,-2.24725597,4.52100308,1.46675605,-4.27650101,0.14350080,0.40544640,-0.23084565,9.39235301,-0.76646733,-0.08486585,0.64722455,4
117.37828703,31.96152457,40.95843076,-182.03093209,92.75614689,40.95543076,-70.80089573,0.12015390,-2.24203080,4.52100000,1.46561539,-4.27695384,0.14304616,0.40686154,-0.20510781,9.41244605,-0.28254077,0.06075315,0.64384618,4
117.37828603,31.96152487,40.95911462,-181.99805626,92.66170849,40.95611462,-70.81175797,0.10875637,-2.23678793,4.52100000,1.46447564,-4.27740975,0.14259025,0.40822923,-0.17934940,9.43273365,0.20185416,0.20641356,0.64042691,4
117.37828504,31.96152518,40.95968488,-181.96519945,92.56726368,40.95668488,-70.82387997,0.10395157,-2.23251184,4.52019436,1.46304566,-4.27708978,0.14221967,0.40525527,-0.14944879,9.47162411,0.63813862,0.29832947,0.64868186,4
117.37828404,31.96152547,40.95983435,-181.93236372,92.47281174,40.95683435,-70.83722920,0.12356870,-2.23181712,4.51640438,1.46054061,-4.27389575,0.14216514,0.38619821,-0.10420455,9.57942558,0.89619645,0.19115458,0.70018217,4
117.37828304,31.96152576,40.95960442,-181.89955105,92.37835200,40.95660442,-70.85177473,0.16520493,-2.23435141,4.50992368,1.45706626,-4.26811042,0.14239558,0.35264048,-0.04512636,9.74935788,0.99356250,-0.09552284,0.79067293,4
117.37828204,31.96152607,40.95937245,-181.86676340,92.28388378,40.95637245,-70.86748868,0.20695981,-2.23690310,4.50342848,1.45358668,-4.26231114,0.14262755,0.31900460,0.01402640,9.91962499,1.09006267,-0.38316757,0.88137380,4
117.37828104,31.96152636,40.95911036,-181.83400269,92.18940644,40.95611036,-70.88434511,0.24735084,-2.23971354,4.49702567,1.45011415,-4.25661009,0.14287153,0.28690523,0.07126111,10.08533498,1.16660816,-0.65622164,0.97261576,4
117.37828004,31.96152665,40.95845306,-181.80127077,92.09491934,40.95545306,-70.90231764,0.26983849,-2.24592089,4.49183572,1.44673398,-4.25219848,0.14327307,0.27497602,0.10331754,10.19122315,0.98119909,-0.73774017,1.07096192,4
117.37827905,31.96152696,40.95708042,-181.76856948,92.00042187,40.95408042,-70.92137706,0.25992307,-2.25827623,4.48884090,1.44352098,-4.25012063,0.14395979,0.29955246,0.08980419,10.18884090,0.32168153,-0.47260128,1.18216614,4
117.37827805,31.96152725,40.95570381,-181.73590057,91.90591342,40.95270381,-70.94148916,0.24982793,-2.27066572,4.48585825,1.44030889,-4.24805571,0.14464810,0.32433144,0.07603809,10.18585825,-0.34046807,-0.20553887,1.29344214,4
117.37827705,31.96152756,40.95432719,-181.70326576,91.81139342,40.95132719,-70.96261436,0.23973272,-2.28305529,4.48287558,1.43709678,-4.24599078,0.14533640,0.34911059,0.06227189,10.18287558,-1.00262195,0.06152527,1.40471886,4
117.37827605,31.96152785,40.95315752,-181.67066669,91.71686131,40.95015752,-70.98471004,0.22968959,-2.28956106,4.47907234,1.43349179,-4.24321755,0.14554592,0.35997742,0.04419471,10.13033425,-1.37483958,0.26892508,1.50126912,4
117.37827505,31.96152814,40.95251424,-181.63810493,91.62231656,40.94951424,-71.00773353,0.21977901,-2.28110095,4.47318202,1.42888756,-4.23864272,0.14453759,0.33545742,0.01515253,9.95173859,-1.00958503,0.32456311,1.56036065,4
117.37827405,31.96152844,40.95204342,-181.60558199,91.52775869,40.94904342,-71.03164469,0.20991186,-2.26773752,4.46660790,1.42395593,-4.23347764,0.14313027,0.29934347,-0.01748220,9.73184302,-0.40270926,0.33047894,1.60717955,4
117.37827305,31.96152873,40.95157357,-181.57309929,91.43318719,40.94857357,-71.05640771,0.20004493,-2.25434670,4.46002996,1.41902247,-4.22830925,0.14172070,0.26316475,-0.05013701,9.51171670,0.20551596,0.33611718,1.65392996,4
117.37827204,31.96152903,40.95117301,-181.54065822,91.33860162,40.94817301,-71.08198986,0.19378380,-2.24173594,4.45391006,1.41416798,-4.22356172,0.14045075,0.23351643,-0.06831517,9.34870125,0.69123521,0.34536170,1.70402677,4
117.37827104,31.96152932,40.95100097,-181.50826012,91.24400154,40.94800097,-71.10835879,0.19941435,-2.23169779,4.44930079,1.40957397,-4.22020215,0.13964121,0.22540489,-0.03875021,9.37403376,0.77293784,0.36649956,1.76515986,4
117.37827005,31.96152961,40.95100000,-181.47590625,91.14938651,40.94800000,-71.13547952,0.21394639,-2.22358534,4.44582229,1.40517490,-4.21788152,0.13917631,0.23341466,0.02655284,9.54035392,0.55221453,0.39654018,1.83455425,4
117.37826905,31.96152991,40.95100000,-181.44359783,91.05475615,40.94800000,-71.16331156,0.22852916,-2.21548380,4.44235020,1.40077692,-4.21556681,0.13871337,0.24151620,0.09205955,9.70747700,0.32976953,0.42663159,1.90399598,4
117.37826805,31.96153020,40.95096692,-181.41133602,90.96011008,40.94796692,-71.19180769,0.24214690,-2.20759368,4.43860955,1.39627474,-4.21301789,0.13823887,0.24787349,0.15261152,9.86765364,0.11245525,0.44735045,1.97133253,4
117.37826705,31.96153049,40.95067115,-181.37912186,90.86544795,40.94767115,-71.22091492,0.24810141,-2.20138271,4.43273648,1.39094535,-4.20860956,0.13767269,0.24038047,0.17381814,9.97266505,-0.06410870,0.39364638,2.02194986,4
117.37826605,31.96153078,40.94996236,-181.34695633,90.77076945,40.94696236,-71.25057661,0.24200713,-2.19781181,4.42351070,1.38431538,-4.20127774,0.13696236,0.21111093,0.13316284,9.99094097,-0.17660101,0.22292911,2.04627971,4
117.37826504,31.96153107,40.94925121,-181.31484029,90.67607429,40.94625121,-71.28073456,0.23584375,-2.19425601,4.41426564,1.37767790,-4.19392910,0.13625121,0.18171637,0.09215269,10.00871993,-0.28872704,0.05153984,2.07045911,4
117.37826404,31.96153135,40.94854004,-181.28277453,90.58136224,40.94554004,-71.31133085,0.22968033,-2.19070020,4.40502051,1.37104036,-4.18658040,0.13554004,0.15232162,0.05114225,10.02649902,-0.40085385,-0.11985061,2.09463868,4
117.37826303,31.96153164,40.94776323,-181.25075973,90.48663307,40.94476323,-71.34230806,0.21860517,-2.19264474,4.39643061,1.36463589,-4.17974199,0.13531181,0.13950510,0.04122650,10.02281057,-0.51690731,-0.27250069,2.11268434,4
117.37826203,31.96153193,40.94684008,-181.21879647,90.39188660,40.94384008,-71.37360796,0.19657882,-2.20685291,4.38930169,1.35875110,-4.17404133,0.13616032,0.16365159,0.10063959,9.97125807,-0.64171467,-0.38336594,2.11705370,4
117.37826103,31.96153223,40.94590524,-181.18688524,90.29712268,40.94290524,-71.40516990,0.17367842,-2.22203982,4.38228932,1.35290776,-4.16843146,0.13709476,0.19074799,0.16558571,9.91588557,-0.76722130,-0.49089720,2.12033165,4
117.37826003,31.96153252,40.94497034,-181.15502643,90.20234120,40.94197034,-71.43692959,0.15077323,-2.23723204,4.37527752,1.34706460,-4.16282202,0.13802966,0.21786025,0.23056163,9.86049242,-0.89273237,-0.59841134,2.12360382,4
117.37825903,31.96153281,40.94422758,-181.12322032,90.10754207,40.94122758,-71.46881871,0.12977492,-2.24891551,4.36917566,1.34155316,-4.15807574,0.13872413,0.24012452,0.26943475,9.81194491,-0.94188824,-0.61462941,2.11635241,4
117.37825803,31.96153310,40.94400126,-181.09146706,90.01272525,40.94100126,-71.50076639,0.11390185,-2.25116853,4.36551947,1.33693334,-4.15564940,0.13877237,0.24935879,0.23815191,9.78179669,-0.78582669,-0.38547438,2.08081724,4
117.37825703,31.96153338,40.94400000,-181.05976669,89.91789075,40.94100000,-71.53270145,0.10026220,-2.24931203,4.36292903,1.33270207,-4.15423402,0.13853901,0.25291495,0.17629693,9.75966633,-0.54033672,-0.04939208,2.03295673,4
117.37825602,31.96153366,40.94400000,-181.02811915,89.82303860,40.94100000,-71.56455485,0.08663509,-2.24743243,4.36034458,1.32847296,-4.15282432,0.13830405,0.25643920,0.11427002,9.73758100,-0.29434363,0.28729186,1.98502684,4
117.37825502,31.96153395,40.94394208,-180.99652424,89.72816888,40.94094208,-71.59626112,0.07319796,-2.24454136,4.35770528,1.32424888,-4.15135837,0.13798249,0.25717883,0.05967355,9.72823668,-0.10934975,0.55252885,1.94097713,4
117.37825402,31.96153423,40.94367040,-180.96498168,89.63328169,40.94067040,-71.62775828,0.06046202,-2.23791795,4.35486360,1.32004342,-4.14968487,0.13734134,0.24764299,0.03249603,9.76590741,-0.14944682,0.55412180,1.91124567,4
117.37825301,31.96153452,40.94320608,-180.93349106,89.53837719,40.94020608,-71.65898685,0.04835805,-2.22793070,4.35183952,1.31585471,-4.14782432,0.13641215,0.22884619,0.03003039,9.84595140,-0.39241161,0.31810025,1.89441884,4
117.37825201,31.96153481,40.94274068,-180.90205191,89.44345555,40.93974068,-71.68988790,0.03625763,-2.21792458,4.34881441,1.31166610,-4.14596271,0.13548136,0.20999745,0.02770339,9.92623304,-0.63651438,0.08074579,1.87766441,4
117.37825101,31.96153510,40.94227522,-180.87066362,89.34851697,40.93927522,-71.72040130,0.02381868,-2.20849975,4.34580294,1.30750501,-4.14410789,0.13459957,0.19230445,0.02572003,10.00214512,-0.87376319,-0.14929755,1.85606436,4
117.37825000,31.96153539,40.94180904,-180.83932552,89.25356170,40.93880904,-71.75046528,0.00741326,-2.20588564,4.34295127,1.30366642,-4.14233241,0.13429204,0.18815242,0.02776301,10.02686169,-1.03070965,-0.29368225,1.77769014,4
117.37824900,31.96153567,40.94134159,-180.80803681,89.15859001,40.93834159,-71.78001751,-0.01592071,-2.21516829,4.34037872,1.30039110,-4.14069555,0.13498762,0.20765340,0.03683908,9.96215121,-1.04738608,-0.28844061,1.60014419,4
117.37824799,31.96153594,40.94087414,-180.77679660,89.06360221,40.93787414,-71.80899642,-0.03929328,-2.22451731,4.33780775,1.29711894,-4.13905947,0.13568880,0.22728635,0.04595438,9.89694175,-1.06327943,-0.28236374,1.42204520,4
117.37824698,31.96153622,40.94040668,-180.74560388,88.96859864,40.93740668,-71.83734317,-0.06266577,-2.23386630,4.33523677,1.29384679,-4.13742339,0.13638997,0.24691924,0.05506965,9.83173251,-1.07917272,-0.27628690,1.24394685,4
117.37824598,31.96153650,40.94000048,-180.71445757,88.87357967,40.93700048,-71.86500291,-0.08255548,-2.24144964,4.33333312,1.29124371,-4.13627208,0.13690915,0.26043460,0.04865914,9.74973856,-1.00873710,-0.26836224,1.04062903,4
117.37824497,31.96153678,40.93973857,-180.68335649,88.77854571,40.93673857,-71.89192462,-0.09423947,-2.24487287,4.33300179,1.29021700,-4.13626290,0.13699951,0.25953642,0.00566805,9.62819751,-0.73490016,-0.25608386,0.77789020,4
117.37824397,31.96153706,40.93950689,-180.65229938,88.68349717,40.93650689,-71.91806023,-0.10420353,-2.24742415,4.33300000,1.28952069,-4.13649311,0.13700000,0.25561721,-0.04499008,9.49836787,-0.41843180,-0.24289299,0.50269767,4
117.37824297,31.96153735,40.93927539,-180.62128490,88.58843452,40.93627539,-71.94336330,-0.11415824,-2.24997071,4.33300000,1.28882617,-4.13672461,0.13700000,0.25168162,-0.09568960,9.36849376,-0.10173345,-0.22969723,0.22743865,4
117.37824197,31.96153763,40.93897174,-180.59031163,88.49335823,40.93597174,-71.96778770,-0.11790237,-2.25454306,4.33343486,1.28849500,-4.13731817,0.13721743,0.26221054,-0.13022892,9.28833771,0.21419855,-0.22876829,-0.02605726,4
117.37824096,31.96153791,40.93844122,-180.55937809,88.39826880,40.93544122,-71.99128729,-0.10212101,-2.26548439,4.33523689,1.28930617,-4.13905003,0.13811844,0.31821482,-0.11396205,9.36449085,0.52772396,-0.26640537,-0.21113379,4
117.37823996,31.96153818,40.93775368,-180.52848270,88.30316675,40.93475368,-72.01381684,-0.07282368,-2.28083448,4.33798528,1.29090807,-4.14156984,0.13949264,0.40569805,-0.06252602,9.54884457,0.83958283,-0.33073862,-0.34884851,4
117.37823895,31.96153845,40.93706527,-180.49762382,88.20805264,40.93406527,-72.03533324,-0.04345171,-2.29620887,4.34073890,1.29251435,-4.14409400,0.14086945,0.49335505,-0.01089558,9.73379627,1.15143067,-0.39521930,-0.48630020,4
117.37823793,31.96153873,40.93635703,-180.46679975,88.11292704,40.93335703,-72.05579671,-0.01395553,-2.31033151,4.34376173,1.29424021,-4.14684744,0.14215609,0.57760840,0.03764786,9.90771289,1.44471617,-0.43911744,-0.62241660,4
117.37823693,31.96153901,40.93548153,-180.43600869,88.01779053,40.93248153,-72.07517181,0.01658828,-2.31390904,4.34905268,1.29697352,-4.15153270,0.14268304,0.63319065,0.06018641,9.98866983,1.58163240,-0.30961579,-0.74728955,4
117.37823593,31.96153929,40.93434060,-180.40524884,87.92264372,40.93134060,-72.09342697,0.04879484,-2.30075106,4.35794325,1.30130569,-4.15928386,0.14200436,0.64327076,0.04145410,9.92209590,1.47038401,0.09507958,-0.85431904,4
117.37823492,31.96153958,40.93319821,-180.37451830,87.82748724,40.93019821,-72.11053373,0.08101055,-2.28749921,4.36685398,1.30564681,-4.16705219,0.14131893,0.65309541,0.02249024,9.85469424,1.35774325,0.50131744,-0.96124779,4
117.37823392,31.96153986,40.93205581,-180.34381515,87.73232174,40.92905581,-72.12646572,0.11322608,-2.27424742,4.37576466,1.30998791,-4.17482047,0.14063349,0.66292001,0.00352649,9.78729295,1.24510312,0.90755302,-1.06817594,4
117.37823290,31.96154014,40.93091783,-180.31313743,87.63714784,40.92791783,-72.14119761,0.14444286,-2.25749541,4.38458625,1.31447615,-4.18250409,0.13962288,0.66199756,0.00069964,9.73774570,1.14879817,1.18786183,-1.17567415,4
117.37823190,31.96154042,40.92979058,-180.28248312,87.54196623,40.92679058,-72.15470452,0.17323199,-2.23223451,4.39319135,1.31932207,-4.18998193,0.13782177,0.63495008,0.03710005,9.73159950,1.09220164,1.16205690,-1.28455908,4
117.37823088,31.96154067,40.92866634,-180.25185017,87.44677758,40.92566634,-72.16696224,0.20134149,-2.20459197,4.40173582,1.32426811,-4.19740215,0.13579941,0.60059001,0.08448043,9.73760176,1.04672015,1.05056750,-1.39383172,4
117.37822988,31.96154094,40.92754212,-180.22123649,87.35158258,40.92454212,-72.17794768,0.22944701,-2.17693614,4.41027990,1.32921468,-4.20482202,0.13377581,0.56618885,0.13192256,9.74367256,1.00130161,0.93859508,-1.50310601,4
117.37822886,31.96154120,40.92644022,-180.19063997,87.25638193,40.92344022,-72.18763984,0.25708448,-2.15080585,4.41830785,1.33404953,-4.21174808,0.13188689,0.53119736,0.16877553,9.75599876,0.96012812,0.82824753,-1.60283570,4
117.37822785,31.96154147,40.92543466,-180.16005842,87.16117634,40.92243466,-72.19602087,0.28270197,-2.13125998,4.42410817,1.33840224,-4.21654283,0.13057923,0.49365734,0.15992243,9.79532566,0.93727712,0.72491191,-1.66136893,4
117.37822685,31.96154175,40.92453323,-180.12948968,87.06596652,40.92153323,-72.20307567,0.30613588,-2.11883198,4.42750037,1.34223375,-4.21903361,0.12989993,0.45336228,0.10166029,9.86384081,0.93423301,0.62915624,-1.67536816,4
117.37822583,31.96154202,40.92363242,-180.09893153,86.97075322,40.92063242,-72.20879091,0.32955692,-2.10644587,4.43087840,1.34606219,-4.22151083,0.12922432,0.41305108,0.04310772,9.93252749,0.93130538,0.53344530,-1.68910550,4
117.37822482,31.96154229,40.92273162,-180.06838173,86.87553716,40.91973162,-72.21315417,0.35297789,-2.09405976,4.43425642,1.34989062,-4.22398805,0.12854872,0.37273997,-0.01544473,10.00121401,0.92837776,0.43773457,-1.70284281,4
117.37822381,31.96154257,40.92182908,-180.03783804,86.78031909,40.91882908,-72.21615265,0.37308724,-2.08576646,4.43707095,1.35353640,-4.22590003,0.12812515,0.35464420,-0.05238683,10.04273646,0.88434241,0.34994664,-1.71343989,4
117.37822280,31.96154283,40.92092265,-180.00729818,86.68509974,40.91792265,-72.21777288,0.38572989,-2.08670115,4.43861495,1.35677037,-4.22653760,0.12826982,0.38663758,-0.04060390,10.02301183,0.74762068,0.28002200,-1.71695672,4
117.37822179,31.96154310,40.92001566,-179.97675986,86.58987989,40.91701566,-72.21800236,0.39730038,-2.08896086,4.43997651,1.35994520,-4.22699217,0.12849609,0.42582286,-0.02182487,9.99449318,0.59759115,0.21266249,-1.71945694,4
117.37822078,31.96154335,40.91910867,-179.94622075,86.49466028,40.91610867,-72.21683152,0.40886454,-2.09122834,4.44133700,1.36311967,-4.22744567,0.12872284,0.46505030,-0.00300477,9.96592291,0.44748382,0.14531827,-1.72195118,4
117.37821976,31.96154361,40.91823605,-179.91567854,86.39944169,40.91523605,-72.21425582,0.41978259,-2.09296090,4.44319471,1.36645655,-4.22833098,0.12891605,0.50013876,0.01333108,9.94487099,0.32247172,0.09209202,-1.72410976,4
117.37821876,31.96154388,40.91747592,-179.88513090,86.30422488,40.91447592,-72.21027678,0.42858579,-2.09294248,4.44667996,1.37032504,-4.23062974,0.12899948,0.52167925,0.02153529,9.94842868,0.27960291,0.08507766,-1.72516966,4
117.37821775,31.96154415,40.91680078,-179.85457549,86.20901061,40.91380078,-72.20490157,0.43579164,-2.09160156,4.45139451,1.37459503,-4.23399608,0.12900000,0.53298694,0.02359766,9.97057415,0.29877727,0.11296736,-1.72539974,4
117.37821674,31.96154442,40.91612617,-179.82401002,86.11379966,40.91312617,-72.19814127,0.44298749,-2.09025235,4.45611679,1.37886757,-4.23736913,0.12900000,0.54423046,0.02562148,9.99283631,0.31834100,0.14107614,-1.72562462,4
117.37821574,31.96154469,40.91545258,-179.79343219,86.01859277,40.91245258,-72.19000926,0.45019218,-2.08890615,4.46083996,1.38314102,-4.24074412,0.12900000,0.55542676,0.02760431,10.01465231,0.33737967,0.16897447,-1.72601036,4
117.37821473,31.96154496,40.91485311,-179.76283976,85.92339068,40.91185311,-72.18051960,0.45803979,-2.08778112,4.46562740,1.38747953,-4.24425872,0.12900000,0.56317629,0.02659460,10.00391508,0.31811112,0.18151280,-1.73813227,4
117.37821372,31.96154524,40.91440492,-179.73223047,85.82819414,40.91140492,-72.16968676,0.46719926,-2.08710737,4.47054594,1.39195085,-4.24805823,0.12900000,0.56389263,0.01947863,9.92675267,0.22067629,0.16270887,-1.77420192,4
117.37821271,31.96154551,40.91395769,-179.70160211,85.73300387,40.91095769,-72.15752680,0.47636724,-2.08643655,4.47546534,1.39642304,-4.25185958,0.12900000,0.56456345,0.01232314,9.84916021,0.12273538,0.14370208,-1.81042664,4
117.37821170,31.96154579,40.91351048,-179.67095250,85.63782060,40.91051048,-72.14405858,0.48553525,-2.08576571,4.48038477,1.40089525,-4.25566096,0.12900000,0.56523429,0.00516761,9.77156746,0.02479409,0.12469520,-1.84665150,4
117.37821069,31.96154606,40.91310236,-179.64027950,85.54264505,40.91010236,-72.12930562,0.49403713,-2.08470813,4.48545499,1.40544116,-4.25957533,0.12900000,0.56838340,-0.00051011,9.71677551,-0.03286122,0.11565839,-1.87753966,4
117.37820969,31.96154634,40.91280941,-179.60958098,85.44747789,40.90980941,-72.11329676,0.50057747,-2.08251175,4.49096918,1.41020405,-4.26382240,0.12900000,0.57882975,-0.00183631,9.72912099,0.02810599,0.13597849,-1.89271362,4
117.37820868,31.96154662,40.91258641,-179.57885490,85.35231983,40.90958641,-72.09606559,0.50592597,-2.07962343,4.49675314,1.41509880,-4.26827164,0.12900000,0.59371001,-0.00051851,9.78225973,0.16114935,0.17413615,-1.89833956,4
117.37820768,31.96154690,40.91236389,-179.54809926,85.25717151,40.90936389,-72.07764950,0.51126668,-2.07673055,4.50253891,1.41999446,-4.27272224,0.12900000,0.60861949,0.00081667,9.83566682,0.29466707,0.21241122,-1.90390279,4
117.37820667,31.96154718,40.91213126,-179.51731213,85.16203359,40.90913126,-72.05808821,0.51674520,-2.07371647,4.50834428,1.42489631,-4.27719258,0.12898988,0.62328762,0.00239137,9.88824086,0.42622876,0.25119849,-1.90900631,4
117.37820567,31.96154746,40.91167497,-179.48649166,85.06690667,40.90867497,-72.03742234,0.52527430,-2.06801912,4.51458304,1.42993488,-4.28209979,0.12875551,0.63261002,0.00926945,9.92236329,0.51446432,0.30132186,-1.90393009,4
117.37820466,31.96154774,40.91079455,-179.45563603,84.97179136,40.90779455,-72.01569315,0.53958865,-2.05723318,4.52164364,1.43523273,-4.28783546,0.12809591,0.63179455,0.02620501,9.92149318,0.52053410,0.37294324,-1.87954862,4
117.37820366,31.96154802,40.90991128,-179.42474353,84.87668823,40.90691128,-71.99294320,0.55394175,-2.04641314,4.52870979,1.44053233,-4.29357669,0.12743346,0.63091128,0.04320792,9.92038910,0.52605452,0.44470876,-1.85503794,4
117.37820265,31.96154830,40.90902801,-179.39381251,84.78159784,40.90602801,-71.96921697,0.56829495,-2.03559304,4.53577597,1.44583198,-4.29931798,0.12677100,0.63002801,0.06021094,9.91928500,0.53157498,0.51647476,-1.83052709,4
117.37820165,31.96154858,40.90821884,-179.36284138,84.68652071,40.90521884,-71.94456222,0.58285693,-2.02452462,4.54246948,1.45094387,-4.30472434,0.12607238,0.62198791,0.07301600,9.91172167,0.55001129,0.55826874,-1.79858462,4
117.37820064,31.96154886,40.90763346,-179.33182866,84.59145734,40.90463346,-71.91903028,0.59804906,-2.01270669,4.54803767,1.45548883,-4.30911941,0.12526452,0.59234022,0.07314650,9.88465684,0.60744257,0.50957127,-1.74420523,4
117.37819963,31.96154914,40.90719298,-179.30077292,84.49640821,40.90419298,-71.89267490,0.61364926,-2.00040340,4.55287723,1.45966670,-4.31285968,0.12438596,0.54870137,0.06507010,9.84496457,0.69012354,0.40227976,-1.67529764,4
117.37819863,31.96154942,40.90675346,-179.26967287,84.40137376,40.90375346,-71.86555093,0.62925227,-1.98809680,4.55771197,1.46384216,-4.31659561,0.12350692,0.50496899,0.05693895,9.80518788,0.77297333,0.29459702,-1.60629278,4
117.37819762,31.96154970,40.90631394,-179.23852727,84.30635442,40.90331394,-71.83771291,0.64485536,-1.97579014,4.56254673,1.46801763,-4.32033157,0.12262786,0.46123639,0.04880776,9.76541099,0.85582352,0.18691374,-1.53728758,4
117.37819661,31.96154998,40.90587326,-179.20733498,84.21135055,40.90287326,-71.80921398,0.66340588,-1.96857214,4.56642535,1.47171964,-4.32317769,0.12209253,0.43718084,0.05352683,9.75784711,0.86622891,0.11825469,-1.47342987,4
117.37819561,31.96155026,40.90543013,-179.17609497,84.11636253,40.90243013,-71.78010635,0.68819847,-1.97213113,4.56827899,1.47441893,-4.32413930,0.12228509,0.45479812,0.08546058,9.81850505,0.72320822,0.13224281,-1.42047402,4
117.37819460,31.96155054,40.90498692,-179.14480626,84.02139067,40.90198692,-71.75044279,0.71323875,-1.97611767,4.57005231,1.47707845,-4.32502614,0.12250654,0.47406877,0.11847410,9.88186974,0.57410023,0.14950992,-1.36795060,4
117.37819359,31.96155082,40.90454371,-179.11346798,83.92643529,40.90154371,-71.72027819,0.73828045,-1.98010662,4.57182517,1.47973775,-4.32591258,0.12272815,0.49334867,0.15149370,9.94524964,0.42495802,0.16679536,-1.31542949,4
117.37819259,31.96155110,40.90413325,-179.08207936,83.83149665,40.90113325,-71.68967051,0.75818792,-1.98143921,4.57366111,1.48239461,-4.32686290,0.12275546,0.50659382,0.17481039,9.99695783,0.26340066,0.20473657,-1.25894511,4
117.37819158,31.96155138,40.90383025,-179.05063972,83.73657499,40.90083025,-71.65868038,0.76125176,-1.97405728,4.57570396,1.48504346,-4.32802282,0.12214532,0.50004107,0.16629538,10.01037523,0.06111440,0.31044172,-1.18945890,4
117.37819058,31.96155166,40.90360948,-179.01914847,83.64167053,40.90060948,-71.62736990,0.75142677,-1.96000695,4.57790517,1.48768620,-4.32934310,0.12104742,0.47833888,0.13342254,9.99449231,-0.17233787,0.46800024,-1.11002359,4
117.37818957,31.96155196,40.90338925,-178.98760514,83.54678342,40.90038925,-71.59580060,0.74151666,-1.94591258,4.58010741,1.49032890,-4.33066444,0.11994630,0.45653665,0.10038886,9.97841591,-0.40599609,0.62590123,-1.03052254,4
117.37818857,31.96155224,40.90316903,-178.95600936,83.45191380,40.90016903,-71.56403217,0.73160656,-1.93181821,4.58230966,1.49297158,-4.33198579,0.11884517,0.43473442,0.06735518,9.96233953,-0.63965434,0.78380222,-0.95102147,4
117.37818757,31.96155252,40.90301394,-178.92436085,83.35706180,40.90001394,-71.53212180,0.72244927,-1.91912016,4.58366251,1.49496466,-4.33265228,0.11787170,0.42195502,0.04818448,9.94560531,-0.73047094,0.84588982,-0.85450487,4
117.37818656,31.96155282,40.90300008,-178.89265943,83.26222747,40.90000008,-71.50012502,0.71492423,-1.90944959,4.58317373,1.49554926,-4.33189893,0.11717500,0.42873879,0.05907130,9.92744481,-0.51158027,0.70023611,-0.72109544,4
117.37818556,31.96155310,40.90300000,-178.86090500,83.16741087,40.90000000,-71.46809753,0.70755846,-1.90007440,4.58250532,1.49599646,-4.33100708,0.11650532,0.43743091,0.07289017,9.90914526,-0.26247865,0.53431792,-0.58408764,4
117.37818456,31.96155338,40.90300000,-178.82909757,83.07261202,40.90000000,-71.43609643,0.70019370,-1.89070107,4.58183579,1.49644281,-4.33011439,0.11583579,0.44613472,0.08672699,9.89084495,-0.01319274,0.36827610,-0.44705850,4
117.37818356,31.96155367,40.90303092,-178.79723723,82.97783090,40.90003092,-71.40418008,0.69404567,-1.88183628,4.58126002,1.49685758,-4.32934668,0.11519817,0.44981666,0.09791522,9.87622017,0.18418217,0.23058525,-0.32726823,4
117.37818256,31.96155395,40.90316653,-178.76532417,82.88306745,40.90016653,-71.37240745,0.69201756,-1.87469331,4.58100167,1.49716542,-4.32900222,0.11466859,0.43649402,0.10013516,9.87404096,0.20578295,0.18889227,-0.26584912,4
117.37818156,31.96155424,40.90338683,-178.73335869,82.78832161,40.90038683,-71.34083586,0.69332092,-1.86894267,4.58100000,1.49738683,-4.32900000,0.11422637,0.40942106,0.09510313,9.88192555,0.08524863,0.22482540,-0.25163029,4
117.37818056,31.96155452,40.90360765,-178.70134117,82.69359326,40.90060765,-71.30951848,0.69464590,-1.86320107,4.58100000,1.49760765,-4.32900000,0.11378471,0.38225890,0.09002403,9.88987544,-0.03620816,0.26126245,-0.23771798,4
117.37817956,31.96155482,40.90382848,-178.66927208,82.59888226,40.90082848,-71.27850338,0.69597088,-1.85745949,4.58100000,1.49782848,-4.32900000,0.11334304,0.35509680,0.08494494,9.89782533,-0.15766472,0.29769941,-0.22380567,4
117.37817856,31.96155510,40.90411602,-178.63715196,82.50418844,40.90111602,-71.24783361,0.69598649,-1.85524379,4.57968485,1.49765573,-4.32775061,0.11309673,0.33051246,0.07964645,9.90028623,-0.26064639,0.25038887,-0.21542215,4
117.37817756,31.96155540,40.90454839,-178.60498143,82.40951163,40.90154839,-71.21754829,0.69315999,-1.86068133,4.57551507,1.49662868,-4.32378932,0.11327444,0.31152332,0.07387175,9.89083280,-0.32352677,0.02129675,-0.21903933,4
117.37817655,31.96155570,40.90499652,-178.57276115,82.31485161,40.90199652,-71.18768425,0.69002439,-1.86695123,4.57103484,1.49550870,-4.31953309,0.11349826,0.29314283,0.06804528,9.88008361,-0.38204539,-0.22756483,-0.22396168,4
117.37817555,31.96155600,40.90544473,-178.54049186,82.22020815,40.90244473,-71.15827731,0.68688692,-1.87322617,4.56655273,1.49438819,-4.31527509,0.11372236,0.27476621,0.06221855,9.86932656,-0.44053683,-0.47654566,-0.22889200,4
117.37817455,31.96155629,40.90592420,-178.50817435,82.12558101,40.90292420,-71.12936179,0.68152597,-1.88003436,4.56277613,1.49352358,-4.31165868,0.11404166,0.26245763,0.06183995,9.85692809,-0.51737984,-0.65751161,-0.23795271,4
117.37817355,31.96155659,40.90650789,-178.47580946,82.03096992,40.90350789,-71.10096908,0.66875587,-1.88861957,4.56135028,1.49351172,-4.31018006,0.11467811,0.27036860,0.07961553,9.83905985,-0.65537510,-0.61184364,-0.26077691,4
117.37817255,31.96155689,40.90717396,-178.44339809,81.93637460,40.90417396,-71.07312640,0.65012899,-1.89860946,4.56178264,1.49417396,-4.31039133,0.11556528,0.29426273,0.11174162,9.81686784,-0.84171012,-0.38702596,-0.29448088,4
117.37817156,31.96155718,40.90784056,-178.41094117,81.84179475,40.90484056,-71.04585563,0.63146424,-1.90860844,4.56222704,1.49484056,-4.31061352,0.11645408,0.31826026,0.14396054,9.79464791,-1.02835757,-0.16104921,-0.32825518,4
117.37817056,31.96155748,40.90850716,-178.37843968,81.74723007,40.90550716,-71.01917346,0.61279950,-1.91860742,4.56267144,1.49550716,-4.31083572,0.11734288,0.34225779,0.17617944,9.77242797,-1.21500508,0.06492757,-0.36202949,4
117.37816956,31.96155777,40.90910651,-178.34589460,81.65268023,40.90610651,-70.99309269,0.59533381,-1.92677699,4.56229593,1.49590134,-4.31030602,0.11802804,0.35172944,0.19491238,9.74811831,-1.23838429,0.14685246,-0.37766999,4
117.37816856,31.96155807,40.90956331,-178.31330694,81.55814491,40.90656331,-70.96762375,0.58040983,-1.93106874,4.56018244,1.49571807,-4.30818250,0.11828151,0.33041037,0.18505890,9.71937911,-0.91568204,-0.07657109,-0.35487205,4
117.37816756,31.96155837,40.91001025,-178.28067773,81.46362378,40.90701025,-70.94277582,0.56566166,-1.93509228,4.55794874,1.49549488,-4.30594874,0.11850512,0.30696172,0.17322831,9.69033357,-0.56904385,-0.32111339,-0.32941559,4
117.37816657,31.96155867,40.91045713,-178.24800800,81.36911651,40.90745713,-70.91855789,0.55091456,-1.93911421,4.55571432,1.49527143,-4.30371432,0.11872857,0.28350044,0.16138594,9.66128625,-0.22226361,-0.56578115,-0.30394333,4
117.37816557,31.96155897,40.91093708,-178.21529880,81.27462275,40.90793708,-70.89497860,0.53792727,-1.94527847,4.55401895,1.49521594,-4.30195187,0.11915302,0.27123318,0.15032761,9.65390363,0.04482382,-0.75196187,-0.28279139,4
117.37816457,31.96155927,40.91152317,-178.18255121,81.18014216,40.90852317,-70.87204564,0.53058879,-1.95831956,4.55405381,1.49569952,-4.30170432,0.12022269,0.29489814,0.14178591,9.71606358,0.05610297,-0.75040324,-0.27550731,4
117.37816357,31.96155957,40.91218826,-178.14976630,81.08567438,40.90918826,-70.84976565,0.52745478,-1.97647914,4.55537652,1.49658435,-4.30258435,0.12177261,0.34530784,0.13511739,9.82998479,-0.12301871,-0.60910825,-0.27854522,4
117.37816257,31.96155987,40.91285387,-178.11694517,80.99121906,40.90985387,-70.82814408,0.52434860,-1.99467252,4.55670774,1.49747183,-4.30347183,0.12332570,0.39589432,0.12846127,9.94424812,-0.30339946,-0.46688924,-0.28165140,4
117.37816157,31.96156017,40.91351948,-178.08408889,80.89677584,40.91051948,-70.80718549,0.52124242,-2.01286586,4.55803897,1.49835931,-4.30435931,0.12487880,0.44648071,0.12180517,10.05851124,-0.48377987,-0.32467048,-0.28475758,4
117.37816057,31.96156047,40.91397725,-178.05119859,80.80234435,40.91097725,-70.78689425,0.51431579,-2.02392025,4.55957933,1.49938623,-4.30552508,0.12580806,0.47571702,0.10216211,10.09953543,-0.62442774,-0.19200902,-0.29473895,4
117.37815958,31.96156077,40.91399987,-178.01827537,80.70792423,40.91099987,-70.76727476,0.49939043,-2.02002803,4.56155758,1.50070506,-4.30727347,0.12543128,0.46025342,0.05532869,9.98722183,-0.68188908,-0.07935718,-0.31911463,4
117.37815858,31.96156107,40.91400000,-177.98532033,80.61351510,40.91100000,-70.74833187,0.48405185,-2.01536360,4.56355846,1.50203897,-4.30905197,0.12498701,0.44248040,0.00709057,9.86698615,-0.73505233,0.03226054,-0.34423395,4
117.37815758,31.96156137,40.91400000,-177.95233462,80.51911660,40.91100000,-70.73007139,0.46871086,-2.01069461,4.56555945,1.50337297,-4.31083063,0.12454234,0.42469374,-0.04115572,9.74670393,-0.78818995,0.14387176,-0.36935759,4
117.37815658,31.96156167,40.91403306,-177.91931936,80.42472834,40.91103306,-70.71249952,0.45527021,-2.00765032,4.56736001,1.50460640,-4.31240908,0.12423037,0.40887613,-0.07245917,9.64985322,-0.79816520,0.20759823,-0.38569472,4
117.37815558,31.96156197,40.91417284,-177.88627570,80.33034993,40.91117284,-70.69562244,0.44796447,-2.00985111,4.56851349,1.50551516,-4.31334121,0.12434679,0.39941510,-0.04906537,9.62864684,-0.66879717,0.11673631,-0.37366599,4
117.37815459,31.96156227,40.91439306,-177.85320479,80.23598099,40.91139306,-70.67944571,0.44528328,-2.01600568,4.56917918,1.50617918,-4.31378612,0.12478612,0.39474574,0.01555970,9.66446187,-0.43439089,-0.09065577,-0.34025485,4
117.37815359,31.96156257,40.91461384,-177.82010780,80.14162113,40.91161384,-70.66397357,0.44263393,-2.02218750,4.56984151,1.50684151,-4.31422768,0.12522768,0.39010938,0.08046870,9.70066962,-0.19926133,-0.29885029,-0.30669645,4
117.37815260,31.96156288,40.91483461,-177.78698589,80.04726995,40.91183461,-70.64920851,0.43998458,-2.02836930,4.57050385,1.50750385,-4.31466924,0.12566924,0.38547302,0.14537772,9.73687737,0.03586828,-0.50704488,-0.27313804,4
117.37815160,31.96156318,40.91498832,-177.75384023,79.95292705,40.91198832,-70.63515143,0.44258284,-2.03576945,4.57076302,1.50803228,-4.31477470,0.12624590,0.37921612,0.16485295,9.76410428,0.25004858,-0.61691757,-0.24237050,4
117.37815061,31.96156348,40.91499992,-177.72067199,79.85859203,40.91199992,-70.62180215,0.45629842,-2.04575071,4.57016807,1.50827701,-4.31416815,0.12710879,0.36952599,0.08807416,9.77230475,0.41984641,-0.51848982,-0.21751555,4
117.37814961,31.96156378,40.91500000,-177.68748234,79.76426450,40.91200000,-70.60916049,0.47091585,-2.05594135,4.56950383,1.50849872,-4.31350383,0.12799490,0.35955737,0.00348705,9.77896175,0.58604376,-0.40316427,-0.19314025,4
117.37814861,31.96156408,40.91500000,-177.65427245,79.66994405,40.91200000,-70.59722704,0.48553914,-2.06613333,4.56883913,1.50872029,-4.31283913,0.12888116,0.34958695,-0.08115077,9.78560870,0.75221748,-0.28772893,-0.16876811,4
117.37814761,31.96156437,40.91496994,-177.62104348,79.57563029,40.91196994,-70.58600295,0.50310524,-2.07680422,4.56799422,1.50885163,-4.31199422,0.12976724,0.34493893,-0.14295699,9.79129243,0.91159455,-0.20871791,-0.15104384,4
117.37814662,31.96156467,40.91483620,-177.58779662,79.48132280,40.91183620,-70.57548982,0.53082256,-2.08912705,4.56652764,1.50867176,-4.31052764,0.13065271,0.35865039,-0.12600633,9.79365359,1.04752733,-0.25535156,-0.15625123,4
117.37814562,31.96156498,40.91461558,-177.55453303,79.38702118,40.91161558,-70.56568894,0.56704442,-2.10283387,4.56454024,1.50823117,-4.30854024,0.13153767,0.38774307,-0.04307473,9.79323117,1.16381901,-0.40724783,-0.18067031,4
117.37814462,31.96156528,40.91439435,-177.52125388,79.29272502,40.91139435,-70.55660036,0.60332753,-2.11655065,4.56254910,1.50778868,-4.30654910,0.13242262,0.41694655,0.04033219,9.79278868,1.27996923,-0.55990242,-0.20522778,4
117.37814362,31.96156558,40.91417311,-177.48796036,79.19843392,40.91117311,-70.54822256,0.63961069,-2.13026746,4.56055795,1.50734621,-4.30455795,0.13330758,0.44615007,0.12373922,9.79234621,1.39611960,-0.71255719,-0.22978528,4
117.37814263,31.96156588,40.91427868,-177.45465363,79.10414746,40.91127868,-70.54055261,0.67055756,-2.13904489,4.56006749,1.50742639,-4.30393652,0.13393301,0.47490926,0.18091813,9.79687926,1.37002907,-0.67991694,-0.24498007,4
117.37814163,31.96156617,40.91508807,-177.42133486,79.00986525,40.91208807,-70.53358677,0.69001226,-2.13718501,4.56280889,1.50863217,-4.30626490,0.13399954,0.50271147,0.18161289,9.81212744,1.03761329,-0.24823159,-0.24001158,4
117.37814063,31.96156647,40.91598066,-177.38800519,78.91558687,40.91298066,-70.52732115,0.70810846,-2.13406767,4.56593233,1.50997099,-4.30894200,0.13400000,0.53040060,0.17563051,9.82864230,0.66898546,0.23062664,-0.23265952,4
117.37813963,31.96156676,40.91687383,-177.35466579,78.82131192,40.91387383,-70.52175273,0.72619522,-2.13094157,4.56905843,1.51131075,-4.31162151,0.13400000,0.55808898,0.16960159,9.84516601,0.30010478,0.70981425,-0.22529084,4
117.37813863,31.96156706,40.91776565,-177.32131780,78.72704001,40.91476565,-70.51687957,0.74054769,-2.12438494,4.57230028,1.51264846,-4.31444759,0.13369866,0.57554941,0.15571685,9.85196107,-0.01535361,1.11151357,-0.20910409,4
117.37813763,31.96156735,40.91865273,-177.28796235,78.63277072,40.91565273,-70.51270068,0.74206584,-2.10603814,4.57593988,1.51397909,-4.31777735,0.13236164,0.55785786,0.11483285,9.82532017,-0.14720702,1.24689653,-0.16261101,4
117.37813664,31.96156765,40.91953588,-177.25460060,78.53850365,40.91653588,-70.50921565,0.73287330,-2.07785197,4.57991144,1.51530381,-4.32152747,0.13016031,0.51083065,0.05141693,9.77077569,-0.12583516,1.16002844,-0.09082611,4
117.37813564,31.96156796,40.92041899,-177.22123368,78.44423840,40.91741899,-70.50642394,0.72360054,-2.04959209,4.58388549,1.51662850,-4.32528074,0.12795250,0.46358367,-0.01216778,9.71602219,-0.10331558,1.07149555,-0.01885175,4
117.37813464,31.96156826,40.92130212,-177.18786274,78.34997457,40.91830212,-70.50432429,0.71432775,-2.02133219,4.58785953,1.51795317,-4.32903401,0.12574471,0.41633664,-0.07575256,9.66126863,-0.08079596,0.98296258,0.05312269,4
117.37813364,31.96156856,40.92218854,-177.15448891,78.25571175,40.91918854,-70.50291449,0.71452364,-2.00168875,4.58878915,1.51804608,-4.33000238,0.12417955,0.37763497,-0.09811202,9.64438868,0.03072324,0.82607724,0.14339705,4
117.37813264,31.96156885,40.92308211,-177.12111332,78.16144955,40.92008211,-70.50219135,0.73515364,-2.00064035,4.58314866,1.51548070,-4.32496075,0.12400128,0.35737494,-0.03150398,9.70924301,0.33431048,0.52168231,0.27316398,4
117.37813164,31.96156914,40.92397659,-177.08773710,78.06718756,40.92097659,-70.50215157,0.75839131,-2.00196489,4.57666974,1.51257609,-4.31915217,0.12400000,0.33946822,0.04645735,9.78452759,0.66240802,0.19846322,0.40797073,4
117.37813064,31.96156944,40.92487107,-177.05436138,77.97292538,40.92187107,-70.50279246,0.78164785,-2.00330661,4.57018473,1.50966901,-4.31333804,0.12400000,0.32157857,0.12450099,9.85988777,0.99068325,-0.12489235,0.54281403,4
117.37812964,31.96156973,40.92576529,-177.02098726,77.87866263,40.92276529,-70.50411263,0.79833369,-2.00571150,4.56394477,1.50673243,-4.30779912,0.12409117,0.30639878,0.19252367,9.93309826,1.13297789,-0.38339469,0.66652542,4
117.37812863,31.96157002,40.92665858,-176.98761588,77.78439889,40.92365858,-70.50611241,0.79241272,-2.01177428,4.55854789,1.50369428,-4.30320716,0.12449598,0.30054236,0.22606904,9.99891271,0.63540060,-0.41876773,0.75193725,4
117.37812763,31.96157032,40.92755111,-176.95424833,77.69013379,40.92455111,-70.50879337,0.76756902,-2.02089885,4.55385669,1.50057113,-4.29940779,0.12516334,0.30248999,0.23075553,10.05853636,-0.39777344,-0.26737303,0.80529083,4
117.37812663,31.96157062,40.92844362,-176.92088576,77.59586691,40.92544362,-70.51215749,0.74257856,-2.03004713,4.54917099,1.49744732,-4.29561461,0.12583272,0.30449815,0.23521812,10.11811182,-1.43510055,-0.11452961,0.85839555,4
117.37812563,31.96157092,40.92933614,-176.88752928,77.50159786,40.92633614,-70.51620636,0.71758815,-2.03919541,4.54448528,1.49432352,-4.29182142,0.12650209,0.30650630,0.23968069,10.17768718,-2.47242584,0.03831355,0.91150018,4
117.37812464,31.96157122,40.93002327,-176.85418002,77.40732625,40.92702327,-70.52094104,0.68384905,-2.04752088,4.54014261,1.49126883,-4.28830266,0.12696616,0.31042902,0.20803051,10.15551884,-2.99396558,0.09031003,0.95522283,4
117.37812364,31.96157152,40.93027984,-176.82083911,77.31305166,40.92727984,-70.52636198,0.63176953,-2.05412149,4.53651904,1.48835898,-4.28535922,0.12699976,0.31836536,0.10067499,9.96198629,-2.43423440,-0.06910426,0.97927758,4
117.37812265,31.96157182,40.93050305,-176.78750768,77.21877371,40.92750305,-70.53246992,0.57826844,-2.06058840,4.53295123,1.48546038,-4.28246038,0.12700000,0.32661278,-0.01254847,9.75517130,-1.79069383,-0.24490500,1.00180787,4
117.37812165,31.96157211,40.93072602,-176.75418687,77.12449200,40.92772602,-70.53926704,0.52475717,-2.06705434,4.52938381,1.48256185,-4.27956185,0.12700000,0.33486243,-0.12581399,9.54826106,-1.14655194,-0.42082330,1.02432720,4
117.37812066,31.96157241,40.93104737,-176.72087780,77.03020611,40.92804737,-70.54675756,0.48122524,-2.07411010,4.52624329,1.47976206,-4.27712294,0.12713123,0.34271749,-0.19963261,9.37385296,-0.58413876,-0.55492563,1.04838596,4
117.37811966,31.96157271,40.93168923,-176.68758163,76.93591567,40.92868923,-70.55494791,0.47019802,-2.08308703,4.52449322,1.47728390,-4.27618112,0.12768990,0.34928725,-0.14496466,9.30531069,-0.28793172,-0.55282496,1.07745908,4
117.37811867,31.96157302,40.93257843,-176.65429951,76.84162024,40.92957843,-70.56384605,0.48425482,-2.09354651,4.52381618,1.47505394,-4.27639461,0.12857843,0.35486516,0.00885692,9.31846560,-0.19715740,-0.44561585,1.11040176,4
117.37811767,31.96157332,40.93346961,-176.62103262,76.74731944,40.93046961,-70.57346011,0.49851375,-2.10401791,4.52314779,1.47282597,-4.27661740,0.12946961,0.36043506,0.16347730,9.33227895,-0.10803903,-0.33755981,1.14337556,4
117.37811667,31.96157363,40.93436080,-176.58778214,76.65301283,40.93136080,-70.58379744,0.51277269,-2.11448931,4.52247941,1.47059802,-4.27684019,0.13036080,0.36600496,0.31809758,9.34609229,-0.01892071,-0.22950385,1.17634933,4
117.37811567,31.96157393,40.93504029,-176.55454927,76.55870001,40.93204029,-70.59486390,0.52196866,-2.11816112,4.52334903,1.46879452,-4.27845916,0.13083079,0.37470384,0.39810535,9.43578303,0.04288392,-0.06912557,1.20833476,4
117.37811467,31.96157423,40.93528343,-176.52133522,76.46438057,40.93228343,-70.60666384,0.52072770,-2.10781602,4.52738916,1.46786598,-4.28295622,0.13043254,0.38985296,0.32430459,9.68188989,0.04838327,0.19911165,1.23828279,4
117.37811368,31.96157453,40.93550466,-176.48814121,76.37005407,40.93250466,-70.61920127,0.51896274,-2.09676718,4.53158847,1.46698138,-4.28759779,0.12999069,0.40532594,0.24278181,9.93585014,0.05105588,0.47276455,1.26812861,4
117.37811268,31.96157483,40.93572573,-176.45496844,76.27572009,40.93272573,-70.63248117,0.51719415,-2.08571342,4.53578890,1.46609707,-4.29224036,0.12954854,0.42080121,0.16120504,10.18986562,0.05370878,0.74645573,1.29797377,4
117.37811168,31.96157513,40.93582010,-176.42181816,76.18137823,40.93282010,-70.64651057,0.51488783,-2.07317487,4.53951316,1.46502307,-4.29646997,0.12888489,0.43285243,0.09051247,10.36063079,0.06478282,0.98159662,1.33420562,4
117.37811069,31.96157543,40.93549459,-176.38869160,76.08702804,40.93249459,-70.66129921,0.51079975,-2.05571639,4.54165958,1.46332046,-4.29933109,0.12748730,0.43355781,0.05588557,10.25554011,0.10376088,1.08899817,1.39160019,4
117.37810969,31.96157574,40.93483556,-176.35559003,75.99266910,40.93183556,-70.67685864,0.50529631,-2.03434971,4.54255259,1.46111852,-4.30110518,0.12550667,0.42525040,0.04990817,9.93131817,0.16490498,1.09492738,1.46580567,4
117.37810869,31.96157604,40.93417371,-176.32251474,75.89830098,40.93117371,-70.69320081,0.49978096,-2.01295012,4.54343505,1.45891239,-4.30287009,0.12352114,0.41686705,0.04417219,9.60525021,0.22623576,1.10000152,1.54015270,4
117.37810770,31.96157635,40.93351187,-176.28946702,75.80392322,40.93051187,-70.71033658,0.49426560,-1.99155052,4.54431751,1.45670624,-4.30463500,0.12153562,0.40848371,0.03843622,9.27918209,0.28756657,1.10507565,1.61449976,4
117.37810670,31.96157665,40.93291469,-176.25644820,75.70953539,40.92991469,-70.72827458,0.50085455,-1.96672369,4.54401018,1.45403141,-4.30527842,0.11941299,0.38577831,0.04871070,9.10874656,0.46458596,1.13532325,1.65743717,4
117.37810570,31.96157695,40.93245464,-176.22345960,75.61513703,40.92945464,-70.74702130,0.53311582,-1.93462801,4.54117938,1.45036254,-4.30354322,0.11699960,0.33269694,0.09294213,9.26839675,0.88697187,1.21896185,1.63375695,4
117.37810470,31.96157724,40.93200981,-176.19050258,75.52072769,40.92900981,-70.76658256,0.56822514,-1.90172583,4.53806866,1.44658337,-4.30154414,0.11455395,0.27624567,0.14094069,9.46466469,1.33657880,1.30852361,1.60268659,4
117.37810370,31.96157753,40.93156509,-176.15757849,75.42630693,40.92856509,-70.78696559,0.60335746,-1.86881706,4.53495567,1.44280331,-4.29954293,0.11210803,0.21976711,0.18896970,9.66122783,1.78640601,1.39813327,1.57155667,4
117.37810270,31.96157783,40.93115010,-176.12468869,75.33187428,40.92815010,-70.80818046,0.63760019,-1.83971366,4.53118790,1.43884444,-4.29688704,0.10992966,0.16667546,0.23048728,9.85346371,2.09025384,1.40775059,1.54482729,4
117.37810171,31.96157812,40.93083852,-176.09183457,75.23742929,40.92783852,-70.83024096,0.66874680,-1.82385412,4.52514131,1.43426321,-4.29195265,0.10868246,0.12537126,0.24934306,10.03063924,1.88604797,1.13896962,1.53341312,4
117.37810071,31.96157842,40.93061524,-176.05901755,75.14297148,40.92761524,-70.85316293,0.69724924,-1.81930480,4.51714865,1.42915053,-4.28507245,0.10823048,0.09413364,0.24884572,10.19495266,1.24796824,0.63243930,1.53507807,4
117.37809971,31.96157872,40.93039274,-176.02623907,75.04850040,40.92739274,-70.87696167,0.72572817,-1.81485497,4.50913895,1.42403322,-4.27817521,0.10778550,0.06298481,0.24817825,10.35915148,0.60607994,0.12382348,1.53685801,4
117.37809872,31.96157902,40.93017026,-175.99350059,74.95401554,40.92717026,-70.90164983,0.75420694,-1.81040517,4.50112930,1.41891594,-4.27127801,0.10734051,0.03183617,0.24751077,10.52334931,-0.03580458,-0.38478935,1.53863794,4
117.37809772,31.96157931,40.92974389,-175.96080360,74.85951644,40.92674389,-70.92723570,0.77188333,-1.81162727,4.49403990,1.41411955,-4.26530491,0.10723253,0.03416198,0.23864866,10.53868764,-0.38057716,-0.64613575,1.53873136,4
117.37809672,31.96157961,40.92888815,-175.92814959,74.76500260,40.92588815,-70.95372303,0.76681094,-1.82479395,4.48888845,1.40999887,-4.26127782,0.10783422,0.10698229,0.21252921,10.24053987,-0.09965791,-0.38676047,1.53527316,4
117.37809572,31.96157990,40.92798833,-175.89554007,74.67047354,40.92498833,-70.98111263,0.75940377,-1.83918663,4.48393585,1.40594752,-4.25745042,0.10850875,0.18703812,0.18463840,9.91021630,0.24547908,-0.07394084,1.53145042,4
117.37809471,31.96158020,40.92708815,-175.86297653,74.57592878,40.92408815,-71.00940433,0.75197726,-1.85358954,4.47898484,1.40189669,-4.25362466,0.10918388,0.26715434,0.15673276,9.57962437,0.59114906,0.23932258,1.52762466,4
117.37809370,31.96158049,40.92639573,-175.83046047,74.48136783,40.92339573,-71.03859814,0.75141490,-1.86280796,4.47493542,1.39812631,-4.25066466,0.10954817,0.33150068,0.13702477,9.33031287,0.91191277,0.49767940,1.52438908,4
117.37809271,31.96158079,40.92635767,-175.79799339,74.38679022,40.92335767,-71.06869439,0.77247027,-1.85569829,4.47372550,1.39523916,-4.25043142,0.10893350,0.34618066,0.14313466,9.33698820,1.15423183,0.58311031,1.52301232,4
117.37809172,31.96158109,40.92679993,-175.76557680,74.29219548,40.92379993,-71.09969258,0.80939379,-1.83660321,4.47459985,1.39300038,-4.25219970,0.10760022,0.32440370,0.16819578,9.53156717,1.33896919,0.54160714,1.52300000,4
117.37809072,31.96158138,40.92724651,-175.73321219,74.19758312,40.92424651,-71.13158916,0.84646056,-1.81739995,4.47549302,1.39076744,-4.25398605,0.10626046,0.30229762,0.19342798,9.72784239,1.52318654,0.49895802,1.52300000,4
117.37808972,31.96158168,40.92769309,-175.70090105,74.10295268,40.92469309,-71.16437574,0.88352738,-1.79819665,4.47638620,1.38853450,-4.25577240,0.10492070,0.28019151,0.21866021,9.92411786,1.70740414,0.45630886,1.52300000,4
117.37808872,31.96158198,40.92763288,-175.66864487,74.00830370,40.92463288,-71.19803863,0.91453462,-1.78520055,4.47698732,1.38616586,-4.25726325,0.10409119,0.25384132,0.23167317,10.09950554,1.63310265,0.38525082,1.54031714,4
117.37808772,31.96158227,40.92655147,-175.63644507,73.91363573,40.92355147,-71.23255874,0.93333199,-1.78471171,4.47699993,1.38352378,-4.25815866,0.10428980,0.21893948,0.22006469,10.23280491,1.03789351,0.25694982,1.59252776,4
117.37808672,31.96158255,40.92544827,-175.60430309,73.81894832,40.92244827,-71.26791286,0.95186914,-1.78448965,4.47700000,1.38087583,-4.25904139,0.10451035,0.18385485,0.20793092,10.36520812,0.43156681,0.12742640,1.64548324,4
117.37808572,31.96158284,40.92434493,-175.57222028,73.72424107,40.92134493,-71.30407471,0.97040517,-1.78426898,4.47700000,1.37822783,-4.25992405,0.10473102,0.14876879,0.19579424,10.49760835,-0.17482624,-0.00210517,1.69844334,4
117.37808471,31.96158313,40.92320643,-175.54019797,73.62951357,40.92020643,-71.34101520,0.98008979,-1.78495591,4.47626023,1.37530713,-4.26010181,0.10491836,0.11864407,0.18491841,10.56838866,-0.71531725,-0.11278504,1.74007807,4
117.37808370,31.96158342,40.92195563,-175.50823745,73.53476542,40.91895563,-71.37870269,0.96149829,-1.78854212,4.47315728,1.37151537,-4.25802771,0.10499927,0.10436928,0.17807074,10.44232203,-1.04526821,-0.16323991,1.74553271,4
117.37808271,31.96158372,40.92062024,-175.47633992,73.43999626,40.91762024,-71.41710256,0.92160723,-1.79431229,4.46827422,1.36706747,-4.25425735,0.10500000,0.10203374,0.17425735,10.16797643,-1.21662600,-0.16832916,1.72373398,4
117.37808171,31.96158401,40.91928407,-175.44450656,73.34520575,40.91628407,-71.45617609,0.88152210,-1.80010236,4.46337492,1.36261357,-4.25047153,0.10500000,0.09980678,0.17047153,9.89227977,-1.38654243,-0.17300576,1.70168716,4
117.37808071,31.96158430,40.91794789,-175.41273845,73.25039356,40.91494789,-71.49588031,0.84143664,-1.80589248,4.45847559,1.35815962,-4.24668569,0.10500000,0.09757982,0.16668569,9.61658084,-1.55646027,-0.17768239,1.67964015,4
117.37807970,31.96158458,40.91696829,-175.38103661,73.15555940,40.91396829,-71.53616818,0.80827196,-1.80804709,4.45500250,1.35420546,-4.24425458,0.10485748,0.10397586,0.15727104,9.45153694,-1.55802439,-0.12798616,1.66087581,4
117.37807869,31.96158486,40.91671302,-175.34940199,73.06070299,40.91371302,-71.57698859,0.78916530,-1.80281707,4.45442651,1.35126646,-4.24457534,0.10442547,0.12788722,0.13642308,9.51126082,-1.21762242,0.03215379,1.64877949,4
117.37807768,31.96158514,40.91649023,-175.31783543,72.96582410,40.91349023,-71.61828750,0.77068906,-1.79725574,4.45398045,1.34837299,-4.24501955,0.10398045,0.15258452,0.11506203,9.58106791,-0.86187706,0.19724966,1.63698216,4
117.37807668,31.96158542,40.91626767,-175.28633770,72.87092251,40.91326767,-71.66000950,0.75221723,-1.79169193,4.45353536,1.34547980,-4.24546464,0.10353536,0.17728781,0.09369702,9.65094930,-0.50601611,0.36238340,1.62518690,4
117.37807567,31.96158570,40.91614951,-175.25490945,72.77599806,40.91314951,-71.70209893,0.73496657,-1.78619885,4.45305557,1.34258723,-4.24587487,0.10309035,0.19582986,0.07327556,9.71434693,-0.24058834,0.47531244,1.61575915,4
117.37807468,31.96158599,40.91635648,-175.22355128,72.68105058,40.91335648,-71.74450156,0.72151987,-1.78092619,4.45246774,1.33969661,-4.24617647,0.10264564,0.19518110,0.05579337,9.75754835,-0.25683803,0.42563733,1.61370570,4
117.37807367,31.96158627,40.91679886,-175.19226365,72.58607997,40.91379886,-71.78716579,0.71082736,-1.77581311,4.45180171,1.33680740,-4.24639943,0.10220114,0.18063762,0.04043933,9.78612704,-0.47703054,0.25823208,1.61699145,4
117.37807266,31.96158656,40.91724336,-175.16104699,72.49108613,40.91424336,-71.83004250,0.70015957,-1.77070146,4.45113498,1.33391822,-4.24662168,0.10175664,0.16596941,0.02510439,9.81457447,-0.69905390,0.08976992,1.62032513,4
117.37807166,31.96158685,40.91768785,-175.12990161,72.39606900,40.91468785,-71.87308390,0.68949178,-1.76558981,4.45046824,1.33102903,-4.24684392,0.10131215,0.15130120,0.00976943,9.84302193,-0.92107737,-0.07869234,1.62365882,4
117.37807066,31.96158712,40.91827231,-175.09882775,72.30102854,40.91527231,-71.91624175,0.67333634,-1.76958021,4.44930777,1.32808124,-4.24656864,0.10157896,0.14662717,0.00074268,9.84893099,-1.07752603,-0.26530411,1.61101696,4
117.37806965,31.96158740,40.91913848,-175.06782559,72.20596473,40.91613848,-71.95946549,0.64613736,-1.79188799,4.44715372,1.32501555,-4.24529212,0.10327719,0.16206586,0.00441083,9.80948288,-1.10200927,-0.48844074,1.56622523,4
117.37806865,31.96158769,40.92001564,-175.03689521,72.11087760,40.91701564,-72.00270174,0.61850740,-1.81491049,4.44496090,1.32194526,-4.24397654,0.10503128,0.17828930,0.00857428,9.76826501,-1.12134404,-0.71300333,1.52017900,4
117.37806764,31.96158796,40.92089287,-175.00603658,72.01576718,40.91789287,-72.04589524,0.59087437,-1.83793803,4.44276781,1.31887493,-4.24266068,0.10678575,0.19451823,0.01274116,9.72703477,-1.14064330,-0.93757660,1.47412394,4
117.37806663,31.96158824,40.92183255,-174.97524960,71.92063356,40.91883255,-72.08899112,0.56516736,-1.86173773,4.44032739,1.31576854,-4.24109912,0.10857386,0.20776619,0.01791930,9.68338710,-1.13795983,-1.13339726,1.42600755,4
117.37806563,31.96158853,40.92298561,-174.94453409,71.82547683,40.91998561,-72.13193735,0.54604381,-1.88817651,4.43704164,1.31253896,-4.23869771,0.11047692,0.21082496,0.02655384,9.63147701,-1.06013866,-1.23093887,1.37084586,4
117.37806462,31.96158880,40.92431754,-174.91388975,71.73029712,40.92131754,-72.17468635,0.53243830,-1.91682720,4.43304736,1.30920614,-4.23559239,0.11247631,0.20534356,0.03808538,9.57264180,-0.91934028,-1.24610673,1.30977921,4
117.37806362,31.96158909,40.92565103,-174.88331625,71.63509460,40.92265103,-72.21719522,0.51888118,-1.94549720,4.42904691,1.30587243,-4.23248093,0.11447654,0.19978736,0.04964228,9.51374609,-0.77799061,-1.26055285,1.24866102,4
117.37806262,31.96158937,40.92698451,-174.85281315,71.53986943,40.92398451,-72.25942349,0.50532410,-1.97416708,4.42504646,1.30253872,-4.22936947,0.11647677,0.19423118,0.06119914,9.45485057,-0.63664137,-1.27499892,1.18754304,4
117.37806161,31.96158964,40.92817772,-174.82237996,71.44462181,40.92517772,-72.30133059,0.49596291,-2.00434095,4.42299571,1.29995455,-4.22800341,0.11873187,0.20705187,0.07781071,9.43902078,-0.51514773,-1.29096079,1.13427285,4
117.37806060,31.96158992,40.92908085,-174.79201614,71.34935195,40.92608085,-72.34287348,0.49527743,-2.03762465,4.42497633,1.29892019,-4.23024626,0.12151399,0.25786995,0.10487388,9.51223678,-0.43470851,-1.31005691,1.09722912,4
117.37805960,31.96159019,40.92995402,-174.76172104,71.25406010,40.92695402,-72.38400572,0.49548851,-2.07122976,4.42737355,1.29804598,-4.23286206,0.12435056,0.31261473,0.13301713,9.59465485,-0.35851179,-1.32947694,1.06186221,4
117.37805859,31.96159046,40.93082695,-174.73149396,71.15874652,40.92782695,-72.42467909,0.49570674,-2.10483747,4.42977410,1.29717305,-4.23548085,0.12718758,0.36739094,0.16116904,9.67714650,-0.28234886,-1.34889957,1.02650864,4
117.37805758,31.96159073,40.93167680,-174.70133411,71.06341149,40.92867680,-72.46484597,0.49454847,-2.13653012,4.43241915,1.29637150,-4.23836855,0.12985901,0.41902217,0.18326889,9.75312166,-0.23087386,-1.33774332,0.99282644,4
117.37805657,31.96159101,40.93243364,-174.67124061,70.96805534,40.92943364,-72.50446171,0.48784251,-2.16050453,4.43604959,1.29585768,-4.24234006,0.13186311,0.45797821,0.18097703,9.80283327,-0.27889889,-1.20334465,0.96588034,4
117.37805557,31.96159130,40.93309650,-174.64121252,70.87267838,40.93009650,-72.54348615,0.47553200,-2.17668151,4.44067550,1.29563450,-4.24740650,0.13319300,0.48412901,0.15404349,9.82601201,-0.42744354,-0.94444093,0.94573950,4
117.37805456,31.96159159,40.93375856,-174.61124884,70.77728099,40.93075856,-72.58188333,0.46317361,-2.19279156,4.44530990,1.29541381,-4.25248226,0.13451712,0.51016991,0.12689917,9.84896331,-0.57684769,-0.68447329,0.92565711,4
117.37805356,31.96159186,40.93442061,-174.58134850,70.68186352,40.93142061,-72.61961919,0.45081535,-2.20890143,4.44994425,1.29519313,-4.25755798,0.13584121,0.53621053,0.09975513,9.87191436,-0.72625025,-0.42450843,0.90557493,4
117.37805255,31.96159213,40.93507866,-174.55151039,70.58642636,40.93207866,-72.65665917,0.43651412,-2.21747873,4.45581876,1.29537725,-4.26375593,0.13663858,0.55022049,0.08003720,9.86492736,-0.82062907,-0.17210391,0.89500901,4
117.37805153,31.96159240,40.93572791,-174.52173332,70.49096992,40.93272791,-72.69296667,0.41791105,-2.20937931,4.46443902,1.29645761,-4.27243851,0.13626979,0.53759522,0.07676015,9.79165856,-0.79318881,0.06356579,0.90551158,4
117.37805051,31.96159264,40.93637506,-174.49201606,70.39549461,40.93337506,-72.72850243,0.39828973,-2.19733214,4.47370925,1.29775013,-4.28170925,0.13562494,0.51866479,0.07737506,9.70269954,-0.73691109,0.29527289,0.92100154,4
117.37804950,31.96159290,40.93702220,-174.46235729,70.30000089,40.93402220,-72.76322599,0.37866007,-2.18525234,4.48298481,1.29904438,-4.29098481,0.13497780,0.49968225,0.07802220,9.61361105,-0.68039491,0.52694608,0.93653270,4
117.37804848,31.96159314,40.93766951,-174.43275564,70.20448920,40.93466951,-72.79709823,0.35960029,-2.17303122,4.49194076,1.30022396,-4.29996377,0.13430749,0.48080960,0.07701289,9.53821152,-0.62684298,0.74013726,0.95485213,4
117.37804747,31.96159340,40.93831811,-174.40320967,70.10896004,40.93531811,-72.83008319,0.34470363,-2.15977715,4.49856191,1.30056562,-4.30677603,0.13346776,0.46273928,0.06390127,9.56282355,-0.59494699,0.81830166,0.99354357,4
117.37804646,31.96159366,40.93896859,-174.37371787,70.01341389,40.93596859,-72.86214937,0.33576265,-2.14504536,4.50184293,1.29970855,-4.31048866,0.13238569,0.44581675,0.03347643,9.73050965,-0.59403141,0.70330014,1.06137873,4
117.37804544,31.96159392,40.93961908,-174.34427871,69.91785127,40.93661908,-72.89326936,0.32687269,-2.13030105,4.50509536,1.29884124,-4.31417473,0.13130154,0.42890415,0.00290366,9.89941879,-0.59338092,0.58664659,1.12946277,4
117.37804442,31.96159419,40.94026956,-174.31489058,69.82227270,40.93726956,-72.92341800,0.31798282,-2.11555686,4.50834775,1.29797393,-4.31786078,0.13021742,0.41199170,-0.02766887,10.06832654,-0.59273044,0.46999400,1.19754626,4
117.37804342,31.96159445,40.94068218,-174.28555187,69.72667870,40.93768218,-72.95257037,0.30946923,-2.10242405,4.51115900,1.29691188,-4.32110462,0.12925408,0.39157710,-0.05540970,10.18527484,-0.57499244,0.37178128,1.25309786,4
117.37804240,31.96159471,40.94043378,-174.25626088,69.63106983,40.93743378,-72.98070037,0.30200127,-2.09376914,4.51274430,1.29530863,-4.32311954,0.12862644,0.36142961,-0.07528158,10.15782738,-0.50976717,0.32481224,1.27382370,4
117.37804138,31.96159496,40.93979534,-174.22701592,69.53544665,40.93679534,-73.00778050,0.29515031,-2.08775652,4.51360621,1.29338602,-4.32440931,0.12819690,0.32553909,-0.09051026,10.04517691,-0.41652134,0.30808043,1.27400000,4
117.37804037,31.96159520,40.93915356,-174.19781519,69.43980971,40.93615356,-73.03378245,0.28830466,-2.08176658,4.51446191,1.29146068,-4.32569287,0.12776905,0.28959946,-0.10569904,9.93179590,-0.32303549,0.29160809,1.27400000,4
117.37803935,31.96159545,40.93851179,-174.16865690,69.34415961,40.93551179,-73.05867879,0.28145904,-2.07577665,4.51531761,1.28953535,-4.32697643,0.12734119,0.25365992,-0.12088777,9.81841523,-0.22954992,0.27513580,1.27400000,4
117.37803833,31.96159571,40.93799501,-174.13953918,69.24849693,40.93499501,-73.08244414,0.27995102,-2.07084690,4.51585756,1.28760163,-4.32800999,0.12691147,0.24031153,-0.11690936,9.72096242,-0.07661529,0.26868764,1.26115649,4
117.37803733,31.96159596,40.93773926,-174.11046014,69.15282228,40.93473926,-73.10505534,0.28958904,-2.06813100,4.51573813,1.28565040,-4.32852149,0.12647786,0.27413802,-0.07290601,9.65677002,0.20046154,0.28317191,1.22149307,4
117.37803631,31.96159623,40.93752185,-174.08141782,69.05713629,40.93452185,-73.12649136,0.30086416,-2.06574028,4.51552185,1.28369659,-4.32895631,0.12604369,0.31489350,-0.02302392,9.59746317,0.49577153,0.30073071,1.17789047,4
117.37803531,31.96159649,40.93730475,-174.05241026,68.96143956,40.93430475,-73.14673217,0.31215289,-2.06335227,4.51530475,1.28174277,-4.32939050,0.12560950,0.35570659,0.02690699,9.53819735,0.79123225,0.31831507,1.13425519,4
117.37803429,31.96159676,40.93704992,-174.02343546,68.86573274,40.93404992,-73.16575783,0.32527066,-2.05980690,4.51560188,1.28000128,-4.33029985,0.12513792,0.39335536,0.06907282,9.49419072,1.06024551,0.34719731,1.08092228,4
117.37803327,31.96159702,40.93661647,-173.99449137,68.77001646,40.93361647,-73.18354835,0.34704639,-2.05078306,4.51833303,1.27926479,-4.33345836,0.12448925,0.41602672,0.07448387,9.52241166,1.20407637,0.42955787,0.98168527,4
117.37803227,31.96159727,40.93597809,-173.96557592,68.67429137,40.93297809,-73.20008448,0.37875466,-2.03547426,4.52385651,1.27968127,-4.33919715,0.12363746,0.42151588,0.03772946,9.63349289,1.20429682,0.57326946,0.82978641,4
117.37803125,31.96159753,40.93533789,-173.93668700,68.57855814,40.93233789,-73.21534919,0.41055188,-2.02010917,4.52940502,1.28010808,-4.34495907,0.12278384,0.42685098,0.00059715,9.74531663,1.20322980,0.71753062,0.67741588,4
117.37803023,31.96159778,40.93469767,-173.90782249,68.48281743,40.93169767,-73.22932896,0.44234902,-2.00474410,4.53495352,1.28053488,-4.35072096,0.12193023,0.43218608,-0.03653509,9.85714017,1.20216278,0.86179151,0.52504565,4
117.37802923,31.96159804,40.93388673,-173.87898023,68.38706990,40.93088673,-73.24201459,0.47198316,-1.98891833,4.53954304,1.28100503,-4.35543984,0.12098993,0.42810404,-0.06940305,9.95562216,1.17204114,0.94521650,0.36612627,4
117.37802821,31.96159830,40.93262092,-173.85015806,68.29131623,40.92962092,-73.25340081,0.49585450,-1.97186507,4.54157760,1.28159065,-4.35737981,0.11981870,0.39893190,-0.09090978,10.01855855,1.06450920,0.86655656,0.18975758,4
117.37802719,31.96159857,40.93111052,-173.82135381,68.19555708,40.92811052,-73.26348521,0.51662717,-1.95415179,4.54223834,1.28223834,-4.35782556,0.11852330,0.35626895,-0.10630760,10.06238218,0.91535411,0.70074425,0.00400656,4
117.37802618,31.96159884,40.92959790,-173.79256531,68.09979314,40.92659790,-73.27226641,0.53737165,-1.93643255,4.54288662,1.28288662,-4.35825775,0.11722677,0.31348347,-0.12164987,10.10603201,0.76582103,0.53414019,-0.18182936,4
117.37802517,31.96159911,40.92808528,-173.76379038,68.00402507,40.92508528,-73.27974310,0.55811607,-1.91871335,4.54353488,1.28353488,-4.35868992,0.11593025,0.27069810,-0.13699209,10.14968174,0.61628830,0.36753653,-0.36766483,4
117.37802416,31.96159938,40.92677972,-173.73502686,67.90825354,40.92377972,-73.28591402,0.58107597,-1.90684300,4.54369401,1.28432463,-4.35856244,0.11505144,0.24211758,-0.13127542,10.16392333,0.56033654,0.23253672,-0.52424889,4
117.37802315,31.96159963,40.92588448,-173.70627254,67.81247922,40.92288448,-73.29077886,0.60842643,-1.90656353,4.54288380,1.28539480,-4.35732586,0.11500041,0.24168737,-0.08382538,10.11988554,0.68983823,0.16016730,-0.62286460,4
117.37802213,31.96159989,40.92501432,-173.67752527,67.71670278,40.92201432,-73.29433975,0.63604533,-1.90699284,4.54201432,1.28648211,-4.35602148,0.11500000,0.24297852,-0.03382341,10.07228404,0.83068010,0.09162773,-0.71793550,4
117.37802112,31.96160013,40.92414436,-173.64878286,67.62092489,40.92114436,-73.29660288,0.66366638,-1.90742782,4.54114436,1.28756954,-4.35471655,0.11500000,0.24428345,0.01619896,10.02465404,0.97161271,0.02311882,-0.81297802,4
117.37802011,31.96160039,40.92335203,-173.62004316,67.52514621,40.92035203,-73.29757878,0.68914299,-1.91031916,4.53996012,1.28863181,-4.35309695,0.11515677,0.24383897,0.05790424,9.97546702,1.06765074,-0.08477187,-0.90209425,4
117.37801910,31.96160065,40.92285267,-173.59130403,67.42936738,40.91985267,-73.29728139,0.70652598,-1.92248126,4.53758970,1.28959904,-4.35028972,0.11590519,0.23679195,0.06821919,9.92040368,0.99424844,-0.34129609,-0.96884340,4
117.37801809,31.96160092,40.92263094,-173.56256336,67.33358907,40.91963094,-73.29572652,0.71623850,-1.94342946,4.53409509,1.29047623,-4.34635698,0.11721434,0.22348753,0.04878487,9.85977122,0.76026379,-0.73868364,-1.01439479,4
117.37801708,31.96160119,40.92241186,-173.53381906,67.23781190,40.91941186,-73.29293025,0.72587808,-1.96446126,4.53058979,1.29135255,-4.34241351,0.11852882,0.21012357,0.02906756,9.79908572,0.52475146,-1.13741147,-1.05974460,4
117.37801607,31.96160146,40.92219278,-173.50506907,67.14203650,40.91919278,-73.28890818,0.73551766,-1.98549308,4.52708448,1.29222887,-4.33847005,0.11984332,0.19675960,0.00935024,9.73840018,0.28923894,-1.53613965,-1.10509445,4
117.37801506,31.96160172,40.92179645,-173.47631136,67.04626350,40.91879645,-73.28367560,0.74653017,-2.01174996,4.52492900,1.29363735,-4.33581668,0.12169072,0.20689542,-0.00715920,9.71009246,0.17977211,-1.78871047,-1.17457792,4
117.37801404,31.96160198,40.92101111,-173.44754393,66.95049350,40.91801111,-73.27724930,0.76055571,-2.04947385,4.52573584,1.29621366,-4.33599455,0.12470765,0.26860419,-0.01662855,9.75284160,0.34692691,-1.72052221,-1.29702531,4
117.37801303,31.96160224,40.92012992,-173.41876478,66.85472711,40.91712992,-73.26964942,0.77532374,-2.09002342,4.52727264,1.29907775,-4.33687008,0.12801278,0.34302129,-0.02436315,9.81310009,0.58224490,-1.57329503,-1.43252393,4
117.37801201,31.96160249,40.91924784,-173.38997199,66.75896491,40.91624784,-73.26090055,0.79009883,-2.13059974,4.52881629,1.30194455,-4.33775216,0.13132063,0.41755823,-0.03208148,9.87352353,0.81820504,-1.42532375,-1.56814589,4
117.37801100,31.96160275,40.91842252,-173.36116366,66.66320750,40.91542252,-73.25103168,0.80458180,-2.16759132,4.53120021,1.30516439,-4.33938154,0.13436410,0.49070895,-0.04024251,9.92423196,1.00956894,-1.24711983,-1.70184743,4
117.37800999,31.96160301,40.91787530,-173.33233794,66.56745543,40.91487530,-73.24007437,0.81763426,-2.18703025,4.53769818,1.31011269,-4.34466974,0.13611298,0.55707080,-0.05057103,9.92737215,0.98257440,-0.92089301,-1.82614331,4
117.37800898,31.96160327,40.91765361,-173.30349304,66.47170924,40.91465361,-73.22806067,0.82901214,-2.18592167,4.54901214,1.31708440,-4.35424104,0.13634639,0.61548540,-0.06343684,9.87482790,0.69996464,-0.42138764,-1.93942860,4
117.37800797,31.96160354,40.91743512,-173.27462724,66.37596948,40.91443512,-73.21502123,0.84037357,-2.18461074,4.56037357,1.32407605,-4.36385457,0.13656488,0.67382201,-0.07632772,9.82173503,0.41483623,0.07982658,-2.05260600,4
117.37800696,31.96160381,40.91721663,-173.24573883,66.28023664,40.91421663,-73.20098484,0.85173506,-2.18329980,4.57173506,1.33106773,-4.37346813,0.13678337,0.73215887,-0.08921863,9.76864193,0.12970664,0.58104289,-2.16578387,4
117.37800595,31.96160408,40.91719738,-173.21682618,66.18451124,40.91419738,-73.18597964,0.86078472,-2.17453950,4.58341790,1.33819220,-4.38340712,0.13645484,0.77550491,-0.09234174,9.75487202,-0.09986040,0.98893204,-2.24988254,4
117.37800494,31.96160433,40.91765620,-173.18788769,66.08879377,40.91465620,-73.17003491,0.86428721,-2.14790484,4.59587177,1.34563527,-4.39412689,0.13481376,0.78288104,-0.07202749,9.83545618,-0.19610680,1.17288544,-2.26420669,4
117.37800392,31.96160458,40.91830318,-173.15892184,65.99308469,40.91530318,-73.15318294,0.86560635,-2.11423479,4.60862914,1.35320374,-4.40515401,0.13265608,0.77609945,-0.04248826,9.95317822,-0.23987847,1.26869824,-2.25106767,4
117.37800290,31.96160483,40.91895202,-173.12992712,65.89738446,40.91595202,-73.13545920,0.86690402,-2.08049543,4.62138955,1.36077345,-4.41618419,0.13049330,0.76917855,-0.01285817,10.07126598,-0.28313406,1.36364425,-2.23765843,4
117.37800189,31.96160508,40.91959709,-173.10090211,65.80169353,40.91659709,-73.11690019,0.86791037,-2.04680753,4.63402698,1.36829817,-4.42709894,0.12832338,0.76103103,0.01621593,10.18479310,-0.32840123,1.45430114,-2.22336602,4
117.37800087,31.96160533,40.92016402,-173.07184546,65.70601231,40.91716402,-73.09754084,0.86285598,-2.01419286,4.64410503,1.37488556,-4.43561161,0.12600499,0.72736431,0.03372077,10.20342825,-0.41551511,1.45571615,-2.19070048,4
117.37799986,31.96160559,40.92059521,-173.04275586,65.61034121,40.91759521,-73.07741120,0.84727478,-1.98344236,4.64973775,1.37984493,-4.43995211,0.12342873,0.64937387,0.03113112,10.05724720,-0.57531153,1.30212861,-2.12612305,4
117.37799884,31.96160586,40.92102503,-173.01363205,65.51468063,40.91802503,-73.05653507,0.83158657,-1.95271068,4.65532533,1.38478779,-4.44425025,0.12084985,0.57093286,0.02833733,9.90939125,-0.73584700,1.14696582,-2.06122116,4
117.37799783,31.96160613,40.92145485,-172.98447280,65.41903095,40.91845485,-73.03493116,0.81589831,-1.92197888,4.66091294,1.38973067,-4.44854841,0.11827095,0.49249155,0.02554354,9.76153474,-0.89638307,0.99180245,-1.99631903,4
117.37799682,31.96160639,40.92191483,-172.95527691,65.32339253,40.91891483,-73.01261510,0.80095064,-1.89547036,4.66515391,1.39426902,-4.45158624,0.11604152,0.42370685,0.02380621,9.63975574,-1.00751925,0.81849407,-1.94307045,4
117.37799581,31.96160665,40.92247831,-172.92604321,65.22776577,40.91947831,-72.98960256,0.78854269,-1.88344453,4.66477700,1.39742014,-4.45030216,0.11501045,0.38803714,0.02569174,9.60740270,-0.94925245,0.58296408,-1.92978469,4
117.37799479,31.96160691,40.92312993,-172.89677056,65.13215101,40.92012993,-72.96591103,0.77829779,-1.88375329,4.66046714,1.39938978,-4.44533721,0.11500000,0.38057079,0.03066279,9.65121178,-0.74670904,0.29444169,-1.95053436,4
117.37799378,31.96160716,40.92378244,-172.86745784,65.03654862,40.92078244,-72.94155947,0.76807505,-1.88418830,4.65611704,1.40134733,-4.44033460,0.11500000,0.37339311,0.03566540,9.69580032,-0.54268929,0.00537747,-1.97163235,4
117.37799277,31.96160741,40.92443496,-172.83810397,64.94095894,40.92143496,-72.91656586,0.75785234,-1.88462331,4.65176695,1.40330487,-4.43533200,0.11500000,0.36621548,0.04066800,9.74038872,-0.33867016,-0.28368588,-1.99273027,4
117.37799175,31.96160767,40.92514686,-172.80870790,64.84538232,40.92214686,-72.89094435,0.75060195,-1.88654406,4.64902183,1.40573772,-4.43175611,0.11511886,0.36955767,0.03509149,9.77546485,-0.21050021,-0.43348077,-2.00378278,4
117.37799074,31.96160793,40.92598668,-172.77926860,64.74981909,40.92298668,-72.86470305,0.74975466,-1.89166551,4.64973420,1.40919450,-4.43125373,0.11549378,0.39556237,0.00672478,9.79004918,-0.24572881,-0.28325538,-1.99319487,4
117.37798973,31.96160820,40.92685616,-172.74978505,64.65426959,40.92385616,-72.83784397,0.75039212,-1.89752913,4.65124828,1.41288870,-4.43146404,0.11592809,0.42682196,-0.02692642,9.79988186,-0.31884599,-0.06346202,-1.97758902,4
117.37798873,31.96160847,40.92772594,-172.72025621,64.55873416,40.92472594,-72.81036538,0.75104446,-1.90340015,4.65277041,1.41658528,-4.43168148,0.11636298,0.45813410,-0.06063046,9.80966691,-0.39234255,0.15702762,-1.96193295,4
117.37798772,31.96160874,40.92855144,-172.69068107,64.46321314,40.92555144,-72.78226489,0.75059462,-1.90840186,4.65432456,1.42030137,-4.43194452,0.11673795,0.48753459,-0.09142850,9.81314807,-0.47119994,0.35646187,-1.94693808,4
117.37798671,31.96160901,40.92911486,-172.66105859,64.36770687,40.92611486,-72.75354250,0.74362234,-1.90825931,4.65606833,1.42413309,-4.43247732,0.11675836,0.50562290,-0.10503016,9.77932447,-0.58178302,0.43129898,-1.93585577,4
117.37798570,31.96160928,40.92933968,-172.63138774,64.27221571,40.92633968,-72.72420257,0.72822263,-1.90147002,4.65805709,1.42811418,-4.43335871,0.11632065,0.50909515,-0.09641293,9.69730057,-0.73335793,0.34514833,-1.92982873,4
117.37798469,31.96160955,40.92956094,-172.60166751,64.17674000,40.92656094,-72.69425385,0.71273455,-1.89461102,4.66004842,1.43209683,-4.43424374,0.11587813,0.51241403,-0.08756259,9.61477124,-0.88536236,0.25730880,-1.92385476,4
117.37798367,31.96160982,40.92978219,-172.57189691,64.08128008,40.92678219,-72.66370809,0.69724651,-1.88775202,4.66203974,1.43607946,-4.43512877,0.11543562,0.51573289,-0.07871229,9.53224215,-1.03736635,0.16946952,-1.91788080,4
117.37798266,31.96161010,40.93010469,-172.54207495,63.98583628,40.92710469,-72.63257837,0.68547065,-1.88580294,4.66361781,1.43989783,-4.43560374,0.11535095,0.51995912,-0.07146656,9.48295907,-1.04253354,0.05890920,-1.91895365,4
117.37798166,31.96161038,40.93066677,-172.51220068,63.89040894,40.92766677,-72.60087717,0.68247909,-1.89547246,4.66421801,1.44332749,-4.43510836,0.11611308,0.52633251,-0.06801779,9.51234796,-0.70023180,-0.10541770,-1.93670181,4
117.37798065,31.96161066,40.93132140,-172.48227318,63.79499839,40.92832140,-72.56861569,0.68288093,-1.90963026,4.66444047,1.44660699,-4.43423814,0.11720233,0.53353537,-0.06603581,9.57212804,-0.22370177,-0.29051482,-1.96089168,4
117.37797965,31.96161095,40.93197699,-172.45229153,63.69960493,40.92897699,-72.53580492,0.68331798,-1.92383465,4.66465900,1.44988492,-4.43336402,0.11829497,0.54074682,-0.06406905,9.63222353,0.25422128,-0.47582746,-1.98514840,4
117.37797864,31.96161123,40.93261736,-172.42225484,63.60422890,40.92961736,-72.50245749,0.68373163,-1.93811049,4.66467060,1.45312664,-4.43228974,0.11939679,0.54642047,-0.06072167,9.69394706,0.69302368,-0.65497035,-2.01132827,4
117.37797764,31.96161150,40.93309638,-172.39216222,63.50887060,40.93009638,-72.46858999,0.68389682,-1.95314451,4.66248725,1.45598417,-4.42909222,0.12059594,0.53578176,-0.04272926,9.77294111,0.71685704,-0.76866973,-2.05790831,4
117.37797663,31.96161177,40.93332441,-172.36201285,63.41353034,40.93032441,-72.43422544,0.68367559,-1.96935790,4.65688962,1.45824415,-4.42259196,0.12194650,0.49976915,-0.00195644,9.87879956,0.09520604,-0.78057193,-2.13622090,4
117.37797562,31.96161204,40.93354977,-172.33180594,63.31820839,40.93054977,-72.39939409,0.68345023,-1.98558385,4.65125561,1.46049776,-4.41605650,0.12329865,0.46348611,0.03905918,9.98494436,-0.53332443,-0.79138923,-2.21487172,4
117.37797461,31.96161231,40.93377514,-172.30154073,63.22290504,40.93077514,-72.36413189,0.68322486,-2.00180986,4.64562158,1.46275137,-4.40952103,0.12465082,0.42720295,0.08007493,10.09108950,-1.16185693,-0.80220657,-2.29352279,4
117.37797360,31.96161258,40.93399975,-172.27121657,63.12762054,40.93099975,-72.32847840,0.67395818,-2.02422976,4.64061597,1.46525143,-4.40351541,0.12645565,0.40587426,0.09270965,10.16060959,-1.61735059,-0.89705871,-2.35585849,4
117.37797259,31.96161286,40.93422254,-172.24083283,63.03235512,40.93122254,-72.29247295,0.64307067,-2.06146120,4.63711320,1.46834082,-4.39877686,0.12934292,0.42030695,0.03747557,10.14254622,-1.65904608,-1.19286605,-2.37917810,4
117.37797159,31.96161315,40.93444462,-172.21038899,62.93710899,40.93144462,-72.25615152,0.60341333,-2.10470057,4.63421996,1.47166927,-4.39455226,0.13266927,0.44924499,-0.04528723,10.08895776,-1.53289987,-1.57018493,-2.38667241,4
117.37797058,31.96161343,40.93466669,-172.17988456,62.84188234,40.93166669,-72.21954627,0.56366363,-2.14800331,4.63133311,1.47500025,-4.39033301,0.13600025,0.47833555,-0.12833968,10.03499587,-1.40499022,-1.94836226,-2.39400056,4
117.37796958,31.96161371,40.93488913,-172.14931910,62.74667534,40.93188913,-72.18268719,0.52606241,-2.19196739,4.62842851,1.47832427,-4.38609370,0.13937525,0.50892938,-0.20288308,9.97286076,-1.26765761,-2.29490252,-2.40335496,4
117.37796858,31.96161400,40.93511430,-172.11869222,62.65148818,40.93211430,-72.14560550,0.50365441,-2.24060634,4.62539848,1.48159892,-4.38171267,0.14306132,0.55015184,-0.21725650,9.85293457,-1.06369945,-2.41772553,-2.42703670,4
117.37796757,31.96161426,40.93534323,-172.08800359,62.55632097,40.93234323,-72.10833731,0.50228386,-2.29571830,4.62219479,1.48480521,-4.37713541,0.14717812,0.60609122,-0.14831501,9.65298774,-0.76748813,-2.23077630,-2.47055683,4
117.37796656,31.96161454,40.93557220,-172.05725295,62.46117386,40.93257220,-72.07092511,0.50113901,-2.35089982,4.61898922,1.48801078,-4.37255603,0.15129957,0.66218862,-0.07847948,9.45218199,-0.47028645,-2.04050311,-2.51428990,4
117.37796556,31.96161481,40.93580117,-172.02644010,62.36604693,40.93280117,-72.03341698,0.49999417,-2.40608149,4.61578365,1.49121635,-4.36797664,0.15542103,0.71828618,-0.00864375,9.25137563,-0.17308388,-1.85022936,-2.55802309,4
117.37796455,31.96161509,40.93627243,-171.99556494,62.27094026,40.93327243,-71.99586321,0.50343197,-2.45189441,4.61589498,1.49555733,-4.36654122,0.15902445,0.76830177,0.04732483,9.16523491,0.09011029,-1.62841075,-2.57246625,4
117.37796354,31.96161537,40.93726222,-171.96462745,62.17585388,40.93426222,-71.95831225,0.51667735,-2.47765663,4.62310501,1.50232822,-4.37183439,0.16151918,0.80530090,0.07361549,9.32449605,0.28052064,-1.33908214,-2.52422427,4
117.37796254,31.96161566,40.93837524,-171.93362768,62.08078783,40.93537524,-71.92080789,0.53225331,-2.49865445,4.63200188,1.50967655,-4.37872646,0.16375048,0.83920719,0.09285407,9.54207130,0.45363670,-1.03371017,-2.46108657,4
117.37796153,31.96161594,40.93948953,-171.90256575,61.98574209,40.93648953,-71.88338877,0.54785344,-2.51960319,4.64091624,1.51703091,-4.38563510,0.16597907,0.87308175,0.11201994,9.76025020,0.62657522,-0.72817058,-2.39779463,4
117.37796053,31.96161623,40.94048608,-171.87144184,61.89071664,40.93748608,-71.84609077,0.56384894,-2.53772040,4.64969667,1.52420226,-4.39247912,0.16794840,0.90311541,0.12752075,9.95207098,0.75490743,-0.43105650,-2.31778173,4
117.37795952,31.96161650,40.94099462,-171.84025619,61.79571143,40.93799462,-71.80895097,0.58148273,-2.54410233,4.65792179,1.53061510,-4.39905532,0.16884323,0.91723032,0.12783193,10.03465019,0.69837197,-0.16886676,-2.16847250,4
117.37795852,31.96161678,40.94100000,-171.80900911,61.70072639,40.93800000,-71.77201158,0.60080568,-2.53838433,4.66557434,1.53624584,-4.40535534,0.16863016,0.91493183,0.11248149,10.00459314,0.45122448,0.05731284,-1.94771400,4
117.37795751,31.96161704,40.94100000,-171.77770098,61.60576144,40.93800000,-71.73532164,0.62014668,-2.53253705,4.67322078,1.54186822,-4.41165240,0.16840527,0.91245798,0.09696371,9.97333270,0.20204052,0.28310769,-1.72619217,4
117.37795650,31.96161731,40.94100000,-171.74633226,61.51081644,40.93800000,-71.69893585,0.63948764,-2.52668978,4.68086721,1.54749060,-4.41794946,0.16818038,0.90998413,0.08144596,9.94207229,-0.04714311,0.50890224,-1.50467061,4
117.37795549,31.96161759,40.94093475,-171.71490351,61.41589125,40.93793475,-71.66291063,0.64851398,-2.51703345,4.68708989,1.55216013,-4.42302797,0.16756554,0.88879999,0.06864678,9.89093247,-0.22770098,0.67980711,-1.30818829,4
117.37795449,31.96161787,40.94073671,-171.68341538,61.32098567,40.93773671,-71.62729971,0.63655072,-2.49962590,4.69041534,1.55489073,-4.42562678,0.16615717,0.82954147,0.06137967,9.79933908,-0.26861023,0.73901537,-1.16265867,4
117.37795348,31.96161815,40.94051731,-171.65186861,61.22609950,40.93751731,-71.59215054,0.62121210,-2.48097184,4.69327489,1.55730952,-4.42782684,0.16462121,0.76416010,0.05500215,9.70124014,-0.28706279,0.78026195,-1.02532236,4
117.37795248,31.96161843,40.94029771,-171.62026402,61.13123248,40.93729771,-71.55750295,0.60583957,-2.46230520,4.69612980,1.55972521,-4.43002291,0.16308396,0.69871702,0.04863354,9.60307554,-0.30529022,0.82132858,-0.88806759,4
117.37795147,31.96161870,40.94012536,-171.58860246,61.03638436,40.93712536,-71.52339215,0.59567799,-2.44406761,4.69786453,1.56166916,-4.43119247,0.16156447,0.63895356,0.04141995,9.52796418,-0.26524040,0.85476112,-0.75328347,4
117.37795046,31.96161898,40.94014915,-171.55688487,60.94155486,40.93714915,-71.48985271,0.60714030,-2.42761085,4.69495097,1.56165556,-4.42810222,0.16011875,0.60275969,0.03070017,9.54851760,0.01663999,0.85651410,-0.62875431,4
117.37794946,31.96161926,40.94037515,-171.52511223,60.84674367,40.93737515,-71.45692227,0.64089777,-2.41299022,4.68724481,1.55962363,-4.42061996,0.15874909,0.59086722,0.01636538,9.66770553,0.54785754,0.82560407,-0.51479876,4
117.37794845,31.96161952,40.94060329,-171.49328558,60.75195047,40.93760329,-71.42464423,0.67489113,-2.39838904,4.67948793,1.55757034,-4.41309122,0.15738022,0.57923189,0.00199233,9.78793710,1.08171312,0.79434841,-0.40095519,4
117.37794744,31.96161979,40.94083144,-171.46140604,60.65717489,40.93783144,-71.39306588,0.70888439,-2.38378791,4.67173107,1.55551705,-4.40556251,0.15601136,0.56759661,-0.01238064,9.90816829,1.61556700,0.76309288,-0.28711200,4
117.37794643,31.96162006,40.94112986,-171.42947484,60.56241657,40.93812986,-71.36223396,0.74575786,-2.36984513,4.66509377,1.55354740,-4.39915202,0.15465052,0.55065875,-0.00769302,9.97900133,1.89759657,0.73416857,-0.16577174,4
117.37794541,31.96162034,40.94156503,-171.39749323,60.46767508,40.93856503,-71.33219050,0.78823678,-2.35718348,4.66063520,1.55174048,-4.39491766,0.15330526,0.52340133,0.03408879,9.95370022,1.68954844,0.70978097,-0.02984067,4
117.37794441,31.96162062,40.94201285,-171.36546257,60.37295001,40.93901285,-71.30296983,0.83123357,-2.34464021,4.65637793,1.54994860,-4.39088436,0.15196146,0.49519046,0.07929783,9.91951699,1.43622062,0.68581255,0.10743845,4
117.37794341,31.96162090,40.94246078,-171.33338424,60.27824090,40.93946078,-71.27459864,0.87423535,-2.33209803,4.65212255,1.54815685,-4.38685294,0.15061765,0.46697055,0.12453927,9.88524995,1.18246538,0.66184801,0.24473056,4
117.37794240,31.96162119,40.94280116,-171.30125968,60.18354729,40.93980116,-71.24709925,0.91409429,-2.32157806,4.64681835,1.54584250,-4.38192050,0.14944993,0.43350632,0.16390117,9.85332932,0.98599743,0.59253166,0.38103079,4
117.37794140,31.96162148,40.94281315,-171.26909035,60.08886870,40.93981315,-71.22049406,0.94435808,-2.31723189,4.63831230,1.54193266,-4.37423737,0.14881982,0.38403185,0.18531290,9.82857231,0.96442491,0.38476018,0.51430178,4
117.37794041,31.96162179,40.94258419,-171.23687775,59.99420464,40.93958419,-71.19480858,0.96758124,-2.31741581,4.62745682,1.53685213,-4.36453588,0.14858419,0.32280970,0.19355344,9.80907175,1.07118441,0.07539551,0.64534985,4
117.37793941,31.96162209,40.94235270,-171.20462343,59.89955461,40.93935270,-71.17007215,0.99073045,-2.31764730,4.61657669,1.53175930,-4.35481321,0.14835270,0.26146432,0.20165566,9.78962642,1.17929119,-0.23503528,0.77637433,4
117.37793841,31.96162239,40.94214277,-171.17232899,59.80491807,40.93914277,-71.14631604,1.01401360,-2.31914161,4.60577896,1.52666997,-4.34518285,0.14821770,0.20396070,0.21072630,9.77565308,1.27659911,-0.53314757,0.90461162,4
117.37793742,31.96162269,40.94211141,-171.13999609,59.71029448,40.93911141,-71.12357001,1.03840660,-2.33109288,4.59566318,1.52160946,-4.33631652,0.14888166,0.17826752,0.22781639,9.80699071,1.28448887,-0.72926399,1.00977314,4
117.37793642,31.96162299,40.94233681,-171.10762640,59.61568329,40.93933681,-71.10185982,1.06439547,-2.35807949,4.58652790,1.51659035,-4.32854872,0.15069442,0.19831222,0.25643710,9.90347781,1.16381073,-0.77872850,1.08175595,4
117.37793542,31.96162329,40.94256492,-171.07522168,59.52108390,40.93956492,-71.08120688,1.09040119,-2.38522581,4.57740309,1.51157170,-4.32079262,0.15251939,0.21884305,0.28518027,10.00065710,1.04176632,-0.82663377,1.15338574,4
117.37793442,31.96162359,40.94279305,-171.04278369,59.42649574,40.93979305,-71.06162970,1.11640683,-2.41237204,4.56827831,1.50655307,-4.31303655,0.15434434,0.23937381,0.31392334,10.09783604,0.91972233,-0.87453890,1.22501530,4
117.37793342,31.96162389,40.94308646,-171.01031422,59.33191820,40.94008646,-71.04314764,1.13503356,-2.43721911,4.55816779,1.50116115,-4.30431127,0.15594115,0.26265410,0.33500782,10.16391575,0.67787396,-0.87548955,1.26217262,4
117.37793242,31.96162419,40.94352196,-170.97781511,59.23735067,40.94052196,-71.02578418,1.13760435,-2.45706346,4.54591235,1.49495696,-4.29347702,0.15704153,0.29191722,0.33942782,10.16232577,0.17533873,-0.77427047,1.22432081,4
117.37793143,31.96162449,40.94399877,-170.94528822,59.14279253,40.94099877,-71.00956860,1.13550552,-2.47545271,4.53303316,1.48851658,-4.28202947,0.15799755,0.32292017,0.33900123,10.14105526,-0.40300970,-0.64333773,1.16465413,4
117.37793043,31.96162479,40.94447602,-170.91273548,59.04824312,40.94147602,-70.99453505,1.13335793,-2.49382660,4.52014758,1.48207379,-4.27057562,0.15895203,0.35394102,0.33852398,10.11957929,-0.98214506,-0.51209568,1.10476003,4
117.37792944,31.96162510,40.94495077,-170.88015888,58.95370178,40.94195077,-70.98071932,1.11927083,-2.50919668,4.50923755,1.47643701,-4.26090813,0.15976523,0.37807527,0.29642631,10.09848776,-1.40426959,-0.39312408,1.05485644,4
117.37792844,31.96162540,40.94541901,-170.84756046,58.85916782,40.94241901,-70.96815500,1.07381926,-2.51667623,4.50351700,1.47291750,-4.25593305,0.16020729,0.38411932,0.14499401,10.07840580,-1.41394519,-0.30638401,1.03119637,4
117.37792745,31.96162571,40.94588361,-170.81494231,58.76464054,40.94288361,-70.95687007,1.01082907,-2.51974346,4.50069835,1.47058195,-4.25358195,0.16044181,0.38004752,-0.06757690,10.05888839,-1.19298369,-0.23766756,1.02221142,4
117.37792646,31.96162601,40.94634816,-170.78230658,58.67011922,40.94334816,-70.94688575,0.94764972,-2.52276306,4.49791102,1.46825918,-4.25125918,0.16067408,0.37586652,-0.28080718,10.03937712,-0.96953321,-0.16914584,1.01338489,4
117.37792546,31.96162632,40.94683505,-170.74965543,58.57560311,40.94383505,-70.93821790,0.89400531,-2.52674404,4.49460810,1.46573995,-4.24848554,0.16092812,0.37046693,-0.46226785,10.00930289,-0.69410642,-0.12693690,1.00322244,4
117.37792447,31.96162661,40.94742864,-170.71699104,58.48109150,40.94442864,-70.93087997,0.88592250,-2.53531888,4.48884143,1.46228197,-4.24355749,0.16128618,0.35924430,-0.49192090,9.92875428,-0.17031374,-0.21046122,0.98667641,4
117.37792347,31.96162691,40.94814322,-170.68431563,58.38658362,40.94514322,-70.92488627,0.92949892,-2.54910237,4.48028128,1.45775957,-4.23618666,0.16176215,0.34141935,-0.34944945,9.79097633,0.63508308,-0.43654583,0.96289248,4
117.37792247,31.96162720,40.94885914,-170.65163143,58.29207873,40.94585914,-70.92025347,0.97364720,-2.56294345,4.47169028,1.45322543,-4.22878884,0.16223943,0.32352140,-0.20507265,9.65256551,1.44359316,-0.66420776,0.93902853,4
117.37792147,31.96162750,40.94959012,-170.61894071,58.19757606,40.94659012,-70.91699947,1.01776241,-2.57649458,4.46326309,1.44874504,-4.22154396,0.16271132,0.30486653,-0.06289398,9.52162025,2.22410459,-0.88113922,0.91593792,4
117.37792047,31.96162780,40.95057317,-170.58624576,58.10307484,40.94757317,-70.91514061,1.06133027,-2.58519499,4.45757667,1.44516374,-4.21685757,0.16309309,0.27354150,0.04251648,9.51559965,2.53614066,-0.91851647,0.90578641,4
117.37791947,31.96162810,40.95196740,-170.55354890,58.00857427,40.94896740,-70.91468778,1.10400567,-2.58598370,4.45636050,1.44304890,-4.21634420,0.16332790,0.22155043,0.08795677,9.71333809,2.08406984,-0.66303114,0.91673920,4
117.37791846,31.96162841,40.95336627,-170.52085246,57.91407358,40.95036627,-70.91564411,1.14667100,-2.58668313,4.45519478,1.44095061,-4.21587792,0.16356105,0.16932621,0.13272040,9.91337552,1.62337761,-0.40424147,0.92793010,4
117.37791747,31.96162871,40.95476513,-170.48815877,57.81957198,40.95176513,-70.91800506,1.18933645,-2.58738257,4.45402906,1.43885230,-4.21541163,0.16379419,0.11710183,0.17748414,10.11341349,1.16268409,-0.14545107,0.93912104,4
117.37791648,31.96162901,40.95591114,-170.45547015,57.72506868,40.95291114,-70.92176061,1.22740177,-2.59633893,4.45127459,1.43618064,-4.21342070,0.16453561,0.08826857,0.20031121,10.22978722,0.89168688,-0.10574276,0.96594499,4
117.37791547,31.96162930,40.95652103,-170.42278890,57.63056291,40.95352103,-70.92689856,1.25571341,-2.62280209,4.44515159,1.43229329,-4.20819713,0.16635471,0.10903061,0.17662675,10.16877046,1.02289639,-0.53054515,1.02591483,4
117.37791447,31.96162960,40.95699032,-170.39011728,57.53605391,40.95399032,-70.93340722,1.28146737,-2.65385601,4.43814526,1.42808715,-4.20212590,0.16845642,0.14279790,0.14074567,10.06123703,1.25957564,-1.07715507,1.09457644,4
117.37791347,31.96162989,40.95745805,-170.35745756,57.44154090,40.95445805,-70.94127581,1.30719302,-2.68496065,4.43112918,1.42387751,-4.19604529,0.17056125,0.17670898,0.10472978,9.95318932,1.49742092,-1.62511131,1.16333407,4
117.37791247,31.96163019,40.95792567,-170.32481198,57.34702314,40.95492567,-70.95049198,1.33825787,-2.71405713,4.42497202,1.41999548,-4.19078254,0.17250226,0.21803837,0.08500707,9.82900995,1.78225622,-1.96037728,1.21101478,4
117.37791147,31.96163049,40.95839293,-170.29218275,57.25249988,40.95539293,-70.96103861,1.38446180,-2.73745980,4.42125024,1.41704240,-4.18783875,0.17397880,0.28040209,0.11148235,9.65908976,2.20032986,-1.69257850,1.19893377,4
117.37791047,31.96163079,40.95885995,-170.25957206,57.15797038,40.95585995,-70.97289034,1.44062311,-2.75711760,4.41913025,1.41470029,-4.18642018,0.17514986,0.35660065,0.16834300,9.45908451,2.70603801,-1.02813185,1.14754634,4
117.37790947,31.96163109,40.95932697,-170.22698204,57.06343392,40.95632697,-70.98601282,1.49689916,-2.77673249,4.41702867,1.41236518,-4.18501911,0.17631741,0.43295861,0.22555309,9.25873244,3.21275594,-0.35912407,1.09570699,4
117.37790848,31.96163138,40.95983068,-170.19441476,56.96888981,40.95683068,-71.00036525,1.55434173,-2.79391366,4.41488784,1.41000846,-4.18357989,0.17737885,0.50312180,0.28177277,9.12075248,3.61268285,0.24870655,1.04941699,4
117.37790749,31.96163168,40.96053558,-170.16187222,56.87433737,40.95753558,-71.01590361,1.61817756,-2.79775147,4.41253199,1.40753337,-4.18193160,0.17785853,0.53931982,0.33256047,9.32472976,3.42711812,0.52111349,1.03355266,4
117.37790648,31.96163197,40.96148588,-170.12935635,56.77977595,40.95848588,-71.03258460,1.68981210,-2.78531216,4.40991385,1.40491385,-4.18002825,0.17762853,0.53408475,0.37672172,9.94584844,2.52733254,0.38434755,1.05480366,4
117.37790548,31.96163226,40.96243905,-170.09686899,56.68520494,40.95943905,-71.05036801,1.76153812,-2.77268265,4.40729263,1.40229263,-4.17812191,0.17739024,0.52836573,0.42080583,10.57184272,1.61920000,0.24280183,1.07648827,4
117.37790448,31.96163256,40.96338335,-170.06441195,56.59062372,40.96038335,-71.06921545,1.83237395,-2.76018011,4.40467017,1.39967017,-4.17621574,0.17715196,0.52266622,0.46442511,11.19045042,0.71187579,0.10208632,1.09840674,4
117.37790348,31.96163285,40.96381921,-170.03198695,56.49603172,40.96081921,-71.08908760,1.85214870,-2.75496008,4.40197703,1.39697703,-4.17431919,0.17691490,0.51808684,0.48138106,11.38536457,-0.14888474,0.00900798,1.13372940,4
117.37790248,31.96163315,40.96335992,-169.99959565,56.40142837,40.96035992,-71.10994054,1.78202670,-2.76256145,4.39915947,1.39415947,-4.17243964,0.17667995,0.51547951,0.45139430,10.83433539,-0.92766535,-0.00020154,1.19265106,4
117.37790148,31.96163346,40.96289007,-169.96723963,56.30681316,40.95989007,-71.13172334,1.71084593,-2.77031381,4.39634043,1.39134043,-4.17056029,0.17644504,0.51289539,0.42085470,10.27452098,-1.70548554,-0.00842374,1.25185091,4
117.37790048,31.96163375,40.96242022,-169.93492039,56.21218557,40.95942022,-71.15437859,1.63966464,-2.77806623,4.39352137,1.38852137,-4.16868091,0.17621012,0.51031126,0.39031487,9.71470250,-2.48331138,-0.01664600,1.31105118,4
117.37789948,31.96163404,40.96265996,-169.90263933,56.11754515,40.95965996,-71.17784461,1.58335853,-2.78134048,4.38912410,1.38509670,-4.16529552,0.17577884,0.49130241,0.36686309,9.32466556,-2.70901390,0.00080888,1.33634932,4
117.37789848,31.96163433,40.96441050,-169.87039773,56.02289146,40.96141050,-71.20205919,1.55872574,-2.77507964,4.38136650,1.38038258,-4.15870350,0.17492947,0.43732164,0.35850368,9.29613752,-1.75911297,0.07293630,1.28946153,4
117.37789747,31.96163461,40.96658164,-169.83819678,55.92822410,40.96358164,-71.22696262,1.54291031,-2.76616434,4.37267340,1.37530949,-4.15121877,0.17396371,0.37360496,0.35434577,9.36824885,-0.48193594,0.16028410,1.22247795,4
117.37789646,31.96163488,40.96875759,-169.80603757,55.83354272,40.96575759,-71.25249831,1.52719516,-2.75721879,4.36396963,1.37023228,-4.14372384,0.17299662,0.30977729,0.35023566,9.44150561,0.79896951,0.24780539,1.15526547,4
117.37789546,31.96163516,40.97107807,-169.77392112,55.73884698,40.96807807,-71.27861144,1.52123342,-2.75024406,4.35671548,1.36575373,-4.13751621,0.17229460,0.26193542,0.35103451,9.55597120,1.65666985,0.27970151,1.10171694,4
117.37789446,31.96163545,40.97374730,-169.74184832,55.64413658,40.97074730,-71.30524647,1.53880885,-2.74802539,4.35295960,1.36271985,-4.13441508,0.17223219,0.25267107,0.36367981,9.76988257,1.49307799,0.17736148,1.08114275,4
117.37789346,31.96163574,40.97657738,-169.70982000,55.54941126,40.97357738,-71.33234476,1.56723855,-2.74800000,4.35081697,1.36035219,-4.13274653,0.17246478,0.26119691,0.38178817,10.02965383,0.85851296,0.01311784,1.07577481,4
117.37789246,31.96163603,40.97940932,-169.67783687,55.45467078,40.97640932,-71.35984419,1.59579394,-2.74800000,4.34869302,1.35799224,-4.13109457,0.17270077,0.26992872,0.39995977,10.28995624,0.21849470,-0.15184263,1.07058292,4
117.37789146,31.96163632,40.98214292,-169.64589955,55.35991494,40.97917494,-71.38768157,1.61670672,-2.75040112,4.34644272,1.35560217,-4.12934789,0.17303262,0.27785311,0.40351795,10.48428998,-0.35777734,-0.31177158,1.06494702,4
117.37789046,31.96163661,40.98454236,-169.61400856,55.26514358,40.98171518,-71.41579604,1.61164708,-2.76096211,4.34376305,1.35310980,-4.12727936,0.17369022,0.28303357,0.35741411,10.45443687,-0.71741515,-0.45460146,1.05780218,4
117.37788946,31.96163689,40.98665707,-169.58216429,55.17035658,40.98406341,-71.44413203,1.58445811,-2.77847557,4.34071757,1.35053025,-4.12493659,0.17462536,0.28587609,0.26899678,10.23356975,-0.89247328,-0.58286216,1.04937172,4
117.37788845,31.96163717,40.98876843,-169.55036708,55.07555383,40.98640938,-71.47264053,1.55701031,-2.79607031,4.33766782,1.34794968,-4.12259062,0.17556376,0.28869125,0.18008468,10.01046842,-1.06537095,-0.71095188,1.04092625,4
117.37788744,31.96163745,40.99089983,-169.51861719,54.98073526,40.98876518,-71.50127771,1.53059152,-2.81360181,4.33470983,1.34539992,-4.12033634,0.17651216,0.29366846,0.09844318,9.79379253,-1.20806324,-0.82547146,1.03104028,4
117.37788644,31.96163773,40.99321087,-169.48691478,54.88590082,40.99120932,-71.53000193,1.51339930,-2.83056676,4.33257471,1.34312625,-4.11890411,0.17755053,0.31803357,0.08199674,9.63472838,-1.07989899,-0.81830698,1.00823662,4
117.37788543,31.96163802,40.99578073,-169.45525998,54.79105049,40.99378073,-71.55877048,1.50950076,-2.84671548,4.33162518,1.34125038,-4.11865630,0.17871851,0.37033308,0.15948406,9.55867148,-0.56148107,-0.63581868,0.96682094,4
117.37788443,31.96163831,40.99835363,-169.42365282,54.69618427,40.99635363,-71.58753714,1.50575835,-2.86285459,4.33068959,1.33937919,-4.11842239,0.17988801,0.42296063,0.23807454,9.48358950,-0.03848015,-0.45127139,0.92518670,4
117.37788343,31.96163860,41.00092652,-169.39209327,54.60130218,40.99892652,-71.61625247,1.50201595,-2.87899370,4.32975398,1.33750798,-4.11818849,0.18105751,0.47558816,0.31666498,9.40850756,0.48452055,-0.26672418,0.88355247,4
117.37788242,31.96163889,41.00371316,-169.36058120,54.50640428,41.00171316,-71.64486654,1.50595432,-2.89091714,4.32945203,1.33591712,-4.11844786,0.18201655,0.51465591,0.36148604,9.42310111,0.83180862,-0.14369978,0.85619256,4
117.37788142,31.96163917,41.00692241,-169.32911642,54.41149065,41.00492241,-71.67333189,1.52507988,-2.89450492,4.33040298,1.33488062,-4.11968256,0.18255942,0.52691185,0.33953473,9.61501039,0.83165921,-0.14232468,0.85705734,4
117.37788041,31.96163944,41.01020567,-169.29769863,54.31656139,41.00820567,-71.70160655,1.54686625,-2.89663222,4.33157346,1.33394123,-4.12108814,0.18302937,0.53447010,0.30588452,9.83798568,0.77063631,-0.16226341,0.86286727,4
117.37787941,31.96163972,41.01348973,-169.26632750,54.22161664,41.01148973,-71.72965544,1.56868182,-2.89874340,4.33274634,1.33300293,-4.12249560,0.18349853,0.54197654,0.27210558,10.06130201,0.70894282,-0.18243694,0.86873167,4
117.37787840,31.96163999,41.01647897,-169.23500263,54.12665654,41.01447897,-71.75744866,1.59060565,-2.90065815,4.33401371,1.33201796,-4.12404539,0.18387044,0.54570877,0.24624394,10.23380066,0.66784859,-0.17556995,0.87092107,4
117.37787739,31.96164028,41.01872887,-169.20372358,54.03168126,41.01672887,-71.78495845,1.61280120,-2.90208036,4.33551805,1.33091599,-4.12595210,0.18399854,0.53997681,0.24023558,10.27886994,0.67840890,-0.10089566,0.86389499,4
117.37787639,31.96164056,41.02059482,-169.17248986,53.93669096,41.01859482,-71.81215563,1.63513788,-2.90324677,4.33714547,1.32975323,-4.12804417,0.18400000,0.52932976,0.24453771,10.25776082,0.71579518,0.00899332,0.85208300,4
117.37787538,31.96164085,41.02245635,-169.14130093,53.84168585,41.02045635,-71.83900650,1.65747622,-2.90441022,4.33877431,1.32858978,-4.13013839,0.18400000,0.51862598,0.24895883,10.23588787,0.75349110,0.11928879,0.84021576,4
117.37787438,31.96164113,41.02434222,-169.11015619,53.74666614,41.02234222,-71.86547257,1.67875631,-2.90303911,4.34047479,1.32742592,-4.13230443,0.18381047,0.50675754,0.25402119,10.19365631,0.78115519,0.25011626,0.83478839,4
117.37787337,31.96164141,41.02633272,-169.07905498,53.65163205,41.02433272,-71.89151256,1.69548907,-2.89077670,4.34248316,1.32626029,-4.13477904,0.18280650,0.48988447,0.26183896,10.06394169,0.76571138,0.46917163,0.85703382,4
117.37787236,31.96164167,41.02843294,-169.04799656,53.55658386,41.02643294,-71.91708535,1.70745332,-2.86709336,4.34481437,1.32509281,-4.13757725,0.18094850,0.46776343,0.27254613,9.84248998,0.70506335,0.78074493,0.90829770,4
117.37787136,31.96164193,41.03053442,-169.01698013,53.46152184,41.02853442,-71.94215394,1.71936171,-2.84327659,4.34714936,1.32392533,-4.14037922,0.17908051,0.44558113,0.28328703,9.61996654,0.64388692,1.09339855,0.95990074,4
117.37787035,31.96164220,41.03263622,-168.98600482,53.36644627,41.03063622,-71.96668751,1.73128597,-2.81946379,4.34948023,1.32275666,-4.14317726,0.17721290,0.42339141,0.29403429,9.39772905,0.58295367,1.40553106,1.01147483,4
117.37786934,31.96164247,41.03490014,-168.95506973,53.27135749,41.03290014,-71.99066086,1.75098395,-2.79751744,4.34981681,1.32100959,-4.14406310,0.17551443,0.39750938,0.30791363,9.31420134,0.64037728,1.46460896,1.04910944,4
117.37786833,31.96164275,41.03745248,-168.92417391,53.17625581,41.03545248,-72.01405202,1.78451003,-2.77889101,4.34660593,1.31823365,-4.14154752,0.17411682,0.36505928,0.32736443,9.47741154,0.90833572,1.07355092,1.06194857,4
117.37786733,31.96164303,41.04000823,-168.89331640,53.08114156,41.03800823,-72.03683864,1.81819937,-2.76030379,4.34335316,1.31544558,-4.13899177,0.17272278,0.33253165,0.34688102,9.64353483,1.17877977,0.67717842,1.07449494,4
117.37786631,31.96164332,41.04256397,-168.86249616,52.98601509,41.04056397,-72.05899518,1.85188874,-2.74171656,4.34010040,1.31265749,-4.13643603,0.17132874,0.30000398,0.36639761,9.80965823,1.44922403,0.28080566,1.08704132,4
117.37786531,31.96164360,41.04483548,-168.83171214,52.89087677,41.04283548,-72.08049288,1.88551965,-2.72992418,4.33607411,1.30962516,-4.13316782,0.17039888,0.28219617,0.37724646,9.95630949,1.59596488,-0.01516818,1.09869337,4
117.37786431,31.96164387,41.04647717,-168.80096321,52.79572696,41.04447717,-72.10130186,1.91902103,-2.73318786,4.33033386,1.30605166,-4.12832094,0.17049754,0.29700473,0.36888924,10.05981409,1.46860289,-0.08867721,1.10836373,4
117.37786329,31.96164414,41.04789335,-168.77024823,52.70056606,41.04589335,-72.12139451,1.95247593,-2.74184231,4.32397993,1.30228440,-4.12290883,0.17096445,0.32349141,0.35365539,10.14786988,1.24309968,-0.08253325,1.11732454,4
117.37786229,31.96164441,41.04930691,-168.73956597,52.60539448,41.04730691,-72.14074919,1.98593016,-2.75055927,4.31761891,1.29851491,-4.11749019,0.17143564,0.35011344,0.33834183,10.23574612,1.01645906,-0.07546546,1.12627708,4
117.37786127,31.96164468,41.05071931,-168.70891521,52.51021263,41.04871931,-72.15935160,2.01549174,-2.75434270,4.31285470,1.29524114,-4.11359177,0.17156538,0.38300435,0.33084723,10.27735613,0.79981843,0.01394323,1.13264543,4
117.37786027,31.96164496,41.05212828,-168.67829470,52.41502093,41.05012828,-72.17719325,2.03342136,-2.74338359,4.31286207,1.29344867,-4.11423619,0.17067481,0.43462851,0.34671751,10.18071167,0.61305856,0.34940729,1.13129161,4
117.37785927,31.96164524,41.05353474,-168.64770315,52.31981979,41.05153474,-72.19426883,2.04289831,-2.72171141,4.31633687,1.29273263,-4.11818178,0.16904280,0.49986576,0.37956657,9.98360061,0.44801209,0.86367477,1.12432626,4
117.37785826,31.96164552,41.05494118,-168.61713931,52.22460965,41.05294118,-72.21057211,2.05227459,-2.69991157,4.31985297,1.29202941,-4.12216670,0.16740195,0.56526529,0.41261794,9.78529236,0.28322403,1.38007320,1.11729406,4
117.37785726,31.96164580,41.05637820,-168.58660189,52.12939092,41.05437820,-72.22609248,2.06161651,-2.67664352,4.32322802,1.29126429,-4.12601040,0.16566846,0.62125854,0.44457024,9.60681462,0.13954413,1.84260040,1.11194213,4
117.37785625,31.96164608,41.05800300,-168.55608957,52.03416405,41.05600300,-72.24081395,2.07074732,-2.64435889,4.32573680,1.29011906,-4.12898682,0.16336608,0.61948385,0.46977247,9.55012496,0.12549866,1.97428012,1.11690948,4
117.37785525,31.96164636,41.05986545,-168.52560103,51.93892947,41.05786545,-72.25471571,2.07961090,-2.60066184,4.32714909,1.28849273,-4.13086545,0.16034363,0.54459094,0.48643090,9.64758542,0.27553448,1.68719830,1.13493817,4
117.37785423,31.96164663,41.06173078,-168.49513487,51.84368763,41.05973078,-72.26777470,2.08847123,-2.55682652,4.32854809,1.28686056,-4.13273078,0.15731247,0.46881179,0.50298572,9.74691439,0.42755912,1.39504054,1.15312517,4
117.37785322,31.96164690,41.06359611,-168.46468969,51.74843900,41.06159611,-72.27996881,2.09733155,-2.51299131,4.32994709,1.28522840,-4.13459611,0.15428132,0.39303284,0.51954051,9.84624311,0.57958335,1.10288353,1.17131212,4
117.37785222,31.96164717,41.06546151,-168.43426404,51.65318406,41.06346151,-72.29127958,2.10349685,-2.47836345,4.32947437,1.28307208,-4.13473949,0.15177413,0.32653484,0.51895053,9.93494415,0.57333657,0.88910464,1.17999119,4
117.37785121,31.96164745,41.06732706,-168.40385642,51.55792329,41.06532706,-72.30169348,2.10457504,-2.46111558,4.32546854,1.27992632,-4.13163245,0.15025601,0.27755565,0.48599763,10.00358431,0.26833345,0.82327377,1.17072298,4
117.37785021,31.96164773,41.06919263,-168.37346536,51.46265717,41.06719263,-72.31120026,2.10504815,-2.44593487,4.32104251,1.27666290,-4.12813882,0.14885553,0.23066015,0.44919554,10.06983840,-0.07220330,0.77503975,1.15932014,4
117.37784920,31.96164802,41.07105819,-168.34308932,51.36738621,41.06905819,-72.31979056,2.10551455,-2.43077718,4.31661179,1.27339817,-4.12464089,0.14745635,0.18378788,0.41235068,10.13606587,-0.41313487,0.72700151,1.14789357,4
117.37784820,31.96164830,41.07287550,-168.31272680,51.27211090,41.07087550,-72.32745378,2.10004068,-2.41733673,4.31171311,1.27002581,-4.12062524,0.14615739,0.14923533,0.38681713,10.15773863,-0.70421196,0.66080790,1.11729425,4
117.37784720,31.96164858,41.07457638,-168.28237622,51.17683174,41.07257638,-72.33417682,2.08023232,-2.40804016,4.30568512,1.26639376,-4.11536031,0.14510024,0.14441145,0.38857895,10.07189610,-0.87498535,0.55080327,1.04042896,4
117.37784618,31.96164885,41.07622132,-168.25203604,51.08154925,41.07422132,-72.33994629,2.05353842,-2.40073413,4.29911470,1.26263697,-4.10949527,0.14415924,0.15386776,0.40345211,9.93440870,-0.98797047,0.41975419,0.94133994,4
117.37784516,31.96164912,41.07786558,-168.22170464,50.98626394,41.07586558,-72.34475237,2.02676051,-2.39345242,4.29253767,1.25887867,-4.10362292,0.14321966,0.16349842,0.41848533,9.79629103,-1.10024982,0.28844843,0.84197977,4
117.37784416,31.96164939,41.07962797,-168.19138043,50.89097633,41.07762797,-72.34859191,1.99980731,-2.38670346,4.28693682,1.25556414,-4.09866756,0.14236886,0.18196843,0.42426332,9.67338098,-1.18259987,0.18766479,0.73771955,4
117.37784315,31.96164967,41.08181730,-168.16106180,50.79568694,41.07981730,-72.35147027,1.97222061,-2.38187986,4.28486389,1.25385344,-4.09702622,0.14183888,0.23238379,0.39659306,9.60543095,-1.15678607,0.19718738,0.61575049,4
117.37784215,31.96164995,41.08439468,-168.13074717,50.70039629,41.08239468,-72.35339973,1.94405807,-2.37880629,4.28599758,1.25360048,-4.09839709,0.14160048,0.31183548,0.33852049,9.58743581,-1.03265841,0.30697112,0.47768501,4
117.37784114,31.96165023,41.08697692,-168.10043497,50.60510488,41.08497692,-72.35439574,1.91588818,-2.37575455,4.28717133,1.25336573,-4.09980559,0.14136573,0.39165015,0.28006798,9.57006438,-0.90730241,0.41800741,0.33941783,4
117.37784014,31.96165051,41.08957299,-168.07012365,50.50981321,41.08757299,-72.35447316,1.88928459,-2.37202295,4.28854890,1.25322196,-4.10139509,0.14109325,0.46953179,0.22384816,9.55308784,-0.76859347,0.53289446,0.19997110,4
117.37783913,31.96165078,41.09233112,-168.03981172,50.41452176,41.09033112,-72.35364454,1.88103265,-2.36032626,4.29231447,1.25414401,-4.10510506,0.14037865,0.52476290,0.19378857,9.54073848,-0.47344920,0.69289149,0.04671105,4
117.37783812,31.96165105,41.09533247,-168.00949768,50.31923103,41.09333247,-72.35192144,1.90032769,-2.33667350,4.29966454,1.25666594,-4.11199800,0.13900040,0.54599403,0.20299721,9.53533486,0.05651366,0.92060104,-0.12728331,4
117.37783711,31.96165132,41.09833690,-167.97918003,50.22394148,41.09633690,-72.34931830,1.91997210,-2.31286910,4.30706008,1.25920816,-4.11893133,0.13761373,0.56679399,0.21270386,9.53001932,0.58945488,1.14916950,-0.30154076,4
117.37783610,31.96165159,41.10134135,-167.94885735,50.12865358,41.09934135,-72.34585694,1.93961654,-2.28906466,4.31445564,1.26175038,-4.12586466,0.13622707,0.58759398,0.22241053,9.52470376,1.12239697,1.37773834,-0.47579849,4
117.37783509,31.96165186,41.10421655,-167.91852823,50.03336779,41.10221655,-72.34156882,1.96170662,-2.26218666,4.32121223,1.26435336,-4.13209628,0.13458897,0.59763185,0.26635680,9.55857097,1.36213468,1.51749668,-0.61867397,4
117.37783408,31.96165213,41.10682404,-167.88819132,49.93808453,41.10482404,-72.33649368,1.98886191,-2.22894295,4.32664542,1.26708218,-4.13687454,0.13243011,0.58537973,0.38121814,9.67359126,0.99460330,1.47331538,-0.69655199,4
117.37783308,31.96165241,41.10935831,-167.85784535,49.84280422,41.10735831,-72.33067540,2.01740283,-2.19395783,4.33171663,1.26984543,-4.14125527,0.13012881,0.56703043,0.51547782,9.81081038,0.46095992,1.37881962,-0.75665108,4
117.37783207,31.96165269,41.11189170,-167.82748912,49.74752724,41.10989170,-72.32415620,2.04596100,-2.15895103,4.33678340,1.27260913,-4.14563112,0.12782572,0.54860581,0.64997760,9.94830416,-0.07473615,1.28370248,-0.81653113,4
117.37783106,31.96165297,41.11452442,-167.79712151,49.65225395,41.11252442,-72.31697142,2.06542515,-2.12559125,4.34166903,1.27536818,-4.14982699,0.12559557,0.52893462,0.74002251,10.05960281,-0.54217070,1.20262488,-0.86778247,4
117.37783005,31.96165324,41.11746807,-167.76674143,49.55698471,41.11546807,-72.30914693,2.05641807,-2.09738822,4.34598751,1.27811269,-4.15345934,0.12359373,0.50536096,0.69088964,10.08889004,-0.79589083,1.16550235,-0.89201902,4
117.37782904,31.96165351,41.12065351,-167.73634783,49.46171983,41.11865351,-72.30070006,2.02527263,-2.07319492,4.34986497,1.28084586,-4.15665351,0.12176943,0.47875288,0.53353636,10.05440766,-0.88343309,1.16255797,-0.89524968,4
117.37782803,31.96165376,41.12384205,-167.70593970,49.36645967,41.12184205,-72.29164269,1.99384265,-2.04905305,4.35373677,1.28357890,-4.15984205,0.11994740,0.45210573,0.37479225,10.01910588,-0.96884061,1.16005268,-0.89821047,4
117.37782702,31.96165403,41.12702827,-167.67551602,49.27120453,41.12502827,-72.28198507,1.96278355,-2.02488958,4.35758363,1.28630455,-4.16300812,0.11812023,0.42589270,0.21889222,9.98155275,-1.04770716,1.15786459,-0.90139310,4
117.37782601,31.96165430,41.13013641,-167.64507581,49.17595473,41.12813641,-72.27173928,1.94414551,-2.00000391,4.36059466,1.28878254,-4.16542137,0.11612078,0.41421872,0.15824132,9.86861158,-0.90753303,1.16629886,-0.91200375,4
117.37782500,31.96165457,41.13311471,-167.61461811,49.08071060,41.13111471,-72.26092067,1.94616516,-1.97391720,4.36221561,1.29084865,-4.16658257,0.11383484,0.42672489,0.25600089,9.63029144,-0.40306887,1.19239932,-0.93496810,4
117.37782399,31.96165484,41.13609130,-167.58414197,48.98547243,41.13409130,-72.24954703,1.94845484,-1.94781474,4.36381840,1.29290936,-4.16772743,0.11154516,0.43954714,0.35583135,9.39033201,0.10615802,1.21873074,-0.95809396,4
117.37782299,31.96165512,41.13906790,-167.55364649,48.89024051,41.13706790,-72.23763594,1.95074454,-1.92171224,4.36542118,1.29497008,-4.16887227,0.10925546,0.45236942,0.45566195,9.15037219,0.61538572,1.24506222,-0.98121986,4
117.37782198,31.96165539,41.14199018,-167.52313079,48.79501513,41.13999018,-72.22520203,1.95768731,-1.88679330,4.36915897,1.29757848,-4.17204260,0.10652755,0.48139602,0.52852013,9.05335635,0.92762462,1.43101443,-0.98825582,4
117.37782097,31.96165566,41.14478966,-167.49259402,48.69979657,41.14278966,-72.21225501,1.97514454,-1.83195209,4.37772123,1.30142441,-4.17978985,0.10280940,0.54703916,0.54042901,9.27934893,0.79473038,1.97765864,-0.95893360,4
117.37781996,31.96165592,41.14753949,-167.46203533,48.60458511,41.14553949,-72.19880021,1.99685427,-1.76905344,4.38823469,1.30577086,-4.18938820,0.09869077,0.62749159,0.52768744,9.63597968,0.48180560,2.67018184,-0.91490660,4
117.37781895,31.96165619,41.15028868,-167.43145388,48.50938101,41.14828868,-72.18484112,2.01861867,-1.70605121,4.39877325,1.31012374,-4.19901036,0.09456699,0.70813445,0.51462879,9.99429054,0.16656536,3.36458097,-0.87069049,4
117.37781794,31.96165646,41.15291201,-167.40084883,48.41418456,41.15091201,-72.17038232,2.03413116,-1.63653982,4.40953443,1.31449289,-4.20888098,0.08984636,0.77134741,0.49634829,10.29074579,-0.16681323,4.02034970,-0.82343624,4
117.37781693,31.96165673,41.15501794,-167.37021937,48.31899603,41.15301794,-72.15543182,2.02393951,-1.54026621,4.42121095,1.31892901,-4.21977315,0.08267182,0.76289916,0.45659848,10.33288827,-0.57476753,4.51729571,-0.76369068,4
