longtitude,latitude,altitude,north,east,up,yaw,pitch,roll,vel_speed,vel_north,vel_east,vel_up,acc_x,acc_y,acc_z,gyro_x,gyro_y,gyro_z,rtk_status
117.37845667,31.96330764,41.57800000,15.73209413,108.79570309,41.57700000,101.53353513,-1.60500000,1.13000000,0.26300000,-0.00300000,0.26300000,0.00500000,0.11900000,0.61700000,9.81700000,0.01200000,0.04200000,-4.06300000,4
117.37845772,31.96330754,41.57878981,15.71204147,108.89397063,41.57778981,101.65025165,-1.62474538,1.12921019,0.37278429,-0.00931851,0.37278429,0.00736944,0.07161110,0.26079342,9.82884723,-0.13174633,0.09333798,-4.83306966,4
117.37845875,31.96330742,41.57854950,15.69159519,108.99212378,41.57754950,101.88235754,-1.64114893,1.11958943,0.45816101,-0.01680880,0.45771277,0.00933787,0.06630811,0.16254312,9.82748359,-0.22023624,-0.06078601,-5.13035981,4
117.37845979,31.96330730,41.57806342,15.67076016,109.09016387,41.57706342,102.11172477,-1.65198190,1.10652301,0.53399674,-0.02482772,0.53300509,0.01114016,0.07822672,0.17057318,9.82252404,-0.26250125,-0.26679590,-5.20041174,4
117.37846084,31.96330715,41.57857604,15.64954125,109.18809219,41.57757604,102.33834174,-1.62562294,1.09072065,0.60172398,-0.03379159,0.60072401,0.01272791,0.11013565,0.30748928,9.82660839,-0.07851475,-0.29751492,-4.75938954,4
117.37846188,31.96330701,41.57877812,15.62794335,109.28591005,41.57777812,102.56219742,-1.60126200,1.07315784,0.66422459,-0.04255147,0.66301166,0.01439904,0.14162964,0.40174314,9.87208927,-0.02103200,-0.29269652,-4.30822482,4
117.37846290,31.96330686,41.57801843,15.60597132,109.38361876,41.57701843,102.78328130,-1.59613313,1.05323538,0.71288831,-0.05066559,0.71090678,0.01616449,0.17212125,0.33536455,10.00720712,-0.34947584,-0.14593146,-3.88772325,4
117.37846396,31.96330670,41.57767637,15.58363003,109.48121961,41.57667637,103.00158342,-1.63025499,1.04650339,0.77376198,-0.05927655,0.77160021,0.01714173,0.19430827,0.26272385,9.92945958,-0.40531115,0.01879282,-3.63747711,4
117.37846498,31.96330654,41.57604347,15.56092437,109.57871392,41.57504347,103.21709435,-1.67242622,1.03742656,0.81622466,-0.06768280,0.81324640,0.01806610,0.14846544,0.19317470,9.84181875,-0.46667265,-0.13448067,-3.54388439,4
117.37846603,31.96330636,41.57600023,15.53785920,109.67610299,41.57500023,103.42980516,-1.68827318,1.02938292,0.86849220,-0.07657476,0.86549231,0.01895747,0.08218708,0.20437362,9.74846487,-0.06758285,-0.09701291,-3.58489223,4
117.37846707,31.96330617,41.57434013,15.51443940,109.77338813,41.57334013,103.63970740,-1.63504383,1.01904636,0.89835134,-0.08363329,0.89452140,0.01982932,0.14378115,0.35188892,9.88183383,0.11936100,-0.05519286,-3.42098244,4
117.37846809,31.96330597,41.57264764,15.49066984,109.87057064,41.57164764,103.84679312,-1.61745490,1.01296658,0.94875784,-0.09312990,0.94408165,0.02135630,0.15193195,0.33777468,9.91342681,-0.00662565,-0.08051522,-3.05656890,4
117.37846912,31.96330577,41.57100164,15.46655540,109.96765182,41.57000164,104.05105482,-1.61965322,1.00901874,0.99280924,-0.10146966,0.98731006,0.02249151,0.14498378,0.33217329,9.79683797,-0.21808250,0.05694149,-2.80236411,4
117.37847016,31.96330557,41.56939800,15.44210095,110.06463299,41.56839800,104.25248546,-1.61174443,1.01079744,1.03297146,-0.10933412,1.02698306,0.02330098,0.13886542,0.28623565,9.73529329,-0.14458103,0.23965755,-2.65981252,4
117.37847119,31.96330536,41.56782951,15.41731136,110.16151544,41.56682951,104.45107843,-1.57670225,1.01911810,1.07395754,-0.11763599,1.06785698,0.02408524,0.12499673,0.17615270,9.84730218,0.24886707,0.30017679,-2.57222452,4
117.37847222,31.96330513,41.56628861,15.39219151,110.25830049,41.56528861,104.64682757,-1.52395684,1.02156688,1.09595872,-0.12384546,1.08910301,0.02485568,0.04187186,0.28807207,9.87851350,-0.10874546,0.11478104,-2.61620128,4
117.37847324,31.96330491,41.56416770,15.36674627,110.35498943,41.56316770,104.83972710,-1.53131251,1.01158246,1.11340477,-0.12926734,1.10579481,0.02560996,-0.01415173,0.16205255,9.78837856,-0.29234117,-0.43295802,-2.59300983,4
117.37847426,31.96330468,41.56191223,15.34098052,110.45158357,41.56091223,105.02977166,-1.51039203,0.99144975,1.13110492,-0.13528032,1.12274213,0.02636316,0.07497108,0.14709633,9.76496172,0.01816820,-0.65674249,-2.60585777,4
117.37847527,31.96330443,41.56003260,15.31489913,110.54808422,41.55903260,105.21695626,-1.44524882,0.96937706,1.15940319,-0.14309593,1.15029219,0.02735476,0.27467496,0.27070373,9.86940480,0.55906352,-0.33169303,-2.65894686,4
117.37847631,31.96330419,41.55999737,15.28850697,110.64449269,41.55899737,105.40127630,-1.37137023,0.97466756,1.23291694,-0.15587886,1.22308976,0.02947630,0.32358536,0.25537035,10.13115167,-0.01050564,0.65658808,-2.65318118,4
117.37847733,31.96330395,41.55948637,15.26180891,110.74081027,41.55848637,105.58272752,-1.37739105,0.98981344,1.28247978,-0.16613039,1.27196876,0.03050313,0.17323936,0.24820551,9.92329161,-0.23471900,0.68830748,-2.57408158,4
117.37847835,31.96330370,41.55881231,15.23480984,110.83703827,41.55781231,105.76130601,-1.40589726,1.00319398,1.31099055,-0.17367821,1.29980287,0.03079781,-0.00716205,0.27623501,9.64194682,-0.22652093,0.35306831,-2.41651406,4
117.37847937,31.96330346,41.55812843,15.20751462,110.93317801,41.55712843,105.93700819,-1.42669143,1.00450587,1.30598997,-0.17647379,1.29412464,0.03014716,-0.10636991,0.38249075,9.55262668,0.07795998,-0.14264728,-2.11994134,4
117.37848038,31.96330319,41.55742490,15.17992812,111.02923077,41.55642490,106.10983081,-1.34071012,0.98436309,1.29721737,-0.17817437,1.28521217,0.03114837,-0.03781641,0.31715124,9.86972354,0.31188118,-0.66133244,-1.95447115,4
117.37848140,31.96330293,41.55645981,15.15205523,111.12519788,41.55545981,106.27977090,-1.26876535,0.95991862,1.30553178,-0.18226253,1.29298624,0.03253483,0.07490462,0.26655433,10.07589699,0.14344686,-0.86923290,-1.82982348,4
117.37848241,31.96330266,41.55509986,15.12390082,111.22108063,41.55409986,106.44682581,-1.25887692,0.93684121,1.34143569,-0.19040083,1.32754581,0.03388988,0.19282652,0.29983249,9.95851724,-0.59963164,-0.59243107,-1.71806339,4
117.37848341,31.96330237,41.55379980,15.09546976,111.31688033,41.55279980,106.61099316,-1.31346778,0.92299218,1.38089767,-0.19826135,1.36629352,0.03461340,0.22352928,0.19317736,9.61555294,-0.33805536,-0.41222823,-1.55337272,4
117.37848442,31.96330208,41.55300815,15.06676692,111.41259828,41.55200815,106.77227082,-1.31863161,0.91432625,1.42036065,-0.20622401,1.40511296,0.03575121,0.21645737,0.14796704,9.56380636,0.02453479,-0.21110981,-1.43143769,4
117.37848543,31.96330182,41.55296634,15.03779717,111.50823579,41.55196634,106.93065694,-1.23900255,0.91244995,1.45907720,-0.21434564,1.44320101,0.03760615,0.16379278,0.21719256,9.99194154,0.37173861,0.03416892,-1.38372405,4
117.37848645,31.96330155,41.55152765,15.00856540,111.60379417,41.55052765,107.08614991,-1.23514861,0.91396888,1.48653665,-0.22039963,1.47004704,0.03848283,0.12333261,0.18384849,10.10958491,-0.18709098,0.12027070,-1.31999216,4
117.37848745,31.96330128,41.54970331,14.97907647,111.69927471,41.54870331,107.23874833,-1.26353473,0.91649879,1.50992376,-0.22578685,1.49282487,0.03889249,0.09391434,0.12397678,10.06962247,-0.82777096,0.15683777,-1.26775080,4
117.37848846,31.96330101,41.54790259,14.94933526,111.79467874,41.54690259,107.38845104,-1.34811766,0.91946022,1.52815130,-0.23064625,1.51045217,0.03830972,0.10328365,0.07457344,9.67400931,-0.60857301,0.16175845,-1.29709755,4
117.37848947,31.96330073,41.54700673,14.91934665,111.89000754,41.54600673,107.53525708,-1.38498520,0.91972298,1.54326162,-0.23488074,1.52526387,0.03831869,0.11144502,0.04670312,9.59296934,-0.20027772,0.09798959,-1.29294928,4
117.37849049,31.96330045,41.54700000,14.88911550,111.98526243,41.54600000,107.67916569,-1.37367333,0.91734742,1.55556236,-0.23855374,1.53754572,0.03891730,0.11700897,0.03841236,9.82121848,0.35724103,-0.02698317,-1.25772196,4
117.37849150,31.96330018,41.54700000,14.85864669,112.08044471,41.54600000,107.82017629,-1.33883205,0.91548974,1.57395807,-0.24362175,1.55544135,0.03951296,0.09181292,-0.01247122,9.96656032,0.07112553,0.02264144,-1.29442703,4
117.37849249,31.96329990,41.54700000,14.82794509,112.17555568,41.54600000,107.95828846,-1.30709208,0.91466278,1.59424317,-0.24905832,1.57502887,0.04010550,0.07877966,-0.05872810,10.02282668,-0.27368191,0.12567541,-1.31877626,4
117.37849349,31.96329959,41.54700000,14.79701558,112.27059666,41.54600000,108.09350198,-1.31097833,0.91811374,1.61739511,-0.25486616,1.59703380,0.04069060,0.14800565,-0.04253944,9.74991088,-0.10236425,0.30239756,-1.21829431,4
117.37849449,31.96329929,41.54700000,14.76586304,112.36556894,41.54600000,108.22581675,-1.30101851,0.92081476,1.63460426,-0.25963378,1.61360851,0.04127371,0.13208368,-0.00499081,9.65019265,0.04018387,0.17857336,-1.12906233,4
117.37849548,31.96329900,41.54701784,14.73449232,112.46047383,41.54601784,108.35523282,-1.27384510,0.92174351,1.64410237,-0.26305707,1.62308453,0.04185473,0.01642647,0.05841634,9.76578637,0.13633070,-0.30597884,-1.05887532,4
117.37849648,31.96329869,41.54744108,14.70290832,112.55531264,41.54644108,108.48175037,-1.24672225,0.90400474,1.64390019,-0.26487915,1.62245831,0.04244102,0.01442198,0.12821815,9.90280907,0.07474299,-0.62818471,-1.08562893,4
117.37849748,31.96329839,41.54792980,14.67111590,112.65008667,41.54692980,108.60536971,-1.21917128,0.87987814,1.64135097,-0.26632243,1.61932200,0.04306204,0.06392546,0.19920841,10.03430469,-0.04236947,-0.82080286,-1.15055088,4
117.37849848,31.96329807,41.54675804,14.63911994,112.74479723,41.54575804,108.72609126,-1.18356149,0.87460155,1.66496036,-0.27222712,1.64233938,0.04422466,0.20742249,0.24760889,9.93382791,-0.03098946,0.05409308,-1.20283917,4
117.37849948,31.96329777,41.54558777,14.60692531,112.83944562,41.54458777,108.84391554,-1.15810019,0.87374911,1.69117454,-0.27847971,1.66796843,0.04499368,0.27888945,0.28836744,9.82475833,-0.04702341,0.48498396,-1.21736561,4
117.37850047,31.96329748,41.54446006,14.57453688,112.93403315,41.54346006,108.95884316,-1.15267711,0.88082118,1.72126699,-0.28520684,1.69748882,0.04501638,0.21061351,0.31418915,9.70578327,-0.11523093,0.06878213,-1.15681020,4
117.37850147,31.96329717,41.54365111,14.54195954,113.02856113,41.54265111,109.07087482,-1.15638239,0.88220435,1.73670647,-0.28938664,1.71235535,0.04535335,0.13656847,0.32807763,9.65123649,-0.13977707,0.03313584,-1.04041179,4
117.37850247,31.96329686,41.54302519,14.50919814,113.12303085,41.54202519,109.18001129,-1.16314937,0.87960065,1.74137374,-0.29172435,1.71647388,0.04592484,0.06349366,0.34151836,9.65267132,-0.11678694,0.26329202,-0.89323734,4
117.37850346,31.96329656,41.54150255,14.47625757,113.21744362,41.54050255,109.28625341,-1.10716432,0.88095242,1.74550441,-0.29449500,1.72050288,0.04649930,0.06856916,0.50128817,9.81169405,0.17887910,0.17341433,-0.91728952,4
117.37850447,31.96329625,41.53986125,14.44314270,113.31180075,41.53886125,109.38960208,-1.04407098,0.88164221,1.74982056,-0.29728353,1.72474211,0.04707240,0.08815627,0.65523290,9.97798774,0.45334872,-0.01511233,-0.92121421,4
117.37850546,31.96329595,41.53871912,14.40985840,113.40610355,41.53771912,109.49005824,-1.02421530,0.87221378,1.75613652,-0.29954248,1.73051055,0.04763562,0.09229726,0.55797219,9.96520262,0.20346959,-0.38036754,-0.54074005,4
117.37850646,31.96329564,41.53740490,14.37640955,113.50035331,41.53640490,109.58762290,-1.00168132,0.86306135,1.76519095,-0.30178646,1.73919622,0.04819661,0.11740125,0.42404299,9.93310789,0.10339271,-0.53069707,-0.08232409,4
117.37850744,31.96329533,41.53575719,14.34280103,113.59455135,41.53475719,109.65512087,-0.97404450,0.85512094,1.77997489,-0.30402765,1.75397489,0.04875293,0.18102470,0.23260213,9.86685952,0.28149241,-0.25400069,0.50991210,4
117.37850843,31.96329503,41.53440689,14.30912331,113.68874133,41.53340689,109.71373121,-0.96720551,0.85440222,1.80134906,-0.30649836,1.77534906,0.04929878,0.19162944,0.18694134,9.79213515,-0.03940852,0.01953162,0.92690117,4
117.37850942,31.96329472,41.53334978,14.27531692,113.78288491,41.53234978,109.79061636,-0.97977554,0.86018734,1.82801001,-0.30905486,1.80201001,0.04981501,0.15234953,0.26637268,9.71308108,-0.75105788,0.26839329,1.17482028,4
117.37851042,31.96329441,41.53264050,14.24138675,113.87698360,41.53164050,109.86462756,-1.00162317,0.86599471,1.84488351,-0.30961493,1.81888351,0.04999635,0.08834229,0.22923316,9.68152388,-0.43489906,0.25121925,1.26943911,4
117.37851142,31.96329410,41.53209053,14.20733750,113.97103885,41.53109053,109.93586978,-1.02220322,0.87191147,1.85615131,-0.30909053,1.83017447,0.05002316,0.01481659,0.14093775,9.68129530,0.37625338,0.11122157,1.28008153,4
117.37851240,31.96329379,41.53119014,14.17317371,114.06505208,41.53019014,110.00445067,-0.94930854,0.88028274,1.86177891,-0.30819014,1.83618535,0.05040643,-0.00984181,0.23723539,9.77564145,0.34609070,0.25320097,1.22555339,4
117.37851338,31.96329348,41.53016310,14.13889972,114.15902466,41.52916310,110.07047863,-0.84992183,0.88937856,1.86537796,-0.30713751,1.84027083,0.05086728,-0.01650489,0.37913349,9.89350608,0.02204963,0.47076836,1.15094958,4
117.37851437,31.96329317,41.52913307,14.10451970,114.25295791,41.52813307,110.13406393,-0.85443127,0.89618634,1.86816224,-0.30569708,1.84315971,0.05056147,-0.01622305,0.20893617,9.86014641,-0.14508390,0.29586113,1.11545497,4
117.37851536,31.96329285,41.52807592,14.07003762,114.34685311,41.52707592,110.19531952,-0.88168731,0.90151769,1.87046332,-0.30412775,1.84549107,0.05010733,-0.01590020,-0.02919363,9.79325955,-0.23810874,0.00963310,1.08804582,4
117.37851636,31.96329254,41.52662538,14.03545726,114.44071146,41.52562538,110.25435849,-0.83657520,0.89424647,1.86869289,-0.30216781,1.84415238,0.05046142,-0.04019889,-0.04698755,9.82431013,0.11600269,-0.37486251,1.02560136,4
117.37851735,31.96329222,41.52504331,14.00078221,114.53453415,41.52404331,110.31129114,-0.78148500,0.88450006,1.86696531,-0.30028349,1.84290181,0.05099538,-0.05839962,-0.02581403,9.87277813,0.48329010,-0.72293115,0.95062664,4
117.37851833,31.96329190,41.52263083,13.96601588,114.62832228,41.52163083,110.36622492,-0.77607798,0.87263510,1.87645241,-0.30048093,1.85245087,0.05194798,0.07388942,-0.03441778,9.90913243,-0.12719687,-0.30665515,0.79079174,4
117.37851932,31.96329156,41.52013283,13.93116150,114.72207691,41.51913283,110.41926802,-0.78000304,0.86203372,1.88881772,-0.30122124,1.86478750,0.05289852,0.21674096,-0.04900761,9.93967600,-0.79490574,0.19991197,0.61486765,4
117.37852031,31.96329124,41.51810700,13.89622211,114.81579905,41.51710700,110.47053043,-0.81265063,0.87284616,1.91835673,-0.30527139,1.89388200,0.05299763,0.20562958,-0.08452350,9.91548612,-0.30337590,0.42728091,0.38643076,4
117.37852131,31.96329092,41.51619633,13.86120059,114.90948966,41.51519633,110.52012121,-0.84594029,0.88560161,1.94815686,-0.30948513,1.92322056,0.05300000,0.17200466,-0.11924692,9.88589708,0.25454387,0.58756388,0.16199588,4
117.37852229,31.96329061,41.51510777,13.82609960,115.00314963,41.51410777,110.56814771,-0.84458320,0.89189881,1.95548759,-0.31088375,1.93048928,0.05300000,0.07126402,-0.11183382,9.86692285,-0.06079265,0.27752352,0.07027974,4
117.37852327,31.96329030,41.51419726,13.79092165,115.09677981,41.51319726,110.61471570,-0.84022595,0.89618820,1.95876366,-0.31177478,1.93376366,0.05300000,-0.03187456,-0.10341718,9.84923672,-0.46585096,-0.09832038,-0.02147334,4
117.37852426,31.96328998,41.51400613,13.75566908,115.19038098,41.51300613,110.65992951,-0.86494552,0.88697436,1.95321122,-0.31157111,1.92821122,0.05300000,-0.03499975,-0.16499991,9.82724018,-0.32058083,-0.41206839,-0.37554960,4
117.37852526,31.96328967,41.51408282,13.72034402,115.28395388,41.51308282,110.70389081,-0.89365705,0.87413962,1.94634025,-0.31130846,1.92131264,0.05305521,-0.00748422,-0.23914440,9.80961094,-0.05006727,-0.68706815,-0.79417909,4
117.37852625,31.96328935,41.51522695,13.68494848,115.37749917,41.51422695,110.74669783,-0.87698338,0.85942029,1.95142247,-0.31386667,1.92601348,0.05381797,0.08138494,-0.24243053,9.86234393,-0.00475411,-0.67709881,-1.17155901,4
117.37852725,31.96328904,41.51666659,13.64948428,115.47101750,41.51566659,110.78844758,-0.84887480,0.84451767,1.96103105,-0.31747539,1.93510600,0.05479581,0.18579200,-0.22634321,9.92722556,-0.02308719,-0.57766323,-1.50682868,4
117.37852824,31.96328872,41.51777482,13.61395309,115.56450943,41.51677482,110.82923773,-0.85092500,0.83404454,1.98162663,-0.32348665,1.95484282,0.05577932,0.25494942,-0.23909434,9.87682306,0.03501148,-0.43832678,-1.47998094,4
117.37852923,31.96328842,41.51876086,13.57835641,115.65797549,41.51776086,110.86916605,-0.86007162,0.82559214,2.00633188,-0.33032599,1.97859690,0.05676086,0.30536610,-0.25757741,9.79170530,0.11791202,-0.28196949,-1.32832871,4
117.37853023,31.96328811,41.51972669,13.54269559,115.75141614,41.51872669,110.90832910,-0.82409164,0.82272701,2.03459133,-0.33708686,2.00623330,0.05772669,0.28089191,-0.21871276,9.78133167,0.16465365,-0.07590690,-1.20614163,4
117.37853122,31.96328780,41.52068632,13.50697181,115.84483178,41.51968632,110.94681989,-0.77267184,0.82236835,2.06321823,-0.34363971,2.03437507,0.05863931,0.22600090,-0.15797511,9.79724669,0.16827792,0.14581558,-1.10750955,4
117.37853221,31.96328750,41.52164918,13.47118611,115.93822278,41.52064918,110.98472799,-0.76242524,0.82465984,2.07920224,-0.34822300,2.04987766,0.05898597,0.17566238,-0.12167424,9.74931832,-0.16385576,0.31054399,-1.12260238,4
117.37853320,31.96328718,41.52259291,13.43533937,116.03158945,41.52159291,111.02214153,-0.77616496,0.82852175,2.08748614,-0.35162880,2.05767897,0.05900000,0.13020477,-0.10054868,9.67087742,-0.64199039,0.43169577,-1.20481360,4
117.37853419,31.96328689,41.52328264,13.39943234,116.12493204,41.52228264,111.05914482,-0.78301977,0.83323166,2.09265200,-0.35473962,2.06236061,0.05900000,0.10274561,-0.08307182,9.68392370,-0.51583493,0.43632274,-1.29679877,4
117.37853518,31.96328658,41.52377740,13.36346564,116.21825076,41.52277740,111.09581770,-0.78182129,0.83839000,2.09548286,-0.35764419,2.06470547,0.05902017,0.09141014,-0.06580355,9.76479592,0.04864077,0.35900716,-1.38943632,4
117.37853619,31.96328627,41.52427003,13.32743974,116.31154578,41.52327003,111.13223801,-0.75707179,0.84172715,2.09609661,-0.36033977,2.06482659,0.05928040,0.10907616,-0.02346813,9.80347856,0.24063555,0.35649624,-1.42626138,4
117.37853718,31.96328597,41.52476890,13.29135500,116.40481723,41.52376890,111.16848229,-0.71135271,0.84302014,2.09497986,-0.36288541,2.06321097,0.05976890,0.15113897,0.04018101,9.80242247,0.06996520,0.40298041,-1.41281121,4
117.37853817,31.96328565,41.52526766,13.25521165,116.49806516,41.52426766,111.20462524,-0.67819267,0.84090067,2.09709933,-0.36589577,2.06483168,0.06026766,0.16422510,0.07445574,9.83906950,0.01586501,0.15208197,-1.43208201,4
117.37853917,31.96328534,41.52576653,13.21900981,116.59128962,41.52476653,111.24073959,-0.65818960,0.83539882,2.10226268,-0.36936578,2.06949615,0.06076653,0.15310051,0.08556452,9.91239684,0.08584726,-0.33677548,-1.48728682,4
117.37854016,31.96328502,41.52627102,13.18274946,116.68449058,41.52527102,111.27689523,-0.63956058,0.82775839,2.10572075,-0.37289712,2.07244973,0.06127102,0.19634953,0.16568546,9.96969731,0.10508014,-0.25103737,-1.56708933,4
117.37854115,31.96328470,41.52682644,13.14643048,116.77766801,41.52582644,111.31315887,-0.62234583,0.81956881,2.10848868,-0.37667035,2.07468518,0.06175762,0.28714028,0.30110426,10.00221073,0.06674025,0.38966285,-1.66424532,4
117.37854213,31.96328438,41.52787781,13.11005265,116.87082180,41.52687781,111.34959504,-0.61261339,0.82665849,2.12367213,-0.38266306,2.08909065,0.06198882,0.29874411,0.28489277,9.95580806,0.01097823,0.77669359,-1.70461789,4
117.37854312,31.96328406,41.52933300,13.07361563,116.96395183,41.52833300,111.38626428,-0.61123551,0.84604401,2.14778229,-0.39021290,2.11223488,0.06195246,0.23773338,0.14492695,9.84904120,-0.06565918,0.88650178,-1.69355333,4
117.37854411,31.96328374,41.53056746,13.03711900,117.05705793,41.52956746,111.42321948,-0.63091397,0.85612859,2.15288830,-0.39412055,2.11661020,0.06139878,0.15067705,0.10158337,9.81116686,-0.23124354,0.62172396,-1.66291445,4
117.37854511,31.96328342,41.53159284,13.00056227,117.15013991,41.53059284,111.46050679,-0.66894070,0.85759284,2.14165673,-0.39492535,2.10486031,0.06043295,0.05194586,0.14498628,9.82873780,-0.45957245,0.08993065,-1.63023818,4
117.37854610,31.96328310,41.53261177,12.96394484,117.24319754,41.53161177,111.49816970,-0.71231725,0.85861177,2.13532442,-0.39689031,2.09801854,0.05970512,0.03185239,0.16594903,9.77699687,-0.55208672,0.01594925,-1.72738933,4
117.37854708,31.96328278,41.53360619,12.92726607,117.33623058,41.53260619,111.53624991,-0.75646881,0.85923046,2.13317162,-0.39987639,2.09535406,0.05921135,0.07333665,0.16693468,9.67876625,-0.51008551,0.26995535,-1.92320393,4
117.37854807,31.96328245,41.53432351,12.89052524,117.42923877,41.53332351,111.57478625,-0.77402831,0.85585228,2.12752759,-0.40265841,2.08919386,0.05901022,0.10624579,0.18050799,9.68354813,-0.22139437,0.09102420,-2.08219053,4
117.37854905,31.96328212,41.53478706,12.85372159,117.52222182,41.53378706,111.61381418,-0.77031170,0.84928310,2.12089625,-0.40555508,2.08201132,0.05909786,0.13301533,0.20400597,9.76349918,0.17904163,-0.34824908,-2.20225914,4
117.37855002,31.96328178,41.53461733,12.81685427,117.61517942,41.53361733,111.65336586,-0.73599664,0.83800470,2.12873314,-0.41119330,2.08899371,0.06012210,0.17761580,0.23392368,9.87853650,0.10087074,-0.36370384,-2.22366910,4
117.37855100,31.96328145,41.53409058,12.77992240,117.70811125,41.53309058,111.69347422,-0.69672157,0.82541551,2.14412063,-0.41824803,2.10333636,0.06148635,0.22805053,0.25560016,9.98512195,-0.23561202,-0.14769682,-2.20256869,4
117.37855198,31.96328110,41.53323722,12.74292504,117.80101698,41.53223722,111.73417688,-0.75179392,0.82236124,2.15970509,-0.42528617,2.11756471,0.06159195,0.24572587,0.17396785,9.86707278,-0.63666395,0.10941945,-2.25064494,4
117.37855296,31.96328078,41.53231570,12.70586118,117.89389622,41.53131570,111.77551397,-0.84365846,0.82376541,2.17540382,-0.43237042,2.13180910,0.06119199,0.24642271,0.05499470,9.65899404,-0.96536070,0.35286516,-2.32255179,4
117.37855395,31.96328044,41.53201530,12.66872975,117.98674860,41.53101530,111.81752632,-0.88589364,0.82658720,2.19293222,-0.44023183,2.14820941,0.06138053,0.22771536,0.01375934,9.54311322,-0.44517446,0.35907488,-2.32177959,4
117.37855494,31.96328011,41.53196855,12.63152959,118.07957371,41.53096855,111.86025214,-0.89839043,0.82975863,2.21021614,-0.44822335,2.16451691,0.06188108,0.19940812,0.01144981,9.50106842,0.37496091,0.26527905,-2.29356884,4
117.37855592,31.96327978,41.53165876,12.59425952,118.17237111,41.53065876,111.90373891,-0.85472836,0.83127674,2.21801478,-0.45425576,2.17135073,0.06267327,0.16044857,0.03364841,9.72328732,0.45703661,0.23594180,-2.31934634,4
117.37855690,31.96327945,41.53113098,12.55691822,118.26514034,41.53013098,111.94799398,-0.78572697,0.83170145,2.22047609,-0.45915961,2.17284977,0.06354256,0.11827129,0.05904506,10.06608867,0.11343765,0.23599156,-2.37795318,4
117.37855788,31.96327911,41.53010124,12.51950447,118.35788096,41.52910124,111.99237028,-0.77418154,0.83107859,2.22459505,-0.46422378,2.17601098,0.06367400,0.09997425,-0.00309378,10.13210389,-0.10460432,0.13557399,-2.44084211,4
117.37855887,31.96327878,41.52869166,12.48201909,118.45059328,41.52769166,112.03674966,-0.80655787,0.82890644,2.22949571,-0.46936872,2.17995682,0.06327814,0.10068905,-0.12272074,9.98131891,-0.20067868,-0.05147742,-2.50771470,4
117.37855985,31.96327844,41.52725347,12.44446124,118.54327702,41.52625347,112.08161573,-0.82650697,0.81958338,2.22784147,-0.47368634,2.17734378,0.06327662,0.10595021,-0.15206052,9.84268185,-0.23419577,-0.31155018,-2.59370000,4
117.37856083,31.96327810,41.52580911,12.40683015,118.63593191,41.52480911,112.12695878,-0.83002046,0.80293004,2.22032875,-0.47735298,2.16882801,0.06375037,0.11832842,-0.08625092,9.73923270,-0.20240947,-0.61136838,-2.69618319,4
117.37856181,31.96327776,41.52436888,12.36912499,118.72855768,41.52336888,112.17279486,-0.82918338,0.78791907,2.22359911,-0.48319189,2.17072514,0.06443698,0.16297315,-0.06189720,9.71645075,-0.11095903,-0.60953898,-2.76544547,4
117.37856279,31.96327741,41.52293585,12.33134495,118.82115408,41.52193585,112.21913594,-0.82330397,0.77611684,2.24201323,-0.49204272,2.18727616,0.06537611,0.24631224,-0.10190432,9.80237009,0.04798461,-0.20486042,-2.78785547,4
117.37856376,31.96327706,41.52151286,12.29348916,118.91372082,41.52051286,112.26600245,-0.81279829,0.76774450,2.25930273,-0.50072295,2.20283435,0.06632475,0.28096944,-0.13802545,9.90022285,0.12009587,0.06515012,-2.81048036,4
117.37856473,31.96327671,41.52010029,12.25555673,119.00625763,41.51910029,112.31342127,-0.79455406,0.76543774,2.27261611,-0.50871177,2.21472439,0.06724516,0.21967945,-0.15801177,10.00198820,0.02073057,0.03257550,-2.83740125,4
117.37856571,31.96327636,41.51858864,12.21754670,119.09876420,41.51758864,112.36142608,-0.78110501,0.76301341,2.28512665,-0.51653443,2.22583479,0.06795561,0.16190813,-0.16269418,10.03063774,-0.07908657,-0.01690919,-2.84270060,4
117.37856669,31.96327601,41.51675778,12.17945806,119.19124023,41.51575778,112.41005751,-0.78460554,0.75895501,2.29589275,-0.52396887,2.23521109,0.06800000,0.13529062,-0.12174733,9.82449448,-0.14479594,-0.05776823,-2.77791685,4
117.37856767,31.96327565,41.51517377,12.14128972,119.28368536,41.51417377,112.45936152,-0.78653822,0.75386371,2.30471697,-0.53095367,2.24269864,0.06810813,0.11580273,-0.08641126,9.64341884,-0.18127517,-0.11442667,-2.71643509,4
117.37856864,31.96327530,41.51549287,12.10304052,119.37609924,41.51449287,112.50938586,-0.76932151,0.74221272,2.30058353,-0.53493136,2.23760045,0.06898381,0.13218077,-0.11248845,9.75135619,-0.02640658,-0.28732882,-2.71154429,4
117.37856961,31.96327495,41.51610086,12.06470920,119.46848146,41.51510086,112.56018221,-0.75062595,0.73015120,2.29747537,-0.53919365,2.23346232,0.06991870,0.15605020,-0.14043994,9.87293291,0.10428372,-0.43126455,-2.71703099,4
117.37857058,31.96327461,41.51771668,12.02629444,119.56083160,41.51671668,112.61181315,-0.73195294,0.71877975,2.30880929,-0.54714126,2.24309660,0.07085235,0.21349004,-0.14788738,9.93232210,-0.04261683,-0.30492745,-2.76520518,4
117.37857156,31.96327425,41.51949204,11.98779477,119.65314919,41.51849204,112.66435503,-0.71836823,0.70856883,2.32289621,-0.55576753,2.25536409,0.07166586,0.27378963,-0.14733898,9.95774816,-0.24838745,-0.10143878,-2.80400509,4
117.37857254,31.96327391,41.52070776,11.94920861,119.74543370,41.51970776,112.71789611,-0.74149380,0.70556118,2.33229225,-0.56302608,2.26321468,0.07161422,0.29768354,-0.12396282,9.84386745,-0.40707877,0.19962292,-2.70248814,4
117.37857351,31.96327356,41.52169480,11.91053422,119.83768456,41.52069480,112.77253512,-0.77835455,0.70648557,2.33989097,-0.56963449,2.26939787,0.07120170,0.30149801,-0.09403265,9.68200804,-0.51132326,0.51041265,-2.50014582,4
117.37857448,31.96327321,41.52290168,11.87176969,119.92990110,41.52190168,112.82837968,-0.79404970,0.71246490,2.35045884,-0.57615284,2.27856896,0.07101178,0.27970643,-0.09119665,9.62874195,-0.38037634,0.57695826,-2.02164237,4
117.37857546,31.96327286,41.52428050,11.83291293,120.02208259,41.52328050,112.88554427,-0.79264242,0.72144945,2.36179146,-0.58210380,2.28860887,0.07100000,0.23733916,-0.10370671,9.66456533,-0.10315353,0.46667548,-1.34986638,4
117.37857643,31.96327251,41.52568435,11.79396166,120.11422823,41.52468435,112.94415004,-0.78155876,0.72665648,2.36147430,-0.58381518,2.28776785,0.07100000,0.17130010,-0.08018549,9.76865632,0.00473242,0.35647272,-0.69208498,4
117.37857740,31.96327214,41.52703194,11.75491341,120.20633710,41.52603194,113.00432705,-0.76260243,0.72707333,2.34719037,-0.58042262,2.27389213,0.07096333,0.08298861,-0.01740131,9.93251529,-0.11405050,0.26642369,-0.08823208,4
117.37857837,31.96327178,41.52774170,11.71576548,120.29840819,41.52674170,113.06621647,-0.76549330,0.72778876,2.33491147,-0.57697980,2.26208828,0.07060562,0.03668616,-0.00439323,9.95705365,-0.31583510,0.22775064,0.32781505,4
117.37857933,31.96327141,41.52738539,11.67651496,120.39044041,41.52638539,113.12996949,-0.80595086,0.72948485,2.32720792,-0.57394288,2.25488851,0.06970480,0.06415444,-0.07753345,9.74208112,-0.60712473,0.26852738,0.41488334,4
117.37858029,31.96327104,41.52734498,11.63715867,120.48243251,41.52634498,113.19574518,-0.83405853,0.72994114,2.31338275,-0.56957525,2.24184038,0.06888734,0.07465862,-0.10170985,9.61826130,-0.62924930,0.23796376,0.39516305,4
117.37858125,31.96327066,41.52824955,11.59769317,120.57438314,41.52724955,113.26371025,-0.82517452,0.72719059,2.28454356,-0.56206439,2.21439965,0.06839345,0.03354185,0.00302235,9.75459155,-0.01221447,0.03014504,0.18780252,4
117.37858221,31.96327028,41.52910042,11.55811479,120.66629080,41.52810042,113.33404022,-0.81011984,0.72393536,2.26139861,-0.55596004,2.19232022,0.06817880,0.01707711,0.06248939,9.87121354,0.34313763,-0.08654524,0.09638342,4
117.37858317,31.96326989,41.52962373,11.51841954,120.75815384,41.52862373,113.40692159,-0.78697301,0.72019649,2.25601020,-0.55410554,2.18702184,0.06860045,0.07360274,-0.01824415,9.88340561,-0.08559747,0.06714192,0.33896248,4
117.37858412,31.96326951,41.53012152,11.47860315,120.84997047,41.52912152,113.48255296,-0.76889342,0.71840978,2.25202779,-0.55233767,2.18317666,0.06882378,0.12277472,-0.07929073,9.87172751,-0.34200300,0.22876572,0.56458468,4
117.37858507,31.96326913,41.53064394,11.43866103,120.94173871,41.52964394,113.56114415,-0.76635825,0.72186147,2.24787164,-0.54986149,2.17949238,0.06837926,0.13381334,-0.05788476,9.81972104,0.00903930,0.34419467,0.66834018,4
117.37858603,31.96326875,41.53141586,11.39858826,121.03345640,41.53041586,113.64291347,-0.76745454,0.72462480,2.24196924,-0.54695727,2.17408893,0.06788031,0.11135240,-0.03258331,9.78030961,0.17242577,0.35015677,0.70662531,4
117.37858700,31.96326837,41.53283112,11.35837959,121.12512116,41.53183112,113.72808591,-0.77493599,0.72427758,2.23104246,-0.54298564,2.16367216,0.06738190,0.01134764,-0.01700132,9.78248277,-0.28057902,0.08271931,0.59856219,4
117.37858795,31.96326799,41.53406095,11.31802941,121.21673045,41.53306095,113.81689361,-0.78351919,0.72253357,2.21572138,-0.53814202,2.14899103,0.06687995,-0.05076638,-0.02394828,9.77557134,-0.54669286,-0.09209891,0.50802865,4
117.37858891,31.96326761,41.53458658,11.27753176,121.30828145,41.53358658,113.90957450,-0.79188268,0.71766431,2.19018330,-0.53131800,2.12443225,0.06639826,0.00841997,-0.08577320,9.73857404,-0.16712503,0.03559877,0.50131237,4
117.37858986,31.96326721,41.53462010,11.23688033,121.39977116,41.53362010,114.00636930,-0.78359395,0.71236951,2.17016819,-0.52588912,2.10528412,0.06620476,0.07080106,-0.10790491,9.74205696,0.16426102,0.04343580,0.51692393,4
117.37859082,31.96326683,41.53369847,11.19606845,121.49119631,41.53269847,114.10752066,-0.73896544,0.70673666,2.16485113,-0.52401909,2.10049235,0.06664122,0.11549621,-0.03261765,9.83805832,0.23613525,-0.24696990,0.56888845,4
117.37859178,31.96326645,41.53285457,11.15508909,121.58255340,41.53185457,114.21327559,-0.70267611,0.70108658,2.16202569,-0.52247816,2.09799716,0.06697149,0.15310416,0.02128887,9.89754671,0.10529266,-0.27425862,0.64567055,4
117.37859273,31.96326608,41.53231509,11.11393485,121.67383867,41.53131509,114.32388664,-0.68952300,0.69631052,2.16157493,-0.52101025,2.09759658,0.06697835,0.17775685,0.01804721,9.87393935,-0.31895588,0.20704031,0.74523654,4
117.37859368,31.96326570,41.53180810,11.07259797,121.76504808,41.53080810,114.43960952,-0.69188357,0.69844911,2.16344194,-0.52008277,2.09966142,0.06678052,0.17800636,-0.00151419,9.84044103,-0.47847568,0.52426384,0.71165195,4
117.37859464,31.96326533,41.53132888,11.03107032,121.85617733,41.53032888,114.56070241,-0.71373501,0.71083624,2.16764386,-0.51984335,2.10433736,0.06630650,0.14116167,-0.03088041,9.80538156,-0.19595534,0.50402501,0.45322723,4
117.37859559,31.96326496,41.53102803,10.98934342,121.94722180,41.53002803,114.68742866,-0.72459479,0.71966747,2.16422820,-0.51841684,2.10142633,0.06580187,0.09753058,-0.00126476,9.78352662,-0.03843584,0.43798671,0.08788707,4
117.37859656,31.96326458,41.53105023,10.94740839,122.03817660,41.53005023,114.82005580,-0.71614627,0.72171791,2.14938038,-0.51531833,2.08701330,0.06531684,0.05437996,0.10860999,9.78392333,-0.13382974,0.36372902,-0.40427579,4
117.37859752,31.96326420,41.53149257,10.90525600,122.12903649,41.53049257,114.95884950,-0.71133733,0.72539225,2.13918113,-0.51418030,2.07666068,0.06502788,0.05273811,0.12771532,9.79821399,-0.18966763,0.37772555,-0.87039683,4
117.37859848,31.96326382,41.53240070,10.86287665,122.21979595,41.53140070,115.10407034,-0.71160692,0.73199618,2.13681697,-0.51599269,2.07338895,0.06500000,0.10328589,0.02592297,9.82765135,-0.14574369,0.49274210,-1.28927949,4
117.37859944,31.96326344,41.53294555,10.82026041,122.31044909,41.53194555,115.25597606,-0.69370466,0.73746095,2.13529221,-0.51873318,2.07108350,0.06500000,0.13236675,0.00396425,9.85515404,-0.00407723,0.47663584,-1.74308373,4
117.37860038,31.96326306,41.53300000,10.77739701,122.40098973,41.53200000,115.41482361,-0.65363028,0.74042400,2.13400137,-0.52237229,2.06917233,0.06502874,0.13000403,0.08535783,9.87920363,0.20639311,0.28186285,-2.25087768,4
117.37860133,31.96326267,41.53300000,10.73427584,122.49141134,41.53200000,115.58086795,-0.61147730,0.73732336,2.13445272,-0.52737971,2.06838184,0.06527444,0.12909339,0.12780410,9.90855106,0.16695636,-0.00825474,-2.81310392,4
117.37860228,31.96326227,41.53300000,10.69088598,122.58170702,41.53200000,115.75436057,-0.57494398,0.72822874,2.13710322,-0.53398827,2.06907275,0.06572098,0.13869153,0.11302885,9.93247094,-0.12709910,-0.31862783,-3.43511125,4
117.37860321,31.96326188,41.53300000,10.64721620,122.67186954,41.53200000,115.93554962,-0.57794536,0.72017401,2.14263899,-0.54254468,2.07234347,0.06597276,0.18825454,0.06949822,9.86959164,-0.28246954,-0.17589172,-4.12117434,4
117.37860416,31.96326148,41.53300000,10.60325498,122.76189133,41.53200000,116.12467873,-0.61642949,0.71479692,2.15178554,-0.55328431,2.07894058,0.06605890,0.26926468,0.00994680,9.73069338,-0.26092514,0.38794549,-4.85566878,4
117.37860510,31.96326109,41.53300000,10.55899051,122.85176441,41.53200000,116.32198401,-0.62498756,0.71641934,2.16810328,-0.56703498,2.09226174,0.06656546,0.29071226,-0.00078448,9.67798161,-0.19015907,0.64304472,-5.51789803,4
117.37860605,31.96326069,41.53300000,10.51441073,122.94148050,41.53200000,116.52769218,-0.60352497,0.72364019,2.18982489,-0.58325718,2.11056395,0.06744082,0.25422258,0.02932972,9.71916361,-0.11036635,0.54469615,-6.09385871,4
117.37860700,31.96326030,41.53300000,10.46950332,123.03103092,41.53200000,116.74202039,-0.60058592,0.72524911,2.20397836,-0.59848469,2.12104462,0.06794034,0.23361362,0.00321456,9.78867094,-0.16549401,0.34467517,-6.57326988,4
117.37860794,31.96325991,41.53297561,10.42425577,123.12040666,41.53197561,116.96516834,-0.62126781,0.71998793,2.20992979,-0.61254037,2.12309247,0.06802439,0.23624581,-0.07648398,9.86643943,-0.35518890,0.08795548,-6.97040089,4
117.37860888,31.96325952,41.53275304,10.37865537,123.20959834,41.53175304,117.19731468,-0.64818936,0.71147700,2.21787095,-0.62794785,2.12691765,0.06824696,0.23460172,-0.08086910,9.87466765,-0.50664553,-0.15622229,-7.41096526,4
117.37860984,31.96325913,41.53234405,10.33268929,123.29859630,41.53134405,117.43862049,-0.67956476,0.69965494,2.22934742,-0.64515316,2.13402223,0.06871920,0.22856740,0.00802184,9.80435982,-0.58336687,-0.36865875,-7.89649127,4
117.37861079,31.96325874,41.53226143,10.28634457,123.38739051,41.53126143,117.68923058,-0.71911932,0.68235277,2.24048360,-0.66284212,2.14038342,0.06940653,0.25823061,0.08082419,9.75873011,-0.57751045,-0.50887739,-8.22825485,4
117.37861173,31.96325834,41.53272461,10.23960818,123.47597067,41.53172461,117.94927453,-0.76850936,0.65874811,2.25176145,-0.68126718,2.14629324,0.07037744,0.33683001,0.11109653,9.76652695,-0.48253127,-0.53445141,-8.33485667,4
117.37861268,31.96325794,41.53374384,10.19246705,123.56432616,41.53274384,118.21886576,-0.81372447,0.63993409,2.27483102,-0.70358619,2.16316281,0.07169997,0.40837185,0.12459565,9.80985189,-0.46768761,-0.36109384,-8.38965797,4
117.37861362,31.96325755,41.53548529,10.14490807,123.65244608,41.53448529,118.49810273,-0.85040162,0.63039423,2.31595759,-0.73170750,2.19695460,0.07346055,0.45326610,0.12203559,9.89051989,-0.59698591,0.08093844,-8.41828402,4
117.37861455,31.96325714,41.53709403,10.09691815,123.74031925,41.53609403,118.78707333,-0.89145052,0.62307292,2.35340427,-0.75871798,2.22727464,0.07479262,0.46251780,0.11615903,9.91979794,-0.69258635,0.37734552,-8.43892094,4
117.37861551,31.96325673,41.53812065,10.04848422,123.82793420,41.53712065,119.08585611,-0.94515284,0.61717342,2.37577891,-0.78104873,2.24340913,0.07501141,0.40275541,0.10985645,9.82150868,-0.65654042,0.24919697,-8.45252042,4
117.37861644,31.96325632,41.53887390,9.99959325,123.91527920,41.53787390,119.39451485,-0.99618931,0.61106734,2.39538732,-0.80260436,2.25679926,0.07518770,0.33939446,0.11652314,9.72161506,-0.57208946,0.08500456,-8.47813041,4
117.37861736,31.96325591,41.53900000,9.95023232,124.00234226,41.53800000,119.71309068,-1.02833346,0.60319351,2.41503773,-0.82448397,2.26969898,0.07597850,0.31051603,0.17245193,9.70451075,-0.39655823,0.08035497,-8.55397889,4
117.37861830,31.96325550,41.53900000,9.90038861,124.08911115,41.53800000,120.04160147,-1.05484338,0.59362472,2.43183321,-0.84554853,2.27978294,0.07685245,0.29070646,0.22923617,9.71489804,-0.23261468,0.06946181,-8.65029406,4
117.37861923,31.96325508,41.53900000,9.85004946,124.17557347,41.53800000,120.38004675,-1.06744014,0.57397819,2.42698794,-0.85991865,2.26934658,0.07741931,0.28705357,0.21761214,9.80705066,-0.29463347,-0.23045601,-8.82453025,4
117.37862015,31.96325464,41.53887773,9.79920240,124.26171658,41.53787773,120.72840732,-1.07938294,0.55129831,2.41913685,-0.87360560,2.25592432,0.07798399,0.29363334,0.18843950,9.91827692,-0.41218082,-0.57000771,-9.01557269,4
117.37862107,31.96325420,41.53782587,9.74783516,124.34752769,41.53682587,121.08664295,-1.11498422,0.52637953,2.43303779,-0.89585015,2.26211326,0.07916320,0.34472821,0.16683847,10.00576770,-0.48612129,-0.61447728,-9.17332113,4
117.37862200,31.96325375,41.53649888,9.69593576,124.43299390,41.53549888,121.45469305,-1.16154358,0.50075875,2.45435103,-0.92109326,2.27490028,0.08053812,0.41017043,0.13961297,10.06426224,-0.55840073,-0.53543016,-9.31418998,4
117.37862291,31.96325330,41.53569853,9.64349246,124.51810213,41.53469853,121.83248093,-1.22439700,0.47580314,2.47003357,-0.94477013,2.28194461,0.08165814,0.45993575,0.04561201,9.97097611,-0.74913466,-0.35650638,-9.42251604,4
117.37862384,31.96325285,41.53518186,9.59049385,124.60283923,41.53418186,122.21991505,-1.29314128,0.45199258,2.48434630,-0.96826860,2.28745655,0.08266892,0.49757739,-0.06697846,9.80584613,-0.94577632,-0.14460975,-9.52300195,4
117.37862476,31.96325239,41.53471092,9.53692882,124.68719195,41.53371092,122.61688209,-1.34811416,0.43416603,2.51244168,-0.99743786,2.30566802,0.08389220,0.50796074,-0.06703506,9.66480148,-0.73218157,-0.02024924,-9.68217251,4
117.37862567,31.96325193,41.53429729,9.48278664,124.77114701,41.53329729,123.02324174,-1.39009508,0.42005226,2.54805164,-1.02978486,2.33073174,0.08526248,0.49881568,0.00435511,9.56760873,-0.29499973,0.04635099,-9.89257680,4
117.37862657,31.96325146,41.53428888,9.42805699,124.85469108,41.53328888,123.43882967,-1.40270796,0.40595012,2.57283139,-1.05856133,2.34509475,0.08665081,0.46480563,0.06202586,9.64751787,-0.15697325,0.11824164,-10.20614752,4
117.37862747,31.96325099,41.53464307,9.37272996,124.93781085,41.53364307,123.86346339,-1.39166435,0.39111599,2.58595714,-1.08347662,2.34797392,0.08801625,0.41200886,0.09219070,9.87974924,-0.34634144,0.18210907,-10.61281853,4
117.37862837,31.96325052,41.53476887,9.31679609,125.02049305,41.53376887,124.29694463,-1.40828508,0.37466674,2.59994893,-1.10939913,2.35124697,0.08922191,0.38240187,0.09353091,9.98361998,-0.53804077,0.06016705,-11.01443270,4
117.37862927,31.96325004,41.53441996,9.26024642,125.10272444,41.53341996,124.73905453,-1.47613848,0.35555578,2.61860457,-1.13805255,2.35835176,0.09017917,0.39742021,0.05714054,9.83402144,-0.63100133,-0.35149781,-11.37809241,4
117.37863018,31.96324955,41.53406175,9.20307245,125.18449189,41.53306175,125.18954837,-1.53994505,0.33263934,2.63560235,-1.16656721,2.36346816,0.09118091,0.43653914,0.03180277,9.65680308,-0.62293765,-0.65443046,-11.70543507,4
117.37863106,31.96324905,41.53400000,9.14526624,125.26578237,41.53300000,125.64816105,-1.55402402,0.29826281,2.64353903,-1.19266512,2.35895797,0.09250901,0.52916951,0.07134226,9.55847159,-0.32922124,-0.37541801,-11.93132102,4
117.37863195,31.96324854,41.53410775,9.08682039,125.34658302,41.53310775,126.11461406,-1.55546667,0.26511973,2.65510954,-1.22083375,2.35732227,0.09406017,0.62416154,0.10566529,9.50663761,-0.04156506,0.02383168,-12.11960352,4
117.37863283,31.96324803,41.53483746,9.02772805,125.42688113,41.53383746,126.58861264,-1.54373832,0.25296421,2.69853244,-1.26379606,2.38386701,0.09650308,0.66820035,0.03175681,9.62857033,-0.13315369,0.41655802,-12.21228155,4
117.37863370,31.96324749,41.53559739,8.96798297,125.50666420,41.53459739,127.06983866,-1.53003895,0.24564198,2.74599740,-1.30871646,2.41384543,0.09900411,0.68805275,-0.05962775,9.77752641,-0.29306490,0.75455558,-12.27246164,4
117.37863456,31.96324697,41.53563270,8.90757948,125.58591997,41.53463270,127.55794702,-1.52397309,0.23602803,2.77077079,-1.34350781,2.42295405,0.10054836,0.64137443,-0.09574510,9.83175510,-0.30074664,0.78427690,-12.28233658,4
117.37863542,31.96324643,41.53526755,8.84651257,125.66463645,41.53426755,128.05256925,-1.52332234,0.22493065,2.78266437,-1.37254040,2.42017630,0.10152321,0.55912415,-0.09810288,9.82218860,-0.22951926,0.63282210,-12.26097123,4
117.37863629,31.96324589,41.53503087,8.78477785,125.74280198,41.53403087,128.55332062,-1.52851433,0.21355831,2.79686692,-1.40253156,2.41925152,0.10241621,0.49245852,-0.09235700,9.76158733,-0.22610920,0.45976276,-12.22246262,4
117.37863714,31.96324534,41.53500000,8.72237163,125.82040522,41.53400000,129.05980205,-1.53868570,0.20154199,2.81469050,-1.43402033,2.42139093,0.10331291,0.45050618,-0.08086795,9.65660611,-0.30044514,0.28460011,-12.17388702,4
117.37863798,31.96324478,41.53500000,8.65929085,125.89743523,41.53400000,129.57159536,-1.54089223,0.18390268,2.82385467,-1.46126819,2.41587402,0.10433485,0.42904414,-0.05323724,9.58766227,-0.27428999,0.06495517,-12.17199924,4
117.37863883,31.96324422,41.53500000,8.59553317,125.97388144,41.53400000,130.08826290,-1.52116885,0.15236653,2.80984833,-1.47725531,2.38993276,0.10566987,0.44984074,0.01283315,9.62623811,0.03414656,-0.26569358,-12.29143021,4
117.37863966,31.96324365,41.53492178,8.53109691,126.04973375,41.53392178,130.60935561,-1.49154574,0.11968424,2.79997505,-1.49556689,2.36716430,0.10736122,0.48375571,0.07520532,9.70555649,0.27852436,-0.51476496,-12.42404606,4
117.37864049,31.96324306,41.53452846,8.46598110,126.12498249,41.53352846,131.13441890,-1.43543528,0.09090112,2.82089235,-1.53008005,2.36966282,0.11029519,0.54473483,0.09915466,9.88342707,0.09236035,-0.36705822,-12.53566695,4
117.37864130,31.96324247,41.53394540,8.40018547,126.19961849,41.53294540,131.66299168,-1.38482904,0.06342729,2.84373249,-1.56573736,2.37352080,0.11314193,0.60053129,0.11162018,10.03120733,-0.14524726,-0.15543306,-12.62270722,4
117.37864212,31.96324186,41.53282270,8.33371040,126.27363308,41.53182270,132.19460382,-1.37607028,0.03844670,2.85179168,-1.59412995,2.36437737,0.11472001,0.61535894,0.10555817,9.98425988,-0.27608553,0.02491436,-12.62512418,4
117.37864292,31.96324126,41.53160636,8.26655696,126.34701810,41.53060636,132.72877599,-1.38788826,0.01501359,2.85580619,-1.62057073,2.35148390,0.11579972,0.60821132,0.09700394,9.84665892,-0.34343261,0.14296164,-12.59319621,4
117.37864371,31.96324064,41.53104256,8.19872692,126.41976594,41.53004256,133.26502312,-1.40530409,-0.00664433,2.87182365,-1.65306809,2.34831377,0.11724877,0.58779230,0.11360743,9.70447610,-0.35375535,0.06109416,-12.58006567,4
117.37864450,31.96324001,41.53102973,8.13022269,126.49186957,41.53002973,133.80285786,-1.42092004,-0.02763302,2.89475377,-1.68892914,2.35067684,0.11899856,0.55994106,0.14714032,9.58633693,-0.29132098,-0.14256346,-12.59454929,4
117.37864528,31.96323938,41.53123361,8.06104736,126.56332253,41.53023361,134.34178684,-1.40843056,-0.05219842,2.90190210,-1.71613593,2.33967997,0.12063393,0.54055110,0.16420494,9.59487305,-0.03806726,-0.17246342,-12.67183429,4
117.37864603,31.96323874,41.53166054,7.99120464,126.63411896,41.53066054,134.88130593,-1.35602182,-0.08176005,2.88636410,-1.73102245,2.30942328,0.12209270,0.53517846,0.15819608,9.78253601,0.44317145,0.04879766,-12.83679395,4
117.37864680,31.96323808,41.53181143,7.92069893,126.70425365,41.53081143,135.42090253,-1.31088322,-0.10842594,2.88190955,-1.75273275,2.28756632,0.12381704,0.53860512,0.18206565,9.94882896,0.50052782,0.10592396,-12.99885785,4
117.37864754,31.96323742,41.53138089,7.84953527,126.77372203,41.53038089,135.96005973,-1.28580652,-0.12862154,2.90271706,-1.78976664,2.28514269,0.12609553,0.55762154,0.26872556,10.04753572,-0.31906090,-0.19923112,-13.14292268,4
117.37864826,31.96323673,41.53091598,7.77771933,126.84252020,41.52991598,136.49825772,-1.29357204,-0.15203950,2.91707829,-1.82287209,2.27738420,0.12780821,0.58581231,0.31153349,10.02937269,-0.94657946,-0.31924457,-13.22340884,4
117.37864899,31.96323607,41.53044246,7.70525741,126.91064495,41.52944246,137.03497643,-1.38272181,-0.18460645,2.91147307,-1.84382849,2.25329624,0.12799626,0.63537980,0.23342881,9.72108458,-0.96224876,0.08456013,-13.14352656,4
117.37864971,31.96323538,41.53018494,7.63215642,126.97809377,41.52918494,137.56970110,-1.45056001,-0.21092986,2.91435576,-1.86968979,2.23577765,0.12853028,0.67383850,0.20244367,9.48565604,-0.75949012,0.48626588,-12.94973566,4
117.37865040,31.96323469,41.53048633,7.55842385,127.04486487,41.52948633,138.10192652,-1.43839296,-0.21835686,2.94527153,-1.91195075,2.24021720,0.13042675,0.67709680,0.33017012,9.52741951,-0.18301026,0.72093421,-12.51198222,4
117.37865109,31.96323399,41.53085951,7.48406778,127.11095712,41.52985951,138.63115569,-1.39870264,-0.22228310,2.97515260,-1.95259494,2.24440065,0.13245641,0.66172144,0.46944848,9.65736831,0.31249792,0.84197719,-11.95200917,4
117.37865177,31.96323329,41.53099907,7.40909678,127.17637015,41.52999907,139.15689619,-1.34108344,-0.23089854,2.97950217,-1.97529544,2.23022819,0.13379118,0.61886239,0.51603303,9.82806926,0.26874561,0.75853153,-11.22200662,4
117.37865245,31.96323260,41.53084235,7.33351998,127.24110427,41.52984235,139.67866135,-1.28709783,-0.24223651,2.96998347,-1.98782588,2.20636224,0.13460222,0.54968246,0.50072573,9.98560139,-0.10330294,0.54310079,-10.43806547,4
117.37865313,31.96323188,41.53007511,7.25734698,127.30516053,41.52907511,140.19597446,-1.28893952,-0.25311258,2.96620819,-2.00270666,2.18772505,0.13499973,0.44147003,0.46144867,9.99774329,-0.49395900,0.28840628,-9.84004785,4
117.37865379,31.96323115,41.52877459,7.18058787,127.36854070,41.52777459,140.70837156,-1.34364875,-0.26466648,2.96612446,-2.01855448,2.17282385,0.13498019,0.30506301,0.40115548,9.87441555,-0.86072093,-0.00124035,-9.42643897,4
117.37865444,31.96323043,41.52800000,7.10325318,127.43124726,41.52700000,141.21540242,-1.38984100,-0.28707213,2.94825052,-2.02186039,2.14535806,0.13477689,0.25927586,0.36064529,9.79463728,-0.82426007,-0.26363987,-9.06490925,4
117.37865509,31.96322971,41.52800510,7.02535382,127.49328339,41.52700510,141.71662910,-1.42271706,-0.32527990,2.90482465,-2.00713739,2.09985260,0.13433354,0.34680701,0.34937211,9.78014970,-0.20366990,-0.48039908,-8.78236579,4
117.37865570,31.96322898,41.52817794,6.94690114,127.55465299,41.52717794,142.21162288,-1.42984049,-0.35715541,2.88320575,-2.00712304,2.07013033,0.13490020,0.42863486,0.34154063,9.80368886,0.09038727,-0.51363689,-8.57798519,4
117.37865630,31.96322822,41.52865796,6.86790682,127.61536065,41.52765796,142.69996312,-1.39468015,-0.37842657,2.89783654,-2.03154608,2.06664748,0.13713817,0.49907058,0.33916951,9.89062191,-0.16067379,-0.24348903,-8.50552089,4
117.37865690,31.96322747,41.52984958,6.78838290,127.67541169,41.52884958,143.18124183,-1.38122632,-0.39905608,2.90625788,-2.05124482,2.05893753,0.13886261,0.51865884,0.32885548,9.97082044,-0.38089844,-0.07284405,-8.46595226,4
117.37865753,31.96322672,41.53233974,6.70834172,127.73481210,41.53133974,143.65507040,-1.40976224,-0.41923391,2.90128363,-2.06095717,2.04199930,0.13955077,0.44881804,0.30330800,10.03077809,-0.50827743,-0.10173552,-8.47748371,4
117.37865813,31.96322598,41.53593420,6.62779590,127.79356856,41.53493420,144.12108009,-1.44854826,-0.43915524,2.89807233,-2.07182273,2.02627571,0.14000353,0.39589382,0.26162919,9.99243388,-0.58419509,-0.17616583,-8.51206952,4
117.37865873,31.96322523,41.54127665,6.54675830,127.85168841,41.54027665,144.57891657,-1.48860661,-0.45870990,2.90505862,-2.08995175,2.01757020,0.14045651,0.42215695,0.19350893,9.75599155,-0.59027388,-0.24844077,-8.56975850,4
117.37865931,31.96322447,41.54726345,6.46524202,127.90917963,41.54626345,145.02823609,-1.51557308,-0.47711322,2.91546170,-2.11049769,2.01121062,0.14108583,0.47720451,0.13612860,9.51940937,-0.47667461,-0.22423008,-8.59289755,4
117.37865991,31.96322372,41.55261564,6.38326034,127.96605088,41.55161564,145.46870587,-1.49597016,-0.49220069,2.92099002,-2.12752164,2.00146985,0.14231474,0.50200368,0.15802027,9.60279277,-0.06926719,0.12451437,-8.46106642,4
117.37866049,31.96322297,41.55737384,6.30082672,128.02231141,41.55637384,145.90000578,-1.43687376,-0.50396820,2.92277725,-2.14178748,1.98917447,0.14403944,0.49943264,0.24513069,9.95279770,0.55624922,0.73108224,-8.18721600,4
117.37866107,31.96322220,41.56135038,6.21795477,128.07797113,41.56035038,146.32183233,-1.39030331,-0.50791342,2.93264556,-2.16096048,1.98315747,0.14538583,0.47550029,0.27635851,10.13535851,0.56892969,0.95136781,-7.77270018,4
117.37866162,31.96322144,41.56423671,6.13465823,128.13304056,41.56323671,146.73390291,-1.36171040,-0.50154842,2.95284178,-2.18628983,1.98525973,0.14619325,0.42166047,0.23152158,10.08827617,-0.23629176,0.64827493,-7.16430185,4
117.37866218,31.96322067,41.56647394,6.05095093,128.18753075,41.56547394,147.13595542,-1.35403442,-0.50154445,2.95957508,-2.20092966,1.97900184,0.14645335,0.34866543,0.18154983,9.98892172,-0.75404314,0.36026376,-6.49587567,4
117.37866274,31.96321991,41.56744826,5.96684675,128.24145335,41.56644826,147.52774397,-1.38651079,-0.51390253,2.94018919,-2.19481975,1.95653806,0.14565727,0.23900962,0.12197314,9.78934152,-0.71199781,0.10134494,-5.71053336,4
117.37866328,31.96321913,41.56782034,5.88235960,128.29482054,41.56682034,147.90903465,-1.42408326,-0.53144124,2.91080605,-2.18034005,1.92837448,0.14459269,0.12873918,0.06815484,9.58190366,-0.39952581,-0.14557005,-4.88164732,4
117.37866380,31.96321835,41.56800000,5.79750345,128.34764500,41.56700000,148.27960592,-1.41209251,-0.54804801,2.88716043,-2.16872951,1.90575761,0.14429860,0.07967330,0.05382552,9.51737237,0.01243204,-0.39566391,-4.08264761,4
117.37866432,31.96321758,41.56802036,5.71229221,128.39993995,41.56702036,148.63925435,-1.35307980,-0.56417831,2.86854500,-2.15951578,1.88814250,0.14473767,0.08760167,0.07605797,9.58996803,0.50603593,-0.65480122,-3.31399443,4
117.37866485,31.96321679,41.56853551,5.62673980,128.45171906,41.56753551,148.98779903,-1.27604114,-0.58985643,2.84200729,-2.14345658,1.86624154,0.14551057,0.09181193,0.09074872,9.75226931,0.72577517,-1.06127276,-2.60561096,4
117.37866536,31.96321600,41.56977041,5.54086006,128.50299646,41.56877041,149.32508003,-1.17394254,-0.62927256,2.80438539,-2.11776854,1.83839737,0.14676643,0.09162457,0.09387567,10.03882098,0.54887119,-1.66795487,-1.99006467,4
117.37866587,31.96321521,41.57118923,5.45466676,128.55378670,41.57018923,149.65095247,-1.09823966,-0.66788811,2.77632579,-2.09885118,1.81727882,0.14806921,0.11843300,0.07733487,10.18272493,0.31497623,-1.93069446,-1.54804161,4
117.37866636,31.96321442,41.57281869,5.36817357,128.60410471,41.57181869,149.96528258,-1.07917212,-0.70196735,2.76926366,-2.09517844,1.81053795,0.14935975,0.19860626,0.02510561,10.02234730,0.05571781,-1.47995502,-1.42599678,4
117.37866683,31.96321363,41.57459003,5.28139403,128.65396580,41.57359003,150.26794862,-1.07839948,-0.73037779,2.77112783,-2.09812429,1.80982911,0.15053425,0.29045573,-0.03092656,9.74780433,-0.10988647,-0.74179178,-1.45696365,4
117.37866733,31.96321283,41.57654166,5.19434158,128.70338564,41.57554166,150.55884416,-1.05400846,-0.74546665,2.77200000,-2.10084999,1.80815001,0.15130833,0.33994163,-0.04411674,9.54255043,0.10390670,-0.09460170,-1.53433298,4
117.37866784,31.96321204,41.57864499,5.10702951,128.75238024,41.57764499,150.83787777,-1.00846141,-0.74869850,2.77204790,-2.10341678,1.80564708,0.15173347,0.35144991,-0.01956740,9.40296556,0.64415757,0.46761040,-1.65078139,4
117.37866835,31.96321126,41.58040902,5.01947093,128.80096589,41.57940902,151.10496979,-0.94349951,-0.74474240,2.77448040,-2.10770665,1.80460054,0.15231331,0.32658845,0.00854966,9.49980355,0.82992428,0.78117293,-1.68161948,4
117.37866885,31.96321046,41.58167515,4.93167883,128.84915917,41.58067515,151.36005172,-0.85054264,-0.73035953,2.78030455,-2.11444214,1.80562367,0.15311239,0.24882471,0.04154977,9.93970705,0.49862959,0.73113910,-1.58751385,4
117.37866934,31.96320966,41.58264450,4.84366598,128.89697693,41.58164450,151.60306737,-0.78267500,-0.72000069,2.77938610,-2.11585513,1.80242433,0.15340384,0.17991213,0.04879845,10.25683301,0.13219168,0.58112717,-1.47953653,4
117.37866983,31.96320888,41.58300027,4.75544500,128.94443625,41.58200027,151.83397230,-0.77878831,-0.72092783,2.76198376,-2.10429641,1.78891114,0.15246059,0.14099470,-0.00548846,10.22530845,-0.22791678,0.25814056,-1.36042079,4
117.37867033,31.96320808,41.58305573,4.66702828,128.99155443,41.58205573,152.05273207,-0.81088780,-0.72824357,2.73575273,-2.08577728,1.76990341,0.15085747,0.12157749,-0.08749915,9.99557843,-0.56125688,-0.13596807,-1.24526465,4
117.37867082,31.96320729,41.58364178,4.57842804,129.03834896,41.58264178,152.25932371,-0.83270639,-0.73413927,2.71643790,-2.07257717,1.75550753,0.14978608,0.12269132,-0.09321964,9.80155846,-0.67185709,-0.24998701,-1.23047671,4
117.37867131,31.96320650,41.58488384,4.48965629,129.08483750,41.58388384,152.45373940,-0.84181484,-0.73827947,2.70567337,-2.06595285,1.74681311,0.14937206,0.14918862,-0.00461930,9.65168311,-0.50707701,-0.01772162,-1.33977806,4
117.37867180,31.96320572,41.58624854,4.40072481,129.13103785,41.58524854,152.63598336,-0.85237646,-0.74302626,2.69392507,-2.05871400,1.73737887,0.14895671,0.17268512,0.03240447,9.58831547,-0.38164420,0.10717571,-1.42094739,4
117.37867228,31.96320491,41.58784534,4.31164517,129.17696792,41.58684534,152.80606206,-0.86568799,-0.74892095,2.68031497,-2.05031214,1.72654450,0.14853885,0.19050452,-0.02815941,9.68862836,-0.33065684,0.02892434,-1.44889034,4
117.37867276,31.96320411,41.58935501,4.22242874,129.22264573,41.58835501,152.96398014,-0.87571050,-0.75416692,2.66900624,-2.04373627,1.71708884,0.14822808,0.20816103,-0.10467677,9.82637320,-0.29643703,-0.04249108,-1.45128601,4
117.37867324,31.96320331,41.59028422,4.13308669,129.26808944,41.58928422,153.10974731,-0.87087643,-0.75577190,2.66801984,-2.04498158,1.71415138,0.14829893,0.23190338,-0.12307265,9.90437154,-0.23413682,0.14867452,-1.42581872,4
117.37867370,31.96320251,41.59070415,4.04363002,129.31331726,41.58970415,153.24338472,-0.85301720,-0.75418338,2.67608309,-2.05308309,1.71692908,0.14870415,0.26099497,-0.09025933,9.92954512,-0.14701508,0.57050408,-1.37609315,4
117.37867417,31.96320171,41.59097032,3.95406948,129.35834747,41.58997032,153.36492209,-0.85081723,-0.75023652,2.67852418,-2.05667706,1.71634236,0.14853798,0.25366457,-0.05704909,9.88731645,-0.18745241,0.77823076,-1.31638416,4
117.37867464,31.96320090,41.59099935,3.86441568,129.40319839,41.58999935,153.47439191,-0.87461640,-0.74252141,2.67150586,-2.05269834,1.71008647,0.14742717,0.18657525,-0.02465241,9.73628999,-0.43735383,0.62897333,-1.24103178,4
117.37867512,31.96320010,41.59107392,3.77467902,129.44788838,41.59007392,153.57182817,-0.89996739,-0.73568820,2.66320984,-2.04759285,1.70315403,0.14635149,0.13046475,-0.01158147,9.62839299,-0.61955324,0.46705188,-1.12605806,4
117.37867559,31.96319931,41.59134503,3.68486976,129.49243582,41.59034503,153.65726782,-0.92122530,-0.73240121,2.65450054,-2.04187927,1.69621202,0.14566866,0.12256765,-0.04981152,9.67001136,-0.55480497,0.38438179,-0.91033930,4
117.37867607,31.96319850,41.59175396,3.59499795,129.53685910,41.59075396,153.73075099,-0.93965919,-0.73145513,2.64541280,-2.03567471,1.68921428,0.14523548,0.14629633,-0.12060675,9.81001126,-0.33003259,0.35746045,-0.62619686,4
117.37867653,31.96319770,41.59232967,3.50507355,129.58117661,41.59132967,153.79232093,-0.95717258,-0.72915164,2.63274715,-2.02654530,1.68041468,0.14433060,0.14504172,-0.13560771,9.88601510,-0.28709885,0.38875200,-0.31585801,4
117.37867700,31.96319691,41.59315073,3.41510634,129.62540670,41.59215073,153.84202630,-0.97343923,-0.72467098,2.61468395,-2.01301296,1.66888978,0.14269854,0.10431278,-0.06443433,9.85999837,-0.52782183,0.50528044,0.03058038,4
117.37867747,31.96319609,41.59388385,3.32510599,129.66956772,41.59288385,153.87992483,-0.99143772,-0.71900965,2.59875283,-2.00076842,1.65902109,0.14123230,0.07156450,-0.01731281,9.83901577,-0.65353084,0.58667940,0.36518502,4
117.37867794,31.96319529,41.59440284,3.23508201,129.71367793,41.59340284,153.90608510,-1.01332262,-0.71097879,2.58796246,-1.99173447,1.65301010,0.14019433,0.05984084,-0.03052440,9.83842531,-0.50260213,0.58371385,0.67069565,4
117.37867840,31.96319449,41.59478615,3.14504383,129.75775555,41.59378615,153.92058558,-1.03207028,-0.70266613,2.57765258,-1.98268802,1.64759473,0.13931192,0.05264513,-0.06554852,9.83741852,-0.25276942,0.52740633,0.95035280,4
117.37867887,31.96319368,41.59498863,3.05500070,129.80181865,41.59398863,153.92351177,-1.02820283,-0.69799457,2.55884531,-1.96689000,1.63688894,0.13825589,0.02253686,-0.07558171,9.79195735,-0.12267950,0.40044038,1.17108523,4
117.37867934,31.96319288,41.59500000,2.96496179,129.84588521,41.59400000,153.91495501,-0.99968838,-0.69733364,2.53068747,-1.94368380,1.62034557,0.13700092,-0.03295871,-0.05701468,9.69773702,-0.12932262,0.19881594,1.32855533,4
117.37867981,31.96319208,41.59486184,2.87493614,129.88997309,41.59386184,153.89501547,-0.97792451,-0.69538870,2.50633092,-1.92332478,1.60651393,0.13586338,-0.04076683,-0.04102460,9.70949172,-0.12707435,0.12780153,1.46220145,4
117.37868028,31.96319128,41.59447597,2.78493268,129.93409998,41.59347597,153.86380541,-0.97089691,-0.69071365,2.48979053,-1.90886345,1.59816886,0.13495775,0.03964204,-0.03270834,9.91646950,-0.09429430,0.29895440,1.55986581,4
117.37868074,31.96319046,41.59395879,2.69496023,129.97828340,41.59295879,153.82144445,-0.96833024,-0.68530164,2.47412306,-1.89502251,1.59044944,0.13391758,0.09428052,-0.03292148,10.05079990,-0.07292482,0.45160026,1.63130268,4
117.37868122,31.96318965,41.59322889,2.60502751,130.02254068,41.59222889,153.76804674,-0.97036798,-0.67925357,2.45731111,-1.88022658,1.58195664,0.13245779,0.05026144,-0.05045795,9.92923804,-0.09169323,0.45904249,1.65459666,4
117.37868168,31.96318886,41.59241942,2.51514315,130.06688897,41.59141942,153.70371054,-0.97342110,-0.67259499,2.44016131,-1.86513176,1.57323298,0.13083883,-0.03175819,-0.07388171,9.69812551,-0.10911828,0.40684153,1.67114902,4
117.37868216,31.96318806,41.59177745,2.42531576,130.11134528,41.59077745,153.62851974,-0.96972875,-0.66465379,2.42452137,-1.85120455,1.56552204,0.12955490,-0.03699145,-0.08062276,9.61409301,-0.01680567,0.45257767,1.77877120,4
117.37868263,31.96318725,41.59133196,2.33555390,130.15592646,41.59033196,153.54255453,-0.95829476,-0.65530302,2.41062258,-1.83862671,1.55897933,0.12866391,0.04796151,-0.06795453,9.70567088,0.20005941,0.61421364,1.99037070,4
117.37868311,31.96318645,41.59104097,2.24586614,130.20064921,41.59004097,153.44589799,-0.92955910,-0.64431082,2.39602502,-1.82531942,1.55224975,0.12780373,0.07420227,-0.06697691,9.79643666,0.35591066,0.70872782,2.23657786,4
117.37868359,31.96318565,41.59100151,2.15626104,130.24553006,41.59000151,153.33863233,-0.87063904,-0.63055153,2.37991795,-1.81050265,1.54501696,0.12694353,-0.01853079,-0.08989477,9.86079363,0.38373582,0.66540483,2.53058143,4
117.37868408,31.96318486,41.59072266,2.06674717,130.29058539,41.58972266,153.22083371,-0.81672628,-0.61964962,2.36000881,-1.79244335,1.53555453,0.12589520,-0.10762558,-0.09146407,9.91307324,0.31138842,0.51007967,2.84124731,4
117.37868457,31.96318406,41.58978592,1.97733313,130.33583141,41.58878592,153.09257387,-0.78536237,-0.61651720,2.33159243,-1.76720711,1.52096845,0.12439960,-0.14611950,-0.03384980,9.94594864,0.04601335,0.13706122,3.17467260,4
117.37868505,31.96318326,41.58849671,1.88802757,130.38128415,41.58749671,152.95392399,-0.77419878,-0.61724564,2.29940769,-1.73871146,1.50429263,0.12266228,-0.15051488,0.03596912,9.95140726,-0.28866443,-0.24010361,3.52196292,4
117.37868553,31.96318246,41.58716461,1.79883920,130.42695949,41.58616461,152.80495231,-0.79455135,-0.61735893,2.26956153,-1.71188652,1.48970030,0.12088615,-0.12668795,0.03687345,9.89170489,-0.51099765,-0.21438466,3.87757914,4
117.37868601,31.96318167,41.58583526,1.70977678,130.47287314,41.58483526,152.64571803,-0.84370116,-0.61618359,2.24256062,-1.68710832,1.47751729,0.11908960,-0.08110041,-0.02712602,9.77352934,-0.59341586,0.19323508,4.24182188,4
117.37868650,31.96318087,41.58466419,1.62084918,130.51904064,41.58366419,152.47627154,-0.88518004,-0.61156295,2.21765282,-1.66353297,1.46697768,0.11728044,-0.06791985,-0.05052854,9.69173985,-0.46192735,0.43621864,4.61998786,4
117.37868698,31.96318006,41.58372761,1.53206537,130.56547740,41.58272761,152.29666344,-0.91135456,-0.60200370,2.19546261,-1.64146261,1.45854848,0.11545522,-0.10580238,-0.00483752,9.67191413,-0.03198730,0.38284861,5.01767107,4
117.37868747,31.96317927,41.58295929,1.44343443,130.61219865,41.58195929,152.10695013,-0.92612844,-0.58994190,2.17521775,-1.62038462,1.45163358,0.11377972,-0.14357978,0.04218755,9.71523744,0.14438943,0.36809419,5.36082417,4
117.37868797,31.96317848,41.58246450,1.35496556,130.65921942,41.58146450,151.90718562,-0.92226471,-0.57408538,2.15813596,-1.60089962,1.44718051,0.11238961,-0.17164113,0.07884868,9.86602644,-0.21274064,0.48132658,5.59751996,4
117.37868848,31.96317768,41.58170369,1.26666807,130.70655461,41.58070369,151.69740913,-0.93601732,-0.55860418,2.13772258,-1.57895679,1.44054097,0.11073427,-0.19882524,0.07527430,9.96882274,-0.56448817,0.55361963,5.79836478,4
117.37868897,31.96317688,41.58024011,1.17855145,130.75421892,41.57924011,151.47764578,-0.99650410,-0.54538868,2.10860590,-1.55086998,1.42804536,0.10837346,-0.22766174,-0.01525164,9.92310775,-0.70463981,0.48565126,5.95808203,4
117.37868945,31.96317608,41.57861124,1.09062536,130.80222695,41.57761124,151.24791995,-1.06722068,-0.53275249,2.07767406,-1.52159307,1.41426596,0.10591686,-0.24392757,-0.07804531,9.84006543,-0.71332468,0.39135235,6.08251498,4
117.37868995,31.96317529,41.57736971,1.00289964,130.85059310,41.57636971,151.00826481,-1.10994420,-0.51897713,2.05221576,-1.49644168,1.40398964,0.10405457,-0.22125243,0.04778286,9.83230208,-0.60344771,0.39451853,6.15351935,4
117.37869045,31.96317451,41.57647730,0.91538430,130.89933161,41.57547730,150.75871425,-1.13668159,-0.50368340,2.03065338,-1.47420636,1.39621292,0.10250782,-0.17769190,0.28263126,9.87109422,-0.47696818,0.48809479,6.20047517,4
117.37869094,31.96317372,41.57579062,0.82808952,130.94845655,41.57479062,150.49928733,-1.19219002,-0.48546361,2.00720466,-1.45050839,1.38722002,0.10027486,-0.17209608,0.36059483,9.84644112,-0.66103819,0.65056159,6.31581031,4
117.37869143,31.96317292,41.57531036,0.74102570,130.99798182,41.57431036,150.22998681,-1.28394706,-0.46375820,1.98124693,-1.42485098,1.37661981,0.09720462,-0.21455625,0.23993788,9.74537878,-1.19752581,0.87316351,6.52271177,4
117.37869195,31.96317213,41.57485688,0.65420349,131.04792120,41.57385688,149.95081407,-1.37096777,-0.43986570,1.95870490,-1.40145459,1.36835188,0.09452067,-0.25428805,0.17004550,9.72504975,-1.40218830,0.93004746,6.82021135,4
117.37869247,31.96317135,41.57440937,0.56763376,131.09828827,41.57340937,149.66178203,-1.44331953,-0.41297158,1.94232795,-1.38219354,1.36427496,0.09263748,-0.28048464,0.22200386,9.85372661,-0.98726026,0.69916584,7.25181116,4
117.37869300,31.96317057,41.57383719,0.48132760,131.14909646,41.57283719,149.36291166,-1.50884830,-0.38897469,1.91911558,-1.35779434,1.35577622,0.09059384,-0.32702706,0.27931949,9.92547838,-0.60935754,0.42031585,7.77575217,4
117.37869353,31.96316979,41.57300285,0.39529630,131.20035899,41.57200285,149.05421970,-1.56378306,-0.37179081,1.88006522,-1.32161545,1.33698054,0.08801402,-0.41950586,0.31727567,9.84081978,-0.46428920,0.11334557,8.45911979,4
117.37869405,31.96316902,41.57219037,0.30955143,131.25208888,41.57119037,148.73571513,-1.60376192,-0.35922934,1.83924501,-1.28386788,1.31719030,0.08547647,-0.49513232,0.32599123,9.72361606,-0.35873659,-0.26853845,9.14169719,4
117.37869460,31.96316825,41.57160626,0.22410476,131.30429897,41.57060626,148.40740804,-1.61455088,-0.35332078,1.80472236,-1.25019018,1.30187464,0.08339987,-0.49913578,0.27671520,9.63211085,-0.19319248,-0.81346535,9.71579938,4
117.37869514,31.96316747,41.57113908,0.13896835,131.35700189,41.57013908,148.06931874,-1.60618096,-0.35310685,1.77164875,-1.21732371,1.28748752,0.08162330,-0.46767205,0.22831129,9.59641669,-0.01466039,-1.30099374,10.17342119,4
117.37869568,31.96316670,41.57067989,0.05415446,131.41021003,41.56967989,147.72147641,-1.58231354,-0.36067444,1.73302622,-1.18043389,1.26887648,0.08006054,-0.43623145,0.26949945,9.68924140,0.10574998,-1.36593852,10.44005165,4
117.37869623,31.96316594,41.57013442,-0.03032442,131.46393554,41.56913442,147.36391116,-1.54579723,-0.37131547,1.69429043,-1.14335471,1.25001401,0.07878524,-0.41405777,0.36467964,9.85383206,0.17463235,-1.09700024,10.55123478,4
117.37869680,31.96316519,41.56924757,-0.11445555,131.51819033,41.56824757,146.99665011,-1.50232174,-0.37047877,1.67432482,-1.11935500,1.24469362,0.07808594,-0.41728697,0.38123166,9.90186743,0.23120715,-0.85214533,10.62176008,4
117.37869738,31.96316444,41.56799038,-0.19822596,131.57298604,41.56699038,146.61972210,-1.45238130,-0.35634317,1.67531489,-1.10998685,1.25449757,0.07798913,-0.44707999,0.30211935,9.80815900,0.28383079,-0.68503879,10.67040356,4
117.37869796,31.96316369,41.56681788,-0.28162246,131.62833406,41.56581788,146.23316392,-1.39183639,-0.34532197,1.66895290,-1.09583704,1.25851326,0.07769846,-0.45547732,0.24865917,9.72358872,0.40264500,-0.58459039,10.76490436,4
117.37869857,31.96316294,41.56589626,-0.36463163,131.68424549,41.56489626,145.83702026,-1.31345638,-0.34344813,1.64368048,-1.06912861,1.24799584,0.07689626,-0.41770952,0.26697512,9.69230289,0.64415369,-0.58662656,10.94934038,4
117.37869917,31.96316221,41.56492703,-0.44723984,131.74073115,41.56392703,145.43133969,-1.22340029,-0.33798666,1.62567394,-1.04713887,1.24295948,0.07641979,-0.36561791,0.31043282,9.69824521,0.87305621,-0.49222524,11.16347497,4
117.37869978,31.96316148,41.56376240,-0.52943325,131.79780153,41.56276240,145.01617362,-1.11336965,-0.32121949,1.63071068,-1.04021582,1.25539736,0.07685762,-0.29756835,0.38518291,9.76924035,1.03019790,-0.14448932,11.41269765,4
117.37870042,31.96316077,41.56252071,-0.61119785,131.85546682,41.56152071,144.59157906,-1.00101366,-0.29851722,1.64173490,-1.03713004,1.27238192,0.07745824,-0.23856877,0.44987066,9.85912228,1.10836919,0.33302647,11.69271633,4
117.37870105,31.96316005,41.56126813,-0.69251938,131.91373688,41.56026813,144.15762187,-0.90734337,-0.26991933,1.64299278,-1.02738237,1.28198231,0.07740471,-0.23339010,0.43642111,9.92850376,1.00184828,0.93120009,12.03515229,4
117.37870170,31.96315933,41.56001270,-0.77338345,131.97262122,41.55901270,143.71437966,-0.83271752,-0.23600218,1.63378819,-1.01052162,1.28367175,0.07667492,-0.28146950,0.34539333,9.97515253,0.71819888,1.63662647,12.43724116,4
117.37870236,31.96315863,41.55877753,-0.85377549,132.03212897,41.55777753,143.26194323,-0.75885523,-0.19312564,1.62940234,-0.99627505,1.28921017,0.07573224,-0.35958584,0.25168571,9.97451959,0.61731346,2.12913254,12.87976005,4
117.37870302,31.96315793,41.55758337,-0.93368078,132.09226888,41.55658337,142.80041344,-0.68055838,-0.13433554,1.63774962,-0.98938909,1.30477716,0.07458337,-0.47999542,0.17700254,9.88817032,0.93065275,2.16994595,13.38287052,4
117.37870368,31.96315722,41.55638906,-1.01308450,132.15304928,41.55538906,142.32989516,-0.60176526,-0.07719708,1.63768025,-0.97731291,1.31366282,0.07315260,-0.61146389,0.13088185,9.81874169,1.13753204,2.04220653,13.88001045,4
117.37870433,31.96315651,41.55517214,-1.09197167,132.21447811,41.55417214,141.85049386,-0.52399672,-0.03407326,1.60472142,-0.94523932,1.29647807,0.07097588,-0.75296897,0.16152574,9.84917932,0.78635344,1.65199926,14.32455833,4
117.37870499,31.96315581,41.55392299,-1.17032723,132.27656288,41.55292299,141.36231811,-0.44889540,-0.00271952,1.54502281,-0.89692525,1.25807106,0.06818518,-0.90071819,0.25105427,9.95790818,-0.00407981,1.04780580,14.72569635,4
117.37870565,31.96315511,41.55240698,-1.24813598,132.33931068,41.55140698,140.86548585,-0.40951190,0.02205164,1.48720446,-0.85011630,1.22062834,0.06529299,-1.01046285,0.26766014,10.00456881,-0.48166144,0.44721462,15.11654010,4
117.37870632,31.96315441,41.55042704,-1.32538263,132.40272815,41.54942704,140.36012780,-0.43274037,0.03852533,1.44042400,-0.81065749,1.19100771,0.06239785,-1.05096311,0.13794024,9.91857460,-0.27772381,-0.08532824,15.50154189,4
117.37870697,31.96315371,41.54832942,-1.40205186,132.46682149,41.54732942,139.84638361,-0.45211522,0.05054267,1.39091569,-0.76991857,1.15870890,0.05954689,-1.03648293,0.05789658,9.79998019,-0.05230373,-0.43491862,15.97502610,4
117.37870762,31.96315299,41.54616056,-1.47812827,132.53159640,41.54516056,139.32439397,-0.43214786,0.05538917,1.32941006,-0.72253283,1.11604989,0.05680963,-0.91793138,0.17113555,9.66325255,-0.09712401,-0.36080072,16.67132959,4
117.37870827,31.96315227,41.54401592,-1.55359640,132.59705814,41.54301592,138.79429667,-0.40318855,0.05920178,1.27046178,-0.67633217,1.07537678,0.05444511,-0.75757839,0.35127352,9.56301366,-0.32766009,-0.08473435,17.52034399,4
117.37870894,31.96315157,41.54210255,-1.62844078,132.66321149,41.54110255,138.25623142,-0.42186604,0.07386245,1.24500697,-0.64785850,1.06283036,0.05318394,-0.65876426,0.37870155,9.63015511,-0.67458891,0.05446191,18.46383178,4
117.37870963,31.96315088,41.54042272,-1.70264586,132.73006075,41.53942272,137.71034906,-0.49077686,0.09981390,1.25355127,-0.63740220,1.07886042,0.05300000,-0.62929415,0.23947229,9.86372178,-1.11355313,0.02328466,19.48182559,4
117.37871033,31.96315020,41.53852423,-1.77619613,132.79760974,41.53752423,137.15681559,-0.56972953,0.12655918,1.24712558,-0.61939831,1.08187167,0.05201707,-0.65711048,0.15795910,9.98866441,-1.32297462,0.10126212,20.30040464,4
117.37871102,31.96314951,41.53613354,-1.84907607,132.86586176,41.53513354,136.59580669,-0.65144428,0.15113191,1.20109034,-0.58114457,1.05075547,0.04916038,-0.77156710,0.24078149,9.85226505,-1.06468700,0.44280105,20.71419261,4
117.37871173,31.96314883,41.53391341,-1.92127023,132.93481961,41.53291341,136.02749867,-0.72503446,0.17969121,1.15334205,-0.54218958,1.01788699,0.04619492,-0.88887656,0.34446872,9.71170739,-0.76989570,0.76643416,20.93281169,4
117.37871246,31.96314817,41.53247762,-1.99276318,133.00448557,41.53147762,135.45206490,-0.77512817,0.22029009,1.12758765,-0.51495108,1.00322886,0.04419655,-0.95569236,0.39354429,9.73516307,-0.69137266,0.86578989,20.90335060,4
117.37871319,31.96314752,41.53159510,-2.06353954,133.07486143,41.53059510,134.86967964,-0.80894734,0.26924010,1.11734208,-0.49600471,1.00139316,0.04288536,-0.98585345,0.40195105,9.87548680,-0.76923991,0.80476732,20.70521390,4
117.37871392,31.96314687,41.53063730,-2.13358400,133.14594846,41.52963730,134.28052379,-0.85711926,0.31097451,1.08667939,-0.46887518,0.98045268,0.04094382,-0.98825816,0.35948175,9.96961875,-0.85715419,0.70263805,20.57396499,4
117.37871466,31.96314622,41.52941860,-2.20288133,133.21774740,41.52841860,133.68478709,-0.93320953,0.33862798,1.01817033,-0.42606964,0.92451146,0.03778293,-0.95334097,0.24211592,9.95810069,-0.92354281,0.57120892,20.59556602,4
117.37871541,31.96314557,41.52825626,-2.27141639,133.29025850,41.52725626,133.08266554,-1.01140337,0.36914451,0.96084176,-0.38836732,0.87846116,0.03496512,-0.93255909,0.16254685,9.93678382,-0.95064409,0.46486444,20.64354598,4
117.37871617,31.96314494,41.52732214,-2.33917416,133.36348145,41.52632214,132.47435548,-1.08359012,0.41153101,0.94336265,-0.36824503,0.86824577,0.03339291,-0.95808943,0.19725725,9.93391439,-0.89716852,0.42654799,20.69242064,4
117.37871696,31.96314431,41.52652537,-2.40613976,133.43741544,41.52552537,131.86004907,-1.15134271,0.45971627,0.94608793,-0.35719833,0.87610981,0.03246007,-1.00825926,0.29166490,9.93557215,-0.79877549,0.41433957,20.74160478,4
117.37871774,31.96314369,41.52588640,-2.47229839,133.51205912,41.52488640,131.23993632,-1.20341591,0.49718357,0.92321100,-0.33713960,0.85969084,0.03083706,-1.04496822,0.33734336,9.85748138,-0.69498748,0.24048063,20.78818298,4
117.37871849,31.96314306,41.52544637,-2.53763542,133.58741065,41.52444637,130.61421171,-1.23409316,0.51846694,0.86054393,-0.30272700,0.80572377,0.02812460,-1.05828710,0.30354716,9.66575638,-0.59148545,-0.16670500,20.83102381,4
117.37871927,31.96314244,41.52557245,-2.60213637,133.66346766,41.52457245,129.98307961,-1.25125257,0.54093219,0.81036107,-0.27301273,0.76313391,0.02590599,-1.06722283,0.28015085,9.52822925,-0.43745334,-0.50366065,20.85587178,4
117.37872007,31.96314184,41.52683986,-2.66578692,133.74022729,41.52583986,129.34675231,-1.24639607,0.57100178,0.79929131,-0.25782723,0.75659290,0.02508202,-1.07420318,0.30392906,9.54184377,-0.17592313,-0.61757283,20.84361790,4
117.37872091,31.96314126,41.52872416,-2.72857299,133.81768612,41.52772416,128.70544057,-1.22941648,0.60493544,0.80852327,-0.25022373,0.76874251,0.02498792,-1.07942358,0.35216023,9.63647381,0.14056977,-0.61326501,20.81210652,4
117.37872174,31.96314068,41.53117359,-2.79048068,133.89584025,41.53017359,128.05934525,-1.18986534,0.62975991,0.79370732,-0.23585037,0.75764366,0.02434821,-1.04710980,0.36952885,9.77125176,0.34650579,-0.61865358,20.80350884,4
117.37872255,31.96314010,41.53430670,-2.85149628,133.97468529,41.53330670,127.40865800,-1.12109920,0.64145844,0.74270939,-0.21100805,0.71170778,0.02284665,-0.96341234,0.34070295,9.94894368,0.39191527,-0.65537212,20.82937533,4
117.37872338,31.96313953,41.53724947,-2.91160627,134.05421634,41.53624947,126.75356879,-1.05515294,0.65721631,0.70609578,-0.19018431,0.67956280,0.02171712,-0.89468923,0.33252338,10.06432269,0.39310629,-0.63257624,20.86563358,4
117.37872424,31.96313900,41.53955076,-2.97079735,134.13442805,41.53855076,126.09427083,-1.00425793,0.68622868,0.71345051,-0.18174930,0.68961504,0.02170330,-0.87572607,0.38578357,10.02231617,0.33812454,-0.46227439,20.91603952,4
117.37872512,31.96313847,41.54145435,-3.02905646,134.21531460,41.54045435,125.43095783,-0.96269505,0.72346886,0.74808711,-0.18100000,0.72585060,0.02238174,-0.88763484,0.47717214,9.88265155,0.24828222,-0.20042757,20.97523025,4
117.37872600,31.96313796,41.54321328,-3.08637075,134.29686967,41.54221328,124.76381812,-0.92281287,0.75380015,0.75590239,-0.17409403,0.73569847,0.02235562,-0.90483350,0.51801447,9.81594846,0.17844771,-0.04677051,21.03463011,4
117.37872688,31.96313744,41.54481177,-3.14272762,134.37908654,41.54381177,124.09303256,-0.88410590,0.77247403,0.71917738,-0.15675679,0.70182241,0.02116316,-0.92547221,0.47686808,9.87387250,0.14399281,-0.07008394,21.09303624,4
117.37872777,31.96313693,41.54629518,-3.19811469,134.46195802,41.54529518,123.41877750,-0.84525642,0.78934606,0.67625221,-0.13780661,0.66184257,0.01979535,-0.94746034,0.41439169,9.94730706,0.13377013,-0.14948034,21.15161720,4
117.37872868,31.96313645,41.54739896,-3.25251983,134.54547649,41.54639896,122.74122845,-0.80376508,0.81447615,0.66852931,-0.12621154,0.65632724,0.01927803,-0.97151466,0.36241564,9.91213387,0.20128971,-0.26116488,21.21275309,4
117.37872960,31.96313599,41.54815111,-3.30593116,134.62963391,41.54715111,122.06056253,-0.75978217,0.84752670,0.69446892,-0.12166888,0.68377114,0.01957555,-0.99744003,0.32168884,9.77332427,0.34079795,-0.39989128,21.27629785,4
117.37873053,31.96313554,41.54860404,-3.35833708,134.71442184,41.54760404,121.37695905,-0.71830589,0.87641181,0.70924396,-0.11550817,0.70000594,0.01966354,-1.01249923,0.30854812,9.67743295,0.39879169,-0.47226917,21.33173418,4
117.37873145,31.96313510,41.54834567,-3.40972625,134.79983142,41.54734567,120.69059679,-0.68391759,0.89273172,0.68775480,-0.10363974,0.68000600,0.01903287,-0.99868448,0.36538509,9.71558976,0.22813541,-0.36509703,21.36541510,4
117.37873238,31.96313464,41.54762025,-3.46008764,134.88585340,41.54662025,120.00164757,-0.65418989,0.90079747,0.64245571,-0.08802532,0.63621520,0.01793038,-0.96591140,0.46816452,9.84176579,-0.09263915,-0.14003803,21.38480379,4
117.37873333,31.96313421,41.54700631,-3.50941050,134.97247815,41.54600631,119.31027157,-0.64134478,0.92068933,0.62803614,-0.07645960,0.62302350,0.01743170,-0.94033498,0.49524565,9.87476737,-0.31159563,0.08729657,21.39966434,4
117.37873427,31.96313382,41.54659250,-3.55768436,135.05969568,41.54559250,118.61662112,-0.65208558,0.95813504,0.65964492,-0.07098329,0.65545993,0.01783357,-0.92668003,0.41060074,9.76743956,-0.37241298,0.30737111,21.40936465,4
117.37873524,31.96313343,41.54624139,-3.60489901,135.14749565,41.54524139,117.92085118,-0.67020599,1.00106687,0.70565290,-0.06741396,0.70217011,0.01851720,-0.91675909,0.29100589,9.61621435,-0.38372370,0.52512735,21.41744788,4
117.37873621,31.96313304,41.54618349,-3.65104457,135.23586738,41.54518349,117.22312508,-0.66078562,1.03807437,0.71973018,-0.06066374,0.71695093,0.01848608,-0.91263991,0.19312770,9.53093478,-0.22903951,0.74424899,21.47329180,4
117.37873716,31.96313264,41.54646865,-3.69611147,135.32479985,41.54546865,116.52360959,-0.61842414,1.06778859,0.69530265,-0.05005170,0.69323533,0.01759520,-0.91517488,0.12278622,9.52593695,0.11913350,0.96512383,21.58566205,4
117.37873813,31.96313225,41.54682438,-3.74009048,135.41428169,41.54582438,115.82246725,-0.56950149,1.09611876,0.66339926,-0.03867815,0.66204376,0.01653681,-0.91935512,0.05846238,9.53805258,0.50238339,1.18463538,21.70909368,4
117.37873911,31.96313189,41.54733948,-3.78297269,135.50430125,41.54633948,115.11985563,-0.53043835,1.13595566,0.66686808,-0.02921552,0.66602908,0.01619015,-0.95961074,0.04656556,9.65727831,0.41674591,1.20519348,21.79314253,4
117.37874009,31.96313155,41.54799796,-3.82474955,135.59484654,41.54699796,114.41593141,-0.50059083,1.18634386,0.70288570,-0.02152347,0.70238468,0.01649898,-1.03277140,0.08238468,9.87382339,-0.09836919,1.04401536,21.84085713,4
117.37874108,31.96313121,41.54866120,-3.86541284,135.68590530,41.54766120,113.71085339,-0.47107658,1.23708184,0.74002723,-0.01389619,0.73985782,0.01683060,-1.10705446,0.11985782,10.09368796,-0.62829919,0.87654687,21.88728403,4
117.37874206,31.96313088,41.54898355,-3.90495470,135.77746496,41.54798355,113.00478337,-0.45512984,1.26975238,0.73030835,-0.00573876,0.73030012,0.01627971,-1.14618399,0.10495963,10.18399167,-0.59213065,0.65790293,21.88563838,4
117.37874305,31.96313053,41.54899980,-3.94336764,135.86951269,41.54799980,112.29788504,-0.45136575,1.28620039,0.67850790,0.00289529,0.67850780,0.01493629,-1.15374802,0.04303070,10.15795485,-0.04760002,0.39328886,21.84082317,4
117.37874404,31.96313019,41.54902484,-3.98064459,135.96203538,41.54802484,111.59032085,-0.44755113,1.30266151,0.62769817,0.01157473,0.62768575,0.01361609,-1.15924812,-0.01617240,10.12082664,0.48179297,0.14500104,21.79628243,4
117.37874503,31.96312988,41.54940354,-4.01677881,136.05501967,41.54840354,110.88224638,-0.43391293,1.33146769,0.62224671,0.02057220,0.62204494,0.01321413,-1.15892093,-0.00163251,10.01240369,0.41782434,0.16281406,21.78772831,4
117.37874603,31.96312958,41.55005825,-4.05176398,136.14845196,41.54905825,110.17380445,-0.41260694,1.36990752,0.65220854,0.02981547,0.65167942,0.01352912,-1.15406314,0.07046555,9.84843795,-0.10935578,0.38827037,21.80727657,4
117.37874704,31.96312929,41.55070805,-4.08559411,136.24231840,41.54970805,109.46512367,-0.39169573,1.40818872,0.68175837,0.03898920,0.68089342,0.01383765,-1.14891112,0.14134909,9.68886945,-0.63246084,0.61198944,21.82634760,4
117.37874804,31.96312899,41.55099476,-4.11826359,136.33660497,41.54999476,108.75632213,-0.38978728,1.43451543,0.67130177,0.04573291,0.66990350,0.01339604,-1.13681647,0.12871640,9.72014612,-0.68031526,0.62557890,21.80837889,4
117.37874904,31.96312869,41.55100000,-4.14976710,136.43129742,41.55000000,108.04751170,-0.40260945,1.45157535,0.62983280,0.05059296,0.62774810,0.01237293,-1.11933994,0.05134328,9.89936294,-0.35976364,0.47627950,21.76169750,4
117.37875004,31.96312839,41.55102132,-4.18009971,136.52638138,41.55002132,107.33879616,-0.41322046,1.46979989,0.59295117,0.05586699,0.59015873,0.01142861,-1.10335032,-0.01961543,10.06501044,-0.06037071,0.32763093,21.71789790,4
117.37875105,31.96312812,41.55121995,-4.20925678,136.62184227,41.55021995,106.63026216,-0.40319451,1.49917862,0.59892137,0.06488515,0.59526624,0.01122701,-1.10051903,-0.02738917,10.09532746,0.00677905,0.20927629,21.70240182,4
117.37875208,31.96312789,41.55154180,-4.23723398,136.71766540,41.55054180,105.92197132,-0.37882287,1.53630750,0.63468209,0.07650495,0.63005668,0.01154180,-1.10683609,0.00876570,10.03155552,-0.08754131,0.11200050,21.70658526,4
117.37875311,31.96312766,41.55187073,-4.26402723,136.81383597,41.55087073,105.21396411,-0.35474917,1.57317568,0.66986895,0.08802526,0.66427114,0.01184677,-1.11330917,0.04579833,9.96617639,-0.18603629,0.01766645,21.71135305,4
117.37875413,31.96312743,41.55239992,-4.28963268,136.91033906,41.55139992,104.50627229,-0.35245452,1.59473343,0.66134688,0.09391089,0.65475098,0.01139348,-1.11957010,0.08706619,9.90290167,-0.33732772,0.02410271,21.72544271,4
117.37875515,31.96312719,41.55307503,-4.31404672,137.00715967,41.55207503,103.79892812,-0.36603822,1.60512552,0.62096038,0.09568758,0.61334783,0.01038745,-1.12567531,0.13141480,9.84117181,-0.52708484,0.10400419,21.74632608,4
117.37875617,31.96312695,41.55375101,-4.33726597,137.10428271,41.55275101,103.09196384,-0.37846484,1.61668290,0.58366106,0.09799274,0.57498104,0.00942697,-1.12949895,0.17610623,9.78175715,-0.69047512,0.19770698,21.76722804,4
117.37875719,31.96312674,41.55440393,-4.35928728,137.20169298,41.55340393,102.38540560,-0.37131005,1.64682427,0.59579648,0.10845513,0.58536925,0.00921543,-1.10293419,0.22482298,9.75247924,-0.49271477,0.45669010,21.78670062,4
117.37875824,31.96312658,41.55504086,-4.38010775,137.29937525,41.55404086,101.67927109,-0.35065174,1.68977823,0.64202337,0.12454184,0.62938038,0.00952042,-1.05541534,0.27630937,9.74398929,-0.04591023,0.82962571,21.80518483,4
117.37875927,31.96312643,41.55567710,-4.39972468,137.39731418,41.55467710,100.97357231,-0.32965557,1.73304306,0.68910569,0.14076615,0.67423583,0.00983855,-1.00737866,0.32784542,9.73603620,0.40709797,1.20532984,21.82363601,4
117.37876031,31.96312627,41.55614983,-4.41813558,137.49549442,41.55514983,100.26831817,-0.27937156,1.76518922,0.69028939,0.14795462,0.67403038,0.00963252,-1.02503965,0.28491367,9.73517027,0.52479073,1.25877213,21.80177695,4
117.37876135,31.96312610,41.55649330,-4.43533819,137.59390055,41.55549330,99.56351455,-0.20590362,1.78854501,0.65515751,0.14799533,0.63817188,0.00901174,-1.09468568,0.16722800,9.73991164,0.37720102,1.05724632,21.74801895,4
117.37876239,31.96312594,41.55682447,-4.45133044,137.69251712,41.55582447,98.85916430,-0.13019769,1.81106357,0.61653768,0.14735107,0.59888876,0.00835107,-1.16932891,0.04235252,9.74519143,0.20415628,0.83124201,21.69119215,4
117.37876343,31.96312581,41.55714843,-4.46611047,137.79132866,41.55614843,98.15526868,-0.10277603,1.83858540,0.61075446,0.15419243,0.59129260,0.00803599,-1.25286377,0.07384014,9.72058412,-0.19459897,0.53343390,21.66675866,4
117.37876448,31.96312569,41.55746682,-4.47967661,137.89031967,41.55646682,97.45182791,-0.11442449,1.87016640,0.63158123,0.16709725,0.60937613,0.00800107,-1.34347717,0.23184375,9.67181291,-0.77522359,0.17811541,21.66856938,4
117.37876553,31.96312559,41.55778457,-4.49202742,137.98947466,41.55678457,96.74883725,-0.13079756,1.90224143,0.65562721,0.18073645,0.63056610,0.00800000,-1.43495575,0.40515901,9.62011532,-1.37789573,-0.18419275,21.67355310,4
117.37876659,31.96312548,41.55855690,-4.50316163,138.08877812,41.55740821,96.04628140,-0.18240769,1.91690719,0.64369906,0.18376368,0.61718829,0.00770263,-1.44848501,0.44580168,9.64127470,-1.69090816,-0.51514120,21.66747346,4
117.37876764,31.96312535,41.55978804,-4.51307814,138.18821453,41.55834064,95.34413527,-0.26942761,1.91399916,0.59537570,0.17606332,0.56883718,0.00710520,-1.38335719,0.35213213,9.73602882,-1.71110242,-0.81432079,21.65013097,4
117.37876868,31.96312524,41.56113260,-4.52177601,138.28776838,41.55934944,94.64237403,-0.36519749,1.90677072,0.53808151,0.16572238,0.51186466,0.00643370,-1.29886328,0.22540334,9.84892124,-1.65934670,-1.10585766,21.63001106,4
117.37876974,31.96312514,41.56245081,-4.52925446,138.38742419,41.56048622,93.94098181,-0.43675446,1.91270289,0.52645905,0.16957727,0.49820189,0.00621895,-1.25118243,0.12890787,9.95761061,-1.45766174,-1.23918323,21.62267964,4
117.37877079,31.96312508,41.56373917,-4.53551291,138.48716650,41.56174061,93.23994660,-0.48504497,1.93125942,0.55839306,0.18696368,0.52584810,0.00643912,-1.23912959,0.06240765,10.06154599,-1.11732988,-1.22326812,21.62755605,4
117.37877185,31.96312504,41.56502134,-4.54055093,138.58697985,41.56302134,92.53924570,-0.52821497,1.95260748,0.59994895,0.20734148,0.56261892,0.00675533,-1.23493598,0.00250759,10.16446271,-0.74630009,-1.17441232,21.63512805,4
117.37877290,31.96312500,41.56606045,-4.54436826,138.68684880,41.56406045,91.83883813,-0.57591244,1.96369876,0.61152375,0.21732799,0.57127343,0.00668966,-1.22843404,-0.00923051,10.18543007,-0.76728330,-1.18498292,21.64487746,4
117.37877397,31.96312495,41.56681603,-4.54696476,138.78675792,41.56481603,91.13867402,-0.62914986,1.96267417,0.58761126,0.21503153,0.54664306,0.00617337,-1.21883336,0.03489779,10.11081093,-1.24733101,-1.26660465,21.65702697,4
117.37877503,31.96312490,41.56748328,-4.54834039,138.88669181,41.56548328,90.43871135,-0.68411261,1.95787537,0.55264428,0.20890880,0.51164428,0.00551672,-1.20826745,0.09642874,10.00641612,-1.87037864,-1.37035896,21.66992405,4
117.37877609,31.96312489,41.56813076,-4.54849524,138.98663507,41.56613076,89.73892207,-0.74916433,1.96385444,0.54991448,0.21514081,0.50617593,0.00510738,-1.17921429,0.11430797,9.90981182,-2.00912373,-1.38859826,21.66278461,4
117.37877714,31.96312491,41.56875937,-4.54742959,139.08657233,41.56675937,89.03928304,-0.82630129,1.98305101,0.58670343,0.23649603,0.53692140,0.00500429,-1.12790319,0.07854111,9.82426283,-1.55547616,-1.30241037,21.63142439,4
117.37877820,31.96312494,41.56938201,-4.54514386,139.18648821,41.56738201,88.33976520,-0.90735286,2.00651654,0.63625215,0.26273560,0.57935898,0.00500000,-1.06939966,0.02545577,9.74226513,-0.91057608,-1.18250723,21.59224210,4
117.37877925,31.96312499,41.57008932,-4.54163860,139.28636739,41.56808932,87.64033456,-0.95862335,2.02910047,0.67070924,0.28303407,0.60790991,0.00500000,-1.00535425,0.00611683,9.71499614,-0.43863850,-0.90459310,21.58050284,4
117.37878032,31.96312503,41.57096620,-4.53691451,139.38619453,41.56896620,86.94096234,-0.94998937,2.04954438,0.67387257,0.29102304,0.60767091,0.00500000,-0.93087125,0.05576353,9.79686103,-0.32928087,-0.31373727,21.62431944,4
117.37878138,31.96312508,41.57191926,-4.53097246,139.48595436,41.56991926,86.24163174,-0.91442848,2.06902489,0.66296892,0.29347826,0.59449065,0.00500000,-0.85170168,0.13641633,9.92777670,-0.38291319,0.41774701,21.69310575,4
117.37878243,31.96312516,41.57286431,-4.52381346,139.58563160,41.57086431,85.54233514,-0.89001853,2.09527117,0.66414328,0.30166662,0.59186437,0.00490028,-0.79265834,0.19329293,10.02079582,-0.49774633,1.07248624,21.77101927,4
117.37878348,31.96312527,41.57377351,-4.51543875,139.68521104,41.57177351,84.84306795,-0.90520685,2.14352951,0.70622990,0.32912531,0.62507292,0.00447799,-0.79932948,0.16919883,9.98480540,-0.78918421,1.46056566,21.87518566,4
117.37878454,31.96312539,41.57466451,-4.50584972,139.78467748,41.57266451,84.14382665,-0.94069019,2.20307720,0.76929009,0.36646438,0.67665142,0.00389032,-0.83967727,0.10360669,9.88269716,-1.17117923,1.71207006,21.99282538,4
117.37878560,31.96312553,41.57555496,-4.49504796,139.88401578,41.57355496,83.44461129,-0.97690152,2.26303367,0.83310514,0.40415978,0.72889072,0.00329670,-0.88123126,0.03652669,9.77821856,-1.55644405,1.95872266,22.11095743,4
117.37878665,31.96312566,41.57662920,-4.48303526,139.98321085,41.57462920,82.74542597,-1.00631472,2.31356370,0.84474096,0.41704460,0.73499019,0.00252434,-0.97474359,0.06135446,9.68055061,-1.56916609,2.06663952,22.17244469,4
117.37878770,31.96312579,41.57783654,-4.46981360,140.08224766,41.57583654,82.04627535,-1.03079293,2.35724894,0.81853780,0.41193608,0.70763109,0.00162253,-1.10591523,0.15282287,9.58783941,-1.31174316,2.07393467,22.19284562,4
117.37878875,31.96312593,41.57905987,-4.45538516,140.18111118,41.57705987,81.34716256,-1.05466737,2.40009526,0.78773841,0.40464081,0.67620848,0.00070511,-1.24164499,0.25237898,9.49574518,-1.02151714,2.06899558,22.20824831,4
117.37878980,31.96312608,41.57981402,-4.43975230,140.27978645,41.57781402,80.64809216,-1.06486867,2.44485552,0.77354725,0.40566006,0.65898367,-0.00009151,-1.35561748,0.24315428,9.45320227,-0.69899403,1.74168857,22.21986975,4
117.37879084,31.96312625,41.57999626,-4.42291761,140.37825858,41.57799626,79.94907451,-1.05843010,2.49197257,0.77970654,0.41686494,0.65915887,-0.00074063,-1.44297568,0.10120339,9.47100260,-0.33795658,1.02197201,22.22701596,4
117.37879187,31.96312643,41.58000000,-4.40488384,140.47651271,41.57800000,79.25012763,-1.04679807,2.53982326,0.79221747,0.43124853,0.66476504,-0.00134369,-1.52202324,-0.08216880,9.50763686,0.03508709,0.17980453,22.23276504,4
117.37879291,31.96312659,41.57959561,-4.38565400,140.57453405,41.57759561,78.55127536,-1.01871768,2.57651492,0.79007541,0.43723494,0.65825969,-0.00172311,-1.58021904,-0.21508142,9.57447202,0.33762777,-0.63299175,22.21973165,4
117.37879396,31.96312675,41.57792097,-4.36523130,140.67230789,41.57592097,77.85254327,-0.93930790,2.57812311,0.74149312,0.41664065,0.61335528,-0.00140329,-1.57349070,-0.18683511,9.73494743,0.41805074,-1.34577648,22.14779367,4
117.37879501,31.96312691,41.57565743,-4.34361919,140.76981957,41.57365743,77.15395558,-0.83610271,2.56346308,0.67138021,0.38372250,0.55064867,-0.00075926,-1.53665771,-0.08386197,9.93883164,0.39547242,-2.01213338,22.04854712,4
117.37879605,31.96312707,41.57335521,-4.32082134,140.86705452,41.57135521,76.45553561,-0.74446863,2.55037238,0.61369694,0.35787431,0.49815385,-0.00019010,-1.48962535,0.01190798,10.11315497,0.32896349,-2.57709510,21.94710791,4
117.37879709,31.96312727,41.57091710,-4.29684161,140.96399824,41.56891710,75.75731125,-0.70971118,2.54606739,0.61679055,0.36660426,0.49559931,-0.00000293,-1.39662178,0.06735716,10.14358658,0.06229443,-2.66454867,21.83747293,4
117.37879811,31.96312748,41.56841345,-4.27168411,141.06063634,41.56641345,75.05932191,-0.70238698,2.54600000,0.64919850,0.39201216,0.51713234,0.00000000,-1.28144527,0.10335837,10.10461516,-0.30091667,-2.52168669,21.72388520,4
117.37879914,31.96312771,41.56590880,-4.24535319,141.15695453,41.56390880,74.36161991,-0.69549922,2.54600000,0.68207191,0.41768473,0.53904794,0.00000000,-1.16591871,0.13904950,10.06454090,-0.66565501,-2.37516520,21.61023711,4
117.37880016,31.96312792,41.56418918,-4.21785346,141.25293864,41.56218918,73.66426622,-0.69222801,2.54204320,0.68433743,0.42489830,0.53639324,-0.00020825,-1.02527052,0.14085470,9.88021280,-0.44115634,-1.96322960,21.56896551,4
117.37880119,31.96312814,41.56288879,-4.18918980,141.34857466,41.56088879,72.96732378,-0.69088902,2.53597109,0.67024553,0.42224807,0.52060694,-0.00052784,-0.87117221,0.12455052,9.61875910,0.09828757,-1.40937727,21.56636699,4
117.37880222,31.96312837,41.56159860,-4.15936733,141.44384867,41.55959860,72.27085491,-0.68959860,2.52984333,0.65573420,0.41934684,0.50448245,-0.00085035,-0.71668188,0.10778174,9.35526325,0.64589597,-0.85174316,21.56474825,4
117.37880323,31.96312863,41.56088524,-4.12839147,141.53874695,41.55888524,71.57492621,-0.63978834,2.54965877,0.69337936,0.45057422,0.52722680,-0.00098532,-0.66053237,0.09122154,9.43426774,0.76473630,-0.36630395,21.65879742,4
117.37880424,31.96312894,41.56054230,-4.09626786,141.63325591,41.55854230,70.87961575,-0.55881150,2.58613862,0.76452802,0.50372477,0.57493906,-0.00099982,-0.66754747,0.07479656,9.73327366,0.60814733,0.07276596,21.81429423,4
117.37880523,31.96312927,41.56024337,-4.06300243,141.72736217,41.55824337,70.18501487,-0.47411783,2.62460492,0.83967009,0.55948932,0.62562665,-0.00100000,-0.68207474,0.05838549,10.05848044,0.41878500,0.50637955,21.97711854,4
117.37880621,31.96312961,41.55963156,-4.02860144,141.82105250,41.55763156,69.49122187,-0.41331372,2.66053458,0.88443573,0.59561359,0.65322398,-0.00110410,-0.73193680,0.07689072,10.22398856,0.14772468,0.92105391,22.13429867,4
117.37880719,31.96312996,41.55856950,-3.99307139,141.91431391,41.55656950,68.79833253,-0.38689545,2.69278415,0.88549212,0.60347644,0.64759748,-0.00135775,-0.83242407,0.14555430,10.15961156,-0.24010932,1.30861177,22.28323732,4
117.37880816,31.96313031,41.55736434,-3.95641911,142.00713358,41.55536434,68.10643498,-0.37139530,2.72386832,0.87266662,0.60236434,0.63141855,-0.00165891,-0.94900037,0.23015530,10.02221661,-0.66507113,1.68759810,22.42957411,4
117.37880913,31.96313067,41.55623471,-3.91865166,142.09949891,41.55423471,67.41561285,-0.36856872,2.75668042,0.86402717,0.60413334,0.61811323,-0.00210643,-1.06612549,0.30600760,9.87863794,-1.06436560,1.93178628,22.56109276,4
117.37881009,31.96313106,41.55548955,-3.87977635,142.19139751,41.55348955,66.72595387,-0.42834400,2.79815532,0.87698613,0.62073466,0.61969102,-0.00328081,-1.18509953,0.33738592,9.70812129,-1.33362328,1.50440607,22.61883695,4
117.37881105,31.96313145,41.55490027,-3.83980075,142.28281720,41.55290027,66.03755572,-0.51346075,2.84312929,0.89868998,0.64333958,0.62729648,-0.00474933,-1.30479491,0.35074391,9.52673353,-1.55015051,0.80512271,22.64668727,4
117.37881201,31.96313185,41.55431223,-3.79873273,142.37374604,41.55231223,65.35052460,-0.59872687,2.88811453,0.92044755,0.66597921,0.63494103,-0.00621943,-1.42446152,0.36397487,9.34532247,-1.76625605,0.10417630,22.67432526,4
117.37881298,31.96313224,41.55438054,-3.75658038,142.46417234,41.55238054,64.66496947,-0.61377265,2.90750021,0.89687288,0.65520192,0.61181771,-0.00638811,-1.47404085,0.33901443,9.38574649,-1.19783020,-0.42595036,22.61934548,4
117.37881394,31.96313262,41.55492587,-3.71335211,142.55408467,41.55292587,63.98099965,-0.57778645,2.90828321,0.84034970,0.62013719,0.56633079,-0.00561100,-1.47268880,0.28629505,9.58739698,-0.05917060,-0.83199097,22.50431581,4
117.37881490,31.96313300,41.55555556,-3.66905656,142.64347185,41.55355556,63.29872822,-0.53277701,2.90577773,0.77799894,0.58077711,0.51688805,-0.00466665,-1.46233316,0.22866569,9.81755944,1.18035425,-1.21611758,22.37866454,4
117.37881586,31.96313340,41.55592468,-3.62370262,142.73232298,41.55392468,62.61827625,-0.47048198,2.90731414,0.75212710,0.56825243,0.49192966,-0.00411298,-1.42435662,0.20531114,9.98900202,1.61326981,-1.52118527,22.27878904,4
117.37881679,31.96313382,41.55599972,-3.57729948,142.82062747,41.55399972,61.93977343,-0.38876049,2.91342150,0.76739153,0.58598881,0.49458247,-0.00400042,-1.35530560,0.22060441,10.09411985,1.13674758,-1.73725456,22.20802001,4
117.37881773,31.96313425,41.55600000,-3.52985658,142.90837503,41.55400000,61.26335508,-0.30210576,2.92069042,0.79311192,0.61141649,0.50425390,-0.00400000,-1.27835966,0.24572105,10.18237141,0.42907438,-1.93068714,22.14465421,4
117.37881867,31.96313467,41.55587726,-3.48138363,142.99555566,41.55387726,60.58915694,-0.23533327,2.92440330,0.80902072,0.62922899,0.50771110,-0.00400000,-1.19589739,0.22659097,10.20716144,-0.19040542,-1.98498255,22.07496058,4
117.37881962,31.96313508,41.55537069,-3.43189061,143.08215971,41.55337069,59.91731022,-0.23079419,2.91698200,0.79412415,0.62313720,0.49165278,-0.00400000,-1.09627536,0.06897518,10.03368932,-0.53138695,-1.60442731,21.98539060,4
117.37882057,31.96313549,41.55473894,-3.38138772,143.16817785,41.55273894,59.24794351,-0.24652639,2.90593153,0.76918830,0.60925678,0.46923253,-0.00400000,-0.99103424,-0.13379885,9.79558204,-0.78174749,-1.08210702,21.88931955,4
117.37882149,31.96313592,41.55416779,-3.32988539,143.25360107,41.55216779,58.58119260,-0.25796533,2.89845744,0.75017285,0.60013013,0.45028011,-0.00405795,-0.89577420,-0.31375616,9.57969970,-0.96939622,-0.55658719,21.80474619,4
117.37882240,31.96313639,41.55424253,-3.27739430,143.33842072,41.55224253,57.91720783,-0.22331010,2.92887201,0.79405264,0.64147541,0.46821132,-0.00472708,-0.90632106,-0.25073545,9.60140509,-0.49833155,-0.00435928,21.84197799,4
117.37882329,31.96313688,41.55453371,-3.22392537,143.42262856,41.55253371,57.25615127,-0.17320250,2.97198854,0.85901652,0.69974128,0.49850547,-0.00560112,-0.95232561,-0.10628163,9.70272982,0.19355266,0.55691849,21.92003331,4
117.37882417,31.96313740,41.55482527,-3.16948978,143.50621669,41.55282527,56.59818819,-0.12297376,3.01508289,0.92385773,0.75790895,0.52872376,-0.00647349,-0.99840837,0.03820762,9.80389823,0.88265609,1.11655111,21.99872048,4
117.37882506,31.96313790,41.55512058,-3.11409894,143.58917763,41.55312058,55.94348303,-0.05199454,3.04455758,0.94527516,0.78066648,0.53329671,-0.00677855,-1.04913384,0.15331504,9.83260488,0.74131324,1.20450032,22.21582276,4
117.37882593,31.96313841,41.55541924,-3.05776450,143.67150430,41.55341924,55.29220091,0.03738327,3.06196195,0.92820318,0.77203805,0.51513786,-0.00658076,-1.10397842,0.24238687,9.79708331,-0.13615069,0.87435422,22.55563289,4
117.37882681,31.96313894,41.55571865,-3.00049834,143.75319002,41.55371865,54.64451069,0.13019987,3.07689403,0.90345255,0.75715082,0.49243734,-0.00628220,-1.15973605,0.32560371,9.74899634,-1.15657655,0.45817361,22.91763108,4
117.37882766,31.96313947,41.55601668,-2.94231255,143.83422854,41.55401668,54.00058773,0.20000985,3.08887101,0.88638545,0.74861908,0.47394632,-0.00604916,-1.22043746,0.36173276,9.73269541,-1.72284932,-0.07032389,23.07516943,4
117.37882852,31.96314001,41.55631077,-2.88321947,143.91461402,41.55431077,53.36061319,0.20525830,3.09255387,0.89087706,0.75791711,0.46727072,-0.00600000,-1.29497641,0.26577366,9.80555511,-1.01505390,-0.91359682,22.65916788,4
117.37882936,31.96314057,41.55660381,-2.82323164,143.99434106,41.55460381,52.72476721,0.19324382,3.09401905,0.90113332,0.77198284,0.46375429,-0.00600000,-1.37321702,0.13449354,9.90225698,0.03342880,-1.84105567,22.08979900,4
117.37883018,31.96314113,41.55690925,-2.76236183,144.07340470,41.55490925,52.09322177,0.18530667,3.09498201,0.91042512,0.78519733,0.45978290,-0.00598199,-1.44762034,0.00522595,9.99613106,1.06663734,-2.73225358,21.51881022,4
117.37883104,31.96314169,41.55762991,-2.70062298,144.15180039,41.55562991,51.46614154,0.31412964,3.07909999,0.88734960,0.76983213,0.44056310,-0.00536012,-1.39315437,-0.05623800,9.99494400,1.58511852,-2.40523060,20.89486329,4
117.37883188,31.96314223,41.55854596,-2.63802822,144.22952401,41.55654596,50.84368921,0.50732155,3.05528954,0.84903875,0.74101375,0.41416697,-0.00445404,-1.27802433,-0.08577175,9.94900248,1.86119649,-1.50471561,20.24606848,4
117.37883271,31.96314279,41.55947642,-2.57459082,144.30657189,41.55747642,50.22602945,0.70560205,3.03161171,0.81141522,0.71278734,0.38809071,-0.00354668,-1.15501355,-0.11144320,9.89438395,2.09062051,-0.55296956,19.60505546,4
117.37883355,31.96314338,41.56023155,-2.51032423,144.38294077,41.55823155,49.61332987,0.85365357,3.03249139,0.83149625,0.73518907,0.38904290,-0.00337375,-1.00517856,-0.13053989,9.75098801,1.85118763,0.08810330,19.21517507,4
117.37883435,31.96314398,41.56083518,-2.44524206,144.45862783,41.55883518,49.00575789,0.95830879,3.05458271,0.90141847,0.80131952,0.41334098,-0.00383518,-0.83218481,-0.14395619,9.53092043,1.20679408,0.46078389,19.04224025,4
117.37883513,31.96314459,41.56140838,-2.37935806,144.53363069,41.55940838,48.40347345,1.05482330,3.08047494,0.98002802,0.87506793,0.44170798,-0.00440838,-0.65599762,-0.15650077,9.30009344,0.49487878,0.78579210,18.90643838,4
117.37883591,31.96314521,41.56190593,-2.31268613,144.60794740,41.55990593,47.80662286,1.14438320,3.10557901,1.05040260,0.94152354,0.46614282,-0.00490593,-0.50509493,-0.17332472,9.15078488,-0.06871064,1.13724459,18.71275666,4
117.37883669,31.96314582,41.56200000,-2.24524024,144.68157640,41.56000000,47.21533942,1.19692279,3.12651035,1.07688701,0.96911676,0.46960640,-0.00500000,-0.48905085,-0.21303766,9.43677966,0.15930697,1.63051601,18.20954426,4
117.37883746,31.96314643,41.56200000,-2.17703447,144.75451656,41.56000000,46.62974804,1.24081155,3.14645980,1.09313155,0.98764125,0.46818145,-0.00500000,-0.50444041,-0.25806639,9.82408372,0.57169032,2.15661114,17.63443050,4
117.37883823,31.96314707,41.56197762,-2.10808293,144.82676712,41.55997762,46.04996723,1.28472168,3.16712500,1.11022570,1.00693641,0.46711730,-0.00503730,-0.52424743,-0.30249509,10.19630021,0.95759834,2.66085771,17.04806539,4
117.37883897,31.96314770,41.56156185,-2.03839981,144.89832772,41.55956185,45.47610763,1.32946642,3.20057922,1.14242259,1.03997101,0.47237989,-0.00573025,-0.62185674,-0.33684863,10.30738771,0.88248798,2.78659509,16.25793127,4
117.37883971,31.96314835,41.56080458,-1.96799933,144.96919838,41.55880458,44.90827138,1.37494322,3.24513863,1.18773252,1.08493558,0.48313427,-0.00699235,-0.78700651,-0.36246397,10.19186357,0.40725231,2.58385050,15.29081246,4
117.37884043,31.96314902,41.55999029,-1.89689569,145.03937948,41.55799029,44.34655026,1.42054375,3.29155346,1.23523307,1.13189326,0.49480584,-0.00834952,-0.96343712,-0.38662140,10.03850465,-0.13479683,2.32626179,14.29411519,4
117.37884114,31.96314968,41.55917422,-1.82510311,145.10887179,41.55717422,43.79102269,1.46217687,3.33606692,1.27942549,1.17576412,0.50522965,-0.00966019,-1.13088249,-0.40664108,9.88053478,-0.64960899,2.04651743,13.29143957,4
117.37884186,31.96315035,41.55833059,-1.75263575,145.17767640,41.55633059,43.24175438,1.43863671,3.34930005,1.26925663,1.16890551,0.49516151,-0.01020565,-1.15058762,-0.35873379,9.64720956,-0.71656259,1.40378539,12.19256788,4
117.37884257,31.96315102,41.55747830,-1.67950772,145.24579476,41.55547830,42.69880336,1.39433531,3.35256510,1.24176936,1.14588510,0.47856595,-0.01050724,-1.12321872,-0.28919147,9.38990975,-0.64081531,0.64549689,11.06320832,4
117.37884328,31.96315171,41.55662575,-1.60573305,145.31322864,41.55462575,42.16222461,1.35092509,3.35484644,1.21419330,1.12276034,0.46197190,-0.01077548,-1.09176162,-0.21992558,9.14076896,-0.54288657,-0.12147678,9.94450470,4
117.37884398,31.96315238,41.55577643,-1.53132567,145.37998013,41.55377643,41.63206885,1.34822990,3.35233769,1.20621548,1.11756180,0.45334861,-0.01076686,-1.04718316,-0.18172620,9.06130359,-0.23586685,-0.89960525,9.04374354,4
117.37884468,31.96315307,41.55493238,-1.45629945,145.44605163,41.55293238,41.10837778,1.41464548,3.34169730,1.23150231,1.14279057,0.45825279,-0.01028824,-0.98031906,-0.19624952,9.26983010,0.42616199,-1.69689282,8.51266812,4
117.37884536,31.96315375,41.55408909,-1.38066815,145.51144586,41.55208909,40.59118005,1.49335234,3.32961017,1.26270396,1.17343001,0.46556129,-0.00972605,-0.90948290,-0.22014267,9.52956270,1.15138939,-2.49773502,8.04717333,4
117.37884606,31.96315445,41.55321955,-1.30444536,145.57616579,41.55121955,40.08049147,1.56835742,3.31733348,1.29406256,1.20423861,0.47288948,-0.00916332,-0.83199178,-0.24461818,9.79572366,1.78503565,-3.20798387,7.60868982,4
117.37884674,31.96315513,41.55196803,-1.22764456,145.64021466,41.54996803,39.57632285,1.58909816,3.30230818,1.32765688,1.23746203,0.48049179,-0.00859381,-0.65734566,-0.27756202,10.15537082,1.07849379,-2.59234271,7.56596081,4
117.37884743,31.96315582,41.55055395,-1.15027907,145.70359596,41.54855395,39.07869065,1.58668345,3.28611510,1.36219426,1.27170505,0.48820863,-0.00802159,-0.44130928,-0.31410792,10.55478431,-0.19954000,-1.41128018,7.69207199,4
117.37884811,31.96315651,41.54911122,-1.07236208,145.76631344,41.54711122,38.58761730,1.57839029,3.27048913,1.39774774,1.30691655,0.49622813,-0.00751573,-0.22610744,-0.35185354,10.93417793,-1.51183768,-0.19669917,7.83368252,4
117.37884876,31.96315721,41.54747762,-0.99390665,145.82837111,41.54547762,38.10312300,1.51581370,3.26568773,1.44804166,1.35598440,0.50889947,-0.00806143,-0.09200104,-0.40280474,10.93271128,-2.41771842,0.60917742,7.93863398,4
117.37884939,31.96315793,41.54543699,-0.91492570,145.88977320,41.54343699,37.62522005,1.33771766,3.28391162,1.52972423,1.43455934,0.53147464,-0.01084451,-0.13033675,-0.48187972,10.12100401,-2.45952904,0.54605808,7.96565958,4
117.37885001,31.96315867,41.54332774,-0.83543198,145.95052419,41.54132774,37.15391167,1.13997579,3.30605871,1.61673065,1.51813824,0.55573097,-0.01400839,-0.19809629,-0.56572227,9.17131570,-2.35380305,0.33460610,7.97936967,4
117.37885061,31.96315940,41.54131494,-0.75543812,146.01062877,41.53931494,36.68919141,0.95001993,3.32776099,1.70159028,1.59971507,0.57923810,-0.01705958,-0.26440916,-0.64206001,8.26825900,-2.21222105,0.14232448,7.99310873,4
117.37885120,31.96316015,41.54067459,-0.67495653,146.07009182,41.53867459,36.23104418,0.87064720,3.34323086,1.75621424,1.65311368,0.59214548,-0.01851284,-0.31041826,-0.61097125,8.02934077,-1.55341323,0.22447512,8.00737227,4
117.37885179,31.96316090,41.54151446,-0.59399947,146.12891838,41.53951446,35.77944925,0.91053778,3.35197980,1.77823128,1.67612434,0.59362139,-0.01824278,-0.33453187,-0.46401674,8.50670736,-0.33671488,0.60261716,8.02220237,4
117.37885237,31.96316166,41.54257945,-0.51257899,146.18711368,41.54057945,35.33438070,0.96857960,3.35970095,1.79527108,1.69449538,0.59335514,-0.01771028,-0.35529912,-0.29947616,9.09298297,0.96443359,1.02568344,8.03711220,4
117.37885295,31.96316242,41.54363280,-0.43070696,146.24468309,41.54163280,34.89580427,1.02797767,3.36807954,1.81344459,1.71393543,0.59341649,-0.01722056,-0.37709074,-0.14631564,9.66551999,2.17251920,1.42210395,8.04802618,4
117.37885351,31.96316317,41.54451317,-0.34839504,146.30163212,41.54251317,34.46367397,1.10856035,3.38661240,1.84915008,1.74991985,0.59851478,-0.01738572,-0.41475334,-0.16725477,10.03004953,1.95661572,1.41109116,7.99756852,4
117.37885408,31.96316392,41.54530853,-0.26565467,146.35796638,41.54330853,34.03793104,1.19953461,3.41012836,1.89345878,1.79402259,0.60608533,-0.01787236,-0.46020349,-0.27366297,10.29242220,1.04165182,1.20005700,7.91698691,4
117.37885464,31.96316468,41.54609389,-0.18249706,146.41369159,41.54409389,33.61850652,1.29168381,3.43421282,1.93874800,1.83905004,0.61393896,-0.01839593,-0.50653987,-0.38989663,10.54295286,0.04633565,0.96601896,7.83295311,4
117.37885519,31.96316545,41.54682392,-0.09893316,146.46881353,41.54482392,33.20532703,1.37655313,3.45715256,1.98211490,1.88225568,0.62119446,-0.01893112,-0.55090998,-0.50191450,10.76836563,-0.90714685,0.73048247,7.74113913,4
117.37885575,31.96316622,41.54653556,-0.01497371,146.52333804,41.54453556,32.79831842,1.32738114,3.45906649,1.99019826,1.89203421,0.61743854,-0.01968377,-0.55919032,-0.53664465,10.53093335,-1.09285170,0.46600467,7.50509703,4
117.37885627,31.96316700,41.54600841,0.06937081,146.57727104,41.54400841,32.39740248,1.24678047,3.45605037,1.99000841,1.89397480,0.61110076,-0.02048741,-0.55900841,-0.55325230,10.18497873,-1.09852939,0.19474444,7.23524024,4
117.37885681,31.96316777,41.54547340,0.15409014,146.63061848,41.54347340,32.00248730,1.16571026,3.45288532,1.98969794,1.89579961,0.60472337,-0.02128871,-0.55808104,-0.56812347,9.83701634,-1.09398484,-0.07395213,6.96495928,4
117.37885735,31.96316855,41.54499588,0.23917430,146.68338629,41.54299588,31.61346240,1.10664672,3.45121655,1.99520209,1.90308789,0.60012653,-0.02197351,-0.54715136,-0.55793728,9.55531331,-1.02113178,-0.26890040,6.72091682,4
117.37885788,31.96316932,41.54469047,0.32461357,146.73558043,41.54269047,31.23020753,1.11342883,3.45402387,2.01809561,1.92671466,0.60085716,-0.02230953,-0.50630887,-0.47280814,9.47190407,-0.74399558,-0.24318957,6.55545023,4
117.37885843,31.96317009,41.54441488,0.41039851,146.78720678,41.54241488,30.85261130,1.13161805,3.45760659,2.04400146,1.95317171,0.60251073,-0.02258512,-0.46028464,-0.37469658,9.42284829,-0.43147171,-0.17925171,6.40359781,4
117.37885897,31.96317086,41.54412019,0.49651993,146.83827125,41.54212019,30.48058215,1.14967142,3.46095790,2.06959856,1.97933445,0.60407940,-0.02284656,-0.41439558,-0.27929915,9.37967816,-0.12571569,-0.12202045,6.25112002,4
117.37885952,31.96317163,41.54323513,0.58296887,146.88877973,41.54123513,30.11404043,1.16356606,3.45716966,2.08571238,1.99646125,0.60302988,-0.02267164,-0.37258898,-0.26752428,9.51817493,-0.02834314,-0.27178011,6.07902458,4
117.37886006,31.96317240,41.54188803,0.66973657,146.93873814,41.53988803,29.75290345,1.17420617,3.44779383,2.09440463,2.00651659,0.59993128,-0.02215522,-0.33397687,-0.32119377,9.79884914,-0.09405396,-0.58353637,5.89157392,4
117.37886059,31.96317318,41.54047377,0.75681452,146.98815239,41.53847377,29.39707795,1.18431498,3.43761782,2.10208581,2.01560827,0.59655415,-0.02159155,-0.29586551,-0.38405784,10.09888556,-0.18325495,-0.91765369,5.70177412,4
117.37886113,31.96317395,41.53900561,0.84419445,147.03702838,41.53700561,29.04646733,1.19114977,3.42738423,2.11224895,2.02704924,0.59389521,-0.02110761,-0.25995025,-0.43881934,10.35086033,-0.28094254,-1.21187949,5.50443141,4
117.37886166,31.96317472,41.53710007,0.93186830,147.08537196,41.53510007,28.70097336,1.17138667,3.41668614,2.14257011,2.05757011,0.59707126,-0.02127142,-0.24188629,-0.42774376,10.21233674,-0.44753591,-1.18196063,5.24588189,4
117.37886218,31.96317550,41.53511359,1.01982824,147.13318895,41.53311359,28.36048584,1.14669747,3.40590235,2.17662417,2.09162417,0.60132802,-0.02155520,-0.22712953,-0.40447348,10.00148534,-0.62688731,-1.09200115,4.97600343,4
117.37886269,31.96317629,41.53313241,1.10806670,147.18048510,41.53113241,28.02490032,1.12196673,3.39515041,2.21058451,2.12558807,0.60556348,-0.02183721,-0.21222092,-0.38136491,9.79217478,-0.80412493,-1.00095938,4.70627229,4
117.37886318,31.96317708,41.53155721,1.19657629,147.22726611,41.52955721,27.69413089,1.09382694,3.38684285,2.23736461,2.15265223,0.60814758,-0.02198108,-0.18528165,-0.37084609,9.70289335,-0.81607993,-0.82425939,4.44659836,4
117.37886367,31.96317788,41.53034906,1.28534985,147.27353767,41.52834906,27.36807095,1.06259936,3.38074534,2.25765312,2.17347858,0.60923820,-0.02200000,-0.14745557,-0.37171460,9.72217890,-0.67852042,-0.57004740,4.19598591,4
117.37886416,31.96317867,41.52919663,1.37438046,147.31930536,41.52719663,27.04665293,1.03091367,3.37498495,2.27697243,2.19337382,0.61010565,-0.02200023,-0.10798304,-0.37431256,9.75789589,-0.51829220,-0.30415826,3.94673499,4
117.37886464,31.96317947,41.52813358,1.46366136,147.36457488,41.52613358,26.72985434,1.00324368,3.37011655,2.29877828,2.21563673,0.61168500,-0.02205983,-0.07116367,-0.37794828,9.78873543,-0.36060627,-0.06763899,3.70765032,4
117.37886512,31.96318027,41.52772392,1.55318601,147.40935195,41.52572392,26.41759300,1.00490195,3.37176079,2.33868781,2.25513566,0.61845411,-0.02255216,-0.05374824,-0.38914745,9.78395688,-0.22169106,-0.04566901,3.54305891,4
117.37886559,31.96318108,41.52743709,1.64294806,147.45364220,41.52543709,26.10975997,1.01207285,3.37462914,2.38200005,2.29787421,0.62619869,-0.02312583,-0.03998011,-0.40176822,9.77248343,-0.08630450,-0.06402650,3.39247005,4
117.37886606,31.96318188,41.52715024,1.73294139,147.49745118,41.52515024,25.80626713,1.01924400,3.37749760,2.42531373,2.34061421,0.63394351,-0.02369952,-0.02621153,-0.41438943,9.76100961,0.04908664,-0.08238463,3.24187610,4
117.37886652,31.96318270,41.52655167,1.82316007,147.54078441,41.52455167,25.50703943,0.97410769,3.37758192,2.45404374,2.36938948,0.63768093,-0.02443076,-0.04702054,-0.39553451,9.79685683,-0.35651718,-0.07099738,3.10824095,4
117.37886695,31.96318352,41.52572002,1.91359834,147.58364737,41.52372002,25.21200801,0.88986206,3.37558481,2.47187348,2.38772720,0.63842271,-0.02527984,-0.09368177,-0.35314622,9.86808469,-1.16660760,-0.03737133,2.98727245,4
117.37886738,31.96318434,41.52485325,2.00425060,147.62604550,41.52285325,24.92110660,0.79973763,3.37327532,2.48807274,2.40450390,0.63871558,-0.02614675,-0.14422730,-0.30722206,9.94462990,-2.03748742,-0.00040518,2.86817917,4
117.37886782,31.96318516,41.52388616,2.09511145,147.66798424,41.52188616,24.63427512,0.70297306,3.37114122,2.50458413,2.42154882,0.63910149,-0.02706618,-0.18278520,-0.28465602,9.98050841,-2.69492099,0.02077769,2.75736750,4
117.37886826,31.96318597,41.52248188,2.18617564,147.70946897,41.52048188,24.35146451,0.57743473,3.36978889,2.52250930,2.43981207,0.63991136,-0.02821413,-0.16866328,-0.36453957,9.83805587,-2.41470177,-0.02730659,2.68285228,4
117.37886871,31.96318678,41.52099030,2.27743806,147.75050510,41.51899030,24.07263986,0.44614599,3.36859224,2.54071840,2.45832033,0.64080582,-0.02940776,-0.14403891,-0.46485409,9.66003933,-1.94754500,-0.08920372,2.61556330,4
117.37886915,31.96318760,41.51949722,2.36889374,147.79109804,41.51749722,23.79778009,0.31475532,3.36739778,2.55893392,2.47683447,0.64170167,-0.03060222,-0.11925385,-0.56548740,9.48146745,-1.47752472,-0.15131567,2.54837488,4
117.37886959,31.96318842,41.51797752,2.46053783,147.83125324,41.51597752,23.52687512,0.18892698,3.36084105,2.57106501,2.48969678,0.64090437,-0.03139070,-0.12158635,-0.48589442,9.59282466,-1.73511116,-0.37647313,2.63295410,4
117.37887002,31.96318925,41.51644730,2.55236560,147.87097622,41.51444730,23.25992065,0.06525823,3.35219004,2.58082166,2.50035362,0.63944593,-0.03202074,-0.13450689,-0.33592602,9.81739281,-2.27680995,-0.66531201,2.77679780,4
117.37887044,31.96319008,41.51491568,2.64437242,147.91027252,41.51291568,22.99691289,-0.05819626,3.34331093,2.59032279,2.51077337,0.63791568,-0.03263373,-0.14857575,-0.17831496,10.05425287,-2.84935286,-0.96109079,2.92708031,4
117.37887087,31.96319090,41.51336922,2.73655376,147.94914774,41.51136922,22.73784860,-0.21472922,3.32997940,2.60367125,2.52489931,0.63697088,-0.03355314,-0.13302090,-0.22555013,10.10848344,-3.10178724,-1.09410913,2.97124522,4
117.37887131,31.96319172,41.51180912,2.82890521,147.98760753,41.50980912,22.48272820,-0.40159835,3.31256934,2.62055203,2.54242782,0.63656409,-0.03475384,-0.09028481,-0.46073480,9.99505422,-3.06019101,-1.07778184,2.91800361,4
117.37887174,31.96319253,41.51024642,2.92142247,148.02565759,41.50824642,22.23155946,-0.59369022,3.29445848,2.63804009,2.56054152,0.63624928,-0.03600286,-0.04289120,-0.72811416,9.85292287,-2.96828668,-1.03590264,2.84808894,4
117.37887216,31.96319335,41.50888129,3.01410130,148.06330368,41.50688129,21.98435795,-0.77420469,3.28230380,2.65687042,2.57989790,0.63643637,-0.03735503,-0.01291385,-0.86856898,9.75687641,-2.81758830,-0.85599723,2.77095419,4
117.37887257,31.96319418,41.50786909,3.10693759,148.10055166,41.50586909,21.74114274,-0.93380068,3.28081224,2.67806714,2.60144379,0.63751517,-0.03888898,-0.01422982,-0.78105528,9.74435560,-2.56418239,-0.43088822,2.68167550,4
117.37887297,31.96319502,41.50692492,3.19992728,148.13740743,41.50492492,21.50193210,-1.08938865,3.28138339,2.69972690,2.62341860,0.63876677,-0.04045847,-0.02160066,-0.64941334,9.74799202,-2.29084262,0.04176661,2.59002528,4
117.37887337,31.96319585,41.50608666,3.29306641,148.17387700,41.50408666,21.26674391,-1.24641972,3.28169265,2.72061130,2.64461807,0.63975967,-0.04203384,-0.02969723,-0.55678204,9.74732826,-2.13546595,0.36934031,2.52588691,4
117.37887378,31.96319668,41.50567702,3.38635109,148.20996641,41.50367702,21.03560020,-1.40968387,3.28069008,2.73823355,2.66255910,0.63966802,-0.04362775,-0.04008156,-0.62968797,9.72714372,-2.46761904,0.09455247,2.57522114,4
117.37887418,31.96319752,41.50535485,3.47977753,148.24568182,41.50335485,20.80853275,-1.57425396,3.27941939,2.75519312,2.67983827,0.63935485,-0.04522577,-0.05093522,-0.73641667,9.70296835,-2.89940851,-0.30331257,2.64774011,4
117.37887457,31.96319837,41.50499702,3.57334199,148.28102946,41.50299702,20.58558766,-1.74186261,3.27776013,2.77176521,2.69676819,0.63894003,-0.04682501,-0.06152514,-0.84090060,9.68815653,-3.30908368,-0.67714047,2.71139369,4
117.37887495,31.96319922,41.50413592,3.66704077,148.31601569,41.50213592,20.36682614,-1.94868071,3.27108151,2.78344287,2.70930694,0.63727038,-0.04843521,-0.06843166,-0.90253111,9.79844292,-3.38778419,-0.68569371,2.64903183,4
117.37887531,31.96320006,41.50317137,3.76087023,148.35064702,41.50117137,20.15231981,-2.16356510,3.26337097,2.79411491,2.72094354,0.63534274,-0.05004772,-0.07458131,-0.95535549,9.93444618,-3.39845766,-0.61916737,2.56076617,4
117.37887568,31.96320091,41.50220381,3.85482674,148.38493010,41.50020381,19.94214442,-2.37868612,3.25563049,2.80475808,2.73255427,0.63340761,-0.05166031,-0.08070920,-1.00792629,10.07119478,-3.40716571,-0.55047054,2.47175057,4
117.37887605,31.96320175,41.50120339,3.94890671,148.41887175,41.49920339,19.73637875,-2.61402176,3.25139206,2.81361132,2.74213901,0.63113785,-0.05386554,-0.04079002,-0.99585797,9.93720806,-3.44628917,-0.35170095,2.39961221,4
117.37887643,31.96320259,41.50019517,4.04310655,148.45247894,41.49819517,19.53510782,-2.85415350,3.24798461,2.82203984,2.75124301,0.62878868,-0.05621137,0.01005503,-0.96845224,9.73898214,-3.49262946,-0.12206832,2.33147855,4
117.37887680,31.96320344,41.49918654,4.13742273,148.48575880,41.49718654,19.33842344,-3.09454078,3.24462181,2.83044549,2.76032112,0.62643526,-0.05856474,0.06148635,-0.94022318,9.53730844,-3.53935688,0.10921966,2.26356051,4
117.37887714,31.96320429,41.49872913,4.23185168,148.51871867,41.49672913,19.14642056,-3.27702865,3.24818636,2.85193093,2.78220404,0.62712607,-0.06092748,0.11784853,-0.95600801,9.49856874,-2.91254747,0.32090238,2.29586817,4
117.37887748,31.96320514,41.49838688,4.32638988,148.55136605,41.49638688,18.95919578,-3.44741519,3.25319789,2.87614844,2.80676158,0.62845286,-0.06329212,0.17523751,-0.98099013,9.49388009,-2.14504226,0.52847867,2.34911274,4
117.37887783,31.96320600,41.49803653,4.42103378,148.58370863,41.49603653,18.77684897,-3.61480594,3.25861289,2.90038107,2.83133217,0.62977354,-0.06564541,0.23103811,-1.00654353,9.49393260,-1.38453863,0.74299323,2.40401240,4
117.37887818,31.96320686,41.49710914,4.51577986,148.61575428,41.49510914,18.59948347,-3.66569081,3.28009564,2.92055542,2.85185145,0.62969704,-0.06747737,0.21191516,-1.04231424,9.65269964,-1.19268404,1.28502966,2.49851554,4
117.37887853,31.96320771,41.49607334,4.61062457,148.64751107,41.49407334,18.42720499,-3.69466216,3.30459773,2.93996441,2.87160662,0.62935778,-0.06921111,0.17870451,-1.08000215,9.84129519,-1.10779350,1.88860326,2.60045536,4
117.37887888,31.96320856,41.49481033,4.70556439,148.67898729,41.49281033,18.26012344,-3.73341615,3.32917055,2.95743575,2.88949897,0.62856226,-0.07105394,0.12539617,-1.11443087,9.98637934,-1.07434352,2.34077646,2.69176762,4
117.37887920,31.96320942,41.49198855,4.80059574,148.71019139,41.48998855,18.09835256,-3.84416922,3.35369910,2.96160661,2.89461042,0.62464606,-0.07367398,-0.06492917,-1.12590203,9.82393355,-1.37840281,1.73061456,2.70798451,4
117.37887951,31.96321028,41.48888802,4.89571507,148.74113206,41.48688802,17.94200130,-3.96780008,3.37821673,2.96339555,2.89743287,0.62017158,-0.07643287,-0.27976393,-1.13326129,9.60644498,-1.74285540,0.93031812,2.71075376,4
117.37887984,31.96321114,41.48578036,4.99091878,148.77181816,41.48378036,17.79116605,-4.07650039,3.39388989,2.95338465,2.88870956,0.61323289,-0.07820524,-0.44541848,-1.14219887,9.44510645,-1.85657902,0.18072823,2.68174253,4
117.37888017,31.96321199,41.48267225,5.08620328,148.80225874,41.48067225,17.64593290,-4.13142308,3.37839563,2.90200019,2.83950004,0.59765803,-0.07648828,-0.43552298,-1.15708180,9.48670287,-1.08103832,-0.37283961,2.54194802,4
117.37888052,31.96321284,41.47956430,5.18156500,148.83246297,41.47756430,17.50638216,-4.17712219,3.35755899,2.84352606,2.78335284,0.58060362,-0.07417322,-0.39553136,-1.17298299,9.56308817,-0.15309288,-0.89276279,2.38317010,4
117.37888084,31.96321370,41.47613643,5.27700036,148.86244019,41.47413643,17.37258769,-4.20942346,3.33685883,2.81190799,2.75345521,0.56980137,-0.07245278,-0.30294279,-1.19528511,9.80305619,-0.20601449,-1.16449370,2.14518070,4
117.37888115,31.96321456,41.47248300,5.37250578,148.89219987,41.47048300,17.24461466,-4.23245020,3.31635525,2.79936005,2.74219721,0.56343553,-0.07116286,-0.17383189,-1.22208140,10.15771617,-0.95342864,-1.26184594,1.85169534,4
117.37888147,31.96321543,41.46860298,5.46807769,148.92175159,41.46660298,17.12252313,-4.27744334,3.29348082,2.78927832,2.73320325,0.55785771,-0.07007507,-0.04278856,-1.23929799,10.37629136,-1.61287545,-1.29779473,1.57719662,4
117.37888178,31.96321629,41.46395896,5.56371254,148.95110504,41.46195896,17.00635704,-4.41325477,3.26123567,2.77854793,2.72300323,0.55296576,-0.06954470,0.07612937,-1.21667034,10.00143864,-1.55432461,-1.18788901,1.40675596,4
117.37888209,31.96321715,41.45918664,5.65940679,148.98026998,41.45718664,16.89617238,-4.56435114,3.22741435,2.76769691,2.71258903,0.54818664,-0.06910788,0.19298125,-1.18733560,9.52666404,-1.37452384,-1.05354956,1.25386461,4
117.37888240,31.96321802,41.45611918,5.75515692,149.00925632,41.45411918,16.79160132,-4.61989384,3.21929157,2.78848905,2.73348110,0.54971166,-0.06999205,0.20805391,-1.05818326,9.43871637,-0.86523091,-0.59012083,1.23387783,4
117.37888268,31.96321889,41.45352290,5.85095986,149.03807262,41.45152290,16.69290752,-4.64896900,3.21826706,2.81800605,2.76300587,0.55297394,-0.07123968,0.19507913,-0.90156629,9.45820693,-0.26605343,-0.03616342,1.25040016,4
117.37888296,31.96321976,41.45112302,5.94681188,149.06672970,41.44912302,16.60079373,-4.64554645,3.21654942,2.83090091,2.77632397,0.55264386,-0.07148662,0.19025681,-0.78819374,9.56224694,0.01531969,0.30612184,1.29488231,4
117.37888323,31.96322063,41.44887518,6.04270922,149.09523848,41.44687518,16.51525537,-4.61299385,3.21361916,2.82717803,2.77342995,0.54873387,-0.07074561,0.19541902,-0.71842248,9.73909711,-0.01509138,0.43837756,1.36336651,4
117.37888349,31.96322150,41.44630463,6.13864822,149.12360978,41.44430463,16.43623368,-4.58972054,3.21636200,2.82699631,2.77390041,0.54571330,-0.07044658,0.18064294,-0.63370253,9.85478866,-0.09157994,0.59218154,1.35603263,4
117.37888373,31.96322237,41.44291542,6.23462525,149.15185435,41.44091542,16.36366988,-4.59847990,3.23300121,2.84094224,2.78793949,0.54603660,-0.07153705,0.11505878,-0.49846828,9.80027080,-0.17030723,0.86941753,1.16038981,4
117.37888397,31.96322325,41.43938003,6.33063676,149.17998283,41.43738003,16.29749180,-4.61221341,3.25131783,2.85473768,2.80179098,0.54644314,-0.07276867,0.04320115,-0.36114769,9.72560464,-0.24763158,1.14923543,0.94286158,4
117.37888422,31.96322412,41.43552093,6.42667928,149.20800575,41.43352093,16.23761980,-4.62136402,3.25697452,2.81349911,2.76180956,0.53651245,-0.07212056,0.01454187,-0.36103509,9.81594793,-0.28997828,1.03532104,0.91611215,4
117.37888448,31.96322500,41.43160758,6.52274939,149.23593352,41.42960758,16.18396905,-4.62970889,3.26046837,2.76289854,2.71267069,0.52482274,-0.07115189,-0.00673426,-0.38427858,9.93446881,-0.32637989,0.85440436,0.92193674,4
117.37888473,31.96322587,41.42760346,6.61884376,149.26377639,41.42560346,16.13645091,-4.62967938,3.27336404,2.75951305,2.70993293,0.52177556,-0.07143161,0.04218415,-0.31488308,9.87344893,-0.09702471,0.84694210,0.98700400,4
117.37888499,31.96322675,41.42357393,6.71495912,149.29154450,41.42157393,16.09497144,-4.62826043,3.28778384,2.76385989,2.71479130,0.52013847,-0.07191459,0.10186558,-0.22999850,9.78263160,0.17107236,0.86771956,1.06071792,4
117.37888526,31.96322762,41.41843344,6.81109228,149.31924780,41.41643344,16.05943061,-4.63121715,3.29176497,2.72462213,2.67653688,0.50991868,-0.07108047,0.03100052,-0.19906593,9.81063033,-0.28223614,0.69175339,0.99285073,4
117.37888554,31.96322849,41.41304002,6.90724011,149.34689609,41.41104002,16.02972253,-4.64140873,3.29358902,2.68252386,2.63544179,0.49921126,-0.07020549,-0.04943459,-0.17827096,9.83783444,-0.75778165,0.46072755,0.91317477,4
117.37888582,31.96322937,41.40722129,7.00339958,149.37449901,41.40522129,16.00573334,-4.69405391,3.29293606,2.67034429,2.62386714,0.49488569,-0.07053196,-0.04724906,-0.16337855,9.72688306,-0.57691695,0.08861745,0.91363674,4
117.37888609,31.96323023,41.40140502,7.09956772,149.40206597,41.39940502,15.98734052,-4.74480444,3.28792134,2.65461502,2.60893535,0.48982334,-0.07042900,-0.03720373,-0.14394471,9.67485587,-0.41359014,-0.21127185,0.90994627,4
117.37888637,31.96323110,41.39579619,7.19574165,149.42960622,41.39379619,15.97441506,-4.76981194,3.27145903,2.61421997,2.57008569,0.47956048,-0.06850771,-0.04426815,-0.10871677,9.85939995,-0.61644402,-0.23562159,0.85559526,4
117.37888664,31.96323197,41.38982861,7.29191859,149.45712876,41.38782861,15.96682281,-4.80559492,3.25614924,2.59304608,2.54990498,0.47316081,-0.06740828,-0.02681826,-0.14761813,9.91455536,-0.72572180,-0.29850978,0.81853489,4
117.37888691,31.96323285,41.38336075,7.38809582,149.48464237,41.38136075,15.96442320,-4.86039182,3.24462624,2.60143141,2.55842682,0.47275180,-0.06772733,0.02547593,-0.28432194,9.75651734,-0.64065409,-0.46655180,0.81389402,4
117.37888718,31.96323372,41.37685314,7.48427072,149.51215561,41.37485314,15.96706737,-4.87184090,3.23110392,2.59720739,2.55450198,0.47002173,-0.06708387,0.03153824,-0.31055205,9.79824140,-0.28310509,-0.48522183,0.81750275,4
117.37888745,31.96323459,41.37036962,7.58044078,149.53967677,41.36836962,15.97459875,-4.84971073,3.21571718,2.58065342,2.53845700,0.46496321,-0.06558823,0.00024638,-0.24599430,10.00811856,0.25188880,-0.38386005,0.82364185,4
117.37888772,31.96323546,41.36438334,7.67660356,149.56721389,41.36238334,15.98685475,-4.81891224,3.20321715,2.58274266,2.54072269,0.46319978,-0.06505993,0.00203125,-0.34533364,9.93287773,0.20352732,-0.47581192,0.91831400,4
117.37888800,31.96323632,41.35861208,7.77275672,149.59477473,41.35661208,16.00366870,-4.78622137,3.19208136,2.59366556,2.55166494,0.46300614,-0.06500184,0.02035232,-0.52129983,9.72375506,-0.10920862,-0.65886650,1.05147941,4
117.37888827,31.96323719,41.35281649,7.86889804,149.62236677,41.35081649,16.02487207,-4.77740241,3.17826269,2.58610014,2.54488603,0.45907056,-0.06421411,0.03847478,-0.53708273,9.67234802,-0.06423299,-0.42892048,1.07566466,4
117.37888854,31.96323807,41.34700581,7.96502537,149.64999722,41.34500581,16.05029319,-4.77611351,3.16355776,2.57245102,2.53226886,0.45391082,-0.06318216,0.05598043,-0.50016018,9.67478753,0.10154073,-0.06662669,1.06445632,4
117.37888880,31.96323893,41.34135597,8.06113666,149.67767298,41.33935597,16.07975126,-4.73506436,3.16197254,2.58333554,2.54332699,0.45346918,-0.06300855,0.03668321,-0.54153149,9.70792022,0.14079515,-0.07412386,0.97171064,4
117.37888908,31.96323980,41.33574425,8.15722999,149.70540065,41.33374425,16.11305402,-4.68631261,3.16272988,2.59828679,2.55829733,0.45381688,-0.06297883,0.01160154,-0.59834586,9.74412956,0.15866911,-0.14768882,0.87036088,4
117.37888935,31.96324068,41.33046764,8.25330351,149.73318652,41.32846764,16.15000117,-4.63281298,3.15797572,2.58722737,2.54768362,0.44943472,-0.06208749,0.03223657,-0.65177163,9.70471268,0.35075435,0.00069558,1.02122028,4
117.37888962,31.96324155,41.32526026,8.34935550,149.76103651,41.32326026,16.19038683,-4.57475724,3.15375586,2.57536288,2.53633684,0.44485727,-0.06114390,0.06254330,-0.68682831,9.66438524,0.54199018,0.19250886,1.20792866,4
117.37888990,31.96324242,41.32016982,8.44538436,149.78895622,41.31816982,16.23400087,-4.48400775,3.16222481,2.59438336,2.55586639,0.44548214,-0.06100509,0.10944518,-0.57029980,9.72551929,0.47314720,0.43203845,1.33764099,4
117.37889019,31.96324330,41.31509718,8.54138859,149.81695088,41.31309718,16.28063203,-4.39370533,3.17417456,2.61537426,2.57736454,0.44633898,-0.06105744,0.14956975,-0.45210951,9.79683057,0.34520756,0.72245493,1.44041665,4
117.37889046,31.96324416,41.31001964,8.63736680,149.84502537,41.30801964,16.33006799,-4.34241386,3.19546838,2.61538375,2.57788178,0.44298970,-0.06150039,0.12624155,-0.48971460,9.82414926,0.10832852,1.30334287,1.42691618,4
117.37889075,31.96324503,41.30488960,8.73331771,149.87318423,41.30288960,16.38209254,-4.29653590,3.22010446,2.61368086,2.57668506,0.43930846,-0.06214102,0.08327802,-0.53043257,9.82110948,-0.07231941,1.80914693,1.39329043,4
117.37889104,31.96324590,41.29948432,8.82924017,149.90143162,41.29748432,16.43648485,-4.24583708,3.25465193,2.62107802,2.58457924,0.43750754,-0.06350815,-0.01005973,-0.45253540,9.69388063,0.14107128,1.66193743,1.35184787,4
117.37889134,31.96324676,41.29399760,8.92513312,149.92977133,41.29199760,16.49302203,-4.18359497,3.28734418,2.62253375,2.58659727,0.43479652,-0.06455751,-0.10324519,-0.36287026,9.56562322,0.41209585,1.37805703,1.30739852,4
117.37889164,31.96324763,41.28827515,9.02099562,149.95820677,41.28627515,16.55148193,-4.05416382,3.29868001,2.57769833,2.54274139,0.42450882,-0.06290296,-0.14604571,-0.31780110,9.55344458,0.65347663,0.88645505,1.25117647,4
117.37889195,31.96324850,41.28240191,9.11682685,149.98674100,41.28040191,16.61164448,-3.91448086,3.30573815,2.53403286,2.50001874,0.41457118,-0.06092428,-0.16682579,-0.30274159,9.64025962,0.88734860,0.44391192,1.18126584,4
117.37889228,31.96324936,41.27612519,9.21262609,150.01537671,41.27412519,16.67329189,-3.77538101,3.30941833,2.51985550,2.48642623,0.41002099,-0.05928381,-0.13763543,-0.36878128,10.01244586,1.11221022,0.28601781,1.06948061,4
117.37889261,31.96325022,41.26957796,9.30839272,150.04411620,41.26757796,16.73620748,-3.64135639,3.31122594,2.50634964,2.47345513,0.40563637,-0.05783990,-0.09014294,-0.44568374,10.22096472,1.13861576,0.25140401,0.97350931,4
117.37889293,31.96325107,41.26257687,9.40412624,150.07296144,41.26057687,16.80017523,-3.51795821,3.31004134,2.48475159,2.45239939,0.39986738,-0.05670609,-0.01913742,-0.52007919,9.98554182,0.74020976,0.39081010,0.92501782,4
117.37889327,31.96325192,41.25602825,9.49982625,150.10191403,41.25402825,16.86498174,-3.42256233,3.31183319,2.47460782,2.44256811,0.39621057,-0.05585323,-0.01692439,-0.59924026,9.83827591,0.47697456,0.34063171,0.91006442,4
117.37889362,31.96325278,41.25009144,9.59549244,150.13097520,41.24809144,16.93042154,-3.35859405,3.31764960,2.47942015,2.44741887,0.39529365,-0.05528209,-0.10014158,-0.68454288,9.86980519,0.44481200,0.03694431,0.92691674,4
117.37889395,31.96325363,41.24413582,9.69112460,150.16014587,41.24213582,16.99630099,-3.29058267,3.31106598,2.46171873,2.43029911,0.39038676,-0.05415924,-0.11506442,-0.71443360,9.83254867,0.41872359,-0.20526547,0.98410865,4
117.37889428,31.96325449,41.23810255,9.78672263,150.18942664,41.23610255,17.06243638,-3.21616298,3.29426571,2.42468293,2.39430251,0.38204428,-0.05257156,-0.06723453,-0.69988678,9.72236584,0.37354725,-0.37281559,1.06995868,4
117.37889462,31.96325535,41.23207357,9.88228649,150.21881779,41.23007357,17.12864501,-3.13885100,3.28633228,2.41600898,2.38597387,0.37853187,-0.05130366,-0.04454754,-0.70226312,9.74924157,0.47012935,-0.28289741,0.98990701,4
117.37889498,31.96325620,41.22605068,9.97781622,150.24831930,41.22405068,17.19473817,-3.06065572,3.28258677,2.42008637,2.39008536,0.37719813,-0.05019154,-0.03538179,-0.71383353,9.83676884,0.62673131,-0.08938808,0.83937510,4
117.37889531,31.96325706,41.22001978,10.07331199,150.27793084,41.21801978,17.26052420,-2.99462325,3.26874940,2.39667316,2.36758917,0.37151445,-0.04863650,-0.10140036,-0.57710352,9.87133191,0.24122864,-0.46633891,0.73474256,4
117.37889564,31.96325791,41.21398478,10.16877403,150.30765173,41.21198478,17.32581571,-2.94154317,3.25137464,2.37045337,2.34232970,0.36542567,-0.04705907,-0.17153102,-0.42261708,9.89206953,-0.20197385,-0.93255660,0.65553997,4
117.37889599,31.96325876,41.20794651,10.26420266,150.33748103,41.20594651,17.39043457,-2.96049530,3.22323428,2.36092363,2.33291974,0.36226202,-0.04590131,-0.17740070,-0.33406340,9.89215705,-0.35315053,-1.27906265,0.68285841,4
117.37889634,31.96325961,41.20214578,10.35959830,150.36741745,41.20014578,17.45420910,-2.96525821,3.18867196,2.34885030,2.32100436,0.35870133,-0.04432646,-0.13970142,-0.27396622,9.89178263,-0.29001051,-1.52062694,0.71127065,4
117.37889667,31.96326046,41.19698187,10.45496143,150.39745947,41.19498187,17.51697903,-2.91352355,3.14275964,2.32551843,2.29818891,0.35330263,-0.04165058,-0.02013087,-0.26049425,9.89671197,0.18451830,-1.55080697,0.70817146,4
117.37889701,31.96326131,41.19210752,10.55029262,150.42760527,41.19010752,17.61764049,-2.86501521,3.10720163,2.32653636,2.29949370,0.35194434,-0.03970746,0.08939715,-0.31169648,9.96154460,0.26660047,-1.30545009,0.72934320,4
117.37889734,31.96326210,41.18741764,10.64555542,150.45798403,41.18541764,17.70647558,-2.82566085,3.08215052,2.35065088,2.32364928,0.35441382,-0.03854205,0.18096906,-0.41580886,10.07956236,-0.04869897,-0.83614617,0.77585213,4
117.37889764,31.96326290,41.18316151,10.74079833,150.48842713,41.18116151,17.74456701,-2.83880392,3.07239129,2.37235801,2.34535801,0.35600136,-0.03865878,0.22604995,-0.57481826,10.01203139,-0.32953819,-0.23517784,0.85984658,4
117.37889793,31.96326367,41.17917485,10.83602184,150.51893290,41.17717485,17.78167232,-2.88212155,3.07082395,2.39045464,2.36345464,0.35671801,-0.03946511,0.24490682,-0.76062585,9.83038470,-0.55292319,0.42007385,0.96323254,4
117.37889823,31.96326449,41.17571593,10.93122644,150.54949972,41.17371593,17.81779154,-2.90940845,3.08186358,2.41086962,2.38413553,0.35749290,-0.04071989,0.19438698,-0.81739856,9.64132775,-0.42616247,0.69910430,1.08087573,4
117.37889854,31.96326534,41.17262730,11.02641261,150.58012591,41.17062730,17.85292469,-2.91934313,3.10096124,2.43356384,2.40729463,0.35846009,-0.04218937,0.09630200,-0.77213270,9.46717850,-0.04644740,0.68416261,1.20536560,4
117.37889885,31.96326617,41.16981839,11.12158086,150.61080985,41.16781839,17.88707181,-2.88417908,3.11376042,2.42907660,2.40331895,0.35485149,-0.04236436,0.01926510,-0.65086447,9.53025530,0.16012898,0.64874307,1.31996253,4
117.37889917,31.96326701,41.16714853,11.21673168,150.64154988,41.16514853,17.92023292,-2.81557151,3.12056161,2.40310586,2.37787098,0.34765411,-0.04149172,-0.03175194,-0.48556053,9.77508915,0.19186199,0.63935768,1.41977074,4
117.37889949,31.96326785,41.16394320,11.31186555,150.67234435,41.16194320,17.95240806,-2.75465251,3.13012486,2.39088616,2.36617659,0.34296889,-0.04102375,-0.02653568,-0.38166531,9.88556658,0.19915917,0.65782779,1.39111682,4
117.37889982,31.96326871,41.16026700,11.40698298,150.70319161,41.15826700,17.98359727,-2.70126485,3.14200253,2.38956164,2.36538063,0.34032187,-0.04094974,0.01505387,-0.33908054,9.87258460,0.22199893,0.68441139,1.26333339,4
117.37890015,31.96326955,41.15648966,11.50208446,150.73409001,41.15448966,18.01380058,-2.63606470,3.15080691,2.37449605,2.35085466,0.33561167,-0.04063077,0.02050939,-0.33232298,9.88706889,0.33574468,0.64865054,1.15777491,4
117.37890049,31.96327038,41.15274789,11.59717047,150.76503792,41.15074789,18.04301803,-2.56925847,3.15576797,2.35258364,2.32938995,0.32991905,-0.04009237,0.00667706,-0.35219509,9.89961577,0.40631788,0.49710443,1.10658143,4
117.37890085,31.96327121,41.14925686,11.69224151,150.79603367,41.14725686,18.07124966,-2.52394181,3.15744060,2.34295306,2.31994466,0.32623285,-0.03954141,0.02264244,-0.37295103,9.83545784,0.17480526,0.17565284,1.13930528,4
117.37890121,31.96327206,41.14575324,11.78729808,150.82707562,41.14375324,18.09849551,-2.50793938,3.15775406,2.33705950,2.31436731,0.32301465,-0.03913843,0.06237645,-0.37602720,9.72996976,-0.12878867,0.09859329,1.19284708,4
117.37890157,31.96327290,41.14192187,11.88234066,150.85816212,41.13992187,18.12475562,-2.51896978,3.15935502,2.32262264,2.30079736,0.31814865,-0.03900557,0.10795428,-0.34756721,9.64232119,-0.19956543,0.66425389,1.18572831,4
117.37890193,31.96327374,41.13817933,11.97736975,150.88929153,41.13617933,18.15003003,-2.51648839,3.17275389,2.31867304,2.29754640,0.31484386,-0.03942131,0.10818982,-0.35626519,9.64479999,-0.04546322,1.18469665,1.14217727,4
117.37890229,31.96327459,41.13474997,12.07238585,150.92046219,41.13274997,18.17431877,-2.47901473,3.20090630,2.33330814,2.31231632,0.31455639,-0.04038031,0.04267152,-0.43065891,9.75889577,0.24645734,1.23364671,1.08845361,4
117.37890265,31.96327544,41.13109082,12.16738943,150.95167246,41.12909082,18.19762189,-2.42978934,3.22240646,2.32559631,2.30487941,0.31130750,-0.04069270,-0.05617473,-0.42506315,9.92556394,0.19495540,1.02928560,1.03614545,4
117.37890299,31.96327629,41.12710046,12.26238101,150.98292068,41.12510046,18.21993943,-2.39181554,3.23219532,2.29108280,2.27092559,0.30441869,-0.04030720,-0.16312637,-0.36829404,10.04657323,-0.23677534,0.62573321,0.98736281,4
117.37890334,31.96327716,41.12308255,12.35736107,151.01420522,41.12108255,18.24127141,-2.41484419,3.23797234,2.26453808,2.24495486,0.29870869,-0.04043394,-0.21611021,-0.50378400,9.87369624,-0.55368612,0.14062980,0.93857393,4
117.37890370,31.96327802,41.11914476,12.45233010,151.04552442,41.11714476,18.26161789,-2.47374834,3.23233547,2.23964182,2.22064287,0.29338320,-0.04039264,-0.20046166,-0.69587194,9.62042996,-0.59659268,-0.35289197,0.86396619,4
117.37890406,31.96327889,41.11538135,12.54728859,151.07687663,41.11338135,18.28097888,-2.51010364,3.20930181,2.20375113,2.18535509,0.28673194,-0.03916761,-0.13212872,-0.69790689,9.66159767,-0.29571095,-0.74988584,0.73777269,4
117.37890442,31.96327977,41.11173519,12.64223705,151.10826020,41.10973519,18.29935444,-2.52091396,3.18351776,2.18797546,2.16992534,0.28312337,-0.03788945,-0.02596817,-0.64941219,9.87054822,-0.22297023,-0.73784261,0.68457548,4
117.37890479,31.96328063,41.10807520,12.73717595,151.13967349,41.10607520,18.31674458,-2.52326415,3.16487970,2.19945629,2.18145494,0.28339631,-0.03728922,0.07980125,-0.65677164,10.07125720,-0.55699074,-0.35326164,0.74054398,4
117.37890514,31.96328150,41.10411010,12.83210580,151.17111485,41.10211010,18.33314934,-2.56901601,3.15404003,2.20745930,2.18945930,0.28272714,-0.03742679,0.08633174,-0.72385734,10.05207218,-0.77199599,-0.11514673,0.81448631,4
117.37890549,31.96328238,41.10024086,12.92702709,151.20258263,41.09824086,18.34856874,-2.65257768,3.14748535,2.20915024,2.19129686,0.28083094,-0.03800748,0.00147814,-0.79917807,9.86760161,-0.83060803,-0.15649611,0.84524406,4
117.37890583,31.96328328,41.09701491,13.02194031,151.23407518,41.09501491,18.36300282,-2.75053658,3.14020598,2.20877878,2.19138140,0.27860153,-0.03859862,-0.13103494,-0.81767572,9.65359490,-0.82632163,-0.48962614,0.78324796,4
117.37890617,31.96328417,41.09451711,13.11684595,151.26559086,41.09251711,18.37645159,-2.81774455,3.11957281,2.18858546,2.17179064,0.27400740,-0.03784773,-0.19109911,-0.86088251,9.64762167,-0.71203696,-0.83763984,0.68249151,4
117.37890650,31.96328509,41.09250941,13.21174450,151.29712801,41.09050941,18.38891509,-2.84652834,3.08504296,2.14802884,2.13186015,0.26701093,-0.03566642,-0.15443598,-0.95562483,9.87397815,-0.50554507,-1.07808530,0.58034637,4
117.37890684,31.96328599,41.08967999,13.30663647,151.32868498,41.08767999,18.40039331,-2.89574031,3.05054579,2.14148828,2.12548339,0.26459172,-0.03455262,-0.03580494,-0.99857774,9.81320527,-0.64521696,-1.16842892,0.55986213,4
117.37890717,31.96328691,41.08634537,13.40152233,151.36026013,41.08434537,18.41088629,-2.94839101,3.01776886,2.14694103,2.13094101,0.26373879,-0.03390175,0.08704673,-1.02464522,9.63297150,-0.73450096,-1.04980917,0.58310162,4
117.37890749,31.96328783,41.08252684,13.49640259,151.39185182,41.08052684,18.42039404,-2.98469882,2.98697896,2.14997173,2.13397173,0.26250804,-0.03325470,0.16707150,-1.06175462,9.43814802,-0.37513932,-0.50181916,0.64811443,4
117.37890781,31.96328876,41.07948161,13.59127774,151.42345838,41.07748161,18.42891657,-2.96428887,2.97605359,2.17156322,2.15556322,0.26356549,-0.03300589,0.14561564,-1.03430788,9.58690801,-0.11479048,-0.11259258,0.66991430,4
117.37890814,31.96328969,41.07681021,13.68614826,151.45507818,41.07481021,18.43645388,-2.91323245,2.97630362,2.19930843,2.18336495,0.26534200,-0.03288696,0.07057434,-0.98727296,9.91849370,0.03125383,0.13759052,0.66953106,4
117.37890845,31.96329064,41.07282902,13.78101466,151.48670956,41.07082902,18.44300598,-2.88932577,2.97080591,2.17274265,2.15740362,0.26000767,-0.03176095,0.04042435,-1.14565240,9.94279704,-0.00163961,0.33464180,0.73824826,4
117.37890876,31.96329160,41.06905239,13.87587742,151.51835088,41.06705239,18.44857288,-2.88121528,2.97641498,2.16109919,2.14609238,0.25666359,-0.03180901,0.01136929,-1.23317982,9.79439438,-0.24172926,0.56980306,0.73027372,4
117.37890906,31.96329256,41.06567108,13.97073704,151.55000048,41.06367108,18.45315456,-2.88683361,2.98921837,2.14929654,2.13450260,0.25362639,-0.03238977,0.00370585,-1.23867698,9.70552759,-0.44319936,0.69709043,0.66187644,4
117.37890940,31.96329352,41.06210269,14.06559402,151.58165673,41.06010269,18.45675104,-2.88892322,2.99316211,2.10216000,2.08792135,0.24637398,-0.03159691,0.02505449,-1.21872481,9.96808015,-0.22459367,0.54375241,0.66127376,4
117.37890973,31.96329448,41.05723634,14.16044883,151.61331797,41.05523634,18.45936230,-2.88483978,3.00192776,2.07718537,2.06318149,0.24131563,-0.03169051,-0.02763010,-1.06115734,9.82823172,-0.34768276,0.53405166,0.71727032,4
117.37891007,31.96329547,41.05166740,14.25530198,151.64498255,41.04966740,18.46098833,-2.90216631,2.99760792,2.01230835,1.99888077,0.23147178,-0.03084057,-0.05945422,-1.01693384,9.64952833,-0.49709256,0.39578835,0.61187614,4
117.37891044,31.96329646,41.04653045,14.35015396,151.67664882,41.04453045,18.46162911,-2.91332661,2.99358503,1.96493830,1.95190893,0.22438241,-0.03005859,-0.03398453,-1.09350990,9.76796896,-0.34436405,0.37163180,0.47236337,4
117.37891083,31.96329744,41.04079146,14.44500526,151.70831514,41.03879146,18.46128464,-2.88926621,2.98740838,1.90565622,1.89317641,0.21565927,-0.02843914,0.00361172,-1.04852240,9.84237025,-0.20031179,0.49863777,0.51599199,4
117.37891121,31.96329844,41.03429735,14.53985638,151.73997986,41.03229735,18.45995489,-2.84188932,2.98423670,1.83938371,1.82750107,0.20608607,-0.02677076,-0.01327122,-1.08153848,9.78648937,0.04785015,0.32886594,0.58344728,4
117.37891158,31.96329945,41.02622842,14.63470780,151.77164133,41.02422842,18.45763983,-2.78095402,2.97532921,1.75899178,1.74803674,0.19556279,-0.02491008,-0.04834886,-1.10254230,9.78936172,0.01980204,0.13699361,0.42280842,4
117.37891197,31.96330049,41.01920799,14.72956003,151.80329790,41.01720799,18.45433945,-2.71300554,2.95314630,1.64768883,1.63794555,0.18132899,-0.02248657,-0.05767493,-1.03001541,9.81887859,-0.13388926,0.16960241,0.27997659,4
117.37891233,31.96330146,41.01492228,14.82441355,151.83494792,41.01292228,18.45005370,-2.65247915,2.92588751,1.51722320,1.50849303,0.16495689,-0.02009932,-0.06058950,-1.00906942,9.81828874,-0.08463284,0.18930801,0.24332908,4
117.37891278,31.96330268,41.00966523,14.91926885,151.86658975,41.00766523,18.44478257,-2.59291752,2.87223214,1.30245211,1.29523371,0.13990929,-0.01565470,-0.03522648,-0.95598236,9.79428380,-0.06388869,0.14379954,0.17564988,4
117.37891304,31.96330285,41.00467467,15.01412643,151.89822173,41.00267467,18.43852601,-2.50602977,2.74496530,0.87064662,0.86598275,0.09277051,-0.00849997,0.00004132,-0.61308667,9.82491495,-0.04752796,0.17061812,0.08972874,4
117.37891279,31.96330149,41.00283029,15.10898679,151.92984222,41.00083029,18.43128398,-2.43270246,2.62192857,0.46525977,0.46280678,0.04933792,-0.00340749,-0.02001949,-0.27354550,9.82363135,-0.16477518,0.06515616,0.00821465,4
117.37891247,31.96330045,41.00746452,15.20385040,151.96144957,41.00546452,18.42305645,-2.39760043,2.56103740,0.33708851,0.33508784,0.03560799,-0.00222591,-0.00762287,-0.37825113,9.82182101,-0.18672392,0.07547645,0.01809633,4
117.37891228,31.96329930,41.01800000,15.29871778,151.99304213,41.01600000,18.41869627,-2.29200000,2.45100000,0.26200000,0.26000000,0.02800000,-0.00100000,-0.00100000,-0.39500000,9.82500000,-0.17500000,0.05100000,0.01200000,4
