longtitude,latitude,altitude,north,east,up,yaw,pitch,roll,vel_speed,vel_north,vel_east,vel_up,acc_x,acc_y,acc_z,gyro_x,gyro_y,gyro_z,rtk_status
117.37810796,31.96338915,41.64300000,24.78033056,75.84250694,41.64300000,111.72827624,0.23500000,-0.04100000,0.16700000,-0.05000000,0.15900000,0.00000000,0.05200000,0.31300000,9.82300000,-0.18800000,0.27100000,-5.96300000,4
117.37810901,31.96338908,41.64588046,24.74329472,75.93544036,41.64516090,111.68006563,0.25731223,-0.01799096,0.22963035,-0.07303633,0.21731127,0.00000000,-0.01418350,0.03671011,9.85318629,-0.29011112,-0.00166762,-3.66882057,4
117.37811004,31.96338888,41.64955780,24.70641674,76.02843243,41.64855780,111.58387576,0.27316615,-0.02739554,0.28778783,-0.09428643,0.27173961,0.00000000,-0.02363928,-0.05409588,9.82617703,-0.25791335,-0.06352269,-2.46759846,4
117.37811105,31.96338860,41.65264549,24.66969588,76.12148276,41.65164549,111.48815251,0.28419607,-0.03822476,0.34227134,-0.11406926,0.32265748,0.00000000,-0.00897905,-0.02120199,9.80995950,-0.19477863,-0.02552633,-1.84015412,4
117.37811205,31.96338829,41.65409403,24.63313141,76.21459095,41.65309403,111.39289616,0.29375229,-0.02390610,0.39294938,-0.13241050,0.36966729,0.00000000,-0.01513724,0.02208699,9.85005060,-0.19646866,-0.03857395,-1.14875315,4
117.37811303,31.96338798,41.65484747,24.59672260,76.30775660,41.65384747,111.29810698,0.29984263,-0.02333808,0.42468376,-0.14374804,0.39913534,0.00000299,-0.04809132,0.08727496,9.81828947,-0.11233708,-0.06824948,-1.24184801,4
117.37811401,31.96338764,41.65500251,24.56046872,76.40097931,41.65400251,111.20378525,0.31419997,-0.06202732,0.44992510,-0.15356754,0.42266260,0.00062749,-0.01342266,0.18253279,9.78759044,-0.14833480,-0.29112032,-1.03359484,4
117.37811499,31.96338730,41.65543616,24.52436904,76.49425868,41.65443616,111.10993122,0.32592234,-0.10612365,0.47837543,-0.16451463,0.44907311,0.00100000,0.03902820,0.28843411,9.78393321,-0.17975645,-0.16298192,-0.79051082,4
117.37811599,31.96338699,41.65645601,24.48842282,76.58759432,41.65545601,111.01654511,0.33464794,-0.11963582,0.50875239,-0.17573615,0.47729636,0.00100000,0.05798762,0.40267219,9.81373051,-0.20704415,0.20253247,-0.55332589,4
117.37811699,31.96338670,41.65790146,24.45262933,76.68098582,41.65690146,110.92362717,0.34614458,-0.07412221,0.53348484,-0.18447028,0.50057108,0.00100000,0.00082529,0.52818821,9.86259032,-0.29577905,0.28118343,-0.24649421,4
117.37811800,31.96338643,41.65800000,24.41698785,76.77443278,41.65700000,110.83117761,0.33970537,-0.07309437,0.55277718,-0.19182996,0.51841191,0.00100000,-0.01001952,0.51037711,9.75622978,-0.28345105,0.03595120,-0.18192169,4
117.37811901,31.96338614,41.65799998,24.38149764,76.86793482,41.65699998,110.73919662,0.34945531,-0.08072651,0.58224682,-0.20243637,0.54583038,0.00099998,0.02671793,0.47037804,9.76998417,-0.17827892,-0.06014505,-0.07807370,4
117.37812001,31.96338586,41.65799312,24.34615797,76.96149151,41.65699312,110.64768441,0.37322467,-0.09216416,0.62039978,-0.21578509,0.58144761,0.00099310,0.09784384,0.42035070,9.88987560,-0.00833341,-0.01190940,0.07317910,4
117.37812103,31.96338558,41.65745550,24.31096811,77.05510248,41.65645550,110.55664116,0.36401405,-0.05210771,0.65536361,-0.22763774,0.61469924,0.00044778,0.00608012,0.34109904,9.82705319,-0.28825065,0.17375651,0.25603917,4
117.37812203,31.96338528,41.65759222,24.27592732,77.14876732,41.65659222,110.46606703,0.35254442,-0.01691758,0.69264727,-0.24014756,0.65005732,0.00000113,-0.06620305,0.28199921,9.76326752,-0.48013689,0.25102924,0.56042398,4
117.37812301,31.96338495,41.66040997,24.24103488,77.24248562,41.65940997,110.37596219,0.34259167,-0.01291949,0.73683791,-0.25439397,0.69159192,0.00008200,-0.03945667,0.29693211,9.72611628,-0.28761792,-0.05593089,1.21991898,4
117.37812400,31.96338465,41.66289438,24.20629006,77.33625700,41.66189438,110.28632678,0.37042977,-0.04270357,0.76623473,-0.26286405,0.71949579,0.00057887,0.00624264,0.26006012,9.74513975,-0.18241856,-0.01872999,1.18980359,4
117.37812500,31.96338435,41.66500000,24.17169211,77.43008105,41.66400000,110.19716095,0.39480232,-0.06617654,0.79610568,-0.27145876,0.74795981,0.00100000,0.04412474,0.22250848,9.76997143,-0.10182555,0.03927897,1.20669012,4
117.37812598,31.96338403,41.66499990,24.13724032,77.52395738,41.66399990,110.10846481,0.39990760,-0.05456340,0.82860760,-0.28074482,0.77953310,0.00099990,0.03854071,0.18118522,9.82706371,-0.15803572,0.21293955,1.48478802,4
117.37812697,31.96338373,41.66497956,24.10293396,77.61788558,41.66397956,110.02023850,0.40448379,-0.04204593,0.86057779,-0.28983881,0.81059391,0.00097974,0.03051864,0.14065633,9.87948284,-0.21909745,0.38525134,1.75307457,4
117.37812798,31.96338344,41.66401099,24.06877228,77.71186525,41.66301099,109.93248211,0.38466404,0.01168258,0.86826253,-0.29016096,0.81824471,0.00004692,-0.08914574,0.13639552,9.71899787,-0.49401525,0.48614120,1.57023521,4
117.37812897,31.96338310,41.66238687,24.03475455,77.80589600,41.66138687,109.84519575,0.36987448,0.02966454,0.89428344,-0.29713090,0.84350245,0.00000000,-0.14222185,0.10479532,9.74861923,-0.17206107,0.07645574,1.55265493,4
117.37812995,31.96338279,41.66124811,24.00088006,77.89997743,41.66024811,109.75837950,0.37569505,0.02118844,0.89941561,-0.29699231,0.84910920,0.00000007,-0.10316797,0.14906391,9.83453972,-0.31342152,-0.19706745,1.56661321,4
117.37813094,31.96338245,41.65981217,23.96714806,77.99410913,41.65881217,109.67203344,0.36300852,-0.00442747,0.92162713,-0.30246813,0.87046300,0.00001186,-0.07931702,0.10908328,9.74275978,-0.45122671,-0.28035847,1.48943373,4
117.37813193,31.96338212,41.65853118,23.93355782,78.08829072,41.65753118,109.58615764,0.35330732,-0.02914123,0.94246214,-0.30709004,0.89091288,0.00045974,-0.04959498,0.10808855,9.64132014,-0.37254936,-0.16660167,1.48953804,4
117.37813291,31.96338179,41.65765165,23.90010862,78.18252179,41.65665165,109.50075217,0.35627701,-0.04199158,0.95923353,-0.31038553,0.90789408,0.00100000,-0.03608590,0.14564054,9.74212195,-0.32001026,0.02150070,1.58320519,4
117.37813389,31.96338143,41.65665957,23.86679971,78.27680194,41.65565957,109.41581707,0.35459239,-0.04296858,0.98354099,-0.31665667,0.93154099,0.00100000,-0.07858250,0.09938741,9.91895715,-0.46316192,0.09615584,1.59234917,4
117.37813488,31.96338110,41.65527023,23.83363038,78.37113077,41.65427023,109.33135238,0.34374205,-0.03834777,0.98701045,-0.31513420,0.93501066,0.00100020,-0.08713411,0.03052175,9.59413988,-0.26804583,0.12166796,1.43205551,4
117.37813585,31.96338076,41.65859440,23.80059988,78.46550788,41.65759440,109.24735815,0.35274868,-0.04376007,0.99911802,-0.31668293,0.94714364,0.00102580,-0.09942950,0.10724074,9.73040925,-0.13980801,-0.07405057,1.37739187,4
117.37813684,31.96338044,41.66136785,23.76770750,78.55993288,41.66036785,109.16383440,0.35623084,-0.08511758,0.99923482,-0.31478816,0.94801665,0.00180389,-0.05359324,0.06004425,9.81987433,-0.24386359,-0.45079143,1.52802393,4
117.37813783,31.96338011,41.66267561,23.73495248,78.65440537,41.66167561,109.08078114,0.35329886,-0.11541826,1.01538078,-0.31797905,0.96438078,0.00263798,0.07455077,0.10966375,9.88252607,-0.33687132,-0.01137952,1.50959260,4
117.37813882,31.96337979,41.66353934,23.70233412,78.74892494,41.66253934,108.99819839,0.33963683,-0.09924463,1.03290535,-0.32112196,0.98190544,0.00244604,0.11772965,0.13060760,9.89962278,-0.40698899,0.43769403,1.48320576,4
117.37813981,31.96337947,41.66399991,23.66985166,78.84349120,41.66299991,108.91608614,0.31565416,-0.05445442,1.04777011,-0.32319514,0.99677954,0.00157970,0.04940143,0.16781035,9.81226393,-0.45739981,0.59805360,1.56337049,4
117.37814080,31.96337916,41.66398954,23.63750439,78.93810375,41.66298954,108.83444440,0.28536245,-0.01289772,1.05793467,-0.32391376,1.00720755,0.00073236,-0.02759812,0.23972670,9.72473733,-0.52004547,0.55449346,1.67689884,4
117.37814180,31.96337887,41.66368266,23.60529156,79.03276219,41.66268266,108.75327314,0.25805675,0.01292168,1.05515771,-0.32052341,1.00531657,0.00000039,-0.02912825,0.21857717,9.86695168,-0.53745522,0.23346028,1.66938970,4
117.37814279,31.96337855,41.66199378,23.57321246,79.12746612,41.66099378,108.67257234,0.26845018,0.00044200,1.05591884,-0.31793593,1.00694076,0.00003729,-0.05632032,0.21147485,10.02792194,0.02798389,-0.31598192,1.57586195,4
117.37814379,31.96337826,41.66114376,23.54126634,79.22221514,41.66014376,108.59234199,0.25964609,-0.04026023,1.05505187,-0.31549357,1.00694040,0.00088853,0.05972452,0.21913884,9.88879682,-0.72268017,-0.29766073,1.53351889,4
117.37814478,31.96337794,41.66179237,23.50945248,79.31700886,41.66079237,108.51258203,0.22881081,-0.05608509,1.07362734,-0.31875105,1.02562713,0.00099979,0.09220884,0.22651852,9.69804849,-0.47072253,0.02578959,1.57203148,4
117.37814578,31.96337764,41.66322666,23.47777015,79.41184687,41.66222666,108.43329244,0.23100166,-0.04334890,1.08960936,-0.32130253,1.04159039,0.00098092,0.02752528,0.32182136,9.67309097,-0.14717295,0.25784386,1.60478938,4
117.37814679,31.96337736,41.66443592,23.44621860,79.50672877,41.66343592,108.35447316,0.24261471,-0.01592106,1.10757037,-0.32413927,1.05914455,0.00056412,-0.06038450,0.39539946,9.76597529,-0.12773321,0.34809859,1.51806687,4
117.37814781,31.96337710,41.66500443,23.41479712,79.60165418,41.66400443,108.27612414,0.24594468,0.00788551,1.12235157,-0.32604286,1.07359306,0.00000000,-0.11316961,0.41250860,9.89370830,-0.26329786,0.25729309,1.32375645,4
117.37814882,31.96337686,41.66515087,23.38350498,79.69662267,41.66415087,108.19824530,0.24412330,0.01242505,1.11842613,-0.32329971,1.07042613,0.00000000,-0.10026738,0.41413144,9.99993382,-0.20977044,-0.10814299,1.12603872,4
117.37814983,31.96337659,41.66675551,23.35234143,79.79163387,41.66575551,108.12083660,0.22479736,-0.00369592,1.13311518,-0.32634991,1.08511491,0.00000027,0.01694462,0.23509020,9.78496032,-0.61141899,-0.05958722,1.14101347,4
117.37815086,31.96337635,41.66899811,23.32130574,79.88668737,41.66799811,108.04389794,0.21149736,-0.01284380,1.14407933,-0.32784191,1.09605831,0.00002102,0.02154755,0.21774003,9.68175491,-0.28253167,-0.05338800,1.24176253,4
117.37815187,31.96337609,41.67086431,23.29039720,79.98178276,41.66986431,107.96742926,0.21173510,-0.01536564,1.16546566,-0.33185748,1.11704414,0.00042152,0.00910934,0.26582858,9.78005033,-0.06405479,0.03960523,1.26281454,4
117.37815288,31.96337582,41.67216501,23.25961506,80.07691966,41.67116501,107.89143046,0.22278446,-0.01021199,1.19084303,-0.33700404,1.14200714,0.00083499,0.00258034,0.28284543,9.93775128,-0.10651469,0.21099316,1.22437583,4
117.37815391,31.96337557,41.67293637,23.22895860,80.17209766,41.67193637,107.81590146,0.23974827,0.01234479,1.19599028,-0.33729410,1.14786098,0.00006385,-0.03170407,0.11845350,9.79332343,-0.17386274,0.37472202,1.28220068,4
117.37815492,31.96337531,41.67362095,23.19842707,80.26731637,41.67262095,107.74084215,0.24155675,0.03516786,1.22224828,-0.34241090,1.17364348,-0.00060480,-0.05454732,0.14129281,9.78141904,-0.22031424,0.34492679,1.33156812,4
117.37815593,31.96337506,41.67431522,23.16801976,80.36257538,41.67331522,107.66625243,0.24416948,0.04897895,1.24065374,-0.34537407,1.19165374,-0.00099925,-0.07078038,0.14186894,9.78914467,-0.16740950,0.14315701,1.34644153,4
117.37815694,31.96337483,41.67499969,23.13773593,80.45787429,41.67399969,107.59213221,0.25197475,0.04781208,1.24331757,-0.34425460,1.19431757,-0.00095761,-0.07882816,0.06815572,9.79564607,0.01560907,-0.24974385,1.30669392,4
117.37815795,31.96337457,41.67497850,23.10757485,80.55321271,41.67397850,107.51149738,0.26670615,0.02979548,1.26342951,-0.34811920,1.21442946,-0.00031719,-0.07389217,0.04135043,9.79393757,-0.06852242,-0.21065924,1.21407271,4
117.37815898,31.96337431,41.67461667,23.07755950,80.64859608,41.67361667,107.42962436,0.27404600,0.01957016,1.27784149,-0.35042933,1.22883766,-0.00000383,-0.02113736,0.05075949,9.87045980,-0.16704631,-0.08231244,1.22638412,4
117.37815999,31.96337406,41.67409307,23.04767135,80.74401923,41.67309307,107.35345070,0.27511998,0.01991173,1.28973307,-0.35201978,1.24064072,-0.00009342,0.06319988,0.08119690,9.97199277,-0.25065318,0.15222284,1.34092214,4
117.37816100,31.96337379,41.67473482,23.01790981,80.83948180,41.67373482,107.27767348,0.28302759,0.04152000,1.32161922,-0.35882829,1.27193070,-0.00075808,0.04341625,0.01711663,9.73481078,-0.13977554,0.51311528,1.44055273,4
117.37816202,31.96337353,41.67539486,22.98827425,80.93498340,41.67439486,107.20233871,0.29440239,0.09013257,1.34159532,-0.36201345,1.29198749,-0.00179779,0.01453178,0.01139678,9.68141853,-0.05700365,0.89633788,1.36840307,4
117.37816304,31.96337328,41.67599965,22.95876394,81.03052365,41.67499965,107.12749271,0.30998759,0.16150576,1.35181671,-0.36236251,1.30274421,-0.00321855,-0.03162515,0.05037165,9.78752801,0.00545270,1.21787537,1.14839733,4
117.37816404,31.96337301,41.67597827,22.92937806,81.12610213,41.67497827,107.05317510,0.33504508,0.22447591,1.36679171,-0.36530619,1.31713047,-0.00504890,-0.15316816,0.03538863,9.88499508,0.08685810,0.84157744,0.95078403,4
117.37816506,31.96337276,41.67564279,22.90011575,81.22171841,41.67464279,106.97941772,0.34869385,0.25912500,1.37037144,-0.36521698,1.32072866,-0.00600000,-0.19967299,0.00388361,9.95154520,-0.12558763,0.37980966,0.84879494,4
117.37816608,31.96337251,41.67501250,22.87097609,81.31737206,41.67401250,106.90624820,0.34880531,0.26186340,1.36304926,-0.36223870,1.31403712,-0.00599964,-0.16125923,-0.04436848,9.96511257,-0.59082165,-0.13309203,0.83482059,4
117.37816708,31.96337222,41.67502098,22.84195813,81.41306264,41.67402098,106.83369267,0.33386843,0.24728103,1.37539282,-0.36466178,1.32639282,-0.00597902,-0.07206153,-0.07410004,9.71693820,-0.15783444,-0.07207397,0.61008302,4
117.37816808,31.96337195,41.67533109,22.81306086,81.50878968,41.67433109,106.76178152,0.34759018,0.23901193,1.38666874,-0.36666935,1.33766794,-0.00566891,-0.00381744,-0.04820808,9.63505752,0.22207897,0.02338322,0.43794402,4
117.37816910,31.96337169,41.67591513,22.78428321,81.60455272,41.67491513,106.69055235,0.39570492,0.23966691,1.39667534,-0.36822877,1.34763122,-0.00508421,0.03103681,0.04002011,9.77582580,0.46177051,0.13870613,0.34633934,4
117.37817010,31.96337140,41.67533732,22.75562405,81.70035128,41.67433732,106.62004321,0.42035838,0.24865813,1.41353985,-0.37237557,1.36391476,-0.00562508,-0.01424202,0.03852822,10.02216906,0.02040763,0.13646694,0.38269700,4
117.37817110,31.96337112,41.67441832,22.72708219,81.79618487,41.67341832,106.55029124,0.42889596,0.25836621,1.42458809,-0.37500080,1.37458809,-0.00600080,-0.07069259,-0.01726572,10.05013682,-0.29839834,0.16594919,0.39365260,4
117.37817212,31.96337086,41.67313660,22.69865635,81.89205297,41.67213660,106.48133992,0.41563200,0.26816370,1.42620805,-0.37504300,1.37620805,-0.00604265,-0.12883606,-0.12733031,9.74962446,-0.34444606,0.24446475,0.35201825,4
117.37817313,31.96337060,41.67241009,22.67034520,81.98795506,41.67141009,106.41323369,0.41069347,0.27578773,1.43134797,-0.37558991,1.38134797,-0.00657050,-0.09581788,0.01668892,9.70999813,-0.24008836,0.16215119,0.31390095,4
117.37817414,31.96337034,41.67199821,22.64214732,82.08389060,41.67099821,106.34600799,0.41153843,0.27655367,1.43559900,-0.37600179,1.38559900,-0.00670454,-0.05964579,0.09926112,9.76678641,-0.11676686,0.02256271,0.30928713,4
117.37817516,31.96337008,41.67190636,22.61406124,82.17985903,41.67090636,106.27969718,0.41944389,0.26547728,1.43739273,-0.37609396,1.38739241,-0.00601471,-0.04540036,-0.00329492,9.90477567,-0.03210310,-0.14506592,0.35308698,4
117.37817617,31.96336981,41.67074779,22.58608543,82.27585979,41.66974779,106.21433851,0.41471371,0.25629444,1.44267831,-0.37726956,1.39266097,-0.00600000,-0.02240662,-0.00952017,9.85474192,-0.27147747,0.02216503,0.24562153,4
117.37817718,31.96336955,41.66974101,22.55821830,82.37189230,41.66874101,106.14996408,0.40682106,0.25256715,1.44781468,-0.37851798,1.39755569,-0.00599912,-0.00865639,0.01763358,9.78872585,-0.40427502,0.11913612,0.15564224,4
117.37817820,31.96336928,41.66911151,22.53045820,82.46795597,41.66811151,106.08660396,0.39429877,0.25769498,1.45230686,-0.37977628,1.40141906,-0.00595471,-0.01755659,0.08532395,9.71369319,-0.30790122,0.04990542,0.11172504,4
117.37817921,31.96336903,41.66898111,22.50280344,82.56405020,41.66798111,106.02429216,0.39347176,0.24385986,1.45416743,-0.38000000,1.40318632,-0.00539739,-0.07968826,-0.07700821,9.80482321,-0.07466277,-0.22501775,0.14009195,4
117.37818022,31.96336878,41.66872561,22.47525225,82.66017439,41.66772561,105.96305861,0.40587260,0.22000137,1.45500759,-0.38000190,1.40428104,-0.00472561,-0.10655920,-0.16108338,9.89189994,0.13525961,-0.37940805,0.11397555,4
117.37818124,31.96336853,41.66809270,22.44780283,82.75632791,41.66709270,105.90293221,0.43440985,0.18749546,1.45539209,-0.38009824,1.40525111,-0.00409312,-0.04689835,-0.01821903,9.89901069,0.18458210,-0.22413622,-0.02961842,4
117.37818226,31.96336828,41.66800000,22.42045333,82.85251013,41.66700000,105.84394493,0.42332952,0.18040541,1.46020525,-0.38131239,1.40959334,-0.00402214,0.03063325,0.05713229,9.81999572,-0.50904063,0.05004969,-0.05492151,4
117.37818327,31.96336804,41.66800105,22.39320182,82.94872042,41.66700105,105.78612588,0.39580476,0.18457685,1.46733325,-0.38323762,1.41633325,-0.00431178,0.07550613,0.04468949,9.76552621,-0.88436884,0.27956773,-0.02045837,4
117.37818429,31.96336779,41.66805331,22.36604636,83.04495812,41.66705331,105.72950162,0.35732157,0.20137383,1.47596740,-0.38568237,1.42496740,-0.00504121,0.06416527,-0.05724491,9.76764130,-0.58994173,0.42992256,0.07079507,4
117.37818531,31.96336754,41.66865823,22.33898494,83.14122259,41.66765823,105.67409536,0.35665312,0.24649526,1.47554158,-0.38531333,1.42454160,-0.00634486,0.00630931,0.09239385,9.75988143,-0.14026737,0.73783786,0.14253501,4
117.37818634,31.96336729,41.66899448,22.31201551,83.23751315,41.66799448,105.61993073,0.37063781,0.28787849,1.47307776,-0.38461188,1.42207961,-0.00737709,-0.10917898,0.14481041,9.81112124,0.08471643,0.56495438,0.12444286,4
117.37818735,31.96336704,41.66879644,22.28513599,83.33382915,41.66779644,105.56702978,0.39282740,0.31646767,1.46898779,-0.38366260,1.41805542,-0.00793169,-0.25739774,0.07734049,9.92174152,0.01669267,-0.08374818,0.02760184,4
117.37818836,31.96336681,41.66678042,22.25834426,83.43016990,41.66578042,105.51541257,0.38964401,0.29051134,1.45918888,-0.38039614,1.40891666,-0.00723676,-0.18574281,0.12945359,9.98506599,-0.42948071,-0.28042879,0.05162045,4
117.37818938,31.96336658,41.66552372,22.23163817,83.52653473,41.66452372,105.46509734,0.36714240,0.26216251,1.45645632,-0.37947628,1.40644716,-0.00655123,-0.05356614,0.15111095,9.83587242,-0.52186587,-0.27435776,0.04293726,4
117.37819040,31.96336634,41.66453948,22.20501554,83.62292296,41.66353948,105.41610014,0.34329174,0.23648312,1.45984033,-0.38045964,1.40968740,-0.00599912,0.08309395,0.16582563,9.60548328,-0.29601198,-0.11188906,0.04385017,4
117.37819142,31.96336610,41.66247642,22.17847415,83.71933389,41.66147642,105.36843918,0.37137253,0.23048884,1.46800565,-0.38247893,1.41719402,-0.00595601,0.05336748,0.23849289,9.68509007,0.17286888,0.09392658,0.19544734,4
117.37819244,31.96336586,41.66095208,22.15201175,83.81576684,41.65995208,105.32213350,0.39035988,0.23506358,1.47309279,-0.38348149,1.42210979,-0.00546754,-0.00788184,0.25936831,9.96148024,-0.07538494,0.07958510,0.46142272,4
117.37819347,31.96336562,41.66024167,22.12562607,83.91222112,41.65924167,105.27720331,0.38958429,0.23650103,1.47456876,-0.38328229,1.42380730,-0.00500000,-0.07619127,0.23190456,10.10286056,-0.55787408,-0.02987106,0.63128206,4
117.37819449,31.96336540,41.66103382,22.09931480,84.00869602,41.66003382,105.23366885,0.35093965,0.22115359,1.47072700,-0.38126028,1.42060644,-0.00500000,-0.12185534,0.15047967,9.76026332,-0.86616893,-0.13617427,0.47065474,4
117.37819552,31.96336518,41.66283302,22.07307558,84.10519083,41.66183302,105.19155201,0.31433123,0.21157581,1.47018423,-0.37985475,1.42018423,-0.00500000,-0.06432643,0.18703599,9.62935358,-0.61246347,-0.03166085,0.35049468,4
117.37819654,31.96336495,41.66460019,22.04690602,84.20170485,41.66360019,105.15087307,0.29320038,0.20336195,1.47241230,-0.37960135,1.42241230,-0.00499885,-0.02306140,0.18891196,9.66460545,-0.31822315,-0.03170080,0.33170510,4
117.37819756,31.96336473,41.66584273,22.02080370,84.29823736,41.66484273,105.11164735,0.29566094,0.19419411,1.47793154,-0.38089909,1.42793154,-0.00494514,-0.03758574,0.10536608,9.87627647,-0.19361715,-0.23252816,0.46177914,4
117.37819859,31.96336451,41.66602484,21.99476617,84.39478764,41.66502484,105.07389259,0.29483294,0.17593393,1.48469997,-0.38169979,1.43469997,-0.00439953,0.02608811,0.15479217,9.97806598,-0.35378699,0.00877211,0.61000923,4
117.37819962,31.96336427,41.66631469,21.96879096,84.49135496,41.66531469,105.03763136,0.28127723,0.17484231,1.49361623,-0.38293489,1.44361623,-0.00431125,0.02782454,0.17982171,9.91480238,-0.55585679,0.25334343,0.60280864,4
117.37820064,31.96336405,41.66701884,21.94287554,84.58793860,41.66601884,105.00288778,0.25134020,0.19619536,1.50405751,-0.38462142,1.45405796,-0.00485501,-0.06722757,0.14713259,9.66894389,-0.71851114,0.34038100,0.40042651,4
117.37820167,31.96336384,41.66822356,21.91701734,84.68453782,41.66722356,104.96968503,0.22840969,0.18435752,1.50246084,-0.38377644,1.45248275,-0.00435534,-0.10971313,0.14496416,9.66930580,-0.47051790,-0.28686417,0.43969398,4
117.37820270,31.96336360,41.66927683,21.89121375,84.78115186,41.66827683,104.93804906,0.21958596,0.15552069,1.50085568,-0.38272864,1.45113142,-0.00344633,-0.09622534,0.15945023,9.74147398,-0.09617118,-0.68042517,0.49989498,4
117.37820371,31.96336337,41.66987437,21.86546213,84.87777999,41.66887437,104.90800640,0.23377239,0.11158114,1.50380907,-0.38238227,1.45463283,-0.00225091,-0.00219072,0.18106406,9.86374228,0.29736400,-0.42984888,0.51829268,4
117.37820474,31.96336315,41.66996757,21.83975978,84.97442143,41.66896757,104.87958115,0.25815044,0.10673234,1.51647352,-0.38492480,1.46689830,-0.00204864,0.10110006,0.08586548,9.99709335,-0.02842754,0.13490051,0.49472288,4
117.37820576,31.96336292,41.66957540,21.81410395,85.07107541,41.66857540,104.85280342,0.26582657,0.12612077,1.53406557,-0.38869583,1.48385412,-0.00263858,0.15817666,0.01262995,9.97619380,-0.49101508,0.66640109,0.52722635,4
117.37820678,31.96336269,41.66842775,21.78849185,85.16774116,41.66742775,104.82770570,0.22974596,0.17833945,1.55579404,-0.39317046,1.50504745,-0.00443746,0.09207750,0.06068498,9.62093847,-0.76360686,0.89094656,0.70579876,4
117.37820779,31.96336246,41.66800431,21.76292064,85.26441788,41.66700431,104.80431939,0.21129760,0.23246824,1.56307908,-0.39365635,1.51252551,-0.00588642,-0.06679605,0.08294971,9.61642880,-0.36973165,0.75994781,0.76729969,4
117.37820882,31.96336224,41.66814317,21.73738739,85.36110477,41.66714317,104.78267032,0.20636602,0.27953931,1.56092830,-0.39164237,1.51099959,-0.00692811,-0.25657153,0.09094051,9.82977149,0.25465714,0.38220482,0.74871990,4
117.37820985,31.96336201,41.66936445,21.71188918,85.45780102,41.66836445,104.76257032,0.22401134,0.25754744,1.55186440,-0.38860285,1.50253267,-0.00630381,-0.23915588,0.10242990,10.09581454,-0.47734204,-0.26199604,0.64251014,4
117.37821089,31.96336179,41.67032662,21.68642371,85.55450602,41.66932662,104.74400838,0.20644922,0.22777941,1.54573173,-0.38635631,1.49673173,-0.00567338,-0.16053400,0.04893867,10.03198438,-0.88968532,-0.52816974,0.54081413,4
117.37821191,31.96336157,41.67096210,21.66098810,85.65121900,41.66996210,104.72717705,0.15062313,0.18969547,1.54488147,-0.38550783,1.49588147,-0.00503761,-0.01561496,-0.06396221,9.59752940,-0.82672656,-0.33571352,0.45079875,4
117.37821292,31.96336132,41.67156251,21.63557941,85.74793914,41.67056251,104.71209247,0.14903901,0.16507321,1.55894966,-0.38840355,1.50994966,-0.00442325,0.03258107,0.02437294,9.56272148,-0.08785988,-0.27208718,0.41884250,4
117.37821393,31.96336106,41.67199918,21.61019468,85.84466566,41.67099918,104.69877042,0.16354997,0.14750891,1.57365182,-0.39137895,1.52465099,-0.00381258,0.04714864,0.11201060,9.72124934,0.37542786,-0.18126239,0.42375553,4
117.37821495,31.96336082,41.67196238,21.58483093,85.94139774,41.67096238,104.68722581,0.19086847,0.14353397,1.58250339,-0.39264872,1.53346576,-0.00326971,0.01971978,0.08715824,10.16186922,-0.25733130,0.04825287,0.50629953,4
117.37821597,31.96336058,41.67159365,21.55948516,86.03813458,41.67059365,104.67747853,0.18010990,0.14837893,1.59315729,-0.39422167,1.54375094,-0.00340899,0.00683622,0.01092487,10.10915255,-0.60254515,0.22905616,0.63625552,4
117.37821699,31.96336034,41.67111427,21.53415431,86.13487535,41.67011427,104.66954776,0.14632697,0.15985487,1.60408964,-0.39577722,1.55420317,-0.00400465,-0.00133899,-0.08275319,9.74936685,-0.70536700,0.35230810,0.76419009,4
117.37821801,31.96336012,41.67163039,21.50883531,86.23161922,41.67063039,104.66344520,0.13440946,0.17757673,1.60683753,-0.39538749,1.55743217,-0.00459464,-0.05238328,-0.02976951,9.59760752,-0.36618760,0.25569807,0.59950095,4
117.37821904,31.96335989,41.67243719,21.48352507,86.32836537,41.67143719,104.65917333,0.13335767,0.19173794,1.60865713,-0.39478006,1.55965713,-0.00499910,-0.08966052,0.00628672,9.60757780,-0.03122932,0.15522682,0.47303234,4
117.37822007,31.96335966,41.67352664,21.45822052,86.42511295,41.67252664,104.65673109,0.14997801,0.19561382,1.61035155,-0.39417509,1.56135155,-0.00495894,-0.08514719,-0.02544069,9.90377463,0.14070328,0.09254955,0.50484691,4
117.37822109,31.96335944,41.67356983,21.43291856,86.52186115,41.67256983,104.65611619,0.15854477,0.19103005,1.61100871,-0.39356693,1.56200871,-0.00456693,-0.07283307,-0.00158825,10.02374410,-0.10355118,-0.04769580,0.55043535,4
117.37822211,31.96335921,41.67315038,21.40761611,86.61860914,41.67215038,104.65731689,0.15951201,0.18047329,1.61139068,-0.39301839,1.56239116,-0.00401839,-0.05570355,0.04396971,9.99487597,-0.54133172,-0.21157668,0.59446070,4
117.37822313,31.96335897,41.67435101,21.38231015,86.71535609,41.67335101,104.66031288,0.13974217,0.16367372,1.61487215,-0.39297739,1.56589476,-0.00397739,-0.03885460,-0.01338353,9.64720178,-0.41929138,-0.17024540,0.55370605,4
117.37822415,31.96335873,41.67604245,21.35699764,86.81210121,41.67504245,104.66508384,0.13723897,0.14618472,1.61805177,-0.39274094,1.56931187,-0.00373887,-0.02326962,-0.00462239,9.51413501,-0.15189437,-0.15960044,0.52593460,4
117.37822517,31.96335849,41.67839469,21.33167563,86.90884368,41.67739469,104.67161191,0.16444100,0.12868180,1.62081697,-0.39222168,1.57264219,-0.00312795,-0.01046936,0.10380567,9.76919374,0.25725487,-0.19703949,0.53398785,4
117.37822619,31.96335826,41.67995303,21.30634116,87.00558273,41.67895303,104.67988106,0.17856930,0.11840121,1.62626351,-0.39247797,1.57826351,-0.00253076,-0.00313836,0.02480675,9.99600001,-0.00413065,-0.07547545,0.61430534,4
117.37822722,31.96335804,41.68108130,21.28099132,87.10231756,41.68008130,104.68987277,0.18374167,0.11487056,1.63305013,-0.39308017,1.58505013,-0.00216261,0.00263078,-0.10524016,10.13342821,-0.49562502,0.14237000,0.71272507,4
117.37822824,31.96335780,41.68168369,21.25562321,87.19904740,41.68068369,104.70156542,0.16770058,0.13709009,1.64057153,-0.39363093,1.59257153,-0.00336740,0.01179652,-0.00873512,9.74700455,-0.47856363,0.51746925,0.70640960,4
117.37822927,31.96335758,41.68228981,21.23023399,87.29577147,41.68128981,104.71493972,0.15922902,0.16987133,1.64527701,-0.39370670,1.59727817,-0.00457844,-0.01110758,0.02873521,9.55590782,-0.30452960,0.67038826,0.65225716,4
117.37823030,31.96335737,41.68285271,21.20482083,87.39248902,41.68185271,104.72997642,0.16453389,0.21331621,1.64527867,-0.39299091,1.59733085,-0.00565325,-0.07832022,-0.00770487,9.67895793,0.06338297,0.46812397,0.50530978,4
117.37823133,31.96335715,41.68300000,21.17938097,87.48919929,41.68200000,104.74665083,0.19209329,0.21560149,1.64040198,-0.39148322,1.59291019,-0.00549180,-0.12146009,0.06102187,10.03181289,0.11506515,0.02148299,0.16459644,4
117.37823235,31.96335693,41.68300073,21.15391165,87.58590154,41.68200073,104.76493282,0.21558173,0.20222906,1.63488711,-0.39013044,1.58788564,-0.00500000,-0.13537498,0.12760776,10.30799249,-0.07688473,-0.35557011,-0.23972272,4
117.37823337,31.96335670,41.68303337,21.12841021,87.68259504,41.68203337,104.78478803,0.18493383,0.18440246,1.63486400,-0.39093680,1.58779727,-0.00500000,-0.05546934,0.01652806,9.87818956,-0.78540514,-0.05064940,-0.61330351,4
117.37823439,31.96335647,41.68334594,21.10287403,87.77927907,41.68234594,104.80618157,0.15868025,0.17079112,1.63987025,-0.39342021,1.59217972,-0.00499735,0.01814280,-0.07250401,9.60263630,-0.67502640,-0.04664743,-0.91267692,4
117.37823542,31.96335624,41.68395314,21.07730054,87.87595293,41.68295314,104.82907516,0.14258636,0.16082121,1.64974603,-0.39761941,1.60089692,-0.00488286,0.07454323,-0.11567146,9.54612601,0.20297400,-0.30896893,-1.15220274,4
117.37823644,31.96335600,41.68452292,21.05168725,87.97261594,41.68352292,104.85342086,0.17010875,0.14486735,1.65611315,-0.40141724,1.60653936,-0.00391601,0.04687443,0.01817660,9.93306052,0.28285440,-0.15579609,-1.53753773,4
117.37823745,31.96335576,41.68466756,21.02603177,88.06926744,41.68366756,104.87916748,0.19296632,0.13516841,1.66232460,-0.40566387,1.61199132,-0.00316664,0.01991646,0.11316955,10.26318166,-0.01855702,0.09339439,-1.90383338,4
117.37823847,31.96335553,41.68350115,21.00033179,88.16590677,41.68250115,104.90626719,0.16616654,0.15031566,1.67037967,-0.41156909,1.61884340,-0.00376814,0.05602952,-0.03902898,10.05929267,-0.86137532,0.31271686,-2.07837018,4
117.37823949,31.96335530,41.68263221,20.97458506,88.26253333,41.68163221,104.93467567,0.12680022,0.16639174,1.67549423,-0.41661346,1.62274856,-0.00437067,0.06295665,-0.07443818,9.73798584,-0.96784094,0.32006648,-2.07793492,4
117.37824052,31.96335507,41.68226967,20.94878942,88.35914651,41.68126967,104.96435216,0.08337823,0.18050602,1.67792453,-0.42080840,1.62402434,-0.00485510,0.03969816,-0.00942842,9.38548835,-0.41021287,0.13465118,-1.92583492,4
117.37824155,31.96335485,41.68366060,20.92294277,88.45574571,41.68266060,104.99525670,0.09702612,0.17258282,1.68021413,-0.42447375,1.62563009,-0.00441596,-0.00990166,0.01077460,9.61825788,0.06999604,-0.04725249,-1.83830573,4
117.37824258,31.96335463,41.68443882,20.89704310,88.55233037,41.68343882,105.02734868,0.11725721,0.15751564,1.68126396,-0.42775295,1.62607596,-0.00381295,-0.04406931,0.04137210,9.92196209,0.21107305,-0.21572421,-1.82146195,4
117.37824360,31.96335440,41.68261594,20.87108843,88.64889993,41.68161594,105.06058596,0.12344843,0.13312943,1.67936079,-0.43038628,1.62352460,-0.00320531,-0.02118146,0.10611868,10.09604786,-0.52798435,-0.33832889,-1.96773111,4
117.37824462,31.96335417,41.68080572,20.84507688,88.74545384,41.67980572,105.09492282,0.09274130,0.10822683,1.68158124,-0.43458438,1.62478401,-0.00259981,0.00478664,0.02218774,9.93130788,-0.91931634,-0.37858749,-2.07323809,4
117.37824565,31.96335394,41.67906687,20.81900666,88.84199159,41.67806687,105.13031449,0.04178004,0.08164861,1.68673637,-0.43986802,1.62873574,-0.00193228,0.03524073,-0.13924793,9.56648206,-0.92326235,-0.36051225,-2.12336125,4
117.37824667,31.96335371,41.67778727,20.79287602,88.93851268,41.67678727,105.16672136,0.05165004,0.04623389,1.69025277,-0.44428138,1.63104004,-0.00080568,0.08097528,-0.02997658,9.65902945,-0.08363186,-0.37180868,-1.98569849,4
117.37824769,31.96335348,41.67658090,20.76668329,89.03501660,41.67558090,105.20410320,0.06870506,0.01749372,1.69555115,-0.44887767,1.63513400,0.00020614,0.12355591,0.05442067,9.84700858,0.34747703,-0.28497325,-1.71408563,4
117.37824871,31.96335325,41.67535243,20.74042689,89.13150290,41.67435243,105.24241876,0.07795602,0.00943806,1.70551589,-0.45405303,1.64395327,0.00067512,0.14929993,-0.01073399,10.06647407,-0.43274842,0.03595678,-1.20170490,4
117.37824973,31.96335301,41.67381130,20.71410528,89.22797112,41.67281130,105.28163462,0.05411092,0.01676817,1.71455819,-0.45798584,1.65216195,0.00020442,0.14076021,-0.06128339,9.97241605,-0.85262946,0.28911256,-0.79045267,4
117.37825076,31.96335278,41.67221977,20.68771698,89.32442080,41.67121977,105.32172242,0.01002508,0.03742138,1.72243112,-0.46083072,1.65950438,-0.00098529,0.09927729,-0.08593506,9.66895820,-0.90669168,0.47583740,-0.49798427,4
117.37825178,31.96335256,41.67200000,20.66126057,89.42085152,41.67100000,105.36264817,0.00395792,0.06831871,1.72669213,-0.46264373,1.66369213,-0.00211821,0.01163121,-0.00918185,9.60253370,-0.33360626,0.54774899,-0.50092618,4
117.37825280,31.96335234,41.67199784,20.63473466,89.51726286,41.67099784,105.40437399,0.00958281,0.09381784,1.72660770,-0.46332348,1.66360770,-0.00283060,-0.06550380,0.02562114,9.68336168,0.16111666,0.45361513,-0.54078900,4
117.37825382,31.96335210,41.67190685,20.60813797,89.61365440,41.67090685,105.44686149,0.03081122,0.09543919,1.71502609,-0.46108908,1.65202607,-0.00226062,-0.08067210,-0.11152917,10.07205102,0.05347372,-0.06603714,-0.55049134,4
117.37825485,31.96335188,41.67114690,20.58146925,89.71002577,41.67014690,105.49006476,0.03261583,0.08645314,1.70829629,-0.46043154,1.64529379,-0.00200000,-0.05865134,-0.12742843,10.10854730,-0.28448339,-0.18995480,-0.58638205,4
117.37825588,31.96335164,41.67000043,20.55472736,89.80637659,41.66900043,105.53393186,0.02004540,0.07002308,1.70608451,-0.46116303,1.64300343,-0.00199914,-0.00576672,-0.04909235,9.83817195,-0.64722693,-0.01353856,-0.63197253,4
117.37825689,31.96335139,41.67001946,20.52791124,89.90270654,41.66901946,105.57841569,0.02206298,0.06312646,1.70679723,-0.46232198,1.64315570,-0.00196108,0.04179909,-0.02150584,9.52760358,0.06562987,-0.04969669,-0.59722503,4
117.37825790,31.96335115,41.67020669,20.50101990,89.99901527,41.66920669,105.62347103,0.04251501,0.05454822,1.70890293,-0.46384812,1.64469061,-0.00157651,0.06409291,0.01270256,9.50137225,0.51964387,-0.06332435,-0.56172436,4
117.37825893,31.96335090,41.67052693,20.47405243,90.09530249,41.66952693,105.66904764,0.10158030,0.04320933,1.71355607,-0.46601456,1.64879049,-0.00051657,0.03216142,0.05372398,10.07648811,0.34545864,-0.01602556,-0.52276169,4
117.37825994,31.96335065,41.66888121,20.44700801,90.19156792,41.66788121,105.71509524,0.12973919,0.04054519,1.71304544,-0.46658117,1.64804544,-0.00042451,0.03229280,0.02950979,10.21948064,-0.05517578,0.09824311,-0.47080799,4
117.37826095,31.96335041,41.66594750,20.41988591,90.28781131,41.66494750,105.76157351,0.13204708,0.04415506,1.70940242,-0.46619080,1.64440242,-0.00104018,0.04580177,-0.03547983,10.00448304,-0.50137303,0.21861517,-0.41956749,4
117.37826197,31.96335016,41.66406244,20.39268544,90.38403241,41.66306244,105.80848934,0.11509774,0.04644210,1.70980925,-0.46716475,1.64480925,-0.00156967,-0.00592892,-0.05100100,9.55305938,-0.14584974,0.05526916,-0.43689661,4
117.37826299,31.96334991,41.66222361,20.36540584,90.48023096,41.66122361,105.85581945,0.11316680,0.04230833,1.70664039,-0.46723372,1.64163895,-0.00148625,-0.03360094,-0.04794859,9.41172258,0.20832584,-0.08466250,-0.45968610,4
117.37826401,31.96334965,41.66027877,20.33804651,90.57640675,41.65927877,105.90348508,0.14376193,0.02695270,1.69723418,-0.46569729,1.63217448,-0.00034534,-0.00460007,-0.01106025,9.86145873,0.38530305,-0.11760087,-0.48812110,4
117.37826502,31.96334940,41.65798639,20.31060694,90.67255958,41.65698639,105.95141406,0.18003927,0.01857418,1.69649931,-0.46650068,1.63100272,0.00000000,0.03207057,0.05886587,10.02529000,0.12188336,0.00432584,-0.54868385,4
117.37826604,31.96334916,41.65544200,20.28308679,90.76868930,41.65444200,105.99952385,0.20812777,0.01487290,1.69933821,-0.46822517,1.63333731,0.00000000,0.06189841,0.09970973,10.00470239,-0.29715334,0.15170162,-0.59486765,4
117.37826705,31.96334890,41.65247376,20.25548582,90.86479581,41.65147376,106.04773414,0.18356951,0.01880797,1.70125849,-0.46949314,1.63522093,0.00000000,0.04106294,-0.06267346,9.69864921,-0.47774227,0.08548362,-0.50049412,4
117.37826807,31.96334863,41.65032194,20.22780395,90.96087904,41.64932194,106.09597357,0.17745439,0.01564473,1.70367550,-0.47101110,1.63733902,0.00000000,0.03439543,-0.05489193,9.60357644,-0.19245204,0.03152033,-0.45006494,4
117.37826909,31.96334838,41.64904273,20.20004118,91.05693894,41.64804273,106.14417778,0.19257275,0.00690637,1.70610021,-0.47269374,1.63922527,-0.00000030,0.04346883,0.11662799,9.76623060,0.46507132,0.02334911,-0.45258525,4
117.37827010,31.96334812,41.64731133,20.17219766,91.15297551,41.64631133,106.19228786,0.20684586,0.01535083,1.70494971,-0.47358629,1.63793567,-0.00001404,0.04844406,0.07700307,10.01504366,0.04960973,0.21919896,-0.46910555,4
117.37827111,31.96334785,41.64531996,20.14427358,91.24898877,41.64431996,106.24024220,0.20981949,0.02964219,1.70452360,-0.47451003,1.63735358,-0.00017217,0.04750835,-0.01672562,10.13778267,-0.57162542,0.41210263,-0.46910826,4
117.37827213,31.96334760,41.64308935,20.11626929,91.34497877,41.64208935,106.28797096,0.17970618,0.04677097,1.70928346,-0.47618299,1.64155580,-0.00081617,0.03016018,-0.06405176,9.79842327,-0.74478410,0.40601452,-0.41260835,4
117.37827314,31.96334735,41.64200000,20.08818522,91.44094560,41.64100000,106.33540458,0.16513227,0.07014317,1.70972432,-0.47700194,1.64172432,-0.00175402,0.00098506,-0.00224062,9.62765802,-0.42031481,0.45418093,-0.42827831,4
117.37827415,31.96334710,41.64200000,20.06002194,91.53688939,41.64100000,106.38247336,0.17019639,0.09597378,1.70619174,-0.47707628,1.63819174,-0.00275605,-0.03712484,0.12825272,9.66354019,0.25248507,0.48003670,-0.50703748,4
117.37827517,31.96334685,41.64200000,20.03178014,91.63281030,41.64100000,106.42909524,0.20354961,0.09944533,1.70354449,-0.47756128,1.63554449,-0.00241959,-0.05847809,0.04131753,9.97021978,0.12635305,0.06084585,-0.54763858,4
117.37827619,31.96334660,41.64200131,20.00346064,91.72870853,41.64100131,106.47518172,0.22313822,0.09403636,1.70057288,-0.47779987,1.63257157,-0.00200000,-0.05528955,-0.03604065,10.16292806,-0.21111104,-0.24200141,-0.56131676,4
117.37827720,31.96334634,41.64205232,19.97506443,91.82458433,41.64105232,106.52064938,0.19601651,0.07743671,1.69704804,-0.47744207,1.62899572,-0.00200000,-0.00155623,0.00722591,9.92770063,-0.61189919,-0.05913372,-0.52842066,4
117.37827821,31.96334608,41.64242616,19.94659261,91.92043800,41.64142616,106.56541294,0.18388613,0.06834130,1.69838757,-0.47869812,1.62996141,-0.00199567,0.01917195,0.00215541,9.65186128,-0.30204468,-0.04799735,-0.52813535,4
117.37827922,31.96334582,41.64302732,19.91804646,92.01626986,41.64202732,106.60938546,0.18828523,0.06086248,1.70239117,-0.48086403,1.63336266,-0.00183155,0.01215540,-0.02700183,9.45185662,0.34966038,-0.17383758,-0.54880309,4
117.37828023,31.96334555,41.64356184,19.88942738,92.11208030,41.64256184,106.65248990,0.22631304,0.03167561,1.70187633,-0.48168586,1.63226488,-0.00075231,-0.01806570,0.00184263,9.85815213,0.05134974,-0.37404513,-0.55613058,4
117.37828125,31.96334528,41.64352379,19.86073688,92.20786973,41.64252379,106.69465495,0.25184311,0.00313721,1.70196100,-0.48272147,1.63195957,0.00023953,-0.02242326,0.01559713,10.16522353,-0.26020346,-0.41291768,-0.55523399,4
117.37828226,31.96334502,41.64254408,19.83197661,92.30363860,41.64154408,106.73580537,0.24311259,-0.01702029,1.70425006,-0.48446574,1.63419369,0.00078433,0.02732271,-0.01069960,10.08727076,-0.33944582,-0.13437516,-0.54149958,4
117.37828327,31.96334476,41.64289807,19.80314834,92.39938741,41.64189807,106.77586938,0.22874112,-0.02503458,1.70590729,-0.48589807,1.63546056,0.00100231,0.05166452,-0.00791376,9.75928714,-0.21903119,-0.03400402,-0.53152398,4
117.37828429,31.96334451,41.64428605,19.77425396,92.49511668,41.64328605,106.81477801,0.21588252,-0.02632650,1.70763379,-0.48728477,1.63657963,0.00108822,0.05423260,-0.00165385,9.37415176,0.02772218,-0.04811908,-0.52001088,4
117.37828531,31.96334425,41.64655272,19.74529545,92.59082697,41.64555272,106.85246046,0.23356222,-0.03450637,1.71184020,-0.48949967,1.64021528,0.00162492,0.02829947,-0.07227157,9.60538768,0.22670234,-0.04454735,-0.48922572,4
117.37828632,31.96334400,41.64849797,19.71627495,92.68651888,41.64749797,106.88884817,0.25865435,-0.04126863,1.71350607,-0.49100459,1.64150454,0.00200000,0.00918961,-0.03359063,9.90609929,0.22141821,0.00186210,-0.49093245,4
117.37828733,31.96334374,41.64953732,19.68719467,92.78219305,41.64853732,106.92387562,0.28795322,-0.04476521,1.71038804,-0.49117843,1.63832856,0.00200000,0.00522570,0.17841053,10.17332771,-0.17341823,0.08818094,-0.55087427,4
117.37828835,31.96334349,41.64954934,19.65805696,92.87785014,41.64854934,106.95748267,0.27896563,-0.05106931,1.71034218,-0.49236178,1.63788661,0.00200490,-0.01087929,0.07726733,9.90366072,-0.55684477,-0.08448551,-0.56315791,4
117.37828937,31.96334323,41.64922381,19.62886425,92.97349085,41.64822381,106.98961052,0.25618283,-0.06310328,1.71097183,-0.49370978,1.63800741,0.00218587,-0.01850305,-0.14823246,9.43852723,-0.69349238,-0.35222701,-0.55007870,4
117.37829037,31.96334297,41.65034499,19.59961907,93.06911592,41.64934499,107.02020419,0.28179417,-0.09643503,1.70600903,-0.49291031,1.63297712,0.00328116,0.05795827,-0.05305227,9.62775057,0.42334301,-0.29894881,-0.55126814,4
117.37829138,31.96334271,41.65156248,19.57032403,93.16472609,41.65056248,107.04921521,0.32101776,-0.11792663,1.70565862,-0.49368911,1.63237655,0.00399666,0.11812620,0.05879503,9.89782824,0.89983667,-0.12370244,-0.56392719,4
117.37829239,31.96334246,41.65269813,19.54098182,93.26032215,41.65169813,107.07660221,0.36864169,-0.11516184,1.71313463,-0.49715891,1.63925331,0.00387099,0.13618942,0.12707853,10.13512219,0.22337325,0.19932740,-0.57720879,4
117.37829341,31.96334218,41.65348395,19.51159519,93.35590491,41.65248395,107.10233096,0.37069143,-0.09663314,1.71887158,-0.49993327,1.64439015,0.00303463,0.12068519,0.01027654,9.87738761,-0.25229689,0.46928899,-0.49313069,4
117.37829443,31.96334193,41.65408502,19.48216696,93.45147518,41.65308502,107.12637067,0.35328811,-0.06748383,1.72366356,-0.50224089,1.64867396,0.00192538,0.08146289,-0.14619165,9.47547164,-0.49179794,0.68334380,-0.37824752,4
117.37829544,31.96334167,41.65464445,19.45269996,93.54703379,41.65364445,107.14869564,0.36004001,-0.02661785,1.72748051,-0.50377992,1.65248051,0.00135555,0.00870055,-0.00501954,9.68227149,-0.04470431,0.71298785,-0.37184416,4
117.37829645,31.96334140,41.65499822,19.42319710,93.64258161,41.65399822,107.16928283,0.38087360,0.00192084,1.72496475,-0.50363021,1.64996475,0.00100000,-0.06048477,0.09209885,9.91892739,0.20250896,0.47288370,-0.38820466,4
117.37829746,31.96334112,41.65493150,19.39366130,93.73811949,41.65393150,107.18811052,0.41739130,0.00464935,1.71223235,-0.50080628,1.63723235,0.00100002,-0.11057170,0.09044514,10.11649508,0.01598693,-0.15117640,-0.44287033,4
117.37829847,31.96334085,41.65450440,19.36409552,93.83364830,41.65350440,107.20515758,0.40602216,-0.01503524,1.70450165,-0.49950440,1.62950165,0.00100345,-0.09157654,0.02587658,9.90604035,-0.50846469,-0.29014635,-0.51181558,4
117.37829948,31.96334059,41.65411001,19.33450277,93.92916895,41.65311001,107.22041096,0.37709292,-0.04263783,1.69979723,-0.49911539,1.62479508,0.00111001,-0.03411451,-0.04586495,9.56982686,-0.90414441,-0.20363635,-0.58745398,4
117.37830048,31.96334030,41.65473103,19.30488603,94.02468232,41.65373103,107.23387232,0.37470805,-0.05745940,1.69922102,-0.49994450,1.62413563,0.00173103,0.04981458,-0.00970418,9.58385474,0.05894001,-0.12535420,-0.65001498,4
117.37830148,31.96334002,41.65533937,19.27524832,94.12018930,41.65433937,107.24554823,0.39219219,-0.07151457,1.70278346,-0.50205236,1.62710069,0.00234139,0.09055191,-0.00393637,9.78771615,0.33838806,-0.10861240,-0.61376151,4
117.37830249,31.96333973,41.65579079,19.24559260,94.21569079,41.65479079,107.25544518,0.42719646,-0.08325165,1.71031423,-0.50536598,1.63357733,0.00286821,0.08262605,-0.02525102,10.13749442,-0.14062915,-0.11580098,-0.46087894,4
117.37830349,31.96333945,41.65544910,19.21592185,94.31118767,41.65444910,107.26357416,0.43075947,-0.08663907,1.71313566,-0.50710181,1.63613566,0.00298871,0.08276156,0.00162823,10.06870337,-0.40366845,0.13665743,-0.30140215,4
117.37830450,31.96333918,41.65484551,19.18623900,94.40668083,41.65384551,107.26995178,0.42181254,-0.08203210,1.71474214,-0.50829965,1.63774214,0.00284668,0.07307171,0.06938227,9.86442095,-0.48848802,0.38648544,-0.17201898,4
117.37830550,31.96333891,41.65424686,19.15654698,94.50217114,41.65324686,107.27459433,0.40501882,-0.06089128,1.71656469,-0.50913673,1.63956469,0.00229306,0.01824829,0.19576591,9.69417580,-0.25607459,0.30154694,-0.15246028,4
117.37830651,31.96333864,41.65363306,19.12684867,94.59765946,41.65263306,107.27751923,0.38412653,-0.05270580,1.71138321,-0.50782345,1.63438549,0.00200456,-0.04290964,0.12415477,9.66768368,-0.41965593,0.07608617,-0.10517840,4
117.37830753,31.96333836,41.65292426,19.09714692,94.69314667,41.65192426,107.27874746,0.36142256,-0.06114065,1.69981107,-0.50450530,1.62289804,0.00217346,-0.09103114,-0.10833818,9.81203461,-0.88989846,-0.22975110,-0.04412300,4
117.37830853,31.96333809,41.65181560,19.06744455,94.78863360,41.65081560,107.27829403,0.35324822,-0.07978734,1.69621276,-0.50341844,1.61979432,0.00314185,-0.03338258,-0.01604879,9.99136290,-0.63769273,-0.12597065,-0.07226273,4
117.37830954,31.96333782,41.65078652,19.03774436,94.88412111,41.64978652,107.27617144,0.34409963,-0.09354330,1.69457775,-0.50300157,1.61857775,0.00378652,0.02759464,0.09148341,10.04406686,-0.41288978,0.01135066,-0.08189051,4
117.37831055,31.96333754,41.65028807,19.00804913,94.97961004,41.64928807,107.27239692,0.32553070,-0.09148227,1.69375936,-0.50306107,1.61775936,0.00328807,0.03475925,0.04986080,9.78698692,-0.58550266,-0.01315225,0.01912699,4
117.37831156,31.96333727,41.65044463,18.97836160,95.07510121,41.64944463,107.26698673,0.31369559,-0.10174986,1.69520498,-0.50343424,1.61920498,0.00344463,0.02378926,-0.02508831,9.68130938,-0.31814816,-0.13528808,0.20762259,4
117.37831257,31.96333700,41.65104993,18.94868450,95.17059544,41.65004993,107.25995991,0.30753742,-0.11926971,1.69756784,-0.50365706,1.62156784,0.00404917,0.00495461,-0.07819922,9.72896032,0.07915313,-0.25010117,0.42056974,4
117.37831358,31.96333673,41.65160043,18.91902050,95.26609354,41.65060043,107.25134455,0.30546906,-0.12955770,1.69692412,-0.50213624,1.62092412,0.00456918,0.00901083,0.07780100,9.99182488,-0.36423856,0.00299844,0.45275388,4
117.37831458,31.96333646,41.65173476,18.88937224,95.36159631,41.65073476,107.24117164,0.29384412,-0.12995353,1.69760028,-0.50126171,1.62160205,0.00446245,0.01343154,0.12126292,9.99933951,-0.66893099,0.23130618,0.45881510,4
117.37831559,31.96333619,41.65133317,18.85974228,95.45710453,41.65033317,107.22947349,0.26815912,-0.11383886,1.70034356,-0.50152981,1.62441207,0.00339229,0.01049704,-0.03902133,9.59589348,-0.56023576,0.33097931,0.46353932,4
117.37831660,31.96333592,41.65196230,18.83013315,95.55261896,41.65096230,107.21628959,0.26193157,-0.09515908,1.69861776,-0.50006689,1.62310175,0.00300284,-0.01385463,-0.02180312,9.62027980,-0.35456534,0.32695980,0.53380879,4
117.37831761,31.96333566,41.65298361,18.80054730,95.64814033,41.65198361,107.20166296,0.26899604,-0.07968991,1.69451971,-0.49771076,1.61961885,0.00310540,-0.04389155,0.07405936,9.88444827,-0.12103436,0.23988892,0.64541446,4
117.37831863,31.96333540,41.65307753,18.77098710,95.74366936,41.65207753,107.18563119,0.28356149,-0.08634425,1.69136128,-0.49584778,1.61706576,0.00358818,-0.04077982,0.05202790,10.07069359,-0.05436031,0.06304342,0.76836358,4
117.37831964,31.96333513,41.65362947,18.74145486,95.83920676,41.65262947,107.16823029,0.28101441,-0.08847597,1.68751905,-0.49375132,1.61383070,0.00337668,-0.03282574,0.02060848,9.96356246,-0.20491671,0.04590408,0.85363016,4
117.37832064,31.96333486,41.65493366,18.71195286,95.93475320,41.65393366,107.14950208,0.25831432,-0.08302871,1.68368370,-0.49152632,1.61053242,0.00230295,-0.02024457,-0.01220318,9.52691389,-0.51829600,0.22020470,0.89338136,4
117.37832164,31.96333459,41.65658841,18.68248325,96.03030934,41.65558841,107.12949131,0.26025387,-0.07505007,1.68514539,-0.49044171,1.61215325,0.00200786,-0.01533297,0.00296734,9.56952019,-0.08646258,0.18340263,0.97998504,4
117.37832266,31.96333432,41.65813929,18.65304816,96.12587581,41.65713929,107.10824338,0.27314953,-0.06712114,1.68772141,-0.48943921,1.61486190,0.00213690,-0.01254430,0.04488389,9.84491596,0.27901499,0.11840018,1.07604948,4
117.37832368,31.96333404,41.65870303,18.62364961,96.22145322,41.65770303,107.08580926,0.28413868,-0.06208269,1.68659395,-0.48704630,1.61434418,0.00260863,-0.00928748,0.09024395,10.21272727,-0.68650021,0.26218304,1.13702233,4
117.37832469,31.96333377,41.65900447,18.59428954,96.31704216,41.65800447,107.06224957,0.25030407,-0.04926219,1.68597989,-0.48492567,1.61433800,0.00229272,-0.02575149,-0.04196256,10.04566180,-1.15024996,0.36785786,1.19702905,4
117.37832569,31.96333351,41.65917119,18.56496977,96.41264317,41.65817119,107.03763150,0.18340549,-0.03034327,1.68523263,-0.48287055,1.61427569,0.00125541,-0.06332610,-0.28065585,9.40643666,-0.85840246,0.37367644,1.23645422,4
117.37832670,31.96333324,41.66014225,18.53569201,96.50825677,41.65914225,107.01202537,0.20181424,-0.02465767,1.68100154,-0.47964070,1.61111681,0.00101349,-0.09506365,-0.06841090,9.39451058,0.37482461,0.09985268,1.17869227,4
117.37832772,31.96333297,41.66150657,18.50645786,96.60388343,41.66050657,106.98550333,0.25283160,-0.02688502,1.67650532,-0.47631928,1.60767550,0.00116885,-0.10565620,0.18239944,9.65305183,1.28319870,-0.14367774,1.10357302,4
117.37832872,31.96333270,41.66301679,18.47726878,96.69952360,41.66201679,106.95813621,0.31207567,-0.03851364,1.67544721,-0.47410471,1.60717104,0.00167226,-0.05729144,0.09402164,10.06721618,0.23205742,0.00491402,1.07900543,4
117.37832973,31.96333243,41.66288013,18.44812614,96.79517768,41.66188013,106.92999597,0.32842136,-0.03775318,1.67848636,-0.47299541,1.61048866,0.00162442,-0.02242719,0.03828435,10.15193873,-0.52790867,0.19052107,1.08508880,4
117.37833075,31.96333216,41.66134751,18.41903116,96.89084604,41.66034751,106.90115563,0.30028677,-0.02524985,1.68486887,-0.47282469,1.61695622,0.00102926,-0.01231737,0.02577892,9.90240475,-0.87292628,0.34888651,1.11477032,4
117.37833175,31.96333190,41.66101074,18.38998495,96.98652900,41.66001074,106.87167963,0.26484121,-0.01606209,1.68751881,-0.47181911,1.62009314,0.00046866,-0.05617248,0.06379520,9.63279170,-0.60265110,0.19505534,1.11248354,4
117.37833276,31.96333164,41.66115363,18.36098852,97.08222688,41.66015363,106.84162564,0.24683984,-0.01419856,1.68696968,-0.46990292,1.62028203,0.00031364,-0.09815514,0.08994461,9.51181053,-0.08438307,-0.04426639,1.12547374,4
117.37833377,31.96333138,41.66161154,18.33204280,97.17793995,41.66061154,106.81105770,0.29358337,-0.03419730,1.67975858,-0.46587485,1.61418034,0.00147143,-0.07546541,0.02827258,9.89599338,0.51688169,-0.23515949,1.21651889,4
117.37833479,31.96333113,41.66128068,18.30314859,97.27366844,41.66028068,106.78005065,0.32527013,-0.05462181,1.67603476,-0.46291985,1.61103707,0.00235851,-0.02772814,-0.01089773,10.12509288,0.20042362,-0.25187520,1.26725043,4
117.37833581,31.96333087,41.66033509,18.27430655,97.36941255,41.65933509,106.74868303,0.33461392,-0.07240476,1.67730938,-0.46145783,1.61239661,0.00278919,0.04288090,-0.01925636,10.08680026,-0.83340501,-0.05768961,1.25772456,4
117.37833683,31.96333062,41.66058574,18.24551723,97.46517244,41.65958574,106.71703009,0.31644243,-0.07492534,1.68428199,-0.46153906,1.61983039,0.00245161,0.08998848,0.00375497,9.59268404,-0.52012914,0.23175052,1.16655737,4
117.37833785,31.96333036,41.66159002,18.21678104,97.56094822,41.66059002,106.68517176,0.30610528,-0.06723359,1.69187618,-0.46184919,1.62787729,0.00200000,0.09268113,0.05248282,9.22626474,0.12659038,0.44283273,1.00293919,4
117.37833886,31.96333010,41.66377234,18.18809825,97.65673998,41.66277234,106.65320275,0.35122143,-0.04285201,1.69481315,-0.46117741,1.63085632,0.00200000,-0.02738980,0.14303023,9.78310426,0.37081212,0.26972367,0.69009764,4
117.37833987,31.96332984,41.66499792,18.15946896,97.75254775,41.66399792,106.62122181,0.37872745,-0.03351123,1.69442422,-0.46003123,1.63074645,0.00200000,-0.09823045,0.14423957,10.12605553,0.09738109,0.08241854,0.47620352,4
117.37834088,31.96332958,41.66492169,18.13089312,97.84837150,41.66392169,106.58931889,0.37701579,-0.04344788,1.69039830,-0.45841669,1.62723329,0.00200000,-0.09511899,0.04699369,10.10866822,-0.68786831,-0.08118904,0.39642630,4
117.37834189,31.96332932,41.66450193,18.10237052,97.94421116,41.66350193,106.55757789,0.34356725,-0.05303423,1.68952598,-0.45750503,1.62652598,0.00200000,-0.04021174,0.02984983,9.67916262,-0.71774787,-0.04074914,0.35051785,4
117.37834291,31.96332907,41.66413268,18.07390083,98.04006664,41.66313268,106.52608206,0.30964467,-0.06127091,1.69089929,-0.45724753,1.62789929,0.00200087,0.02923834,0.04026784,9.23508669,-0.30860847,0.05373126,0.32878020,4
117.37834392,31.96332882,41.66465334,18.04548356,98.13593778,41.66365334,106.49491291,0.33869583,-0.06426668,1.69546807,-0.45834116,1.63246807,0.00203449,0.05340551,0.00780361,9.57797153,0.36290665,-0.01806781,0.34043676,4
117.37834493,31.96332856,41.66499634,18.01711811,98.23182439,41.66399634,106.46414782,0.37134325,-0.06593959,1.69994537,-0.45927791,1.63694537,0.00227242,0.06071946,-0.01141644,10.00570737,0.43707609,0.03093210,0.34282377,4
117.37834594,31.96332830,41.66486232,17.98880374,98.32772626,41.66386232,106.43386461,0.39443642,-0.06372826,1.70405460,-0.45986494,1.64105460,0.00265842,0.04518577,-0.00311769,10.38388108,-0.44400391,0.26515682,0.32937018,4
117.37834697,31.96332805,41.66411492,17.96053958,98.42364310,41.66311492,106.40414513,0.36084146,-0.05121185,1.70813243,-0.46044392,1.64513243,0.00210660,0.03922487,0.01911335,10.07482968,-1.07435961,0.37076307,0.32454929,4
117.37834799,31.96332781,41.66344596,17.93232461,98.51957462,41.66244596,106.37506877,0.29853354,-0.03358306,1.71171157,-0.46082713,1.64871157,0.00114049,0.03174081,0.04495837,9.46130424,-1.28829303,0.35525156,0.32861553,4
117.37834900,31.96332756,41.66478932,17.90415771,98.61552047,41.66378932,106.34671193,0.27235313,-0.02310739,1.71309792,-0.46036557,1.65009792,0.00101899,-0.00908281,0.04918591,9.46055995,-0.42627237,0.17602662,0.34328883,4
117.37835001,31.96332731,41.66599431,17.87603760,98.71148027,41.66499431,106.31915508,0.27178978,-0.01865089,1.71300265,-0.45960192,1.65000408,0.00119976,-0.05416736,0.06652818,9.65596967,0.30932929,-0.00992850,0.32246388,4
117.37835103,31.96332704,41.66578356,17.84796288,98.80745359,41.66478356,106.29247478,0.31469841,-0.02828719,1.71011911,-0.45848011,1.64717321,0.00178700,-0.08849342,0.11848701,10.03871143,0.17254960,-0.14826828,0.21355753,4
117.37835204,31.96332678,41.66452582,17.81993202,98.90343996,41.66352582,106.26673026,0.32200050,-0.04805981,1.70752340,-0.45763206,1.64489134,0.00237277,-0.08259436,0.12360184,10.14894631,-0.42148632,-0.32035718,0.14507059,4
117.37835305,31.96332652,41.66279547,17.79194343,98.99943891,41.66179547,106.24197179,0.29009565,-0.07963853,1.70570603,-0.45722119,1.64348489,0.00295800,-0.03794427,0.05890103,9.95582074,-1.20728679,-0.51848130,0.11567331,4
117.37835407,31.96332628,41.66365501,17.76399541,99.09544992,41.66265501,106.21825065,0.24249913,-0.11880894,1.70611458,-0.45754605,1.64357414,0.00356290,0.00031473,-0.10518493,9.62997896,-0.81051831,-0.67948730,0.07975622,4
117.37835509,31.96332602,41.66580026,17.73608619,99.19147245,41.66480026,106.19561228,0.20512021,-0.16140137,1.70781625,-0.45813887,1.64481525,0.00453251,0.03633533,-0.21085821,9.42850771,-0.16577634,-0.76513701,0.02359630,4
117.37835610,31.96332577,41.66917607,17.70821392,99.28750596,41.66817607,106.17409923,0.22397397,-0.20521109,1.71179849,-0.45890997,1.64875959,0.00674515,0.07372021,0.01412097,9.84096776,-0.22552099,-0.60480726,-0.09603649,4
117.37835712,31.96332553,41.67188291,17.68037669,99.38354987,41.67088291,106.15376330,0.22068081,-0.23975679,1.71859799,-0.46076956,1.65530306,0.00828931,0.11825941,0.08769485,10.03765865,-0.53470908,-0.35941563,-0.19076513,4
117.37835814,31.96332528,41.67354179,17.65257248,99.47960356,41.67254179,106.13465607,0.18376521,-0.25540608,1.72933115,-0.46422346,1.66546057,0.00866075,0.16143659,-0.03818111,9.89776874,-1.07532683,-0.00135739,-0.24808903,4
117.37835915,31.96332504,41.67488569,17.62479919,99.57566641,41.67388569,106.11681555,0.14179989,-0.24577808,1.73903406,-0.46764082,1.67459393,0.00812244,0.14736191,-0.05409273,9.66653821,-0.97041102,0.29356785,-0.30102862,4
117.37836017,31.96332480,41.67602576,17.59705469,99.67173779,41.67502576,106.10027360,0.10432057,-0.22489057,1.74631492,-0.47048031,1.68140153,0.00727291,0.08861593,-0.00056952,9.49124316,-0.53663398,0.40267342,-0.33806234,4
117.37836120,31.96332456,41.67714782,17.56933678,99.76781702,41.67614782,106.08505878,0.09893577,-0.22574495,1.74623829,-0.47100000,1.68123829,0.00758390,0.00037725,0.04383938,9.78889268,-0.47468033,-0.08137231,-0.32297189,4
117.37836223,31.96332433,41.67800212,17.54164321,99.86390344,41.67700212,106.07118684,0.09542592,-0.23795635,1.74439101,-0.47100423,1.67938995,0.00815437,-0.05706097,0.05588439,10.06439494,-0.50411133,-0.49210462,-0.33511866,4
117.37836325,31.96332409,41.67808217,17.51397173,99.95999638,41.67708217,106.05866260,0.07558046,-0.26901785,1.74257733,-0.47116434,1.67753625,0.00868783,0.00537047,-0.02265550,9.92126988,-0.53454923,-0.25302678,-0.47114444,4
117.37836426,31.96332384,41.67860796,17.48632010,100.05609517,41.67760796,106.04748756,0.06026412,-0.28791587,1.74343971,-0.47221790,1.67813574,0.00900197,0.06718185,-0.05994148,9.73041484,-0.40947569,-0.08408539,-0.60073917,4
117.37836528,31.96332359,41.67976131,17.45868604,100.15219912,41.67876131,106.03765861,0.05567942,-0.28978873,1.74833877,-0.47459601,1.68245811,0.00907338,0.11638804,-0.04546054,9.55164639,-0.08440186,-0.01994443,-0.68693398,4
117.37836630,31.96332335,41.68090074,17.43106733,100.24830758,41.67990074,106.02916776,0.07118926,-0.29225043,1.75443009,-0.47726467,1.68797830,0.00945179,0.11119528,-0.06055905,9.73935188,0.14815414,0.01732001,-0.61421350,4
117.37836731,31.96332310,41.68174021,17.40346171,100.34441988,41.68074021,106.02201013,0.09607732,-0.29429938,1.76038228,-0.47982131,1.69345965,0.00992207,0.07625216,-0.08484062,10.06637047,0.23501399,0.05178815,-0.46422386,4
117.37836833,31.96332286,41.68141326,17.37586697,100.44053536,41.68041326,106.01618694,0.10861497,-0.29329333,1.76278702,-0.48120028,1.69577363,0.00998661,0.05710493,-0.07184547,10.03969554,-0.02552045,0.13590088,-0.39994418,4
117.37836934,31.96332261,41.68100116,17.34828087,100.53665335,41.68000116,106.01170005,0.11669838,-0.29270419,1.76432946,-0.48233991,1.69715834,0.00983005,0.04655859,-0.04375072,9.90468021,-0.22020785,0.15606577,-0.37570648,4
117.37837036,31.96332237,41.68104486,17.32070118,100.63277319,41.68004486,106.00854846,0.11933131,-0.29555561,1.76490303,-0.48330677,1.69720478,0.00934661,0.05200197,-0.00198988,9.68560114,-0.04369810,-0.01987863,-0.41637479,4
117.37837138,31.96332212,41.68132043,17.29312565,100.72889423,41.68032043,106.00672249,0.12402412,-0.30151450,1.76247744,-0.48336359,1.69447744,0.00932267,0.05902859,-0.00996350,9.62240413,0.04874468,-0.10540285,-0.44928614,4
117.37837241,31.96332188,41.68182942,17.26555208,100.82501581,41.68082942,106.00619790,0.13659201,-0.31258972,1.75695939,-0.48250714,1.68895939,0.00991241,0.06361923,-0.05109812,9.76844744,0.06267300,-0.09465542,-0.47258425,4
117.37837343,31.96332164,41.68200000,17.23797833,100.92113729,41.68100000,106.00694450,0.17135534,-0.32798566,1.75546263,-0.48298438,1.68746263,0.01049876,0.04836015,0.05339437,9.91500260,0.22141869,-0.19373065,-0.49907124,4
117.37837445,31.96332139,41.68200074,17.21040229,101.01725805,41.68100074,106.00893140,0.20785141,-0.34976679,1.75488876,-0.48391598,1.68688802,0.01119720,0.02862937,0.19086053,10.00011766,0.29487207,-0.37938829,-0.52020767,4
117.37837547,31.96332114,41.68202986,17.18282190,101.11337750,41.68102986,106.01211894,0.20890437,-0.38796001,1.75055027,-0.48408959,1.68252041,0.01233050,0.03461190,0.17204381,9.85501815,-0.17930944,-0.65554200,-0.51480594,4
117.37837648,31.96332089,41.68225067,17.15523521,101.20949505,41.68125067,106.01646191,0.21207737,-0.42987559,1.74926123,-0.48475550,1.68101056,0.01349781,0.07633601,0.12710899,9.73198023,-0.28071540,-0.72567887,-0.50760052,4
117.37837749,31.96332064,41.68283055,17.12764030,101.30561015,41.68183055,106.02191934,0.22823768,-0.46979397,1.75467248,-0.48662334,1.68584193,0.01452942,0.17149374,0.07741080,9.72138948,0.29661944,-0.37229089,-0.50571086,4
117.37837851,31.96332039,41.68340997,17.10003535,101.40172225,41.68240997,106.02845409,0.25429461,-0.48116632,1.76099533,-0.48908068,1.69157975,0.01499439,0.22090764,0.09682894,9.83427703,0.22759322,0.05304621,-0.52014259,4
117.37837953,31.96332015,41.68379687,17.07241858,101.49783085,41.68279687,106.03603671,0.28091260,-0.46505976,1.76832858,-0.49211137,1.69832677,0.01479474,0.21825944,0.14488632,9.97716612,-0.21919832,0.47268421,-0.51265621,4
117.37838054,31.96331989,41.68343828,17.04478825,101.59393543,41.68243828,106.04464692,0.27755965,-0.43497612,1.77648516,-0.49539999,1.70591603,0.01384690,0.16146329,0.07914636,9.83324022,-0.01999614,0.62844664,-0.36724465,4
117.37838156,31.96331964,41.68315006,17.01714266,101.69003549,41.68215006,106.05425716,0.27827994,-0.40105291,1.78194961,-0.49770209,1.71094961,0.01270209,0.08965826,0.02472635,9.69010396,0.27754233,0.65756334,-0.24005384,4
117.37838258,31.96331942,41.68372938,16.98948016,101.78613056,41.68272938,106.06482271,0.31547689,-0.36840689,1.77789437,-0.49662632,1.70689437,0.01162632,0.02056181,0.09526557,9.79284746,0.30438129,0.49688437,-0.29041307,4
117.37838360,31.96331920,41.68430560,16.96179920,101.88222017,41.68330560,106.07629113,0.33756348,-0.34725788,1.77387116,-0.49600000,1.70287116,0.01100000,-0.01466382,0.10934338,9.88278618,0.09030595,0.33376448,-0.33997469,4
117.37838462,31.96331897,41.68487895,16.93409831,101.97830392,41.68387895,106.08860801,0.33699495,-0.34239602,1.77023057,-0.49600000,1.69923057,0.01100000,0.00485730,0.06093317,9.92346472,-0.35125546,0.19758814,-0.37824576,4
117.37838564,31.96331873,41.68546170,16.90637611,102.07438139,41.68446170,106.10171272,0.32961678,-0.33872900,1.76811097,-0.49600938,1.69710784,0.01100000,0.05711965,0.08362292,9.82758694,-0.31547274,0.19353874,-0.37082130,4
117.37838667,31.96331848,41.68615195,16.87863133,102.17045222,41.68515195,106.11553944,0.32606324,-0.33659231,1.76793709,-0.49633881,1.69682427,0.01100035,0.11129238,0.13909619,9.71518766,0.01127371,0.21345653,-0.30836369,4
117.37838769,31.96331824,41.68715096,16.85086282,102.26651608,41.68615096,106.13001959,0.35253558,-0.33736002,1.77129369,-0.49781489,1.69969409,0.01101609,0.09369119,0.14025409,9.87249064,0.22817146,0.00970579,-0.14928675,4
117.37838870,31.96331800,41.68743744,16.82306955,102.36257267,41.68643744,106.14508098,0.37313328,-0.33983225,1.77512756,-0.49918752,1.70312756,0.01118384,0.08001436,0.10715402,10.03242718,0.14801237,-0.11039338,0.05813462,4
117.37838970,31.96331774,41.68573818,16.79525059,102.45862173,41.68473818,106.16065308,0.36264706,-0.34391367,1.77861655,-0.49975394,1.70661655,0.01161459,0.10648594,0.01839040,10.03873229,-0.55926314,0.08573662,0.31589967,4
117.37839072,31.96331749,41.68404673,16.76740516,102.55466303,41.68304673,106.17666863,0.34224600,-0.34000590,1.78254624,-0.50031775,1.71054624,0.01136448,0.11208835,-0.02925738,9.85933641,-0.77220807,0.25296474,0.41105332,4
117.37839174,31.96331723,41.68257485,16.73953256,102.65069638,41.68157485,106.19305714,0.31307670,-0.32596122,1.78661951,-0.50080838,1.71461951,0.01038323,0.08844983,-0.01821622,9.52852198,-0.41214192,0.35390954,0.30969483,4
117.37839276,31.96331698,41.68199708,16.71163222,102.74672162,41.68099708,106.20974820,0.30066697,-0.31231536,1.78888576,-0.50099708,1.71688868,0.01000000,0.05417429,0.01865088,9.56592243,-0.30499286,0.32961605,0.25792464,4
117.37839378,31.96331673,41.68189531,16.68370369,102.84273862,41.68089531,106.22667288,0.29928941,-0.30058249,1.78970237,-0.50089531,1.71780706,0.01000000,0.02212788,0.06252944,9.82776096,-0.33554526,0.23357138,0.25365523,4
117.37839480,31.96331648,41.68142852,16.65574665,102.93874730,41.68042852,106.24375326,0.29880633,-0.29509277,1.78945087,-0.50043597,1.71801490,0.01000000,0.02364948,0.07062985,10.04307168,-0.27834958,0.16835327,0.30704533,4
117.37839581,31.96331623,41.68074370,16.62776089,103.03474760,41.67974370,106.26090683,0.29216608,-0.29350349,1.78953393,-0.50000664,1.71852798,0.01000069,0.02959049,0.06141015,10.12794505,-0.29865550,0.08292392,0.34523014,4
117.37839682,31.96331598,41.67969402,16.59974637,103.13073952,41.67869402,106.27805492,0.26443602,-0.29995718,1.79175023,-0.50002765,1.72075023,0.01002765,0.02279011,0.02443078,9.82409719,-0.61613943,-0.08709468,0.28577434,4
117.37839784,31.96331572,41.67899851,16.57170314,103.22672309,41.67799851,106.29511427,0.24188554,-0.30954911,1.79420075,-0.50023985,1.72320075,0.01023390,0.03577162,-0.02137973,9.61975250,-0.58680310,-0.16431129,0.27377903,4
117.37839886,31.96331547,41.67894536,16.54363144,103.32269837,41.67794536,106.31200040,0.23305962,-0.32220261,1.79757642,-0.50090436,1.72657642,0.01068580,0.08638265,-0.07063858,9.64629886,0.01640916,-0.03420345,0.34645499,4
117.37839988,31.96331521,41.67864904,16.51553162,103.41866548,41.67764904,106.32864016,0.23976870,-0.32107960,1.80358261,-0.50204634,1.73258043,0.01064687,0.13284302,-0.05732880,9.81346861,0.12044045,0.22652616,0.37372442,4
117.37840089,31.96331494,41.67802473,16.48740414,103.51462455,41.67702473,106.34496269,0.25541722,-0.30034535,1.81243689,-0.50369232,1.74135905,0.00994689,0.16307968,0.00251901,10.04531255,-0.26741827,0.61263764,0.36367514,4
117.37840190,31.96331469,41.67711564,16.45924960,103.61057578,41.67611564,106.36089154,0.24059049,-0.25898094,1.82151423,-0.50532371,1.75007488,0.00866498,0.14451117,-0.01735864,9.93524258,-0.50466372,0.94294800,0.39694622,4
117.37840292,31.96331442,41.67621735,16.43106872,103.70651938,41.67521735,106.37635105,0.21293659,-0.20620476,1.82905311,-0.50657452,1.75726125,0.00702763,0.08527281,-0.06663567,9.68445597,-0.52787322,1.11791892,0.44216321,4
117.37840393,31.96331415,41.67600000,16.40286235,103.80245560,41.67500000,106.39126509,0.20715545,-0.15840862,1.83043964,-0.50645702,1.75896873,0.00541275,-0.01181107,-0.04398288,9.69001956,-0.11494028,0.85299424,0.43352068,4
117.37840494,31.96331389,41.67599955,16.37463146,103.89838473,41.67499955,106.40555331,0.21127424,-0.11885550,1.82896118,-0.50556392,1.75791492,0.00413922,-0.09427998,-0.00637309,9.78652692,0.22014182,0.51400327,0.41031081,4
117.37840595,31.96331363,41.67597722,16.34637717,103.99430709,41.67497722,106.41913436,0.22451357,-0.10189632,1.82453912,-0.50356281,1.75355050,0.00398861,-0.08585453,0.00439925,9.90857144,-0.17336008,0.40031877,0.39510118,4
117.37840696,31.96331337,41.67566764,16.31810074,104.09022307,41.67466764,106.43192526,0.22804211,-0.08820641,1.82133321,-0.50200000,1.75049896,0.00383425,-0.06108958,0.01598128,9.95847548,-0.55128320,0.31908080,0.36830768,4
117.37840796,31.96331310,41.67461234,16.28980356,104.18613306,41.67361234,106.44384303,0.20341136,-0.07713083,1.82242016,-0.50200000,1.75209773,0.00332243,-0.02512463,0.03820576,9.81332343,-0.61398060,0.24203676,0.30623604,4
117.37840897,31.96331282,41.67374734,16.26148715,104.28203752,41.67274734,106.45481394,0.18743993,-0.07455396,1.82351445,-0.50200152,1.75351445,0.00300000,-0.00795583,0.05671535,9.73318830,-0.48523955,0.10860524,0.23740372,4
117.37840997,31.96331255,41.67325530,16.23315316,104.37793693,41.67225530,106.46477122,0.18454006,-0.08521915,1.82481782,-0.50205474,1.75481782,0.00300000,-0.01758203,0.06467961,9.77046798,-0.12864429,-0.06762264,0.17418798,4
117.37841098,31.96331228,41.67299780,16.20480335,104.47383178,41.67199780,106.47365003,0.17356440,-0.08990088,1.82707701,-0.50234507,1.75707701,0.00299780,-0.00241770,0.05234021,9.83946132,-0.24148879,0.01093293,0.19301125,4
117.37841199,31.96331201,41.67292270,16.17643958,104.56972264,41.67192270,106.48139316,0.15346578,-0.08608568,1.83057698,-0.50289085,1.76057698,0.00292270,0.02881312,0.02065970,9.91729039,-0.73258473,0.29737458,0.27924178,4
117.37841300,31.96331175,41.67256728,16.14806378,104.66561005,41.67156728,106.48794865,0.13170262,-0.07409286,1.83489445,-0.50343272,1.76489445,0.00256442,0.01728556,-0.00042236,9.89340664,-0.71348071,0.31655573,0.28094604,4
117.37841401,31.96331148,41.67211977,16.11967800,104.76149461,41.67111977,106.49326655,0.10877006,-0.05775202,1.83892209,-0.50388023,1.76892209,0.00202070,-0.01961621,-0.00375053,9.80760770,-0.48226035,0.20229872,0.22942646,4
117.37841503,31.96331123,41.67200355,16.09128436,104.85737692,41.67100355,106.49730460,0.08561696,-0.04508005,1.83999291,-0.50399645,1.76999291,0.00148170,-0.04682684,0.03046360,9.74034889,-0.68322595,0.23582584,0.18621558,4
117.37841605,31.96331098,41.67212106,16.06288502,104.95325762,41.67112106,106.50002199,0.06415971,-0.03497953,1.83975765,-0.50387871,1.76975765,0.00105667,-0.06623418,0.04588385,9.72308812,-0.86623622,0.26613915,0.15725976,4
117.37841707,31.96331073,41.67259446,16.03448225,105.04913735,41.67159446,106.50137246,0.04871610,-0.02923452,1.83879551,-0.50338997,1.76879551,0.00100779,-0.07129422,-0.04266342,9.84521683,-0.48198157,0.10882177,0.16428523,4
117.37841809,31.96331047,41.67284639,16.00607837,105.14501679,41.67184639,106.50131566,0.03751510,-0.03008361,1.83800584,-0.50284858,1.76800584,0.00115433,-0.06761310,-0.09189371,9.93744850,-0.21796030,-0.06820551,0.15984692,4
117.37841910,31.96331021,41.67233324,15.97767578,105.24089661,41.67133324,106.49981804,0.03507024,-0.04756631,1.83822533,-0.50241774,1.76822533,0.00169492,-0.04322668,0.00942246,9.88422104,-0.52497657,-0.19819175,0.11107531,4
117.37842011,31.96330995,41.67199722,15.94927692,105.33677753,41.67099722,106.49684201,0.02718726,-0.06262573,1.83991034,-0.50271151,1.76990895,0.00223253,-0.00417727,0.05526286,9.84008360,-0.67253092,-0.17297136,0.09354972,4
117.37842112,31.96330969,41.67190052,15.92088430,105.43266025,41.67090052,106.49235416,0.00920736,-0.06972211,1.84483757,-0.50439001,1.77478783,0.00263087,0.06018115,-0.00540670,9.81778630,-0.54485844,0.14444068,0.13492024,4
117.37842213,31.96330943,41.67135937,15.89250049,105.52854550,41.67035937,106.48633426,-0.00883819,-0.05928941,1.85239658,-0.50627932,1.78207821,0.00235548,0.11477750,-0.08414976,9.82000224,-0.51717770,0.48481271,0.18163605,4
117.37842316,31.96330918,41.67028754,15.86412807,105.62443403,41.66928754,106.47876860,-0.02528085,-0.02372769,1.86278549,-0.50835710,1.79199708,0.00115193,0.14219021,-0.16193237,9.83451416,-0.58125725,0.83441948,0.24245443,4
117.37842417,31.96330893,41.66922270,15.83576964,105.72032658,41.66822270,106.46965126,-0.03476112,0.02899220,1.87179168,-0.51015489,1.80079413,-0.00055460,0.10505617,-0.14618631,9.77965528,-0.53089716,1.10440223,0.33503580,4
117.37842518,31.96330870,41.66824082,15.80742781,105.81622388,41.66724082,106.45898697,-0.03954982,0.09158819,1.87788560,-0.51125896,1.80697000,-0.00251836,0.01335991,-0.06695046,9.71462599,-0.43424061,1.19039702,0.44426888,4
117.37842620,31.96330845,41.66754887,15.77910517,105.91212667,41.66654887,106.44677930,-0.04805585,0.13846950,1.87735170,-0.51063151,1.80680284,-0.00390227,-0.08384954,-0.03658592,9.82068919,-0.51096317,0.83839218,0.51759759,4
117.37842723,31.96330821,41.66711477,15.75080431,106.00803569,41.66611477,106.43302784,-0.05783206,0.16932607,1.87258561,-0.50883179,1.80247084,-0.00477045,-0.15631446,-0.04363186,9.95903439,-0.60349126,0.34128565,0.53365596,4
117.37842826,31.96330797,41.66699628,15.72252783,106.10395168,41.66599628,106.41774000,-0.06475679,0.17587891,1.86619010,-0.50638396,1.79619382,-0.00500000,-0.13416711,-0.08350892,9.87798991,-0.41733898,0.19230203,0.42403241,4
117.37842926,31.96330772,41.66687501,15.69427828,106.19987537,41.66587501,106.40092679,-0.07021184,0.17298171,1.85952916,-0.50392469,1.78965414,-0.00499965,-0.08590606,-0.12332884,9.72841480,-0.17908342,0.11488004,0.27314184,4
117.37843027,31.96330745,41.66639523,15.66605823,106.29580747,41.66539523,106.38259450,-0.07394766,0.16738906,1.85396865,-0.50219386,1.78457342,-0.00497551,-0.06216374,-0.12678704,9.61680704,-0.09132317,-0.12902457,0.13713126,4
117.37843127,31.96330716,41.66599835,15.63787021,106.39174871,41.66499835,106.36275627,-0.07142534,0.15296591,1.85032784,-0.50116145,1.78132702,-0.00452062,-0.03583905,-0.14279196,9.61369528,-0.01202111,-0.35642220,0.05216429,4
117.37843228,31.96330689,41.66593778,15.60971675,106.48769981,41.66493778,106.34143548,-0.05410275,0.11719933,1.85165862,-0.50173598,1.78262751,-0.00297871,0.00842618,-0.20034493,9.87245517,0.07169011,-0.43416933,0.10114869,4
117.37843329,31.96330662,41.66550192,15.58160031,106.58366147,41.66450192,106.31865652,-0.04752316,0.09255841,1.85449194,-0.50249808,1.78524442,-0.00200153,0.05023608,-0.19335395,10.00752584,-0.12458073,-0.31725997,0.15671027,4
117.37843430,31.96330636,41.66441486,15.55352331,106.67963438,41.66341486,106.29445482,-0.06099286,0.08879159,1.85997938,-0.50358514,1.79024047,-0.00205367,0.08155712,-0.08663385,9.91630484,-0.68269534,0.09189399,0.21826826,4
117.37843531,31.96330611,41.66333250,15.52548810,106.77561922,41.66233250,106.26888394,-0.08081607,0.09239929,1.86564724,-0.50466095,1.79564943,-0.00233375,0.08323884,-0.03872683,9.77307506,-0.65139374,0.28372527,0.25389366,4
117.37843633,31.96330585,41.66225416,15.49749693,106.87161662,41.66125416,106.24199735,-0.10148747,0.10614914,1.87077930,-0.50552143,1.80085411,-0.00287292,0.04910395,-0.04855113,9.62982487,-0.05293240,0.27381799,0.25666008,4
117.37843735,31.96330560,41.66116489,15.46955197,106.96762721,41.66016489,106.21384307,-0.09736387,0.12681368,1.87297393,-0.50558245,1.80338569,-0.00341466,0.00616202,-0.02427642,9.71682264,0.14645435,0.43477690,0.24569806,4
117.37843837,31.96330535,41.65988933,15.44165529,107.06365160,41.65888933,106.18447987,-0.08035519,0.14994668,1.87212172,-0.50494466,1.80298188,-0.00395775,-0.04666813,-0.00755375,9.93185479,-0.00763166,0.58043284,0.22025645,4
117.37843940,31.96330510,41.65800457,15.41380888,107.15969037,41.65700457,106.15397967,-0.08403841,0.16314053,1.86847737,-0.50399132,1.79948103,-0.00448789,-0.10939696,-0.10436985,9.98203092,-0.32417359,0.23048368,0.18117636,4
117.37844041,31.96330485,41.65583434,15.38601455,107.25574404,41.65483434,106.12241436,-0.09918773,0.16136925,1.86253037,-0.50255154,1.79365225,-0.00467577,-0.14732706,-0.21275810,9.89518804,-0.54670236,-0.26133424,0.13820267,4
117.37844141,31.96330460,41.65364413,15.35827405,107.35181315,41.65264413,106.08985275,-0.12039375,0.12725211,1.85349334,-0.50007547,1.78507554,-0.00381756,-0.09405879,-0.19633518,9.62010945,-0.25139846,-0.49067904,0.10283596,4
117.37844244,31.96330434,41.65172952,15.33058898,107.44789818,41.65072952,106.05636921,-0.12956253,0.09137967,1.84791927,-0.49833495,1.77976372,-0.00271859,-0.01585456,-0.12725830,9.47120911,0.05596846,-0.50010886,0.08457016,4
117.37844346,31.96330409,41.65056634,15.30296080,107.54399959,41.64956634,106.02205279,-0.10248593,0.07359161,1.85430110,-0.49940631,1.78563897,-0.00170311,0.06698391,-0.00389597,9.79412106,0.03318013,-0.06909184,0.11391906,4
117.37844448,31.96330383,41.64905535,15.27539082,107.64011779,41.64805535,105.98700935,-0.09076426,0.06764901,1.86105119,-0.50070266,1.79205119,-0.00123907,0.10695695,0.02551552,10.02217320,-0.13854400,0.28251909,0.17352167,4
117.37844549,31.96330358,41.64687768,15.24788015,107.73625315,41.64587768,105.95135113,-0.10773715,0.08413378,1.86748324,-0.50213734,1.79848324,-0.00188277,0.05892070,-0.10444767,10.02557654,-0.50495382,0.44585539,0.27037138,4
117.37844650,31.96330333,41.64471130,15.22042971,107.83240599,41.64371130,105.91519346,-0.12019098,0.10590617,1.87094782,-0.50266424,1.80194999,-0.00295728,-0.03033032,-0.15524925,9.86886226,-0.53402132,0.47774853,0.28410681,4
117.37844752,31.96330308,41.64262058,15.19304023,107.92857659,41.64162058,105.87866676,-0.12707556,0.12802778,1.86922522,-0.50169296,1.80029917,-0.00422028,-0.15187254,-0.11152576,9.59620798,-0.24139866,0.29929110,0.20930145,4
117.37844853,31.96330282,41.64077046,15.16571218,108.02476518,41.63977046,105.84191257,-0.13353359,0.12635505,1.86125460,-0.49915936,1.79266041,-0.00418233,-0.20429798,-0.07192015,9.62474657,-0.28193856,-0.07837572,0.17980778,4
117.37844955,31.96330258,41.63902443,15.13844581,108.12097189,41.63802443,105.80506932,-0.14075281,0.10195076,1.85022804,-0.49600048,1.78208511,-0.00308368,-0.18027342,-0.04521512,9.83396789,-0.54116300,-0.48906878,0.16486765,4
117.37845056,31.96330233,41.63697570,15.11124112,108.21719684,41.63597570,105.76827685,-0.15170175,0.06669024,1.84601345,-0.49500394,1.77801345,-0.00198983,-0.09025580,-0.05024234,9.82841895,-0.62208456,-0.47066076,0.07629056,4
117.37845157,31.96330208,41.63490101,15.08409788,108.31344007,41.63390101,105.73168075,-0.16560927,0.03277229,1.84579401,-0.49512984,1.77779401,-0.00101528,0.00557474,-0.06966299,9.76253363,-0.56155145,-0.29803867,-0.01971709,4
117.37845260,31.96330182,41.63317251,15.05701561,108.40970156,41.63217251,105.69542395,-0.18277815,0.01760058,1.84806462,-0.49561856,1.78006462,-0.00038144,0.02753380,-0.08748212,9.81258325,-0.32869627,-0.25792815,-0.03519476,4
117.37845361,31.96330157,41.63167316,15.02999359,108.50598125,41.63067316,105.65965508,-0.19211638,0.00282793,1.85097177,-0.49632335,1.78297265,0.00032509,0.02546004,-0.09031656,9.87826896,-0.10723372,-0.24470237,-0.00449184,4
117.37845462,31.96330131,41.63061358,15.00303083,108.60227898,41.62961358,105.62454239,-0.18079518,-0.01981768,1.85383376,-0.49725622,1.78586630,0.00132132,0.00026602,-0.05905654,9.91155065,-0.04231927,-0.21836626,0.09509936,4
117.37845564,31.96330106,41.62974040,14.97612604,108.69859457,41.62874040,105.59025970,-0.18028503,-0.03430630,1.85419396,-0.49722678,1.78644983,0.00174413,-0.02561430,-0.05656048,9.87170530,-0.20529024,-0.11251170,0.13708783,4
117.37845666,31.96330082,41.62918337,14.94927764,108.79492771,41.62818337,105.55697993,-0.19736493,-0.03641545,1.85066727,-0.49574195,1.78335599,0.00131127,-0.04936987,-0.09515570,9.72507776,-0.64398359,0.05863451,0.09107192,4
117.37845768,31.96330059,41.62862926,14.92248376,108.89127806,41.62762926,105.52489257,-0.21122316,-0.04470786,1.84858922,-0.49498570,1.78122420,0.00137360,-0.05887963,-0.10139900,9.65299174,-0.61183060,-0.06392215,0.08554141,4
117.37845871,31.96330035,41.62807530,14.89574218,108.98764518,41.62707530,105.49419113,-0.21608469,-0.06133813,1.84673604,-0.49452169,1.77900265,0.00202037,-0.04943665,-0.08111934,9.70812165,-0.12778167,-0.37735621,0.11496287,4
117.37845973,31.96330011,41.62750385,14.86905037,109.08402853,41.62650385,105.46505050,-0.20107420,-0.08529392,1.84075032,-0.49258344,1.77323443,0.00297225,-0.02397291,-0.07998848,9.94058404,0.28698415,-0.34022745,0.12491833,4
117.37846074,31.96329986,41.62668072,14.84240552,109.18042754,41.62568072,105.43764802,-0.17495709,-0.11004305,1.83455678,-0.49051907,1.76747935,0.00397749,0.00359778,-0.06661280,10.14717525,0.47670074,-0.16062368,0.10539391,4
117.37846176,31.96329960,41.62517879,14.81580449,109.27684151,41.62417879,105.41217864,-0.15122500,-0.12477731,1.83471155,-0.49058176,1.76771155,0.00461550,0.00995618,0.01095249,9.97667800,0.13591071,-0.16986223,0.03613253,4
117.37846278,31.96329936,41.62400136,14.78924383,109.37326971,41.62300136,105.38883569,-0.14081364,-0.14195069,1.83369651,-0.49046675,1.76669788,0.00518002,0.01394445,0.01804107,9.76458161,-0.21227587,-0.27154002,0.00919390,4
117.37846379,31.96329913,41.62404855,14.76271974,109.46971127,41.62304855,105.36781755,-0.15779057,-0.17116581,1.82692073,-0.48884503,1.75996929,0.00579924,0.02606990,-0.15304118,9.67785770,-0.25098029,-0.47026863,0.10309849,4
117.37846480,31.96329888,41.62431046,14.73622809,109.56616525,41.62331046,105.34934689,-0.14970691,-0.20285270,1.82330540,-0.48768448,1.75662092,0.00663105,0.05213152,-0.14928530,9.72914795,-0.07529934,-0.49199325,0.13168385,4
117.37846581,31.96329863,41.62462179,14.70976435,109.66263060,41.62362179,105.33365161,-0.11602096,-0.23226900,1.82344771,-0.48720414,1.75724358,0.00759172,0.09692321,0.02879991,9.91846795,0.21350713,-0.24880304,0.06821221,4
117.37846683,31.96329838,41.62407483,14.68332361,109.75910617,41.62307483,105.32095384,-0.10899325,-0.24115627,1.82222233,-0.48701529,1.75621851,0.00798853,0.14226655,0.00462498,9.94822269,-0.10549098,0.11210148,-0.01867595,4
117.37846785,31.96329814,41.62278458,14.65690060,109.85559067,41.62178458,105.31148889,-0.11709669,-0.22747567,1.82204991,-0.48752220,1.75591934,0.00760812,0.15463273,-0.15341385,9.82762785,-0.52668225,0.48800442,-0.12620843,4
117.37846886,31.96329789,41.62118837,14.63048961,109.95208270,41.62018837,105.30549832,-0.11168777,-0.19246072,1.82765426,-0.48936647,1.76105930,0.00619506,0.06995260,-0.26267164,9.62011012,0.04711161,0.64846621,-0.24297338,4
117.37846989,31.96329765,41.61981802,14.60408458,110.04858075,41.61881802,105.30320989,-0.09838688,-0.15818074,1.82855272,-0.48993557,1.76172859,0.00500000,-0.03048382,-0.27821417,9.58338507,0.43708787,0.61616141,-0.34897309,4
117.37847092,31.96329742,41.61911631,14.57767903,110.14508318,41.61811631,105.30484782,-0.07593396,-0.14180070,1.81473138,-0.48672511,1.74838679,0.00500000,-0.09847193,-0.11058678,9.97060516,-0.17377672,0.25252813,-0.42034237,4
117.37847193,31.96329718,41.61794976,14.55126615,110.24158822,41.61694976,105.31063884,-0.06641742,-0.13905278,1.80516820,-0.48499450,1.73881904,0.00500000,-0.10466188,-0.07055572,10.03854609,-0.38690647,0.03038245,-0.48567242,4
117.37847294,31.96329694,41.61641769,14.52483873,110.33809399,41.61541769,105.32079779,-0.06847794,-0.15083208,1.79994449,-0.48479364,1.73311811,0.00500000,-0.04305376,-0.16905944,9.77143773,-0.15978550,-0.01839356,-0.56101173,4
117.37847397,31.96329668,41.61547668,14.49838921,110.43459848,41.61447668,105.33553805,-0.05869949,-0.15826999,1.79274894,-0.48397718,1.72574894,0.00500794,0.00489978,-0.23271012,9.62881875,-0.00537501,-0.03702378,-0.69222574,4
117.37847498,31.96329644,41.61487865,14.47190969,110.53109956,41.61387865,105.35509091,-0.03622836,-0.16617496,1.78723669,-0.48368015,1.72023588,0.00530626,0.03863788,-0.20022245,9.67603136,0.13405749,-0.05629416,-0.79260690,4
117.37847599,31.96329618,41.61422876,14.44539184,110.62759494,41.61322876,105.37968776,-0.00057686,-0.18159533,1.78895667,-0.48561719,1.72192069,0.00632659,0.05205083,0.01710242,10.01320699,0.28828141,-0.11602118,-0.72503812,4
117.37847700,31.96329592,41.61314893,14.41882701,110.72408219,41.61214893,105.40954767,0.01608561,-0.19395299,1.78816179,-0.48671899,1.72087876,0.00700201,0.04569371,0.09165945,10.14197987,0.06764694,-0.12461781,-0.67162082,4
117.37847801,31.96329568,41.61153373,14.39220616,110.82055875,41.61053373,105.44489363,0.00224290,-0.20429586,1.78272044,-0.48629525,1.71492768,0.00708800,0.01279386,-0.06546220,9.89741875,-0.51057173,-0.12139084,-0.67780696,4
117.37847902,31.96329542,41.61053875,14.36551988,110.91702191,41.60953875,105.48594958,-0.00161392,-0.22947294,1.77908996,-0.48645829,1.71108996,0.00747012,-0.00734585,-0.11346046,9.69668423,-0.13650921,-0.39840026,-0.73113017,4
117.37848003,31.96329516,41.61022328,14.33875841,111.01346879,41.60922328,105.53292584,0.00360718,-0.26417386,1.77485364,-0.48664113,1.70685308,0.00819244,0.00161037,-0.08421644,9.62536329,0.44355520,-0.66975263,-0.79669711,4
117.37848106,31.96329492,41.61062991,14.31191167,111.10989637,41.60962991,105.58602242,0.01416512,-0.29634974,1.76593270,-0.48589083,1.69790257,0.00928996,0.06703011,-0.05091226,9.83043504,-0.22305544,-0.38478866,-0.80383272,4
117.37848207,31.96329467,41.61100290,14.28496926,111.20630149,41.61000290,105.64542345,0.01699284,-0.32340369,1.76133272,-0.48630401,1.69307047,0.01026225,0.12000055,-0.03950783,9.98001012,-0.68178787,-0.16030815,-0.80242524,4
117.37848308,31.96329442,41.61116062,14.25792049,111.30268085,41.61016062,105.71128741,0.00476956,-0.34290601,1.76514202,-0.48885838,1.69629004,0.01085199,0.11911273,-0.04947212,9.89405018,-0.33441538,-0.27020446,-0.81095920,4
117.37848411,31.96329419,41.61190200,14.23075446,111.39903102,41.61090200,105.78376790,-0.00264934,-0.36508129,1.76351617,-0.49000654,1.69406735,0.01145317,0.08916190,0.01779884,9.73714650,-0.35601332,-0.34360036,-0.82279997,4
117.37848513,31.96329396,41.61310572,14.20346001,111.49534842,41.61210572,105.86302963,-0.00286670,-0.39164474,1.75906214,-0.49039860,1.68914164,0.01218583,0.05363755,0.08455145,9.61778301,-0.46321109,-0.39446023,-0.83594615,4
117.37848614,31.96329372,41.61424278,14.17602572,111.59162934,41.61324278,105.94923012,0.00651486,-0.42435813,1.75915579,-0.49190767,1.68913404,0.01326453,0.07292755,-0.02548560,9.77867118,0.01599042,-0.45200607,-0.85388651,4
117.37848716,31.96329348,41.61500000,14.14843994,111.68786990,41.61400000,106.04251653,0.01487116,-0.45352302,1.75907367,-0.49348222,1.68883556,0.01423510,0.11595326,-0.06853647,9.96817103,0.16577064,-0.37880027,-0.95597067,4
117.37848817,31.96329326,41.61500000,14.12069080,111.78406609,41.61400000,106.14304106,0.01152463,-0.46807068,1.75830318,-0.49528971,1.68738590,0.01468970,0.17915723,0.05502924,10.02716572,-0.47503185,-0.03044318,-1.23136523,4
117.37848920,31.96329303,41.61500277,14.09276619,111.88021373,41.61400277,106.25095057,-0.01349287,-0.46405214,1.76378445,-0.49933455,1.69191644,0.01456460,0.21920972,-0.00365974,9.80549864,-0.57264463,0.32501853,-1.51261007,4
117.37849022,31.96329280,41.61524611,14.06465379,111.97630849,41.61424611,106.36638083,-0.03968279,-0.44002594,1.77192043,-0.50472119,1.69887754,0.01385558,0.21669290,-0.15025676,9.51422667,-0.19055113,0.60805255,-1.83318153,4
117.37849125,31.96329256,41.61620530,14.03634111,112.07234586,41.61520530,106.48946821,-0.01586726,-0.40029267,1.77281288,-0.50877943,1.69855307,0.01277653,0.13999749,-0.11921687,9.70212797,0.29887889,0.63939068,-2.25992264,4
117.37849227,31.96329234,41.61700050,14.00781543,112.16832118,41.61600050,106.62033628,0.01565265,-0.36495922,1.77220847,-0.51294694,1.69655898,0.01178401,0.06360454,-0.05763768,9.97546975,0.36987296,0.54547932,-2.68421543,4
117.37849329,31.96329211,41.61706258,13.97906390,112.26422963,41.61606258,106.75908883,0.02646191,-0.35124330,1.77179825,-0.51800741,1.69439987,0.01126311,0.04245300,-0.03763063,10.07950039,-0.43125571,0.32321300,-3.03264816,4
117.37849430,31.96329186,41.61739697,13.95007354,112.36006624,41.61639697,106.90582934,0.00607287,-0.34856433,1.76708323,-0.52237903,1.68789577,0.01100137,0.06310874,-0.01646513,9.90165557,-0.76421384,0.06000129,-3.35523331,4
117.37849531,31.96329161,41.61822684,13.92083122,112.45582587,41.61722684,107.06065233,-0.03052604,-0.36130976,1.76082344,-0.52690868,1.67970879,0.01122648,0.12061456,-0.01084682,9.54998646,-0.48710635,-0.21128817,-3.64513771,4
117.37849632,31.96329136,41.61974761,13.89132372,112.55150323,41.61874761,107.22363586,-0.01575534,-0.38769722,1.76380245,-0.53424728,1.68044171,0.01218038,0.15925675,-0.05832676,9.57432530,0.20185564,-0.36917665,-3.91142508,4
117.37849733,31.96329110,41.62099983,13.86153772,112.64709286,41.61999983,107.39486653,0.01781332,-0.41871241,1.76745443,-0.54220168,1.68172077,0.01336640,0.19721199,-0.08402141,9.77583633,0.54638590,-0.42841172,-4.10578947,4
117.37849834,31.96329083,41.62093828,13.83145983,112.74258912,41.61993828,107.57442919,0.05259112,-0.44888627,1.76722120,-0.54996594,1.67898151,0.01446555,0.24516558,-0.01985688,10.07740986,-0.24287002,-0.30556023,-4.13006263,4
117.37849936,31.96329058,41.62060955,13.80107653,112.83798623,41.61960955,107.76238712,0.05157260,-0.46863795,1.77398104,-0.55941974,1.68302844,0.01500000,0.27983361,0.00267901,10.05788294,-0.58952403,-0.13764405,-4.16100480,4
117.37850036,31.96329032,41.62023576,13.77037431,112.93327822,41.61923576,107.95880397,0.02797514,-0.47584337,1.78449295,-0.56981939,1.69071403,0.01500000,0.28446371,-0.00252291,9.77538024,-0.37733355,0.03404817,-4.22907345,4
117.37850137,31.96329005,41.62059007,13.73933957,113.02845894,41.61959007,108.16373887,0.04355293,-0.47396197,1.78521342,-0.57799847,1.68888367,0.01500977,0.22928187,0.03035891,9.64033029,0.29214027,0.06965874,-4.40237650,4
117.37850239,31.96328980,41.62136444,13.70795870,113.12352208,41.62036444,108.37722493,0.07509813,-0.47183546,1.78428359,-0.58591179,1.68537389,0.01518269,0.16196689,0.04043165,9.65790875,0.68871653,0.02775865,-4.59140938,4
117.37850340,31.96328956,41.62232206,13.67621811,113.21846118,41.62132206,108.59929133,0.10797271,-0.47967827,1.78746853,-0.59500468,1.68563442,0.01576682,0.12603048,-0.03255220,9.89733269,0.02515557,-0.09859102,-4.72602155,4
117.37850440,31.96328928,41.62226852,13.64410422,113.31326960,41.62126852,108.82996626,0.12783015,-0.49747511,1.78634674,-0.60298568,1.68153192,0.01636297,0.11986024,-0.05047214,9.98862545,-0.29606529,-0.29369136,-4.88263226,4
117.37850539,31.96328900,41.62126810,13.61160348,113.40794052,41.62026810,109.06925380,0.13355176,-0.53131057,1.78225410,-0.61045415,1.67431529,0.01717048,0.15115752,0.00684225,9.89209240,-0.20780843,-0.55662696,-5.04936350,4
117.37850641,31.96328872,41.62100244,13.57870243,113.50246700,41.62000244,109.31714907,0.14193016,-0.58143680,1.78502310,-0.62057741,1.67368397,0.01867044,0.19471879,0.10592617,9.73375661,-0.06636598,-0.78171157,-5.16290071,4
117.37850741,31.96328845,41.62115119,13.54538767,113.59684192,41.62015119,109.57364812,0.15710468,-0.63271398,1.78972244,-0.63149949,1.67483764,0.02029121,0.26047909,0.15658955,9.66080494,0.10871059,-0.79735161,-5.23107072,4
117.37850841,31.96328815,41.62160051,13.51164591,113.69105802,41.62060051,109.83873293,0.18759812,-0.66366966,1.79442859,-0.64247855,1.67571799,0.02135924,0.36849785,0.03181856,9.88926633,0.25440030,-0.21253981,-5.22811758,4
117.37850941,31.96328786,41.62128640,13.47746395,113.78510787,41.62028640,110.11238210,0.20603685,-0.66570042,1.80677622,-0.65589798,1.68359633,0.02163873,0.41675362,-0.00569984,9.98909715,0.03751708,0.37122154,-5.27133624,4
117.37851041,31.96328758,41.62023115,13.44282874,113.87898390,41.61923115,110.39457399,0.21128492,-0.63076720,1.82435334,-0.67104262,1.69625416,0.02079049,0.38762809,0.04331278,9.90659651,-0.38833629,0.86224314,-5.34820095,4
117.37851141,31.96328726,41.61947707,13.40772733,113.97267838,41.61847707,110.68526585,0.21619639,-0.57358472,1.83098649,-0.68290087,1.69884337,0.01889531,0.31168733,0.05980893,9.67250144,-0.15203973,1.03751469,-5.36405651,4
117.37851240,31.96328697,41.61915122,13.37214695,114.06618342,41.61815122,110.98440396,0.23015523,-0.51584583,1.83196817,-0.69289412,1.69611660,0.01692839,0.20603366,0.05905292,9.54922981,0.26816726,0.91078907,-5.40547148,4
117.37851341,31.96328667,41.61952340,13.33607501,114.15949102,41.61852340,111.29193565,0.26990644,-0.49166390,1.83107168,-0.70181032,1.69127538,0.01633978,0.09091407,0.05310620,9.95789959,0.21829912,0.34444745,-5.61505622,4
117.37851439,31.96328635,41.61883556,13.29949912,114.25259300,41.61783556,111.60779085,0.29305466,-0.48228423,1.82416983,-0.70895946,1.68075068,0.01600441,0.06148813,0.03389047,10.12383548,-0.08036178,-0.07684649,-5.80097292,4
117.37851536,31.96328600,41.61658660,13.26240708,114.34548107,41.61558660,111.93188610,0.28544418,-0.49593758,1.81200697,-0.71490487,1.66509642,0.01608584,0.16996712,0.01195879,9.86206468,-0.60370208,-0.19725315,-5.92524925,4
117.37851636,31.96328567,41.61502805,13.22478698,114.43814683,41.61402805,112.26413496,0.26836871,-0.51363838,1.81586548,-0.72674567,1.66396896,0.01649089,0.27593264,0.05833903,9.57618729,-0.57215396,-0.16028582,-5.99776017,4
117.37851734,31.96328533,41.61357519,13.18662710,114.53058171,41.61257519,112.60443119,0.25783955,-0.53003472,1.82603593,-0.74109347,1.66852245,0.01707819,0.35595425,0.09247071,9.46691844,-0.23198090,-0.03247979,-6.07488537,4
117.37851830,31.96328496,41.61123962,13.14791607,114.62277708,41.61023962,112.95265789,0.28155948,-0.53382591,1.82900363,-0.75340095,1.66641177,0.01757739,0.35713049,-0.02163259,9.90301465,0.04817272,0.12532959,-6.23310117,4
117.37851927,31.96328460,41.60884435,13.10864276,114.71472419,41.60784435,113.30870771,0.29791272,-0.52448946,1.83456009,-0.76683394,1.66666263,0.01740969,0.32357132,-0.10688776,10.15533254,-0.09341453,0.33012671,-6.28023480,4
117.37852024,31.96328425,41.60643937,13.06879636,114.80641416,41.60543937,113.67246239,0.29061246,-0.50038275,1.84264321,-0.78104829,1.66918297,0.01634004,0.25596505,-0.11065582,9.98364829,-0.71242195,0.48124700,-6.14149734,4
117.37852120,31.96328388,41.60364694,13.02836635,114.89783803,41.60264694,114.04378547,0.26058035,-0.48454227,1.83992884,-0.79019253,1.66164410,0.01553199,0.19433421,-0.07991756,9.64775082,-0.81015221,0.17588204,-5.98320148,4
117.37852217,31.96328351,41.60127307,12.98734256,114.98898676,41.60027307,114.42254484,0.22811022,-0.48735778,1.83192845,-0.79686735,1.64926235,0.01544777,0.15440378,-0.03117718,9.40201681,-0.52037289,-0.34534262,-5.89705008,4
117.37852314,31.96328315,41.60105494,12.94571514,115.07985120,41.60005494,114.80860451,0.23554355,-0.52821711,1.83061000,-0.80674902,1.64330711,0.01696360,0.17033718,-0.00513904,9.75443273,-0.20901445,-0.52829241,-6.06561908,4
117.37852411,31.96328276,41.60153024,12.90347459,115.17042212,41.60053024,115.20180992,0.24262211,-0.56854387,1.82702320,-0.81587539,1.63492043,0.01852341,0.22087441,-0.02798171,10.05225196,-0.13378044,-0.50901256,-6.25174933,4
117.37852506,31.96328234,41.60268491,12.86061177,115.26069024,41.60168491,115.60200038,0.23818559,-0.59816991,1.82109111,-0.82438875,1.62365865,0.01968491,0.30625071,-0.12302508,10.02878888,-0.43234627,-0.29411167,-6.40269582,4
117.37852600,31.96328196,41.60348338,12.81711793,115.35064621,41.60248338,116.00900740,0.22883769,-0.62528373,1.82762422,-0.83851892,1.62381805,0.02048338,0.33315168,-0.17041145,9.72625457,-0.48099515,-0.43695983,-6.52694455,4
117.37852696,31.96328156,41.60436548,12.77298473,115.44028063,41.60336548,116.42264733,0.22437584,-0.65690211,1.83587159,-0.85363976,1.62549964,0.02136523,0.32692096,-0.17246104,9.44554391,-0.32030624,-0.66331546,-6.64167033,4
117.37852790,31.96328115,41.60607203,12.72820424,115.52958407,41.60507203,116.84274185,0.24160101,-0.70142842,1.82945773,-0.86278582,1.61351709,0.02298612,0.33119730,-0.12923050,9.70420814,-0.04614091,-0.47089391,-6.77713342,4
117.37852886,31.96328073,41.60763196,12.68276891,115.61854704,41.60663196,117.26911995,0.25612966,-0.72364948,1.83208755,-0.87605572,1.60934587,0.02399762,0.36403484,-0.09881381,9.99419896,-0.07145282,-0.02561306,-6.92855715,4
117.37852980,31.96328033,41.60871804,12.63667162,115.70716003,41.60771804,117.70159571,0.25783637,-0.70896696,1.84652510,-0.89462119,1.61539283,0.02370365,0.40519580,-0.10624487,10.08278848,-0.47307064,0.49817297,-7.07653384,4
117.37853074,31.96327991,41.60953407,12.58990567,115.79541348,41.60853407,118.13998218,0.24559660,-0.68418622,1.84663789,-0.90691198,1.60833474,0.02241988,0.34680353,-0.14647327,9.75981211,-0.64510591,0.41681376,-7.15218032,4
117.37853169,31.96327947,41.61048888,12.54246478,115.88329781,41.60948888,118.58410790,0.23064741,-0.66388979,1.84180432,-0.91700312,1.59675717,0.02120171,0.26061133,-0.17863919,9.40863773,-0.50000078,0.09845514,-7.16455041,4
117.37853264,31.96327906,41.61224966,12.49434307,115.97080342,41.61124966,119.03379395,0.23667477,-0.66959590,1.84543329,-0.93071433,1.59295657,0.02169553,0.26441235,-0.13481239,9.64801541,0.04174161,0.14485851,-7.15976229,4
117.37853357,31.96327864,41.61411095,12.44553506,116.05792068,41.61311095,119.48885033,0.27158385,-0.66726836,1.83970240,-0.94030066,1.58070517,0.02199719,0.27759264,-0.07548924,9.91009445,0.34620381,0.20029013,-7.30308490,4
117.37853448,31.96327819,41.61577813,12.39603575,116.14463995,41.61477813,119.94909558,0.32558562,-0.65773070,1.82751122,-0.94737784,1.56241656,0.02186363,0.29661587,-0.01874290,10.04128751,0.20137358,0.18776499,-7.59361286,4
117.37853541,31.96327776,41.61656138,12.34584049,116.23095159,41.61556138,120.41434707,0.33134220,-0.65955899,1.83130887,-0.96241012,1.55800576,0.02138960,0.30828584,-0.01749720,9.79312941,-0.26254762,0.00381398,-7.75258873,4
117.37853634,31.96327731,41.61625061,12.29494510,116.31684597,41.61525061,120.88441581,0.33517573,-0.66380824,1.83113541,-0.97561145,1.54983894,0.02099678,0.34077968,-0.02770480,9.57826240,-0.31466019,-0.01420585,-7.80321906,4
117.37853725,31.96327681,41.61447263,12.24334582,116.40231345,41.61347263,121.35912708,0.36771966,-0.65948628,1.81909044,-0.98311527,1.53076809,0.02088399,0.40501806,-0.00919729,9.71798510,0.38550250,0.37292663,-7.72117991,4
117.37853816,31.96327635,41.61343060,12.19103928,116.48734441,41.61243060,121.83831419,0.40667514,-0.63512168,1.82655352,-1.00004683,1.52874487,0.02043759,0.41824546,0.05983713,9.99442746,0.15650229,0.61187199,-7.66762432,4
117.37853907,31.96327589,41.61219553,12.13802251,116.57192921,41.61119553,122.32180058,0.42848909,-0.59675818,1.83310617,-1.01624270,1.52579355,0.01941005,0.36936128,0.05607973,10.13704470,-0.34700366,0.68858235,-7.63375572,4
117.37853996,31.96327539,41.60980877,12.08429294,116.65605826,41.60880877,122.80941160,0.40863712,-0.55642259,1.81649347,-1.02056435,1.50237806,0.01775424,0.25616866,-0.11725589,9.84891011,-0.32987049,0.55020655,-7.62640202,4
117.37854087,31.96327492,41.60806506,12.02984844,116.73972197,41.60706506,123.30098102,0.40380626,-0.53317968,1.80859182,-1.02902513,1.48682669,0.01700817,0.18526859,-0.10578028,9.68143260,-0.30793763,0.29202527,-7.67945243,4
117.37854176,31.96327444,41.60776497,11.97468723,116.82291079,41.60676497,123.79634447,0.41413017,-0.53371912,1.80087313,-1.03731319,1.47166466,0.01720520,0.17514252,-0.00371622,9.71167269,-0.24749174,-0.05798090,-7.77977431,4
117.37854264,31.96327392,41.60935465,11.91880793,116.90561520,41.60835465,124.29534826,0.42689876,-0.55759101,1.77977834,-1.03894594,1.44462619,0.01781695,0.22598623,-0.04180409,9.86666404,-0.07252089,-0.33173242,-7.87198985,4
117.37854353,31.96327343,41.61093070,11.86220953,116.98782569,41.60993070,124.79784448,0.44482015,-0.58440342,1.77577386,-1.05014264,1.43171055,0.01846064,0.31337327,-0.05538245,9.89048001,-0.03471424,-0.23558315,-7.92264518,4
117.37854441,31.96327293,41.61163812,11.80489138,117.06953278,41.61063812,125.30367007,0.46802018,-0.59614882,1.78543273,-1.06879909,1.43007913,0.01871499,0.40457502,-0.01497127,9.78214470,-0.04893798,0.17855994,-7.91256901,4
117.37854524,31.96327237,41.61129210,11.74685324,117.15072708,41.61029210,125.81266279,0.49085968,-0.57606281,1.78718178,-1.08288654,1.42159340,0.01820821,0.43383554,0.03486979,9.73511977,0.04656589,0.52717348,-7.83736016,4
117.37854609,31.96327182,41.61097151,11.68809523,117.23139923,41.60997151,126.32467671,0.50298163,-0.54313547,1.79382800,-1.09939459,1.41726453,0.01755568,0.37002679,0.07354930,9.83498277,-0.19776950,0.63670872,-7.71488306,4
117.37854695,31.96327128,41.61044615,11.62861781,117.31153991,41.60944615,126.83955504,0.49915763,-0.50985335,1.79776083,-1.11366437,1.41103072,0.01676000,0.24145691,0.03666834,9.94797222,-0.51926733,0.43376967,-7.59175296,4
117.37854777,31.96327070,41.60893056,11.56842185,117.39113990,41.60793056,127.35712865,0.48897783,-0.49524849,1.78151145,-1.11574837,1.38842634,0.01580061,0.16657430,-0.10369957,9.79731752,-0.18610219,0.05045353,-7.56531361,4
117.37854861,31.96327015,41.60762635,11.50750859,117.47019009,41.60662635,127.87724647,0.50040748,-0.50937587,1.76900368,-1.12013988,1.36875160,0.01577662,0.16941378,-0.09239349,9.69612848,0.13612232,-0.32449665,-7.64765645,4
117.37854945,31.96326961,41.60731812,11.44587958,117.54868141,41.60631812,128.39976780,0.53211738,-0.54646310,1.76802298,-1.13167177,1.35814743,0.01688252,0.26209107,0.06930030,9.79644081,-0.00331066,-0.40176702,-7.79949232,4
117.37855025,31.96326901,41.60759151,11.38353676,117.62660490,41.60659151,128.92454429,0.53883634,-0.56692436,1.76350588,-1.14136761,1.34422529,0.01753407,0.38320310,0.02174858,9.90825703,-0.41698141,0.00774262,-7.88430985,4
117.37855105,31.96326842,41.60763583,11.32048238,117.70395172,41.60663583,129.45143363,0.53265502,-0.55546129,1.76967476,-1.15767172,1.33834511,0.01727164,0.45375725,-0.06553329,9.86601290,-0.51431811,0.52747992,-7.89260844,4
117.37855187,31.96326785,41.60700608,11.25671900,117.78071311,41.60600608,129.98029993,0.53046574,-0.51028749,1.78561569,-1.17965183,1.34016447,0.01601319,0.39894836,-0.03049124,9.68022175,-0.15600808,0.72662496,-7.81574503,4
117.37855266,31.96326723,41.60638204,11.19224952,117.85688044,41.60538204,130.51099975,0.54497945,-0.46825222,1.78387656,-1.19024929,1.32856928,0.01479592,0.25233993,0.11804659,9.69097887,-0.15024530,0.46837267,-7.69484090,4
117.37855344,31.96326663,41.60597552,11.12707716,117.93244521,41.60497552,131.04339571,0.56474236,-0.45291814,1.77677968,-1.19693913,1.31304996,0.01429918,0.13433375,0.18634828,9.82388181,-0.17892774,0.01604635,-7.63187888,4
117.37855426,31.96326604,41.60558293,11.06120541,118.00739905,41.60458293,131.57735685,0.57704688,-0.47740113,1.77324636,-1.20532256,1.30032542,0.01493088,0.17176080,0.07779493,9.90987172,-0.07830009,-0.23973665,-7.73066690,4
117.37855503,31.96326542,41.60423024,10.99463810,118.08173370,41.60323024,132.11273696,0.58429911,-0.50046202,1.76189640,-1.20909126,1.28124365,0.01557847,0.29601802,0.10629448,9.78303008,-0.30294801,-0.15487462,-7.91629985,4
117.37855579,31.96326479,41.60246580,10.92737934,118.15544113,41.60146580,132.64939606,0.58475532,-0.51170577,1.75774086,-1.21807604,1.26701936,0.01599589,0.39530383,0.14378224,9.62874844,-0.47006769,0.07936644,-8.06951720,4
117.37855657,31.96326419,41.60088124,10.85943352,118.22851340,41.59988124,133.18722185,0.58504147,-0.50438793,1.77221256,-1.23945523,1.26650335,0.01600000,0.34961761,0.06359408,9.72186215,-0.14557701,0.14633684,-8.05120166,4
117.37855732,31.96326356,41.59838100,10.79080529,118.30094273,41.59738100,133.72609533,0.60214623,-0.49654109,1.77667699,-1.25409218,1.25865276,0.01598480,0.31451931,0.08837238,9.92139870,0.14784113,0.18481668,-7.99828519,4
117.37855806,31.96326290,41.59538661,10.72149954,118.37272151,41.59438661,134.26588296,0.62402546,-0.48700175,1.77718280,-1.26577167,1.24784985,0.01577484,0.29697703,0.13545452,10.05103041,0.08931643,0.20684684,-7.93421893,4
117.37855883,31.96326227,41.59291717,10.65152143,118.44384234,41.59191717,134.80646614,0.62643440,-0.47621645,1.78395338,-1.28109868,1.24154475,0.01528535,0.29069806,0.06072307,9.89516446,-0.44863722,0.20103958,-7.90219250,4
117.37855957,31.96326162,41.59075565,10.58087632,118.51429795,41.58975565,135.34772036,0.61451183,-0.47178633,1.78360716,-1.29139322,1.22999229,0.01502521,0.27489708,-0.03766293,9.70388217,-0.56099779,0.02735718,-7.88963130,4
117.37856029,31.96326097,41.58918208,10.50956985,118.58408132,41.58818208,135.88948836,0.60555826,-0.48094440,1.77862670,-1.29848428,1.21507698,0.01537773,0.26107260,-0.07454434,9.63172478,-0.16860898,-0.22680757,-7.91767476,4
117.37856105,31.96326033,41.58826005,10.43760791,118.65318568,41.58726005,136.43161433,0.62898775,-0.50225779,1.78297271,-1.31203747,1.20705261,0.01631351,0.27999258,0.01910844,9.78220880,0.05687853,-0.25569017,-7.99098156,4
117.37856176,31.96325967,41.58706353,10.36499664,118.72160449,41.58606353,136.97395600,0.65522147,-0.52114390,1.78578889,-1.32464357,1.19740591,0.01700000,0.31956916,0.07531126,9.97858919,0.05689063,-0.19966847,-8.02170875,4
117.37856244,31.96325899,41.58513490,10.29174239,118.78933149,41.58413490,137.51634906,0.66396682,-0.53072398,1.78472161,-1.33470406,1.18432291,0.01700000,0.34526603,0.01383338,10.01797721,-0.18870703,-0.16982582,-7.96387667,4
117.37856316,31.96325831,41.58342249,10.21785180,118.85636068,41.58242249,138.05861528,0.66197204,-0.54288255,1.79183738,-1.35034283,1.17770737,0.01703667,0.30545194,-0.02319523,9.80159204,-0.42694435,-0.21498498,-7.90536363,4
117.37856388,31.96325764,41.58346719,10.14333171,118.92268640,41.58246719,138.60059311,0.65372788,-0.55958241,1.79529526,-1.36303553,1.16854370,0.01750579,0.27614386,-0.02471711,9.62255935,-0.55179788,-0.25430955,-7.86177749,4
117.37856456,31.96325695,41.58616236,10.06818919,118.98830326,41.58516236,139.14212059,0.64940677,-0.57845320,1.78793600,-1.36779537,1.15107874,0.01849321,0.32126798,-0.00101319,9.75776826,-0.44772739,-0.18708886,-7.85789337,4
117.37856526,31.96325628,41.58891394,9.99243154,119.05320618,41.58791394,139.68301973,0.65688375,-0.58816774,1.79017484,-1.37962943,1.14023277,0.01898470,0.34496355,-0.00327786,9.90460523,-0.18688295,-0.04628322,-7.90483630,4
117.37856598,31.96325561,41.59099768,9.91606625,119.11739043,41.58999768,140.22311389,0.67210688,-0.58637407,1.79708237,-1.39476966,1.13274232,0.01879247,0.32522686,-0.01093410,9.92405289,-0.05120188,0.05437535,-7.99922851,4
117.37856664,31.96325491,41.59249741,9.83910100,119.18085161,41.59149741,140.76222523,0.68353044,-0.58131914,1.79457479,-1.40275163,1.11874449,0.01843121,0.28657425,0.02177356,9.79414426,-0.28841874,-0.02207091,-8.09023969,4
117.37856733,31.96325422,41.59377912,9.76154367,119.24358570,41.59277912,141.30015984,0.69463953,-0.58877286,1.79489393,-1.41287654,1.10659821,0.01874413,0.27058880,0.06040241,9.71980470,-0.32719132,-0.18778639,-8.08039851,4
117.37856803,31.96325353,41.59533129,9.68340235,119.30558904,41.59433129,141.83671870,0.70812214,-0.61339343,1.79823009,-1.42520383,1.09649271,0.01982573,0.29701667,0.07581892,9.80840830,-0.10206287,-0.34860182,-7.99158710,4
117.37856868,31.96325282,41.59753048,9.60468531,119.36685837,41.59653048,142.37170077,0.72300718,-0.63994641,1.79203379,-1.43008680,1.07993321,0.02064369,0.33934543,0.06160758,9.96206248,-0.19197263,-0.41337766,-8.00176350,4
117.37856933,31.96325210,41.59956707,9.52540100,119.42739083,41.59856707,142.90489292,0.72357965,-0.66548052,1.79003566,-1.43813868,1.06577204,0.02127559,0.36749572,0.06150256,9.96308536,-0.46498618,-0.37313519,-8.08113120,4
117.37856999,31.96325139,41.60103808,9.44555806,119.48718400,41.60003808,143.43608383,0.70255990,-0.68515031,1.79912089,-1.45472655,1.05851949,0.02177754,0.36667321,0.08821563,9.73052672,-0.67909729,-0.25070201,-8.15827157,4
117.37857063,31.96325067,41.60313221,9.36516529,119.54623587,41.60213221,143.96507026,0.68096200,-0.69600282,1.80023206,-1.46518144,1.04592638,0.02201875,0.37616271,0.06191367,9.61878852,-0.71747530,-0.09722110,-8.18135863,4
117.37857125,31.96324994,41.60567139,9.28423164,119.60454483,41.60467139,144.49163627,0.66591186,-0.70327959,1.80049268,-1.47490887,1.03253376,0.02224303,0.36882119,0.02120547,9.72681890,-0.64443191,-0.07176968,-8.18280471,4
117.37857189,31.96324921,41.60811914,9.20276622,119.66210977,41.60711914,145.01556141,0.65764149,-0.71728860,1.80813471,-1.49014301,1.02384860,0.02277978,0.32411830,0.02012334,9.97352278,-0.65475347,-0.27318443,-8.22050392,4
117.37857251,31.96324847,41.61062456,9.12077827,119.71892997,41.60962456,145.53664828,0.63105854,-0.73963064,1.80745283,-1.49866006,1.01029868,0.02343566,0.29590593,-0.00820667,9.97015953,-0.84044966,-0.42582221,-8.26858883,4
117.37857312,31.96324774,41.61317158,9.03827708,119.77500518,41.61217158,146.05470279,0.59843873,-0.77247201,1.80152250,-1.50296991,0.99341220,0.02442137,0.31628597,-0.06505014,9.73160883,-0.79417932,-0.48537506,-8.29153304,4
117.37857376,31.96324700,41.61558016,8.95527210,119.83033554,41.61458016,146.56950701,0.59929506,-0.81059961,1.80703242,-1.51635115,0.98286546,0.02592198,0.37775259,-0.08802762,9.66226360,-0.01853361,-0.56121601,-8.25978485,4
117.37857436,31.96324625,41.61747963,8.87177283,119.88492169,41.61647963,147.08084212,0.62271341,-0.84407336,1.81397416,-1.53087551,0.97306608,0.02720444,0.43939436,-0.00803126,9.78153456,0.19894229,-0.46924703,-8.21732602,4
117.37857492,31.96324548,41.61868066,8.78778889,119.93876474,41.61768066,147.58850261,0.64526795,-0.86346301,1.81836961,-1.54337348,0.96177183,0.02778051,0.46120605,0.11242679,9.97106330,-0.51564694,-0.16941117,-8.17326204,4
117.37857551,31.96324473,41.61946653,8.70332994,119.99186622,41.61846653,148.09227622,0.63999272,-0.86812124,1.82924816,-1.56091266,0.95401629,0.02800000,0.43663109,0.03171987,9.94751247,-0.56683639,0.05976810,-8.07409208,4
117.37857610,31.96324398,41.61966212,8.61840575,120.04422814,41.61866212,148.59194122,0.63251675,-0.86395523,1.83774053,-1.57604325,0.94512236,0.02800076,0.38399555,-0.06762844,9.78373188,-0.09170592,0.07468209,-7.99036753,4
117.37857665,31.96324320,41.61937872,8.53302611,120.09585300,41.61837872,149.08727396,0.65812715,-0.86410191,1.83361255,-1.58043954,0.92959733,0.02807180,0.34198574,0.05706911,9.68447551,0.23188506,-0.15304754,-8.01286143,4
117.37857721,31.96324242,41.61963694,8.44720090,120.14674378,41.61863694,149.57805186,0.68732562,-0.87888238,1.83148111,-1.58658932,0.91506798,0.02867001,0.32371831,0.08368570,9.69884952,0.15067153,-0.35938638,-8.09421021,4
117.37857779,31.96324166,41.62033082,8.36094003,120.19690394,41.61933082,150.06406519,0.70656712,-0.90720793,1.83504510,-1.59759752,0.90323908,0.02974246,0.34009126,-0.04282384,9.80786190,-0.13145163,-0.39442505,-8.17514694,4
117.37857831,31.96324087,41.61993056,8.27425345,120.24633736,41.61893056,150.54510861,0.72946998,-0.93273397,1.83270786,-1.60345764,0.88766831,0.03056109,0.38958376,-0.00231561,9.89353326,0.06969451,-0.33765223,-8.20277121,4
117.37857882,31.96324008,41.61916285,8.18715111,120.29504844,41.61816285,151.02096352,0.75446135,-0.95541097,1.83357259,-1.61205340,0.87354754,0.03118039,0.43096155,0.08670628,9.86469148,0.22248893,-0.29557605,-8.17758282,4
117.37857936,31.96323931,41.61904763,8.09964298,120.34304203,41.61804763,151.49141871,0.77744689,-0.97683979,1.84346505,-1.62839414,0.86448259,0.03177862,0.42892785,0.06650960,9.71638597,-0.13186199,-0.35143515,-8.12784506,4
117.37857986,31.96323850,41.61939814,8.01173904,120.39032344,41.61839814,151.95627628,0.79310004,-0.99709573,1.84497112,-1.63707107,0.85099903,0.03237918,0.43236586,-0.00821303,9.68186818,-0.19764081,-0.31100115,-8.05357362,4
117.37858035,31.96323769,41.62003141,7.92344924,120.43689844,41.61903141,152.41532114,0.80951224,-1.01155192,1.84086821,-1.64051733,0.83444270,0.03284161,0.43758785,-0.03733634,9.77391020,0.08455254,-0.15706321,-7.97629997,4
117.37858087,31.96323690,41.62060318,7.83478354,120.48277330,41.61960318,152.86833303,0.84034253,-1.01666160,1.84658277,-1.65248150,0.82307375,0.03303616,0.41254471,0.07056874,9.81964404,0.17167147,-0.05094070,-7.91114315,4
117.37858135,31.96323609,41.62093627,7.74575191,120.52795473,41.61993627,153.31510971,0.86917053,-1.02251691,1.84896689,-1.66145097,0.81052907,0.03330681,0.38725760,0.17775628,9.83675774,0.05153244,-0.10652789,-7.73047560,4
117.37858180,31.96323527,41.62100000,7.65636426,120.57244990,41.62000000,153.75544662,0.88786455,-1.03383062,1.84385556,-1.66374967,0.79467226,0.03377100,0.39503449,0.17701368,9.83733294,-0.07505222,-0.21088370,-7.39659626,4
117.37858228,31.96323446,41.62100000,7.56663051,120.61626646,41.62000000,154.18913432,0.91220540,-1.03710904,1.84765698,-1.67358711,0.78336491,0.03389726,0.44777145,0.10977637,9.80694392,0.16723606,0.08376661,-7.05162638,4
117.37858276,31.96323365,41.62100000,7.47656053,120.65941249,41.62000000,154.61597091,0.94776688,-1.01203853,1.85652127,-1.68731998,0.77482279,0.03307600,0.50577419,0.03248252,9.79913899,0.39683827,0.68003145,-6.77250879,4
117.37858319,31.96323281,41.62095290,7.38616415,120.70189655,41.61995290,155.03575307,0.98907714,-0.94918583,1.85948284,-1.69527195,0.76378624,0.03108190,0.50415302,0.00540257,9.85947988,0.10208590,1.14469795,-6.57794813,4
117.37858363,31.96323199,41.62063642,7.29545118,120.74372762,41.61963642,155.44828922,1.01772822,-0.87479031,1.86394264,-1.70438311,0.75377776,0.02864628,0.41125578,0.03468816,9.87391822,-0.10321455,1.19120620,-6.42514970,4
117.37858410,31.96323117,41.62005724,7.20443134,120.78491512,41.61905724,155.85340868,1.03278098,-0.81051317,1.86773017,-1.71287588,0.74395495,0.02650214,0.28146307,0.08877153,9.83465677,-0.01034285,0.93639476,-6.31221149,4
117.37858450,31.96323033,41.61947201,7.11311431,120.82546885,41.61847201,156.25093255,1.05251260,-0.75688431,1.85791337,-1.70897135,0.72853268,0.02487256,0.23076462,0.11494330,9.86569787,-0.05381361,0.83333609,-6.32080220,4
117.37858490,31.96322950,41.61909352,7.02150967,120.86539903,41.61809352,156.64067852,1.07033732,-0.71167901,1.84735143,-1.70428154,0.71251534,0.02362737,0.23823576,0.09457527,9.91221871,-0.19177692,0.76787631,-6.43050828,4
117.37858533,31.96322868,41.61888446,6.92962696,120.90471630,41.61788446,157.02248854,1.07870592,-0.67148377,1.84824377,-1.70988803,0.70090079,0.02247813,0.24726862,0.04113620,9.88795928,-0.29547595,0.55924039,-6.53449356,4
117.37858570,31.96322782,41.61821743,6.83747559,120.94343163,41.61721743,157.39620844,1.07993643,-0.64792617,1.84686683,-1.71343313,0.68858204,0.02163061,0.26655519,-0.00260996,9.77321533,-0.34733030,0.24297728,-6.48889623,4
117.37858604,31.96322696,41.61732951,6.74506491,120.98155639,41.61632951,157.76167172,1.08058379,-0.63789109,1.84444113,-1.71603691,0.67615651,0.02116475,0.30045368,-0.00227347,9.68318125,-0.37743308,0.08572800,-6.25716284,4
117.37858640,31.96322612,41.61708055,6.65240419,121.01910233,41.61608055,158.11872154,1.08551895,-0.62522075,1.85064637,-1.72632364,0.66746846,0.02087918,0.33783993,0.05262044,9.77412840,-0.45544875,0.35183059,-5.89801372,4
117.37858676,31.96322527,41.61760264,6.55950258,121.05608155,41.61660264,158.46721416,1.07986186,-0.60010743,1.85515519,-1.73444210,0.65885871,0.02010359,0.33146429,0.12689238,9.90791178,-0.62356316,0.57854046,-5.40477995,4
117.37858708,31.96322440,41.61866499,6.46636915,121.09250648,41.61766499,158.80701199,1.05738556,-0.56506799,1.85167238,-1.73451788,0.64809750,0.01872674,0.26430616,0.16275482,9.92983877,-0.77283371,0.42971907,-4.82185039,4
117.37858743,31.96322354,41.61985004,6.37301287,121.12838989,41.61885004,159.13798718,1.03537904,-0.54534561,1.85031622,-1.73608111,0.63946896,0.01797840,0.19085060,0.10471687,9.82505282,-0.54346996,0.23232493,-4.22280175,4
117.37858780,31.96322270,41.62087707,6.27944256,121.16374484,41.61987707,159.46001127,1.02099256,-0.53861742,1.84873126,-1.73705967,0.63212615,0.01780857,0.15386120,0.03900264,9.73436615,-0.27069017,0.18580850,-3.69741686,4
117.37858812,31.96322185,41.62160757,6.18566697,121.19858472,41.62060757,159.77296012,1.01023795,-0.52570636,1.83901723,-1.73019549,0.62278303,0.01734562,0.16879205,0.09684383,9.82381150,-0.54886182,0.29965531,-3.32643608,4
117.37858846,31.96322100,41.62193092,6.09169471,121.23292321,41.62093092,160.07673858,0.99353277,-0.51126448,1.83261445,-1.72629698,0.61511283,0.01673037,0.19630848,0.15199322,9.90250828,-0.80559830,0.36154091,-3.10594524,4
117.37858883,31.96322014,41.62183083,5.99753426,121.26677421,41.62083083,160.37126467,0.97079412,-0.49737902,1.83544034,-1.73094866,0.61072961,0.01613570,0.20091956,0.13783326,9.85545033,-0.64490277,0.30650113,-2.97072491,4
117.37858913,31.96321929,41.62106857,5.90319395,121.30015186,41.62006857,160.65644511,0.95912817,-0.47674700,1.83927268,-1.73620412,0.60681823,0.01554547,0.19046071,0.16672450,9.82352014,-0.37461852,0.40651777,-2.90029844,4
117.37858942,31.96321843,41.61973191,5.80868198,121.33307055,41.61873191,160.93219584,0.95267170,-0.45188700,1.84220046,-1.74046856,0.60271935,0.01495991,0.16248891,0.17428713,9.84311948,-0.29329543,0.50674764,-2.85083582,4
117.37858974,31.96321757,41.61814682,5.71400644,121.36554487,41.61714682,161.19845376,0.93684806,-0.43191467,1.84407092,-1.74396325,0.59836276,0.01442142,0.12138067,0.05928024,9.87499188,-0.55383974,0.31769399,-2.76821025,4
117.37859006,31.96321670,41.61639169,5.61917522,121.39758962,41.61539169,161.45516237,0.92003223,-0.42460513,1.84049517,-1.74239267,0.59226715,0.01408641,0.10587777,-0.01634482,9.80918666,-0.61613622,0.06150399,-2.66815792,4
117.37859033,31.96321583,41.61465467,5.52419611,121.42921973,41.61365467,161.70227461,0.91105136,-0.43127439,1.83190185,-1.73599072,0.58456011,0.01405736,0.13133704,0.05222839,9.65246830,-0.22804470,-0.05952337,-2.57450113,4
117.37859064,31.96321497,41.61325595,5.42907671,121.46045032,41.61225595,161.93975604,0.91391349,-0.44266420,1.82933971,-1.73512322,0.57901582,0.01438010,0.15049690,0.14806717,9.70686047,-0.07535465,-0.08881452,-2.50582651,4
117.37859095,31.96321411,41.61235361,5.33382448,121.49129660,41.61135361,162.16758243,0.92178882,-0.45311197,1.83146101,-1.73855688,0.57523594,0.01482319,0.15901824,0.18389630,9.93942994,-0.29480369,-0.06449962,-2.43975164,4
117.37859124,31.96321325,41.61196455,5.23844669,121.52177392,41.61096455,162.38575622,0.91924827,-0.45910634,1.82864850,-1.73729694,0.57005029,0.01492910,0.18521087,0.11980182,10.04113017,-0.56150681,0.01974592,-2.33152569,4
117.37859152,31.96321239,41.61173097,5.14295045,121.55189764,41.61073097,162.59430314,0.89993414,-0.45122462,1.82808925,-1.73807057,0.56578592,0.01446194,0.20805841,0.03175225,9.91203356,-0.76519798,0.25207040,-2.22459270,4
117.37859183,31.96321152,41.61129320,5.04734267,121.58168316,41.61029320,162.79323740,0.86928106,-0.42767112,1.83420388,-1.74506627,0.56377460,0.01353453,0.19883517,0.00458944,9.62688097,-0.80036403,0.55986287,-2.16867476,4
117.37859213,31.96321066,41.61102552,4.95163008,121.61114593,41.61002552,162.98256917,0.84927549,-0.40073288,1.83589834,-1.74797936,0.56032023,0.01270324,0.13278856,0.00596548,9.53506256,-0.59845278,0.50183505,-2.17046394,4
117.37859242,31.96320980,41.61100000,4.85581925,121.64030146,41.61000000,163.16233974,0.84526168,-0.38244562,1.83151580,-1.74520619,0.55485612,0.01232310,0.04703148,0.01450744,9.71226992,-0.32464204,0.14988462,-2.19048486,4
117.37859272,31.96320894,41.61102853,4.75991657,121.66916518,41.61002853,163.33260301,0.84525020,-0.38233909,1.82791065,-1.74298970,0.54968381,0.01246819,0.03177741,0.02151584,9.94389504,-0.33547483,0.02939550,-2.15549348,4
117.37859301,31.96320808,41.61123634,4.66392821,121.69775253,41.61023634,163.49339873,0.83898749,-0.39049930,1.82240087,-1.73886715,0.54413487,0.01264228,0.07554012,0.01072584,10.01897863,-0.55623483,0.04133220,-2.09257496,4
117.37859328,31.96320721,41.61176922,4.56786021,121.72607894,41.61076922,163.64477258,0.81940090,-0.39412274,1.81304319,-1.73116388,0.53770419,0.01241774,0.12463117,-0.02457795,9.81285818,-0.71480276,-0.05010877,-2.02895305,4
117.37859357,31.96320634,41.61269675,4.47171841,121.75415978,41.61169675,163.78678922,0.79741804,-0.40741959,1.80819942,-1.72781771,0.53290102,0.01273611,0.13295117,-0.04861121,9.62347226,-0.49936517,-0.24027943,-1.85450953,4
117.37859386,31.96320547,41.61406227,4.37550850,121.78201037,41.61306227,163.91952359,0.78655862,-0.43398162,1.80834476,-1.72917279,0.52987546,0.01382803,0.10956345,-0.03143490,9.65453911,-0.02849255,-0.41386798,-1.57848172,4
117.37859414,31.96320461,41.61597368,4.27923594,121.80964594,41.61497368,164.04306162,0.79692086,-0.46412701,1.80440908,-1.72638213,0.52608020,0.01500062,0.12410636,0.03856835,9.88717594,0.09773692,-0.37327165,-1.34576206,4
117.37859443,31.96320375,41.61776080,4.18290606,121.83708161,41.61676080,164.15749042,0.80618159,-0.49185742,1.80052266,-1.72328630,0.52271192,0.01599716,0.15485595,0.10265819,10.07152122,-0.22541786,-0.23637159,-1.19976294,4
117.37859472,31.96320289,41.61883316,4.08652398,121.86433239,41.61783316,164.26288775,0.79004140,-0.51096980,1.80213707,-1.72517952,0.52116684,0.01662091,0.16507834,0.09567435,9.94852550,-0.67565191,-0.17377705,-1.11891872,4
117.37859501,31.96320202,41.62032816,3.99009470,121.89141322,41.61932816,164.35934509,0.77486279,-0.51554965,1.80342156,-1.72675212,0.51972708,0.01662016,0.19214969,0.06303702,9.70551069,-0.36696128,0.04326156,-1.00364624,4
117.37859531,31.96320116,41.62270412,3.89362302,121.91833888,41.62170412,164.44697701,0.78034857,-0.50401364,1.80262035,-1.72640841,0.51795811,0.01610157,0.22118658,0.05444619,9.57816292,0.50388711,0.39703459,-0.81233720,4
117.37859561,31.96320030,41.62531826,3.79711357,121.94512400,41.62431826,164.52589657,0.81006394,-0.47912508,1.80368682,-1.72773152,0.51728485,0.01553635,0.16744240,0.10175877,9.77165815,0.38491303,0.51870121,-0.58707352,4
117.37859590,31.96319944,41.62732417,3.70057085,121.97178303,41.62632417,164.59621333,0.83931538,-0.45660181,1.80190985,-1.72632137,0.51621876,0.01513516,0.06041720,0.14082023,10.04017033,-0.37086992,0.28153120,-0.33093040,4
117.37859620,31.96319858,41.62803676,3.60399917,121.99833030,41.62703676,164.65804147,0.83652810,-0.45708908,1.79200520,-1.71726420,0.51289048,0.01503676,-0.01310902,0.09775433,9.99739627,-0.67768360,-0.21145881,-0.07342168,4
117.37859648,31.96319771,41.62832054,3.50740271,122.02477993,41.62732054,164.71148310,0.82105650,-0.48133986,1.78209826,-1.70799789,0.50978468,0.01531083,-0.00277908,0.08542020,9.80231353,-0.43244823,-0.49569945,0.03583497,4
117.37859677,31.96319685,41.62901242,3.41078553,122.05114595,41.62801242,164.75663373,0.81399317,-0.51635444,1.77737964,-1.70337964,0.50838254,0.01584947,0.08169961,0.13064799,9.66747166,0.06482316,-0.35783025,-0.02712637,4
117.37859705,31.96319598,41.63026188,3.31415155,122.07744221,41.62926188,164.79360571,0.82357341,-0.53666842,1.77506070,-1.70104053,0.50767346,0.01640718,0.15292121,0.07421441,9.75895643,0.04373677,-0.07632789,-0.08643408,4
117.37859731,31.96319510,41.63137133,3.21750457,122.10368239,41.63037133,164.82250597,0.83183369,-0.53461715,1.77671786,-1.70252478,0.50811057,0.01666173,0.18579652,-0.00999654,9.98079613,-0.42881212,0.23779713,-0.04992837,4
117.37859758,31.96319424,41.63145989,3.12084828,122.12988002,41.63045989,164.84342100,0.81159570,-0.51660256,1.78319724,-1.70859367,0.51004958,0.01633297,0.18301142,0.04008640,10.06177535,-0.76636379,0.47880495,0.11196283,4
117.37859787,31.96319338,41.63163520,3.02418627,122.15604852,41.63063520,164.85645424,0.77893305,-0.48759976,1.78829736,-1.71336331,0.51194874,0.01550440,0.12193157,0.12287527,9.90210695,-0.70437620,0.52319702,0.31585324,4
117.37859817,31.96319252,41.63270558,2.92752204,122.18220110,41.63170558,164.86172637,0.75123162,-0.45863303,1.78787086,-1.71287086,0.51264101,0.01455915,0.01880597,0.15111641,9.58776635,-0.26918721,0.35171033,0.47885933,4
117.37859846,31.96319165,41.63449485,2.83085895,122.20835080,41.63349485,164.85933252,0.73567592,-0.45012551,1.78343828,-1.70843828,0.51223971,0.01438014,-0.03680905,0.12951000,9.58774437,-0.07056554,0.09142851,0.56600237,4
117.37859875,31.96319077,41.63655952,2.73420034,122.23451054,41.63555952,164.84935115,0.72820160,-0.46340475,1.77647237,-1.70147237,0.51107872,0.01496064,-0.02234645,0.08959457,9.87294047,-0.24580418,-0.13461325,0.56852758,4
117.37859904,31.96318991,41.63804549,2.63754943,122.26069308,41.63704549,164.83187853,0.71314405,-0.48270929,1.76977702,-1.69475204,0.51000447,0.01552275,0.02896590,0.09839666,10.00805942,-0.56355683,-0.18881176,0.51861565,4
117.37859933,31.96318906,41.63879666,2.54090941,122.28691105,41.63779666,164.80701624,0.68343030,-0.50451746,1.76569407,-1.69045706,0.50967735,0.01589833,0.08338917,0.17545266,9.94601400,-0.84540785,-0.19336802,0.48135452,4
117.37859961,31.96318818,41.63903591,2.44428338,122.31317690,41.63803591,164.77484916,0.64093194,-0.52528118,1.76521907,-1.68953772,0.51039862,0.01610773,0.10411355,0.28864760,9.76087289,-0.87628801,-0.30548760,0.53657499,4
117.37859989,31.96318731,41.63931886,2.34767440,122.33950294,41.63831886,164.73544540,0.60938177,-0.55464510,1.76468616,-1.68870535,0.51129564,0.01697174,0.11304527,0.28331541,9.72507909,-0.53205687,-0.48610797,0.74093094,4
117.37860017,31.96318644,41.63978408,2.25108551,122.36590141,41.63878408,164.68885712,0.59764656,-0.59367465,1.76306287,-1.68696327,0.51218246,0.01855143,0.12472817,0.15926945,9.88202933,-0.08087811,-0.62953370,1.03956132,4
117.37860045,31.96318557,41.63996541,2.15451973,122.39238446,41.63896541,164.63513581,0.59495610,-0.63146661,1.76318537,-1.68670510,0.51393837,0.01989136,0.14425771,0.11832824,9.96443151,-0.29728663,-0.52483828,1.22972086,4
117.37860074,31.96318471,41.63964445,2.05798008,122.41896413,41.63864445,164.57434245,0.58887228,-0.65912120,1.76673695,-1.68952401,0.51702954,0.02071479,0.17583240,0.14469900,9.88621052,-0.79471885,-0.18058457,1.30296397,4
117.37860104,31.96318386,41.63884893,1.96146956,122.44565235,41.63784893,164.50651194,0.56637198,-0.66836352,1.77388505,-1.69570875,0.52130602,0.02097476,0.21154307,0.15600964,9.66634647,-0.75003128,0.21863343,1.33460772,4
117.37860134,31.96318300,41.63816340,1.86499120,122.47246106,41.63716340,164.43163975,0.54961794,-0.65758377,1.78058675,-1.70150624,0.52548425,0.02075609,0.19284905,0.18797062,9.59023863,-0.40909906,0.42367587,1.36274482,4
117.37860164,31.96318214,41.63800000,1.76854811,122.49940217,41.63700000,164.34972479,0.55271684,-0.63410484,1.78353151,-1.70380906,0.52851453,0.02031013,0.09870242,0.24702353,9.80718461,-0.10551461,0.30930606,1.40994998,4
117.37860194,31.96318127,41.63799610,1.67214341,122.52648758,41.63699610,164.26077067,0.55468164,-0.62175473,1.78275440,-1.70247358,0.53048528,0.02002545,0.02605952,0.21401362,9.95031908,-0.16542392,0.11861624,1.40912466,4
117.37860226,31.96318041,41.63793146,1.57578030,122.55372920,41.63693146,164.16475046,0.54613098,-0.62642623,1.77913235,-1.69829411,0.53167648,0.02000000,0.01008332,0.07740285,9.87589341,-0.54922005,-0.02647144,1.35768593,4
117.37860257,31.96317955,41.63763684,1.47946207,122.58113896,41.63663684,164.06162841,0.52708181,-0.63355143,1.77539801,-1.69398693,0.53287009,0.02001198,0.02929918,-0.02657423,9.64572993,-0.64593885,-0.07534132,1.35484054,4
117.37860289,31.96317868,41.63744745,1.38319209,122.60872886,41.63644745,163.95138505,0.51006050,-0.64106631,1.77344872,-1.69134944,0.53474528,0.02013668,0.07824479,-0.06216493,9.44429890,-0.42788572,-0.01543254,1.47909459,4
117.37860320,31.96317782,41.63801034,1.28697384,122.63651087,41.63701034,163.83398093,0.51875664,-0.64664966,1.77566235,-1.69259410,0.53821508,0.02046656,0.13124014,-0.01860909,9.61450275,-0.17219121,0.11440972,1.80380640,4
117.37860351,31.96317697,41.63876800,1.19081090,122.66449706,41.63776800,163.70934653,0.53299009,-0.64230598,1.78015832,-1.69578916,0.54287547,0.02048323,0.15608770,0.09116037,9.91942421,-0.16645274,0.30442782,2.23366652,4
117.37860382,31.96317612,41.63905075,1.09470701,122.69269958,41.63805075,163.57742539,0.52717406,-0.62326996,1.78365064,-1.69772382,0.54778045,0.01974083,0.12330485,0.21385919,10.01239756,-0.57685850,0.49059915,2.61015854,4
117.37860413,31.96317526,41.63951141,0.99866602,122.72113064,41.63851141,163.43817235,0.51164610,-0.60142801,1.78512559,-1.69753997,0.55275685,0.01886529,0.03737794,0.25130108,9.86107636,-0.67183324,0.45564451,2.91221334,4
117.37860445,31.96317440,41.64051725,0.90269193,122.74980250,41.63951725,163.29151134,0.49754567,-0.58684742,1.78383628,-1.69463736,0.55747360,0.01834912,-0.07524784,0.17514256,9.55415307,-0.14150814,0.13672676,3.14051010,4
117.37860476,31.96317354,41.64187886,0.80678890,122.77872753,41.64087886,163.13733777,0.50370084,-0.59270269,1.77676537,-1.68618192,0.56053820,0.01863234,-0.11581888,0.12595714,9.55183531,0.24967358,-0.19391161,3.30183705,4
117.37860507,31.96317268,41.64325135,0.71096132,122.80791826,41.64225135,162.97555290,0.53002656,-0.62078730,1.76598922,-1.67414849,0.56249615,0.01969510,-0.06850977,0.12597388,9.87655686,0.28769590,-0.44741115,3.39918998,4
117.37860540,31.96317182,41.64360108,0.61521375,122.83738732,41.64260108,162.80607137,0.55030649,-0.65713976,1.76304518,-1.66949249,0.56703979,0.02078065,-0.00763321,0.09372724,10.02388351,0.13353817,-0.61606646,3.45263684,4
117.37860571,31.96317097,41.64296323,0.51955094,122.86714744,41.64196323,162.62880295,0.56202204,-0.69899033,1.76641448,-1.67082025,0.57359833,0.02185240,0.05349157,0.06110395,9.97234356,-0.09631842,-0.67625815,3.45882649,4
117.37860604,31.96317011,41.64210129,0.42397786,122.89721146,41.64110129,162.44363753,0.56754421,-0.73840379,1.76792400,-1.67048102,0.57936689,0.02293668,0.09211322,0.11645183,9.85101751,-0.09722140,-0.62023324,3.43839277,4
117.37860635,31.96316925,41.64143485,0.32849969,122.92759235,41.64043485,162.25045235,0.57342107,-0.77197958,1.77162258,-1.67215490,0.58585099,0.02401313,0.10870525,0.20950160,9.77168455,0.09336626,-0.44766486,3.47792488,4
117.37860668,31.96316840,41.64149952,0.23312191,122.95830327,41.64049952,162.04913734,0.58902231,-0.79620360,1.78240324,-1.68025300,0.59496323,0.02501296,0.11266470,0.24126578,9.88049135,0.30920915,-0.21375776,3.68696829,4
117.37860702,31.96316756,41.64171166,0.13785019,122.98935742,41.64071166,161.83959424,0.60407693,-0.80712306,1.79333099,-1.68823460,0.60459019,0.02558936,0.09763698,0.20219496,10.01472045,0.33622424,0.02517486,4.01070993,4
117.37860735,31.96316670,41.64144635,0.04269047,123.02076815,41.64044635,161.62170612,0.60755566,-0.80180872,1.79738284,-1.68950736,0.61256507,0.02541572,0.05913391,0.09642037,9.99809086,-0.00418423,0.21127876,4.37735211,4
117.37860768,31.96316585,41.64109548,-0.05235103,123.05254893,41.64009548,161.39534193,0.60363205,-0.78347539,1.80158314,-1.69077729,0.62115852,0.02472883,0.00615972,0.00210344,9.90928971,-0.30314798,0.39723162,4.78478397,4
117.37860804,31.96316500,41.64100000,-0.14726783,123.08471337,41.64000000,161.16038820,0.59679700,-0.75708851,1.81108711,-1.69697410,0.63197406,0.02382060,-0.05054874,-0.02168473,9.82941172,-0.24243259,0.61243883,5.22481292,4
117.37860840,31.96316416,41.64100000,-0.24205316,123.11727518,41.64000000,160.91673420,0.58516203,-0.72607097,1.81614169,-1.69868130,0.64198779,0.02281545,-0.10318701,-0.05459699,9.77546393,-0.17532682,0.69444264,5.68948873,4
117.37860874,31.96316332,41.64098474,-0.33669993,123.15024816,41.63998474,160.66423969,0.56788388,-0.69361707,1.81072970,-1.69007831,0.64936380,0.02181847,-0.14606865,-0.14285998,9.75837335,-0.30590607,0.53545148,6.16289932,4
117.37860909,31.96316248,41.64080403,-0.43120075,123.18364629,41.63980403,160.40276173,0.55404183,-0.67373871,1.80388419,-1.67997728,0.65659772,0.02115496,-0.17848098,-0.21307622,9.74725810,-0.34860198,0.27428327,6.51490343,4
117.37860946,31.96316163,41.64037681,-0.52554789,123.21748364,41.63937681,160.13219008,0.54879195,-0.67451597,1.80076195,-1.67341500,0.66507916,0.02103071,-0.19730322,-0.21827493,9.72844473,-0.15585969,0.00796296,6.66814322,4
117.37860983,31.96316078,41.63986574,-0.61973333,123.25177435,41.63886574,159.85241626,0.54509095,-0.68631530,1.79464613,-1.66391265,0.67255990,0.02141259,-0.17471642,-0.16025618,9.76627295,-0.10270690,-0.18033185,6.68755511,4
117.37861018,31.96315994,41.63935796,-0.71374872,123.28653265,41.63835796,159.56329740,0.53921097,-0.70472905,1.78288601,-1.64889160,0.67815746,0.02228408,-0.09650573,-0.04282869,9.88797564,-0.35743376,-0.23465022,6.59938895,4
117.37861054,31.96315911,41.63904469,-0.80758530,123.32177288,41.63804469,159.26468363,0.52628986,-0.71787794,1.77731135,-1.63958347,0.68592045,0.02291063,-0.01806797,0.01024877,9.95988338,-0.52199011,-0.10668121,6.53235242,4
117.37861091,31.96315826,41.63900000,-0.90123396,123.35750951,41.63800000,158.95645772,0.50476700,-0.72008261,1.78229149,-1.64013176,0.69735775,0.02296852,0.03417417,-0.04305296,9.92835796,-0.44181999,0.21025372,6.54316276,4
117.37861127,31.96315742,41.63900000,-0.99468527,123.39375702,41.63800000,158.63852481,0.48565179,-0.70799844,1.78511702,-1.63853385,0.70820083,0.02252878,0.02934480,-0.02591475,9.87296900,-0.37865643,0.42888295,6.63311757,4
117.37861162,31.96315656,41.63895640,-1.08792942,123.43052989,41.63795640,158.31077424,0.47215269,-0.67942055,1.78308344,-1.63220256,0.71757679,0.02155885,-0.04667810,0.10393406,9.81498173,-0.38263044,0.47106099,6.81756554,4
117.37861199,31.96315573,41.63829778,-1.18095626,123.46784268,41.63729778,157.97307335,0.46479492,-0.65511002,1.78685873,-1.63105916,0.72923648,0.02076825,-0.12498645,0.14840579,9.84653541,-0.23607263,0.49172435,7.07723857,4
117.37861241,31.96315491,41.63686568,-1.27375519,123.50570998,41.63586568,157.62530319,0.46435209,-0.63846804,1.79809987,-1.63661343,0.74380049,0.02027586,-0.19253223,0.06874167,9.98834229,0.09171654,0.51349748,7.42073325,4
117.37861281,31.96315409,41.63538512,-1.36631526,123.54414639,41.63438512,157.26737534,0.46493246,-0.61588928,1.79883984,-1.63229026,0.75480407,0.01956755,-0.22506700,0.01950932,10.07722472,0.10318601,0.53233343,7.82602998,4
117.37861317,31.96315325,41.63382390,-1.45862516,123.58316648,41.63282390,156.89920438,0.46620224,-0.58570453,1.78567095,-1.61487169,0.76112912,0.01857489,-0.21052705,0.01064897,10.08723580,-0.30546648,0.53921972,8.31503629,4
117.37861357,31.96315242,41.63191287,-1.55067322,123.62278475,41.63091287,156.52069974,0.45546758,-0.56492807,1.78061944,-1.60479364,0.77098749,0.01778767,-0.20704446,-0.03114353,9.98812872,-0.49483181,0.40336613,8.80517734,4
117.37861401,31.96315161,41.62955715,-1.64244736,123.66301569,41.62855715,156.13178936,0.42927646,-0.55782090,1.78761920,-1.60563789,0.78597633,0.01731704,-0.22325982,-0.12059645,9.75917005,-0.33453140,0.08720057,9.28435594,4
117.37861444,31.96315078,41.62750375,-1.73393517,123.70387366,41.62650375,155.73241387,0.41728530,-0.55491127,1.78553547,-1.59756522,0.79785849,0.01702825,-0.22654545,-0.18620091,9.67247552,-0.02716600,-0.03709430,9.70395428,4
117.37861484,31.96314995,41.62590483,-1.82512386,123.74537291,41.62490483,155.32250695,0.42629207,-0.55750176,1.77035617,-1.57662548,0.80527259,0.01700000,-0.21044340,-0.21409755,9.79542425,0.46605667,0.12402886,10.03509522,4
117.37861526,31.96314914,41.62440383,-1.91600025,123.78752761,41.62340383,154.90200885,0.43550734,-0.55144650,1.76380101,-1.56337196,0.81655572,0.01700000,-0.19014413,-0.19411388,9.91481952,0.44431101,0.34130678,10.32997981,4
117.37861571,31.96314833,41.62296945,-2.00655082,123.83035175,41.62196945,154.47088601,0.44121784,-0.53188417,1.77121585,-1.56273642,0.83390831,0.01697297,-0.16849690,-0.11257718,9.99450991,-0.32448195,0.59249728,10.58645499,4
117.37861613,31.96314750,41.62149037,-2.09676169,123.87385916,41.62049037,154.02912571,0.43084885,-0.50113491,1.77120812,-1.55512765,0.84824831,0.01619258,-0.19233243,-0.04609475,10.00457769,-0.76981109,0.78992246,10.82194516,4
117.37861653,31.96314667,41.61996541,-2.18661866,123.91806342,41.61896541,153.57671335,0.39639149,-0.45398319,1.75932257,-1.53637681,0.85774149,0.01426794,-0.28592178,-0.00360071,9.91011766,-0.68071081,0.89946553,11.02876771,4
117.37861697,31.96314585,41.61922854,-2.27610718,123.96297791,41.61822854,153.11362076,0.37513702,-0.41115277,1.75146615,-1.52104451,0.86894849,0.01264622,-0.37796829,0.09922814,9.83192505,-0.43438785,0.88788462,11.29967316,4
117.37861746,31.96314506,41.61966344,-2.36521231,124.00861578,41.61866344,152.63983355,0.37774534,-0.37793030,1.75139344,-1.51248523,0.88343170,0.01168276,-0.45490870,0.29170660,9.79836806,-0.05375167,0.70941576,11.66833346,4
117.37861793,31.96314426,41.62015819,-2.45391881,124.05498993,41.61915819,152.15537820,0.38521004,-0.35797046,1.74121752,-1.49473777,0.89343341,0.01107437,-0.51257245,0.34382127,9.84715915,0.21470660,0.38402857,11.96101170,4
117.37861838,31.96314344,41.62067444,-2.54221116,124.10211292,41.61967444,151.66029451,0.39905205,-0.35918480,1.71465867,-1.46210737,0.89616464,0.01101325,-0.53937487,0.16709785,10.02301089,0.29099548,-0.16289417,12.12383781,4
117.37861885,31.96314263,41.62079620,-2.63007355,124.14999701,41.61979620,151.15460263,0.40983045,-0.38039960,1.69710222,-1.43739376,0.90273562,0.01159503,-0.53154487,0.02431837,10.10308863,0.15110801,-0.53140473,12.17281173,4
117.37861937,31.96314185,41.62033043,-2.71748982,124.19865411,41.61933043,150.63832907,0.41441981,-0.42679159,1.69618215,-1.42740251,0.91645894,0.01300873,-0.47811764,-0.02173653,10.01297712,-0.26729561,-0.58672037,12.08172792,4
117.37861986,31.96314105,41.62002795,-2.80444353,124.24809581,41.61902795,150.11154122,0.40416709,-0.46473157,1.68875231,-1.41145295,0.92721157,0.01391555,-0.40147439,-0.11982725,9.85262951,-0.53793006,-0.54259825,12.10041923,4
117.37862033,31.96314024,41.61998037,-2.89091802,124.29833327,41.61898037,149.57433137,0.37142258,-0.48815604,1.67140590,-1.38639279,0.93348873,0.01400982,-0.29216825,-0.29537561,9.59294870,-0.56533823,-0.34798069,12.29811265,4
117.37862084,31.96313944,41.61958070,-2.97689641,124.34937720,41.61858070,149.02678529,0.35058070,-0.50037106,1.66901485,-1.37393507,0.94753063,0.01420965,-0.23166049,-0.33546188,9.45328760,-0.51523370,-0.08542466,12.55933414,4
117.37862140,31.96313868,41.61865044,-3.06236155,124.40123788,41.61765044,148.46898124,0.34971806,-0.49873902,1.68865199,-1.38014260,0.97290990,0.01466210,-0.24507263,-0.17526665,9.49713177,-0.39171212,0.24827338,12.88453116,4
117.37862194,31.96313790,41.61767687,-3.14729604,124.45392516,41.61667687,147.90101504,0.35180762,-0.48655769,1.69311948,-1.37317352,0.99049377,0.01457455,-0.29688792,-0.04034146,9.58958614,-0.27141625,0.48286390,13.24862189,4
117.37862245,31.96313711,41.61663133,-3.23168230,124.50744841,41.61563133,147.32301793,0.35849243,-0.45783098,1.67393817,-1.34564300,0.99593660,0.01364062,-0.40800586,0.05346313,9.75769757,-0.15602437,0.56009260,13.67476441,4
117.37862301,31.96313634,41.61544015,-3.31550258,124.56181644,41.61444015,146.73513779,0.36323888,-0.43110348,1.66316773,-1.32470985,1.00606069,0.01282752,-0.47492252,0.09188481,9.89321120,-0.03469196,0.57740125,14.13314088,4
117.37862362,31.96313560,41.61404487,-3.39873896,124.61703752,41.61304487,146.13751464,0.36438720,-0.41037432,1.66874095,-1.31695762,1.02507946,0.01234487,-0.46670774,0.05698826,9.96441746,0.09532563,0.53744351,14.62566330,4
117.37862422,31.96313486,41.61239453,-3.48137338,124.67311942,41.61139453,145.53029228,0.36850612,-0.38795596,1.66264275,-1.29909537,1.03764953,0.01167154,-0.46607269,-0.00544531,9.94298738,0.19796889,0.49144494,15.09855603,4
117.37862476,31.96313408,41.61035444,-3.56338763,124.73006930,41.60935444,144.91363873,0.37749611,-0.36258407,1.63733706,-1.26461735,1.03963072,0.01068034,-0.48163508,-0.10725674,9.78025092,0.25597287,0.44021653,15.53325576,4
117.37862535,31.96313332,41.60851459,-3.64476341,124.78789376,41.60751459,144.28774077,0.38411641,-0.33981052,1.62288043,-1.23865756,1.04797629,0.00985460,-0.49291980,-0.19351104,9.71011704,0.30205639,0.42441495,15.82255043,4
117.37862600,31.96313260,41.60706520,-3.72548234,124.84659876,41.60606520,143.65279215,0.38548692,-0.32142163,1.62897876,-1.22928883,1.06814827,0.00935001,-0.49388139,-0.24518392,9.81434895,0.33294666,0.45999342,15.91147888,4
117.37862663,31.96313186,41.60539644,-3.80552595,124.90618964,41.60439644,143.00899423,0.37605267,-0.29852766,1.62337181,-1.21066583,1.08087643,0.00866830,-0.50637274,-0.27491496,9.95019609,0.09854229,0.48072390,15.90241735,4
117.37862722,31.96313109,41.60334666,-3.88487577,124.96667110,41.60234666,142.35656118,0.35039045,-0.26851659,1.59742978,-1.17591056,1.08080443,0.00768818,-0.53782967,-0.27350114,10.10550092,-0.52543765,0.46902465,15.77074278,4
117.37862784,31.96313036,41.60150035,-3.96351330,125.02804720,41.60050035,141.69572006,0.32250846,-0.24708464,1.58140103,-1.14882061,1.08642917,0.00705858,-0.56373706,-0.24306486,10.12888022,-0.75966342,0.40701201,15.70709015,4
117.37862854,31.96312967,41.60006180,-4.04142005,125.09032131,41.59906180,141.02669664,0.29801977,-0.23930279,1.58463049,-1.13675825,1.10341759,0.00698774,-0.57411434,-0.17712931,9.97305498,-0.35075228,0.29420187,15.77561737,4
117.37862920,31.96312896,41.59876918,-4.11857750,125.15349613,41.59776918,140.34970133,0.28941169,-0.22888105,1.57781779,-1.11681454,1.11378522,0.00678964,-0.55582865,-0.00763397,9.87455575,-0.03256250,0.27127334,15.86000091,4
117.37862982,31.96312821,41.59763810,-4.19496715,125.21757373,41.59663810,139.66494536,0.30272892,-0.21307202,1.55457209,-1.08395025,1.11350338,0.00633415,-0.50278738,0.28758808,9.89235521,0.04604736,0.37323594,15.94168364,4
117.37863049,31.96312751,41.59662683,-4.27057051,125.28255553,41.59562683,138.97266502,0.30661345,-0.20364750,1.54521959,-1.06156725,1.12216569,0.00603022,-0.50896679,0.33235755,9.98081418,-0.00785501,0.30192391,15.94836048,4
117.37863123,31.96312685,41.59567271,-4.34536917,125.34844225,41.59467271,138.27310627,0.29225615,-0.20517390,1.55692646,-1.05528496,1.14429658,0.00601620,-0.59899768,0.03761720,10.09635382,-0.13894666,-0.02975113,15.86423760,4
117.37863195,31.96312617,41.59432256,-4.41934479,125.41523390,41.59332256,137.56649576,0.28396893,-0.22112984,1.55345602,-1.03796453,1.15547267,0.00620703,-0.68608101,-0.15726482,9.98287143,-0.20120373,-0.43231318,15.78381677,4
117.37863262,31.96312545,41.59239979,-4.49247904,125.48292985,41.59139979,136.85305557,0.28834400,-0.25837492,1.52591321,-1.00297971,1.14951658,0.00673204,-0.74721129,-0.14248487,9.55259743,-0.15270208,-0.87692752,15.72538383,4
117.37863333,31.96312477,41.59057676,-4.56475370,125.55152879,41.58957676,136.13303207,0.30116589,-0.31476951,1.51042258,-0.97644627,1.15197373,0.00801507,-0.73358808,-0.03393406,9.30302913,-0.11795749,-1.14863331,15.68560361,4
117.37863410,31.96312415,41.58912199,-4.63615068,125.62102871,41.58812199,135.40668719,0.31776872,-0.38460797,1.51938669,-0.96739477,1.17158545,0.01007289,-0.63834420,0.09200405,9.43296641,-0.16201639,-1.16381635,15.65798594,4
117.37863486,31.96312350,41.58766794,-4.70665205,125.69142690,41.58666794,134.67427150,0.32359323,-0.44447755,1.52181842,-0.95376835,1.18613260,0.01195135,-0.54169565,0.14083358,9.73590123,-0.32892196,-0.96992233,15.61740309,4
117.37863558,31.96312281,41.58619312,-4.77623998,125.76271996,41.58519312,133.93602012,0.31324878,-0.48260117,1.50782207,-0.92841093,1.18845909,0.01321964,-0.47401033,0.06225746,10.13370400,-0.58850588,-0.54813727,15.56939262,4
117.37863633,31.96312216,41.58542507,-4.84489680,125.83490381,41.58442507,133.19217106,0.31292182,-0.50416051,1.50395965,-0.90931423,1.19816465,0.01385619,-0.43974685,-0.05280180,10.21217894,-0.35546534,-0.16563827,15.63877410,4
117.37863715,31.96312159,41.58558386,-4.91260500,125.90797372,41.58458386,132.44297916,0.33432791,-0.51451024,1.52074322,-0.90377465,1.22299472,0.01396110,-0.43444410,-0.13923022,9.84261985,0.50281034,0.03439529,15.85643616,4
117.37863798,31.96312100,41.58589694,-4.97934729,125.98192426,41.58489694,131.68870256,0.35864894,-0.51091982,1.53022955,-0.89343021,1.24213370,0.01363270,-0.44505564,-0.17589038,9.52647199,1.00098333,0.15369299,16.04133451,4
117.37863876,31.96312037,41.58604655,-5.04510661,126.05674932,41.58504655,130.92957483,0.37703726,-0.48903777,1.51776261,-0.86860389,1.24459782,0.01285787,-0.46741109,-0.14385637,9.54567658,0.60994695,0.22541525,16.09014989,4
117.37863955,31.96311977,41.58638698,-5.10986603,126.13244215,41.58538698,130.16580585,0.39408416,-0.46381587,1.50678188,-0.84441879,1.24807972,0.01218735,-0.48549948,-0.11359623,9.74497302,0.31042563,0.28608799,16.07978794,4
117.37864042,31.96311924,41.58706943,-5.17360884,126.20899539,41.58606943,129.39760772,0.41415555,-0.44712811,1.51247080,-0.83081808,1.26396070,0.01198270,-0.49017573,-0.12153393,9.96172406,0.74633203,0.34766065,16.08024359,4
117.37864131,31.96311871,41.58744331,-5.23631851,126.28640103,41.58644331,128.62520056,0.44006004,-0.43458086,1.51310404,-0.81444245,1.27518703,0.01183814,-0.50061917,-0.04088791,10.14465161,1.09379117,0.28752065,16.08104123,4
117.37864214,31.96311813,41.58690210,-5.29797878,126.36465046,41.58590210,127.84879865,0.47261502,-0.42749144,1.49167307,-0.78486057,1.26826202,0.01153027,-0.53325475,0.23011363,10.22325006,0.68958038,-0.03435893,16.07394579,4
117.37864298,31.96311757,41.58603792,-5.35857360,126.44373447,41.58503792,127.06860485,0.49097583,-0.44291028,1.47252273,-0.75639635,1.26309439,0.01164306,-0.57072623,0.43582205,10.15436406,0.14874305,-0.49662087,16.06459539,4
117.37864387,31.96311706,41.58548570,-5.41808718,126.52364323,41.58448570,126.28481185,0.48092360,-0.49080751,1.47615251,-0.74117778,1.27643941,0.01260470,-0.59435251,0.36544573,9.94214747,0.06742260,-0.92911129,16.06764431,4
117.37864476,31.96311656,41.58526016,-5.47650391,126.60436635,41.58426016,125.49760735,0.47059140,-0.55005536,1.48052936,-0.72653060,1.29001424,0.01389084,-0.59669979,0.22833896,9.74608470,0.23581984,-1.11553030,16.15206363,4
117.37864561,31.96311601,41.58553959,-5.53380848,126.68589285,41.58453959,124.70718417,0.48942357,-0.60059070,1.46366255,-0.69970304,1.28545949,0.01504152,-0.56095256,0.22170078,9.74976440,0.46163576,-0.74641671,16.44302582,4
117.37864647,31.96311547,41.58618352,-5.58998586,126.76821121,41.58518352,123.91373074,0.51143297,-0.63988631,1.44980690,-0.67366236,1.28350372,0.01606176,-0.51043430,0.22958173,9.83859019,0.35230467,-0.32530376,16.90716660,4
117.37864740,31.96311500,41.58697837,-5.64502129,126.85130932,41.58597837,123.11740779,0.50740423,-0.66697422,1.46526173,-0.66259408,1.30662234,0.01697846,-0.47327431,0.12156280,9.87230253,-0.47183715,-0.41659234,17.47992276,4
117.37864833,31.96311457,41.58772037,-5.69890022,126.93517458,41.58672037,122.31835613,0.48267241,-0.69173247,1.48605278,-0.65412945,1.33414896,0.01787347,-0.45703139,-0.04133201,9.85718908,-1.36074127,-0.68108043,18.02685354,4
117.37864922,31.96311408,41.58802522,-5.75160838,127.01979389,41.58702522,121.51672485,0.42836190,-0.72870144,1.47542781,-0.62915322,1.33422891,0.01885602,-0.49381232,-0.19562394,9.76456331,-1.23451341,-0.67801252,18.28063981,4
117.37865011,31.96311359,41.58837539,-5.80313179,127.10515365,41.58737539,120.71266435,0.36765818,-0.76352523,1.45443996,-0.59850007,1.32519751,0.01970048,-0.55392401,-0.26432640,9.69361009,-0.61647781,-0.49304620,18.28935435,4
117.37865106,31.96311318,41.58960900,-5.85345673,127.19123974,41.58860900,119.90629487,0.33974828,-0.77116177,1.45808995,-0.58013929,1.33752592,0.02000000,-0.58911243,-0.10370019,9.81821424,-0.34679076,-0.25076765,18.10467770,4
117.37865204,31.96311281,41.59118772,-5.90256976,127.27803763,41.59018772,119.09770645,0.32390129,-0.77229456,1.46781786,-0.56530140,1.35470483,0.02012623,-0.61500038,0.13450947,10.01234304,-0.30989454,-0.20254753,17.86053305,4
117.37865298,31.96311238,41.59223846,-5.95045762,127.36553236,41.59123846,118.28698644,0.28552677,-0.80528658,1.44938420,-0.53823642,1.34590063,0.02072918,-0.65752813,0.19011358,10.06345165,-0.42894934,-1.00572447,17.79280573,4
117.37865390,31.96311192,41.59307811,-5.99710734,127.45370854,41.59207811,117.47423203,0.23586709,-0.86858040,1.41839847,-0.50550918,1.32531715,0.02192189,-0.67953577,0.13057461,9.99249679,-0.57981763,-2.13461052,17.86737230,4
117.37865485,31.96311154,41.59460037,-6.04250621,127.54255037,41.59360037,116.65953625,0.20738901,-0.95255299,1.41934734,-0.48591908,1.33348921,0.02390513,-0.58405405,0.15879877,9.87776743,-0.42079725,-2.10799952,17.96674627,4
117.37865583,31.96311120,41.59659426,-6.08664180,127.63204164,41.59559426,115.84296871,0.19442987,-1.03581154,1.44168930,-0.47508700,1.36093619,0.02608675,-0.41395110,0.22603020,9.77325561,-0.10680917,-1.21688055,18.07427028,4
117.37865680,31.96311081,41.59845907,-6.12950194,127.72216579,41.59745907,115.02457924,0.17832701,-1.07153100,1.45325191,-0.45929136,1.37844417,0.02709601,-0.26013598,0.12613104,9.77215235,-0.07445281,-0.23583863,18.23025290,4
117.37865773,31.96311039,41.60006348,-6.17107467,127.81290590,41.59906348,114.20442062,0.15681222,-1.04566843,1.45296988,-0.43772968,1.38511212,0.02658931,-0.16493379,-0.14907555,9.87288277,-0.36337539,0.65573727,18.42368347,4
117.37865869,31.96311003,41.60144300,-6.21134833,127.90424470,41.60044300,113.38255181,0.13592309,-0.99073683,1.46609689,-0.42052406,1.40423261,0.02548881,-0.19724736,-0.33300225,9.90750331,-0.56024928,1.19103904,18.54478250,4
117.37865970,31.96310976,41.60266589,-6.25031152,127.99616455,41.60166589,112.55901625,0.11812231,-0.92771043,1.50030598,-0.41100469,1.44285893,0.02433411,-0.35631107,-0.33248456,9.81941852,-0.50886556,1.33987300,18.56345408,4
117.37866071,31.96310948,41.60380746,-6.28795309,128.08864751,41.60280746,111.73383821,0.09663473,-0.85844500,1.52886891,-0.39993306,1.47581130,0.02295355,-0.53406425,-0.24270862,9.72717183,-0.48137816,1.38119530,18.52242159,4
117.37866169,31.96310915,41.60484879,-6.32426216,128.18167533,41.60384879,110.90703829,0.05942238,-0.77692010,1.51577679,-0.37532459,1.46873073,0.02087295,-0.63753430,-0.05368634,9.75362226,-0.80251328,1.48112278,18.39237165,4
117.37866267,31.96310881,41.60574424,-6.35922807,128.27522944,41.60474424,110.07863205,0.01265225,-0.69338639,1.48838970,-0.34603308,1.44772342,0.01860839,-0.68989086,0.13284147,9.85668046,-1.19325779,1.55266408,18.26034412,4
117.37866367,31.96310854,41.60632603,-6.39284042,128.36929099,41.60532603,109.24862426,-0.03757478,-0.62582132,1.48950545,-0.32589081,1.45346019,0.01701679,-0.70530617,0.12625655,10.00128815,-1.17409752,1.41808303,18.28707312,4
117.37866469,31.96310831,41.60670138,-6.42508905,128.46384086,41.60570138,108.41701956,-0.08613925,-0.57034532,1.50261515,-0.30972789,1.47029600,0.01578533,-0.69959509,0.03955017,10.13362417,-0.91178227,1.13365316,18.42197266,4
117.37866570,31.96310805,41.60693660,-6.45596407,128.55885967,41.60593660,107.58382170,-0.11839488,-0.52899711,1.49671276,-0.28804145,1.46857142,0.01446143,-0.69112077,0.08436599,10.10410875,-0.59476003,0.69332781,18.64300999,4
117.37866670,31.96310774,41.60706014,-6.48545584,128.65432772,41.60606014,106.74901387,-0.12979071,-0.50816322,1.47025033,-0.26019907,1.44674625,0.01317452,-0.67986252,0.26774882,9.87741459,-0.24876971,0.12897241,18.93223055,4
117.37866769,31.96310746,41.60739596,-6.51355494,128.75022511,41.60639596,105.91256067,-0.13402805,-0.50674770,1.45533384,-0.23499217,1.43594012,0.01262984,-0.66694165,0.35499502,9.62601583,-0.02274111,-0.18247976,19.08490411,4
117.37866872,31.96310724,41.60807686,-6.54025215,128.84653171,41.60707686,105.07443552,-0.13899956,-0.52145981,1.46645981,-0.21646289,1.45022880,0.01307686,-0.65315503,0.24178485,9.44001365,0.02546289,-0.08740497,19.01747390,4
117.37866974,31.96310701,41.60876003,-6.56553851,128.94322714,41.60776003,104.23462608,-0.13767384,-0.53296060,1.47934452,-0.19857080,1.46596592,0.01360626,-0.62989751,0.07508749,9.37401072,0.09644921,0.14241444,18.90525023,4
117.37867074,31.96310671,41.60899543,-6.58940534,129.04029076,41.60799543,103.39310708,-0.11274058,-0.51175970,1.46475678,-0.17429405,1.45434149,0.01313822,-0.57370991,-0.02176741,9.65470129,0.47713741,0.32741753,18.92017453,4
117.37867174,31.96310643,41.60880462,-6.61184417,129.13770174,41.60780462,102.54982681,-0.08077676,-0.47379597,1.44593465,-0.14829362,1.43831217,0.01222920,-0.50785579,-0.03830314,10.04226597,0.79332000,0.47742433,19.05391261,4
117.37867278,31.96310626,41.60797198,-6.63284675,129.23543902,41.60697198,101.70472852,-0.06862930,-0.43887270,1.46389671,-0.12826501,1.45826741,0.01165732,-0.47012491,0.09335865,10.15138992,0.30477200,0.58987108,19.36224091,4
117.37867383,31.96310613,41.60684437,-6.65240503,129.33348135,41.60584437,100.85777101,-0.06940529,-0.40191824,1.49668118,-0.11070521,1.49257826,0.01108673,-0.45441835,0.28728284,10.08224794,-0.49405467,0.72927385,19.73473437,4
117.37867486,31.96310597,41.60594876,-6.67051124,129.43180727,41.60494876,100.00891660,-0.08159990,-0.34714128,1.50596392,-0.08966000,1.50318970,0.00964443,-0.47289632,0.39918418,9.86895923,-0.71095247,1.09751027,19.96571602,4
117.37867589,31.96310575,41.60532898,-6.68715784,129.53039510,41.60432898,99.15810689,-0.10485840,-0.26907655,1.48899462,-0.06460189,1.48725866,0.00715588,-0.54020499,0.42037237,9.53138656,-0.25947884,1.70022457,20.03045500,4
117.37867693,31.96310558,41.60471666,-6.70233749,129.62922296,41.60371666,98.30526581,-0.11598921,-0.17961034,1.47957278,-0.04001117,1.47859145,0.00457865,-0.65011042,0.47264765,9.42409590,0.09732444,2.12427119,20.09997436,4
117.37867797,31.96310550,41.60396964,-6.71604306,129.72826881,41.60296964,97.45031993,-0.10369553,-0.08587230,1.49494108,-0.01821071,1.49445626,0.00242410,-0.79607146,0.61786076,9.71636349,-0.03559739,2.16556873,20.26410451,4
117.37867903,31.96310543,41.60300730,-6.72826763,129.82751035,41.60200730,96.59319894,-0.08800261,-0.00118577,1.50924263,0.00319972,1.50903462,0.00063133,-0.94555595,0.72567898,10.10060429,-0.33482580,1.83366544,20.45884905,4
117.37868008,31.96310530,41.60140148,-6.73900449,129.92692513,41.60040148,95.73382579,-0.09368130,0.04165694,1.48265417,0.02719879,1.48224422,-0.00036867,-1.05536672,0.54932289,10.25340217,-0.56041241,0.60645046,20.63334150,4
117.37868112,31.96310516,41.59958040,-6.74824714,130.02649048,41.59858040,94.87212382,-0.11190149,0.05453736,1.44207822,0.05226014,1.44108724,-0.00077325,-1.09400599,0.27987343,10.22784134,-0.64013118,-0.73694281,20.76349781,4
117.37868217,31.96310510,41.59839043,-6.75598931,130.12618359,41.59739043,94.00802394,-0.13010530,0.04644360,1.44032729,0.07552543,1.43837544,-0.00067272,-0.94699556,0.29618567,10.03740509,-0.32191096,-0.49305594,20.76774532,4
117.37868324,31.96310507,41.59763045,-6.76222497,130.22598138,41.59663045,93.14144891,-0.14561177,0.03553564,1.45921308,0.09779110,1.45600837,-0.00049569,-0.71946348,0.46060461,9.79749371,0.16332615,0.62880496,20.71879198,4
117.37868430,31.96310500,41.59713795,-6.76694831,130.32586060,41.59613795,92.27230369,-0.14920156,0.06942363,1.46413124,0.12057069,1.45925136,-0.00137315,-0.63022691,0.50413272,9.77616504,0.32183993,1.43576749,20.77180687,4
117.37868535,31.96310490,41.59688734,-6.77015369,130.42579781,41.59588734,91.40050035,-0.13862400,0.16132176,1.45056808,0.14418611,1.44339365,-0.00363807,-0.73764589,0.37451308,10.03797872,0.02490022,1.66636705,20.99109152,4
117.37868640,31.96310482,41.59618135,-6.77183572,130.52576940,41.59518135,90.52597928,-0.13598583,0.24404103,1.44437582,0.16824907,1.43450657,-0.00579876,-0.88543287,0.22904189,10.24367529,-0.32694643,1.35921923,21.35410638,4
117.37868746,31.96310485,41.59461745,-6.77198933,130.62575152,41.59361745,89.64868547,-0.15435570,0.27715436,1.46092618,0.19249664,1.44811410,-0.00695302,-0.97672483,0.16406712,10.18963088,-0.48769127,0.56259735,21.84044964,4
117.37868853,31.96310490,41.59288170,-6.77060969,130.72572013,41.59188170,88.76853803,-0.17557546,0.28876825,1.47712849,0.21629540,1.46110904,-0.00756594,-1.04249885,0.15314204,10.00893410,-0.48086114,-0.24523244,22.41263116,4
117.37868959,31.96310488,41.59178904,-6.76769221,130.82565097,41.59078904,87.88544500,-0.17573059,0.29229272,1.45708632,0.23805229,1.43720447,-0.00760302,-1.09501339,0.23036286,9.73077657,-0.11107364,-0.34617045,23.13167835,4
117.37869065,31.96310486,41.59111956,-6.76323255,130.92551959,41.59011956,86.99933745,-0.15860860,0.28745288,1.41807086,0.25922763,1.39367757,-0.00716378,-1.12491897,0.34176486,9.47737755,0.44472868,-0.03970948,23.95165068,4
117.37869171,31.96310489,41.59025934,-6.75722666,131.02530134,41.58925934,86.11016951,-0.13452474,0.27325754,1.40862837,0.28395659,1.37907438,-0.00651867,-1.10511260,0.33503089,9.59626829,0.68901221,-0.16577547,24.74482284,4
117.37869277,31.96310499,41.58914442,-6.74967086,131.12497137,41.58814442,85.21788868,-0.10768333,0.25232093,1.42609614,0.31164808,1.39093283,-0.00577643,-1.04778103,0.22643753,10.01154221,0.64087924,-0.70551794,25.49315002,4
117.37869383,31.96310507,41.58761176,-6.74056173,131.22450460,41.58661176,84.32242447,-0.08357072,0.22577244,1.43529900,0.33827076,1.39427961,-0.00496727,-0.98756912,0.13450091,10.32830029,0.51356154,-1.10774094,26.14331626,4
117.37869489,31.96310511,41.58511876,-6.72989618,131.32387573,41.58411876,83.42370551,-0.06831139,0.18851716,1.40780510,0.36045264,1.36049661,-0.00405087,-0.94196233,0.14416612,10.21451146,0.34390807,-0.90686315,26.55094076,4
117.37869594,31.96310516,41.58252057,-6.71767142,131.42305925,41.58152057,82.52167048,-0.05623189,0.15691603,1.37708690,0.38280215,1.32279524,-0.00341688,-0.92456308,0.18669220,9.93519966,0.25448928,-0.43307025,26.77360500,4
117.37869699,31.96310529,41.58091914,-6.70388499,131.52202944,41.57991914,81.61626344,-0.04114751,0.15560994,1.38674186,0.41162414,1.32409504,-0.00372057,-0.96673337,0.18466240,9.77079710,0.44752786,-0.00481252,26.80355315,4
117.37869805,31.96310547,41.57980139,-6.68853480,131.62076038,41.57880139,80.70743382,-0.02222678,0.17097435,1.41017389,0.44225601,1.33858503,-0.00445446,-1.03900179,0.16035503,9.68679826,0.76003574,0.34925184,26.76827150,4
117.37869910,31.96310561,41.57872778,-6.67161909,131.71922596,41.57772778,79.79514067,0.00802180,0.19683672,1.40756020,0.46671883,1.32738243,-0.00510546,-1.11903583,0.13123958,9.72460280,0.99923436,0.45306232,26.85955375,4
117.37870016,31.96310571,41.57764126,-6.65313656,131.81739983,41.57664126,78.87934478,0.05221509,0.23370270,1.37444978,0.48400944,1.28592555,-0.00558717,-1.20016457,0.10930697,9.92285734,1.09546150,0.23114357,27.11761791,4
117.37870120,31.96310586,41.57621345,-6.63308624,131.91525546,41.57521345,77.95999905,0.09442800,0.25934057,1.35381835,0.50460686,1.25590768,-0.00575815,-1.23879239,0.15219968,10.15002969,0.94849337,-0.03025835,27.40623805,4
117.37870223,31.96310610,41.57426323,-6.61146759,132.01276611,41.57326323,77.03706048,0.12566569,0.26133358,1.36985858,0.53441985,1.26080638,-0.00554387,-1.21094926,0.29150248,10.33090640,0.50582687,-0.16776865,27.64753582,4
117.37870325,31.96310637,41.57213562,-6.58828048,132.10990486,41.57113562,76.11051015,0.14706818,0.25229057,1.38928815,0.56412147,1.26895013,-0.00522394,-1.17837684,0.41404930,10.41882488,0.04829277,-0.30115645,27.83756782,4
117.37870428,31.96310660,41.57007282,-6.56352525,132.20664465,41.56907282,75.18034439,0.14733847,0.23501092,1.37119742,0.58082221,1.24145338,-0.00504175,-1.21898949,0.34380496,10.22905394,-0.06051645,-0.58779510,27.90385787,4
117.37870532,31.96310679,41.56820695,-6.53720273,132.30295819,41.56720695,74.24654674,0.13091225,0.20802657,1.32538553,0.58807029,1.18731280,-0.00489483,-1.31284671,0.13770248,9.83549611,0.13374546,-0.96073256,27.86697172,4
117.37870635,31.96310703,41.56684264,-6.50931424,132.39881803,41.56584264,73.30908667,0.12599375,0.17366118,1.30710402,0.60545654,1.15815470,-0.00440011,-1.34994951,0.09747248,9.65071916,0.23998016,-1.12178612,27.87753225,4
117.37870735,31.96310735,41.56599266,-6.47986154,132.49419655,41.56499266,72.36794888,0.14021268,0.13406364,1.33038136,0.63789237,1.16722001,-0.00348900,-1.30272627,0.29688957,9.77887252,0.13926186,-1.00688782,27.97886778,4
117.37870835,31.96310767,41.56520683,-6.44884688,132.58906599,41.56420683,71.42314725,0.15501964,0.09906820,1.35612686,0.67065213,1.17839837,-0.00258237,-1.22916357,0.51991311,9.97887727,-0.08779935,-0.75529025,28.11789726,4
117.37870937,31.96310794,41.56412167,-6.41627313,132.68339848,41.56312167,70.47469993,0.15286483,0.08404630,1.34887252,0.68960702,1.15873340,-0.00210092,-1.15403513,0.58269178,10.10156040,-0.51692516,-0.33628705,28.28856551,4
117.37871041,31.96310818,41.56288183,-6.38214369,132.77716598,41.56188183,69.52260530,0.13379975,0.08906189,1.32105764,0.70021553,1.11944805,-0.00210283,-1.09067954,0.50347625,10.12178804,-1.04083419,0.18055593,28.45715049,4
117.37871139,31.96310849,41.56197928,-6.34646248,132.87034036,41.56097928,68.56685786,0.10442353,0.10665144,1.31785434,0.72206610,1.10169115,-0.00257797,-1.07456776,0.39125551,10.00330469,-1.30181042,0.54956455,28.52340203,4
117.37871235,31.96310888,41.56151551,-6.30923397,132.96289335,41.56051551,67.60747759,0.06828357,0.13266620,1.34953031,0.75953031,1.11494536,-0.00345347,-1.10964258,0.28441647,9.75540008,-1.22861139,0.71700599,28.47157896,4
117.37871330,31.96310930,41.56130878,-6.27046325,133.05479663,41.56030878,66.64451006,0.03234922,0.16601399,1.38218765,0.79674781,1.12914118,-0.00448822,-1.15626605,0.17480156,9.51229839,-1.06420366,0.82705574,28.39579008,4
117.37871428,31.96310966,41.56156599,-6.23015606,133.14602182,41.56056599,65.67799985,0.00472922,0.21712642,1.37963793,0.81564794,1.11230062,-0.00566657,-1.18866903,0.04898982,9.43120006,-0.93396174,0.94876475,28.36268806,4
117.37871529,31.96310998,41.56226627,-6.18831873,133.23654048,41.56126627,64.70797707,-0.01364539,0.28442677,1.34313960,0.81691210,1.06535798,-0.00696156,-1.20605980,-0.08400866,9.52637001,-0.86195290,1.04658638,28.37859031,4
117.37871626,31.96311034,41.56271878,-6.14495826,133.32632412,41.56171878,63.73447234,-0.02897360,0.33786229,1.32360427,0.82722984,1.03229656,-0.00806452,-1.22285032,-0.16054353,9.65996929,-0.92030263,0.93460461,28.41947980,4
117.37871717,31.96311079,41.56258952,-6.10008222,133.41534425,41.56158952,62.75753341,-0.04388234,0.36270331,1.34556391,0.85948974,1.03424040,-0.00882097,-1.24560739,-0.14740541,9.77181832,-1.15161611,0.51226645,28.47622373,4
117.37871808,31.96311129,41.56225543,-6.05369890,133.50357236,41.56125543,61.77722289,-0.05937914,0.37714603,1.37907466,0.89770243,1.04598571,-0.00942976,-1.26827380,-0.10651499,9.86926960,-1.41616387,-0.00842579,28.53392287,4
117.37871901,31.96311174,41.56174853,-6.00581724,133.59098001,41.56074853,60.79360435,-0.08456176,0.37837526,1.38354048,0.91829527,1.03412929,-0.00958262,-1.26296657,-0.09046697,9.86835703,-1.35723409,-0.47122716,28.53346359,4
117.37871996,31.96311215,41.56094168,-5.95644686,133.67753880,41.55994168,59.80673555,-0.12656143,0.35660483,1.33744724,0.90818796,0.98121399,-0.00894168,-1.20898074,-0.11768239,9.69624680,-0.73539731,-0.83252185,28.43178220,4
117.37872090,31.96311257,41.56033061,-5.90559805,133.76322039,41.55933061,58.81667380,-0.16246598,0.33253567,1.29918646,0.90305005,0.93371251,-0.00817614,-1.15617738,-0.16533160,9.58072339,-0.12834763,-0.98689809,28.31026707,4
117.37872179,31.96311305,41.56033831,-5.85328179,133.84799651,41.55933831,57.82348177,-0.17388117,0.31977269,1.31273454,0.92984643,0.92627934,-0.00770629,-1.13994039,-0.22538714,9.70348989,0.05352529,-0.78033052,28.21817688,4
117.37872265,31.96311359,41.56062895,-5.79950972,133.93183901,41.55962895,56.82722787,-0.17411315,0.31216311,1.34998976,0.97127925,0.93715799,-0.00737105,-1.14040265,-0.29119258,9.93537278,0.04121819,-0.40845513,28.13942314,4
117.37872353,31.96311410,41.56078934,-5.74429416,134.01471992,41.55978934,55.82798730,-0.17727177,0.31292757,1.37202485,1.00229116,0.93648073,-0.00721066,-1.13732564,-0.33045994,10.09808091,-0.03727183,-0.08158754,28.09694233,4
117.37872445,31.96311456,41.56058945,-5.68764813,134.09661142,41.55958945,54.82584514,-0.18966252,0.33123258,1.35419227,1.00634420,0.90550764,-0.00741055,-1.12232131,-0.30873462,10.07909010,-0.21743409,0.10385386,28.13271994,4
117.37872539,31.96311500,41.56041211,-5.62958531,134.17748591,41.55941211,53.82089427,-0.20601968,0.35845498,1.32504917,1.00295650,0.86531180,-0.00788686,-1.11178937,-0.24650812,9.98219452,-0.42277345,0.22251196,28.19042693,4
117.37872625,31.96311552,41.56089798,-5.57012015,134.25731598,41.55989798,52.81322961,-0.21916178,0.38373884,1.32749799,1.02160111,0.84717750,-0.00860530,-1.13447391,-0.16238224,9.94962840,-0.53678406,0.37314224,28.18529672,4
117.37872704,31.96311613,41.56201467,-5.50926775,134.33607447,41.56101467,51.80294988,-0.22859904,0.40574577,1.36198787,1.06253556,0.85161371,-0.00951100,-1.18820796,-0.06381884,9.99118595,-0.55951100,0.56534031,28.11652793,4
117.37872782,31.96311675,41.56332357,-5.44704392,134.41373453,41.56232357,50.79016667,-0.23582194,0.42990464,1.39616557,1.10276246,0.85604196,-0.01045603,-1.25040929,0.01930706,10.02412806,-0.52513625,0.72860289,28.03043683,4
117.37872866,31.96311733,41.56481629,-5.38346516,134.49026964,41.56381629,49.77500358,-0.23701479,0.46722298,1.39431736,1.11565811,0.83611610,-0.01137369,-1.31718429,0.01692569,9.93825755,-0.33143406,0.71594820,27.93497575,4
117.37872953,31.96311785,41.56651878,-5.31854871,134.56565360,41.56551878,48.75758233,-0.23129517,0.51960113,1.35117704,1.09721822,0.78828796,-0.01225940,-1.38915929,-0.08346345,9.71625735,0.04476786,0.50166343,27.82883531,4
117.37873036,31.96311841,41.56801719,-5.25231247,134.63986055,41.56701719,47.73801626,-0.22048465,0.55861522,1.32650770,1.09281257,0.75177806,-0.01295841,-1.40631574,-0.14156007,9.59095464,0.21976161,0.31766925,27.75591217,4
117.37873112,31.96311905,41.56909221,-5.18477506,134.71286502,41.56809221,46.71642470,-0.20413414,0.56931931,1.34949959,1.12461279,0.74554120,-0.01336278,-1.33078494,-0.08908912,9.68188325,-0.01333217,0.26743386,27.74224532,4
117.37873182,31.96311974,41.57004429,-5.11595571,134.78464196,41.56904429,45.69294865,-0.18615847,0.57177001,1.38640879,1.16699310,0.74813287,-0.01368143,-1.22817228,-0.00433238,9.83594516,-0.36560913,0.25619423,27.74585859,4
117.37873256,31.96312039,41.57085744,-5.04587434,134.85516684,41.56985744,44.66774058,-0.18195359,0.58499043,1.40136905,1.19151994,0.73721891,-0.01414771,-1.14633270,0.02925720,9.94481833,-0.65039335,0.27079149,27.70342619,4
117.37873338,31.96312100,41.57142226,-4.97455153,134.92441557,41.57042226,43.64094284,-0.20305618,0.61836351,1.37539187,1.18278134,0.70111036,-0.01488865,-1.10400083,-0.03257736,9.96755724,-0.80516338,0.33064568,27.57577395,4
117.37873420,31.96312160,41.57180160,-4.90200851,134.99236458,41.57080160,42.61268711,-0.22923260,0.65673827,1.34519040,1.17059395,0.66174979,-0.01576674,-1.09391208,-0.11496573,9.91247709,-0.84725702,0.39588316,27.42736767,4
117.37873492,31.96312227,41.57197346,-4.82826708,135.05899081,41.57097346,41.58311744,-0.24070393,0.68588879,1.34909326,1.18607377,0.64169478,-0.01669771,-1.12390596,-0.14559798,9.75053967,-0.74042070,0.42525625,27.31899176,4
117.37873556,31.96312299,41.57200000,-4.75334965,135.12427178,41.57100000,40.55240542,-0.24002961,0.70724047,1.38040601,1.22379454,0.63723868,-0.01765680,-1.18234859,-0.13320727,9.51191923,-0.52715970,0.42571601,27.24436743,4
117.37873621,31.96312372,41.57210952,-4.67727921,135.18818566,41.57110952,39.52073610,-0.23393499,0.72892258,1.40621531,1.25647364,0.63008054,-0.01850191,-1.22032984,-0.10998401,9.33863129,-0.28016515,0.43156594,27.17609571,4
117.37873693,31.96312439,41.57259736,-4.60007937,135.25071124,41.57159736,38.48828582,-0.21678260,0.75664213,1.39567301,1.25765101,0.60374784,-0.01893437,-1.16959702,-0.07651008,9.43973579,0.01592505,0.47428553,27.10855878,4
117.37873769,31.96312504,41.57339009,-4.52177429,135.31182796,41.57239009,37.45522237,-0.19007525,0.78959921,1.35408554,1.23191938,0.56098115,-0.01901391,-1.04411211,-0.03469288,9.77941538,0.34137021,0.54806220,27.04062543,4
117.37873838,31.96312572,41.57336437,-4.44238862,135.37151593,41.57236437,36.42172502,-0.16921276,0.82001101,1.34215766,1.23176713,0.53214239,-0.01941823,-1.01931553,-0.01266323,10.01420618,0.27492721,0.57979342,26.94310511,4
117.37873895,31.96312649,41.57226985,-4.36194755,135.42975596,41.57126985,35.38799503,-0.15759134,0.84617046,1.37333703,1.26882509,0.52394448,-0.02029762,-1.13415379,-0.01667851,10.06841255,-0.27774953,0.55325819,26.80941367,4
117.37873949,31.96312729,41.57098245,-4.28047675,135.48652965,41.56998245,34.35424231,-0.14761398,0.87159665,1.41228094,1.31259676,0.51943857,-0.02126317,-1.27415876,-0.02536848,10.09029838,-0.91823204,0.51624538,26.66908685,4
117.37874008,31.96312805,41.56967862,-4.19800236,135.54181936,41.56867862,33.32066592,-0.15454604,0.89562244,1.41827919,1.32630275,0.50048866,-0.02203070,-1.29055102,-0.03564159,9.99148186,-1.09515675,0.37447916,26.51064865,4
117.37874076,31.96312877,41.56835521,-4.11455098,135.59560821,41.56735521,32.28745542,-0.18313464,0.91782738,1.38206104,1.30147361,0.46305423,-0.02254369,-1.14855342,-0.04793160,9.73813211,-0.67797835,0.09866102,26.32918219,4
117.37874141,31.96312950,41.56711332,-4.03014956,135.64788007,41.56611332,31.25481141,-0.20484516,0.93424320,1.35627724,1.28597678,0.42939638,-0.02296223,-1.04582439,-0.03957658,9.59862914,-0.29465426,-0.10513656,26.11504750,4
117.37874192,31.96313030,41.56602481,-3.94482546,135.69861968,41.56502481,30.22295527,-0.20468290,0.94113183,1.36783025,1.30422411,0.41065207,-0.02332507,-1.08338776,0.00658086,9.73098316,-0.23479005,-0.12096821,25.85254738,4
117.37874237,31.96313114,41.56501127,-3.85860642,135.74781259,41.56401127,29.19211503,-0.19347237,0.94331455,1.39830217,1.33958290,0.39944982,-0.02366291,-1.19202941,0.07158179,9.99982097,-0.34061340,-0.04232913,25.56590957,4
117.37874288,31.96313195,41.56390882,-3.77152049,135.79544526,41.56290882,28.16250795,-0.18962333,0.94600491,1.41043138,1.35734429,0.38196535,-0.02366485,-1.22316423,0.10986445,10.19544419,-0.51727840,-0.02841209,25.21708940,4
117.37874346,31.96313273,41.56263440,-3.68359602,135.84150496,41.56163440,27.13434643,-0.20113357,0.95051137,1.38594986,1.34017143,0.35177894,-0.02306860,-1.10135457,0.09646416,10.23285745,-0.78872887,-0.14897860,24.76199274,4
117.37874406,31.96313351,41.56148949,-3.59486162,135.88597984,41.56048949,26.10785732,-0.22054002,0.95619253,1.35673022,1.31831620,0.31954291,-0.02253552,-0.94450536,0.05903062,10.15764931,-1.03985500,-0.24500994,24.28142197,4
117.37874451,31.96313433,41.56103446,-3.50534616,135.92885897,41.56003446,25.08328633,-0.24235517,0.96296039,1.36825717,1.33482233,0.30006030,-0.02313175,-0.90752144,0.02191711,9.95469257,-1.07834606,-0.05300686,23.87966870,4
117.37874486,31.96313521,41.56100000,-3.41507876,135.97013234,41.56000000,24.06088276,-0.26524497,0.97034395,1.40535906,1.37542449,0.28859061,-0.02442618,-0.94688338,-0.01368707,9.67853611,-0.98600421,0.31664006,23.52786664,4
117.37874523,31.96313608,41.56120966,-3.32408872,136.00979088,41.56020966,23.04088564,-0.28404904,0.98606551,1.43375739,1.40737947,0.27476339,-0.02563919,-0.97519066,-0.02748078,9.49302203,-0.79687998,0.62801425,23.19536269,4
117.37874571,31.96313690,41.56215399,-3.23240546,136.04782645,41.56115399,22.02352847,-0.28815533,1.03080563,1.42419011,1.40198045,0.25040770,-0.02636215,-0.94269483,0.03483266,9.64704292,-0.30649381,0.68297646,22.91722675,4
117.37874621,31.96313772,41.56348310,-3.14005854,136.08423182,41.56248310,21.00905053,-0.28455068,1.09073983,1.39471623,1.37699326,0.22054394,-0.02682770,-0.87832773,0.13702698,9.97905389,0.34161793,0.60342572,22.66776363,4
117.37874660,31.96313857,41.56397874,-3.04707764,136.11900072,41.56297874,19.99769818,-0.27019790,1.11583098,1.40749815,1.39271387,0.20089752,-0.02763620,-0.89242485,0.12603684,10.10397128,0.27924122,0.37195365,22.45960346,4
117.37874686,31.96313948,41.56399998,-2.95349247,136.15212783,41.56299998,18.98971789,-0.25011513,1.12112396,1.44438579,1.43167421,0.18707725,-0.02864424,-0.95110796,0.05093915,10.10834954,-0.18254856,0.06028493,22.27320341,4
117.37874711,31.96314037,41.56400000,-2.85933280,136.18360877,41.56300000,17.98535126,-0.22976066,1.12553518,1.48238009,1.47170403,0.17350711,-0.02966197,-1.01183069,-0.02708413,10.10733803,-0.66256104,-0.25520972,22.08763472,4
117.37874747,31.96314125,41.56400000,-2.76462835,136.21344012,41.56300000,16.98483522,-0.26035954,1.11498382,1.46694268,1.45875936,0.15013980,-0.02906769,-1.01257140,-0.17018917,10.07111933,-0.83352466,-0.50138796,21.74871407,4
117.37874789,31.96314210,41.56400000,-2.66940881,136.24161939,41.56300000,15.98840456,-0.31403554,1.09765811,1.42728612,1.42180008,0.12235527,-0.02774289,-0.98610274,-0.34264914,10.01897526,-0.86409999,-0.71584022,21.34062249,4
117.37874819,31.96314298,41.56418079,-2.57370386,136.26814502,41.56318079,14.99629488,-0.34643140,1.09395634,1.42995437,1.42630354,0.10068009,-0.02781976,-0.91149571,-0.40282338,9.91693181,-0.77965508,-0.52217808,21.06894516,4
117.37874837,31.96314389,41.56450275,-2.47754303,136.29301638,41.56350275,14.00874377,-0.36159638,1.10107159,1.46633595,1.46384421,0.08387334,-0.02901101,-0.80006375,-0.37465303,9.77632968,-0.60952953,-0.01099771,20.90535170,4
117.37874853,31.96314480,41.56485430,-2.38095577,136.31623377,41.56385430,13.02598678,-0.37367021,1.11024591,1.50808802,1.50663204,0.06784178,-0.03038700,-0.68459006,-0.33167231,9.63092510,-0.42616104,0.54562787,20.76196999,4
117.37874878,31.96314569,41.56553291,-2.28397132,136.33779841,41.56453291,12.04825094,-0.38090194,1.13032668,1.50936423,1.50859001,0.04664614,-0.03093494,-0.74444199,-0.34040961,9.62957580,-0.37630044,0.35336921,20.70945099,4
117.37874909,31.96314658,41.56637826,-2.18661877,136.35771245,41.56537826,11.07575572,-0.38526131,1.15620620,1.48779506,1.48748623,0.02253294,-0.03100408,-0.90335556,-0.37851133,9.71118565,-0.40610811,-0.26428773,20.70690694,4
117.37874932,31.96314747,41.56648246,-2.08892695,136.37597890,41.56548246,10.10872008,-0.38778248,1.16525792,1.48744396,1.48725799,0.00006466,-0.03114561,-0.97683553,-0.39582641,9.77307954,-0.50924004,-0.59056548,20.61034410,4
117.37874940,31.96314838,41.56561547,-1.99092450,136.39260164,41.56461547,9.14736446,-0.38846151,1.15192451,1.51799701,1.51753550,-0.01984454,-0.03146151,-0.92477540,-0.38169395,9.79576794,-0.69213753,-0.47378549,20.38548204,4
117.37874945,31.96314930,41.56457688,-1.89263976,136.40758546,41.56357688,8.19190406,-0.38925753,1.13523851,1.55256154,1.55173932,-0.03934776,-0.03180046,-0.85213105,-0.35929436,9.80455610,-0.87414487,-0.28618761,20.12661902,4
117.37874958,31.96315021,41.56360842,-1.79410077,136.42093598,41.56260842,7.24254392,-0.39858602,1.13158939,1.55730186,1.55586631,-0.05974958,-0.03197802,-0.81853015,-0.28751331,9.68312613,-0.76453003,-0.27065903,19.66234267,4
117.37874977,31.96315112,41.56271147,-1.69533521,136.43265968,41.56171147,6.29948054,-0.41560810,1.13983934,1.53426513,1.53196584,-0.08097329,-0.03199463,-0.82229868,-0.17036377,9.44358341,-0.38487493,-0.42231189,19.00800040,4
117.37874992,31.96315203,41.56187474,-1.59637040,136.44276381,41.56087474,5.36290322,-0.42498441,1.13856341,1.52342001,1.52008889,-0.10193250,-0.03189707,-0.82688928,-0.08269862,9.30912189,-0.14853765,-0.62264052,18.45030063,4
117.37874993,31.96315293,41.56115654,-1.49723332,136.45125642,41.56015654,4.43299242,-0.41328739,1.11020095,1.55148596,1.54679905,-0.12203854,-0.03157827,-0.82072197,-0.08149532,9.46849406,-0.34998351,-0.88415290,18.18926297,4
117.37874989,31.96315386,41.56044946,-1.39795054,136.45814632,41.55944946,3.50992163,-0.39950104,1.07777621,1.58366798,1.57754160,-0.14201340,-0.03118678,-0.80954170,-0.09110120,9.66500174,-0.60716984,-1.14270761,17.97735358,4
117.37874992,31.96315477,41.55967495,-1.29854818,136.46344306,41.55867495,2.59386511,-0.39764846,1.04352172,1.59699570,1.58897717,-0.16168470,-0.03028482,-0.75486966,-0.08033117,9.79570888,-0.77185125,-1.25100582,17.84933320,4
117.37875003,31.96315568,41.55879608,-1.19905187,136.46715691,41.55779608,1.68499863,-0.41411235,1.00672551,1.58165613,1.57104731,-0.18089440,-0.02861560,-0.63378661,-0.03743180,9.82290820,-0.79192915,-1.12499237,17.85110111,4
117.37875008,31.96315658,41.55788211,-1.09948678,136.46929890,41.55688211,0.78349061,-0.42985510,0.97422863,1.57298245,1.55969120,-0.20075303,-0.02726361,-0.52022859,0.02114994,9.80887139,-0.77111646,-0.93911803,17.86452917,4
117.37875001,31.96315749,41.55685224,-0.99987759,136.46988069,41.55585224,-0.11050146,-0.43291293,0.96267022,1.60991013,1.59384946,-0.22401574,-0.02776517,-0.47491571,0.13613938,9.65750723,-0.63578421,-0.59602512,17.86485224,4
117.37874986,31.96315839,41.55583030,-0.90024848,136.46891464,41.55483030,-0.99682437,-0.43468395,0.95392183,1.65046588,1.63161224,-0.24755264,-0.02845494,-0.44037632,0.25009216,9.49739925,-0.49312894,-0.24471706,17.86732992,4
117.37874977,31.96315931,41.55506116,-0.80062308,136.46641374,41.55406116,-1.87532404,-0.43687781,0.95304108,1.67690018,1.65508353,-0.27000238,-0.02908170,-0.45161554,0.27752965,9.40713627,-0.40836081,0.00365484,17.91363966,4
117.37874976,31.96316021,41.55500000,-0.70102448,136.46239160,41.55400000,-2.74585081,-0.44024973,0.97415449,1.66381376,1.63856404,-0.28937353,-0.02953122,-0.59080096,0.06308059,9.51227187,-0.48555549,-0.03615128,18.08239247,4
117.37874973,31.96316111,41.55500000,-0.60147516,136.45686243,41.55400000,-3.60826734,-0.44141681,0.99415377,1.65206999,1.62321771,-0.30901606,-0.02995581,-0.72494926,-0.13861148,9.62701999,-0.54048586,-0.11245047,18.24402796,4
117.37874959,31.96316200,41.55500000,-0.50199703,136.44984102,41.55400000,-4.46244678,-0.42576312,0.99241788,1.67488769,1.64144482,-0.33283858,-0.03031578,-0.74343180,-0.09734432,9.69025043,-0.33152016,-0.27443626,18.27864513,4
117.37874939,31.96316291,41.55500000,-0.40261143,136.44134266,41.55400000,-5.30826667,-0.40631128,0.98577589,1.70550850,1.66725163,-0.35760680,-0.03066121,-0.73580865,-0.00123400,9.74185842,-0.06297001,-0.45577775,18.28459567,4
117.37874920,31.96316380,41.55505093,-0.30333909,136.43138317,41.55405093,-6.14560969,-0.38698589,0.98004845,1.73064540,1.68756957,-0.38164793,-0.03091448,-0.72555687,0.09645970,9.77980061,0.16583856,-0.58354401,18.28274448,4
117.37874909,31.96316470,41.55544054,-0.20420014,136.41997885,41.55444054,-6.97436621,-0.36987084,0.98210218,1.71653330,1.66870009,-0.40043705,-0.03055854,-0.70675857,0.18560889,9.73062792,0.10899985,-0.34771728,18.23876546,4
117.37874897,31.96316560,41.55572528,-0.10521399,136.40714644,41.55472528,-7.79443395,-0.35288053,0.98576347,1.70204200,1.64934979,-0.41931828,-0.03024707,-0.68711241,0.25393679,9.68344548,0.02446094,-0.08048252,18.19678016,4
117.37874878,31.96316649,41.55500078,-0.00639946,136.39290310,41.55400078,-8.60571682,-0.33475177,0.99410164,1.71765252,1.65930032,-0.44340727,-0.03075175,-0.66855938,0.18549771,9.72259836,-0.01394703,0.10274344,18.20353157,4
117.37874853,31.96316736,41.55366729,0.09222528,136.37726640,41.55266729,-9.40812619,-0.31592529,1.00524482,1.75148401,1.68698683,-0.47065412,-0.03174953,-0.65067483,0.03465470,9.81395671,-0.02399624,0.23469118,18.23973259,4
117.37874829,31.96316825,41.55226457,0.19064268,136.36025427,41.55126457,-10.20158317,-0.29814612,1.02058843,1.78209336,1.71136326,-0.49735917,-0.03284127,-0.63406678,-0.10093046,9.88256181,-0.01411318,0.37751065,18.27766609,4
117.37874810,31.96316913,41.55066991,0.28883591,136.34188496,41.54966991,-10.98601601,-0.28756709,1.06211309,1.78393669,1.70662789,-0.51909927,-0.03433589,-0.62557961,-0.10195707,9.78057401,0.11398199,0.61211593,18.31445234,4
117.37874792,31.96317002,41.54899008,0.38678879,136.32217701,41.54799008,-11.76135486,-0.27889110,1.11464180,1.77478858,1.69068747,-0.53902100,-0.03600992,-0.62454242,-0.04699959,9.62022840,0.29185097,0.87436966,18.35385349,4
117.37874770,31.96317090,41.54729818,0.48448584,136.30114926,41.54629818,-12.52753136,-0.25983917,1.16269633,1.77968257,1.68826057,-0.56214347,-0.03770182,-0.65429798,-0.02108193,9.59704480,0.44982151,1.03402060,18.41851677,4
117.37874739,31.96317175,41.54559344,0.58191221,136.27882081,41.54459344,-13.28447956,-0.22449948,1.20283234,1.80739294,1.70784142,-0.59043031,-0.03940656,-0.73110862,-0.04546769,9.79197029,0.57242227,1.03222878,18.52216974,4
117.37874708,31.96317261,41.54386612,0.67905374,136.25521101,41.54286612,-14.03213761,-0.18942172,1.24338944,1.83395034,1.72624574,-0.61836779,-0.04108786,-0.80575755,-0.06316458,9.98751819,0.65886457,1.01719091,18.61934643,4
117.37874679,31.96317348,41.54198139,0.77589694,136.23033940,41.54098139,-14.77045288,-0.16496547,1.29118086,1.83984177,1.72425224,-0.64093098,-0.04258534,-0.83935165,-0.00462228,10.07197428,0.49569989,0.98932407,18.64769475,4
117.37874655,31.96317436,41.53990896,0.87242900,136.20422573,41.53890896,-15.49938438,-0.15352188,1.34765792,1.82056474,1.69742182,-0.65692735,-0.04385568,-0.82289548,0.14666502,10.02050083,0.02945838,0.94520994,18.59122777,4
117.37874628,31.96317522,41.53798026,0.96863777,136.17688987,41.53698026,-16.21889826,-0.14255915,1.39841406,1.80624988,1.67529093,-0.67428465,-0.04507378,-0.81477093,0.27868486,9.96314729,-0.33976537,0.86705916,18.49587125,4
117.37874595,31.96317607,41.53688988,1.06451177,136.14835182,41.53588988,-16.92895861,-0.12882844,1.41517156,1.82875287,1.68839180,-0.70171318,-0.04611012,-0.87171701,0.27016775,9.92921640,-0.06650332,0.61229971,18.22564800,4
117.37874559,31.96317692,41.53587569,1.16004016,136.11863169,41.53487569,-17.62953103,-0.11483555,1.42930008,1.85377103,1.70389563,-0.72979922,-0.04712431,-0.93239702,0.25109946,9.89805300,0.24931184,0.34976790,17.93851926,4
117.37874524,31.96317777,41.53497718,1.25521276,136.08774970,41.53397718,-18.32059743,-0.10032018,1.44610773,1.87054569,1.71146346,-0.75511092,-0.04802282,-0.96717031,0.24825766,9.88028548,0.40020142,0.19526790,17.61195058,4
117.37874494,31.96317864,41.53452177,1.35002003,136.05572608,41.53352177,-19.00215515,-0.08387054,1.47304186,1.85591405,1.68882755,-0.76978181,-0.04847823,-0.90330856,0.30712671,9.91351955,-0.07657783,0.45211342,17.13659352,4
117.37874464,31.96317950,41.53402231,1.44445308,136.02258107,41.53302231,-19.67419670,-0.06819489,1.50008173,1.84281457,1.66754139,-0.78490015,-0.04900798,-0.83465949,0.35830349,9.94509303,-0.56809268,0.70408974,16.66531375,4
117.37874428,31.96318035,41.53296834,1.53850366,135.98833492,41.53196834,-20.33670293,-0.05870637,1.52192244,1.85836696,1.67296139,-0.80932809,-0.05029204,-0.79262954,0.32242530,9.93563078,-0.78676851,0.68126268,16.30725143,4
117.37874387,31.96318116,41.53163320,1.63216413,135.95300791,41.53063320,-20.98966365,-0.05234942,1.54113516,1.88843633,1.69191025,-0.83847783,-0.05195850,-0.76407236,0.24244199,9.90538027,-0.86729834,0.51923339,16.00644658,4
117.37874347,31.96318200,41.53032652,1.72542746,135.91662028,41.52932652,-21.63309508,-0.04747320,1.56112772,1.91540130,1.70799851,-0.86633849,-0.05357255,-0.73867370,0.15150109,9.85127468,-0.89629211,0.37490905,15.70185934,4
117.37874310,31.96318285,41.52936232,1.81828718,135.87919219,41.52836232,-22.26702518,-0.05077497,1.58755676,1.91406811,1.69797603,-0.88304858,-0.05463086,-0.72723021,0.01168247,9.65053033,-0.65668505,0.42153774,15.34375370,4
117.37874276,31.96318370,41.52853122,1.91073744,135.84074368,41.52753122,-22.89146673,-0.05587867,1.61573886,1.90268043,1.67865826,-0.89576602,-0.05545628,-0.72248399,-0.14001116,9.41346950,-0.31226864,0.52765221,14.96959878,4
117.37874238,31.96318452,41.52764536,2.00277297,135.80129472,41.52664536,-23.50642342,-0.04776934,1.63655450,1.90368595,1.67057877,-0.91317487,-0.05622043,-0.72676661,-0.22293169,9.37768844,-0.00255710,0.47725072,14.64320362,4
117.37874193,31.96318533,41.52663957,2.09438903,135.76086521,41.52563957,-24.11191875,-0.01529209,1.64370907,1.92873147,1.68431332,-0.93973147,-0.05690695,-0.74656892,-0.17881622,9.71418284,0.22929345,0.13281716,14.40581137,4
117.37874145,31.96318614,41.52561237,2.18558143,135.71947490,41.52461237,-24.70800243,0.01890058,1.64764480,1.95440470,1.69860918,-0.96642653,-0.05748605,-0.76579704,-0.12273743,10.06496685,0.43810103,-0.23505613,14.17889876,4
117.37874100,31.96318696,41.52451300,2.27634645,135.67714336,41.52351300,-25.29472775,0.04663148,1.63630857,1.96488011,1.69908753,-0.98642369,-0.05723395,-0.76704951,-0.07463429,10.21864920,0.51989922,-0.54798169,13.96510622,4
117.37874060,31.96318778,41.52330755,2.36668094,135.63388995,41.52230755,-25.87213420,0.06469428,1.60222655,1.95269063,1.67897178,-0.99641128,-0.05574340,-0.74150955,-0.03848315,10.07836480,0.41229293,-0.77858973,13.77115733,4
117.37874018,31.96318861,41.52214796,2.45658221,135.58973388,41.52114796,-26.44026157,0.08139732,1.56808804,1.94303096,1.66105447,-1.00755953,-0.05432952,-0.70441506,0.00199494,9.91554808,0.27618326,-0.92533693,13.56486420,4
117.37873968,31.96318941,41.52137394,2.54604806,135.54469418,41.52037394,-26.99916605,0.09590905,1.54995614,1.96710341,1.67306255,-1.03396842,-0.05433411,-0.60766441,0.08091593,9.81178180,0.08238834,-0.55936519,13.25887026,4
117.37873915,31.96319019,41.52068597,2.63507672,135.49878965,41.51968597,-27.54891165,0.10993777,1.53540522,1.99875976,1.69179305,-1.06381764,-0.05465702,-0.49746894,0.16851081,9.72120410,-0.12446734,-0.07812035,12.93031998,4
117.37873863,31.96319096,41.52003447,2.72366686,135.45203888,41.51903447,-28.08956105,0.12371496,1.52514019,2.02711729,1.70763903,-1.09199544,-0.05504932,-0.40972539,0.22655375,9.64212105,-0.28272351,0.32510243,12.58556496,4
117.37873816,31.96319177,41.51960546,2.81181760,135.40446019,41.51860546,-28.62118019,0.13584973,1.54320455,2.02934866,1.70066455,-1.10700391,-0.05579123,-0.48364223,0.07585587,9.63792025,-0.09775257,0.13815014,12.13997029,4
117.37873770,31.96319257,41.51919407,2.89952844,135.35607168,41.51819407,-29.14383946,0.14910455,1.56303722,2.02938488,1.69177684,-1.12082295,-0.05654192,-0.57464188,-0.09293299,9.65312844,0.12517549,-0.12441889,11.68644899,4
117.37873719,31.96319336,41.51866470,2.98679927,135.30689120,41.51766470,-29.65760037,0.17350058,1.56424497,2.04204815,1.69391863,-1.14038067,-0.05695801,-0.61650331,-0.16600033,9.73956587,0.25770538,-0.31580110,11.28440621,4
117.37873662,31.96319412,41.51800256,3.07363037,135.25693638,41.51700256,-30.16251571,0.21035557,1.54458308,2.06889264,1.70843993,-1.16639902,-0.05700000,-0.60307413,-0.13167511,9.90534048,0.28842715,-0.42611784,10.93977686,4
117.37873603,31.96319486,41.51731901,3.16002239,135.20622460,41.51631901,-30.65865096,0.24624921,1.52274162,2.09544659,1.72278805,-1.19212372,-0.05695602,-0.58402092,-0.08526992,10.06348782,0.29381251,-0.52659295,10.58954881,4
117.37873549,31.96319565,41.51658679,3.24597631,135.15477300,41.51558679,-31.14608496,0.26268633,1.50236294,2.10649449,1.72431146,-1.20938396,-0.05655388,-0.56982426,-0.03893374,10.08591131,0.18579365,-0.62037511,10.14338007,4
117.37873497,31.96319643,41.51580850,3.33149344,135.10259845,41.51480850,-31.62488289,0.26044674,1.48340398,2.10265950,1.71353174,-1.21851076,-0.05580850,-0.56029774,0.00729855,9.97812589,-0.03091821,-0.70766083,9.60554524,4
117.37873442,31.96319720,41.51503652,3.41657545,135.04971755,41.51403652,-32.09509091,0.25787738,1.46225710,2.10071344,1.70439522,-1.22850253,-0.05503652,-0.54757809,0.05287992,9.86272745,-0.21075502,-0.79886655,9.08996350,4
117.37873385,31.96319796,41.51434626,3.50122432,134.99614673,41.51334626,-32.55676418,0.26817040,1.42367578,2.12494114,1.71747206,-1.25160105,-0.05434626,-0.50735155,0.09389938,9.79731383,-0.02925561,-0.92474816,8.81229797,4
117.37873323,31.96319869,41.51366955,3.58544234,134.94190213,41.51266955,-33.00997883,0.28061993,1.38216251,2.15354853,1.73426024,-1.27690033,-0.05366907,-0.46247821,0.13411864,9.74024645,0.21241777,-1.05619260,8.57425976,4
117.37873263,31.96319942,41.51306707,3.66923204,134.88699964,41.51206707,-33.45480901,0.29294860,1.34244864,2.17995664,1.74915336,-1.30101411,-0.05298212,-0.41404950,0.16232092,9.69035592,0.39252616,-1.13016946,8.34852199,4
117.37873205,31.96320017,41.51300000,3.75259627,134.83145486,41.51200000,-33.89130877,0.30385532,1.31657554,2.18936610,1.74944925,-1.31595683,-0.05222462,-0.34123741,0.10382814,9.69059073,0.11360830,-0.78767945,8.20353317,4
117.37873149,31.96320094,41.51300000,3.83553816,134.77528318,41.51200000,-34.31952520,0.31447387,1.29355890,2.19758377,1.74870055,-1.33027465,-0.05151858,-0.26998422,0.03516057,9.70466564,-0.20417788,-0.40196420,8.07075862,4
117.37873091,31.96320168,41.51300000,3.91806107,134.71849978,41.51200000,-34.73950787,0.32413444,1.28070513,2.21441341,1.75511825,-1.34944938,-0.05136067,-0.24059772,-0.02755419,9.78795626,-0.35301252,-0.09628614,7.95657708,4
117.37873025,31.96320239,41.51300000,4.00016863,134.66111961,41.51200000,-35.15130901,0.33248366,1.28182789,2.24310676,1.77140278,-1.37532190,-0.05195698,-0.26880556,-0.08212229,9.96655969,-0.26944904,0.09946845,7.86790003,4
117.37872960,31.96320310,41.51300000,4.08186468,134.60315739,41.51200000,-35.55499290,0.33985276,1.28494072,2.27173149,1.78764566,-1.40113147,-0.05262577,-0.30597774,-0.12657206,10.13567546,-0.17167733,0.26382624,7.78423037,4
117.37872897,31.96320383,41.51300000,4.16315331,134.54462757,41.51200000,-35.95063117,0.33979581,1.29143282,2.28743866,1.79331226,-1.41939445,-0.05316361,-0.36379284,-0.08894167,10.12151724,-0.18637023,0.26038403,7.71935343,4
117.37872836,31.96320457,41.51300000,4.24403879,134.48554437,41.51200000,-36.33827666,0.33161057,1.30162101,2.28900000,1.78740003,-1.42938943,-0.05355789,-0.44417857,0.03851516,9.90675898,-0.32415720,0.07327464,7.67507387,4
117.37872775,31.96320531,41.51305849,4.32452558,134.42592180,41.51205849,-36.71795757,0.32323023,1.30948748,2.29014051,1.78113358,-1.43914423,-0.05387540,-0.51765903,0.15634119,9.69171506,-0.45264874,-0.13250345,7.63331000,4
117.37872709,31.96320601,41.51359476,4.40461840,134.36577371,41.51259476,-37.08971432,0.32055814,1.29508664,2.30059786,1.78239223,-1.45441877,-0.05369625,-0.51462489,0.11490780,9.65450716,-0.39466591,-0.32579727,7.59340047,4
117.37872641,31.96320670,41.51428437,4.48432212,134.30511371,41.51328437,-37.45362202,0.31971563,1.27354242,2.31404517,1.78606403,-1.47146700,-0.05335782,-0.48705657,0.02239947,9.67431068,-0.27687787,-0.51513704,7.55407542,4
117.37872573,31.96320739,41.51499207,4.56364177,134.24395517,41.51399207,-37.80975518,0.31904499,1.25239874,2.32688171,1.78917803,-1.48813859,-0.05296690,-0.44654694,-0.06267839,9.71781516,-0.18770589,-0.64870873,7.51018143,4
117.37872509,31.96320810,41.51575113,4.64258253,134.18231120,41.51475113,-38.15815831,0.31862514,1.23900383,2.33286396,1.78622947,-1.50062981,-0.05224816,-0.31595676,-0.05511030,9.91869510,-0.36935704,-0.33021580,7.42866511,4
117.37872445,31.96320882,41.51651500,4.72114976,134.12019475,41.51551500,-38.49887290,0.31706595,1.22746341,2.33846135,1.78291098,-1.51286613,-0.05154894,-0.18125056,-0.03547575,10.12680025,-0.58752944,0.03435321,7.33249459,4
117.37872380,31.96320953,41.51725628,4.79934897,134.05761857,41.51625628,-38.83196448,0.30385703,1.22327791,2.34997791,1.78450732,-1.52854242,-0.05150539,-0.13296483,-0.02751006,10.18417249,-0.78450492,0.21604527,7.14411767,4
117.37872310,31.96321020,41.51796372,4.87718577,133.99459519,41.51696372,-39.15750687,0.27318712,1.23008275,2.37039339,1.79349205,-1.54939339,-0.05244558,-0.21451122,-0.03738320,10.01508641,-0.94872769,0.12201263,6.81766935,4
117.37872242,31.96321088,41.51868911,4.95466591,133.93113687,41.51768911,-39.47556722,0.24164037,1.23741452,2.39089188,1.80264692,-1.57019978,-0.05342783,-0.30352483,-0.04655899,9.82712786,-1.06814499,0.00106990,6.46990537,4
117.37872175,31.96321159,41.51961761,5.03179524,133.86725567,41.51861761,-39.78620994,0.22092211,1.23770468,2.40249205,1.80535726,-1.58496569,-0.05373235,-0.32088723,-0.02989464,9.70988046,-0.80715831,-0.07032676,6.07431378,4
117.37872111,31.96321230,41.52072983,5.10857971,133.80296346,41.51972983,-40.08948471,0.21000813,1.23162102,2.40603627,1.80223390,-1.59426203,-0.05342339,-0.27339155,0.01015693,9.65665359,-0.20188002,-0.09686677,5.63548330,4
117.37872044,31.96321299,41.52179872,5.18502541,133.73827194,41.52079872,-40.38542764,0.20240633,1.22426524,2.40924984,1.79898508,-1.60313581,-0.05304683,-0.22690678,0.04656770,9.62038023,0.35047938,-0.13158571,5.19080109,4
117.37871975,31.96321367,41.52231250,5.26113855,133.67319261,41.52131250,-40.67409752,0.21409619,1.21202848,2.41743724,1.80032382,-1.61366968,-0.05267871,-0.25237204,0.02851651,9.66937223,0.10701614,-0.28131615,4.73670069,4
117.37871904,31.96321434,41.52267611,5.33692539,133.60773677,41.52167611,-40.95556751,0.23030757,1.19819255,2.42680254,1.80277292,-1.62457006,-0.05229522,-0.29387207,-0.00332078,9.74006387,-0.32346220,-0.45881868,4.28497479,4
117.37871833,31.96321501,41.52287596,5.41239231,133.54191552,41.52187596,-41.22988144,0.24255149,1.17910271,2.43530379,1.80476510,-1.63480296,-0.05167161,-0.30918503,-0.03805713,9.81686281,-0.59744145,-0.62378699,3.89903423,4
117.37871765,31.96321569,41.52256305,5.48754576,133.47573979,41.52156305,-41.49706935,0.24063048,1.14286793,2.44068037,1.80500000,-1.64273902,-0.05025219,-0.23393819,-0.07950158,9.90936389,-0.31077031,-0.74115278,3.73138673,4
117.37871699,31.96321638,41.52221869,5.56239232,133.40922039,41.52121869,-41.75717223,0.23724178,1.10550956,2.44623589,1.80542058,-1.65077817,-0.04880163,-0.14809521,-0.11547602,9.98986375,0.03052825,-0.82450096,3.60541603,4
117.37871629,31.96321706,41.52223389,5.63693866,133.34236793,41.52123389,-42.01023323,0.23798118,1.07943673,2.45759059,1.80992402,-1.66280969,-0.04807922,-0.07677975,-0.08970519,9.93361926,0.17510961,-0.63954851,3.60055615,4
117.37871555,31.96321772,41.52256673,5.71119151,133.27519287,41.52156673,-42.25630195,0.24236753,1.06333066,2.47406974,1.81803486,-1.67836954,-0.04800000,-0.01828980,-0.00938439,9.75656559,0.14592426,-0.21755244,3.70268733,4
117.37871482,31.96321836,41.52293918,5.78515770,133.20770548,41.52193918,-42.49543302,0.24867265,1.05009656,2.49077225,1.82625702,-1.69409814,-0.04802869,0.02965812,0.06474428,9.58847948,0.11635812,0.18930467,3.80638490,4
117.37871411,31.96321903,41.52331608,5.85884409,133.13991586,41.52231608,-42.72767136,0.26853362,1.05203553,2.50370911,1.83140534,-1.70737110,-0.04832205,-0.00508485,0.01975301,9.64042257,0.28071918,0.18707970,3.80294557,4
117.37871342,31.96321971,41.52369430,5.93225765,133.07183395,41.52269430,-42.95305284,0.29236805,1.05835502,2.51536599,1.83552489,-1.71980709,-0.04868680,-0.06372760,-0.05913499,9.75653019,0.49201617,0.06633703,3.76729205,4
117.37871271,31.96322036,41.52407310,6.00540539,133.00346958,41.52307310,-43.17161979,0.31569716,1.06324469,2.52497693,1.83816902,-1.73088615,-0.04896410,-0.11494140,-0.12064570,9.85997281,0.57173114,-0.02098893,3.72565724,4
117.37871197,31.96322099,41.52445308,6.07829440,132.93483238,41.52345308,-43.38342725,0.33691940,1.06354692,2.52953079,1.83718768,-1.73860852,-0.04900000,-0.14209096,-0.13026540,9.91771270,0.30042899,0.00212031,3.67492805,4
117.37871121,31.96322163,41.52481395,6.15093179,132.86593182,41.52381395,-43.58852788,0.35719818,1.06195124,2.53323745,1.83562662,-1.74573936,-0.04894120,-0.16520940,-0.12660126,9.95989456,0.00771935,0.02220607,3.61008376,4
117.37871048,31.96322228,41.52498086,6.22332473,132.79677723,41.52398086,-43.78695958,0.37113126,1.04817506,2.53598676,1.83366281,-1.75193514,-0.04829313,-0.18376724,-0.06716628,9.91421563,0.02422856,-0.15269198,3.41742391,4
117.37870977,31.96322294,41.52500078,6.29548045,132.72737778,41.52400078,-43.97875465,0.38023637,1.02511652,2.53800640,1.83139309,-1.75741678,-0.04719615,-0.19871490,0.03466426,9.80182107,0.27559166,-0.47546163,3.12751310,4
117.37870905,31.96322360,41.52507337,6.36740623,132.65774255,41.52407337,-44.16392357,0.38948958,1.00054745,2.53993617,1.82914997,-1.76271121,-0.04603830,-0.20089431,0.13363318,9.70122685,0.48896910,-0.75558136,2.83540740,4
117.37870830,31.96322423,41.52576210,6.43910947,132.58788051,41.52476210,-44.34241334,0.40538519,0.97332644,2.54190526,1.82747580,-1.76719156,-0.04485685,-0.09739846,0.16086098,9.77621636,0.11478747,-0.50482053,2.63261983,4
117.37870754,31.96322486,41.52652126,6.51059775,132.51780071,41.52552126,-44.51412542,0.42161497,0.94712398,2.54443141,1.82630995,-1.77190322,-0.04374877,0.01881277,0.16925898,9.87354676,-0.32637207,-0.17670167,2.44942903,4
117.37870679,31.96322549,41.52694582,6.58187889,132.44751219,41.52594582,-44.67897231,0.42966690,0.93656907,2.55284706,1.82958636,-1.78051634,-0.04347067,0.08448889,0.10256070,9.90013965,-0.44721669,0.04250133,2.31896532,4
117.37870607,31.96322615,41.52700000,6.65296085,132.37702405,41.52600000,-44.83686320,0.42866639,0.94333443,2.56777966,1.83777883,-1.79344604,-0.04411120,0.09422241,-0.04724136,9.84843698,-0.21352181,0.14112068,2.24688138,4
117.37870535,31.96322680,41.52708518,6.72385181,132.30634545,41.52608518,-44.98792957,0.42702174,0.95297943,2.58310663,1.84626955,-1.80664569,-0.04488657,0.09256475,-0.18498695,9.78907838,0.04556504,0.23293466,2.18969043,4
117.37870460,31.96322744,41.52801457,6.79455956,132.23548499,41.52701457,-45.13251481,0.43211636,0.96605876,2.59290381,1.85059435,-1.81627099,-0.04566671,0.05911827,-0.08285409,9.76731843,0.04246293,0.43218229,2.19542193,4
117.37870383,31.96322806,41.52917179,6.86509159,132.16445083,41.52817179,-45.27075118,0.43894521,0.98055304,2.60123455,1.85381280,-1.82494778,-0.04646924,0.01662160,0.07764647,9.75580483,-0.03124233,0.65450466,2.21456854,4
117.37870306,31.96322867,41.53033555,6.93545552,132.09325109,41.52933555,-45.40263270,0.44483927,1.00077711,2.60978908,1.85718829,-1.83375417,-0.04751720,-0.03164857,0.16564557,9.74589550,-0.10581283,0.80801905,2.19251438,4
117.37870231,31.96322932,41.53148528,7.00565899,132.02189380,41.53048528,-45.52816476,0.44895095,1.03059778,2.61888228,1.86095095,-1.84288228,-0.04898038,-0.08874952,0.12380443,9.73760302,-0.17413671,0.84181360,2.09884890,4
117.37870157,31.96322996,41.53263559,7.07570972,131.95038697,41.53163559,-45.64731579,0.45239300,1.06072407,2.62725396,1.86423146,-1.85146165,-0.05044489,-0.14206136,0.06502871,9.73843517,-0.23642907,0.83358498,1.99432745,4
117.37870082,31.96323059,41.53381678,7.14561555,131.87873857,41.53281678,-45.76004585,0.45185812,1.07801498,2.62723299,1.86185510,-1.85380829,-0.05123060,-0.14126990,0.04728337,9.83144867,-0.24653489,0.58863383,1.89657445,4
117.37870005,31.96323119,41.53499867,7.21538440,131.80695660,41.53399867,-45.86632036,0.44909199,1.08878388,2.62323765,1.85681565,-1.85319010,-0.05167833,-0.11253573,0.05000284,9.96492177,-0.23350128,0.23975958,1.80017244,4
117.37869929,31.96323181,41.53598146,7.28502429,131.73504902,41.53498146,-45.96611504,0.44331701,1.09880091,2.62261590,1.85426319,-1.85489622,-0.05217828,-0.07479669,0.04996980,10.01887518,-0.26226416,0.09480578,1.67668252,4
117.37869854,31.96323245,41.53645672,7.35454330,131.66302378,41.53545672,-46.05939810,0.43055816,1.10887466,2.63178810,1.85885076,-1.86341794,-0.05291343,-0.02260282,0.03673130,9.85807404,-0.40445123,0.50062238,1.48385312,4
117.37869779,31.96323310,41.53686643,7.42394964,131.59088883,41.53586643,-46.14611441,0.41664018,1.12083675,2.64195028,1.86420644,-1.87257966,-0.05375365,0.02712103,0.02283755,9.67816391,-0.55538453,0.97014326,1.28611170,4
117.37869704,31.96323373,41.53751228,7.49325159,131.51865216,41.53651228,-46.22619106,0.40317693,1.15304517,2.64461857,1.86459592,-1.87600205,-0.05529007,0.02349020,0.02636660,9.69061464,-0.59029041,1.10461067,1.16385414,4
117.37869628,31.96323436,41.53830444,7.56245760,131.44632183,41.53730444,-46.29955817,0.38986923,1.19786567,2.64258816,1.86187786,-1.87581853,-0.05725770,-0.01436393,0.04004363,9.82396763,-0.55335585,1.01790748,1.09241923,4
117.37869553,31.96323499,41.53901466,7.63157622,131.37390594,41.53801466,-46.36616178,0.37470562,1.23665303,2.64235249,1.86043705,-1.87690838,-0.05898324,-0.04990022,0.03894738,9.91509176,-0.55662423,0.86019539,1.05069232,4
117.37869479,31.96323563,41.53945302,7.70061607,131.30141260,41.53845302,-46.42595072,0.35453698,1.25476171,2.64860737,1.86353020,-1.88270132,-0.05990603,-0.06685567,-0.00525154,9.84972844,-0.69319084,0.59303098,1.06988247,4
117.37869405,31.96323627,41.53984433,7.76958590,131.22884999,41.53884433,-46.47885154,0.33367639,1.26770232,2.65504472,1.86673670,-1.88862623,-0.06060553,-0.08312850,-0.05488507,9.76183724,-0.82677409,0.29930809,1.09404891,4
117.37869329,31.96323690,41.54025066,7.83849457,131.15622634,41.53925066,-46.52476418,0.31497070,1.26431454,2.65081557,1.86233582,-1.88682074,-0.06042240,-0.12821964,-0.08004952,9.73218830,-0.66740709,-0.07253743,1.05388868,4
117.37869253,31.96323753,41.54067440,7.90735110,131.08355004,41.53967440,-46.56358376,0.29815093,1.24990936,2.64012234,1.85333244,-1.88032220,-0.05965119,-0.18770060,-0.08725457,9.74268605,-0.32957596,-0.47960497,0.97234229,4
117.37869178,31.96323815,41.54120008,7.97616462,131.01082958,41.54020008,-46.59522184,0.28794608,1.22851067,2.63450624,1.84805222,-1.87739367,-0.05859984,-0.19299408,-0.06489832,9.78931034,-0.11895882,-0.68983230,0.88980408,4
117.37869103,31.96323877,41.54195020,8.04494439,130.93807351,41.54095020,-46.61960199,0.29207672,1.19476578,2.64235263,1.85260162,-1.88397713,-0.05709959,-0.07158804,0.01854920,9.90493281,-0.25079962,-0.44509125,0.81790708,4
117.37869030,31.96323942,41.54269788,8.11369978,130.86529052,41.54169788,-46.63663329,0.29724444,1.16168275,2.65216380,1.85860588,-1.89194194,-0.05564991,0.06646186,0.10072583,10.01472936,-0.43546523,-0.12163008,0.74342475,4
117.37868952,31.96324004,41.54296997,8.18244026,130.79248937,41.54196997,-46.64619843,0.28520244,1.16062067,2.65680524,1.86105870,-1.89617920,-0.05565783,0.13544286,0.04656017,9.92188590,-0.52007186,0.16369068,0.61886077,4
117.37868875,31.96324066,41.54300000,8.25117547,130.71967905,41.54200000,-46.64817276,0.26476126,1.17592907,2.65919307,1.86197821,-1.89876906,-0.05641660,0.16693465,-0.07043517,9.73372926,-0.55051991,0.42403246,0.46951882,4
117.37868800,31.96324127,41.54300000,8.31991517,130.64686867,41.54200000,-46.64244709,0.24773768,1.19416369,2.66598021,1.86610583,-1.90425019,-0.05737934,0.16488267,-0.11391234,9.63066955,-0.53426438,0.61240526,0.32590240,4
117.37868725,31.96324190,41.54300000,8.38866926,130.57406750,41.54200000,-46.62892581,0.23785696,1.21383160,2.68026009,1.87567556,-1.91468856,-0.05851951,0.11655719,-0.02716640,9.68283294,-0.45397199,0.69046881,0.19638681,4
117.37868649,31.96324253,41.54300000,8.45744771,130.50128493,41.54200000,-46.60750610,0.23009043,1.23381323,2.69441592,1.88525953,-1.92491317,-0.05967233,0.05895904,0.07146189,9.75773180,-0.36066214,0.73364010,0.05393537,4
117.37868572,31.96324315,41.54300000,8.52626062,130.42853054,41.54200000,-46.57806912,0.23172644,1.25447214,2.69187268,1.88389869,-1.92259486,-0.06060845,-0.00951651,0.03906072,9.77375913,-0.25016514,0.60596377,-0.26464824,4
117.37868496,31.96324376,41.54298803,8.59511819,130.35581406,41.54198803,-46.54049774,0.23735113,1.27417262,2.68303334,1.87847215,-1.91550272,-0.06140691,-0.07895415,-0.03986819,9.76800588,-0.13346116,0.40409895,-0.65233472,4
117.37868418,31.96324438,41.54282538,8.66403074,130.28314545,41.54182538,-46.49469170,0.24535693,1.27836824,2.67988094,1.87753876,-1.91211931,-0.06157473,-0.10518650,-0.03799328,9.78753966,-0.02603646,0.13740054,-1.01399139,4
117.37868342,31.96324500,41.54246642,8.73300868,130.21053476,41.54146642,-46.44055943,0.25594030,1.26232089,2.68507090,1.88307090,-1.91426865,-0.06093284,-0.07450746,0.07648511,9.84330598,0.06832464,-0.20422397,-1.33186201,4
117.37868265,31.96324562,41.54212134,8.80206245,130.13799226,41.54112134,-46.37800145,0.26635165,1.24258712,2.69101477,1.88929890,-1.91679683,-0.06013935,-0.02957837,0.19336621,9.89271431,0.14400149,-0.51536499,-1.63472864,4
117.37868188,31.96324625,41.54236238,8.87120261,130.06552836,41.54136238,-46.30690940,0.26920856,1.22283989,2.68791083,1.88983862,-1.91188734,-0.05929647,0.06128806,0.09635627,9.78904437,0.02722225,-0.30571725,-1.85558991,4
117.37868112,31.96324687,41.54276435,8.94043978,129.99315369,41.54176435,-46.22718338,0.27015171,1.20398886,2.68305891,1.88936248,-1.90542319,-0.05848619,0.16027224,-0.05535944,9.65155077,-0.13599380,0.04465653,-2.05225128,4
117.37868037,31.96324750,41.54296994,9.00978463,129.92087906,41.54196994,-46.13873629,0.27565974,1.19657091,2.69058153,1.89771905,-1.90763840,-0.05827895,0.18678357,-0.08434575,9.66952027,-0.15340517,0.19172233,-2.25490132,4
117.37867962,31.96324812,41.54300000,9.07924787,129.84871542,41.54200000,-46.04148135,0.28511256,1.19880593,2.70863420,1.91358337,-1.91725226,-0.05858005,0.15136376,-0.00660817,9.82046967,-0.04541051,0.15836456,-2.46426970,4
117.37867888,31.96324875,41.54300000,9.14884027,129.77667394,41.54200000,-45.93533216,0.29413434,1.20206977,2.72602818,1.92910941,-1.92625492,-0.05888942,0.10890426,0.07354928,9.96462807,0.05332767,0.09176570,-2.68615281,4
117.37867812,31.96324938,41.54300000,9.21857259,129.70476595,41.54200000,-45.82021862,0.29481309,1.20062618,2.72485673,1.93239564,-1.92108727,-0.05860436,0.09329600,0.03409381,9.88574834,-0.07987130,0.00731199,-2.99422261,4
117.37867735,31.96325000,41.54300000,9.28845562,129.63300292,41.54200000,-45.69608736,0.29349678,1.19725561,2.72009920,1.93341194,-1.91309792,-0.05816559,0.08458953,-0.02825927,9.76118909,-0.25150940,-0.08652482,-3.32743064,4
117.37867660,31.96325062,41.54300000,9.35850010,129.56139649,41.54200000,-45.56288139,0.29159450,1.18286986,2.72542750,1.94232696,-1.91168732,-0.05753150,0.08421099,-0.02280818,9.72328202,-0.21204273,-0.24964372,-3.72643844,4
117.37867584,31.96325124,41.54300359,9.42871678,129.48995844,41.54200359,-45.42053328,0.28935475,1.16134957,2.73711353,1.95624461,-1.91439964,-0.05676696,0.08971645,0.02612528,9.74204802,-0.04016910,-0.45342885,-4.16765388,4
117.37867509,31.96325187,41.54307547,9.49911638,129.41870076,41.54207547,-45.26898895,0.28783615,1.13840349,2.74675969,1.96902517,-1.91531182,-0.05590136,0.10558886,0.07536648,9.78208240,0.07618332,-0.58634619,-4.61034978,4
117.37867434,31.96325250,41.54343573,9.56970958,129.34763554,41.54243573,-45.10822615,0.28961440,1.11416324,2.74346401,1.97361440,-1.90579949,-0.05469281,0.16166707,0.09681490,9.87475445,-0.13250502,-0.39025975,-5.03104611,4
117.37867358,31.96325313,41.54383013,9.64050698,129.27677499,41.54283013,-44.93823208,0.29092604,1.09088736,2.73837804,1.97720840,-1.89466999,-0.05349232,0.22660879,0.10811488,9.96844184,-0.41338652,-0.12009609,-5.43525952,4
117.37867282,31.96325375,41.54370504,9.71151909,129.20613146,41.54270504,-44.75896988,0.27410352,1.08589826,2.75290129,1.99516445,-1.89685541,-0.05360416,0.27755257,0.07171764,9.89300169,-0.58921644,0.05805764,-5.68062841,4
117.37867207,31.96325437,41.54335502,9.78275636,129.13571743,41.54235502,-44.57039783,0.24918098,1.08938007,2.77597709,2.01940096,-1.90482282,-0.05431325,0.32120845,0.01478970,9.74474656,-0.71055180,0.19419907,-5.85087361,4
117.37867132,31.96325501,41.54316976,9.85422917,129.06554555,41.54216976,-44.37248422,0.22570899,1.09662877,2.79392252,2.04016285,-1.90887100,-0.05510914,0.34809763,-0.02495733,9.65712473,-0.70953938,0.32187104,-5.96172332,4
117.37867057,31.96325565,41.54347606,9.92594782,128.99562863,41.54247606,-44.16529298,0.20838578,1.11109028,2.79609576,2.05009302,-1.90109850,-0.05595212,0.33386459,-0.01429277,9.74748280,-0.40897154,0.44001223,-5.94144463,4
117.37866982,31.96325628,41.54390130,9.99792236,128.92597930,41.54290130,-43.95025634,0.19308855,1.12717967,2.79526839,2.05795118,-1.89107892,-0.05680260,0.30836765,0.00860054,9.87349647,-0.07402282,0.54756566,-5.88886002,4
117.37866907,31.96325692,41.54429708,10.07016081,128.85660553,41.54329708,-43.72721974,0.18559052,1.14107592,2.80797681,2.07496929,-1.89118855,-0.05759416,0.26522851,0.02882922,9.87486362,-0.34185695,0.52905606,-5.83560605,4
117.37866834,31.96325756,41.54468344,10.14267326,128.78752070,41.54368344,-43.49473566,0.17982144,1.15405803,2.82492209,2.09484382,-1.89448341,-0.05835312,0.21711628,0.04782103,9.83354677,-0.81771622,0.46468166,-5.78595906,4
117.37866760,31.96325820,41.54508294,10.21546957,128.71873804,41.54408294,-43.25286374,0.15663483,1.16427351,2.83358487,2.10889363,-1.89187266,-0.05889307,0.18967198,0.06119043,9.80274736,-1.27046996,0.36297091,-5.80490502,4
117.37866687,31.96325885,41.54550948,10.28855945,128.65027093,41.54450948,-43.00161200,0.09852393,1.16907042,2.82527829,2.11102204,-1.87714442,-0.05900067,0.20404214,0.06323854,9.79798482,-1.65096247,0.19310657,-5.96044457,4
117.37866615,31.96325950,41.54593908,10.36195246,128.58213284,41.54493908,-42.74099298,0.03166913,1.17228476,2.81501708,2.11185954,-1.86089348,-0.05902848,0.22861316,0.05237828,9.79750585,-1.97055452,0.03645959,-6.16071490,4
117.37866541,31.96326013,41.54633374,10.43565800,128.51433731,41.54533374,-42.47102092,-0.03673970,1.17300000,2.82768706,2.12969074,-1.85966994,-0.05933374,0.25202448,-0.06248674,9.77496940,-1.84907059,0.18792085,-6.47503467,4
117.37866468,31.96326078,41.54670358,10.50968531,128.44689801,41.54570358,-42.19172337,-0.10466983,1.17339201,2.84636328,2.15201555,-1.86232468,-0.05972758,0.27527115,-0.20205212,9.74855914,-1.59788268,0.42288582,-6.82285038,4
117.37866396,31.96326144,41.54678132,10.58404345,128.37982866,41.54578132,-41.90312287,-0.15395409,1.18141573,2.85401621,2.16691807,-1.85672408,-0.06029657,0.30155010,-0.24159638,9.76991145,-1.28156555,0.56448755,-7.18394907,4
117.37866325,31.96326210,41.54644275,10.65874127,128.31314308,41.54544275,-41.60523388,-0.17701186,1.20021852,2.84617571,2.17140703,-1.83949368,-0.06111449,0.33168704,-0.13954109,9.85764682,-0.88291131,0.57309510,-7.56402098,4
117.37866254,31.96326277,41.54601235,10.73378749,128.24685521,41.54501235,-41.29808388,-0.20260832,1.21918900,2.83998636,2.17750060,-1.82280805,-0.06197531,0.35201189,-0.02833769,9.92090278,-0.70878356,0.55442349,-7.95129651,4
117.37866183,31.96326343,41.54561638,10.80919056,128.18097907,41.54461638,-40.98171656,-0.26320208,1.22852150,2.85509898,2.19985325,-1.81938362,-0.06276724,0.32985801,-0.01611195,9.82406138,-1.50062151,0.55475427,-8.34842812,4
117.37866112,31.96326410,41.54522926,10.88495873,128.11552872,41.54422926,-40.65616694,-0.33397174,1.23522569,2.87566317,2.22640409,-1.81929794,-0.06353204,0.29737952,-0.03504763,9.68682689,-2.51652620,0.55790407,-8.74101558,4
117.37866042,31.96326477,41.54482041,10.96110005,128.05051835,41.54382041,-40.32145536,-0.40714169,1.24485271,2.88229438,2.24308009,-1.80941144,-0.06414382,0.30402755,-0.11049043,9.66630798,-2.41974134,0.50617680,-8.97987247,4
117.37865975,31.96326547,41.54439111,11.03762234,127.98596226,41.54339111,-39.97761185,-0.48192245,1.25722229,2.87595922,2.25058482,-1.79037413,-0.06461292,0.34807864,-0.23781241,9.75674251,-1.27882065,0.40631712,-9.07224011,4
117.37865908,31.96326617,41.54397001,11.11453317,127.92187481,41.54297001,-39.62468480,-0.54052125,1.26879790,2.87515572,2.26227217,-1.77473947,-0.06513017,0.39889992,-0.32515696,9.85372167,-0.39066414,0.39640979,-9.14519590,4
117.37865838,31.96326684,41.54358031,11.19183987,127.85827047,41.54258031,-39.26271859,-0.55855458,1.27697427,2.89470012,2.28899561,-1.77225909,-0.06583940,0.44662295,-0.28725721,9.90842597,-0.67028480,0.63208029,-9.24729296,4
117.37865768,31.96326752,41.54319783,11.26954949,127.79516378,41.54219783,-38.89174853,-0.56675818,1.28542317,2.91904664,2.31925866,-1.77285781,-0.06665711,0.49097677,-0.21783674,9.94683403,-1.25584131,0.93629947,-9.35123357,4
117.37865700,31.96326821,41.54278616,11.34766883,127.73256939,41.54178616,-38.51181565,-0.60316334,1.31922451,2.92650004,2.33683041,-1.76203084,-0.06864025,0.48246185,-0.21106386,9.88757824,-1.50995968,1.25888404,-9.32522992,4
117.37865636,31.96326893,41.54234168,11.42620441,127.67050207,41.54134168,-38.12296157,-0.66178934,1.37273350,2.92108910,2.34473031,-1.74250090,-0.07153292,0.43236610,-0.25262660,9.75586809,-1.51021574,1.58663578,-9.19780188,4
117.37865571,31.96326964,41.54167703,11.50516246,127.60897666,41.54067703,-37.72521711,-0.72609150,1.42550797,2.92205604,2.35729007,-1.72720282,-0.07447074,0.37341538,-0.28426773,9.70255011,-1.60389101,1.71624159,-9.06548280,4
117.37865503,31.96327034,41.54063466,11.58454894,127.54800815,41.53963466,-37.31861529,-0.79301046,1.47042799,2.93857620,2.38131316,-1.72226931,-0.07718581,0.31272649,-0.28225678,9.81168063,-1.94733833,1.49480575,-8.95839454,4
117.37865435,31.96327103,41.53950096,11.66436951,127.48761163,41.53850096,-36.90320527,-0.86084875,1.51291503,2.95763612,2.40713624,-1.71906451,-0.07979590,0.25415989,-0.27816696,9.94827086,-2.31533779,1.19349206,-8.86208868,4
117.37865372,31.96327176,41.53849169,11.74462947,127.42780228,41.53749169,-36.47903355,-0.93253585,1.54648170,2.94801861,2.41022941,-1.69770590,-0.08142447,0.24693863,-0.40267490,9.80462293,-1.90289798,1.09431913,-8.85211290,4
117.37865312,31.96327249,41.53755477,11.82533382,127.36859543,41.53655477,-36.04612456,-1.00413323,1.57517151,2.92175484,2.40014083,-1.66576736,-0.08248963,0.27266703,-0.59719523,9.49980602,-1.01697722,1.13497325,-8.90344646,4
117.37865249,31.96327322,41.53651803,11.90648725,127.31000653,41.53551803,-35.60450000,-1.02856491,1.61667191,2.91695370,2.40739213,-1.64646701,-0.08442856,0.32052553,-0.60664288,9.43326804,-0.31851324,1.45742121,-9.10616929,4
117.37865182,31.96327394,41.53536692,11.98809410,127.25205118,41.53436692,-35.15419642,-1.00464984,1.67211280,2.93683097,2.43454124,-1.64181922,-0.08735495,0.38577293,-0.41510223,9.63694814,0.11170075,2.04637210,-9.45437037,4
117.37865119,31.96327465,41.53414363,12.07015835,127.19474511,41.53314363,-34.69524388,-0.97224542,1.73378375,2.96023219,2.46461677,-1.63909631,-0.09063068,0.44610855,-0.20006372,9.89076276,0.44688855,2.65471640,-9.83944985,4
117.37865062,31.96327542,41.53212242,12.15268363,127.13810420,41.53112242,-34.22765274,-0.96687758,1.85002620,2.95661210,2.47437965,-1.61746904,-0.09625723,0.36648825,-0.29020228,10.03800968,0.15007957,2.66782249,-10.33097409,4
117.37865008,31.96327619,41.52984585,12.23567323,127.08214450,41.52884585,-33.75143299,-0.96965270,1.97810016,2.94618592,2.47907843,-1.59097211,-0.10241065,0.24836312,-0.45923729,10.13686959,-0.30205344,2.49012573,-10.84745911,4
117.37864949,31.96327696,41.52707533,12.31913005,127.02688224,41.52607533,-33.26659739,-0.98131138,2.04537329,2.94938899,2.49477921,-1.57237933,-0.10622848,0.14668704,-0.50800332,9.92533957,-0.36833624,1.92390492,-11.27443113,4
117.37864888,31.96327769,41.52405009,12.40305661,126.97233380,41.52305009,-32.77314424,-0.99777205,2.07797354,2.95972908,2.51623346,-1.55791759,-0.10868517,0.05559362,-0.48785743,9.54485899,-0.21731774,1.14474175,-11.65092879,4
117.37864831,31.96327845,41.52141908,12.48745506,126.91851580,41.52041908,-32.27107184,-1.01101870,2.09774168,2.96006799,2.52970139,-1.53710129,-0.11006374,-0.00858583,-0.43394080,9.25602293,-0.03500673,0.44414526,-12.02666201,4
117.37864781,31.96327925,41.52048346,12.57232715,126.86544499,41.51948346,-31.76039279,-1.00900915,2.08581748,2.91749011,2.50888239,-1.48918812,-0.10794160,0.02819750,-0.28688511,9.42563030,0.14356918,0.17080773,-12.42591570,4
117.37864732,31.96328005,41.51985467,12.65767417,126.81313832,41.51885467,-31.24110447,-1.00586855,2.06050062,2.87666019,2.48971331,-1.44139605,-0.10503543,0.09838906,-0.15675101,9.74423136,0.19482807,-0.04026231,-12.79827821,4
117.37864676,31.96328082,41.51875079,12.74349701,126.76161293,41.51775079,-30.71318649,-1.01341004,2.01370060,2.88523648,2.51106292,-1.42084234,-0.10250159,0.20042841,-0.18553906,10.19676702,-0.25279494,-0.43071683,-13.04236160,4
117.37864620,31.96328159,41.51753563,12.82979613,126.71088619,41.51653563,-30.17663288,-1.02799837,1.96216730,2.90406979,2.54082455,-1.40583497,-0.10007127,0.30889050,-0.25694095,10.63382183,-0.83223002,-0.81829853,-13.23638112,4
117.37864571,31.96328238,41.51641649,12.91657151,126.66097563,41.51541649,-29.63144173,-1.10863707,1.91943063,2.89393584,2.54673327,-1.37340485,-0.09783298,0.39518704,-0.37929787,10.34087970,-1.53981581,-0.49724425,-13.15271666,4
117.37864527,31.96328320,41.51540372,13.00382268,126.61189899,41.51440372,-29.07760159,-1.22877764,1.88273495,2.86723019,2.53895730,-1.33099110,-0.09579014,0.45998417,-0.52685265,9.60661446,-2.24543427,0.22019783,-12.89710414,4
117.37864476,31.96328400,41.51504098,13.09154864,126.56367419,41.51404098,-28.51510562,-1.30582385,1.85157581,2.87048779,2.55532184,-1.30629489,-0.09479445,0.41898555,-0.56415905,9.28074258,-1.71933034,0.07304815,-12.73735235,4
117.37864422,31.96328478,41.51500000,13.17974793,126.51631931,41.51400000,-27.94394390,-1.35651437,1.82250318,2.88909485,2.58401645,-1.29075620,-0.09423068,0.32762989,-0.54387034,9.21817299,-0.59222953,-0.51956824,-12.64357442,4
117.37864372,31.96328557,41.51500000,13.26841852,126.46985266,41.51400000,-27.36409475,-1.38341697,1.78971910,2.89063044,2.59800171,-1.26608447,-0.09237640,0.25612582,-0.52312376,9.51441426,0.22372858,-0.76492256,-12.61351108,4
117.37864327,31.96328637,41.51491121,13.35755790,126.42429270,41.51391121,-26.77553579,-1.37672964,1.75111950,2.86081548,2.58515545,-1.22438853,-0.08834564,0.23310096,-0.51430958,10.33636260,0.34420262,-0.31340565,-12.67519437,4
117.37864280,31.96328718,41.51341535,13.44716301,126.37965809,41.51241535,-26.17824933,-1.38962659,1.72804421,2.84828097,2.58690464,-1.19136751,-0.08619228,0.26910052,-0.50888995,10.69810047,-0.08656445,0.26683319,-12.69642599,4
117.37864228,31.96328797,41.51006859,13.53723024,126.33596765,41.50906859,-25.57221435,-1.43876314,1.72778818,2.86795275,2.61595228,-1.17489414,-0.08720189,0.36962704,-0.50493163,10.29078452,-1.04566220,0.81506593,-12.63560489,4
117.37864177,31.96328876,41.50658430,13.62775541,126.29324037,41.50558430,-24.95740056,-1.49885292,1.74107429,2.88922195,2.64620875,-1.15923831,-0.08906017,0.47441352,-0.51358869,9.79273966,-1.94415206,1.37172106,-12.53267055,4
117.37864137,31.96328959,41.50503877,13.71873378,126.25149539,41.50403877,-24.33377628,-1.58510748,1.82281568,2.87086672,2.64181295,-1.12305660,-0.09239956,0.50644308,-0.61765160,9.83823855,-1.51662469,2.04394024,-12.23679691,4
117.37864097,31.96329042,41.50409930,13.81016006,126.21075202,41.50309930,-23.70131500,-1.66909983,1.92125167,2.85164713,2.63640034,-1.08650226,-0.09646381,0.49727255,-0.73055503,9.96451252,-0.87656329,2.62930308,-11.93873859,4
117.37864050,31.96329121,41.50357863,13.90202835,126.17102969,41.50257863,-23.05998809,-1.71913720,2.01733693,2.86812507,2.66128839,-1.06851609,-0.10189921,0.40064487,-0.78418759,9.86656412,-0.72097573,2.76912507,-11.82068128,4
117.37864003,31.96329200,41.50309330,13.99433215,126.13234794,41.50209330,-22.40978807,-1.75868095,2.11175735,2.89123984,2.69158946,-1.05438065,-0.10754321,0.27864687,-0.81617734,9.71731870,-0.66477419,2.76947156,-11.75730474,4
117.37863967,31.96329281,41.50103097,14.08706434,126.09472637,41.50003097,-21.80092001,-1.76640934,2.19749837,2.86506479,2.67697104,-1.01919407,-0.11100723,0.07725889,-0.71768109,9.67587329,-0.08149156,2.24052503,-11.86375388,4
117.37863938,31.96329363,41.49811011,14.18011577,126.05803633,41.49711011,-21.19826954,-1.75679948,2.27573445,2.81326384,2.63895493,-0.97313260,-0.11318221,-0.15892147,-0.55094158,9.69502881,0.74454617,1.42889996,-12.06187915,4
117.37863902,31.96329443,41.49519391,14.27349197,126.02242234,41.49419391,-20.55174310,-1.74909602,2.29015604,2.79301430,2.62903276,-0.94116510,-0.11314013,-0.19234819,-0.45649830,9.75254681,0.47905478,0.76072027,-12.23510854,4
117.37863862,31.96329518,41.49235877,14.36718515,125.98790134,41.49135877,-19.89654825,-1.74440359,2.26969563,2.79148853,2.63578593,-0.91760566,-0.11194477,-0.11225759,-0.40984148,9.82119880,-0.37085048,0.19733485,-12.38533047,4
117.37863830,31.96329598,41.48910843,14.46118748,125.95449030,41.48810843,-19.23257385,-1.74848127,2.22170699,2.76996691,2.62453565,-0.88451339,-0.10877938,-0.01345200,-0.41415872,9.79529903,-0.56037388,-0.42366765,-12.53054813,4
117.37863808,31.96329686,41.48530280,14.55549115,125.92220619,41.48430280,-18.55971481,-1.76417593,2.13795702,2.71904609,2.58676855,-0.83755414,-0.10295831,0.09839282,-0.48300475,9.63981939,0.24314688,-1.11438869,-12.66806684,4
117.37863783,31.96329772,41.48189704,14.65008834,125.89106596,41.48089704,-17.87787265,-1.76612366,2.03999856,2.69412732,2.57270208,-0.79990198,-0.09738208,0.20144295,-0.47524167,9.64720611,0.59055230,-1.37319931,-12.76701912,4
117.37863746,31.96329855,41.47914167,14.74497126,125.86108658,41.47814167,-17.18695603,-1.74780666,1.94195239,2.71137688,2.59703628,-0.77848236,-0.09326228,0.28901548,-0.35424626,9.89193750,-0.02475696,-1.10339223,-12.82267171,4
117.37863716,31.96329940,41.47597455,14.84013208,125.83228501,41.47497455,-16.48688137,-1.74558203,1.86230012,2.71241555,2.60628919,-0.75036637,-0.08960443,0.36160346,-0.31944315,9.95833506,-0.39220793,-0.69987736,-12.79370552,4
117.37863696,31.96330027,41.47210762,14.93556299,125.80467820,41.47110762,-15.77757346,-1.76995933,1.81223577,2.68434082,2.58852440,-0.71039332,-0.08655331,0.40822206,-0.42419440,9.72752459,-0.24694789,-0.18110305,-12.64089313,4
117.37863671,31.96330115,41.46841342,15.03125618,125.77828313,41.46741342,-15.05896605,-1.78424026,1.77740074,2.67310606,2.58605257,-0.67702720,-0.08454669,0.39238898,-0.42879156,9.59978326,-0.02854946,0.06883052,-12.49538898,4
117.37863636,31.96330200,41.46521435,15.12720384,125.75311674,41.46421435,-14.33100257,-1.77541483,1.74963023,2.69343651,2.61238142,-0.65632079,-0.08356906,0.30712611,-0.25564545,9.72605723,0.05818910,-0.07616785,-12.41405932,4
117.37863608,31.96330286,41.46184830,15.22339815,125.72919602,41.46084830,-13.59363670,-1.77722983,1.71510720,2.68564470,2.61170344,-0.62607855,-0.08162684,0.22699466,-0.19831219,9.85233459,-0.08943821,-0.25277165,-12.39358488,4
117.37863588,31.96330376,41.45826856,15.31983130,125.70653790,41.45726856,-12.84683312,-1.79580045,1.66595012,2.64174610,2.57622403,-0.58364916,-0.07821462,0.15875594,-0.30921143,9.94338745,-0.51060556,-0.51817016,-12.45453513,4
117.37863561,31.96330465,41.45478983,15.41649548,125.68515936,41.45378983,-12.09056817,-1.82027869,1.59363530,2.62052132,2.56200033,-0.54885217,-0.07446335,0.11084184,-0.41724161,9.87052910,-0.61447346,-0.98588325,-12.48136195,4
117.37863526,31.96330553,41.45150444,15.51338288,125.66507736,41.45050444,-11.32483052,-1.84618336,1.49483896,2.62616486,2.57303373,-0.52317276,-0.07029416,0.09785513,-0.48649041,9.65604885,-0.35307232,-1.60201644,-12.46019418,4
117.37863507,31.96330643,41.44854848,15.61048568,125.64630886,41.44754848,-10.54962188,-1.86067096,1.36315623,2.60307807,2.55633364,-0.48821915,-0.06373827,0.19740422,-0.53207866,9.62960381,-0.27538031,-1.83929814,-12.46507316,4
117.37863496,31.96330734,41.44589447,15.70779607,125.62887082,41.44489447,-9.76495768,-1.86815691,1.21459109,2.56513028,2.52524339,-0.44769900,-0.05581064,0.38865739,-0.56666767,9.80004898,-0.45767452,-1.53135016,-12.47576413,4
117.37863471,31.96330825,41.44308863,15.80530624,125.61278020,41.44208863,-8.97086780,-1.89032032,1.11484114,2.56831884,2.53375310,-0.41855983,-0.05106175,0.48987814,-0.63696760,9.92036401,-0.74108154,-0.97654050,-12.42549881,4
117.37863446,31.96330915,41.44054225,15.90300837,125.59805397,41.43954225,-8.16739715,-1.92370184,1.04844660,2.58437012,2.55432210,-0.39317876,-0.04823611,0.50716375,-0.70602512,9.93815487,-0.92138750,-0.46051714,-12.30244832,4
117.37863436,31.96331008,41.43882546,16.00089466,125.58470908,41.43782546,-7.35460640,-1.96274918,0.99549511,2.57689775,2.55144513,-0.36181925,-0.04572631,0.44987138,-0.72660256,9.79968800,-0.74725709,-0.35410504,-12.09679370,4
117.37863422,31.96331102,41.43752484,16.09895729,125.57276249,41.43652484,-6.53257258,-1.99777097,0.95086384,2.56923684,2.54783073,-0.33089246,-0.04370306,0.37563538,-0.74319493,9.70990352,-0.58298983,-0.32618435,-11.90051074,4
117.37863398,31.96331194,41.43604897,16.19718845,125.56223118,41.43504897,-5.70138970,-2.02421522,0.90770806,2.57767385,2.55951121,-0.30488062,-0.04208132,0.34043887,-0.80094260,9.80984646,-0.71957654,-0.08538096,-11.78848785,4
117.37863382,31.96331288,41.43416711,16.29558033,125.55313209,41.43316711,-4.86116926,-2.06038055,0.87186154,2.56766815,2.55279380,-0.27548400,-0.04043718,0.31323443,-0.90235956,9.87898314,-0.83843745,0.05900198,-11.70199617,4
117.37863378,31.96331383,41.43167781,16.39412510,125.54548219,41.43067781,-4.01204083,-2.11297976,0.84373333,2.52954679,2.51821739,-0.24018203,-0.03853963,0.29294925,-1.01788743,9.81596378,-0.83325428,-0.01291487,-11.58505651,4
117.37863362,31.96331478,41.42874625,16.49281497,125.53929845,41.42774625,-3.15415248,-2.15825784,0.80609115,2.51831166,2.50972965,-0.21049036,-0.03650595,0.33185765,-1.00679823,9.76475348,-1.01940071,0.02172657,-11.35027062,4
117.37863344,31.96331574,41.42560866,16.59164212,125.53459781,41.42460866,-2.28767123,-2.20394563,0.76990640,2.52201026,2.51557149,-0.18431340,-0.03473576,0.39151681,-0.95677579,9.77254575,-1.33052529,0.23794486,-11.04817035,4
117.37863346,31.96331670,41.42227835,16.69059873,125.53139726,41.42127835,-1.41278332,-2.28222200,0.76861562,2.49308022,2.48867063,-0.15284250,-0.03408771,0.38506634,-1.07178889,9.83721711,-1.52206605,0.63455313,-10.76619576,4
117.37863348,31.96331769,41.41891279,16.78967700,125.52971374,41.41791279,-0.52969459,-2.37006222,0.78010642,2.46511598,2.46241775,-0.12172450,-0.03421911,0.31318528,-1.18330990,9.81524730,-1.61993055,0.83717548,-10.54536505,4
117.37863336,31.96331867,41.41553702,16.88886910,125.52956421,41.41453702,0.36136942,-2.44325594,0.77867778,2.46826794,2.46669827,-0.09650083,-0.03452168,0.19598680,-1.12308166,9.61763933,-1.62315052,0.51478531,-10.39425539,4
117.37863338,31.96331964,41.41144061,16.98816724,125.53096565,41.41044061,1.26016331,-2.51585278,0.76288779,2.43950431,2.43885828,-0.06818696,-0.03354332,0.13604417,-1.09334173,9.65024751,-1.29961155,0.18355338,-10.13778671,4
117.37863350,31.96332062,41.40667328,17.08756358,125.53393500,41.40567328,2.16642181,-2.57976552,0.72394626,2.37988900,2.37977720,-0.03693219,-0.03089253,0.17412935,-1.13309571,9.93757486,-0.79417552,0.01305885,-9.77227026,4
117.37863344,31.96332162,41.40296714,17.18705034,125.53848924,41.40196714,3.07985987,-2.62300675,0.67680516,2.36880638,2.36880638,-0.01175358,-0.02888968,0.21748834,-1.15144439,9.91173688,-0.97411707,0.04604050,-9.54239230,4
117.37863355,31.96332260,41.39993149,17.28661968,125.54464532,41.39893149,4.00017284,-2.67871996,0.63455915,2.33950053,2.33946048,0.01399048,-0.02690174,0.24515293,-1.17067628,9.78009332,-1.15759355,0.18616620,-9.27784510,4
117.37863373,31.96332359,41.39758020,17.38626380,125.55242021,41.39658020,4.92703674,-2.74767111,0.60437973,2.29244369,2.29216463,0.04075861,-0.02513833,0.23323841,-1.20924309,9.66695115,-1.01637848,0.32473427,-8.91166186,4
117.37863376,31.96332460,41.39529866,17.48597488,125.56183086,41.39429866,5.86010869,-2.79694132,0.58004732,2.26774319,2.26688893,0.06479111,-0.02386865,0.19335182,-1.27911711,9.72369885,-0.75649523,0.30774954,-8.50024844,4
117.37863397,31.96332559,41.39227349,17.58574512,125.57289424,41.39127349,6.79902742,-2.83586545,0.55705009,2.21454897,2.21280537,0.08840565,-0.02217187,0.15352818,-1.34136399,9.94195725,-0.72383367,0.25040679,-8.05024025,4
117.37863417,31.96332659,41.38874162,17.68556670,125.58562731,41.38774162,7.74341386,-2.87570867,0.53245285,2.17177231,2.16883786,0.11040851,-0.02066234,0.09996317,-1.27377950,9.95016399,-1.06287297,0.40247964,-7.66355093,4
117.37863424,31.96332761,41.38518699,17.78543181,125.60004702,41.38418699,8.69287194,-2.91865603,0.51150842,2.15129541,2.14699679,0.12991500,-0.01978425,0.05817843,-1.18193308,9.78806647,-1.22739685,0.62279145,-7.24058925,4
117.37863445,31.96332860,41.38143558,17.88533263,125.61617035,41.38043558,9.64698939,-2.96274806,0.50157390,2.09167615,2.08598651,0.14842171,-0.01886290,0.08704459,-1.28930920,9.87019373,-0.62316890,0.55997273,-6.55275428,4
117.37863474,31.96332960,41.37734517,17.98526135,125.63401426,41.37634517,10.60533874,-3.00216818,0.49089812,2.02013669,2.01312079,0.16509845,-0.01787805,0.10251297,-1.36405837,9.92080088,-0.14645954,0.46003688,-5.86500249,4
117.37863505,31.96333060,41.37257649,18.08521016,125.65359569,41.37157649,11.56747838,-3.02692416,0.47416003,1.93346297,1.92520437,0.17779991,-0.01669772,0.07818863,-1.33216507,9.85215213,-0.10894597,0.36239204,-5.25563131,4
117.37863539,31.96333158,41.36737643,18.18517125,125.67493163,41.36637643,12.53295374,-3.02526540,0.44643482,1.83452670,1.82479763,0.18786699,-0.01496960,0.06413713,-1.31747529,9.80722642,-0.17292205,0.29021612,-4.72195655,4
117.37863576,31.96333258,41.36201416,18.28513681,125.69803902,41.36101416,13.50129855,-2.99249271,0.40287733,1.72124447,1.70979037,0.19515412,-0.01250708,0.07036168,-1.35472422,9.84995584,-0.07673280,0.20785417,-4.20031385,4
117.37863617,31.96333354,41.35591318,18.38509901,125.72293483,41.35491318,14.47203622,-2.95127992,0.34583810,1.56490445,1.55241540,0.19450612,-0.00980258,0.02049923,-1.25496541,9.81085616,0.02561904,0.05570969,-3.44763865,4
117.37863675,31.96333446,41.34639238,18.48505006,125.74963602,41.34539238,15.44468123,-2.89947966,0.28697026,1.31661988,1.30431307,0.17947748,-0.00704609,-0.00844336,-1.12606401,9.76146171,-0.06915899,0.11883739,-2.35524199,4
117.37863732,31.96333537,41.33395773,18.58498214,125.77815955,41.33295773,16.41874071,-2.83185043,0.24743106,1.00074702,0.98990840,0.14693411,-0.00471271,-0.01354095,-0.98906845,9.78093425,-0.25028414,0.17125702,-1.17960443,4
117.37863768,31.96333486,41.32282293,18.68488743,125.80852239,41.32182293,17.39371593,-2.77655306,0.18543562,0.58900333,0.58194005,0.08903536,-0.00220745,-0.01529507,-0.66050560,9.79662548,-0.30666135,0.07234587,-0.20038162,4
117.37863751,31.96333364,41.31645638,18.78475812,125.84074149,41.31545638,18.36910393,-2.76046298,0.10957348,0.26548203,0.26204628,0.04038205,-0.00029099,0.01116110,-0.42861503,9.79716780,-0.28114734,0.06920473,0.17420562,4
117.37863694,31.96333279,41.31684394,18.88458640,125.87483381,41.31584394,19.34439920,-2.75396776,0.07247796,0.15400365,0.15192562,0.02319720,0.00000000,0.01032876,-0.48974972,9.80545838,-0.22991152,0.07404928,0.00613514,4
117.37863648,31.96333182,41.31900000,18.98436445,125.91081633,41.31800000,19.83059745,-2.70900000,0.05700000,0.07600000,0.07500000,0.01100000,0.00000000,0.00500000,-0.50400000,9.80800000,-0.21200000,0.10100000,0.05000000,4
