longtitude,latitude,altitude,north,east,up,yaw,pitch,roll,vel_speed,vel_north,vel_east,vel_up,acc_x,acc_y,acc_z,gyro_x,gyro_y,gyro_z,rtk_status
117.37781592,31.96165701,41.15660146,-167.33956468,48.22381568,41.15460146,-72.14000106,1.98779481,-1.41697129,4.43381167,1.32343275,-4.23169677,0.07301961,0.68209577,0.39517147,10.11825539,-1.05801953,4.85388093,-0.69133289,4
117.37781492,31.96165729,41.15817807,-167.30888399,48.12864377,41.15617807,-72.12410274,1.95130751,-1.29331990,4.44642457,1.32793735,-4.24363396,0.06333471,0.60033720,0.33345839,9.90023255,-1.54226448,5.18834779,-0.61880876,4
117.37781391,31.96165757,41.15975468,-167.27817652,48.03348055,41.15775468,-72.10774785,1.91482031,-1.16966883,4.45903743,1.33244194,-4.25557114,0.05364983,0.51857884,0.27174546,9.68221025,-2.02650822,5.52281381,-0.54628481,4
117.37781290,31.96165785,41.16174853,-167.24744153,47.93832628,41.15974853,-72.09094389,1.87779456,-1.05792687,4.46634828,1.33520227,-4.26241569,0.04487578,0.42578407,0.24009541,9.52401424,-2.22970163,5.48036122,-0.48167193,4
117.37781190,31.96165812,41.16453894,-167.21667828,47.84318120,41.16253894,-72.07369613,1.83974059,-0.96891969,4.46353735,1.33463271,-4.25953816,0.03784049,0.31191990,0.26583687,9.48002929,-1.89635575,4.71835097,-0.43216146,4
117.37781089,31.96165839,41.16746044,-167.18588605,47.74804555,41.16546044,-72.05601210,1.80151730,-0.88365328,4.45906086,1.33351521,-4.25506086,0.03109129,0.19458841,0.30102227,9.45483777,-1.47472073,3.83793443,-0.38513598,4
117.37780988,31.96165866,41.17038358,-167.15506411,47.65291958,41.16838358,-72.03790673,1.76329168,-0.79843264,4.45456373,1.33239093,-4.25056373,0.02434560,0.07721329,0.33632474,9.42987869,-1.05199041,2.95604703,-0.33814096,4
117.37780887,31.96165892,41.17344662,-167.12421179,47.55780352,41.17144662,-72.01940680,1.72978482,-0.72610541,4.44827254,1.33086027,-4.24433995,0.01863284,-0.03113294,0.36504978,9.44070063,-0.71422348,2.11309241,-0.31890115,4
117.37780786,31.96165919,41.17695503,-167.09332846,47.46269757,41.17495503,-72.00055113,1.71129969,-0.69482293,4.43627052,1.32803599,-4.23261990,0.01620836,-0.11073561,0.37283640,9.56542365,-0.64692586,1.39408797,-0.38801456,4
117.37780685,31.96165946,41.18081790,-167.06241357,47.36760193,41.17881790,-71.98138616,1.70477052,-0.69620843,4.41972315,1.32418210,-4.21652525,0.01640106,-0.16746107,0.36395790,9.78080219,-0.79489795,0.77373555,-0.52744953,4
117.37780585,31.96165974,41.18468551,-167.03146665,47.27251676,41.18268551,-71.96196029,1.69840033,-0.69802848,4.40311516,1.32031449,-4.20037228,0.01662856,-0.22388274,0.35485762,9.99738859,-0.94573490,0.15468978,-0.66782117,4
117.37780484,31.96166002,41.18855132,-167.00048731,47.17744218,41.18655132,-71.94231807,1.69192033,-0.70003107,4.38652738,1.31645742,-4.18423738,0.01686919,-0.27953136,0.34554244,10.21230034,-1.09604281,-0.46248047,-0.80808970,4
117.37780384,31.96166031,41.19227428,-166.96947523,47.08237832,41.19027428,-71.92249681,1.67690336,-0.71622879,4.37152211,1.31342258,-4.16951830,0.01813050,-0.27502276,0.31951846,10.29683680,-1.20511173,-0.93340293,-0.94025169,4
117.37780283,31.96166060,41.19575523,-166.93843013,46.98732526,41.19375523,-71.90252783,1.64742204,-0.75647769,4.35919819,1.31178089,-4.15719819,0.02112120,-0.16858786,0.26518437,10.16047377,-1.24430753,-1.15653055,-1.05867783,4
117.37780183,31.96166089,41.19923293,-166.90735181,46.89228309,41.19723293,-71.88244001,1.61774567,-0.79705084,4.34691032,1.31015797,-4.14491032,0.02413520,-0.06077921,0.21046859,10.02113398,-1.28256222,-1.37632111,-1.17691958,4
117.37780083,31.96166118,41.20271064,-166.87624009,46.79725187,41.20071064,-71.86226396,1.58806917,-0.83762419,4.33462239,1.30853504,-4.13262239,0.02714923,0.04702998,0.15575253,9.88179351,-1.32081708,-1.59611273,-1.29516192,4
117.37779983,31.96166148,41.20635813,-166.84509485,46.70223165,41.20435813,-71.84203524,1.56505670,-0.87227616,4.32727188,1.30855376,-4.12497922,0.02968993,0.15044402,0.13308755,9.74215982,-1.23316053,-1.63478407,-1.38961698,4
117.37779883,31.96166178,41.21037196,-166.81391604,46.60722245,41.20837196,-71.82179427,1.55642514,-0.89414982,4.33057619,1.31211513,-4.12735929,0.03120920,0.24437292,0.17958774,9.60189414,-0.87379232,-1.28260439,-1.43273949,4
117.37779784,31.96166208,41.21451595,-166.78270368,46.51222426,41.21251595,-71.80158378,1.55290338,-0.91148315,4.33766637,1.31693528,-4.13330082,0.03236554,0.33493167,0.25066367,9.46140376,-0.41787944,-0.79154761,-1.45762262,4
117.37779684,31.96166238,41.21866167,-166.75145785,46.41723708,41.21666167,-71.78144527,1.54944861,-0.92875694,4.34480620,1.32177194,-4.13928907,0.03351713,0.42544638,0.32206203,9.32091019,0.03930045,-0.29866854,-1.48226657,4
117.37779584,31.96166267,41.22261858,-166.72017871,46.32226085,41.22061858,-71.76141559,1.54821885,-0.94090489,4.35302845,1.32685429,-4.14630540,0.03434447,0.50313149,0.38142371,9.22099438,0.43062759,0.15607732,-1.48920807,4
117.37779484,31.96166296,41.22590930,-166.68886647,46.22729551,41.22390930,-71.74152609,1.55483992,-0.93496641,4.36506991,1.33280352,-4.15694921,0.03402769,0.53554741,0.39831407,9.26425629,0.58959382,0.47626944,-1.43368703,4
117.37779384,31.96166325,41.22860882,-166.65752139,46.13234098,41.22660882,-71.72180398,1.56842816,-0.91297723,4.38050071,1.33952205,-4.17081224,0.03269559,0.52778947,0.37751351,9.43458041,0.54235276,0.67705267,-1.32273397,4
117.37779283,31.96166353,41.23130038,-166.62614376,46.03739717,41.22930038,-71.70227497,1.58211026,-0.89077188,4.39597718,1.34625095,-4.18471862,0.03134982,0.51949050,0.35620533,9.60661587,0.49233463,0.87622801,-1.21103428,4
117.37779183,31.96166382,41.23399194,-166.59473394,45.94246398,41.23199194,-71.68296623,1.59579234,-0.86856651,4.41145364,1.35297985,-4.19862501,0.03000403,0.51119153,0.33489716,9.77865132,0.44231649,1.07540335,-1.09933460,4
117.37779082,31.96166411,41.23624178,-166.56329231,45.84754128,41.23424178,-71.66390753,1.60946802,-0.84409588,4.42457377,1.35875127,-4.21046943,0.02843866,0.50157509,0.31205738,9.91412199,0.40061700,1.24049710,-0.99407381,4
117.37778982,31.96166440,41.23768393,-166.53181931,45.75262893,41.23568393,-71.64512990,1.62313199,-0.81548311,4.43338524,1.36277193,-4.21854347,0.02647174,0.48954959,0.28641700,9.98273232,0.37412848,1.34327112,-0.90058682,4
117.37778882,31.96166469,41.23902897,-166.50031543,45.65772677,41.23702897,-71.62666302,1.63679452,-0.78637235,4.44167864,1.36658208,-4.22616415,0.02445655,0.47723445,0.26043995,10.04330360,0.34946891,1.43855195,-0.80851564,4
117.37778782,31.96166497,41.24037282,-166.46878123,45.56283464,41.23837282,-71.60853228,1.65045699,-0.75725558,4.44996572,1.37038966,-4.23377931,0.02244077,0.46491583,0.23445882,10.10377687,0.32483165,1.53374136,-0.71646188,4
117.37778681,31.96166525,41.24157471,-166.43721727,45.46795235,41.23957471,-71.59075706,1.65964000,-0.72419243,4.45740085,1.37384191,-4.24057833,0.02004005,0.44511791,0.21620448,10.14442757,0.25741712,1.65194621,-0.63989979,4
117.37778581,31.96166553,41.24234701,-166.40562416,45.37307969,41.24034701,-71.57335196,1.65526679,-0.67918626,4.46225775,1.37621890,-4.24490748,0.01647438,0.40268540,0.22133356,10.12508930,0.06054550,1.83980304,-0.61021998,4
117.37778480,31.96166579,41.24279663,-166.37400253,45.27821648,41.24079663,-71.55632991,1.64071120,-0.62520943,4.46517810,1.37778821,-4.24738146,0.01203369,0.34325154,0.24402646,10.06069198,-0.23356415,2.07997695,-0.61575451,4
117.37778378,31.96166605,41.24324189,-166.34235301,45.18336251,41.24124189,-71.53970605,1.62601789,-0.57111134,4.46807223,1.37934659,-4.24983035,0.00758117,0.28358781,0.26695692,9.99568524,-0.52898869,2.32085814,-0.62176541,4
117.37778276,31.96166631,41.24368713,-166.31067629,45.08851755,41.24168713,-71.52350112,1.61132464,-0.51701344,4.47096635,1.38090496,-4.25227923,0.00312868,0.22392428,0.28988730,9.93067870,-0.82441220,2.56173851,-0.62777629,4
117.37778175,31.96166657,41.24436512,-166.27897309,44.99368137,41.24236512,-71.50774186,1.59474385,-0.46842895,4.47139563,1.38184904,-4.25233946,-0.00079344,0.17007028,0.30174869,9.87479049,-0.99269257,2.55826114,-0.62932138,4
117.37778074,31.96166684,41.24545411,-166.24724416,44.89885372,41.24345411,-71.49245788,1.57482964,-0.42958092,4.46747200,1.38170832,-4.24818137,-0.00377893,0.12647562,0.29406240,9.83500492,-0.93644041,2.12325141,-0.62297995,4
117.37777973,31.96166711,41.24657433,-166.21549032,44.80403434,41.24457433,-71.47767764,1.55466215,-0.39147296,4.46321757,1.38148513,-4.24370270,-0.00669325,0.08366079,0.28489054,9.79644323,-0.86312429,1.65544712,-0.61603918,4
117.37777873,31.96166738,41.24769490,-166.18371243,44.70922296,41.24569490,-71.46342432,1.53449182,-0.35337344,4.45895939,1.38126102,-4.23922040,-0.00960674,0.04085486,0.27570183,9.75789547,-0.78961463,1.18727123,-0.60909162,4
117.37777772,31.96166767,41.24873877,-166.15191138,44.61441926,41.24673877,-71.44971379,1.51056332,-0.32393639,4.45357453,1.38071763,-4.23369051,-0.01185078,0.00124157,0.26740492,9.72697331,-0.79621642,0.72669581,-0.61758146,4
117.37777672,31.96166795,41.24956817,-166.12008807,44.51962297,41.24756817,-71.43655658,1.47612450,-0.31872552,4.44503874,1.37928135,-4.22523082,-0.01222256,-0.02944289,0.26160212,9.71737748,-1.02686381,0.28737709,-0.66924462,4
117.37777571,31.96166824,41.25025268,-166.08824344,44.42483376,41.24825268,-71.42396231,1.43458660,-0.32987798,4.43437469,1.37724196,-4.21479226,-0.01132976,-0.05409644,0.25748393,9.72218631,-1.40884064,-0.13758381,-0.75006879,4
117.37777471,31.96166854,41.25093521,-166.05637843,44.33005134,41.24893521,-71.41194421,1.39295194,-0.34125357,4.42368165,1.37519436,-4.20432672,-0.01041971,-0.07866771,0.25338872,9.72719157,-1.79288043,-0.56234821,-0.83129048,4
117.37777371,31.96166883,41.25164468,-166.02449399,44.23527539,41.24964468,-71.40052282,1.35187161,-0.35348991,4.41312883,1.37320706,-4.19398800,-0.00944914,-0.10133980,0.24877592,9.73003413,-2.14722461,-0.97745900,-0.91096002,4
117.37777271,31.96166912,41.25270990,-165.99259115,44.14050556,41.25070990,-71.38972579,1.31811246,-0.37709937,4.40442819,1.37201630,-4.18532419,-0.00767876,-0.09892097,0.23732449,9.70430293,-2.10924603,-1.26504880,-0.97012710,4
117.37777171,31.96166942,41.25429966,-165.96067095,44.04574151,41.25229966,-71.37958398,1.29514753,-0.41747739,4.39845836,1.37200000,-4.17912983,-0.00472918,-0.05950818,0.21579016,9.63644260,-1.49282796,-1.36462298,-0.99906558,4
117.37777071,31.96166971,41.25589672,-165.92873452,43.95098286,41.25389672,-71.37012643,1.27233259,-0.45808799,4.39252647,1.37200000,-4.17296980,-0.00176323,-0.01958204,0.19411596,9.56799778,-0.86838299,-1.46158650,-1.02758426,4
117.37776972,31.96167001,41.25749376,-165.89678301,43.85622925,41.25549376,-71.36137551,1.24951770,-0.49869849,4.38659460,1.37200000,-4.16680978,0.00120270,0.02034402,0.17244182,9.49955310,-0.24393947,-1.55854977,-1.05610288,4
117.37776872,31.96167031,41.25955868,-165.86481760,43.76148026,41.25755868,-71.35334503,1.23538078,-0.53495759,4.38335944,1.37281997,-4.16317086,0.00393310,0.07003417,0.16389642,9.49175678,0.18473411,-1.54331159,-1.07020130,4
117.37776773,31.96167061,41.26261566,-165.83283950,43.66673551,41.26061566,-71.34604222,1.23964419,-0.56199019,4.38584227,1.37537858,-4.16487757,0.00616407,0.14042768,0.18318860,9.61255644,0.19830616,-1.29016653,-1.05372385,4
117.37776673,31.96167092,41.26602741,-165.80084991,43.57199459,41.26402741,-71.33947190,1.25048770,-0.58572333,4.39036987,1.37855892,-4.16849590,0.00821645,0.21822481,0.21243567,9.77934279,0.06343534,-0.95194454,-1.02631227,4
117.37776574,31.96167122,41.26944397,-165.76885005,43.47725710,41.26744397,-71.33364112,1.26142070,-0.60941151,4.39492529,1.38174770,-4.17214024,0.01026639,0.29612249,0.24181813,9.94675448,-0.07345503,-0.61256576,-0.99875198,4
117.37776474,31.96167153,41.27272954,-165.73684115,43.38252261,41.27072954,-71.32856219,1.26836739,-0.62897258,4.39980716,1.38500958,-4.17611198,0.01195745,0.36295658,0.26530940,10.09258732,-0.22859789,-0.29097167,-0.96255756,4
117.37776375,31.96167185,41.27549687,-165.70482448,43.28779073,41.27349687,-71.32425175,1.25954111,-0.63220375,4.40598079,1.38856071,-4.18137926,0.01222857,0.38601525,0.26549070,10.15303920,-0.45596455,-0.03974328,-0.89219906,4
117.37776275,31.96167216,41.27776055,-165.67280131,43.19306101,41.27576055,-71.32072682,1.23538599,-0.61956483,4.41340983,1.39239294,-4.18790561,0.01111972,0.36653104,0.24301838,10.13051416,-0.75352160,0.14310084,-0.78863835,4
117.37776176,31.96167247,41.28001714,-165.64077296,43.09833301,41.27801714,-71.31800009,1.21101496,-0.60670234,4.42085653,1.39622912,-4.19444969,0.00999143,0.34644751,0.22022695,10.10682010,-1.05206677,0.32498097,-0.68461014,4
117.37776077,31.96167277,41.28227371,-165.60874076,43.00360630,41.28027371,-71.31607557,1.18664389,-0.59383982,4.42830326,1.40006532,-4.20099377,0.00886314,0.32636393,0.19743548,10.08312599,-1.35061244,0.50686139,-0.58058176,4
117.37775976,31.96167306,41.28467037,-165.57670604,42.90888043,41.28267037,-71.31494725,1.16022317,-0.58369008,4.43384724,1.40287734,-4.20592732,0.00795500,0.30559956,0.18942135,9.99818387,-1.49049098,0.58960347,-0.46024433,4
117.37775875,31.96167334,41.28732177,-165.54467010,42.81415497,41.28532177,-71.31460167,1.13007494,-0.57847400,4.43593078,1.40382675,-4.20793180,0.00744722,0.28359708,0.20828238,9.80185196,-1.34180571,0.49204523,-0.31024644,4
117.37775774,31.96167361,41.29001059,-165.51263423,42.71942948,41.28801059,-71.31502160,1.09937917,-0.57398237,4.43750618,1.40450264,-4.20950618,0.00699824,0.26141269,0.23108996,9.58916217,-1.15074595,0.36801053,-0.15589235,4
117.37775673,31.96167388,41.29269990,-165.48059969,42.62470354,41.29069990,-71.31619043,1.06867615,-0.56950017,4.43907494,1.40517497,-4.21107494,0.00655001,0.23922584,0.25394915,9.37625798,-0.95913219,0.24362967,-0.00148079,4
117.37775572,31.96167415,41.29539012,-165.44856769,42.52997676,41.29339012,-71.31809565,1.04361067,-0.56443457,4.44026771,1.40557370,-4.21230194,0.00610164,0.21754497,0.26938822,9.22434761,-0.73716107,0.15586675,0.14343260,4
117.37775472,31.96167442,41.29808313,-165.41653945,42.43524871,41.29608313,-71.32072940,1.03605595,-0.55755690,4.44029261,1.40512256,-4.21246738,0.00565281,0.19743586,0.26177981,9.26188924,-0.42089880,0.18184233,0.25884327,4
117.37775371,31.96167471,41.30077831,-165.38451616,42.34051900,41.29877831,-71.32408695,1.04214940,-0.54926687,4.43940722,1.40400904,-4.21180543,0.00520362,0.17855181,0.23620784,9.44709271,-0.03114471,0.29646743,0.35125901,4
117.37775271,31.96167500,41.30347353,-165.35249904,42.24578723,41.30147353,-71.32816462,1.04843822,-0.54095663,4.43850883,1.40288603,-4.21113162,0.00475441,0.15968533,0.21037872,9.63440996,0.35966107,0.41236156,0.44334542,4
117.37775171,31.96167528,41.30616874,-165.32048925,42.15105300,41.30416874,-71.33295761,1.05472705,-0.53264640,4.43761042,1.40176303,-4.21045782,0.00430521,0.14081885,0.18454961,9.82172716,0.75046673,0.52825565,0.53543182,4
117.37775070,31.96167557,41.30814505,-165.28848799,42.05631592,41.30614505,-71.33845902,1.06400663,-0.52584852,4.43526144,1.39991337,-4.20849487,0.00393559,0.11161184,0.16550937,9.97264257,0.91477325,0.50667339,0.63124657,4
117.37774970,31.96167584,41.30889408,-165.25649641,41.96157560,41.30689408,-71.34466088,1.07839186,-0.52163248,4.43043613,1.39682320,-4.20433116,0.00370180,0.06475206,0.15805873,10.06141476,0.69241260,0.25039893,0.73342618,4
117.37774869,31.96167611,41.30957250,-165.22451567,41.86683165,41.30757250,-71.35155643,1.09307088,-0.51756499,4.42546832,1.39366165,-4.20004082,0.00347583,0.01687653,0.15127497,10.14661108,0.44780261,-0.01937996,0.83597197,4
117.37774768,31.96167640,41.31025014,-165.19254692,41.77208369,41.30825014,-71.35914258,1.10775310,-0.51349915,4.42049895,1.39049933,-4.19574909,0.00324995,-0.03101009,0.14449857,10.23176795,0.20294838,-0.28930689,0.93852161,4
117.37774667,31.96167668,41.31088357,-165.16059130,41.67733134,41.30888357,-71.36742121,1.11837172,-0.51256529,4.41561494,1.38733432,-4.19158809,0.00320306,-0.06603731,0.14268834,10.26311217,-0.01429842,-0.47731465,1.01907601,4
117.37774567,31.96167696,41.31140441,-165.12864996,41.58257422,41.30940441,-71.37639812,1.11864243,-0.51960709,4.41094825,1.38416243,-4.18775995,0.00361191,-0.06831820,0.15352448,10.15742253,-0.16124366,-0.45671575,1.04361976,4
117.37774466,31.96167725,41.31185907,-165.09672405,41.48781193,41.30985907,-71.38607995,1.11283207,-0.53133587,4.40640929,1.38098650,-4.18412743,0.00428861,-0.05135528,0.17179240,9.97120336,-0.26687511,-0.31352657,1.03524810,4
117.37774366,31.96167754,41.31231278,-165.06481476,41.39304411,41.31031278,-71.39647009,1.10693382,-0.54313235,4.40187218,1.37781052,-4.18049774,0.00496918,-0.03411425,0.19016770,9.78382071,-0.37190922,-0.16856590,1.02640074,4
117.37774266,31.96167783,41.31279748,-165.03292326,41.29827034,41.31079748,-71.40756566,1.10144610,-0.55424166,4.39733404,1.37465442,-4.17685694,0.00560871,-0.01831081,0.20827943,9.60504460,-0.45998872,-0.03188155,1.01473025,4
117.37774166,31.96167811,41.31355878,-165.00105071,41.20349026,41.31155878,-71.41935697,1.09962210,-0.55921808,4.39278674,1.37167569,-4.17311691,0.00588206,-0.01533730,0.22403911,9.50307855,-0.39675190,0.03093947,0.97786373,4
117.37774066,31.96167840,41.31469323,-164.96919825,41.10870348,41.31269323,-71.43183015,1.10274104,-0.55592031,4.38822709,1.36893625,-4.16924302,0.00566136,-0.02967333,0.23662552,9.50474104,-0.12936615,-0.00589248,0.90700388,4
117.37773966,31.96167869,41.31583318,-164.93736700,41.01390963,41.31383318,-71.44497133,1.10593292,-0.55250045,4.38366726,1.36620036,-4.16536717,0.00543336,-0.04426476,0.24916504,9.50793292,0.14103142,-0.04419501,0.83564263,4
117.37773866,31.96167898,41.31697313,-164.90555807,40.91910835,41.31497313,-71.45877032,1.10912477,-0.54908060,4.37910747,1.36346448,-4.16149134,0.00520538,-0.05885611,0.26170447,9.51112477,0.41142735,-0.08249730,0.76428182,4
117.37773766,31.96167927,41.31805116,-164.87377252,40.82429930,41.31605116,-71.47322150,1.11495664,-0.54854686,4.37542334,1.36097768,-4.15842892,0.00522840,-0.05775901,0.27356278,9.57240795,0.57389206,-0.11009050,0.73060811,4
117.37773666,31.96167957,41.31900469,-164.84201144,40.72948210,41.31700469,-71.48832151,1.12609689,-0.55381631,4.37349992,1.35899172,-4.15700199,0.00575617,-0.02511665,0.28405162,9.75049757,0.51933754,-0.11615083,0.77271269,4
117.37773566,31.96167986,41.31991976,-164.81027591,40.63465641,41.31791976,-71.50406425,1.13887677,-0.56087821,4.37212034,1.35716046,-4.15608024,0.00643983,0.01726926,0.29411746,9.96466575,0.39775097,-0.11556017,0.83822336,4
117.37773466,31.96168016,41.32083429,-164.77856699,40.53982189,41.31883429,-71.52043539,1.15168013,-0.56796579,4.37074855,1.35533141,-4.15516571,0.00712572,0.05979472,0.30417725,10.17935078,0.27520446,-0.11487428,0.90406925,4
117.37773366,31.96168046,41.32171695,-164.74688569,40.44497821,41.31971695,-71.53740879,1.16153834,-0.57248263,4.36983598,1.35362705,-4.15470970,0.00756677,0.09740974,0.30440867,10.33894424,0.14857845,-0.07950867,0.96170824,4
117.37773266,31.96168076,41.32249047,-164.71523300,40.35012503,41.32049047,-71.55494736,1.16131252,-0.56819750,4.37049576,1.35234964,-4.15582364,0.00716947,0.11821145,0.27098877,10.30990810,0.00798597,0.07459641,0.99124706,4
117.37773166,31.96168105,41.32316999,-164.68360981,40.25526208,41.32116999,-71.57300697,1.15240015,-0.55633019,4.37250996,1.35144002,-4.15828996,0.00605002,0.12452990,0.20858103,10.11838319,-0.14463748,0.33098576,0.99657992,4
117.37773066,31.96168134,41.32384811,-164.65201695,40.16038909,41.32184811,-71.59154178,1.14335856,-0.54435010,4.37454432,1.35053586,-4.16077639,0.00491982,0.13063297,0.14574203,9.92444122,-0.29744025,0.58889692,1.00155279,4
117.37772966,31.96168163,41.32452623,-164.62045518,40.06550581,41.32252623,-71.61050975,1.13431699,-0.53237001,4.37657868,1.34963170,-4.16326282,0.00378962,0.13673603,0.08290308,9.73049945,-0.45024285,0.84680783,1.00652566,4
117.37772866,31.96168192,41.32528548,-164.58892519,39.97061202,41.32328548,-71.62987520,1.12382124,-0.51749380,4.37742039,1.34832683,-4.16463731,0.00257738,0.13168198,0.08344394,9.60709446,-0.61523898,0.96466129,1.00895549,4
117.37772767,31.96168222,41.32618347,-164.55742760,39.87570753,41.32418347,-71.64960840,1.11083917,-0.49766586,4.37622296,1.34633682,-4.16411060,0.00122486,0.10755175,0.19235008,9.60429137,-0.80108351,0.84304803,1.00703731,4
117.37772667,31.96168251,41.32709266,-164.52596300,39.78079215,41.32509266,-71.66968351,1.09765657,-0.47743854,4.37486102,1.34429154,-4.16343051,-0.00013898,0.08188262,0.30999824,9.61121804,-0.98860916,0.70211602,1.00476838,4
117.37772566,31.96168281,41.32800196,-164.49453196,39.68586569,41.32600196,-71.69007546,1.08447154,-0.45720632,4.37349706,1.34224558,-4.16274853,-0.00150294,0.05619454,0.42775422,9.61826521,-1.17615490,0.56094522,1.00249509,4
117.37772467,31.96168310,41.32895735,-164.46313496,39.59092802,41.32695735,-71.71075767,1.06734104,-0.43916883,4.37181187,1.34001574,-4.16174551,-0.00272977,0.03247053,0.49613036,9.65235766,-1.29206310,0.45718474,1.00920511,4
117.37772365,31.96168337,41.33002810,-164.43177248,39.49597898,41.32802810,-71.73170138,1.04033453,-0.42662484,4.36932262,1.33732557,-4.15993889,-0.00361332,0.01366266,0.44090328,9.75414776,-1.22865476,0.44706613,1.03840138,4
117.37772264,31.96168364,41.33116527,-164.40044492,39.40101845,41.32916527,-71.75287565,1.00764013,-0.41724476,4.36637029,1.33437029,-4.15766945,-0.00429917,-0.00231383,0.31448939,9.89492694,-1.06197261,0.49087871,1.08054816,4
117.37772164,31.96168391,41.33230343,-164.36915265,39.30604633,41.33030343,-71.77424907,0.97486105,-0.40791182,4.36341107,1.33141107,-4.15539313,-0.00498207,-0.01824810,0.18701517,10.03628676,-0.89375216,0.53549469,1.12288782,4
117.37772064,31.96168418,41.33342960,-164.33789597,39.21106252,41.33142960,-71.79579135,0.94341073,-0.39838049,4.36034078,1.32842662,-4.15301817,-0.00568964,-0.03435781,0.06814301,10.16062402,-0.72827533,0.57522881,1.16142410,4
117.37771962,31.96168445,41.33446408,-164.30667515,39.11606695,41.33246408,-71.81747459,0.92212226,-0.38733176,4.35642114,1.32524923,-4.14988886,-0.00658602,-0.05180939,0.01505679,10.15477676,-0.58377926,0.57762769,1.17087326,4
117.37771861,31.96168473,41.33538044,-164.27549039,39.02105956,41.33338044,-71.83927362,0.91392117,-0.37432876,4.35140759,1.32182336,-4.14578803,-0.00772555,-0.07098919,0.04669576,9.98126571,-0.46630396,0.53194278,1.14286132,4
117.37771760,31.96168501,41.33629501,-164.24434187,38.92604030,41.33429501,-71.86116499,0.90591865,-0.36129609,4.34637744,1.31839372,-4.14167245,-0.00886876,-0.09019523,0.07962040,9.80521038,-0.34923859,0.48552820,1.11428091,4
117.37771659,31.96168529,41.33720958,-164.21322973,38.83100915,41.33520958,-71.88312615,0.89791612,-0.34826339,4.34134727,1.31496406,-4.13755685,-0.01001199,-0.10940131,0.11254511,9.62915460,-0.23217293,0.43911349,1.08570043,4
117.37771559,31.96168556,41.33818674,-164.18215407,38.73596608,41.33618674,-71.90513497,0.88954604,-0.33736596,4.33757642,1.31200330,-4.13456681,-0.01095527,-0.11159609,0.14327207,9.52158666,-0.23413184,0.40495242,1.06054756,4
117.37771459,31.96168583,41.33928480,-164.15111496,38.64091109,41.33728480,-71.92717088,0.88046579,-0.33059439,4.33623884,1.30994860,-4.13375157,-0.01151223,-0.08092111,0.16975237,9.54635328,-0.46607350,0.39446831,1.04201771,4
117.37771357,31.96168610,41.34041514,-164.12011243,38.54584417,41.33841514,-71.94921765,0.87119591,-0.32492434,4.33555092,1.30813578,-4.13351698,-0.01196605,-0.04147036,0.19509897,9.60645110,-0.75941744,0.39030552,1.02525604,4
117.37771257,31.96168636,41.34154595,-164.08914648,38.45076533,41.33954595,-71.97126628,0.86192325,-0.31927028,4.33487244,1.30632649,-4.13329082,-0.01241838,-0.00189194,0.22042916,9.66706263,-1.05365474,0.38623460,1.00852002,4
117.37771156,31.96168664,41.34267796,-164.05821713,38.35567459,41.34067796,-71.99331651,0.84996056,-0.31209144,4.33446125,1.30463440,-4.13333243,-0.01296053,0.03183181,0.23175958,9.71919126,-1.28456248,0.40526892,0.98720992,4
117.37771055,31.96168691,41.34381416,-164.02732438,38.26057196,41.34181416,-72.01537507,0.82854416,-0.29955402,4.33498949,1.30335423,-4.13431515,-0.01381832,0.04497992,0.19388958,9.74150766,-1.29290562,0.50550354,0.94982489,4
117.37770955,31.96168719,41.34495405,-163.99646826,38.16545744,41.34295405,-72.03745056,0.79880387,-0.28229843,4.33634486,1.30243676,-4.13612648,-0.01495405,0.04001137,0.11269916,9.73757461,-1.10528270,0.67723410,0.89828609,4
117.37770854,31.96168748,41.34609400,-163.96564880,38.07033102,41.34409400,-72.05954690,0.76893720,-0.26497120,4.33771280,1.30152479,-4.13795040,-0.01609400,0.03476760,0.03085082,9.73324280,-0.91468322,0.85005038,0.84653240,4
117.37770753,31.96168776,41.34723395,-163.93486604,37.97519271,41.34523395,-72.08165779,0.73907060,-0.24764401,4.33908074,1.30061284,-4.13977431,-0.01723395,0.02952385,-0.05099736,9.72891100,-0.72408414,1.02286629,0.79477883,4
117.37770652,31.96168804,41.34836771,-163.90412001,37.88004252,41.34636771,-72.10376467,0.73443098,-0.23806049,4.33840675,1.29913617,-4.13955384,-0.01787943,0.00754423,-0.06851844,9.72899721,-0.30738670,0.91496066,0.76015151,4
117.37770552,31.96168831,41.34949119,-163.87341067,37.78488047,41.34749119,-72.12583896,0.77181449,-0.24137637,4.33433135,1.29671879,-4.13592782,-0.01770125,-0.04231403,0.02111661,9.73644295,0.48594629,0.33942850,0.75405309,4
117.37770451,31.96168859,41.35061408,-163.84273795,37.68970658,41.34861408,-72.14784663,0.81153857,-0.24541070,4.33006648,1.29424901,-4.13211211,-0.01747718,-0.09372503,0.11671993,9.74429859,1.30025632,-0.26214887,0.74954367,4
117.37770351,31.96168886,41.35173698,-163.81210172,37.59452092,41.34973698,-72.16975347,0.85128892,-0.24945311,4.32579949,1.29177866,-4.12829429,-0.01725261,-0.14515346,0.21239028,9.75215883,2.11480174,-0.86401866,0.74505210,4
117.37770250,31.96168914,41.35290774,-163.78150177,37.49932356,41.35090774,-72.19152848,0.89157725,-0.25981938,4.32125420,1.28916792,-4.12424358,-0.01650145,-0.17683226,0.28706881,9.78778188,2.62226116,-1.32141719,0.74856230,4
117.37770150,31.96168942,41.35420273,-163.75093788,37.40411459,41.35220273,-72.21314427,0.93326166,-0.28659613,4.31598670,1.28619293,-4.11958859,-0.01438380,-0.15726055,0.30727344,9.89544980,2.33282919,-1.40391144,0.77283721,4
117.37770049,31.96168970,41.35557447,-163.72040975,37.30889412,41.35357447,-72.23457502,0.97580851,-0.32351064,4.31027305,1.28299290,-4.11456028,-0.01142198,-0.10602837,0.29382625,10.04762413,1.55110989,-1.25480496,0.80993972,4
117.37769949,31.96168999,41.35694736,-163.68991707,37.21366224,41.35494736,-72.25579369,1.01836842,-0.36057894,4.30455264,1.27978947,-4.10952632,-0.00844737,-0.05431580,0.27986842,10.20047366,0.76192114,-1.10218423,0.84723684,4
117.37769848,31.96169027,41.35827296,-163.65945945,37.11841911,41.35627296,-72.27676984,1.05793581,-0.39625339,4.29920795,1.27670419,-4.10485607,-0.00560243,-0.00369025,0.26460169,10.33149647,0.01490332,-0.94824560,0.88228968,4
117.37769747,31.96169054,41.35922119,-163.62903648,37.02316485,41.35722119,-72.29746885,1.07363342,-0.42080985,4.29686026,1.27456137,-4.10308705,-0.00379192,0.03826494,0.23889403,10.28841605,-0.39573845,-0.78379313,0.89944100,4
117.37769646,31.96169081,41.35968170,-163.59864766,36.92789965,41.35768170,-72.31785357,1.05848147,-0.43099732,4.29838594,1.27363660,-4.10506763,-0.00331830,0.06901451,0.19969241,10.02032296,-0.37164464,-0.60575243,0.89345624,4
117.37769545,31.96169108,41.36013468,-163.56829245,36.83262368,41.35813468,-72.33788680,1.04285346,-0.44096301,4.29997139,1.27273063,-4.10710607,-0.00286532,0.09959105,0.16028264,9.74875798,-0.34084161,-0.42750253,0.88711445,4
117.37769444,31.96169135,41.36058766,-163.53797023,36.73733715,41.35858766,-72.35753360,1.02722550,-0.45092867,4.30155684,1.27182467,-4.10914451,-0.00241234,0.13016751,0.12087300,9.47719381,-0.31003866,-0.24925314,0.88077267,4
117.37769343,31.96169163,41.36116500,-163.50768033,36.64204028,41.35916500,-72.37676261,1.01673044,-0.44949558,4.30525132,1.27159990,-4.11316835,-0.00270290,0.16684379,0.11366818,9.30261720,-0.24995029,0.04754593,0.85248024,4
117.37769243,31.96169191,41.36199139,-163.47742204,36.54673332,41.35999139,-72.39554601,1.01651564,-0.42523284,4.31316984,1.27273944,-4.12116864,-0.00448268,0.21573704,0.17096389,9.32228887,-0.13120823,0.58177975,0.78022451,4
117.37769142,31.96169219,41.36289881,-163.44719460,36.45141651,41.36089881,-72.41385826,1.01964581,-0.39354186,4.32246275,1.27432291,-4.13046275,-0.00674701,0.26860534,0.24924655,9.40516468,0.00661821,1.19326861,0.69366422,4
117.37769041,31.96169246,41.36380743,-163.41699720,36.35609012,41.36180743,-72.43167443,1.02282601,-0.36173987,4.33177619,1.27591301,-4.13977619,-0.00901858,0.32153294,0.32784290,9.48898563,0.14472971,1.80591126,0.60689021,4
117.37768941,31.96169274,41.36452573,-163.38682901,36.26075443,41.36252573,-72.44896942,1.02581157,-0.32471690,4.34107197,1.27752704,-4.14904502,-0.01166308,0.35978294,0.39753315,9.60754166,0.23114132,2.35938017,0.53122035,4
117.37768840,31.96169302,41.36452855,-163.35668914,36.16540972,41.36252855,-72.46571849,1.02806550,-0.26806819,4.35030150,1.27923104,-4.15814632,-0.01570942,0.34286075,0.43374630,9.85666641,0.12321564,2.69042176,0.49728993,4
117.37768739,31.96169328,41.36386808,-163.32657665,36.07005630,41.36186808,-72.48189882,1.02964115,-0.19322477,4.35946959,1.28101846,-4.16709228,-0.02105537,0.27478937,0.43892345,10.22683923,-0.16487671,2.81525513,0.50205537,4
117.37768638,31.96169354,41.36319732,-163.29649060,35.97469448,41.36119732,-72.49749230,1.03120627,-0.11809890,4.36863674,1.28280717,-4.17603585,-0.02642151,0.20592398,0.44361882,10.59889119,-0.45576589,2.93688750,0.50742151,4
117.37768537,31.96169381,41.36252655,-163.26643000,35.87932458,41.36052655,-72.51248771,1.03277139,-0.04297288,4.37780391,1.28459588,-4.18497942,-0.03178764,0.13705847,0.44831419,10.97094381,-0.74665559,3.05852009,0.51278764,4
117.37768436,31.96169408,41.36156384,-163.23639384,35.78394693,41.35956384,-72.52688115,1.01398538,0.01479318,4.38069832,1.28457935,-4.18793929,-0.03601211,0.05855232,0.41289189,11.11412628,-1.13498082,2.86136723,0.52816818,4
117.37768335,31.96169436,41.36007779,-163.20638112,35.68856185,41.35807779,-72.54067453,0.95871752,0.04143936,4.37234807,1.28132667,-4.18017264,-0.03818996,-0.03723573,0.30555388,10.84703111,-1.69797038,2.09275328,0.56150071,4
117.37768234,31.96169464,41.35849821,-163.17639086,35.59316966,41.35649821,-72.55387243,0.89692956,0.06252390,4.36198818,1.27749563,-4.17048895,-0.04000206,-0.13611259,0.18536298,10.50661131,-2.29217687,1.22200719,0.59804164,4
117.37768133,31.96169490,41.35691726,-163.14642206,35.49777068,41.35491726,-72.56647855,0.83504696,0.08352786,4.35159913,1.27365620,-4.16077743,-0.04180885,-0.23503444,0.06498549,10.16512769,-2.88683716,0.34977853,0.63462917,4
117.37768033,31.96169517,41.35591004,-163.11647375,35.40236522,41.35391004,-72.57849296,0.77362764,0.09552914,4.34095198,1.26974247,-4.15084420,-0.04293431,-0.31702904,-0.03362918,9.83624933,-3.29979547,-0.41208476,0.65062159,4
117.37767932,31.96169544,41.35662710,-163.08654495,35.30695361,41.35462710,-72.58991257,0.71360085,0.08047350,4.32952918,1.26560545,-4.14024456,-0.04201203,-0.34814989,-0.06683711,9.54525575,-3.16666104,-0.84225168,0.60471685,4
117.37767831,31.96169570,41.35864754,-163.05663465,35.21153615,41.35664754,-72.60073313,0.65462666,0.04496543,4.31752004,1.26129964,-4.12914118,-0.03954190,-0.34081513,-0.05060385,9.28289923,-2.62073292,-1.02168831,0.51202379,4
117.37767730,31.96169596,41.36068839,-163.02674186,35.11611318,41.35868839,-72.61095242,0.59566882,0.00913721,4.30550172,1.25699118,-4.11802990,-0.03704753,-0.33287850,-0.03359678,9.02099032,-2.06834320,-1.19720130,0.41859827,4
117.37767628,31.96169622,41.36273278,-162.99686559,35.02068501,41.36073278,-72.62057306,0.53688987,-0.02672518,4.29350437,1.25269067,-4.10693731,-0.03454960,-0.32469423,-0.01655850,8.76038276,-1.51570426,-1.37264161,0.32512626,4
117.37767527,31.96169648,41.36531218,-162.96700483,34.92525195,41.36331218,-72.62960240,0.50527443,-0.06774448,4.28469524,1.24959760,-4.09868650,-0.03151461,-0.27896649,0.00520119,8.69726074,-0.92560537,-1.53695593,0.22465988,4
117.37767426,31.96169675,41.36874029,-162.93715862,34.82981432,41.36674029,-72.63805049,0.51674903,-0.11694418,4.28094369,1.24841991,-4.09494369,-0.02762767,-0.17368300,0.03445049,8.94741361,-0.27608489,-1.68362040,0.11309853,4
117.37767325,31.96169702,41.37218192,-162.90732600,34.73437241,41.37018192,-72.64592660,0.52890946,-0.16627423,4.27727261,1.24727270,-4.09127261,-0.02372715,-0.06745131,0.06381908,9.20255323,0.37438345,-1.83000445,0.00136023,4
117.37767225,31.96169729,41.37562357,-162.87750602,34.63892655,41.37362357,-72.65323604,0.54106991,-0.21560435,4.27360154,1.24612548,-4.08760154,-0.01982664,0.03878052,0.09318770,9.45769317,1.02485266,-1.97638872,-0.11037822,4
117.37767124,31.96169757,41.37821605,-162.84769774,34.54347701,41.37621605,-72.65997875,0.55998204,-0.25725579,4.27406863,1.24635705,-4.08790428,-0.01650498,0.13644317,0.12834945,9.68412432,1.44141806,-1.93840304,-0.19767037,4
117.37767023,31.96169785,41.37898816,-162.81790021,34.44802410,41.37698816,-72.66615123,0.59336809,-0.28244605,4.28340694,1.24954439,-4.09672587,-0.01442427,0.21573554,0.17593020,9.84901080,1.35655177,-1.50517429,-0.23255572,4
117.37766921,31.96169811,41.37900000,-162.78811249,34.35256812,41.37700000,-72.67175024,0.63279904,-0.30076136,4.29645025,1.25396618,-4.10910531,-0.01286184,0.28735558,0.22869760,9.98819326,1.06226564,-0.90687522,-0.24555363,4
117.37766820,31.96169838,41.37900000,-162.75833362,34.25710937,41.37700000,-72.67677664,0.67232409,-0.31896953,4.30955124,1.25840720,-4.12154016,-0.01130748,0.35885593,0.28154570,10.12697503,0.76471753,-0.30600570,-0.25821053,4
117.37766719,31.96169866,41.37895120,-162.72856264,34.16164816,41.37695120,-72.68123799,0.70937560,-0.33450730,4.32253126,1.26278756,-4.13386617,-0.00997261,0.42371284,0.32848088,10.25244514,0.47985872,0.26816809,-0.26500018,4
117.37766619,31.96169894,41.37853401,-162.69879863,34.06618477,41.37653401,-72.68514811,0.72775509,-0.32988681,4.33459813,1.26671009,-4.14537073,-0.01029454,0.43841979,0.33078079,10.27742865,0.29078712,0.64082449,-0.22749901,4
117.37766518,31.96169922,41.37765202,-162.66904069,33.97071950,41.37565202,-72.68852415,0.72257511,-0.29983158,4.34551279,1.27005494,-4.15583880,-0.01270695,0.38984994,0.27676205,10.17562298,0.22257526,0.75921582,-0.13411380,4
117.37766418,31.96169950,41.37676254,-162.63928794,33.87525262,41.37476254,-72.69138262,0.71701586,-0.26936691,4.35640892,1.27339049,-4.16629019,-0.01515303,0.34026147,0.22183668,10.07177625,0.15630904,0.87351393,-0.03982897,4
117.37766317,31.96169978,41.37587306,-162.60953952,33.77978439,41.37387306,-72.69373629,0.71145662,-0.23890228,4.36730503,1.27672602,-4.17674155,-0.01759909,0.29067305,0.16691140,9.96792965,0.09004291,0.98781190,0.05445573,4
117.37766217,31.96170004,41.37536555,-162.57979462,33.68431508,41.37336555,-72.69559320,0.71095057,-0.21438834,4.37605264,1.27929229,-4.18515422,-0.01954958,0.23643740,0.14053892,9.88376420,0.08766130,0.99107549,0.13580426,4
117.37766115,31.96170030,41.37567539,-162.55005240,33.58884494,41.37367539,-72.69695875,0.72125764,-0.20260802,4.38020276,1.28021241,-4.18920432,-0.02043961,0.17225724,0.17526544,9.84171354,0.22198375,0.75674086,0.18947130,4
117.37766013,31.96170055,41.37632779,-162.52031205,33.49337424,41.37432779,-72.69783944,0.73609671,-0.19616464,4.38242599,1.28044259,-4.19142599,-0.02088520,0.10390920,0.23559986,9.81731414,0.41360171,0.42282390,0.23153636,4
117.37765911,31.96170080,41.37698562,-162.49057277,33.39790322,41.37498562,-72.69824701,0.75100744,-0.18980565,4.38461875,1.28066188,-4.19361875,-0.02132375,0.03549529,0.29633912,9.79319385,0.60612545,0.08733264,0.27341795,4
117.37765809,31.96170105,41.37765844,-162.46083379,33.30243213,41.37565844,-72.69820089,0.76594154,-0.18422419,4.38653533,1.28080826,-4.19554263,-0.02170415,-0.03072464,0.35393069,9.77275395,0.78859152,-0.23935341,0.31111121,4
117.37765708,31.96170130,41.37851534,-162.43109438,33.20696119,41.37651534,-72.69772824,0.78116282,-0.18819072,4.38506056,1.28005960,-4.19416482,-0.02137040,-0.07000234,0.37286827,9.79750931,0.84754877,-0.45791079,0.29737154,4
117.37765607,31.96170156,41.37962729,-162.40135383,33.11149062,41.37762729,-72.69686137,0.79678195,-0.20538561,4.37888722,1.27807089,-4.18821267,-0.02004726,-0.07195274,0.33825241,9.88488077,0.73538990,-0.52666058,0.21237379,4
117.37765506,31.96170181,41.38074340,-162.37161154,33.01602062,41.37874340,-72.69563387,0.81240761,-0.22279706,4.37263696,1.27606187,-4.18218563,-0.01870792,-0.07329208,0.30275986,9.97327733,0.62042973,-0.59295800,0.12620947,4
117.37765406,31.96170208,41.38185952,-162.34186692,32.92055137,41.37985952,-72.69407688,0.82803326,-0.24020849,4.36638669,1.27405286,-4.17615860,-0.01736859,-0.07463141,0.26726730,10.06167388,0.50546958,-0.65925541,0.04004516,4
117.37765305,31.96170234,41.38276888,-162.31211944,32.82508303,41.38076888,-72.69221725,0.84169819,-0.25799514,4.36132542,1.27245753,-4.17126881,-0.01597643,-0.05921372,0.23413682,10.12538368,0.38083179,-0.69441741,-0.02490697,4
117.37765204,31.96170260,41.38321547,-162.28236864,32.72961575,41.38121547,-72.69007821,0.85097457,-0.27662159,4.35892531,1.27178807,-4.16892442,-0.01446608,-0.00629004,0.20629313,10.13383903,0.23453322,-0.65989139,-0.04238152,4
117.37765102,31.96170286,41.38344290,-162.25261405,32.63414966,41.38144290,-72.68768160,0.85817253,-0.29564577,4.35778555,1.27155710,-4.16778555,-0.01289976,0.06439658,0.18095327,10.11612580,0.07797602,-0.59236102,-0.03737061,4
117.37765001,31.96170312,41.38366678,-162.22285527,32.53868491,41.38166678,-72.68505111,0.86533699,-0.31467638,4.35666609,1.27133322,-4.16666609,-0.01133253,0.13536957,0.15565375,10.09799074,-0.07874668,-0.52429859,-0.03199725,4
117.37764900,31.96170340,41.38389072,-162.19309193,32.44322159,41.38189072,-72.68221473,0.87146505,-0.33219611,4.35592821,1.27122859,-4.16591628,-0.00989619,0.20314963,0.13201874,10.07565123,-0.23074559,-0.44418036,-0.02515496,4
117.37764799,31.96170367,41.38411507,-162.16332370,32.34775981,41.38211507,-72.67920482,0.86950149,-0.33791970,4.35816935,1.27205515,-4.16805233,-0.00948171,0.24600056,0.12137940,10.02048652,-0.34586248,-0.26993987,-0.00684428,4
117.37764698,31.96170394,41.38433996,-162.13355034,32.25229965,41.38233996,-72.67605599,0.85730256,-0.32872195,4.36417874,1.27405958,-4.17383879,-0.01035982,0.25731777,0.12717874,9.92380015,-0.41432599,0.02335891,0.02597316,4
117.37764597,31.96170420,41.38456483,-162.10377163,32.15684117,41.38256483,-72.67280170,0.84493393,-0.31927682,4.37025062,1.27608354,-4.17968578,-0.01125936,0.26811221,0.13325062,9.82642533,-0.48201612,0.31863175,0.05903112,4
117.37764496,31.96170448,41.38478972,-162.07398743,32.06138441,41.38278972,-72.66947127,0.83256530,-0.30983169,4.37632249,1.27810750,-4.18553276,-0.01215890,0.27890664,0.13932249,9.72905049,-0.54970624,0.61390464,0.09208910,4
117.37764394,31.96170476,41.38483900,-162.04419763,31.96592941,41.38283900,-72.66608844,0.82869526,-0.29773286,4.38246472,1.28000032,-4.19145179,-0.01322558,0.26817096,0.13874014,9.66504412,-0.45804901,0.79322253,0.12362352,4
117.37764294,31.96170502,41.38453251,-162.01440216,31.87047619,41.38253251,-72.66267246,0.84204440,-0.28025730,4.38874948,1.28162744,-4.19751679,-0.01463096,0.21381256,0.12467550,9.66864639,-0.04353431,0.73760128,0.15207105,4
117.37764194,31.96170530,41.38409754,-161.98460099,31.77502475,41.38209754,-72.65924146,0.86161087,-0.26084037,4.39508572,1.28315862,-4.20363449,-0.01615862,0.14370334,0.10574283,9.69666014,0.48755448,0.59715053,0.17940398,4
117.37764093,31.96170558,41.38366050,-161.95479409,31.67957511,41.38166050,-72.65581641,0.88127762,-0.24139213,4.40142278,1.28468826,-4.20975303,-0.01768826,0.07334009,0.08673164,9.72506767,1.02052337,0.45533142,0.20671891,4
117.37763991,31.96170586,41.38323293,-161.92498150,31.58412724,41.38123293,-72.65242360,0.90085027,-0.22250716,4.40748081,1.28613100,-4.21561193,-0.01916031,0.00625103,0.06952489,9.75865350,1.50131729,0.32380218,0.23198101,4
117.37763891,31.96170613,41.38289350,-161.89516330,31.48868112,41.38089350,-72.64909458,0.91954761,-0.20886214,4.41094284,1.28676532,-4.21905525,-0.02009664,-0.03037730,0.06910537,9.84041538,1.49671017,0.28800278,0.23814505,4
117.37763791,31.96170641,41.38266966,-161.86533962,31.39323672,41.38066966,-72.64586335,0.93709691,-0.20208977,4.41100000,1.28633932,-4.21933034,-0.02033034,-0.02705387,0.09070372,9.98536415,0.85545919,0.37776103,0.21926036,4
117.37763690,31.96170669,41.38244776,-161.83551065,31.29779396,41.38044776,-72.64276215,0.95462692,-0.19543282,4.41100000,1.28589552,-4.21955224,-0.02055224,-0.02305969,0.11267169,10.13137352,0.20352067,0.46962711,0.19995517,4
117.37763590,31.96170696,41.38222586,-161.80567664,31.20235278,41.38022586,-72.63981817,0.97215688,-0.18877587,4.41100000,1.28545172,-4.21977414,-0.02077414,-0.01906552,0.13463964,10.27738269,-0.44841689,0.56149305,0.18065001,4
117.37763488,31.96170723,41.38205583,-161.77583786,31.10691308,41.38005583,-72.63705225,0.98062143,-0.18139813,4.41048253,1.28490468,-4.21942670,-0.02120290,-0.02195592,0.14195101,10.34791556,-0.92855573,0.58976276,0.15949263,4
117.37763386,31.96170750,41.38200089,-161.74599463,31.01147477,41.38000089,-72.63448035,0.96897182,-0.17242115,4.40881690,1.28412855,-4.21781601,-0.02209065,-0.04012163,0.11674276,10.25098379,-1.02751281,0.47692684,0.13422557,4
117.37763286,31.96170776,41.38200000,-161.71614728,30.91603774,41.38000000,-72.63211761,0.94787587,-0.16269311,4.40661206,1.28324483,-4.21561206,-0.02319396,-0.06546119,0.07626209,10.07540438,-0.94745262,0.29782248,0.10702846,4
117.37763184,31.96170802,41.38200000,-161.68629617,30.82060187,41.38000000,-72.62998277,0.92662402,-0.15295268,4.40439833,1.28235934,-4.21339833,-0.02430083,-0.09091914,0.03552938,9.89852701,-0.86443758,0.11762451,0.07979953,4
117.37763082,31.96170828,41.38202330,-161.65644170,30.72516705,41.38002330,-72.62810043,0.90596135,-0.14410920,4.40212930,1.28146570,-4.21113706,-0.02532272,-0.11440704,-0.00198912,9.72628250,-0.77846706,-0.06004700,0.05391072,4
117.37762981,31.96170854,41.38231880,-161.62658432,30.62973313,41.38031880,-72.62650065,0.89218008,-0.14574233,4.39921424,1.28047698,-4.20832050,-0.02535204,-0.11488440,-0.00196492,9.60814816,-0.65797295,-0.20821247,0.04367463,4
117.37762881,31.96170882,41.38298470,-161.59672452,30.53429997,41.38098470,-72.62521622,0.88776355,-0.16163284,4.39542002,1.27935883,-4.20474826,-0.02403060,-0.08404727,0.04915025,9.56365088,-0.49049640,-0.31622400,0.05473993,4
117.37762780,31.96170909,41.38365690,-161.56686286,30.43886738,41.38165690,-72.62427796,0.88350627,-0.17776570,4.39161087,1.27823850,-4.20116318,-0.02268619,-0.05267779,0.10113393,9.52040582,-0.32222160,-0.42355240,0.06616737,4
117.37762680,31.96170936,41.38432910,-161.53699993,30.34343518,41.38232910,-72.62371142,0.87924900,-0.19389853,4.38780173,1.27711817,-4.19757810,-0.02134178,-0.02130841,0.15311748,9.47716088,-0.15394727,-0.53088050,0.07759479,4
117.37762580,31.96170963,41.38483889,-161.50713637,30.24800317,41.38283889,-72.62353525,0.87807922,-0.20716283,4.38529221,1.27643106,-4.19523851,-0.02021386,0.01039202,0.18230079,9.47524771,-0.01836617,-0.55674103,0.07596681,4
117.37762478,31.96170990,41.38499740,-161.47727286,30.15257115,41.38299740,-72.62376162,0.88358725,-0.21422300,4.38559356,1.27668098,-4.19559269,-0.01955411,0.04280855,0.16217063,9.56272894,0.04650472,-0.40639944,0.04610191,4
117.37762377,31.96171017,41.38500000,-161.44741006,30.05713890,41.38300000,-72.62439868,0.89205911,-0.21852956,4.38714246,1.27734677,-4.19714246,-0.01910216,0.07554291,0.12015335,9.68988673,0.07999184,-0.17785282,0.00370443,4
117.37762276,31.96171045,41.38500000,-161.41754866,29.96170621,41.38300000,-72.62545309,0.90058040,-0.22279020,4.38871218,1.27801950,-4.19871218,-0.01865367,0.10828259,0.07777117,9.81770601,0.11295576,0.05199764,-0.03890201,4
117.37762175,31.96171072,41.38494210,-161.38768937,29.86627287,41.38294210,-72.62693177,0.90839326,-0.22619727,4.39035441,1.27870678,-4.20033993,-0.01827750,0.13868054,0.04192728,9.93669362,0.13078289,0.26455869,-0.07874788,4
117.37762074,31.96171100,41.38450487,-161.35783291,29.77083865,41.38250487,-72.62884295,0.91156450,-0.22401178,4.39247177,1.27948930,-4.20234798,-0.01837523,0.15373556,0.04892217,9.99781643,0.04943430,0.36383993,-0.10050672,4
117.37761973,31.96171127,41.38361438,-161.32797999,29.67540333,41.38161438,-72.63119573,0.90918954,-0.21514380,4.39515686,1.28038562,-4.20481046,-0.01903922,0.15045752,0.10710446,9.98979740,-0.15041793,0.32776477,-0.10065359,4
117.37761873,31.96171155,41.38271610,-161.29813137,29.57996668,41.38071610,-72.63399872,0.90671927,-0.20616098,4.39785170,1.28128390,-4.20728073,-0.01971293,0.14686439,0.16616651,9.98059001,-0.35230683,0.28936322,-0.10042902,4
117.37761772,31.96171183,41.38181782,-161.26828779,29.48452846,41.37981782,-72.63725889,0.90424900,-0.19717817,4.40054655,1.28218218,-4.20975100,-0.02038663,0.14327126,0.22522856,9.97138263,-0.55419572,0.25096166,-0.10020446,4
117.37761671,31.96171210,41.38104594,-161.23845004,29.38908843,41.37904594,-72.64098089,0.89476210,-0.18721686,4.40377132,1.28313589,-4.21275251,-0.02117767,0.13454695,0.26200814,9.95483387,-0.78292049,0.25763419,-0.08119174,4
117.37761570,31.96171237,41.38052225,-161.20861887,29.29364636,41.37852225,-72.64516725,0.87149975,-0.17533452,4.40803649,1.28419839,-4.21679695,-0.02219906,0.11574878,0.25504142,9.92387211,-1.06433114,0.35279898,-0.02529297,4
117.37761469,31.96171264,41.38008115,-161.17879507,29.19820200,41.37808115,-72.64981931,0.84365333,-0.16281291,4.41264787,1.28529711,-4.22118845,-0.02329711,0.09359832,0.23351716,9.88811411,-1.36327414,0.47741145,0.04288043,4
117.37761368,31.96171290,41.37964143,-161.14897942,29.10275512,41.37764143,-72.65493806,0.81573062,-0.15028067,4.41726502,1.28639644,-4.22558573,-0.02439644,0.07139207,0.21175063,9.85227630,-1.66250894,0.60251402,0.11125810,4
117.37761267,31.96171317,41.37922978,-161.11917268,29.00730548,41.37722978,-72.66052384,0.78789536,-0.13819260,4.42137345,1.28735427,-4.22950260,-0.02545404,0.04883687,0.18651425,9.81596256,-1.91553596,0.70327791,0.17512570,4
117.37761166,31.96171345,41.37900386,-161.08937565,28.91185283,41.37700386,-72.66657467,0.76063836,-0.12904139,4.42211825,1.28737661,-4.23024293,-0.02623584,0.02397442,0.13833452,9.77650187,-1.86303044,0.64311078,0.20917202,4
117.37761066,31.96171372,41.37900000,-161.05958910,28.81639693,41.37700000,-72.67308347,0.73407279,-0.12340184,4.41884110,1.28628036,-4.22718503,-0.02668785,-0.00364685,0.06272117,9.73327832,-1.44519633,0.39051666,0.20756074,4
117.37760965,31.96171400,41.37900000,-161.02981377,28.72093756,41.37700000,-72.68003506,0.70751915,-0.11782335,4.41549401,1.28516467,-4.22406107,-0.02713413,-0.03131618,-0.01336949,9.68998921,-1.02100762,0.13457535,0.20532934,4
117.37760864,31.96171427,41.37900000,-161.00005039,28.62547449,41.37700000,-72.68740517,0.68096540,-0.11224484,4.41214690,1.28404897,-4.22093711,-0.02758041,-0.05898563,-0.08946049,9.64669990,-0.59681707,-0.12136708,0.20309793,4
117.37760763,31.96171454,41.37900000,-160.97029963,28.53000751,41.37700000,-72.69516180,0.66350094,-0.10843682,4.40950763,1.28311014,-4.21852105,-0.02790869,-0.06811387,-0.12693972,9.62360094,-0.27457484,-0.24541425,0.19537167,4
117.37760662,31.96171481,41.37900000,-160.94056212,28.43453644,41.37700000,-72.70326876,0.66440217,-0.10820628,4.40829864,1.28252869,-4.21753542,-0.02799851,-0.03977814,-0.08640081,9.64129821,-0.15832850,-0.10295649,0.17654267,4
117.37760561,31.96171507,41.37900000,-160.91083840,28.33906109,41.37700000,-72.71169002,0.67210649,-0.10930093,4.40761945,1.28207962,-4.21707962,-0.02800000,0.00243523,-0.01696196,9.67410745,-0.11838792,0.13822156,0.15360090,4
117.37760460,31.96171533,41.37900000,-160.88112896,28.24358133,41.37700000,-72.72039317,0.67992589,-0.11041798,4.40694921,1.28163280,-4.21663280,-0.02800000,0.04488338,0.05296578,9.70717232,-0.07973776,0.38106967,0.13058953,4
117.37760359,31.96171560,41.37898206,-160.85143426,28.14809700,41.37698206,-72.72935126,0.68670580,-0.10907744,4.40669150,1.28129356,-4.21656266,-0.02817939,0.08378497,0.11448887,9.73624093,-0.05024979,0.61973348,0.10915388,4
117.37760258,31.96171586,41.37886749,-160.82175470,28.05260799,41.37686749,-72.73854204,0.68788641,-0.09449891,4.40865589,1.28153381,-4.21852150,-0.02932513,0.10358270,0.13073957,9.74378331,-0.07011455,0.83585734,0.09620595,4
117.37760157,31.96171613,41.37864559,-160.79209064,27.95711419,41.37664559,-72.74794563,0.68284878,-0.06521908,4.41308801,1.28241760,-4.22273362,-0.03154401,0.10216479,0.09671346,9.72741993,-0.14478751,1.02694958,0.09268398,4
117.37760056,31.96171641,41.37842183,-160.76244244,27.86161549,41.37642183,-72.75754193,0.67770205,-0.03568132,4.41756344,1.28331269,-4.22698526,-0.03378172,0.10037463,0.06180518,9.71063711,-0.22042210,1.21760245,0.08932742,4
117.37759955,31.96171668,41.37819806,-160.73281039,27.76611179,41.37619806,-72.76730861,0.67255532,-0.00614355,4.42203886,1.28420777,-4.23123691,-0.03601943,0.09858446,0.02689692,9.69385429,-0.29605667,1.40825526,0.08597086,4
117.37759854,31.96171695,41.37791260,-160.70319475,27.67060301,41.37591260,-72.77722067,0.67158364,0.01990911,4.42542247,1.28484678,-4.23452362,-0.03799407,0.07964503,-0.00713803,9.65937183,-0.29411483,1.41759214,0.09413370,4
117.37759753,31.96171722,41.37750951,-160.67359575,27.57508909,41.37550951,-72.78725093,0.67857319,0.03931619,4.42672415,1.28499750,-4.23597033,-0.03946707,0.02800444,-0.03950773,9.59113871,-0.14424598,1.08118571,0.12426238,4
117.37759652,31.96171748,41.37707073,-160.64401356,27.47956998,41.37507073,-72.79737163,0.68797928,0.05670610,4.42739391,1.28500000,-4.23685854,-0.04078781,-0.03356224,-0.07137197,9.51266092,0.05052451,0.63983264,0.16105856,4
117.37759551,31.96171775,41.37663134,-160.61444832,27.38404563,41.37463134,-72.80755599,0.69742616,0.07406200,4.42805298,1.28500000,-4.23773732,-0.04210598,-0.09529646,-0.10322771,9.43401020,0.24605284,0.19670833,0.19796728,4
117.37759450,31.96171802,41.37620745,-160.58490009,27.28851601,41.37420745,-72.81777909,0.70672560,0.08871389,4.42816384,1.28482231,-4.23806819,-0.04319997,-0.15308458,-0.12669900,9.37286528,0.41559180,-0.21908425,0.23163586,4
117.37759349,31.96171829,41.37587559,-160.55536894,27.19298113,41.37387559,-72.82801802,0.71514955,0.08730772,4.42501895,1.28358941,-4.23514527,-0.04296264,-0.18743799,-0.10037785,9.41568137,0.43078840,-0.47256208,0.24606227,4
117.37759248,31.96171856,41.37564947,-160.52585486,27.09744097,41.37364947,-72.83825169,0.72256762,0.06745196,4.41813344,1.28114413,-4.22848399,-0.04119573,-0.19486656,-0.01684873,9.57794134,0.26865653,-0.53955162,0.23838079,4
117.37759148,31.96171884,41.37542521,-160.49635783,27.00189554,41.37342521,-72.84846010,0.72996787,0.04726946,4.41118170,1.27867737,-4.22175649,-0.03940173,-0.20181830,0.06769350,9.74231655,0.10338432,-0.60323861,0.23030778,4
117.37759047,31.96171911,41.37520096,-160.46687780,26.90634487,41.37320096,-72.85862373,0.73736812,0.02708696,4.40422995,1.27621062,-4.21502899,-0.03760773,-0.20877005,0.15223575,9.90669180,-0.06188793,-0.66692561,0.22223478,4
117.37758946,31.96171937,41.37523078,-160.43741467,26.81078898,41.37323078,-72.86872351,0.74395264,0.00871864,4.39828541,1.27418539,-4.20930902,-0.03606545,-0.19499820,0.20726651,10.01839712,-0.14968710,-0.68733199,0.20123863,4
117.37758845,31.96171963,41.37574919,-160.40796833,26.71522790,41.37374919,-72.87874124,0.74896847,-0.00616087,4.39427777,1.27300921,-4.20552662,-0.03500723,-0.14137359,0.20554483,10.02881494,-0.08850077,-0.62450704,0.15539044,4
117.37758743,31.96171989,41.37642287,-160.37853861,26.61966170,41.37442287,-72.88866018,0.75348580,-0.01993170,4.39088564,1.27210284,-4.20235994,-0.03410284,-0.07508442,0.18578818,10.00704528,0.02003070,-0.53523254,0.10164467,4
117.37758642,31.96172015,41.37709920,-160.34912535,26.52409041,41.37509920,-72.89846592,0.75799463,-0.03368362,4.38750402,1.27120107,-4.19920376,-0.03320107,-0.00857920,0.16572389,9.98472658,0.12936980,-0.44550685,0.04776416,4
117.37758541,31.96172041,41.37775020,-160.31972833,26.42851411,41.37575020,-72.90814627,0.76135892,-0.04514737,4.38491082,1.27050277,-4.19678513,-0.03245186,0.05244079,0.14812475,9.95553117,0.20408761,-0.34255366,-0.00106139,4
117.37758440,31.96172067,41.37830002,-160.29034736,26.33293287,41.37630002,-72.91769004,0.76015065,-0.04746961,4.38546738,1.27061728,-4.19731305,-0.03231209,0.09154672,0.14037412,9.89886283,0.14049053,-0.18675568,-0.02969198,4
117.37758339,31.96172094,41.37875338,-160.26098218,26.23734675,41.37675338,-72.92708517,0.75458269,-0.04107592,4.38902709,1.27150676,-4.20065039,-0.03275338,0.10975870,0.14201354,9.81600049,-0.05498258,0.01942697,-0.03906770,4
117.37758238,31.96172121,41.37920503,-160.23163253,26.14175584,41.37720503,-72.93631661,0.74893712,-0.03452706,4.39264025,1.27241006,-4.20403773,-0.03320503,0.12759870,0.14382012,9.73267188,-0.25280334,0.22650646,-0.04810061,4
117.37758136,31.96172147,41.37965668,-160.20229815,26.04616022,41.37765668,-72.94536542,0.74329156,-0.02797821,4.39625340,1.27331335,-4.20742507,-0.03365668,0.14543868,0.14562670,9.64934339,-0.45062383,0.43358567,-0.05713351,4
117.37758035,31.96172173,41.38018154,-160.17297869,25.95056001,41.37818154,-72.95420895,0.74013904,-0.01830764,4.40000290,1.27428818,-4.21102449,-0.03440627,0.14740637,0.14390584,9.60655179,-0.49399369,0.57165030,-0.05100117,4
117.37757934,31.96172199,41.38083093,-160.14367380,25.85495530,41.37883093,-72.96282302,0.74122610,-0.00332843,4.40398423,1.27538465,-4.21498457,-0.03566254,0.12238242,0.13618637,9.63269526,-0.27471219,0.59235218,-0.01907955,4
117.37757831,31.96172224,41.38150053,-160.11438307,25.75934623,41.37950053,-72.97118551,0.74300141,0.01251257,4.40800319,1.27650088,-4.21900319,-0.03700106,0.09297663,0.12749309,9.67002974,-0.01279178,0.59400106,0.01702868,4
117.37757730,31.96172249,41.38217046,-160.08510608,25.66373293,41.38017046,-72.97927867,0.74478789,0.02836751,4.41202275,1.27761743,-4.22302275,-0.03834092,0.06349985,0.11878405,9.70754565,0.24981953,0.59534092,0.05320473,4
117.37757629,31.96172274,41.38277388,-160.05584235,25.56811554,41.38077388,-72.98709065,0.74821419,0.04225838,4.41527541,1.27846706,-4.22627541,-0.03948088,0.03731703,0.11294621,9.74953144,0.45492411,0.57316984,0.08990341,4
117.37757527,31.96172300,41.38316778,-160.02659142,25.47249422,41.38116778,-72.99461498,0.75680730,0.04996098,4.41611174,1.27847571,-4.22711174,-0.03999102,0.02151267,0.11615495,9.80560125,0.47883761,0.47692034,0.12824902,4
117.37757426,31.96172326,41.38339494,-159.99735279,25.37686910,41.38139494,-73.00184834,0.76951182,0.05273933,4.41502528,1.27781516,-4.22602528,-0.04000000,0.01396683,0.12656238,9.87287821,0.35857056,0.32172387,0.16790513,4
117.37757325,31.96172352,41.38361912,-159.96812599,25.28124035,41.38161912,-73.00878857,0.78228997,0.05542947,4.41390439,1.27714263,-4.22490439,-0.04000000,0.00656896,0.13709875,9.94035585,0.23572092,0.16547168,0.20758467,4
117.37757224,31.96172378,41.38384330,-159.93891052,25.18560811,41.38184330,-73.01543317,0.79506812,0.05811960,4.41278349,1.27647010,-4.22378349,-0.04000000,-0.00082891,0.14763512,10.00783340,0.11287141,0.00921965,0.24726417,4
117.37757123,31.96172404,41.38422774,-159.90970588,25.08997254,41.38222774,-73.02177934,0.80300849,0.05936017,4.41142343,1.27579860,-4.22250373,-0.04000000,-0.01038356,0.13743735,10.03626068,0.04810863,-0.07187022,0.25757238,4
117.37757021,31.96172430,41.38487160,-159.88051159,24.99433379,41.38287160,-73.02782491,0.80311726,0.05825409,4.40967615,1.27512878,-4.22096676,-0.04000000,-0.02342968,0.09367430,10.00147174,0.07737907,-0.03128449,0.22033315,4
117.37756920,31.96172456,41.38554088,-159.85132712,24.89869203,41.38354088,-73.03356964,0.80245912,0.05691823,4.40789096,1.27445912,-4.21940460,-0.04000000,-0.03681772,0.04662435,9.96049232,0.11585777,0.02121637,0.17843781,4
117.37756819,31.96172482,41.38621055,-159.82215199,24.80304739,41.38421055,-73.03901554,0.80178945,0.05557891,4.40610522,1.27378945,-4.21784206,-0.04000000,-0.05021089,-0.00047498,9.91941992,0.15447475,0.07389619,0.13647252,4
117.37756717,31.96172509,41.38688130,-159.79298570,24.70740004,41.38488130,-73.04416611,0.80368299,0.05357691,4.40419998,1.27307985,-4.21616042,-0.03992230,-0.05542800,-0.02686498,9.87443405,0.19808908,0.10385544,0.09836287,4
117.37756616,31.96172535,41.38755511,-159.76382776,24.61175013,41.38555511,-73.04902520,0.81274747,0.04972094,4.40196051,1.27225850,-4.21414555,-0.03962720,-0.03777117,0.00468295,9.81849963,0.25568425,0.07025000,0.07104001,4
117.37756515,31.96172562,41.38823106,-159.73467768,24.51609781,41.38623106,-73.05359540,0.82685235,0.04456184,4.39948609,1.27135858,-4.21189645,-0.03917929,-0.00403642,0.07695496,9.75486959,0.32310644,-0.00803453,0.05129913,4
117.37756414,31.96172589,41.38890706,-159.70553499,24.42044323,41.38690706,-73.05787759,0.84104829,0.03937920,4.39700745,1.27045725,-4.20964313,-0.03872862,0.02998876,0.14996262,9.69110055,0.39070613,-0.08712618,0.03169522,4
117.37756313,31.96172615,41.38958387,-159.67639921,24.32478653,41.38758387,-73.06187147,0.85525368,0.03420335,4.39453340,1.26955755,-4.20739388,-0.03827850,0.06398375,0.22292483,9.62753725,0.45812909,-0.16597949,0.01207074,4
117.37756212,31.96172641,41.39052474,-159.64726984,24.22912787,41.38852474,-73.06557716,0.87253608,0.03123431,4.39355938,1.26918729,-4.20646822,-0.03800495,0.08817409,0.28112314,9.63082979,0.46812615,-0.16738987,-0.01424178,4
117.37756111,31.96172667,41.39186732,-159.61814643,24.13346739,41.38986732,-73.06899694,0.89449948,0.03162244,4.39486732,1.26962244,-4.20755610,-0.03800000,0.09744877,0.31686141,9.73582911,0.39076207,-0.05098750,-0.05072873,4
117.37756010,31.96172693,41.39321729,-159.58902848,24.03780523,41.39121729,-73.07213635,0.91654913,0.03207244,4.39621729,1.27007244,-4.20868107,-0.03800000,0.10644863,0.35218585,9.84270240,0.31178832,0.06758561,-0.08740313,4
117.37755909,31.96172719,41.39456728,-159.55991555,23.94214155,41.39256728,-73.07500429,0.93859880,0.03252243,4.39756728,1.27052243,-4.20980606,-0.03800000,0.11544849,0.38751031,9.94957577,0.23281453,0.18615880,-0.12407758,4
117.37755808,31.96172746,41.39572093,-159.53080717,23.84647647,41.39372093,-73.07761167,0.94072759,0.03548976,4.39877027,1.27087407,-4.21088259,-0.03819741,0.11641105,0.41131447,10.02781127,-0.06441064,0.26761481,-0.12485256,4
117.37755706,31.96172773,41.39641956,-159.50170294,23.75081013,41.39441956,-73.07996920,0.89668878,0.04429117,4.39963264,1.27099780,-4.21184682,-0.03885233,0.09874678,0.40841973,10.03967701,-0.86744372,0.26304982,-0.04242879,4
117.37755605,31.96172799,41.39687559,-159.47260245,23.65514266,41.39487559,-73.08208541,0.82803443,0.05620318,4.40031338,1.27100000,-4.21275119,-0.03975119,0.07115109,0.39128971,10.01615583,-1.94016242,0.21262031,0.08435473,4
117.37755504,31.96172827,41.39732722,-159.44350528,23.55947417,41.39532722,-73.08396543,0.75893393,0.06817158,4.40099085,1.27100000,-4.21365446,-0.04065446,0.04337539,0.37390168,9.99199323,-3.01776900,0.16135947,0.21194227,4
117.37755403,31.96172853,41.39780178,-159.41441106,23.46380479,41.39580178,-73.08561154,0.69121035,0.07911960,4.40157659,1.27095415,-4.21446602,-0.04147749,0.01822508,0.34651928,9.96919512,-3.96271549,0.11045508,0.33230604,4
117.37755302,31.96172879,41.39846519,-159.38531940,23.36813464,41.39646519,-73.08702527,0.63483475,0.08165796,4.40140648,1.27053043,-4.21452168,-0.04163908,0.01471258,0.23676428,9.95764279,-3.81429957,0.06248799,0.39313341,4
117.37755200,31.96172905,41.39936373,-159.35622990,23.27246382,41.39736373,-73.08821042,0.59258704,0.07372653,4.40029535,1.26963627,-4.21363627,-0.04097720,0.03813857,0.02445752,9.96009116,-2.30467664,0.01817774,0.37983956,4
117.37755099,31.96172931,41.40026663,-159.32714219,23.17679247,41.39826663,-73.08917566,0.55060207,0.06560040,4.39916673,1.26873337,-4.21273337,-0.04030003,0.06206549,-0.18975612,9.96279987,-0.76974223,-0.02606449,0.36516739,4
117.37754998,31.96172956,41.40116952,-159.29805592,23.08112069,41.39916952,-73.08993595,0.50861709,0.05747428,4.39803809,1.26783048,-4.21183048,-0.03962286,0.08599242,-0.40396979,9.96550857,0.76519241,-0.07030672,0.35049522,4
117.37754896,31.96172981,41.40219631,-159.26897076,22.98544857,41.40019631,-73.09051188,0.49554418,0.05714904,4.39759047,1.26723709,-4.21148476,-0.03956479,0.10125263,-0.47325195,9.97211816,1.74886332,0.01280922,0.30474034,4
117.37754795,31.96173007,41.40346486,-159.23988641,22.88977622,41.40146486,-73.09092702,0.53888783,0.07204580,4.39847170,1.26724769,-4.21222628,-0.04071482,0.09960135,-0.25972681,9.98633957,1.65684399,0.34444125,0.19833328,4
117.37754693,31.96173033,41.40481801,-159.21080264,22.79410369,41.40281801,-73.09120453,0.60197632,0.09227000,4.39981801,1.26746967,-4.21334833,-0.04228767,0.09203133,0.05277592,10.00322499,1.18835178,0.76304957,0.07069903,4
117.37754591,31.96173059,41.40617266,-159.18171922,22.69843106,41.40417266,-73.09136429,0.66541985,0.11258999,4.40117266,1.26769545,-4.21447723,-0.04386811,0.08435489,0.36705850,10.02015832,0.71308970,1.18322189,-0.05731694,4
117.37754491,31.96173085,41.40756960,-159.15263599,22.60275839,41.40556960,-73.09142257,0.71727258,0.13266191,4.40287132,1.26808300,-4.21595079,-0.04542049,0.07790894,0.63254066,10.05126728,0.20962471,1.51894333,-0.16059274,4
117.37754390,31.96173111,41.40914517,-159.12355277,22.50708572,41.40714517,-73.09139335,0.72012646,0.15168517,4.40602415,1.26915444,-4.21888147,-0.04685424,0.07666469,0.69172481,10.14230210,-0.41306509,1.49765852,-0.15928240,4
117.37754289,31.96173136,41.41089573,-159.09446944,22.41141308,41.40889573,-73.09129080,0.67498699,0.16968127,4.41060130,1.27089573,-4.22323934,-0.04817180,0.08051541,0.54884428,10.29203308,-1.15253330,1.12669336,-0.05553206,4
117.37754188,31.96173164,41.41264957,-159.06538589,22.31574053,41.41064957,-73.09113232,0.62894868,0.18765813,4.41520514,1.27264957,-4.22762394,-0.04948718,0.08446155,0.40217936,10.44286337,-1.89418867,0.74917917,0.05013684,4
117.37754087,31.96173190,41.41440341,-159.03630203,22.22006807,41.41240341,-73.09093997,0.58291035,0.20563501,4.41980896,1.27440341,-4.23200854,-0.05080257,0.08840769,0.25551442,10.59369369,-2.63584414,0.37166491,0.15580575,4
117.37753985,31.96173216,41.41610504,-159.00721784,22.12439571,41.41410504,-73.09073924,0.54146400,0.21313258,4.42095326,1.27498458,-4.23311909,-0.05150299,0.06492511,0.10309291,10.49359434,-2.82954169,-0.03004463,0.21900364,4
117.37753883,31.96173243,41.41770597,-158.97813331,22.02872347,41.41570597,-73.09055619,0.50887303,0.20042138,4.41542600,1.27330430,-4.22791580,-0.05101751,-0.01145233,-0.06042985,9.90959025,-1.96653103,-0.47841351,0.20029838,4
117.37753783,31.96173270,41.41927276,-158.94904851,21.93305132,41.41727276,-73.09041359,0.47928518,0.18085679,4.40763622,1.27085710,-4.22057130,-0.05012985,-0.10576793,-0.22771729,9.16148005,-0.74515982,-0.94260573,0.15381734,4
117.37753682,31.96173298,41.42083892,-158.91996351,21.83737922,41.41883892,-73.09032806,0.44975183,0.16116789,4.39980541,1.26839598,-4.21318796,-0.04923490,-0.20040890,-0.39507294,8.41039323,0.48271165,-1.40708479,0.10683246,4
117.37753581,31.96173323,41.42251345,-158.89087843,21.74170717,41.42051345,-73.09030954,0.43154959,0.13741430,4.39202784,1.26593157,-4.20585846,-0.04789243,-0.28053317,-0.51806301,7.81083565,1.59824899,-1.84056239,0.06108093,4
117.37753479,31.96173350,41.42469889,-158.86179337,21.64603510,41.42269889,-73.09036303,0.46676439,0.09449898,4.38450123,1.26345156,-4.19878276,-0.04444018,-0.29222291,-0.43190487,7.92561686,2.18422162,-2.12789310,0.02114358,4
117.37753378,31.96173376,41.42741227,-158.83270847,21.55036300,41.42541227,-73.09049181,0.55717850,0.03178257,4.37723396,1.26095543,-4.19196935,-0.03880778,-0.23319484,-0.12962041,8.77857039,2.22296108,-2.26420089,-0.01278560,4
117.37753277,31.96173403,41.43013565,-158.80362385,21.45469081,41.42813565,-73.09070080,0.64863874,-0.03130911,4.36997162,1.25845900,-4.18516089,-0.03313407,-0.17282654,0.17676005,9.64551363,2.25132963,-2.39764660,-0.04660092,4
117.37753176,31.96173430,41.43285902,-158.77453964,21.35901850,41.43085902,-73.09099818,0.74009899,-0.09440080,4.36270926,1.25596255,-4.17835244,-0.02746036,-0.11245823,0.48314055,10.51245695,2.27969820,-2.53109233,-0.08041625,4
117.37753075,31.96173456,41.43483910,-158.74545601,21.26334602,41.43283910,-73.09139450,0.79256953,-0.13431566,4.36219942,1.25554399,-4.17792544,-0.02386662,-0.03744815,0.62826281,11.02275428,1.75814726,-2.19374169,-0.07342634,4
117.37752975,31.96173484,41.43554548,-158.71637314,21.16767331,41.43354548,-73.09189990,0.77823033,-0.13451651,4.37326019,1.25868592,-4.18843324,-0.02383698,0.06265096,0.49706539,10.92193049,0.29429674,-1.04967075,0.00348429,4
117.37752875,31.96173511,41.43600283,-158.68729120,21.07200032,41.43400283,-73.09252086,0.75082755,-0.12695194,4.38658339,1.26252402,-4.20107916,-0.02450424,0.16765587,0.31183810,10.70161195,-1.35380579,0.25214173,0.09406681,4
117.37752773,31.96173538,41.43645581,-158.65821039,20.97632698,41.43445581,-73.09325791,0.72319588,-0.11925131,4.39994626,1.26637435,-4.21376255,-0.02518370,0.27274685,0.12566400,10.47919957,-3.00513844,1.55671943,0.18488898,4
117.37752672,31.96173565,41.43708935,-158.62913092,20.88065325,41.43508935,-73.09410548,0.68778951,-0.09967175,4.41257483,1.26995756,-4.22578663,-0.02688027,0.34255632,-0.02074716,10.22531752,-4.20691193,2.61061777,0.26355415,4
117.37752571,31.96173593,41.43824888,-158.60005294,20.78497906,41.43624888,-73.09505398,0.62973565,-0.04548894,4.42306437,1.27276269,-4.23589007,-0.03153961,0.30959071,-0.05132858,9.87976525,-4.09911818,2.93428520,0.30680585,4
117.37752470,31.96173618,41.43979606,-158.57097664,20.68930436,41.43779606,-73.09609242,0.55499051,0.03419652,4.43197745,1.27499437,-4.24457802,-0.03838253,0.20087957,0.00345684,9.46665176,-3.02616974,2.71977041,0.32395773,4
117.37752368,31.96173643,41.44135060,-158.54190213,20.59362912,41.43935060,-73.09721131,0.47992806,0.11436678,4.44086059,1.27721515,-4.25323907,-0.04526695,0.09072875,0.05986471,9.05225372,-1.93487716,2.49502720,0.34061359,4
117.37752266,31.96173669,41.44290516,-158.51282956,20.49795329,41.44090516,-73.09840389,0.40486555,0.19453709,4.44974372,1.27943593,-4.26190013,-0.05215138,-0.01942215,0.11627263,8.63785537,-0.84358376,2.27028384,0.35726948,4
117.37752165,31.96173694,41.44527308,-158.48375904,20.40227683,41.44327308,-73.09966549,0.36902728,0.25060618,4.45252053,1.27972626,-4.26469636,-0.05671849,-0.11123507,0.18039783,8.53356712,-0.07625107,1.92122110,0.37754000,4
117.37752063,31.96173719,41.44894349,-158.45469068,20.30659973,41.44694349,-73.10099245,0.39599918,0.26808171,4.44551919,1.27692536,-4.25810118,-0.05757486,-0.17368319,0.25688072,8.92586099,0.17232006,1.37308484,0.40359868,4
117.37751962,31.96173744,41.45275475,-158.42562460,20.21092193,41.45075475,-73.10238006,0.42976277,0.28138413,4.43746053,1.27379021,-4.25049050,-0.05802997,-0.23295610,0.33469987,9.37185056,0.36479738,0.80342255,0.43028324,4
117.37751861,31.96173770,41.45656827,-158.39656087,20.11524341,41.45456827,-73.10382127,0.46363580,0.29461928,4.42938484,1.27064966,-4.24286346,-0.05847862,-0.29217783,0.41254056,9.81870543,0.55637070,0.23341340,0.45697789,4
117.37751759,31.96173796,41.45973777,-158.36749960,20.01956415,41.45773777,-73.10530648,0.48936863,0.30240803,4.42118262,1.26754746,-4.23515060,-0.05860429,-0.33378007,0.45022619,10.16851046,0.60890393,-0.23530314,0.46833494,4
117.37751658,31.96173823,41.46116603,-158.33844083,19.92388412,41.45916603,-73.10682435,0.49309316,0.29547156,4.41263831,1.26454893,-4.22720568,-0.05785678,-0.32774535,0.37934654,10.25592648,0.28552117,-0.43015969,0.43822449,4
117.37751557,31.96173848,41.46141379,-158.30938463,19.82820332,41.45941379,-73.10836312,0.48189654,0.27855170,4.40386205,1.26162069,-4.21910344,-0.05651724,-0.28941375,0.23486190,10.16544817,-0.29272482,-0.43934484,0.37999993,4
117.37751455,31.96173875,41.46163895,-158.28033100,19.73252173,41.45963895,-73.10991159,0.47041410,0.26144063,4.39508136,1.25869379,-4.21099819,-0.05516637,-0.25046352,0.08896740,10.07156235,-0.87585252,-0.44497348,0.32123687,4
117.37751354,31.96173901,41.46186297,-158.25127997,19.63683936,41.45986297,-73.11145955,0.45893806,0.24431546,4.38632633,1.25577469,-4.20291635,-0.05381545,-0.21154135,-0.05565680,9.97718087,-1.45345932,-0.45127645,0.26248544,4
117.37751253,31.96173927,41.46199742,-158.22223151,19.54115620,41.45999742,-73.11299723,0.44797321,0.22606420,4.37962205,1.25347908,-4.19670673,-0.05246104,-0.17486233,-0.09869725,9.84316030,-1.58957102,-0.51150452,0.20466378,4
117.37751152,31.96173954,41.46200000,-158.19318561,19.44547226,41.46000000,-73.11451438,0.43776105,0.20615493,4.37593726,1.25210147,-4.19325368,-0.05110147,-0.14148606,0.00783148,9.65077622,-1.07563692,-0.65113047,0.14821109,4
117.37751051,31.96173980,41.46200000,-158.16414222,19.34978756,41.46000000,-73.11599878,0.42756358,0.18621324,4.37231149,1.25074181,-4.18985453,-0.04974181,-0.10817438,0.11728417,9.45725119,-0.54899502,-0.79230857,0.09178517,4
117.37750950,31.96174007,41.46200000,-158.13510128,19.25410211,41.46000000,-73.11743591,0.41736613,0.16627156,4.36868573,1.24938215,-4.18645537,-0.04838215,-0.07486271,0.22673682,9.26372619,-0.02235324,-0.93348663,0.03535928,4
117.37750848,31.96174033,41.46242243,-158.10606269,19.15841595,41.46042243,-73.11880968,0.40948161,0.14683515,4.36687036,1.24871459,-4.18470726,-0.04697534,-0.04279831,0.31070579,9.16652707,0.28491898,-1.00178992,-0.01697751,4
117.37750747,31.96174060,41.46375997,-158.07702633,19.06272910,41.46175997,-73.12010407,0.40660761,0.12849335,4.36897687,1.24954632,-4.18653582,-0.04546638,-0.01343591,0.33946900,9.27800047,0.11696698,-0.91222324,-0.06045602,4
117.37750646,31.96174086,41.46553278,-158.04799206,18.96704162,41.46353278,-73.12130531,0.40611680,0.11067219,4.37294876,1.25109118,-4.19006556,-0.04390882,0.01464131,0.34197438,9.48872576,-0.27701818,-0.74756816,-0.09972119,4
117.37750545,31.96174113,41.46731390,-158.01895972,18.87135355,41.46531390,-73.12240313,0.40567152,0.09286099,4.37695628,1.25264967,-4.19362780,-0.04235033,0.04269394,0.34397814,9.70134695,-0.67532114,-0.58147872,-0.13890583,4
117.37750444,31.96174140,41.46904788,-157.98992911,18.77566495,41.46704788,-73.12339109,0.40451882,0.07546383,4.38082189,1.25416093,-4.19706709,-0.04082952,0.06910333,0.34032448,9.90428728,-1.04578444,-0.42586129,-0.17546683,4
117.37750343,31.96174167,41.47031980,-157.96090007,18.67997588,41.46831980,-73.12426538,0.39643176,0.06212512,4.38329656,1.25520933,-4.19930121,-0.03967787,0.07940545,0.28121599,10.01233511,-1.14336071,-0.37289139,-0.18631075,4
117.37750242,31.96174194,41.47100502,-157.93187238,18.58428639,41.46900502,-73.12502266,0.37953955,0.05393979,4.38400502,1.25567001,-4.20000502,-0.03899498,0.06925472,0.15169159,9.99988961,-0.89442833,-0.45026208,-0.16449941,4
117.37750141,31.96174221,41.47167867,-157.90284586,18.48859654,41.46967867,-73.12565767,0.36247380,0.04585601,4.38467867,1.25611910,-4.20067867,-0.03832133,0.05870091,0.02077934,9.98506936,-0.63866667,-0.53020164,-0.14204448,4
117.37750040,31.96174248,41.47235231,-157.87382030,18.39290640,41.47035231,-73.12616162,0.34540805,0.03777223,4.38535231,1.25656820,-4.20135231,-0.03764769,0.04814709,-0.11013294,9.97024911,-0.38290494,-0.61014122,-0.11958955,4
117.37749939,31.96174275,41.47285135,-157.84479546,18.29721604,41.47085135,-73.12652233,0.33166753,0.03051202,4.38671852,1.25718996,-4.20266071,-0.03709085,0.04645698,-0.18982551,9.93400678,-0.21951278,-0.60779015,-0.10168335,4
117.37749838,31.96174301,41.47299726,-157.81577110,18.20152553,41.47099726,-73.12672585,0.32465138,0.02491723,4.38948523,1.25816083,-4.20525269,-0.03677021,0.06269124,-0.16594038,9.85444428,-0.24291251,-0.43902913,-0.09297572,4
117.37749736,31.96174325,41.47300000,-157.78674694,18.10583495,41.47100000,-73.12675875,0.32036163,0.01999769,4.39281976,1.25927326,-4.20836511,-0.03654535,0.08619300,-0.10005935,9.75731752,-0.34204759,-0.20279671,-0.08799769,4
117.37749635,31.96174351,41.47300000,-157.75772268,18.01014441,41.47100000,-73.12661068,0.31612411,0.01509107,4.39616518,1.26038839,-4.21148750,-0.03632232,0.10983394,-0.03337406,9.65985440,-0.44263309,0.03472783,-0.08309107,4
117.37749533,31.96174377,41.47303006,-157.72869803,17.91445398,41.47103006,-73.12627548,0.31215689,0.01152192,4.39957091,1.26150359,-4.21467020,-0.03618947,0.13104127,0.02450706,9.57155441,-0.52198594,0.25994092,-0.07740258,4
117.37749432,31.96174401,41.47325206,-157.69967266,17.81876377,41.47125206,-73.12575134,0.30991550,0.01649202,4.40336176,1.26261922,-4.21823792,-0.03663234,0.13671069,0.02617618,9.54175818,-0.46577451,0.40654917,-0.06672196,4
117.37749331,31.96174428,41.47369412,-157.67064625,17.72307387,41.47169412,-73.12503960,0.30965293,0.03125313,4.40759417,1.26373531,-4.22224711,-0.03773531,0.12456455,-0.03660667,9.57904166,-0.25412676,0.46303009,-0.05031744,4
117.37749230,31.96174454,41.47414056,-157.64161850,17.62738438,41.47214056,-73.12414281,0.30942972,0.04620890,4.41183536,1.26485141,-4.22626508,-0.03885141,0.11206420,-0.10067096,9.61765880,-0.03938863,0.51771911,-0.03379912,4
117.37749129,31.96174480,41.47458701,-157.61258909,17.53169540,41.47258701,-73.12306292,0.30920650,0.06116468,4.41607655,1.26596751,-4.23028305,-0.03996751,0.09956386,-0.16473523,9.65627594,0.17534948,0.57240813,-0.01728081,4
117.37749027,31.96174506,41.47473060,-157.58355774,17.43600700,41.47273060,-73.12180019,0.31452151,0.07226465,4.41963754,1.26689828,-4.23368196,-0.04077790,0.09247368,-0.19831124,9.69641320,0.33060646,0.56246227,-0.00366197,4
117.37748926,31.96174532,41.47428733,-157.55452412,17.34031929,41.47228733,-73.12035340,0.33056844,0.07589292,4.42188043,1.26746991,-4.23588125,-0.04099589,0.09586728,-0.17280753,9.73949610,0.37060182,0.42726793,0.00433833,4
117.37748825,31.96174557,41.47363220,-157.52548793,17.24463236,41.47163220,-73.11872095,0.35048987,0.07682373,4.42364746,1.26791187,-4.23764746,-0.04100000,0.10304577,-0.12597450,9.78364245,0.36898475,0.24685565,0.01031018,4
117.37748723,31.96174581,41.47297299,-157.49644885,17.14894631,41.47097299,-73.11690202,0.37048577,0.07770267,4.42540534,1.26835133,-4.23940534,-0.04100000,0.11029704,-0.07873143,9.82780922,0.36656765,0.06557408,0.01624303,4
117.37748621,31.96174607,41.47231340,-157.46740659,17.05326122,41.47031340,-73.11489764,0.38928525,0.07889949,4.42705442,1.26876665,-4.24105442,-0.04103661,0.11578277,-0.03445055,9.87095272,0.35648376,-0.09380856,0.02152030,4
117.37748520,31.96174633,41.47165076,-157.43836082,16.95757720,41.46965076,-73.11271060,0.39884535,0.08255115,4.42786329,1.26899549,-4.24186329,-0.04135601,0.10763428,-0.01304515,9.90619390,0.28719327,-0.08407761,0.02173495,4
117.37748419,31.96174657,41.47098444,-157.40931125,16.86189434,41.46898444,-73.11034418,0.39729184,0.08915559,4.42766148,1.26900000,-4.24166148,-0.04201556,0.08308580,-0.01915559,9.93192977,0.14668593,0.12907224,0.01585997,4
117.37748317,31.96174684,41.47031806,-157.38025758,16.76621272,41.46831806,-73.10780064,0.39551482,0.09581942,4.42743935,1.26900000,-4.24143935,-0.04268194,0.05820748,-0.02581942,9.95747446,0.00474629,0.34631320,0.00986252,4
117.37748216,31.96174709,41.46965168,-157.35119952,16.67053243,41.46765168,-73.10508020,0.39373780,0.10248325,4.42721722,1.26900000,-4.24121722,-0.04334832,0.03332918,-0.03248325,9.98301914,-0.13719333,0.56355412,0.00386507,4
117.37748115,31.96174736,41.46920974,-157.32213676,16.57485358,41.46720974,-73.10218122,0.39213185,0.10935587,4.42721860,1.26905575,-4.24121860,-0.04401329,0.01814978,-0.04180912,9.98001806,-0.22223759,0.67556581,-0.00395950,4
117.37748013,31.96174763,41.46922898,-157.29306902,16.47917623,41.46722898,-73.09910177,0.39087737,0.11665749,4.42767919,1.26922608,-4.24167919,-0.04467532,0.02289897,-0.05660476,9.91836321,-0.19037744,0.57136020,-0.01553832,4
117.37747912,31.96174789,41.46944537,-157.26399597,16.38350050,41.46744537,-73.09584182,0.38977316,0.12414249,4.42833611,1.26944537,-4.24233611,-0.04533611,0.03616742,-0.07373867,9.83163448,-0.10854183,0.37472390,-0.02872205,4
117.37747810,31.96174813,41.46966562,-157.23491734,16.28782646,41.46766562,-73.09240514,0.38867190,0.13163110,4.42899687,1.26966562,-4.24299687,-0.04599687,0.04960285,-0.09091840,9.74441428,-0.02572669,0.17627591,-0.04193723,4
117.37747709,31.96174840,41.46989444,-157.20583282,16.19215422,41.46789444,-73.08879954,0.38813735,0.13867429,4.42958172,1.26986904,-4.24358172,-0.04661558,0.06253622,-0.10581145,9.66215069,0.05710773,-0.01285346,-0.05550529,4
117.37747607,31.96174866,41.47021714,-157.17674215,16.09648384,41.46821714,-73.08503516,0.39381767,0.14083297,4.42933420,1.26988784,-4.24333420,-0.04677328,0.06996370,-0.09562774,9.63424349,0.14015338,-0.09979096,-0.07294303,4
117.37747506,31.96174893,41.47066026,-157.14764506,16.00081541,41.46866026,-73.08112183,0.40746827,0.13672747,4.42801920,1.26966987,-4.24201920,-0.04633974,0.07033013,-0.05328425,9.67604588,0.22346990,-0.05567199,-0.09534347,4
117.37747405,31.96174918,41.47110583,-157.11854131,15.90514901,41.46910583,-73.07706616,0.42128102,0.13249453,4.42668248,1.26944707,-4.24068248,-0.04589417,0.07055293,-0.01028649,9.71926643,0.30679198,-0.00888686,-0.11784490,4
117.37747305,31.96174945,41.47155141,-157.08943068,15.80948469,41.46955141,-73.07286997,0.43509379,0.12826158,4.42534576,1.26922429,-4.23934576,-0.04544859,0.07077571,0.03271130,9.76248702,0.39011413,0.03789831,-0.14034633,4
117.37747204,31.96174972,41.47188921,-157.06031292,15.71382254,41.46988921,-73.06853055,0.44534896,0.12689478,4.42433235,1.26916376,-4.23833235,-0.04521916,0.06818111,0.06568867,9.80576611,0.39091504,0.09536734,-0.16553336,4
117.37747102,31.96174997,41.47199788,-157.03118779,15.61816263,41.46999788,-73.06404197,0.44804002,0.13162192,4.42400635,1.26944822,-4.23800635,-0.04544928,0.05959623,0.07736073,9.84916962,0.21626048,0.17555219,-0.19643045,4
117.37747001,31.96175024,41.47200000,-157.00205504,15.52250504,41.47000000,-73.05939693,0.44721379,0.13918275,4.42400000,1.26989310,-4.23800000,-0.04589310,0.04822588,0.07912586,9.89263096,-0.03998063,0.26629985,-0.22998270,4
117.37746900,31.96175051,41.47200000,-156.97291440,15.42684984,41.47000000,-73.05458823,0.44631765,0.14679988,4.42400000,1.27034117,-4.23800000,-0.04634117,0.03680018,0.08069409,9.93609346,-0.29784313,0.35725744,-0.26358773,4
117.37746799,31.96175077,41.47198720,-156.94376558,15.33119712,41.46998720,-73.04960928,0.44501146,0.15383014,4.42391035,1.27078937,-4.23789755,-0.04675095,0.02612673,0.08154561,9.97810866,-0.53208869,0.43051729,-0.29877773,4
117.37746698,31.96175104,41.47187840,-156.91460831,15.23554697,41.46987840,-73.04445375,0.44063169,0.15646162,4.42314880,1.27123855,-4.23702719,-0.04687374,0.02109156,0.07702526,10.00927632,-0.58932099,0.37112917,-0.34584770,4
117.37746597,31.96175131,41.47165556,-156.88544228,15.13989949,41.46965556,-73.03911545,0.43260007,0.15386669,4.42158890,1.27168889,-4.23524446,-0.04665556,0.02275554,0.06612230,10.02755542,-0.43623449,0.15413496,-0.40703288,4
117.37746496,31.96175157,41.47143038,-156.85626718,15.04425475,41.46943038,-73.03358822,0.42449349,0.15116450,4.42001262,1.27213925,-4.23344300,-0.04643038,0.02455700,0.05508837,10.04557002,-0.27883197,-0.06609347,-0.46850768,4
117.37746395,31.96175184,41.47120519,-156.82708269,14.94861288,41.46920519,-73.02786609,0.41638693,0.14846231,4.41843635,1.27258961,-4.23164154,-0.04620519,0.02635846,0.04405444,10.06358460,-0.12142955,-0.28632175,-0.52998245,4
117.37746294,31.96175211,41.47104312,-156.79788848,14.85297395,41.46904312,-73.02194361,0.40852575,0.14582081,4.41692186,1.27316708,-4.22983832,-0.04604312,0.03031485,0.02484032,10.05565213,-0.05899251,-0.39309088,-0.59810354,4
117.37746193,31.96175238,41.47100082,-156.76868422,14.75733809,41.46900082,-73.01581606,0.40113027,0.14329448,4.41552464,1.27398576,-4.22803175,-0.04600082,0.03836116,-0.00989923,9.99847386,-0.17679340,-0.28452216,-0.67883896,4
117.37746092,31.96175264,41.47100000,-156.73946954,14.66170539,41.46900000,-73.00947929,0.39389609,0.14080803,4.41416802,1.27488798,-4.22622402,-0.04600000,0.04782387,-0.05001548,9.92424098,-0.35701363,-0.10137840,-0.76394289,4
117.37745990,31.96175290,41.47100000,-156.71024412,14.56607596,41.46900000,-73.00292937,0.38666511,0.13832238,4.41281221,1.27579186,-4.22441628,-0.04600000,0.05731454,-0.09023786,9.84967139,-0.53846628,0.08323780,-0.84913298,4
117.37745889,31.96175317,41.47100000,-156.68100757,14.47044992,41.46900000,-72.99616203,0.37995711,0.13573705,4.41163075,1.27679539,-4.22278287,-0.04595018,0.06755265,-0.12278860,9.78890078,-0.67750013,0.22498688,-0.92488349,4
117.37745788,31.96175343,41.47100000,-156.65175954,14.37482737,41.46900000,-72.98917259,0.37539288,0.13274315,4.41116393,1.27820739,-4.22186409,-0.04569616,0.08085449,-0.12389366,9.78469139,-0.64266134,0.19102563,-0.96194174,4
117.37745687,31.96175370,41.47100000,-156.62249966,14.27920843,41.46900000,-72.98195601,0.37286485,0.12936116,4.41137592,1.28000738,-4.22162408,-0.04524816,0.09706642,-0.09513007,9.83420664,-0.44266973,-0.00983396,-0.96224816,4
117.37745586,31.96175398,41.47100000,-156.59322754,14.18359322,41.46900000,-72.97450725,0.37037886,0.12597117,4.41160193,1.28181537,-4.22139807,-0.04479616,0.11333839,-0.06575014,9.88483052,-0.23927021,-0.21413748,-0.96179616,4
117.37745485,31.96175425,41.47100000,-156.56394278,14.08798187,41.46900000,-72.96682246,0.36789286,0.12258118,4.41182792,1.28362337,-4.22117208,-0.04434416,0.12961033,-0.03637024,9.93545435,-0.03587092,-0.41844077,-0.96134416,4
117.37745384,31.96175452,41.47092366,-156.53464500,13.99237448,41.46892366,-72.95889944,0.36381031,0.11797879,4.41304580,1.28573188,-4.22186283,-0.04389337,0.14179225,-0.00943602,9.95815256,0.01421552,-0.49744734,-0.96784076,4
117.37745283,31.96175479,41.47072188,-156.50533380,13.89677120,41.46872188,-72.95073827,0.35710467,0.11138446,4.41589328,1.28833414,-4.22405975,-0.04344459,0.14725443,0.01348009,9.93496997,-0.18758567,-0.37059584,-0.98575367,4
117.37745182,31.96175505,41.47049808,-156.47600877,13.80117213,41.46849808,-72.94234117,0.34993840,0.10444034,4.41902694,1.29102310,-4.22652117,-0.04299615,0.15153657,0.03569056,9.90373052,-0.43361924,-0.20759487,-1.00567131,4
117.37745081,31.96175532,41.47027386,-156.44666954,13.70557741,41.46827386,-72.93371195,0.34276355,0.09748968,4.42216596,1.29371367,-4.22898753,-0.04254772,0.15579665,0.05788779,9.87234050,-0.68047930,-0.04391835,-1.02562639,4
117.37744980,31.96175559,41.47004967,-156.41731571,13.60998715,41.46804967,-72.92485439,0.33506400,0.09309698,4.42523455,1.29636892,-4.23138357,-0.04230953,0.15690355,0.07220085,9.83766100,-0.84625321,0.09613035,-1.03811792,4
117.37744879,31.96175585,41.46982555,-156.38794691,13.51440147,41.46782555,-72.91577049,0.32577560,0.09645001,4.42809001,1.29891725,-4.23356666,-0.04270792,0.14846229,0.06263984,9.79302037,-0.76648955,0.16463204,-1.02800898,4
117.37744778,31.96175612,41.46960149,-156.35856276,13.41882049,41.46760149,-72.90645908,0.31526986,0.10573757,4.43078217,1.30138365,-4.23558662,-0.04359406,0.13270554,0.03478730,9.74074783,-0.49860310,0.17831675,-1.00058433,4
117.37744678,31.96175639,41.46937742,-156.32916288,13.32324433,41.46737742,-72.89691517,0.30473890,0.11514821,4.43347092,1.30384834,-4.23760319,-0.04449031,0.11679705,0.00655534,9.68831707,-0.22681455,0.19086429,-0.97280050,4
117.37744577,31.96175666,41.46915336,-156.29974688,13.22767311,41.46715336,-72.88713036,0.29420794,0.12455886,4.43615968,1.30631304,-4.23961975,-0.04538656,0.10088859,-0.02167659,9.63588634,0.04497379,0.20341181,-0.94501670,4
117.37744476,31.96175693,41.46884510,-156.27031435,13.13210696,41.46684510,-72.87709429,0.28951714,0.12946685,4.43810026,1.30844778,-4.24097053,-0.04578221,0.09332145,-0.00885145,9.65067294,0.12790273,0.18977545,-0.92010729,4
117.37744375,31.96175719,41.46840704,-156.24086486,13.03654603,41.46640704,-72.86679664,0.29383084,0.12743253,4.43888729,1.31007381,-4.24129475,-0.04540602,0.09861518,0.06727652,9.76909693,-0.08035660,0.13576811,-0.89962976,4
117.37744273,31.96175745,41.46795668,-156.21139797,12.94099045,41.46595668,-72.85622829,0.29899815,0.12474009,4.43956498,1.31165161,-4.24152166,-0.04495668,0.10512810,0.14940544,9.89734549,-0.31622002,0.07793371,-0.87957237,4
117.37744171,31.96175771,41.46750611,-156.18191323,12.84544036,41.46550611,-72.84538169,0.30417969,0.12203668,4.44024083,1.31322861,-4.24174694,-0.04450611,0.11166136,0.23163429,10.02575766,-0.55254348,0.02003558,-0.85952205,4
117.37744071,31.96175798,41.46705540,-156.15241016,12.74989592,41.46505540,-72.83425014,0.30490097,0.12065773,4.44065183,1.31471775,-4.24170724,-0.04423212,0.11249779,0.28477663,10.11286105,-0.72550422,-0.01336264,-0.84507581,4
117.37743969,31.96175824,41.46660432,-156.12288828,12.65435728,41.46460432,-72.82282594,0.29442291,0.12260435,4.44039783,1.31598633,-4.24100215,-0.04440144,0.09903008,0.26488575,10.09624239,-0.73936797,0.01475591,-0.84470082,4
117.37743867,31.96175850,41.46615301,-156.09334711,12.55882461,41.46415301,-72.81109909,0.27696710,0.12662298,4.43972951,1.31711749,-4.23988251,-0.04484699,0.07665013,0.19949139,10.01499948,-0.65410601,0.08120262,-0.85309295,4
117.37743767,31.96175877,41.46570169,-156.06378613,12.46329805,41.46370169,-72.79905656,0.25936571,0.13068483,4.43905253,1.31824579,-4.23875421,-0.04529831,0.05408425,0.13314770,9.93240836,-0.56677605,0.14844893,-0.86166798,4
117.37743666,31.96175904,41.46525544,-156.03420480,12.36777780,41.46325544,-72.78668287,0.24192077,0.13462918,4.43834462,1.31937426,-4.23759491,-0.04573943,0.03248059,0.06898706,9.85093423,-0.48302830,0.21206359,-0.87068621,4
117.37743565,31.96175930,41.46490147,-156.00460256,12.27226402,41.46290147,-72.77396183,0.22732640,0.13643255,4.43707316,1.32050600,-4.23587077,-0.04599466,0.02840794,0.04460052,9.78981251,-0.46454601,0.20951229,-0.88777864,4
117.37743464,31.96175957,41.46467157,-155.97497882,12.17675692,41.46267157,-72.76087836,0.21656396,0.13535787,4.43504416,1.32164213,-4.23338731,-0.04600000,0.04790153,0.07368071,9.75604974,-0.53379746,0.11801675,-0.91572487,4
117.37743363,31.96175983,41.46444433,-155.94533296,12.08125669,41.46244433,-72.74742013,0.20588343,0.13422164,4.43299896,1.32277836,-4.23088761,-0.04600000,0.06789909,0.10390432,9.72287195,-0.60492518,0.02461901,-0.94390326,4
117.37743262,31.96176010,41.46421709,-155.91566437,11.98576354,41.46221709,-72.73357786,0.19520290,0.13308542,4.43095375,1.32391458,-4.22838791,-0.04600000,0.08789669,0.13412796,9.68969412,-0.67605301,-0.06877888,-0.97208171,4
117.37743161,31.96176036,41.46404968,-155.88597238,11.89027767,41.46204968,-72.71934464,0.18381360,0.13189030,4.42968595,1.32528877,-4.22660625,-0.04594032,0.10489572,0.14427454,9.68471325,-0.69711068,-0.12426767,-0.99218218,4
117.37743060,31.96176062,41.46400099,-155.85625635,11.79479930,41.46200099,-72.70471425,0.17101866,0.13057839,4.42995993,1.32713489,-4.22624863,-0.04576224,0.11594786,0.11460338,9.73565387,-0.61886692,-0.10457337,-0.99626207,4
117.37742959,31.96176089,41.46400000,-155.82651562,11.69932865,41.46200000,-72.68967948,0.15765871,0.12921953,4.43085365,1.32917071,-4.22646342,-0.04553658,0.12460965,0.06892743,9.80907220,-0.50070888,-0.05465920,-0.99390247,4
117.37742857,31.96176116,41.46400000,-155.79674950,11.60386593,41.46200000,-72.67423162,0.14428703,0.12785969,4.43176020,1.33121046,-4.22669005,-0.04530995,0.13322192,0.02291979,9.88295641,-0.38172357,-0.00411877,-0.99140944,4
117.37742755,31.96176143,41.46400000,-155.76695730,11.50841138,41.46200000,-72.65836079,0.13286665,0.12734429,4.43262265,1.33320658,-4.22689454,-0.04517216,0.13763503,-0.01712523,9.93834808,-0.26544648,0.04477477,-0.98611359,4
117.37742655,31.96176169,41.46400000,-155.73713832,11.41296524,41.46200000,-72.64205690,0.13036591,0.13068884,4.43328352,1.33500323,-4.22699782,-0.04544053,0.12285344,-0.02991415,9.90920827,-0.16154997,0.08613983,-0.96800579,4
117.37742553,31.96176196,41.46400000,-155.70729183,11.31752773,41.46200000,-72.62531108,0.13677416,0.13788873,4.43374305,1.33660067,-4.22700000,-0.04611457,0.08890004,-0.01547948,9.79563787,-0.07001930,0.11998539,-0.93710136,4
117.37742452,31.96176223,41.46400000,-155.67741709,11.22209910,41.46200000,-72.60811641,0.14337434,0.14517168,4.43419824,1.33819380,-4.22700000,-0.04679735,0.05453363,-0.00045840,9.68024868,0.02124513,0.15366902,-0.90592124,4
117.37742351,31.96176249,41.46400000,-155.64751334,11.12667960,41.46200000,-72.59046809,0.14997451,0.15245463,4.43465341,1.33978695,-4.22700000,-0.04748012,0.02016723,0.01456267,9.56485950,0.11250955,0.18735265,-0.87474112,4
117.37742250,31.96176276,41.46392269,-155.61757984,11.03126948,41.46192269,-72.57236313,0.16004059,0.15895045,4.43549424,1.34137701,-4.22738652,-0.04800696,0.00403378,0.03720781,9.52676578,0.21225553,0.22182147,-0.84555392,4
117.37742149,31.96176303,41.46371927,-155.58761583,10.93586899,41.46171927,-72.55379921,0.17576141,0.16416206,4.43696425,1.34296205,-4.22840366,-0.04827941,0.01764772,0.07229176,9.61478097,0.32583937,0.25757138,-0.81961818,4
117.37742048,31.96176329,41.46349340,-155.55762054,10.84047839,41.46149340,-72.53477432,0.19248833,0.16914518,4.43854619,1.34454619,-4.22953300,-0.04850660,0.03655432,0.10958884,9.72523351,0.44188528,0.29354924,-0.79426091,4
117.37741947,31.96176356,41.46326710,-155.52759321,10.74509792,41.46126710,-72.51528671,0.20923483,0.17412387,4.44013032,1.34613032,-4.23066451,-0.04873290,0.05556386,0.14692901,9.83612252,0.55797929,0.32953159,-0.76891485,4
117.37741847,31.96176383,41.46307996,-155.49753308,10.64972786,41.46107996,-72.49533491,0.22399096,0.17989917,4.44096646,1.34755872,-4.23108689,-0.04903849,0.06429451,0.17784578,9.92758177,0.61248169,0.35111283,-0.75529979,4
117.37741747,31.96176410,41.46300165,-155.46743937,10.55436844,41.46100165,-72.47491807,0.23321705,0.18788772,4.43972440,1.34855443,-4.22953904,-0.04956435,0.04446672,0.19091589,9.96505793,0.49586081,0.33268266,-0.77427758,4
117.37741645,31.96176437,41.46300000,-155.43731131,10.45901995,41.46100000,-72.45403640,0.23854788,0.19743525,4.43701850,1.34924538,-4.22660337,-0.05024538,0.00452285,0.19141513,9.96450925,0.25870347,0.28606909,-0.81621327,4
117.37741544,31.96176464,41.46300000,-155.40714814,10.36368262,41.46100000,-72.43269124,0.24379470,0.20701641,4.43428102,1.34992975,-4.22363778,-0.05092975,-0.03585488,0.19164324,9.96314052,0.01894646,0.23884768,-0.85864411,4
117.37741443,31.96176491,41.46299578,-155.37694909,10.26835673,41.46099578,-72.41088493,0.24885577,0.21628516,4.43155622,1.35061834,-4.22068063,-0.05159300,-0.07487319,0.19242863,9.96123141,-0.21573587,0.19107330,-0.89996882,4
117.37741342,31.96176519,41.46289771,-155.34671340,10.17304253,41.46089771,-72.38862084,0.24978760,0.21860928,4.42911297,1.35140077,-4.21791118,-0.05178703,-0.08367300,0.20560167,9.94731002,-0.33761475,0.13100519,-0.91670579,4
117.37741241,31.96176546,41.46267239,-155.31644031,10.07774027,41.46067239,-72.36590356,0.24512011,0.21151636,4.42705148,1.35231046,-4.21539624,-0.05134477,-0.05149600,0.23557263,9.91709975,-0.30653032,0.05426654,-0.90010135,4
117.37741140,31.96176573,41.46244426,-155.28612910,9.98245022,41.46044426,-72.34273910,0.24032957,0.20421648,4.42499838,1.35322295,-4.21288691,-0.05088853,-0.01841842,0.26591276,9.88653150,-0.27208400,-0.02283845,-0.88276414,4
117.37741039,31.96176601,41.46221615,-155.25577901,9.88717262,41.46021615,-72.31913520,0.23553901,0.19691658,4.42294528,1.35413543,-4.21037758,-0.05043228,0.01465922,0.29625293,9.85596321,-0.23763765,-0.09994356,-0.86542689,4
117.37740938,31.96176628,41.46211021,-155.22538934,9.79190772,41.46011021,-72.29510151,0.22767732,0.19266886,4.42131787,1.35517189,-4.20829321,-0.05015915,0.04398987,0.29582072,9.83331235,-0.24847879,-0.11644873,-0.85970420,4
117.37740838,31.96176655,41.46224350,-155.19495938,9.69665576,41.46024350,-72.27065027,0.21380267,0.19439697,4.42052392,1.35645109,-4.20704089,-0.05024449,0.06598425,0.23513927,9.82616309,-0.34798823,-0.01430536,-0.87672161,4
117.37740738,31.96176683,41.46247098,-155.16448845,9.60141697,41.46047098,-72.24579649,0.19756095,0.19847750,4.42005806,1.35782583,-4.20611611,-0.05047098,0.08509072,0.15074015,9.82511611,-0.48240285,0.13454509,-0.90269087,4
117.37740637,31.96176710,41.46270043,-155.13397591,9.50619160,41.46070043,-72.22055805,0.18126907,0.20260784,4.41959913,1.35920261,-4.20519826,-0.05070043,0.10413616,0.06583883,9.82419826,-0.61755656,0.28438444,-0.92884966,4
117.37740536,31.96176737,41.46287376,-155.10342114,9.41097984,41.46087376,-72.19495560,0.16680617,0.20662396,4.41914044,1.36057866,-4.20428090,-0.05092977,0.11706638,-0.00157029,9.82720160,-0.71438367,0.38810398,-0.94860941,4
117.37740435,31.96176765,41.46283722,-155.07282356,9.31578191,41.46083722,-72.16901178,0.15918200,0.21021301,4.41868268,1.36195196,-4.20336536,-0.05115866,0.10713149,-0.00357481,9.84486641,-0.66790522,0.31937883,-0.94444276,4
117.37740334,31.96176792,41.46261286,-155.04218262,9.22059800,41.46061286,-72.14275050,0.15767718,0.21341990,4.41822573,1.36332282,-4.20245146,-0.05138714,0.07673667,0.05294536,9.87565047,-0.49319549,0.09634844,-0.91886651,4
117.37740233,31.96176819,41.46238440,-155.01149782,9.12542829,41.46038440,-72.11619603,0.15630639,0.21661843,4.41776880,1.36469361,-4.20153759,-0.05161560,0.04589369,0.11074738,9.90672191,-0.31567702,-0.13006187,-0.89282134,4
117.37740132,31.96176848,41.46215593,-154.98076871,9.03027295,41.46015593,-72.08937270,0.15493558,0.21981698,4.41731186,1.36606442,-4.20062372,-0.05184407,0.01505062,0.16854958,9.93779345,-0.13815801,-0.35647286,-0.86677608,4
117.37740032,31.96176876,41.46218405,-154.94999486,8.93513213,41.46018405,-72.06230532,0.14766308,0.21985095,4.41719704,1.36752079,-4.20005195,-0.05181595,-0.00176621,0.18777884,9.94722648,-0.13956531,-0.42807879,-0.86450776,4
117.37739931,31.96176904,41.46260270,-154.91917589,8.84000597,41.46060270,-72.03502011,0.13140799,0.21506835,4.41760292,1.36910740,-4.20000087,-0.05139730,0.00276543,0.14829865,9.92372487,-0.41330496,-0.26406561,-0.89842883,4
117.37739831,31.96176932,41.46305902,-154.88831146,8.74489460,41.46105902,-72.00754641,0.11428662,0.20982123,4.41805902,1.37070658,-4.20000000,-0.05094098,0.00935584,0.10315668,9.89704713,-0.71330789,-0.07732991,-0.93583992,4
117.37739730,31.96176959,41.46351599,-154.85740131,8.64979814,41.46151599,-71.97991750,0.09715022,0.20456606,4.41851599,1.37230598,-4.20000000,-0.05048401,0.01598191,0.05791656,9.87031433,-1.01376627,0.10979968,-0.97331153,4
117.37739630,31.96176986,41.46392199,-154.82644520,8.55471666,41.46192199,-71.95217031,0.07962592,0.20108484,4.41856821,1.37390384,-4.19954514,-0.05022963,0.01633469,0.02075569,9.84239423,-1.20451753,0.21851399,-1.01185908,4
117.37739529,31.96177015,41.46421270,-154.79544297,8.45965024,41.46221270,-71.92434443,0.06122462,0.20161489,4.41770518,1.37549823,-4.19806174,-0.05043338,0.00250216,0.00186387,9.81178944,-1.14719641,0.14991388,-1.05283940,4
117.37739429,31.96177043,41.46444154,-154.76439454,8.36459892,41.46244154,-71.89647996,0.04235245,0.20429844,4.41635078,1.37709076,-4.19602618,-0.05088307,-0.01894598,-0.00721993,9.77974333,-0.95669381,-0.01388025,-1.09512583,4
117.37739328,31.96177071,41.46466904,-154.73329988,8.26956274,41.46266904,-71.86861575,0.02347013,0.20702842,4.41498579,1.37868324,-4.19397868,-0.05133806,-0.04055829,-0.01609234,9.74766612,-0.76332055,-0.17972626,-1.13744044,4
117.37739228,31.96177099,41.46489657,-154.70215902,8.17454170,41.46289657,-71.84078774,0.00659115,0.20888293,4.41374775,1.38029008,-4.19207219,-0.05170837,-0.05875499,-0.02040318,9.71715252,-0.56302705,-0.33169474,-1.17396907,4
117.37739127,31.96177127,41.46512431,-154.67097206,8.07953578,41.46312431,-71.81302910,0.00368668,0.20463068,4.41339526,1.38199696,-4.19114913,-0.05148787,-0.05312593,0.00710542,9.69754625,-0.31446353,-0.38685885,-1.17013716,4
117.37739026,31.96177156,41.46535231,-154.63973914,7.98454496,41.46335231,-71.78537135,0.01678574,0.19338497,4.41405690,1.38381840,-4.19135231,-0.05059079,-0.02021182,0.07105336,9.69043099,-0.01062185,-0.33116336,-1.12008467,4
117.37738927,31.96177184,41.46558030,-154.60846047,7.88956918,41.46358030,-71.75784544,0.03023758,0.18198511,4.41474089,1.38564238,-4.19158030,-0.04967880,0.01330379,0.13580460,9.68359106,0.29443858,-0.27302404,-1.06901327,4
117.37738826,31.96177213,41.46580830,-154.57713628,7.79460838,41.46380830,-71.73048332,0.04368940,0.17058526,4.41542488,1.38746636,-4.19180830,-0.04876683,0.04681935,0.20055574,9.67675115,0.59949856,-0.21488480,-1.01794194,4
117.37738725,31.96177241,41.46603573,-154.54576690,7.69966247,41.46403573,-71.70331836,0.06195991,0.16533068,4.41730253,1.38963744,-4.19316076,-0.04834927,0.07350259,0.21170945,9.66247472,0.82822299,-0.10197283,-0.96622238,4
117.37738626,31.96177270,41.46626220,-154.51435266,7.60473136,41.46426220,-71.67638464,0.08860880,0.17076100,4.42125564,1.39241202,-4.19646835,-0.04879140,0.08830636,0.12967224,9.63526824,0.92422162,0.10617376,-0.91337562,4
117.37738525,31.96177298,41.46648840,-154.48289400,7.50981492,41.46448840,-71.64971590,0.11751560,0.17907092,4.42576806,1.39534924,-4.20030285,-0.04946521,0.09990856,0.02252008,9.60457717,0.98445004,0.33998570,-0.86022526,4
117.37738424,31.96177326,41.46671460,-154.45139138,7.41491301,41.46471460,-71.62334407,0.14646893,0.18744023,4.43029202,1.39828982,-4.20414821,-0.05014381,0.11144465,-0.08515008,9.57381427,1.04394007,0.57432665,-0.80706877,4
117.37738324,31.96177354,41.46687759,-154.41984533,7.32002547,41.46487759,-71.59729873,0.17502102,0.19665368,4.43452877,1.40103897,-4.20773842,-0.05085337,0.12149052,-0.15857638,9.55602694,1.08847791,0.75894529,-0.75502605,4
117.37738223,31.96177382,41.46683015,-154.38825640,7.22515213,41.46483015,-71.57160749,0.20223731,0.20867780,4.43780924,1.40315081,-4.21047907,-0.05166605,0.12657451,-0.11798288,9.58144370,1.08323041,0.77800686,-0.70669158,4
117.37738123,31.96177410,41.46660904,-154.35662522,7.13029280,41.46460904,-71.54629710,0.22835123,0.22302136,4.44030055,1.40473671,-4.21251863,-0.05256384,0.12756384,0.01670300,9.64251369,1.03689863,0.66044604,-0.66141726,4
117.37738024,31.96177439,41.46638412,-154.32495245,7.03544727,41.46438412,-71.52139518,0.25444097,0.23741571,4.44277457,1.40631109,-4.21454284,-0.05346348,0.12846348,0.15344927,9.70436439,0.98966719,0.53989341,-0.61621003,4
117.37737923,31.96177468,41.46615922,-154.29323878,6.94061533,41.46415922,-71.49693148,0.28053065,0.25181002,4.44524860,1.40788547,-4.21656704,-0.05436312,0.12936312,0.29019516,9.76621492,0.94243588,0.41934111,-0.57100291,4
117.37737822,31.96177496,41.46593413,-154.26148497,6.84579673,41.46393413,-71.47293779,0.30351260,0.26860268,4.44723065,1.40929644,-4.21809891,-0.05559273,0.11865690,0.35370368,9.80580585,0.84240321,0.45427259,-0.54156536,4
117.37737722,31.96177524,41.46570877,-154.22969183,6.75099122,41.46370877,-71.44944662,0.32170421,0.28909228,4.44845435,1.41045553,-4.21887191,-0.05733096,0.09006095,0.30432164,9.81108513,0.66098056,0.72887224,-0.53643551,4
117.37737621,31.96177553,41.46548339,-154.19786023,6.65619852,41.46348339,-71.42648957,0.33929570,0.31004488,4.44958306,1.41158306,-4.21954983,-0.05913290,0.05922422,0.24079893,9.81206645,0.46936355,1.03349208,-0.53435049,4
117.37737521,31.96177581,41.46525800,-154.16599107,6.56141834,41.46325800,-71.40409576,0.35687601,0.33100599,4.45071000,1.41271000,-4.22022599,-0.06093600,0.02834600,0.17701400,9.81296800,0.27755801,1.33866799,-0.53232200,4
117.37737420,31.96177610,41.46498933,-154.13408531,6.46665037,41.46298933,-71.38229109,0.37184125,0.35286812,4.45064127,1.41345427,-4.21983388,-0.06274300,-0.00379692,0.11963833,9.81712352,0.13625848,1.52285111,-0.52459811,4
117.37737320,31.96177638,41.46460840,-154.10214396,6.37189428,41.46260840,-71.36109910,0.38002294,0.37706762,4.44747083,1.41320584,-4.21667054,-0.06456009,-0.03922075,0.07888853,9.82972009,0.12597519,1.39316944,-0.50209982,4
117.37737220,31.96177668,41.46415406,-154.07016804,6.27714974,41.46215406,-71.34054267,0.38376757,0.40279597,4.44227162,1.41230810,-4.21169459,-0.06638378,-0.07679058,0.04901348,9.84783786,0.20138791,1.05819292,-0.46993780,4
117.37737120,31.96177697,41.46369810,-154.03815863,6.18241640,41.46169810,-71.32064517,0.38741524,0.42855770,4.43702808,1.41139619,-4.20667904,-0.06820762,-0.11440726,0.01937610,9.86607625,0.27867310,0.71873087,-0.43756466,4
117.37737020,31.96177726,41.46324215,-154.00611685,6.08769389,41.46124215,-71.30143142,0.39113891,0.45318314,4.43176402,1.41047047,-4.20163601,-0.06994833,-0.15095634,-0.00809352,9.88473603,0.34747594,0.38390757,-0.40537985,4
117.37736920,31.96177755,41.46278649,-153.97404384,5.99298184,41.46078649,-71.28292794,0.39591249,0.46210701,4.42621614,1.40935400,-4.19621340,-0.07054016,-0.17275323,-0.00560781,9.90921938,0.29906466,0.11317987,-0.37579688,4
117.37736819,31.96177784,41.46233118,-153.94194082,5.89827984,41.46033118,-71.26516227,0.40202919,0.45094485,4.42030522,1.40799352,-4.19030522,-0.06966234,-0.17567856,0.03519786,9.94115244,0.10070873,-0.07555432,-0.34954233,4
117.37736719,31.96177813,41.46187587,-153.90980901,5.80358748,41.45987587,-71.24816184,0.40817586,0.43933450,4.41438621,1.40662758,-4.18438621,-0.06875173,-0.17818276,0.07685856,9.97325168,-0.10099282,-0.26245836,-0.32336211,4
117.37736619,31.96177841,41.46142056,-153.87764972,5.70890434,41.45942056,-71.23195348,0.41432250,0.42772417,4.40846722,1.40526166,-4.17846722,-0.06784111,-0.18068695,0.11851916,10.00535083,-0.30269387,-0.44936193,-0.29718194,4
117.37736519,31.96177871,41.46115519,-153.84546428,5.61422997,41.45915519,-71.21656302,0.41641436,0.41420217,4.40317803,1.40408499,-4.17317803,-0.06673952,-0.17418614,0.13731355,10.00569648,-0.41663545,-0.58610809,-0.28702944,4
117.37736419,31.96177900,41.46124853,-153.81325406,5.51956391,41.45924853,-71.20201506,0.41084864,0.39706992,4.39907823,1.40326574,-4.16907823,-0.06527726,-0.15067911,0.11292436,9.94607462,-0.36484077,-0.62813074,-0.30714562,4
117.37736319,31.96177931,41.46147397,-153.78102047,5.42490570,41.45947397,-71.18833312,0.40246300,0.37860819,4.39541643,1.40257808,-4.16541643,-0.06368219,-0.12090954,0.07263281,9.86436972,-0.25201351,-0.63527125,-0.33840826,4
117.37736220,31.96177962,41.46170225,-153.74876497,5.33025485,41.45970225,-71.17553964,0.39401685,0.36011796,4.39176405,1.40189326,-4.16176405,-0.06208427,-0.09100560,0.03199997,9.78219095,-0.13787633,-0.64166292,-0.36991013,4
117.37736120,31.96177991,41.46195854,-153.71648906,5.23561086,41.45995854,-71.16365613,0.38674708,0.34059111,4.38836371,1.40132048,-4.15836371,-0.06043030,-0.05986882,-0.00221868,9.71228031,-0.03735147,-0.66057582,-0.39225258,4
117.37736020,31.96178022,41.46231972,-153.68419424,5.14097321,41.46031972,-71.15270308,0.38388191,0.31718281,4.38590714,1.40116718,-4.15590714,-0.05856651,-0.02411591,-0.01242156,9.68830356,0.01220672,-0.72637066,-0.38030054,4
117.37735920,31.96178051,41.46277421,-153.65188208,5.04634140,41.46077421,-71.14270010,0.38493554,0.29032117,4.38429024,1.40138711,-4.15429024,-0.05651602,0.01574402,-0.00125746,9.70519448,0.01641951,-0.83387664,-0.33783645,4
117.37735820,31.96178080,41.46323082,-153.61955417,4.95171488,41.46123082,-71.13366587,0.38607703,0.26338213,4.38269216,1.40161541,-4.15269216,-0.05446135,0.05569599,0.01038568,9.72300164,0.01961568,-0.94231768,-0.29468834,4
117.37735720,31.96178110,41.46368741,-153.58721212,4.85709310,41.46168741,-71.12561793,0.38721851,0.23644312,4.38109408,1.40184370,-4.15109408,-0.05240667,0.09564790,0.02202882,9.74080878,0.02281184,-1.05075861,-0.25154026,4
117.37735620,31.96178139,41.46431209,-153.55485758,4.76247553,41.46231209,-71.11857238,0.39107269,0.22004902,4.38230393,1.40266548,-4.15213411,-0.05120880,0.12636440,0.02343936,9.76143567,0.06080746,-0.92657286,-0.21025281,4
117.37735520,31.96178168,41.46518961,-153.52249221,4.66786159,41.46318961,-71.11254388,0.39900715,0.21951594,4.38773728,1.40437995,-4.15714223,-0.05129968,0.14318957,0.00945867,9.78630385,0.15114640,-0.45248396,-0.17176397,4
117.37735420,31.96178198,41.46609317,-153.49011772,4.57325072,41.46409317,-71.10754554,0.40736186,0.22061647,4.39360562,1.40618635,-4.16255904,-0.05152329,0.15858396,-0.00610725,9.81160887,0.24687642,0.05764317,-0.13356340,4
117.37735320,31.96178227,41.46699721,-153.45773582,4.47864233,41.46499721,-71.10358858,0.41572415,0.22174651,4.39948184,1.40799441,-4.16798323,-0.05174930,0.17395250,-0.02170180,9.83692176,0.34270380,0.56842118,-0.09536807,4
117.37735220,31.96178256,41.46780949,-153.42534823,4.38403585,41.46580949,-71.10068253,0.42576955,0.22684460,4.40439676,1.40943651,-4.17258325,-0.05224889,0.17854669,-0.02935013,9.85487595,0.41534902,0.92905764,-0.03511566,4
117.37735121,31.96178286,41.46839847,-153.39295671,4.28943068,41.46639847,-71.09883525,0.43991154,0.24160077,4.40697194,1.40998788,-4.17517724,-0.05341434,0.15691653,-0.01765769,9.85491938,0.43156977,0.92425531,0.07882282,4
117.37735021,31.96178315,41.46885226,-153.36056301,4.19482624,41.46685226,-71.09805253,0.45653361,0.26220395,4.40813065,1.41000000,-4.17655678,-0.05498290,0.11941019,0.00574364,9.84411964,0.41363122,0.69821688,0.22526281,4
117.37734921,31.96178345,41.46930301,-153.32816889,4.10022192,41.46730301,-71.09833797,0.47321143,0.28293854,4.40925753,1.41000000,-4.17790903,-0.05656054,0.08154702,0.02940811,9.83307621,0.39492502,0.46720652,0.37243331,4
117.37734820,31.96178374,41.46975909,-153.29577612,4.00561714,41.46775909,-71.09969302,0.48970593,0.30322693,4.41032538,1.40995176,-4.17920761,-0.05810056,0.04406153,0.05329074,9.82289100,0.37332605,0.24319463,0.51816847,4
117.37734720,31.96178403,41.47030872,-153.26338648,3.91101130,41.46830872,-71.10211738,0.50298202,0.31568221,4.41035702,1.40905681,-4.17956379,-0.05898014,0.01320633,0.08100272,9.82777162,0.30094601,0.14204166,0.63870460,4
117.37734620,31.96178432,41.47098013,-153.23100172,3.81640379,41.46898013,-71.10560975,0.51206840,0.31794039,4.40903974,1.40705961,-4.17869316,-0.05900000,-0.00901757,0.11369965,9.85226480,0.16245970,0.20082536,0.72643675,4
117.37734519,31.96178460,41.47165435,-153.19862362,3.72179403,41.46965435,-71.11016873,0.52105800,0.31996305,4.40769130,1.40503695,-4.17779420,-0.05900000,-0.03104210,0.14651171,9.87721096,0.02244661,0.26330312,0.81341117,4
117.37734419,31.96178489,41.47232857,-153.16625394,3.62718143,41.47032857,-71.11579346,0.53004760,0.32198571,4.40634286,1.40301429,-4.17689525,-0.05900000,-0.05306660,0.17932371,9.90215707,-0.11756627,0.32578077,0.90038546,4
117.37734318,31.96178517,41.47289115,-153.13389444,3.53256538,41.47089115,-71.12248373,0.53354140,0.32502170,4.40415033,1.40059625,-4.17526503,-0.05911235,-0.07753011,0.20278903,9.91190573,-0.24784077,0.34888860,0.98683423,4
117.37734218,31.96178545,41.47322427,-153.10154689,3.43794530,41.47122427,-71.13023898,0.52573892,0.33014055,4.40022282,1.39736550,-4.17213175,-0.05945564,-0.10700695,0.20704283,9.89041693,-0.35809901,0.29107399,1.07220306,4
117.37734118,31.96178573,41.47345234,-153.06921304,3.34332060,41.47145234,-71.13905719,0.51276467,0.33621300,4.39550100,1.39376267,-4.16831033,-0.05990467,-0.13877901,0.20250100,9.85462665,-0.45919304,0.19621063,1.15707737,4
117.37734017,31.96178602,41.47367804,-153.03689465,3.24869068,41.47167804,-71.14893364,0.49967408,0.34230690,4.39076130,1.39015147,-4.16447343,-0.06035607,-0.17060268,0.19776130,9.81851469,-0.56008083,0.10051393,1.24194048,4
117.37733917,31.96178630,41.47390385,-153.00459347,3.15405497,41.47190385,-71.15986028,0.48753566,0.34698203,4.38595300,1.38648879,-4.16058494,-0.06069196,-0.19662288,0.19082009,9.78964244,-0.63271466,0.00485010,1.32497938,4
117.37733817,31.96178659,41.47413037,-152.97231123,3.05941288,41.47213037,-71.17182602,0.48114565,0.34309182,4.38073055,1.38251532,-4.15638493,-0.06033054,-0.18760660,0.17058803,9.80447747,-0.53477451,-0.09061516,1.39700522,4
117.37733717,31.96178688,41.47435767,-152.94004963,2.96476385,41.47235767,-71.18481763,0.48100000,0.32989733,4.37505819,1.37820422,-4.15184655,-0.05921164,-0.14053113,0.13591846,9.86679059,-0.25154444,-0.18586473,1.45706784,4
117.37733617,31.96178719,41.47458498,-152.90781037,2.87010732,41.47258498,-71.19882134,0.48100000,0.31648580,4.36937534,1.37388525,-4.14730027,-0.05807506,-0.09256784,0.10091207,9.93021125,0.03600797,-0.28110936,1.51685146,4
117.37733517,31.96178748,41.47481229,-152.87559512,2.77544272,41.47281229,-71.21382349,0.48100000,0.30307427,4.36369249,1.36956628,-4.14275399,-0.05693850,-0.04460457,0.06590571,9.99363186,0.32356024,-0.37635394,1.57663505,4
117.37733417,31.96178778,41.47511279,-152.84340550,2.68076952,41.47311279,-71.22981053,0.47881543,0.29488406,4.35858303,1.36538600,-4.13878292,-0.05623701,-0.02489049,0.04496975,10.03778493,0.37287622,-0.39136018,1.61823752,4
117.37733317,31.96178807,41.47553725,-152.81124315,2.58608717,41.47353725,-71.24676858,0.47293095,0.29553704,4.35444468,1.36144057,-4.13578609,-0.05627240,-0.05302103,0.04786432,10.04930528,0.01869963,-0.27046949,1.62904728,4
117.37733217,31.96178836,41.47599349,-152.77910966,2.49139516,41.47399349,-71.26468187,0.46609771,0.29845766,4.35055537,1.35755537,-4.13303908,-0.05649674,-0.09342022,0.05686971,10.05245766,-0.43894325,-0.11473119,1.63196092,4
117.37733117,31.96178866,41.47645041,-152.74700660,2.39669296,41.47445041,-71.28353148,0.45924380,0.30142768,4.34667148,1.35367148,-4.13029752,-0.05672520,-0.13408677,0.06600826,10.05542768,-0.89884083,0.04176650,1.63470248,4
117.37733017,31.96178895,41.47712856,-152.71493550,2.30198008,41.47512856,-71.30329435,0.44966414,0.30153902,4.34287032,1.34983327,-4.12763612,-0.05673092,-0.16303238,0.06886672,10.03764861,-1.24792981,0.12191012,1.63477106,4
117.37732917,31.96178924,41.47844840,-152.68289786,2.20725601,41.47644840,-71.32394333,0.43217836,0.29335864,4.33930904,1.34612752,-4.12520726,-0.05609055,-0.15798098,0.05350960,9.95968617,-1.27561448,-0.01941368,1.62708657,4
117.37732817,31.96178953,41.48024039,-152.65089513,2.11252029,41.47824039,-71.34544820,0.40887499,0.27907692,4.33592428,1.34251923,-4.12294952,-0.05497476,-0.12791345,0.02474879,9.83743866,-1.06679921,-0.32370082,1.61369711,4
117.37732716,31.96178982,41.48204340,-152.61892870,2.01777247,41.48004340,-71.36777642,0.38543579,0.26465279,4.33254362,1.33891320,-4.12069575,-0.05384787,-0.09726219,-0.00432483,9.71415746,-0.85246572,-0.63179113,1.60017449,4
117.37732616,31.96179011,41.48384643,-152.58699991,1.92301211,41.48184643,-71.39089394,0.36199648,0.25022860,4.32916295,1.33530715,-4.11844197,-0.05272098,-0.06661079,-0.03339859,9.59087573,-0.63813131,-0.93988275,1.58665181,4
117.37732516,31.96179040,41.48565664,-152.55511003,1.82823879,41.48365664,-71.41476600,0.34647032,0.23979517,4.32702828,1.33204657,-4.11725875,-0.05194945,-0.04294413,-0.03245087,9.51658154,-0.48285676,-0.96330249,1.56902687,4
117.37732415,31.96179069,41.48747725,-152.52326031,1.73345212,41.48547725,-71.43935725,0.34236508,0.23512156,4.32669191,1.32928458,-4.11762066,-0.05169080,-0.02935846,0.01182628,9.51299024,-0.41282249,-0.57586055,1.54548120,4
117.37732315,31.96179098,41.48929847,-152.49145189,1.63865173,41.48729847,-71.46463139,0.33894037,0.23079114,4.32646270,1.32655230,-4.11807462,-0.05146270,-0.01637343,0.05868549,9.51361193,-0.34786717,-0.16393487,1.52158264,4
117.37732215,31.96179127,41.49111971,-152.45968588,1.54383726,41.48911971,-71.49055068,0.33552555,0.22646569,4.32623504,1.32382044,-4.11852992,-0.05123504,-0.00339707,0.10558250,9.51429489,-0.28298537,0.24834912,1.49767881,4
117.37732115,31.96179156,41.49277515,-152.42796333,1.44900839,41.49077515,-71.51707589,0.33718847,0.22633578,4.32663456,1.32131119,-4.11960893,-0.05126939,-0.00342468,0.13309437,9.53897176,-0.16929232,0.52722091,1.49314710,4
117.37732015,31.96179184,41.49407319,-152.39628522,1.35416481,41.49207319,-71.54416633,0.34979644,0.23524933,4.32838596,1.31928182,-4.12203230,-0.05186848,-0.03148226,0.11882144,9.61536715,0.04961225,0.51852153,1.53037190,4
117.37731915,31.96179213,41.49519083,-152.36465244,1.25930622,41.49319083,-71.57178026,0.36792952,0.24872807,4.33081981,1.31749469,-4.12513431,-0.05275266,-0.07368951,0.08345544,9.71787037,0.32162838,0.36465555,1.58867554,4
117.37731814,31.96179241,41.49630429,-152.33306583,1.16443238,41.49430429,-71.59987580,0.38619037,0.26231236,4.33326944,1.31571314,-4.12825201,-0.05364343,-0.11622392,0.04760183,9.82097735,0.59487300,0.20743411,1.64746656,4
117.37731714,31.96179270,41.49738859,-152.30152617,1.06954304,41.49538859,-71.62841180,0.40404457,0.27512095,4.33548905,1.31384827,-4.13115508,-0.05447501,-0.15751560,0.01537074,9.92175236,0.84344648,0.05163599,1.70452476,4
117.37731614,31.96179298,41.49809711,-152.27003415,0.97463799,41.49609711,-71.65734871,0.41665978,0.27793671,4.33474557,1.31091021,-4.13129300,-0.05454405,-0.18279719,0.02980680,9.99248380,0.77419392,-0.08582252,1.73925881,4
117.37731514,31.96179327,41.49833532,-152.23859042,0.87971703,41.49633532,-71.68664870,0.42271821,0.26824611,4.33029369,1.30662900,-4.12797027,-0.05365873,-0.18804162,0.10264817,10.02561480,0.30717272,-0.20032839,1.74605352,4
117.37731413,31.96179355,41.49856233,-152.20719554,0.78478000,41.49656233,-71.71627539,0.42862048,0.25825764,4.32575348,1.30231581,-4.12456510,-0.05275069,-0.19280885,0.17688069,10.05785033,-0.16932284,-0.31428779,1.75218281,4
117.37731313,31.96179383,41.49878934,-152.17585004,0.68982674,41.49678934,-71.74619352,0.43452278,0.24826914,4.32121324,1.29800258,-4.12115993,-0.05184264,-0.19757609,0.25111345,10.09008596,-0.64581992,-0.42824755,1.75831212,4
117.37731212,31.96179412,41.49895340,-152.14455438,0.59485712,41.49695340,-71.77636798,0.43360740,0.23911571,4.31699585,1.29394925,-4.11801249,-0.05106159,-0.20239447,0.29215077,10.08529306,-0.92956248,-0.48744564,1.73459045,4
117.37731112,31.96179440,41.49899899,-152.11330895,0.49987103,41.49699899,-71.80676299,0.41986361,0.23153363,4.31338594,1.29038492,-4.11535002,-0.05051948,-0.20730909,0.27072603,10.01082576,-0.85060909,-0.44360170,1.65470004,4
117.37731012,31.96179468,41.49900000,-152.08211410,0.40486837,41.49700000,-71.83734198,0.40129214,0.22454284,4.31000461,1.28700461,-4.11287004,-0.05006728,-0.21225992,0.22579532,9.91013810,-0.63516465,-0.36098052,1.55367173,4
117.37730911,31.96179497,41.49900000,-152.05097012,0.30984907,41.49700000,-71.86806742,0.38261079,0.21756548,4.30662846,1.28362846,-4.11039421,-0.04961713,-0.21721160,0.18032986,9.80885366,-0.41661534,-0.27747713,1.45216223,4
117.37730811,31.96179525,41.49904353,-152.01987720,0.21481309,41.49704353,-71.89890115,0.36638126,0.21003284,4.30322518,1.28026872,-4.10789266,-0.04910096,-0.21820947,0.14471819,9.72355988,-0.21448002,-0.21637048,1.36006925,4
117.37730711,31.96179554,41.49929272,-151.98883552,0.11976038,41.49729272,-71.92980490,0.36173396,0.19987738,4.29969382,1.27698654,-4.10526977,-0.04827295,-0.20053032,0.15565431,9.71380405,-0.08988426,-0.26106245,1.31245950,4
117.37730609,31.96179582,41.49974555,-151.95784516,0.02469095,41.49774555,-71.96074056,0.36855599,0.18712466,4.29603561,1.27378116,-4.10252671,-0.04713613,-0.16435618,0.21268456,9.77884997,-0.04207246,-0.41052184,1.30889949,4
117.37730509,31.96179611,41.50020320,-151.92690614,-0.07039521,41.49820320,-71.99167015,0.37564959,0.17431042,4.29237440,1.27057761,-4.09978080,-0.04599200,-0.12774407,0.27080628,9.84566707,0.00392152,-0.56246211,1.30638241,4
117.37730408,31.96179639,41.50066085,-151.89601844,-0.16549805,41.49866085,-72.02255585,0.38274320,0.16149614,4.28871318,1.26737404,-4.09703489,-0.04484787,-0.09113183,0.32892820,9.91248439,0.04991563,-0.71440287,1.30386531,4
117.37730307,31.96179667,41.50119601,-151.86518194,-0.26061753,41.49919601,-72.05335995,0.37796854,0.14755092,4.28659021,1.26466711,-4.09574242,-0.04370981,-0.06502599,0.32311183,9.96623672,-0.08019485,-0.78871723,1.32022660,4
117.37730207,31.96179695,41.50185170,-151.83439650,-0.35575357,41.49985170,-72.08404467,0.35473604,0.13184684,4.28685956,1.26273258,-4.09671039,-0.04258122,-0.05525992,0.21785724,9.99966999,-0.48418681,-0.74230517,1.36594792,4
117.37730106,31.96179722,41.50252747,-151.80366189,-0.45090609,41.50052747,-72.11457279,0.32842842,0.11584972,4.28752747,1.26092673,-4.09805495,-0.04145420,-0.04821608,0.09603590,10.02971812,-0.93380854,-0.67577982,1.41656074,4
117.37730006,31.96179750,41.50320367,-151.77297782,-0.54607497,41.50120367,-72.14490788,0.30205691,0.09984650,4.28820367,1.25912355,-4.09940734,-0.04032723,-0.04122875,-0.02612954,10.05969599,-1.38437816,-0.60883677,1.46727518,4
117.37729906,31.96179778,41.50380150,-151.74234394,-0.64126008,41.50180150,-72.17501476,0.27941712,0.08544626,4.28872203,1.25719822,-4.10060299,-0.03935733,-0.03760747,-0.12230933,10.05098136,-1.62918195,-0.54575781,1.49812558,4
117.37729805,31.96179806,41.50418356,-151.71175987,-0.73646128,41.50218356,-72.20485938,0.26705232,0.07545969,4.28880580,1.25493655,-4.10136711,-0.03881999,-0.04325431,-0.14693984,9.93573039,-1.30742760,-0.49331838,1.47428212,4
117.37729705,31.96179834,41.50441459,-151.68122513,-0.83167840,41.50241459,-72.23440742,0.26187901,0.06856228,4.28858541,1.25243950,-4.10182918,-0.03858541,-0.05538789,-0.12149289,9.74591467,-0.58913908,-0.44832564,1.41215838,4
117.37729604,31.96179862,41.50464209,-151.65073921,-0.92691125,41.50264209,-72.26362310,0.25687390,0.06173714,4.28835791,1.24993695,-4.10228419,-0.03835791,-0.06767315,-0.09487485,9.55435568,0.13842104,-0.40350721,1.34913958,4
117.37729503,31.96179890,41.50487450,-151.62030153,-1.02215963,41.50287450,-72.29246827,0.25216538,0.05503537,4.28819001,1.24746235,-4.10279366,-0.03813295,-0.07964501,-0.06778003,9.36680482,0.85495837,-0.35731124,1.28539562,4
117.37729402,31.96179917,41.50529031,-151.58991146,-1.11742331,41.50329031,-72.32090193,0.25855078,0.05294829,4.29025189,1.24603319,-4.10534063,-0.03800302,-0.07989487,-0.02284654,9.32916698,1.15924411,-0.25957705,1.19451614,4
117.37729301,31.96179943,41.50595103,-151.55956827,-1.21270205,41.50395103,-72.34888117,0.27974992,0.05702318,4.29529122,1.24600000,-4.11060823,-0.03800000,-0.06449232,0.04590697,9.49170817,0.91304990,-0.09302379,1.06740252,4
117.37729200,31.96179970,41.50661757,-151.52927118,-1.30799559,41.50461757,-72.37636307,0.30130120,0.06124457,4.30040131,1.24600000,-4.11594050,-0.03800000,-0.04871768,0.11522653,9.65900826,0.65376809,0.07516500,0.93942795,4
117.37729099,31.96179996,41.50728409,-151.49901933,-1.40330362,41.50528409,-72.40330624,0.32285235,0.06546593,4.30551138,1.24600000,-4.12127275,-0.03800000,-0.03294312,0.18454571,9.82630742,0.39448770,0.24335288,0.81145409,4
117.37728998,31.96180022,41.50785464,-151.46881181,-1.49862585,41.50585464,-72.42967184,0.33687140,0.06935727,4.30916656,1.24575486,-4.12515078,-0.03804902,-0.02780751,0.22137937,9.96358434,0.13341699,0.32190262,0.70043663,4
117.37728897,31.96180050,41.50820582,-151.43864761,-1.59396193,41.50620582,-72.45542379,0.33367301,0.07249426,4.30949603,1.24494935,-4.12570472,-0.03821013,-0.04699126,0.18395519,10.03223483,-0.13174808,0.19555058,0.62817876,4
117.37728797,31.96180078,41.50843404,-151.40852570,-1.68931152,41.50643404,-72.48052803,0.32082560,0.07520850,4.30796171,1.24382979,-4.12439576,-0.03843404,-0.07980408,0.10491533,10.06242537,-0.39920703,-0.04563269,0.57764283,4
117.37728696,31.96180104,41.50865941,-151.37844498,-1.78467425,41.50665941,-72.50495170,0.30775431,0.07791290,4.30638414,1.24270295,-4.12304355,-0.03865941,-0.11293305,0.02490999,10.09172311,-0.66671787,-0.28947998,0.52761132,4
117.37728595,31.96180131,41.50890887,-151.34840430,-1.88004974,41.50690887,-72.52866218,0.29486860,0.07963839,4.30487213,1.24159295,-4.12175677,-0.03882003,-0.14422476,-0.05070985,10.11236108,-0.90984514,-0.52834206,0.47819962,4
117.37728494,31.96180159,41.50944155,-151.31840243,-1.97543759,41.50744155,-72.55162716,0.28416358,0.06985761,4.30413074,1.24068077,-4.12123901,-0.03821957,-0.15392244,-0.07478536,10.03121132,-0.86637480,-0.70861908,0.43607083,4
117.37728393,31.96180185,41.51031995,-151.28843813,-2.07083739,41.50831995,-72.57381551,0.27612048,0.04603145,4.30432999,1.24001004,-4.12165997,-0.03669009,-0.13726104,-0.03594244,9.82581259,-0.47306428,-0.81738352,0.40283200,4
117.37728292,31.96180210,41.51120658,-151.25851007,-2.16624870,41.50920658,-72.59519862,0.26814082,0.02187081,4.30455164,1.23934507,-4.12210328,-0.03513849,-0.11997178,0.00439919,9.61745473,-0.07142124,-0.92444401,0.36980506,4
117.37728190,31.96180236,41.51209320,-151.22861691,-2.26167109,41.51009320,-72.61575167,0.26016118,-0.00228974,4.30477330,1.23868010,-4.12254661,-0.03358690,-0.10268257,0.04474068,9.40909760,0.33022037,-1.03150410,0.33677824,4
117.37728089,31.96180262,41.51309195,-151.19875724,-2.35710410,41.51109195,-72.63545416,0.26024436,-0.02553658,4.30526598,1.23817404,-4.12320797,-0.03197409,-0.07607915,0.07500976,9.29875295,0.62967167,-1.06907864,0.30003401,4
117.37727988,31.96180288,41.51432768,-151.16892963,-2.45254726,41.51232768,-72.65428954,0.27737016,-0.04685215,4.30633155,1.23800386,-4.12433026,-0.03023190,-0.02978789,0.08398857,9.39558012,0.71312110,-0.95977937,0.25543201,4
117.37727886,31.96180315,41.51568076,-151.13913264,-2.54800011,41.51368076,-72.67224351,0.30293447,-0.06721143,4.30768076,1.23800000,-4.12568076,-0.02842565,0.02625160,0.08242565,9.59498668,0.68961874,-0.77775681,0.20693938,4
117.37727785,31.96180341,41.51703656,-151.10936478,-2.64346217,41.51503656,-72.68930253,0.32869469,-0.08754844,4.30903656,1.23800000,-4.12703656,-0.02661792,0.08251734,0.08061792,9.79677505,0.66363255,-0.59404579,0.15835651,4
117.37727684,31.96180369,41.51832159,-151.07962457,-2.73893295,41.51632159,-72.70545258,0.35331845,-0.10629648,4.31077961,1.23813880,-4.12876573,-0.02495080,0.13625554,0.08008892,9.98663092,0.62623607,-0.41046534,0.11243219,4
117.37727583,31.96180395,41.51910942,-151.04991048,-2.83441196,41.51710942,-72.72067902,0.36995823,-0.11388110,4.31524341,1.23925273,-4.13311814,-0.02427167,0.17223684,0.08854399,10.09265509,0.50867305,-0.22779934,0.08518536,4
117.37727482,31.96180421,41.51934498,-151.02022096,-2.92989872,41.51734498,-72.73496773,0.37772942,-0.10906539,4.32272942,1.24144983,-4.14038444,-0.02468997,0.18849378,0.10697857,10.10555918,0.30206106,-0.04614897,0.07868546,4
117.37727380,31.96180448,41.51956730,-150.99055444,-3.02539272,41.51756730,-72.74830677,0.38528789,-0.10395231,4.33028789,1.24367291,-4.14772060,-0.02513458,0.20427766,0.12565243,10.11622996,0.09331385,0.13547667,0.07268315,4
117.37727279,31.96180474,41.51978960,-150.96090933,-3.12089344,41.51778960,-72.76068771,0.39284636,-0.09883923,4.33784636,1.24589599,-4.15505675,-0.02557920,0.22006150,0.14432628,10.12690073,-0.11543304,0.31710202,0.06668084,4
117.37727178,31.96180501,41.51983033,-150.93128404,-3.21640039,41.51783033,-72.77210644,0.39574830,-0.08983145,4.34445003,1.24775971,-4.16143765,-0.02632819,0.21973714,0.15600070,10.09450866,-0.26770468,0.46246259,0.05471867,4
117.37727077,31.96180527,41.51952464,-150.90167697,-3.31191304,41.51752464,-72.78256254,0.38976651,-0.07339326,4.34923217,1.24893786,-4.16599610,-0.02765785,0.18868133,0.15432156,9.97996066,-0.31223226,0.53863691,0.03138615,4
117.37726976,31.96180555,41.51907975,-150.87208651,-3.40743090,41.51707975,-72.79205803,0.38021455,-0.05396899,4.35328228,1.24984051,-4.16982215,-0.02922089,0.14527534,0.14727595,9.83239626,-0.31346013,0.58700694,0.00348418,4
117.37726875,31.96180582,41.51863162,-150.84251106,-3.50295345,41.51663162,-72.80059627,0.37057985,-0.03447552,4.35731541,1.25073676,-4.17363122,-0.03078933,0.10158306,0.14010594,9.68406658,-0.31368419,0.63473236,-0.02452368,4
117.37726774,31.96180608,41.51820122,-150.81294905,-3.59848019,41.51620122,-72.80818088,0.36244980,-0.01720760,4.36085805,1.25158014,-4.17696738,-0.03218250,0.05940120,0.13135562,9.55151555,-0.28953810,0.64377121,-0.06158808,4
117.37726673,31.96180635,41.51787138,-150.78339888,-3.69401062,41.51587138,-72.81481545,0.36285651,-0.01256663,4.36161782,1.25212356,-4.17762034,-0.03258131,0.02578862,0.11363917,9.50848607,-0.12712393,0.43331585,-0.15003641,4
117.37726572,31.96180661,41.51764671,-150.75385898,-3.78954424,41.51564671,-72.82050433,0.37219142,-0.02113156,4.35946711,1.25235329,-4.17546711,-0.03194013,0.00113821,0.08654545,9.55908278,0.17989806,-0.00669778,-0.29222471,4
117.37726470,31.96180687,41.51742459,-150.72432778,-3.88508056,41.51542459,-72.82525334,0.38174262,-0.03001638,4.35724590,1.25257541,-4.17324590,-0.03127377,-0.02329507,0.05922461,9.61194750,0.49042277,-0.45227188,-0.43571467,4
117.37726369,31.96180713,41.51720247,-150.69480371,-3.98061909,41.51520247,-72.82907063,0.39129380,-0.03890121,4.35502469,1.25279753,-4.17102469,-0.03060741,-0.04772833,0.03190378,9.66481221,0.80094736,-0.89784578,-0.57920458,4
117.37726268,31.96180739,41.51704378,-150.66528524,-4.07615933,41.51504378,-72.83196697,0.40403715,-0.05046071,4.35363080,1.25347096,-4.16950212,-0.02968093,-0.04967784,0.01772505,9.74260247,0.94700355,-1.12494477,-0.69877096,4
117.37726167,31.96180765,41.51700097,-150.63577084,-4.17170082,41.51500097,-72.83395530,0.42261292,-0.06690712,4.35374848,1.25496901,-4.16925598,-0.02827919,-0.01054716,0.02755834,9.86593438,0.79255875,-0.95286723,-0.77462662,4
117.37726066,31.96180791,41.51700000,-150.60625901,-4.26724308,41.51500000,-72.83504964,0.44329389,-0.08511744,4.35441175,1.25676469,-4.16947059,-0.02670591,0.04341116,0.04605861,10.00570431,0.52965004,-0.63670946,-0.83470521,4
117.37725965,31.96180819,41.51700000,-150.57674827,-4.36278564,41.51500000,-72.83526429,0.46402386,-0.10336884,4.35508773,1.25856730,-4.16969591,-0.02512862,0.09771467,0.06476065,10.14585696,0.26421624,-0.31719748,-0.89441654,4
117.37725864,31.96180846,41.51695433,-150.54723718,-4.45832805,41.51495433,-72.83461343,0.48126473,-0.11806743,4.35674449,1.26066330,-4.17083437,-0.02385132,0.15019948,0.07888126,10.25478945,0.01905541,-0.01009290,-0.94745671,4
117.37725763,31.96180872,41.51670773,-150.51772430,-4.55386987,41.51470773,-72.83311129,0.48315919,-0.11713949,4.36271503,1.26404978,-4.17598912,-0.02389346,0.19468481,0.07285095,10.22640375,-0.13693701,0.24243890,-0.97115451,4
117.37725662,31.96180898,41.51627025,-150.48820822,-4.64941065,41.51427025,-72.83077309,0.47047228,-0.10136402,4.37278432,1.26866241,-4.18495994,-0.02518926,0.23156950,0.04767432,10.06754552,-0.20820635,0.44311861,-0.96697272,4
117.37725561,31.96180926,41.51582809,-150.45868757,-4.74494996,41.51382809,-72.82761622,0.45742872,-0.08522537,4.38295388,1.27330503,-4.19402411,-0.02651573,0.26826833,0.02202936,9.90549588,-0.27740354,0.64253031,-0.96210902,4
117.37725460,31.96180952,41.51538593,-150.42916100,-4.84048739,41.51338593,-72.82366097,0.44438515,-0.06908671,4.39312345,1.27794765,-4.20308829,-0.02784219,0.30496722,-0.00361565,9.74344597,-0.34660084,0.84194235,-0.95724531,4
117.37725359,31.96180980,41.51507726,-150.39962719,-4.93602251,41.51307726,-72.81893030,0.43581494,-0.05219384,4.40189749,1.28212647,-4.21088971,-0.02923706,0.32442563,-0.02272460,9.63527156,-0.33704060,0.94652913,-0.94206183,4
117.37725258,31.96181006,41.51500172,-150.37008488,-5.03155494,41.51300172,-72.81344880,0.43505825,-0.03398366,4.40823400,1.28549514,-4.21648547,-0.03075143,0.31377066,-0.03041723,9.62119981,-0.18991729,0.88548774,-0.90885317,4
117.37725157,31.96181032,41.51500000,-150.34053283,-5.12708429,41.51300000,-72.80724153,0.43677558,-0.01535634,4.41379871,1.28860727,-4.22138286,-0.03230365,0.29358075,-0.03449507,9.63692418,0.00076339,0.77200270,-0.86993709,4
117.37725056,31.96181060,41.51500000,-150.31096986,-5.22261019,41.51300000,-72.80033268,0.43855054,0.00328071,4.41934545,1.29171345,-4.22626400,-0.03385673,0.27316873,-0.03848873,9.65334254,0.19245880,0.65729606,-0.83088802,4
117.37724955,31.96181087,41.51498000,-150.28139482,-5.31813228,41.51298000,-72.79274499,0.44114505,0.02127023,4.42448989,1.29465835,-4.23076309,-0.03534918,0.24998395,-0.04286092,9.67843701,0.35781067,0.55275774,-0.79311475,4
117.37724855,31.96181113,41.51486059,-150.25180659,-5.41365021,41.51286059,-72.78450101,0.44781130,0.03604240,4.42763549,1.29680198,-4.23336406,-0.03654040,0.21302326,-0.04911378,9.74663706,0.39227862,0.49873939,-0.76168022,4
117.37724753,31.96181139,41.51464215,-150.22220410,-5.50916365,41.51264215,-72.77562427,0.45853499,0.04760856,4.42878928,1.29814715,-4.23407356,-0.03743143,0.16233504,-0.05724071,9.85779135,0.29632221,0.49506357,-0.73656215,4
117.37724653,31.96181166,41.51442125,-150.19258631,-5.60467228,41.51242125,-72.76614063,0.46935911,0.05909539,4.42989378,1.29947254,-4.23473627,-0.03831504,0.11130701,-0.06541403,9.97000883,0.19713786,0.49263367,-0.71160040,4
117.37724551,31.96181192,41.51420035,-150.16295225,-5.70017578,41.51220035,-72.75607898,0.48018326,0.07058224,4.43099830,1.30079795,-4.23539898,-0.03919863,0.06027890,-0.07358736,10.08222650,0.09795336,0.49020376,-0.68663860,4
117.37724450,31.96181218,41.51391458,-150.13330096,-5.79567387,41.51191458,-72.74547015,0.48789112,0.07734886,4.43082129,1.30180600,-4.23484314,-0.03969938,0.02574041,-0.06925855,10.12481636,0.01929489,0.41383304,-0.67509406,4
117.37724349,31.96181244,41.51351125,-150.10363157,-5.89116626,41.51151125,-72.73434517,0.48995225,0.07556237,4.42832220,1.30223902,-4.23207929,-0.03950638,0.02108124,-0.04227579,10.04124029,-0.02217015,0.20348142,-0.68786171,4
117.37724248,31.96181272,41.51306602,-150.07394324,-5.98665270,41.51106602,-72.72273340,0.49000000,0.07072623,4.42499515,1.30246699,-4.22852817,-0.03906602,0.02707571,-0.00721564,9.91267901,-0.05037371,-0.05464198,-0.70929800,4
117.37724147,31.96181299,41.51261980,-150.04423519,-6.08213294,41.51061980,-72.71066130,0.49000000,0.06581775,4.42164847,1.30269010,-4.22495836,-0.03861980,0.03332286,0.02803613,9.78305071,-0.07826276,-0.31389859,-0.73093989,4
117.37724046,31.96181326,41.51225103,-150.01450666,-6.17760674,41.51025103,-72.69815307,0.49025192,0.06052110,4.41865016,1.30304888,-4.22171754,-0.03815414,0.04160549,0.05951368,9.66578837,-0.09528434,-0.53592449,-0.75510369,4
117.37723945,31.96181353,41.51228315,-149.98475695,-6.27307388,41.51028315,-72.68523232,0.49180770,0.05321525,4.41745500,1.30410991,-4.22017941,-0.03758789,0.06042348,0.07145643,9.61253081,-0.05605734,-0.56524889,-0.79232044,4
117.37723844,31.96181380,41.51271994,-149.95498540,-6.36853416,41.51071994,-72.67192390,0.49467957,0.04388139,4.41807990,1.30587974,-4.22035997,-0.03692010,0.08987559,0.06368122,9.62387808,0.03994555,-0.40006523,-0.84271247,4
117.37723743,31.96181406,41.51316682,-149.92519138,-6.46398738,41.51116682,-72.65825542,0.49758428,0.03449692,4.41875022,1.30766725,-4.22058340,-0.03624978,0.11959308,0.05541395,9.63683758,0.13736529,-0.23002757,-0.89343330,4
117.37723643,31.96181434,41.51361369,-149.89537431,-6.55943334,41.51161369,-72.64425724,0.50048900,0.02511246,4.41942054,1.30945477,-4.22080684,-0.03557946,0.14931056,0.04714668,9.64979708,0.23478497,-0.05998999,-0.94415411,4
117.37723542,31.96181462,41.51399229,-149.86553368,-6.65487190,41.51199229,-72.62996088,0.50496755,0.02236028,4.42139057,1.31165310,-4.22226149,-0.03538776,0.17082746,0.04626434,9.68047454,0.27846776,0.09490401,-0.97518863,4
117.37723441,31.96181489,41.51425306,-149.83566901,-6.75030289,41.51225306,-72.61539659,0.51216100,0.03104899,4.42560262,1.31456009,-4.22584000,-0.03602170,0.17819815,0.05812121,9.74171605,0.22945268,0.22367494,-0.97226373,4
117.37723341,31.96181517,41.51447753,-149.80577989,-6.84572619,41.51247753,-72.60059186,0.52019136,0.04326458,4.43050583,1.31768553,-4.23007322,-0.03691015,0.18120800,0.07390519,9.81237951,0.15186175,0.34439292,-0.95887019,4
117.37723240,31.96181544,41.51470115,-149.77586593,-6.94114167,41.51270115,-72.58557064,0.52824148,0.05556337,4.43542534,1.32081613,-4.23432189,-0.03780461,0.18411498,0.08978180,9.88326520,0.07359679,0.46492095,-0.94522972,4
117.37723140,31.96181572,41.51497292,-149.74592679,-7.03654923,41.51297292,-72.57035425,0.53667290,0.06698541,4.44007625,1.32382408,-4.23832650,-0.03865022,0.18685117,0.10304117,9.94867498,0.01382534,0.55782749,-0.92638281,4
117.37723039,31.96181599,41.51544732,-149.71596218,-7.13194876,41.51344732,-72.55496356,0.54670921,0.07471747,4.44359664,1.32631584,-4.24130397,-0.03929029,0.18886852,0.10528521,9.99103790,0.03188865,0.53448184,-0.88562320,4
117.37722938,31.96181626,41.51610963,-149.68597180,-7.22734017,41.51410963,-72.53942084,0.55823373,0.07902771,4.44606867,1.32832891,-4.24332891,-0.03973975,0.19021928,0.09731445,10.01202890,0.12213007,0.40333259,-0.82454341,4
117.37722837,31.96181653,41.51677666,-149.65595544,-7.32272340,41.51477666,-72.52375103,0.56979555,0.08325222,4.44851444,1.33033000,-4.24533000,-0.04018444,0.19155334,0.08908778,10.03248443,0.21417996,0.26948228,-0.76295447,4
117.37722736,31.96181680,41.51744369,-149.62591290,-7.41809837,41.51544369,-72.50798132,0.58135737,0.08747673,4.45096021,1.33233108,-4.24733108,-0.04062913,0.19288738,0.08086110,10.05293996,0.30622984,0.13563197,-0.70136554,4
117.37722635,31.96181707,41.51804064,-149.59584404,-7.51346504,41.51604064,-72.49213959,0.58595286,0.09377665,4.45262614,1.33405062,-4.24855152,-0.04121723,0.18302976,0.07525752,10.04519795,0.27709475,0.09037755,-0.66661576,4
117.37722534,31.96181734,41.51852071,-149.56574877,-7.60882337,41.51652071,-72.47625302,0.57893146,0.10353747,4.45299162,1.33530064,-4.24847016,-0.04204448,0.15450911,0.07402818,9.99043430,0.04587425,0.19286369,-0.67662234,4
117.37722433,31.96181761,41.51896869,-149.53562703,-7.70417335,41.51696869,-72.46034732,0.56872004,0.11424867,4.45300000,1.33642173,-4.24803131,-0.04293739,0.12086359,0.07400000,9.92275849,-0.24083904,0.33591952,-0.69891905,4
117.37722332,31.96181789,41.51941592,-149.50547881,-7.79951497,41.51741592,-72.44444723,0.55843378,0.12498214,4.45300000,1.33753980,-4.24758408,-0.04383185,0.08709785,0.07400000,9.85477978,-0.52885412,0.47992706,-0.72150409,4
117.37722231,31.96181817,41.51994498,-149.47530415,-7.89484824,41.51794498,-72.42857822,0.54857853,0.13523038,4.45283673,1.33863114,-4.24697340,-0.04467226,0.05835178,0.07247620,9.79343888,-0.74929093,0.58930193,-0.74064293,4
117.37722130,31.96181844,41.52078557,-149.44510312,-7.99017317,41.51878557,-72.41276851,0.54036443,0.14363099,4.45205182,1.33962067,-4.24574035,-0.04530690,0.04871871,0.06515034,9.75737226,-0.71241566,0.56680891,-0.74665999,4
117.37722029,31.96181871,41.52190064,-149.41487584,-8.08548980,41.51990064,-72.39705028,0.53359616,0.15040384,4.45071924,1.34052051,-4.24395898,-0.04576025,0.05592435,0.05271283,9.74357244,-0.44884644,0.42813925,-0.74111668,4
117.37721927,31.96181898,41.52302262,-149.38462250,-8.18079819,41.52102262,-72.38145959,0.52686429,0.15713571,4.44937286,1.34141809,-4.24216381,-0.04620905,0.06355380,0.04014668,9.73033310,-0.17957163,0.28654558,-0.73528238,4
117.37721827,31.96181924,41.52414460,-149.35434334,-8.27609841,41.52214460,-72.36603529,0.52013243,0.16386757,4.44802649,1.34231568,-4.24036864,-0.04665783,0.07118325,0.02758054,9.71709377,0.08970298,0.14495202,-0.72944810,4
117.37721727,31.96181951,41.52526714,-149.32403867,-8.37139056,41.52326714,-72.35081724,0.51802608,0.17193664,4.44762091,1.34344909,-4.23951405,-0.04718531,0.07920888,0.03658358,9.73091526,0.19247277,0.11979452,-0.71309764,4
117.37721626,31.96181979,41.52639059,-149.29370886,-8.46667475,41.52439059,-72.33584438,0.52309738,0.18208071,4.44867521,1.34494844,-4.24011897,-0.04783490,0.08784926,0.07905669,9.78672848,0.03686841,0.27531694,-0.68042865,4
117.37721526,31.96182006,41.52751420,-149.26335436,-8.56195112,41.52551420,-72.32115365,0.52958234,0.19263346,4.45001704,1.34651987,-4.24101135,-0.04850852,0.09661074,0.12812187,9.85081213,-0.16962381,0.46642503,-0.64454566,4
117.37721425,31.96182034,41.52863782,-149.23297567,-8.65721983,41.52663782,-72.30677969,0.53609933,0.20319548,4.45136538,1.34809294,-4.24191026,-0.04918269,0.10537497,0.17733636,9.91508310,-0.37726848,0.65833905,-0.60858987,4
117.37721324,31.96182061,41.52972546,-149.20257335,-8.75248106,41.52772546,-72.29275540,0.54019867,0.21480540,4.45246121,1.34948571,-4.24262877,-0.04996523,0.10627144,0.20876142,9.96513971,-0.53389767,0.79364111,-0.56342589,4
117.37721223,31.96182088,41.53070652,-149.17214799,-8.84773498,41.52870652,-72.27911276,0.53713427,0.22952040,4.45280880,1.35034422,-4.24281282,-0.05106883,0.08385498,0.18747455,9.97307764,-0.53936248,0.76119598,-0.49097723,4
117.37721122,31.96182116,41.53160804,-149.14170027,-8.94298182,41.52960804,-72.26588285,0.52872367,0.24655265,4.45259800,1.35080402,-4.24259800,-0.05241205,0.04404046,0.12684965,9.94958307,-0.43201578,0.60356385,-0.39816643,4
117.37721020,31.96182143,41.53250754,-149.11123089,-9.03822179,41.53050754,-72.25309665,0.52017835,0.26364329,4.45237311,1.35125377,-4.24237311,-0.05376132,0.00378749,0.06523337,9.92529637,-0.32182609,0.44277685,-0.30484251,4
117.37720920,31.96182170,41.53340705,-149.08074062,-9.13345515,41.53140705,-72.24078526,0.51163304,0.28073393,4.45214824,1.35170353,-4.24214824,-0.05511058,-0.03646544,0.00361716,9.90100969,-0.21163653,0.28199003,-0.21151869,4
117.37720820,31.96182197,41.53421861,-149.05023028,-9.22868214,41.53221861,-72.22897983,0.50945149,0.28969662,4.45103869,1.35162281,-4.24103869,-0.05584144,-0.05604329,-0.00160092,9.87529380,-0.10474495,0.17966731,-0.13494752,4
117.37720718,31.96182225,41.53490566,-149.01970073,-9.32390304,41.53290566,-72.21771215,0.51628172,0.28714928,4.44867637,1.35079091,-4.23867637,-0.05569657,-0.04634301,0.07304678,9.84755402,-0.00252370,0.16013600,-0.08209989,4
117.37720618,31.96182252,41.53558148,-148.98915290,-9.41911814,41.53358148,-72.20701451,0.52392348,0.28356542,4.44620123,1.34989136,-4.23620123,-0.05547284,-0.03400614,0.15488666,9.81963202,0.09927684,0.14806046,-0.03138874,4
117.37720518,31.96182280,41.53625710,-148.95858776,-9.51432776,41.53425710,-72.19691906,0.53158044,0.27996215,4.44372398,1.34899054,-4.23372398,-0.05524763,-0.02161988,0.23686116,9.79170664,0.20106934,0.13612461,0.01928231,4
117.37720416,31.96182307,41.53698182,-148.92800634,-9.60953222,41.53498182,-72.18745640,0.53911470,0.28004618,4.44100347,1.34799265,-4.23109825,-0.05525881,-0.01697418,0.29326371,9.77171923,0.28174766,0.16221311,0.07174096,4
117.37720315,31.96182335,41.53782277,-148.89740971,-9.70473186,41.53582277,-72.17865447,0.54635863,0.28885664,4.43770726,1.34676501,-4.22812113,-0.05582941,-0.03064739,0.28914737,9.77051792,0.31245693,0.27829067,0.12843027,4
117.37720214,31.96182362,41.53873287,-148.86679899,-9.79992704,41.53673287,-72.17053748,0.55342979,0.30285957,4.43406850,1.34540069,-4.22493493,-0.05673287,-0.05522085,0.24902061,9.78049485,0.31343322,0.44791413,0.18763690,4
117.37720113,31.96182389,41.53964472,-148.83617536,-9.89511812,41.53764472,-72.16312581,0.56049659,0.31699316,4.43042112,1.34403291,-4.22174347,-0.05764472,-0.08006863,0.20798758,9.79075311,0.31366118,0.61888507,0.24690682,4
117.37720012,31.96182417,41.54053586,-148.80553998,-9.99030549,41.53853586,-72.15643769,0.56777970,0.33100198,4.42680495,1.34263427,-4.21858319,-0.05855651,-0.10280898,0.16947594,9.80307523,0.30992522,0.77695196,0.31008522,4
117.37719911,31.96182444,41.54122792,-148.77489408,-10.08548953,41.53922792,-72.15049035,0.57714312,0.34381102,4.42348878,1.34093866,-4.21572265,-0.05946774,-0.10528400,0.15521008,9.83524432,0.26807102,0.81093197,0.41084940,4
117.37719811,31.96182471,41.54168917,-148.74423891,-10.18067064,41.53968917,-72.14530098,0.58891830,0.35522914,4.42052042,1.33889876,-4.21320959,-0.06037833,-0.08426464,0.16905329,9.89042276,0.18202481,0.70105322,0.55518836,4
117.37719710,31.96182499,41.54214445,-148.71357574,-10.27584923,41.54014445,-72.14088634,0.60075579,0.36661134,4.41756105,1.33684996,-4.21070551,-0.06128890,-0.06263847,0.18362250,9.94619552,0.09483721,0.58745891,0.70065281,4
117.37719610,31.96182526,41.54259974,-148.68290588,-10.37102570,41.54059974,-72.13726141,0.61259328,0.37799354,4.41460168,1.33480116,-4.20820142,-0.06219949,-0.04101228,0.19819173,10.00196833,0.00764950,0.47386450,0.84611740,4
117.37719510,31.96182554,41.54305602,-148.65223064,-10.46620048,41.54105602,-72.13443946,0.61783650,0.39043497,4.41156689,1.33247206,-4.20569187,-0.06318101,-0.03119992,0.19989733,10.02338313,-0.09455470,0.42739556,0.97969358,4
117.37719408,31.96182582,41.54351404,-148.62155138,-10.56137400,41.54151404,-72.13243261,0.61159960,0.40472041,4.40840080,1.32965496,-4.20317282,-0.06428604,-0.04195452,0.17920839,9.98498331,-0.22290132,0.49778687,1.09257276,4
117.37719308,31.96182610,41.54397261,-148.59086945,-10.65654670,41.54197261,-72.13125345,0.60160258,0.41960982,4.40519172,1.32667803,-4.20065064,-0.06543152,-0.05944549,0.15118449,9.92699223,-0.35981038,0.60645379,1.19867291,4
117.37719207,31.96182637,41.54443120,-148.56018626,-10.75171900,41.54243120,-72.13091668,0.59151361,0.43451398,4.40198160,1.32369720,-4.19812840,-0.06657800,-0.07710118,0.12298123,9.86852207,-0.49692863,0.71605667,1.30460707,4
117.37719106,31.96182665,41.54488978,-148.52950320,-10.84689137,41.54288978,-72.13143893,0.58295980,0.44975925,4.39843035,1.32051169,-4.19533325,-0.06772447,-0.10007862,0.10047509,9.81281528,-0.57649624,0.78741749,1.39692951,4
117.37719006,31.96182693,41.54534838,-148.49882174,-10.94206426,41.54334838,-72.13283717,0.57927274,0.46608597,4.39379760,1.31667730,-4.19167292,-0.06887094,-0.13992734,0.09602996,9.76586872,-0.47361537,0.73754252,1.44610008,4
117.37718905,31.96182720,41.54580696,-148.46814333,-11.03723813,41.54380696,-72.13512656,0.57940348,0.48326108,4.38831645,1.31233386,-4.18733386,-0.07001740,-0.19301109,0.10575317,9.72579429,-0.22760910,0.59256166,1.46141931,4
117.37718804,31.96182748,41.54626555,-148.43746947,-11.13241346,41.54426555,-72.13831796,0.57963278,0.50045809,4.38281341,1.30797728,-4.18297728,-0.07116387,-0.24643647,0.11584207,9.68589723,0.02209147,0.44512598,1.47586479,4
117.37718704,31.96182776,41.54672413,-148.40680166,-11.22759073,41.54472413,-72.14241702,0.57986207,0.51765512,4.37731037,1.30362071,-4.17862071,-0.07231034,-0.29986189,0.12593100,9.64600014,0.27179225,0.29769016,1.49031030,4
117.37718603,31.96182804,41.54728173,-148.37614144,-11.32277041,41.54528173,-72.14742589,0.57863913,0.52659919,4.37090998,1.29914716,-4.17337207,-0.07278389,-0.31875143,0.12996260,9.69486061,0.29108608,0.20160268,1.48428252,4
117.37718503,31.96182832,41.54797260,-148.34549029,-11.41795298,41.54597260,-72.15334522,0.57546090,0.52443154,4.36330143,1.29451614,-4.16692239,-0.07235143,-0.29114205,0.12583864,9.86322364,0.00016140,0.17465038,1.45068965,4
117.37718402,31.96182860,41.54866804,-148.31484976,-11.51313892,41.54666804,-72.16017659,0.57221581,0.52188386,4.35565157,1.28987975,-4.16043164,-0.07188797,-0.26194237,0.12143576,10.03567365,-0.30137286,0.15006262,1.41615406,4
117.37718301,31.96182888,41.54936351,-148.28422134,-11.60832871,41.54736351,-72.16792361,0.56897032,0.51933382,4.34800147,1.28524332,-4.15394065,-0.07142433,-0.23273289,0.11703115,10.20814864,-0.60297229,0.12548957,1.38161270,4
117.37718201,31.96182916,41.54992657,-148.25360658,-11.70352282,41.54792657,-72.17659043,0.56153854,0.51711427,4.34028014,1.28060398,-4.14731274,-0.07109323,-0.21738610,0.12471159,10.29458987,-0.84498653,0.08728568,1.34293178,4
117.37718100,31.96182944,41.55024980,-148.22300701,-11.79872175,41.54824980,-72.18617897,0.54652331,0.51549337,4.33242976,1.27595934,-4.14043679,-0.07100223,-0.22715143,0.15428400,10.22518174,-0.97906325,0.02438950,1.29675201,4
117.37718000,31.96182972,41.55048436,-148.19242415,-11.89392596,41.54848436,-72.19668570,0.52870406,0.51409383,4.32453166,1.27131274,-4.13346912,-0.07100000,-0.24620212,0.19195115,10.09814732,-1.07322952,-0.04763686,1.24779944,4
117.37717900,31.96183000,41.55071669,-148.16185955,-11.98913594,41.54871669,-72.20810001,0.51081443,0.51269983,4.31663234,1.26666608,-4.12649913,-0.07100000,-0.26548574,0.22982140,9.96966728,-1.16639497,-0.11989237,1.19877720,4
117.37717800,31.96183028,41.55105934,-148.13131468,-12.08435216,41.54905934,-72.22040528,0.49232871,0.50891743,4.30913342,1.26220093,-4.11992997,-0.07077959,-0.27522738,0.25937058,9.85192724,-1.20810204,-0.20022646,1.16119330,4
117.37717699,31.96183056,41.55173415,-148.10079104,-12.17957507,41.54973415,-72.23358159,0.47204814,0.49794320,4.30284021,1.25828235,-4.11456782,-0.06989550,-0.25623642,0.26386340,9.76652796,-1.09485902,-0.30488599,1.15805229,4
117.37717599,31.96183084,41.55265965,-148.07029004,-12.27480512,41.55065965,-72.24760855,0.45041296,0.48154108,4.29745697,1.25477629,-4.11011663,-0.06851052,-0.21556015,0.24944548,9.70553718,-0.86467071,-0.42790463,1.18090636,4
117.37717498,31.96183112,41.55359173,-148.03981309,-12.37004275,41.55159173,-72.26246741,0.42874229,0.46499681,4.29209756,1.25128102,-4.10568929,-0.06711241,-0.17431598,0.23453233,9.64518553,-0.63141977,-0.55140412,1.20444116,4
117.37717398,31.96183140,41.55453993,-148.00936155,-12.46528839,41.55253993,-72.27814130,0.40805552,0.44908158,4.28698815,1.24785834,-4.10149582,-0.06577076,-0.13286215,0.21909500,9.58781782,-0.40112056,-0.65603241,1.22650820,4
117.37717297,31.96183168,41.55569023,-147.97893679,-12.56054245,41.55369023,-72.29461321,0.39969735,0.44104857,4.28501142,1.24534514,-4.10023292,-0.06513647,-0.08878093,0.19708914,9.56784015,-0.20780728,-0.52419408,1.23018340,4
117.37717196,31.96183197,41.55708191,-147.94854010,-12.65580534,41.55508191,-72.31186382,0.40606258,0.44242889,4.28677588,1.24391809,-4.10246985,-0.06534699,-0.04156192,0.16723886,9.59251540,-0.05866416,-0.10995610,1.21189417,4
117.37717095,31.96183225,41.55848002,-147.91817278,-12.75107745,41.55648002,-72.32986969,0.41282011,0.44406003,4.28864003,1.24251998,-4.10480004,-0.06558001,0.00574076,0.13717952,9.61838042,0.08930238,0.31180679,1.19301970,4
117.37716994,31.96183252,41.55987814,-147.88783606,-12.84635918,41.55787814,-72.34860202,0.41957766,0.44569116,4.29050418,1.24112186,-4.10713023,-0.06581302,0.05304363,0.10712006,9.64424554,0.23726948,0.73357128,1.17414515,4
117.37716893,31.96183280,41.56088572,-147.85753111,-12.94165088,41.55888572,-72.36802721,0.42613552,0.45804743,4.29296443,1.23988584,-4.11005324,-0.06680587,0.07115543,0.09981061,9.67716311,0.28833110,1.01759947,1.17017529,4
117.37716792,31.96183308,41.56126950,-147.82725908,-13.03695291,41.55926950,-72.38810827,0.43237442,0.48753474,4.29637680,1.23890874,-4.11392316,-0.06901236,0.04264086,0.12883936,9.72134538,0.18460728,1.08162342,1.19001243,4
117.37716692,31.96183335,41.56150132,-147.79702102,-13.13226559,41.55950132,-72.40880587,0.43853565,0.52119544,4.30002113,1.23799472,-4.11802377,-0.07151452,0.00276760,0.16672053,9.76827203,0.04317601,1.09205282,1.21564921,4
117.37716591,31.96183362,41.56172944,-147.76681793,-13.22758923,41.55972944,-72.43007950,0.44469502,0.55495789,4.30367113,1.23708222,-4.12213001,-0.07402390,-0.03738236,0.20481735,9.81526571,-0.09917380,1.10117781,1.24142730,4
117.37716490,31.96183389,41.56191839,-147.73665073,-13.32292410,41.55991839,-72.45188798,0.44762251,0.58719034,4.30629895,1.23577308,-4.12529383,-0.07641848,-0.07897647,0.22743778,9.85414845,-0.23478220,1.10636392,1.27566357,4
117.37716389,31.96183416,41.56199796,-147.70652027,-13.41827048,41.55999796,-72.47418881,0.44152852,0.61515163,4.30607344,1.23335674,-4.12582691,-0.07849264,-0.12460140,0.20685723,9.87038988,-0.35157134,1.10055503,1.33350968,4
117.37716289,31.96183444,41.56200000,-147.67642736,-13.51362861,41.56000000,-72.49693700,0.42903982,0.64008544,4.30382543,1.23015559,-4.12449525,-0.08033967,-0.17308360,0.15565454,9.87058254,-0.45502110,1.08695253,1.40809124,4
117.37716188,31.96183471,41.56200000,-147.64637269,-13.60899870,41.56000000,-72.52008424,0.41638258,0.66493966,4.30152411,1.22693375,-4.12311446,-0.08218071,-0.22164136,0.10364480,9.87035241,-0.55812004,1.07314464,1.48311414,4
117.37716087,31.96183498,41.56201180,-147.61635689,-13.70438094,41.56001180,-72.54357857,0.40353633,0.68938739,4.29906348,1.22366465,-4.12158028,-0.08398641,-0.26969287,0.05356867,9.86919621,-0.65923927,1.05231725,1.55586179,4
117.37715986,31.96183525,41.56222235,-147.58638049,-13.79977550,41.56022235,-72.56736489,0.38750676,0.70698401,4.29391902,1.21959971,-4.11746187,-0.08519628,-0.30920966,0.03607653,9.85243719,-0.72699210,0.91322344,1.59026708,4
117.37715885,31.96183552,41.56267636,-147.55644393,-13.89518250,41.56067636,-72.59138678,0.36757818,0.71618909,4.28548727,1.21456000,-4.11017818,-0.08567636,-0.33827273,0.05849455,9.81656727,-0.75387636,0.62927269,1.57770909,4
117.37715784,31.96183578,41.56313689,-147.52654756,-13.99060205,41.56113689,-72.61558834,0.34754508,0.72516944,4.27696745,1.20949416,-4.10280969,-0.08613689,-0.36705592,0.08198162,9.78018532,-0.77966610,0.34144085,1.56389316,4
117.37715683,31.96183605,41.56359742,-147.49669164,-14.08603423,41.56159742,-72.63991519,0.32751193,0.73414983,4.26844760,1.20442830,-4.09544116,-0.08659742,-0.39583919,0.10546878,9.74380326,-0.80545592,0.05360808,1.55007719,4
117.37715582,31.96183631,41.56413040,-147.46687633,-14.18147908,41.56213040,-72.66431430,0.31200847,0.73735727,4.26081747,1.19962742,-4.08889571,-0.08663484,-0.39350517,0.12450943,9.72902462,-0.79424166,-0.12651741,1.52799932,4
117.37715481,31.96183658,41.56478794,-147.43710170,-14.27693663,41.56278794,-72.68873230,0.30429257,0.73063979,4.25471698,1.19528210,-4.08376530,-0.08594484,-0.33767399,0.13590558,9.75138683,-0.71940969,-0.12147105,1.49171755,4
117.37715380,31.96183684,41.56548590,-147.40736775,-14.37240687,41.56348590,-72.71311365,0.29910340,0.72070209,4.24911280,1.19108459,-4.07909400,-0.08501880,-0.26448514,0.14482141,9.78579973,-0.62393632,-0.05634414,1.45082716,4
117.37715279,31.96183711,41.56618487,-147.37767437,-14.46788976,41.56418487,-72.73739877,0.29397763,0.71068355,4.24352105,1.18689079,-4.07443421,-0.08408685,-0.19086051,0.15367500,9.82051514,-0.52794472,0.01029080,1.40982104,4
117.37715178,31.96183738,41.56675796,-147.34802134,-14.56338523,41.56475796,-72.76152385,0.28721091,0.70627402,4.23955667,1.18324547,-4.07131667,-0.08365357,-0.12900632,0.15096733,9.83653040,-0.46383916,0.12187251,1.36933472,4
117.37715077,31.96183766,41.56699396,-147.31840835,-14.65889318,41.56499396,-72.78542271,0.27604998,0.71688455,4.23995016,1.18106895,-4.07232902,-0.08455571,-0.09867160,0.11730049,9.80246968,-0.48511942,0.35381398,1.33024047,4
117.37714976,31.96183793,41.56700000,-147.28883496,-14.75441348,41.56500000,-72.80902914,0.26189125,0.73774202,4.24331664,1.17989445,-4.07615886,-0.08636887,-0.08984008,0.06251275,9.73424622,-0.56465145,0.66786696,1.29209593,4
117.37714876,31.96183820,41.56700000,-147.25930063,-14.84994595,41.56500000,-72.83227990,0.24765382,0.75886853,4.24676118,1.17874627,-4.08006266,-0.08820596,-0.08157318,0.00717049,9.66512580,-0.64571294,0.98407568,1.25397635,4
117.37714775,31.96183847,41.56698638,-147.22980472,-14.94549040,41.56498638,-72.85511597,0.23390314,0.77985705,4.25002955,1.17756380,-4.08379041,-0.09002305,-0.07521707,-0.04447505,9.59829667,-0.71597743,1.27724945,1.21343823,4
117.37714674,31.96183875,41.56677174,-147.20034649,-15.04104658,41.56477174,-72.87748157,0.22733987,0.79880830,4.25069656,1.17587475,-4.08491840,-0.09154501,-0.09707639,-0.04153346,9.56530101,-0.62680852,1.23028120,1.13718581,4
117.37714573,31.96183902,41.56631525,-147.17092511,-15.13661425,41.56431525,-72.89932197,0.22942374,0.81530853,4.24823389,1.17357626,-4.08291863,-0.09271187,-0.15288156,0.02708160,9.57301020,-0.34582611,0.77408989,1.01796568,4
117.37714472,31.96183930,41.56585230,-147.14153966,-15.23219311,41.56385230,-72.92058086,0.23173849,0.83174327,4.24568766,1.17126151,-4.08083536,-0.09386924,-0.20959297,0.09745004,9.58180625,-0.05972288,0.30697311,0.89759863,4
117.37714371,31.96183956,41.56538935,-147.11218913,-15.32778285,41.56338935,-72.94119895,0.23405323,0.84817793,4.24314145,1.16894677,-4.07875210,-0.09502661,-0.26630412,0.16781818,9.59060227,0.22637917,-0.16014170,0.77723207,4
117.37714270,31.96183983,41.56521904,-147.08287239,-15.42338312,41.56321904,-72.96111480,0.23541312,0.85197322,4.24031676,1.16693337,-4.07631556,-0.09516196,-0.30357869,0.20358194,9.63646228,0.32030817,-0.50974997,0.63818907,4
117.37714169,31.96184009,41.56553208,-147.05358822,-15.51899354,41.56353208,-72.98026723,0.23519578,0.83489097,4.23703206,1.16541770,-4.07329548,-0.09360913,-0.30874828,0.18218681,9.74354421,0.09680875,-0.66526363,0.46829617,4
117.37714068,31.96184035,41.56598473,-147.02433531,-15.61461369,41.56398473,-72.99859784,0.23452290,0.81177879,4.23361452,1.16404581,-4.07010689,-0.09156871,-0.30464507,0.14428271,9.86830831,-0.21837187,-0.76471688,0.28949359,4
117.37713966,31.96184061,41.56644084,-146.99511223,-15.71024314,41.56444084,-73.01605287,0.23383874,0.78851725,4.23019372,1.16267748,-4.06691414,-0.08951623,-0.30031203,0.10596958,9.99351009,-0.53582341,-0.86278022,0.11047099,4
117.37713865,31.96184087,41.56682641,-146.96591749,-15.80588142,41.56482641,-73.03258323,0.23063438,0.76518375,4.22676232,1.16148478,-4.06367552,-0.08752933,-0.29046180,0.06523570,10.08089637,-0.78090899,-0.94754930,-0.05709058,4
117.37713764,31.96184114,41.56699565,-146.93674950,-15.90152804,41.56499565,-73.04814223,0.21970001,0.74162933,4.22329843,1.16083078,-4.06029625,-0.08574363,-0.26368900,0.01707644,10.05229492,-0.80403447,-0.99154272,-0.18950022,4
117.37713663,31.96184139,41.56700000,-146.90760660,-15.99718248,41.56500000,-73.06268316,0.20287433,0.71790660,4.21980979,1.16058732,-4.05680979,-0.08411124,-0.22401897,-0.03674185,9.93529495,-0.65799576,-1.00445938,-0.29511888,4
117.37713562,31.96184166,41.56700000,-146.87848707,-16.09284420,41.56500000,-73.07615739,0.18589325,0.69417962,4.21632053,1.16035471,-4.05332053,-0.08248292,-0.18400876,-0.09070912,9.81596217,-0.50749226,-1.01655549,-0.40002935,4
117.37713461,31.96184193,41.56700625,-146.84938908,-16.18851264,41.56500625,-73.08851458,0.16945633,0.67065538,4.21310773,1.16020347,-4.05009522,-0.08086771,-0.14291921,-0.14191717,9.69886906,-0.35850844,-1.02122434,-0.50123605,4
117.37713359,31.96184218,41.56711227,-146.82031072,-16.28418721,41.56511227,-73.09970504,0.16169831,0.65036235,4.21430494,1.16135053,-4.05108041,-0.07946154,-0.08460433,-0.14911317,9.61748998,-0.23374810,-0.90740154,-0.54336812,4
117.37713258,31.96184243,41.56733853,-146.79125002,-16.37986727,41.56533853,-73.10968337,0.16440100,0.63396383,4.22081759,1.16406245,-4.05714052,-0.07830731,-0.00552743,-0.10326124,9.57915690,-0.13818394,-0.65075974,-0.51429741,4
117.37713156,31.96184269,41.56756803,-146.76220491,-16.47555221,41.56556803,-73.11841127,0.16738438,0.61766990,4.22747286,1.16681636,-4.06333680,-0.07715985,0.07410627,-0.05598590,9.54197920,-0.04340378,-0.39028642,-0.48331600,4
117.37713055,31.96184294,41.56779753,-146.73317330,-16.57124135,41.56579753,-73.12585863,0.17036777,0.60137602,4.23412811,1.16957026,-4.06953307,-0.07601239,0.15373975,-0.00871070,9.50480162,0.05137612,-0.12981381,-0.45233468,4
117.37712953,31.96184319,41.56809587,-146.70415301,-16.66693403,41.56609587,-73.13200180,0.17769586,0.59668242,4.24195227,1.17266747,-4.07682952,-0.07576251,0.20683316,0.01914978,9.51242172,0.17259263,0.14250887,-0.44738163,4
117.37712852,31.96184346,41.56851301,-146.67514186,-16.76262956,41.56651301,-73.13681974,0.19251983,0.61200258,4.25179313,1.17635703,-4.08602413,-0.07706120,0.21413743,0.01351436,9.59733057,0.33941984,0.43527634,-0.48733472,4
117.37712751,31.96184373,41.56897008,-146.64613762,-16.85832725,41.56697008,-73.14029125,0.20986279,0.63404857,4.26231169,1.18024563,-4.09585658,-0.07888029,0.20605364,-0.00337775,9.70821290,0.52157430,0.73491312,-0.54237890,4
117.37712650,31.96184398,41.56942814,-146.61713804,-16.95402639,41.56742814,-73.14239451,0.22726958,0.65626512,4.27284737,1.18413925,-4.10570515,-0.08071259,0.19757929,-0.02055550,9.81975373,0.70411647,1.03472202,-0.59780575,4
117.37712549,31.96184424,41.56969035,-146.58814081,-17.04972627,41.56769035,-73.14311036,0.24266821,0.67787836,4.28266307,1.18788845,-4.11483639,-0.08247311,0.18208539,-0.03692292,9.91077500,0.80841200,1.24357130,-0.65111012,4
117.37712447,31.96184450,41.56931620,-146.55914361,-17.14542617,41.56731620,-73.14242725,0.25154267,0.69753183,4.29013968,1.19116850,-4.12163714,-0.08400049,0.14378467,-0.05065792,9.93512994,0.65848603,1.15689647,-0.69751953,4
117.37712345,31.96184474,41.56843788,-146.53014411,-17.24112534,41.56643788,-73.14034559,0.25524845,0.71563281,4.29576322,1.19407686,-4.12659163,-0.08534317,0.08741523,-0.06230749,9.90666918,0.30715440,0.83609469,-0.73846671,4
117.37712244,31.96184499,41.56754606,-146.50113997,-17.33682307,41.56554606,-73.13687882,0.25881577,0.73369235,4.30133714,1.19697531,-4.13149668,-0.08668091,0.03056113,-0.07390126,9.87679290,-0.04957722,0.50901639,-0.77926790,4
117.37712142,31.96184523,41.56665422,-146.47212891,-17.43251864,41.56465422,-73.13204967,0.26238312,0.75175209,4.30691114,1.19987379,-4.13640180,-0.08801868,-0.02629363,-0.08549517,9.84691629,-0.40631295,0.18193432,-0.82006954,4
117.37712040,31.96184548,41.56583894,-146.44310868,-17.52821136,41.56383894,-73.12588418,0.26406803,0.76206037,4.30978750,1.20212940,-4.13868743,-0.08878533,-0.06256788,-0.09849968,9.82653141,-0.51689756,-0.00870513,-0.87402291,4
117.37711938,31.96184574,41.56513670,-146.41407708,-17.62390052,41.56313670,-73.11840640,0.26297314,0.76092207,4.30868026,1.20343569,-4.13710490,-0.08870861,-0.06845091,-0.11358712,9.82016297,-0.26399364,0.00213975,-0.94739680,4
117.37711837,31.96184599,41.56445420,-146.38503193,-17.71958546,41.56245420,-73.10963662,0.26139314,0.75778627,4.30687787,1.20457633,-4.13484734,-0.08848473,-0.06903054,-0.12903810,9.81624048,0.05234209,0.04814483,-1.02415996,4
117.37711735,31.96184625,41.56377216,-146.35597111,-17.81526550,41.56177216,-73.09959384,0.25980171,0.75460341,4.30505909,1.20571306,-4.13257387,-0.08825738,-0.06948523,-0.14449770,9.81237558,0.37017324,0.09497832,-1.10100326,4
117.37711634,31.96184651,41.56317870,-146.32689250,-17.91094000,41.56117870,-73.08829980,0.26223747,0.75150945,4.30328479,1.20698243,-4.13034492,-0.08803007,-0.06940884,-0.16531000,9.79448305,0.60950612,0.10675805,-1.16889826,4
117.37711532,31.96184677,41.56280661,-146.29779404,-18.00660830,41.56080661,-73.07578278,0.27473565,0.74863759,4.30162161,1.20858314,-4.12822725,-0.08780282,-0.06800546,-0.19949665,9.74154076,0.65269992,0.03095143,-1.21443449,4
117.37711431,31.96184702,41.56257561,-146.26867372,-18.10226978,41.56057561,-73.06207853,0.29364875,0.74590732,4.30002927,1.21039512,-4.12618049,-0.08757561,-0.06575610,-0.24220969,9.66625377,0.57085378,-0.10069249,-1.24571702,4
117.37711330,31.96184727,41.56234840,-146.23952960,-18.19792383,41.56034840,-73.04722778,0.31273421,0.74318083,4.29843882,1.21221278,-4.12413561,-0.08734840,-0.06348402,-0.28515195,9.59036639,0.48565089,-0.23383622,-1.27661728,4
117.37711229,31.96184753,41.56212646,-146.21035979,-18.29356986,41.56012646,-73.03127304,0.33185704,0.74014443,4.29690121,1.21404162,-4.12213814,-0.08709448,-0.06048112,-0.32714702,9.51992587,0.40741653,-0.36371853,-1.30654027,4
117.37711127,31.96184779,41.56200330,-146.18116251,-18.38920731,41.56000330,-73.01425631,0.35167831,0.73129666,4.29635490,1.21607976,-4.12102966,-0.08633962,-0.04377291,-0.35137267,9.55164458,0.45987978,-0.43241865,-1.31813181,4
117.37711025,31.96184805,41.56200000,-146.15193601,-18.48483564,41.56000000,-72.99621952,0.37234711,0.71539669,4.29701157,1.21837190,-4.12100000,-0.08497686,-0.01043305,-0.35403471,9.70733558,0.67094716,-0.42687272,-1.30747769,4
117.37710925,31.96184832,41.56200000,-146.12267863,-18.58045433,41.56000000,-72.97720774,0.39303930,0.69930276,4.29770131,1.22067103,-4.12100000,-0.08359738,0.02336419,-0.35610393,9.86643549,0.88637580,-0.41928559,-1.29621193,4
117.37710824,31.96184859,41.56200000,-146.09338879,-18.67606287,41.56000000,-72.95727143,0.41373162,0.68320874,4.29839106,1.22297018,-4.12100000,-0.08221790,0.05716164,-0.35817316,10.02553642,1.10180581,-0.41169840,-1.28494612,4
117.37710723,31.96184884,41.56220888,-146.06406499,-18.77166082,41.56020888,-72.93646714,0.43361487,0.67259472,4.29991722,1.22548115,-4.12183553,-0.08139366,0.08863498,-0.35251637,10.09662257,1.16433048,-0.32068755,-1.27547621,4
117.37710621,31.96184910,41.56277695,-146.03470583,-18.86724772,41.56077695,-72.91485528,0.45210679,0.67140388,4.30288162,1.22835635,-4.12410780,-0.08152422,0.11611175,-0.33357432,10.01636274,0.96392672,-0.08622611,-1.26909451,4
117.37710519,31.96184936,41.56346648,-146.00531002,-18.96282317,41.56146648,-72.89249579,0.47012837,0.67339943,4.30633238,1.23135473,-4.12686591,-0.08197765,0.14223726,-0.31013982,9.88492545,0.67461364,0.19674395,-1.26375701,4
117.37710418,31.96184962,41.56415915,-145.97587636,-19.05838679,41.56215915,-72.86944529,0.48813791,0.67547745,4.30979576,1.23435632,-4.12963660,-0.08243943,0.16832801,-0.28658888,9.75216279,0.38299758,0.48097148,-1.25844651,4
117.37710316,31.96184988,41.56481497,-145.94640376,-19.15393825,41.56281497,-72.84575726,0.50489419,0.67936340,4.31289041,1.23724742,-4.13203853,-0.08297503,0.18704162,-0.27273955,9.64381557,0.17629295,0.69840200,-1.24704819,4
117.37710215,31.96185014,41.56536091,-145.91689119,-19.24947722,41.56336091,-72.82148600,0.51791357,0.68863974,4.31488565,1.23980903,-4.13334094,-0.08373071,0.18375965,-0.28781626,9.60826572,0.22275893,0.71667081,-1.21749889,4
117.37710115,31.96185041,41.56582508,-145.88733772,-19.34500340,41.56382508,-72.79669170,0.52815196,0.70192758,4.31606273,1.24212545,-4.13382508,-0.08465018,0.16410864,-0.32441965,9.62689136,0.45763365,0.58672423,-1.17444166,4
117.37710014,31.96185068,41.56628704,-145.85774254,-19.44051656,41.56428704,-72.77144381,0.53831497,0.71532428,4.31721761,1.24443522,-4.13428704,-0.08557409,0.14401358,-0.36160705,9.64698642,0.69761940,0.45275722,-1.13101786,4
117.37709913,31.96185095,41.56674061,-145.82810497,-19.53601645,41.56474061,-72.74582089,0.54865119,0.72861406,4.31830470,1.24672010,-4.13468526,-0.08648975,0.12372122,-0.39757013,9.66907996,0.92797322,0.32268671,-1.08891454,4
117.37709812,31.96185122,41.56699324,-145.79842443,-19.63150292,41.56499324,-72.71990556,0.56313599,0.73934101,4.31776726,1.24840834,-4.13355632,-0.08720755,0.09870380,-0.40419725,9.73905125,0.92753939,0.28598320,-1.07845187,4
117.37709710,31.96185149,41.56700000,-145.76870052,-19.72697582,41.56500000,-72.69377869,0.58269679,0.74693212,4.31524209,1.24936652,-4.13055883,-0.08768326,0.06790504,-0.37492992,9.86760383,0.64472225,0.36352021,-1.10670356,4
117.37709609,31.96185174,41.56700000,-145.73893294,-19.82243507,41.56500000,-72.66751600,0.60239718,0.75443702,4.31266228,1.25030463,-4.12750995,-0.08815231,0.03694728,-0.34467575,9.99776711,0.35414153,0.44419800,-1.13601962,4
117.37709508,31.96185201,41.56700000,-145.70912154,-19.91788061,41.56500000,-72.64118794,0.62209759,0.76194193,4.31008246,1.25124274,-4.12446108,-0.08862137,0.00598949,-0.31442155,10.12793053,0.06356048,0.52487587,-1.16533571,4
117.37709407,31.96185228,41.56684297,-145.67926626,-20.01331243,41.56484297,-72.61486320,0.63779577,0.76709221,4.30601066,1.25186690,-4.11999870,-0.08893346,-0.03038861,-0.32106523,10.17433383,-0.03053216,0.48190460,-1.18656784,4
117.37709306,31.96185255,41.56643876,-145.64936716,-20.10873054,41.56443876,-72.58861092,0.64719368,0.76853584,4.29959022,1.25199682,-4.11331120,-0.08899841,-0.07529924,-0.38579281,10.08888352,0.18468345,0.24428736,-1.19507435,4
117.37709206,31.96185283,41.56597116,-145.61942443,-20.20413500,41.56397116,-72.56250041,0.65497581,0.76902884,4.29256745,1.25200000,-4.10605303,-0.08900000,-0.12239809,-0.46541666,9.96961781,0.47922478,-0.04324897,-1.20031720,4
117.37709105,31.96185310,41.56550198,-145.58943836,-20.29952589,41.56350198,-72.53659866,0.66271744,0.76949802,4.28552960,1.25200000,-4.09878058,-0.08900000,-0.16955165,-0.54541349,9.84950525,0.77575265,-0.33203522,-1.20547829,4
117.37709004,31.96185338,41.56540510,-145.55940935,-20.39490333,41.56340510,-72.51096674,0.67131904,0.76165276,4.27769044,1.25173168,-4.09070517,-0.08830238,-0.19992187,-0.58562431,9.77039612,0.91141342,-0.62276705,-1.20595371,4
117.37708903,31.96185365,41.56613839,-145.52933790,-20.49026749,41.56413839,-72.48565888,0.68183831,0.73526752,4.26806445,1.25086506,-4.08083920,-0.08604916,-0.19286788,-0.53711853,9.78271807,0.68836574,-0.91783804,-1.19598081,4
117.37708802,31.96185391,41.56733661,-145.49922459,-20.58561853,41.56533661,-72.46072422,0.69343144,0.69849978,4.25743785,1.24966339,-4.06997052,-0.08292482,-0.16485604,-0.43893079,9.84624221,0.26443867,-1.21533834,-1.18015677,4
117.37708701,31.96185418,41.56854721,-145.46907009,-20.68095667,41.56654721,-72.43621037,0.70505313,0.66145565,4.24678464,1.24845279,-4.05907519,-0.07977728,-0.13628606,-0.33942008,9.91112997,-0.16483746,-1.51290199,-1.16417694,4
117.37708601,31.96185445,41.56979715,-145.43887514,-20.77628213,41.56779715,-72.41216682,0.71239544,0.62422988,4.23745467,1.24768215,-4.04946329,-0.07671116,-0.10050066,-0.26627913,9.94587046,-0.50771122,-1.71138628,-1.15347715,4
117.37708500,31.96185473,41.57116088,-145.40864055,-20.87159516,41.56916088,-72.38864587,0.70736496,0.58647854,4.23195052,1.24818349,-4.04356204,-0.07388040,-0.04385306,-0.26937982,9.89344699,-0.60077488,-1.62340618,-1.15804329,4
117.37708399,31.96185502,41.57260710,-145.37836726,-20.96689604,41.57060710,-72.36570021,0.69336346,0.54834623,4.22922031,1.24960710,-4.04035127,-0.07122031,0.02792074,-0.32776034,9.77782449,-0.51271076,-1.32772213,-1.17367815,4
117.37708300,31.96185531,41.57405555,-145.34805626,-21.06218509,41.57205555,-72.34337923,0.67912046,0.51020394,4.22656483,1.25105555,-4.03721298,-0.06856483,0.10010141,-0.38762926,9.66050072,-0.41976909,-1.02644629,-1.18961101,4
117.37708200,31.96185560,41.57545741,-145.31770864,-21.15746264,41.57345741,-72.32172534,0.66565564,0.47672350,4.22400340,1.25250933,-4.03416696,-0.06623703,0.16424120,-0.43302594,9.55907282,-0.35013369,-0.72881035,-1.20492767,4
117.37708099,31.96185589,41.57665236,-145.28732553,-21.25272905,41.57465236,-72.30077247,0.65564795,0.46395458,4.22185976,1.25398687,-4.03153081,-0.06536505,0.19265745,-0.41412447,9.52826684,-0.38404486,-0.44733925,-1.21750692,4
117.37707998,31.96185616,41.57765747,-145.25690813,-21.34798467,41.57565747,-72.28054848,0.64881208,0.47018792,4.22009943,1.25548621,-4.02927069,-0.06582874,0.18829829,-0.33623122,9.56225451,-0.51295716,-0.18069890,-1.22757469,4
117.37707897,31.96185644,41.57865742,-145.22645769,-21.44322990,41.57665742,-72.26107919,0.64206244,0.47693756,4.21834952,1.25698613,-4.02702081,-0.06632871,0.18304857,-0.25673540,9.59800263,-0.64445025,0.08553712,-1.23757416,4
117.37707796,31.96185673,41.57962970,-145.19597546,-21.53846513,41.57762970,-72.24239247,0.63596182,0.48529267,4.21713566,1.25860920,-4.02528280,-0.06692884,0.17844436,-0.18327654,9.64260934,-0.72586053,0.35249469,-1.23680982,4
117.37707696,31.96185702,41.58047883,-145.16546280,-21.63369077,41.57847883,-72.22452016,0.63275089,0.50079628,4.21830848,1.26078068,-4.02582389,-0.06797494,0.17671431,-0.13669595,9.72665987,-0.58427799,0.62267016,-1.18811943,4
117.37707596,31.96185732,41.58121502,-145.13492108,-21.72890725,41.57921502,-72.20749595,0.63218999,0.52285552,4.22167008,1.26345506,-4.02845506,-0.06943004,0.17762002,-0.11476451,9.84688280,-0.23819687,0.89579633,-1.09547783,4
117.37707496,31.96185761,41.58194812,-145.10435174,-21.82411503,41.57994812,-72.19135160,0.63170125,0.54509310,4.22509124,1.26614312,-4.03114312,-0.07089625,0.17859750,-0.09350440,9.96808983,0.11345013,1.16900086,-1.00164013,4
117.37707397,31.96185791,41.58268329,-145.07375627,-21.91931456,41.58068329,-72.17611308,0.63026927,0.56799402,4.22751520,1.26853019,-4.03288062,-0.07239906,0.17197776,-0.07116147,10.08567516,0.39583454,1.40474613,-0.91572326,4
117.37707296,31.96185818,41.58343308,-145.04313621,-22.01450632,41.58143308,-72.16179839,0.62215464,0.59559543,4.22287432,1.26878494,-4.02788382,-0.07416123,0.11153428,-0.04114628,10.17760636,0.18752922,1.37511473,-0.88591943,4
117.37707195,31.96185845,41.58419821,-145.01249310,-22.10969080,41.58219821,-72.14841824,0.60703586,0.62812350,4.21082869,1.26680478,-4.01582869,-0.07619522,-0.00532269,-0.00308965,10.24264939,-0.53507461,1.06733869,-0.91492828,4
117.37707094,31.96185872,41.58496375,-144.98182851,-22.20486847,41.58296375,-72.13597841,0.59172499,0.66078671,4.19857999,1.26476333,-4.00357999,-0.07823667,-0.12372679,0.03518754,10.30695507,-1.27178288,0.75193465,-0.94555003,4
117.37706993,31.96185898,41.58572865,-144.95114401,-22.30003984,41.58372865,-72.12448206,0.57197903,0.68627507,4.18569200,1.26254870,-3.99071699,-0.07980158,-0.23128452,0.06403607,10.33999406,-1.91507745,0.39636635,-0.97921940,4
117.37706892,31.96185925,41.58649049,-144.92044117,-22.39520539,41.58449049,-72.11393102,0.53155320,0.67830864,4.16982315,1.25952653,-3.97498965,-0.07914448,-0.28826767,0.04892058,10.22724284,-2.12280175,-0.14647922,-1.02709914,4
117.37706791,31.96185954,41.58724951,-144.88972156,-22.49036562,41.58524951,-72.10432599,0.47187252,0.63919268,4.15117885,1.25575247,-3.95659534,-0.07641848,-0.29816107,-0.00712946,9.97874746,-1.92496932,-0.86369683,-1.08821000,4
117.37706691,31.96185983,41.58800844,-144.85898676,-22.58552102,41.58600844,-72.09566553,0.41166355,0.59922202,4.13245842,1.25195779,-3.93812790,-0.07363570,-0.30676234,-0.06430267,9.72652759,-1.71600881,-1.58569836,-1.14968385,4
117.37706591,31.96186011,41.58890124,-144.82823835,-22.68067208,41.58690124,-72.08794470,0.35651519,0.55706131,4.11401431,1.24832694,-3.91990663,-0.07063983,-0.29854064,-0.11014388,9.51167268,-1.48914022,-2.17019046,-1.20597840,4
117.37706490,31.96186040,41.59031774,-144.79747787,-22.77581930,41.58831774,-72.08115462,0.32116424,0.50633266,4.09665120,1.24533704,-3.90264839,-0.06681021,-0.22450540,-0.11165315,9.44299299,-1.19221222,-2.21673203,-1.24201118,4
117.37706390,31.96186067,41.59218746,-144.76670688,-22.87096315,41.59018746,-72.07528212,0.30294685,0.44818889,4.08022360,1.24290184,-3.88622360,-0.06225903,-0.09351209,-0.07479555,9.50081997,-0.83465143,-1.79770673,-1.26050850,4
117.37706289,31.96186094,41.59406964,-144.73592688,-22.96610413,41.59206964,-72.07030965,0.28520054,0.38984118,4.06382172,1.24048190,-3.86982172,-0.05768801,0.03904744,-0.03688299,9.56212539,-0.47542318,-1.36587995,-1.27852369,4
117.37706189,31.96186123,41.59580989,-144.70513936,-23.06124268,41.59380989,-72.06621611,0.27310908,0.34319780,4.05237575,1.23939493,-3.85818846,-0.05409492,0.14905332,-0.01991632,9.58972423,-0.17308120,-0.97911198,-1.26197639,4
117.37706088,31.96186152,41.59725673,-144.67434576,-23.15637928,41.59525673,-72.06297758,0.27270734,0.32074960,4.05117466,1.24106352,-3.85641291,-0.05252338,0.21243620,-0.04624905,9.54764476,0.01166512,-0.68548998,-1.17398152,4
117.37705988,31.96186181,41.59855462,-144.64354748,-23.25151436,41.59655462,-72.06056800,0.27824028,0.31058497,4.05517475,1.24413106,-3.85964198,-0.05197816,0.25214921,-0.09456426,9.47019064,0.13670978,-0.43915690,-1.04971376,4
117.37705888,31.96186210,41.59984847,-144.61274588,-23.34664835,41.59784847,-72.05895951,0.28393328,0.30075160,4.05931512,1.24723633,-3.86300603,-0.05146062,0.29122389,-0.14347229,9.39178252,0.26014435,-0.19409918,-0.92446780,4
117.37705788,31.96186239,41.60107082,-144.58194227,-23.44178168,41.59907082,-72.05812271,0.29187994,0.29450569,4.06181564,1.24956752,-3.86488412,-0.05101923,0.30437392,-0.15153274,9.41207021,0.31797036,-0.02549444,-0.80608109,4
117.37705688,31.96186266,41.60217075,-144.55113791,-23.53691473,41.60017075,-72.05802606,0.30368437,0.29440073,4.06150911,1.25057366,-3.86421858,-0.05070824,0.27314645,-0.08967078,9.60130422,0.26348850,0.01223917,-0.69943586,4
117.37705587,31.96186293,41.60322763,-144.52033399,-23.63204790,41.60122763,-72.05863533,0.31684543,0.29645527,4.06021546,1.25111382,-3.86265854,-0.05044309,0.22631336,-0.00322015,9.84994938,0.16951289,0.00395128,-0.59691945,4
117.37705486,31.96186320,41.60428338,-144.48953167,-23.72718155,41.60228338,-72.05991233,0.33004231,0.29856678,4.05889576,1.25164169,-3.86107492,-0.05017915,0.17906850,0.08387930,10.10016235,0.07449531,-0.00555047,-0.49451161,4
117.37705385,31.96186347,41.60512858,-144.45873202,-23.82231601,41.60312858,-72.06181423,0.33673538,0.30290638,4.05625994,1.25155483,-3.85827874,-0.05032447,0.13732303,0.14453970,10.19450609,-0.06474585,0.06805105,-0.42353180,4
117.37705284,31.96186376,41.60568523,-144.42793604,-23.91745162,41.60368523,-72.06429413,0.33451537,0.31029943,4.05182042,1.25062551,-3.85382083,-0.05103066,0.10311415,0.16896709,10.07524146,-0.26459224,0.25553992,-0.39562205,4
117.37705184,31.96186405,41.60620530,-144.39714466,-24.01258867,41.60420530,-72.06730259,0.33116552,0.31807956,4.04715226,1.24958939,-3.84915226,-0.05180795,0.06986051,0.18880157,9.92889884,-0.47212178,0.45746608,-0.37317191,4
117.37705084,31.96186432,41.60674839,-144.36635870,-24.10772743,41.60474839,-72.07079061,0.32738506,0.32612115,4.04225279,1.24848574,-3.84426443,-0.05259348,0.03713460,0.20683068,9.78471156,-0.67145508,0.65384505,-0.35139097,4
117.37704983,31.96186459,41.60778397,-144.33557892,-24.20286813,41.60578397,-72.07471235,0.31523097,0.33938478,4.03268036,1.24603625,-3.83494424,-0.05351629,0.01487096,0.18968418,9.69758513,-0.69788974,0.72893125,-0.34091155,4
117.37704881,31.96186485,41.60940228,-144.30480602,-24.29801101,41.60740228,-72.07902519,0.29316892,0.35882729,4.01757877,1.24199432,-3.82037953,-0.05460152,0.00498673,0.13091660,9.67797536,-0.51974413,0.66049916,-0.34380455,4
117.37704780,31.96186511,41.61103698,-144.27404060,-24.39315625,41.60903698,-72.08368785,0.27082796,0.37844375,4.00232153,1.23790755,-3.80566719,-0.05569132,-0.00454903,0.07097744,9.66026607,-0.33583989,0.58802728,-0.34707396,4
117.37704679,31.96186537,41.61262153,-144.24328321,-24.48830405,41.61062153,-72.08865661,0.25467794,0.39618449,3.98852806,1.23423170,-3.79237262,-0.05668912,-0.01119324,0.02751958,9.66015114,-0.14710109,0.52624208,-0.34378577,4
117.37704578,31.96186563,41.61406061,-144.21253432,-24.58345455,41.61206061,-72.09388247,0.25648565,0.40848447,3.97898045,1.23174774,-3.78319047,-0.05742005,-0.00945002,0.03186801,9.71107114,0.05566087,0.49545518,-0.32147635,4
117.37704477,31.96186590,41.61539436,-144.18179431,-24.67860787,41.61339436,-72.09931190,0.27129570,0.41684504,3.97250707,1.23012676,-3.77698595,-0.05795774,-0.00163384,0.07083081,9.79894327,0.26857651,0.48711271,-0.28539453,4
117.37704376,31.96186618,41.61672518,-144.15106347,-24.77376412,41.61472518,-72.10489007,0.28646711,0.42509615,3.96611911,1.22852978,-3.77086415,-0.05849007,0.00635111,0.11075556,9.88784237,0.48177467,0.47939393,-0.24892992,4
117.37704275,31.96186645,41.61791980,-144.12034202,-24.86892336,41.61591980,-72.11056548,0.30066982,0.43462941,3.95846798,1.22646724,-3.76355678,-0.05902783,0.00730363,0.14157698,9.95158813,0.54738113,0.47324392,-0.20730151,4
117.37704174,31.96186672,41.61886040,-144.08963006,-24.96408563,41.61686040,-72.11629220,0.31306595,0.44655372,3.94846119,1.22353648,-3.75403844,-0.05957569,-0.00485866,0.15542149,9.96842513,0.33774261,0.47001955,-0.15604314,4
117.37704074,31.96186699,41.61969184,-144.05892764,-25.05925095,41.61769184,-72.12202878,0.32468576,0.45950549,3.93744213,1.22023265,-3.74357003,-0.06012789,-0.02265654,0.16197078,9.96510475,0.00982796,0.46805238,-0.10064673,4
117.37703973,31.96186727,41.62052033,-144.02823475,-25.15441932,41.61852033,-72.12773439,0.33628451,0.47248504,3.92639571,1.21691871,-3.73307592,-0.06068021,-0.04060698,0.16832247,9.96123849,-0.32128873,0.46611924,-0.04513842,4
117.37703871,31.96186755,41.62122198,-143.99755130,-25.24959072,41.61922198,-72.13336578,0.33681697,0.48190963,3.91676585,1.21399448,-3.72387463,-0.06110879,-0.06682520,0.18318862,9.91813536,-0.47525411,0.37812112,-0.01670883,4
117.37703771,31.96186783,41.62176487,-143.96687713,-25.34476509,41.61976487,-72.13887739,0.32349549,0.48688374,3.90890941,1.21155809,-3.71629184,-0.06138243,-0.10339390,0.20871405,9.82591134,-0.40744291,0.18237774,-0.02217920,4
117.37703671,31.96186811,41.62230312,-143.93621200,-25.43994236,41.62030312,-72.14422419,0.30977030,0.49172813,3.90110468,1.20913593,-3.70875624,-0.06165156,-0.14026410,0.23455003,9.73225614,-0.33316867,-0.01650491,-0.02863750,4
117.37703570,31.96186840,41.62277468,-143.90555560,-25.53512243,41.62077468,-72.14936646,0.29867610,0.49194007,3.89233725,1.20642807,-3.70032797,-0.06157718,-0.17139396,0.25794287,9.66319766,-0.26330374,-0.22696443,-0.03074658,4
117.37703470,31.96186868,41.62299400,-143.87490756,-25.63030520,41.62099400,-72.15427326,0.29753296,0.47463309,3.87992874,1.20263967,-3.68852350,-0.06020370,-0.18081412,0.27209549,9.68716378,-0.21013187,-0.48119943,-0.01640466,4
117.37703369,31.96186895,41.62300000,-143.84426746,-25.72549051,41.62100000,-72.15892256,0.30480521,0.44251078,3.86444105,1.19793747,-3.67386386,-0.05773160,-0.17187492,0.27843387,9.78979860,-0.17107690,-0.77245446,0.01184949,4
117.37703268,31.96186923,41.62300000,-143.81363487,-25.82067825,41.62100000,-72.16329869,0.31231425,0.40997159,3.84886674,1.19320954,-3.65912388,-0.05522858,-0.16241909,0.28455235,9.89464710,-0.13241923,-1.06475093,0.04049510,4
117.37703168,31.96186951,41.62308227,-143.78300931,-25.91586825,41.62108227,-72.16738901,0.31213342,0.37858864,3.83633496,1.18932886,-3.64725757,-0.05290310,-0.14264670,0.27525506,9.96917018,-0.18881658,-1.19765807,0.06035383,4
117.37703067,31.96186979,41.62330462,-143.75239031,-26.01106037,41.62130462,-72.17118142,0.29885901,0.34917442,3.82898370,1.18689077,-3.64028425,-0.05087992,-0.10530823,0.23970924,9.99205797,-0.40706473,-1.05917193,0.06525111,4
117.37702967,31.96187008,41.62357660,-143.72177735,-26.10625443,41.62157660,-72.17466381,0.28094495,0.32045787,3.82346816,1.18496386,-3.63504476,-0.04896386,-0.06174533,0.19486237,9.99664887,-0.68266397,-0.82451841,0.06484682,4
117.37702866,31.96187037,41.62384994,-143.69116991,-26.20145029,41.62184994,-72.17782523,0.26292085,0.29190549,3.81800796,1.18305380,-3.62985791,-0.04706398,-0.01852522,0.15072345,9.99833637,-0.95347084,-0.59152681,0.06443586,4
117.37702766,31.96187064,41.62412465,-143.66056745,-26.29664775,41.62212465,-72.18065865,0.24541733,0.26857902,3.81276467,1.18125627,-3.62488931,-0.04564265,0.00636699,0.14101029,9.91329877,-0.99664874,-0.51108504,0.06890238,4
117.37702666,31.96187092,41.62440098,-143.62996942,-26.39184665,41.62240098,-72.18316412,0.22854013,0.25154013,3.80778233,1.17959411,-3.62018332,-0.04479706,0.00920785,0.17271679,9.72391689,-0.76595299,-0.61418475,0.07923730,4
117.37702564,31.96187119,41.62467736,-143.59937527,-26.48704682,41.62267736,-72.18535083,0.21168079,0.23468079,3.80280745,1.17793582,-3.61548481,-0.04396790,0.01141891,0.20560632,9.53155462,-0.52743482,-0.72252671,0.08973983,4
117.37702464,31.96187146,41.62509949,-143.56878450,-26.58224808,41.62309949,-72.18723696,0.19897390,0.21762641,3.79853095,1.17638005,-3.61148390,-0.04304348,0.01538206,0.23522474,9.40437989,-0.31643039,-0.78829881,0.11354728,4
117.37702363,31.96187174,41.62591305,-143.53819662,-26.67745029,41.62391305,-72.18884648,0.19742039,0.20004823,3.79613033,1.17509971,-3.60935668,-0.04186315,0.02405122,0.25605695,9.45229695,-0.17932761,-0.73972958,0.17309113,4
117.37702262,31.96187202,41.62699313,-143.50761119,-26.77265330,41.62499313,-72.19020437,0.20346048,0.18211341,3.79500687,1.17400687,-3.60850515,-0.04050860,0.03592440,0.27090721,9.61942258,-0.09253958,-0.61331280,0.25696558,4
117.37702161,31.96187230,41.62808069,-143.47702780,-26.86785699,41.62608069,-72.19133163,0.20971399,0.16416854,3.79391931,1.17291931,-3.60768948,-0.03914914,0.04788764,0.28558937,9.78989880,-0.00716551,-0.48470791,0.34152397,4
117.37702060,31.96187257,41.62907958,-143.44644611,-26.96306124,41.62707958,-72.19224317,0.21413327,0.15233289,3.79344146,1.17200726,-3.60748307,-0.03822618,0.05792013,0.26768177,9.87437523,0.02170485,-0.32453778,0.43349403,4
117.37701959,31.96187284,41.62993573,-143.41586575,-27.05826593,41.62793573,-72.19295034,0.21560054,0.15032932,3.79394489,1.17137770,-3.60825719,-0.03800573,0.06484526,0.19732457,9.82044442,-0.04036126,-0.11356710,0.53739223,4
117.37701858,31.96187311,41.63074827,-143.38528639,-27.15347096,41.62874827,-72.19346594,0.21616551,0.15133102,3.79474827,1.17083449,-3.60933102,-0.03800000,0.07082059,0.11093587,9.72420845,-0.13022269,0.11293086,0.64493621,4
117.37701758,31.96187337,41.63155557,-143.35470773,-27.24867624,41.62955557,-72.19380991,0.21685583,0.15251888,3.79550442,1.17025827,-3.61036545,-0.03800787,0.07608114,0.02560533,9.62927610,-0.21559751,0.33387682,0.75257555,4
117.37701657,31.96187364,41.63224041,-143.32412950,-27.34388168,41.63024041,-72.19401201,0.22204620,0.15690075,3.79459773,1.16861824,-3.60997270,-0.03825272,0.06057662,-0.01498579,9.60757263,-0.14352883,0.37514883,0.86016376,4
117.37701556,31.96187391,41.63277955,-143.29355150,-27.43908720,41.63077955,-72.19410960,0.23259116,0.16508315,3.79171243,1.16571243,-3.60788177,-0.03877955,0.02036382,-0.00234172,9.67300385,0.11588114,0.20262768,0.96769113,4
117.37701455,31.96187417,41.63331451,-143.26297359,-27.53429278,41.63131451,-72.19414305,0.24329023,0.17337492,3.78877018,1.16277018,-3.60574195,-0.03931451,-0.02056010,0.01183454,9.74094292,0.38068305,0.02395326,1.07521675,4
117.37701354,31.96187444,41.63391957,-143.23239569,-27.62949838,41.63191957,-72.19415071,0.25619288,0.18027919,3.78561660,1.15972114,-3.60342626,-0.03974533,-0.05827473,0.03076091,9.79865435,0.60296605,-0.11283298,1.17571625,4
117.37701253,31.96187471,41.63477941,-143.20181780,-27.72470399,41.63277941,-72.19416599,0.27710390,0.18214094,3.78169494,1.15628394,-3.60047138,-0.03979772,-0.08432596,0.06695023,9.81919614,0.67072550,-0.09738787,1.25068114,4
117.37701152,31.96187498,41.63584966,-143.17123994,-27.81990964,41.63384966,-72.19421933,0.30462868,0.17983827,3.77713896,1.15252620,-3.59698862,-0.03953758,-0.10074487,0.11739630,9.80904101,0.61087022,0.04377890,1.30455804,4
117.37701051,31.96187524,41.63692591,-143.14066221,-27.91511534,41.63492591,-72.19434209,0.33234228,0.17741669,3.77256486,1.14875930,-3.59349078,-0.03926852,-0.11688871,0.16824942,9.79800938,0.54737109,0.18853539,1.35783273,4
117.37700950,31.96187551,41.63793360,-143.11008475,-28.01032114,41.63593360,-72.19457117,0.35519755,0.17950658,3.76799171,1.14499317,-3.58992531,-0.03927290,-0.12783482,0.19414519,9.80133307,0.48033078,0.31624381,1.39667517,4
117.37700849,31.96187577,41.63880638,-143.07950777,-28.10552711,41.63680638,-72.19495026,0.36849322,0.19047351,3.76342037,1.14122854,-3.58622675,-0.03981534,-0.12855354,0.17093321,9.83290326,0.40632255,0.41040734,1.40711976,4
117.37700747,31.96187604,41.63961473,-143.04893157,-28.20073334,41.63761473,-72.19552674,0.37722370,0.20567972,3.75884991,1.13746463,-3.58246463,-0.04061473,-0.12438816,0.12426965,9.87796267,0.32898670,0.48855155,1.40400287,4
117.37700646,31.96187631,41.64042128,-143.01835650,-28.29593995,41.63842128,-72.19634642,0.38582690,0.22100415,3.75427947,1.13370073,-3.57870073,-0.04142128,-0.12008655,0.07695208,9.92339830,0.25155794,0.56624916,1.40050782,4
117.37700546,31.96187658,41.64122680,-142.98778302,-28.39114706,41.63922680,-72.19744872,0.39796267,0.23337314,3.74981606,1.12994161,-3.57514409,-0.04212556,-0.10971586,0.04376720,9.94316196,0.27557108,0.56487912,1.40855885,4
117.37700445,31.96187686,41.64203090,-142.95721161,-28.48635485,41.64003090,-72.19886626,0.41504441,0.24160412,3.74550252,1.12618918,-3.57187764,-0.04268665,-0.09084780,0.03036972,9.92698206,0.44161385,0.45280576,1.43277562,4
117.37700344,31.96187713,41.64283474,-142.92664284,-28.58156348,41.64083474,-72.20062953,0.43297577,0.24912420,3.74121474,1.12243790,-3.56866106,-0.04322316,-0.07052002,0.02037159,9.90462740,0.63205556,0.32171490,1.45976944,4
117.37700243,31.96187740,41.64363861,-142.89607730,-28.67677314,41.64163861,-72.20277365,0.45156609,0.25684928,3.73703113,1.11871612,-3.56553446,-0.04377389,-0.05257032,0.01244257,9.88078540,0.80975994,0.20632724,1.48438846,4
117.37700143,31.96187768,41.64444282,-142.86551565,-28.77198404,41.64244282,-72.20534185,0.47539638,0.26640278,3.73369752,1.11523615,-3.56313664,-0.04444653,-0.05444694,0.02081534,9.84598230,0.87790488,0.22376579,1.48894059,4
117.37700042,31.96187795,41.64524738,-142.83495865,-28.86719642,41.64324738,-72.20838198,0.50473740,0.27787916,3.73125785,1.11201046,-3.56150524,-0.04524738,-0.07717413,0.04633207,9.79965174,0.83083062,0.38089252,1.47238914,4
117.37699941,31.96187822,41.64605195,-142.80440712,-28.96241053,41.64405195,-72.21193783,0.53423844,0.28941139,3.72884413,1.10879216,-3.55989609,-0.04605195,-0.10050677,0.07234663,9.75298646,0.78041065,0.54207549,1.45522491,4
117.37699840,31.96187850,41.64676207,-142.77386196,-29.05762666,41.64476207,-72.21604034,0.56047647,0.30188585,3.72676000,1.10567432,-3.55861454,-0.04685453,-0.12350418,0.08955922,9.73251057,0.72322746,0.65838560,1.44633215,4
117.37699739,31.96187878,41.64721206,-142.74332408,-29.15284509,41.64521206,-72.22070392,0.57772799,0.31695515,3.72558359,1.10283309,-3.55823521,-0.04765162,-0.14557822,0.08253106,9.78416052,0.64741857,0.65111497,1.46021916,4
117.37699638,31.96187905,41.64748163,-142.71279443,-29.24806613,41.64548163,-72.22593207,0.58874674,0.33382418,3.72503675,1.10018373,-3.55848163,-0.04844488,-0.16701186,0.05869023,9.88583486,0.55869141,0.55813234,1.48990557,4
117.37699538,31.96187933,41.64774602,-142.68227396,-29.34329006,41.64574602,-72.23172770,0.59958658,0.35074490,3.72450797,1.09753986,-3.55874602,-0.04923805,-0.18842714,0.03436670,9.98894549,0.46959325,0.46268892,1.52004561,4
117.37699437,31.96187961,41.64801131,-142.65176360,-29.43851719,41.64601131,-72.23810011,0.60835988,0.36206516,3.72223620,1.09437903,-3.55734268,-0.04974374,-0.19598686,0.01235338,10.03908816,0.32671893,0.35182598,1.54303470,4
117.37699336,31.96187989,41.64827831,-142.62126433,-29.53374782,41.64627831,-72.24506493,0.61329250,0.36297684,3.71672500,1.09025741,-3.55283986,-0.04971519,-0.17779574,-0.00536637,9.99078894,0.08390068,0.21230561,1.55273363,4
117.37699237,31.96188017,41.64854604,-142.59077716,-29.62898226,41.64654604,-72.25263656,0.61655246,0.35935546,3.70980302,1.08571736,-3.54698717,-0.04945396,-0.14838978,-0.02121624,9.89961690,-0.20244479,0.06030439,1.55664454,4
117.37699136,31.96188045,41.64881379,-142.56030310,-29.72422084,41.64681379,-72.26081990,0.61976550,0.35560692,3.70284142,1.08116555,-3.54109658,-0.04918621,-0.11866915,-0.03701370,9.80724194,-0.49001205,-0.09204735,1.56039308,4
117.37699035,31.96188074,41.64856072,-142.52984317,-29.81946388,41.64656072,-72.26960829,0.61016287,0.35571072,3.69691507,1.07702608,-3.53624232,-0.04923085,-0.10257151,-0.05897579,9.75792139,-0.70647623,-0.09124546,1.54684509,4
117.37698935,31.96188102,41.64759662,-142.49939837,-29.91471168,41.64559662,-72.27898918,0.58306443,0.36107370,3.69240205,1.07344953,-3.53280283,-0.04970195,-0.10507188,-0.08935374,9.76737832,-0.82587086,0.11864002,1.50968408,4
117.37698834,31.96188131,41.64652546,-142.46896966,-30.00996456,41.64452546,-72.28895407,0.55333150,0.36722861,3.68810184,1.06995775,-3.52957637,-0.05023727,-0.11037270,-0.12099894,9.78568581,-0.93064905,0.36000885,1.46896746,4
117.37698735,31.96188160,41.64548782,-142.43855803,-30.10522283,41.64348782,-72.29950412,0.52397948,0.37316764,3.68358573,1.06639350,-3.52613446,-0.05073781,-0.11848527,-0.14921507,9.80322874,-1.03166026,0.55811893,1.42871460,4
117.37698634,31.96188188,41.64469434,-142.40816445,-30.20048679,41.64269434,-72.31064687,0.49763464,0.37751742,3.67757526,1.06232551,-3.52120114,-0.05099273,-0.14514489,-0.15404356,9.81415071,-1.10960648,0.45864422,1.39218007,4
117.37698533,31.96188217,41.64414702,-142.37778991,-30.29575676,41.64214702,-72.32238539,0.47432160,0.38026493,3.67005819,1.05774962,-3.51476417,-0.05100000,-0.19050381,-0.13529251,9.81839740,-1.16429860,0.05914254,1.35939435,4
117.37698433,31.96188246,41.64360692,-142.34743540,-30.39103305,41.64160692,-72.33470767,0.45109748,0.38296541,3.66249685,1.05315880,-3.50828302,-0.05100000,-0.23641195,-0.11584905,9.82244812,-1.21830818,-0.34916985,1.32671855,4
117.37698333,31.96188274,41.64301321,-142.31710187,-30.48631597,41.64101321,-72.34758594,0.42637372,0.37685931,3.65499046,1.04862245,-3.50180294,-0.05046304,-0.26620370,-0.10730910,9.84427152,-1.26822792,-0.71445784,1.29931037,4
117.37698233,31.96188303,41.64228831,-142.28679022,-30.58160581,41.64028831,-72.36098612,0.39797969,0.34919855,3.64761862,1.04421942,-3.49532554,-0.04861184,-0.25654929,-0.12545626,9.90959460,-1.30813712,-0.97443801,1.28479524,4
117.37698133,31.96188331,41.64148123,-142.25650129,-30.67690284,41.63948123,-72.37487882,0.36728663,0.30803633,3.64033104,1.03989988,-3.48884981,-0.04593742,-0.22218651,-0.16031975,10.00216514,-1.34177595,-1.16845544,1.27835607,4
117.37698032,31.96188359,41.64067176,-142.22623587,-30.77220732,41.63867176,-72.38924369,0.33652707,0.26648395,3.63304589,1.03558275,-3.48237412,-0.04323921,-0.18710982,-0.19566626,10.09552308,-1.37523371,-1.36056774,1.27215019,4
117.37697932,31.96188387,41.64012878,-142.19599474,-30.86751950,41.63812878,-72.40406304,0.30180344,0.23044396,3.62744110,1.03187913,-3.47749181,-0.04098054,-0.14931081,-0.21569665,10.08957911,-1.40010002,-1.38389097,1.24976851,4
117.37697832,31.96188415,41.64000333,-142.16577862,-30.96283962,41.63800333,-72.41931087,0.26086896,0.20304087,3.62446911,1.02913676,-3.47510599,-0.03941055,-0.10724652,-0.21172978,9.92804916,-1.41150524,-1.14275586,1.20204263,4
117.37697731,31.96188444,41.64000000,-142.13558821,-31.05816793,41.63800000,-72.43494707,0.21811780,0.17816382,3.62226715,1.02667554,-3.47345036,-0.03804197,-0.06393459,-0.20074414,9.72101275,-1.41897337,-0.82427093,1.14690391,4
117.37697631,31.96188473,41.64002653,-142.10542410,-31.15350461,41.63802653,-72.45091955,0.17596902,0.15412146,3.62032625,1.02429413,-3.47204555,-0.03671504,-0.02200154,-0.19064336,9.52144786,-1.41736124,-0.51297295,1.09360161,4
117.37697530,31.96188501,41.64041544,-142.07528680,-31.24884986,41.63841544,-72.46716934,0.14272602,0.14053738,3.62166350,1.02289794,-3.47379390,-0.03588175,0.00063352,-0.19524436,9.44089572,-1.29321049,-0.32867940,1.06814504,4
117.37697430,31.96188528,41.64120738,-142.04517671,-31.34420382,41.63920738,-72.48363528,0.11938826,0.13858523,3.62664678,1.02259754,-3.47904924,-0.03559754,0.00180492,-0.21619696,9.49271211,-1.03276993,-0.28564300,1.07365909,4
117.37697328,31.96188555,41.64201126,-142.01509414,-31.43956661,41.64001126,-72.50025409,0.09634376,0.13697746,3.63173800,1.02232958,-3.48440843,-0.03532958,0.00234085,-0.23763372,9.54844766,-0.76829401,-0.24678889,1.08009011,4
117.37697227,31.96188583,41.64273418,-141.98503928,-31.53493832,41.64073418,-72.51695710,0.07988213,0.13331150,3.63585055,1.02181452,-3.48883047,-0.03497897,0.00694785,-0.24607133,9.59637745,-0.49838448,-0.22431883,1.06293211,4
117.37697127,31.96188611,41.64320286,-141.95501221,-31.63031900,41.64120286,-72.53366990,0.08409435,0.12318160,3.63688950,1.02052341,-3.49030936,-0.03436879,0.02434029,-0.21368457,9.61979288,-0.21141050,-0.25330363,0.97169172,4
117.37697026,31.96188639,41.64347923,-141.92501286,-31.72570865,41.64147923,-72.55031545,0.10394246,0.10816297,3.63560383,1.01864537,-3.48956230,-0.03356230,0.05140250,-0.15042185,9.62466773,0.08846906,-0.32120434,0.82442202,4
117.37696926,31.96188666,41.64374999,-141.89504105,-31.82110727,41.64174999,-72.56681841,0.12424832,0.09300126,3.63425011,1.01675015,-3.48875006,-0.03275006,0.07874773,-0.08625531,9.62899965,0.38872512,-0.39024429,0.67551234,4
117.37696825,31.96188693,41.64402103,-141.86509647,-31.91651478,41.64202103,-72.58310599,0.13604245,0.08408639,3.63305145,1.01540090,-3.48793691,-0.03225012,0.08349515,-0.05858235,9.64985785,0.49717233,-0.36532373,0.48031501,4
117.37696725,31.96188720,41.64429262,-141.83517869,-32.01193108,41.64229262,-72.59910265,0.13288384,0.08614551,3.63212521,1.01501073,-3.48712214,-0.03229875,0.04854437,-0.09501852,9.69974829,0.26866402,-0.17534010,0.20380230,4
117.37696623,31.96188746,41.64456442,-141.80528715,-32.10735605,41.64256442,-72.61472301,0.12380959,0.09254617,3.63130673,1.01500000,-3.48630673,-0.03256442,-0.00211168,-0.15681748,9.76112420,-0.09315004,0.07994493,-0.10487873,4
117.37696522,31.96188772,41.64483623,-141.77542114,-32.20278950,41.64283623,-72.62987029,0.11456818,0.09906952,3.63049131,1.01500000,-3.48549131,-0.03283623,-0.05321120,-0.21933285,9.82282416,-0.45872904,0.33707337,-0.41446571,4
117.37696421,31.96188798,41.64475429,-141.74557977,-32.29823120,41.64275429,-72.64444270,0.10930989,0.09485524,3.62695158,1.01488170,-3.48183328,-0.03251769,-0.08039365,-0.22580215,9.83131376,-0.55613148,0.22264727,-0.66396350,4
117.37696320,31.96188826,41.64423245,-141.71576199,-32.39368086,41.64223245,-72.65834161,0.10900468,0.07728852,3.62002411,1.01461629,-3.47464040,-0.03146505,-0.07783485,-0.16257714,9.77363533,-0.32005150,-0.35381401,-0.83873969,4
117.37696220,31.96188854,41.64368394,-141.68596658,-32.48913815,41.64168394,-72.67147427,0.10900000,0.05891190,3.61289118,1.01434197,-3.46723315,-0.03036788,-0.07347150,-0.09512429,9.71194296,-0.06374072,-0.95830103,-1.00897942,4
117.37696119,31.96188882,41.64313405,-141.65619217,-32.58460269,41.64113405,-72.68374869,0.10795483,0.03574730,3.60650644,1.01442881,-3.46053328,-0.02890631,-0.05661084,-0.04248247,9.68336529,0.11892310,-1.45236187,-1.17514266,4
117.37696018,31.96188908,41.64258102,-141.62643725,-32.68007405,41.64058102,-72.69506562,0.10347489,-0.00311152,3.60259076,1.01570304,-3.45616877,-0.02624950,0.00122817,-0.03872876,9.76381749,0.05853082,-1.58211112,-1.32814774,4
117.37695917,31.96188934,41.64202554,-141.59670012,-32.77555175,41.64002554,-72.70531598,0.09633195,-0.05413811,3.60058937,1.01789786,-3.45361490,-0.02266598,0.09083795,-0.07287859,9.92880148,-0.19030540,-1.42940488,-1.47095052,4
117.37695816,31.96188961,41.64146999,-141.56697889,-32.87103526,41.63946999,-72.71438530,0.08910987,-0.10552590,3.59864497,1.02012004,-3.45111496,-0.01905494,0.18139158,-0.10815561,10.09629790,-0.44474442,-1.26829720,-1.61344748,4
117.37695715,31.96188988,41.64091520,-141.53727149,-32.96652398,41.63891520,-72.72216080,0.08064723,-0.14228560,3.60027577,1.02350028,-3.45192304,-0.01660990,0.26012192,-0.13293491,10.13995578,-0.59058871,-1.00969886,-1.74940938,4
117.37695614,31.96189016,41.64036160,-141.50757565,-33.06201725,41.63836160,-72.72853440,0.07021457,-0.15581752,3.60758371,1.02871944,-3.45798397,-0.01601633,0.32007859,-0.14104496,9.98696927,-0.56399532,-0.59629178,-1.87499534,4
117.37695513,31.96189044,41.63980840,-141.47788894,-33.15751435,41.63780840,-72.73339926,0.05916793,-0.16210764,3.61666146,1.03451183,-3.46568245,-0.01600000,0.37418136,-0.14395802,9.77267874,-0.48364265,-0.13462767,-1.99734442,4
117.37695412,31.96189072,41.63926882,-141.44820874,-33.25301452,41.63726882,-72.73664345,0.04868690,-0.16671993,3.62581425,1.04038666,-3.47343905,-0.01606750,0.42301671,-0.14638590,9.57209252,-0.39995100,0.30636007,-2.12390839,4
117.37695310,31.96189098,41.63885574,-141.41853225,-33.34851692,41.63685574,-72.73814777,0.04362146,-0.15764512,3.63520100,1.04687802,-3.48130671,-0.01676234,0.42445120,-0.14567198,9.51493892,-0.29934822,0.54260509,-2.29051960,4
117.37695208,31.96189124,41.63857615,-141.38885644,-33.44402066,41.63657615,-72.73779130,0.04427155,-0.13412512,3.64483471,1.05402008,-3.48929162,-0.01811925,0.37585946,-0.14164226,9.60916184,-0.18089717,0.56276861,-2.49939689,4
117.37695108,31.96189148,41.63830069,-141.35917810,-33.53952477,41.63630069,-72.73546005,0.04509793,-0.11015995,3.65447588,1.06118208,-3.49728001,-0.01949655,0.32572542,-0.13751034,9.70805261,-0.06189769,0.57626623,-2.70957421,4
117.37695006,31.96189174,41.63802557,-141.32949386,-33.63502823,41.63602557,-72.73105244,0.04937842,-0.09085015,3.66258277,1.06821829,-3.50367758,-0.02063795,0.28314795,-0.12957694,9.79066067,0.06720576,0.55671906,-2.93407851,4
117.37694905,31.96189201,41.63775119,-141.29980015,-33.73052996,41.63575119,-72.72447545,0.06156982,-0.08220216,3.66717586,1.07496646,-3.50643179,-0.02123905,0.25787654,-0.11293704,9.83597800,0.21945195,0.46148981,-3.19139884,4
117.37694805,31.96189228,41.63747727,-141.27009329,-33.82602883,41.63547727,-72.71563369,0.07840878,-0.07981823,3.66970450,1.08154534,-3.50704544,-0.02152273,0.24277299,-0.09118221,9.85938595,0.38529246,0.32179800,-3.46799500,4
117.37694704,31.96189255,41.63720338,-141.24036940,-33.92152367,41.63520338,-72.70442054,0.09539013,-0.07762708,3.67216954,1.08811877,-3.50759322,-0.02179662,0.22798278,-0.06927079,9.88211906,0.55154540,0.18074319,-3.74517454,4
117.37694603,31.96189283,41.63682423,-141.21062444,-34.01701323,41.63482423,-72.69071907,0.10981808,-0.07449067,3.67320885,1.09484537,-3.50659752,-0.02207260,0.22277867,-0.05524046,9.89233435,0.56068661,0.11032323,-3.96647737,4
117.37694502,31.96189309,41.63629614,-141.18085415,-34.11249620,41.63429614,-72.67441262,0.12063368,-0.07001678,3.67223099,1.10178890,-3.50341798,-0.02235152,0.23113743,-0.05236043,9.88483897,0.34753710,0.13983981,-4.10872816,4
117.37694400,31.96189334,41.63573790,-141.15105410,-34.20797118,41.63373790,-72.65539713,0.13071784,-0.06527213,3.67084474,1.10877628,-3.49979634,-0.02263105,0.24224205,-0.05173790,9.87375795,0.08938451,0.18958921,-4.23497303,4
117.37694299,31.96189360,41.63521055,-141.12121969,-34.30343674,41.63321055,-72.63358453,0.13879774,-0.06240602,3.66957346,1.11582318,-3.49625874,-0.02278488,0.25090586,-0.05139887,9.85596113,-0.12856377,0.19574770,-4.34763122,4
117.37694198,31.96189386,41.63481470,-141.09134621,-34.39889139,41.63281470,-72.60889459,0.13866023,-0.06735316,3.66882593,1.12311152,-3.49312084,-0.02241791,0.24913911,-0.05197138,9.81076181,-0.17472880,0.01897776,-4.40587070,4
117.37694097,31.96189413,41.63453299,-141.06142878,-34.49433360,41.63253299,-72.58124164,0.13139071,-0.07908146,3.66853299,1.13060929,-3.49032989,-0.02159896,0.23831957,-0.05333505,9.74178029,-0.07179982,-0.31655521,-4.41687837,4
117.37693997,31.96189440,41.63425505,-141.03146242,-34.58976177,41.63225505,-72.55052685,0.12388634,-0.09103287,3.66825505,1.13811366,-3.48755050,-0.02076515,0.22720198,-0.05472475,9.67201742,0.03604078,-0.65730927,-4.42632832,4
117.37693895,31.96189467,41.63439442,-141.00144194,-34.68517424,41.63239442,-72.51664278,0.12151189,-0.10832866,3.66772182,1.14561668,-3.48448824,-0.01958584,0.23471054,-0.05781127,9.66588692,0.10505048,-0.86511377,-4.43941357,4
117.37693794,31.96189493,41.63525801,-140.97136197,-34.78056927,41.63325801,-72.47948668,0.12803986,-0.13490010,3.66674553,1.15311775,-3.48093493,-0.01780690,0.27454364,-0.06384263,9.77018479,0.10667600,-0.84220621,-4.45880832,4
117.37693694,31.96189518,41.63640279,-140.94121702,-34.87594508,41.63440279,-72.43897224,0.13802449,-0.16507347,3.66559721,1.16061819,-3.47719090,-0.01579510,0.32692804,-0.07101749,9.91736035,0.08213842,-0.72972011,-4.48065318,4
117.37693592,31.96189544,41.63755440,-140.91100145,-34.97129979,41.63555440,-72.39502974,0.14798079,-0.19347509,3.66509505,1.16832013,-3.47404953,-0.01390006,0.37559712,-0.07855180,10.04629062,0.06640053,-0.61157665,-4.50315913,4
117.37693491,31.96189570,41.63869346,-140.88070952,-35.06663151,41.63669346,-72.34759457,0.15717860,-0.21168809,3.66810797,1.17710795,-3.47419203,-0.01267560,0.40202790,-0.08782374,10.06930660,0.10269845,-0.47860331,-4.52879928,4
117.37693391,31.96189598,41.63982050,-140.85033538,-35.16193830,41.63782050,-72.29659251,0.16565376,-0.22019863,3.67446787,1.18692938,-3.47746151,-0.01208975,0.40728201,-0.09874989,9.99146883,0.18854392,-0.33151442,-4.55742277,4
117.37693290,31.96189625,41.64094704,-140.81987307,-35.25721814,41.63894704,-72.24193275,0.17410278,-0.22836601,3.68094546,1.19678657,-3.48084112,-0.01152648,0.41178815,-0.10973362,9.91007655,0.27613215,-0.18393810,-4.58614946,4
117.37693189,31.96189652,41.64208223,-140.78931647,-35.35246894,41.64008223,-72.18351466,0.18343849,-0.23248695,3.68640440,1.20639071,-3.48326047,-0.01128762,0.40942550,-0.11011786,9.84959147,0.33677920,-0.05569256,-4.60367320,4
117.37693088,31.96189679,41.64323286,-140.75865926,-35.44768853,41.64123286,-72.12124255,0.19434863,-0.22942731,3.69005610,1.21554665,-3.48397596,-0.01162444,0.39487310,-0.09169199,9.82620309,0.34962148,0.03826028,-4.60131757,4
117.37692987,31.96189706,41.64438980,-140.72789504,-35.54287467,41.64238980,-72.05503739,0.20589794,-0.22345358,3.69297448,1.22452091,-3.48400000,-0.01219490,0.37537348,-0.06563216,9.81786888,0.34306378,0.11829841,-4.59089439,4
117.37692886,31.96189732,41.64554459,-140.69701726,-35.63802503,41.64354459,-71.98483804,0.21831776,-0.21906396,3.69562582,1.23339987,-3.48376436,-0.01265448,0.35725010,-0.04176414,9.81363221,0.34498920,0.16818819,-4.58190917,4
117.37692785,31.96189760,41.64668626,-140.66601930,-35.73313727,41.64468626,-71.91059191,0.23538966,-0.22392202,3.69695158,1.24178929,-3.48223593,-0.01246110,0.34762361,-0.03138108,9.82900518,0.39715675,0.05531896,-4.58235339,4
117.37692684,31.96189788,41.64781525,-140.63489448,-35.82820897,41.64581525,-71.83224334,0.25694360,-0.23769064,3.69700000,1.24970677,-3.47946187,-0.01163856,0.34618475,-0.03399194,9.86327281,0.49773410,-0.21437525,-4.59188346,4
117.37692584,31.96189816,41.64894372,-140.60363601,-35.92323764,41.64694372,-71.74972722,0.27866665,-0.25179652,3.69700000,1.25760606,-3.47664069,-0.01079220,0.34505628,-0.03709524,9.89825538,0.60014277,-0.49000410,-4.60175757,4
117.37692483,31.96189844,41.64991997,-140.57223699,-36.01822074,41.64791997,-71.66297288,0.29179710,-0.26316074,3.69599337,1.26527864,-3.47277402,-0.01001808,0.34751935,-0.02791007,9.93044839,0.49089233,-0.59117302,-4.62888044,4
117.37692383,31.96189872,41.65062546,-140.54069045,-36.11315563,41.64862546,-71.57191355,0.28964187,-0.26964818,3.69319585,1.27254836,-3.46704713,-0.00937240,0.35637203,0.00313718,9.95768065,0.00508795,-0.38197932,-4.68669097,4
117.37692282,31.96189900,41.65122126,-140.50898930,-36.20803961,41.64922126,-71.47649383,0.28129169,-0.27415946,3.68967242,1.27965515,-3.46056611,-0.00877874,0.36781462,0.04304585,9.98290366,-0.63334421,-0.04699533,-4.75694087,4
117.37692181,31.96189928,41.65181081,-140.47712638,-36.30286991,41.64981081,-71.37667029,0.26923155,-0.27797330,3.68657410,1.28693233,-3.45448627,-0.00829048,0.37583290,0.07401829,9.99165043,-1.17748373,0.22596679,-4.81969325,4
117.37692082,31.96189957,41.65239166,-140.44509450,-36.39764372,41.65039166,-71.27240464,0.24345623,-0.27932620,3.68525817,1.29490360,-3.45009927,-0.00821022,0.36997311,0.06846432,9.93574446,-1.32751578,0.23600253,-4.85106069,4
117.37691982,31.96189985,41.65296496,-140.41288642,-36.49235814,41.65096496,-71.16365623,0.20583083,-0.27855257,3.68548248,1.30347425,-3.44717524,-0.00848248,0.35212160,0.03134835,9.82397496,-1.13699535,0.01884478,-4.85530722,4
117.37691882,31.96190015,41.65353792,-140.38049482,-36.58701023,41.65153792,-71.05037844,0.16772883,-0.27769313,3.68576896,1.31206868,-3.44431043,-0.00876896,0.33378680,-0.00704012,9.70995544,-0.93273426,-0.20747536,-4.85845852,4
117.37691782,31.96190044,41.65432913,-140.34791233,-36.68159697,41.65232913,-70.93252262,0.14578019,-0.28332125,3.68347989,1.31990992,-3.43890875,-0.00854503,0.33737978,-0.01430887,9.65534711,-0.66119769,-0.33817071,-4.87613034,4
117.37691682,31.96190074,41.65545345,-140.31513153,-36.77611523,41.65345345,-70.81004655,0.14847903,-0.29884944,3.67726052,1.32660239,-3.42963558,-0.00754221,0.37443349,0.02590872,9.69139276,-0.28698309,-0.32295776,-4.91596090,4
117.37691582,31.96190105,41.65666539,-140.28214494,-36.87056185,41.65466539,-70.68291978,0.15765679,-0.31698089,3.67000765,1.33299331,-3.41934415,-0.00633461,0.42028492,0.07861093,9.75126963,0.11424497,-0.26939098,-4.96161858,4
117.37691483,31.96190135,41.65780741,-140.24894509,-36.96493358,41.65580741,-70.55112217,0.16456956,-0.33094856,3.66551199,1.34036866,-3.41159038,-0.00537862,0.45940277,0.11652840,9.82182710,0.31812353,-0.19146815,-5.01947306,4
117.37691383,31.96190166,41.65878217,-140.21552446,-37.05922710,41.65678217,-70.41463614,0.16576092,-0.33518548,3.66740085,1.35001658,-3.40971886,-0.00501472,0.48239398,0.11962160,9.91474941,0.06901488,-0.06118022,-5.10467965,4
117.37691284,31.96190197,41.65965823,-140.18187555,-37.15343907,41.65765823,-70.27343784,0.16357804,-0.33368353,3.67305488,1.36100427,-3.41131647,-0.00500000,0.49587347,0.10217713,10.02085702,-0.44723022,0.09998385,-5.20601311,4
117.37691184,31.96190228,41.66055132,-140.14799084,-37.24756602,41.65855132,-70.12749358,0.16059258,-0.33174638,3.67873432,1.37202169,-3.41293109,-0.00502059,0.50850812,0.08406042,10.11960553,-0.95760310,0.25793524,-5.30911863,4
117.37691085,31.96190259,41.66185193,-140.11386275,-37.34160444,41.65985193,-69.97676562,0.14493577,-0.32609803,3.68186480,1.38254028,-3.41206966,-0.00543611,0.51264307,0.06962872,10.06666057,-1.14003050,0.32950388,-5.43331144,4
117.37690986,31.96190291,41.66363153,-140.07948367,-37.43555071,41.66163153,-69.82122324,0.11438674,-0.31608797,3.68200000,1.39247343,-3.40829834,-0.00631577,0.50678963,0.05952657,9.83544459,-0.93707569,0.29956227,-5.58229448,4
117.37690887,31.96190322,41.66543286,-140.04484599,-37.52940111,41.66343286,-69.66085084,0.08316365,-0.30588042,3.68200000,1.40238077,-3.40439545,-0.00721644,0.50048497,0.04961923,9.59616755,-0.71671264,0.26503672,-5.73240555,4
117.37690788,31.96190353,41.66739503,-140.00994212,-37.62315188,41.66539503,-69.49564668,0.06350440,-0.30347494,3.68209045,1.41272039,-3.40035516,-0.00756436,0.48800946,0.05872652,9.47225869,-0.52159896,0.14388233,-5.92471237,4
117.37690690,31.96190385,41.66962062,-139.97476449,-37.71679919,41.66762062,-69.32561327,0.06280361,-0.31385950,3.68232916,1.42376759,-3.39609004,-0.00700615,0.46541950,0.09900318,9.53748379,-0.36789646,-0.11926860,-6.18616985,4
117.37690591,31.96190416,41.67193259,-139.93930557,-37.81033912,41.66993259,-69.15074559,0.06833147,-0.32844526,3.68261657,1.43504637,-3.39175139,-0.00615028,0.43950837,0.14951696,9.66484156,-0.22781151,-0.42904980,-6.47032502,4
117.37690492,31.96190447,41.67415537,-139.90355783,-37.90376771,41.67215537,-68.97102615,0.07486534,-0.34336592,3.68273013,1.44647301,-3.38709966,-0.00524125,0.42275274,0.19472349,9.77625097,-0.09407569,-0.66711321,-6.73911538,4
117.37690393,31.96190480,41.67601254,-139.86751375,-37.99708089,41.67401254,-68.78643167,0.08434448,-0.35892049,3.68214890,1.45845045,-3.38122134,-0.00417110,0.44270328,0.21729182,9.81442716,0.01689599,-0.61428060,-6.94357746,4
117.37690295,31.96190513,41.67755007,-139.83116581,-38.09027448,41.67555007,-68.59694685,0.09640055,-0.37503074,3.68095994,1.47091056,-3.37426968,-0.00295994,0.49476245,0.22006009,9.78854869,0.10796410,-0.30699544,-7.09178663,4
117.37690196,31.96190546,41.67907249,-139.79450650,-38.18334423,41.67707249,-68.40257376,0.10857993,-0.39116840,3.67974201,1.48339443,-3.36726654,-0.00174201,0.54835170,0.22188699,9.75962267,0.19809148,0.01240866,-7.23733017,4
117.37690098,31.96190580,41.68019416,-139.75752838,-38.27628580,41.67819416,-68.20332850,0.12698074,-0.39703432,3.68320334,1.49768539,-3.36470247,-0.00128543,0.58496948,0.24791579,9.75912481,0.32639718,0.21448164,-7.34563916,4
117.37690000,31.96190612,41.68080272,-139.72022408,-38.36909482,41.67880272,-67.99922947,0.15334418,-0.38975070,3.69265440,1.51428847,-3.36782116,-0.00180354,0.59985875,0.30492370,9.79501842,0.50356498,0.26634016,-7.40627457,4
117.37689902,31.96190645,41.68138033,-139.68258628,-38.46176682,41.67938033,-67.79028581,0.18018566,-0.38167528,3.70246572,1.53102977,-3.37128203,-0.00238033,0.61343792,0.36379437,9.83310224,0.68366515,0.30914494,-7.46403370,4
117.37689804,31.96190679,41.68182746,-139.64460773,-38.55429728,41.67982746,-67.57649517,0.20445093,-0.37480243,3.71033943,1.54712964,-3.37273886,-0.00282746,0.62108498,0.39312395,9.88461221,0.74409632,0.29659985,-7.49498904,4
117.37689707,31.96190714,41.68199233,-139.60628117,-38.64668155,41.67999233,-67.35785407,0.22312428,-0.37055192,3.71400538,1.56183879,-3.36984307,-0.00299233,0.61589430,0.35835618,9.96520624,0.54495339,0.16419303,-7.46787727,4
117.37689609,31.96190750,41.68200000,-139.56759943,-38.73891493,41.68000000,-67.13437299,0.23868454,-0.36776154,3.71532820,1.57577430,-3.36452310,-0.00300000,0.60355390,0.28789005,10.06200215,0.20123995,-0.03497349,-7.40842590,4
117.37689512,31.96190785,41.68200000,-139.52855540,-38.83099261,41.68000000,-66.90608311,0.25107970,-0.36513523,3.71712629,1.58985556,-3.35967601,-0.00302704,0.59183848,0.22859167,10.13964860,-0.14647646,-0.18345458,-7.36469193,4
117.37689414,31.96190820,41.68200000,-139.48914208,-38.92290975,41.68000000,-66.67302982,0.24897414,-0.36295640,3.72176010,1.60481437,-3.35767469,-0.00318413,0.58481238,0.23142060,10.12133895,-0.47938631,-0.07237241,-7.40417853,4
117.37689316,31.96190855,41.68200000,-139.44935260,-39.01466143,41.68000000,-66.43526019,0.23299073,-0.36120594,3.72910760,1.62061223,-3.35839703,-0.00346568,0.58227458,0.29370867,10.01119489,-0.79810737,0.28712032,-7.52330974,4
117.37689218,31.96190890,41.68200000,-139.40918020,-39.10624272,41.68000000,-66.19281271,0.21628545,-0.35947781,3.73659618,1.63645345,-3.35926110,-0.00375370,0.57997041,0.35908970,9.89627405,-1.11608384,0.65953299,-7.64658323,4
117.37689122,31.96190925,41.68209687,-139.36861823,-39.19764858,41.68009687,-65.94571818,0.19840230,-0.35035588,3.74141271,1.65171305,-3.35723489,-0.00443448,0.57229616,0.36473712,9.83378583,-1.21824646,0.84405896,-7.80679458,4
117.37689026,31.96190963,41.68235101,-139.32766012,-39.28887395,41.68035101,-65.69401191,0.17860504,-0.32922930,3.74189171,1.66602998,-3.35051616,-0.00575297,0.55590289,0.27340868,9.85641451,-0.97004984,0.72357359,-8.02699065,4
117.37688930,31.96191001,41.68265347,-139.28629945,-39.37991368,41.68065347,-65.43774617,0.15821730,-0.30441521,3.74103958,1.68005976,-3.34235623,-0.00726737,0.53683120,0.15230383,9.90516958,-0.61428790,0.50945981,-8.26562983,4
117.37688834,31.96191039,41.68295487,-139.24452991,-39.47076257,41.68095487,-65.17699084,0.14294368,-0.28633684,3.74110788,1.69466744,-3.33490511,-0.00837389,0.51383919,0.06998643,9.96689681,-0.37402351,0.26458810,-8.50240918,4
117.37688737,31.96191075,41.68324812,-139.20234540,-39.56141542,41.68124812,-64.91182079,0.14012992,-0.28499670,3.74355584,1.71070191,-3.32933620,-0.00846993,0.48166174,0.08501084,10.05707655,-0.42574413,-0.04413734,-8.73251637,4
117.37688640,31.96191111,41.68353620,-139.15973996,-39.65186700,41.68153620,-64.64230009,0.14518783,-0.29423087,3.74750682,1.72763592,-3.32495697,-0.00792759,0.44368514,0.16152794,10.16522053,-0.66191645,-0.39316636,-8.95838231,4
117.37688543,31.96191149,41.68382397,-139.11670777,-39.74211202,41.68182397,-64.36847545,0.15065547,-0.30401506,3.75153561,1.74461438,-3.32064041,-0.00735205,0.40541167,0.24124035,10.27428553,-0.90767241,-0.74424630,-9.18399434,4
117.37688448,31.96191188,41.68399086,-139.07324315,-39.83214516,41.68199086,-64.09038741,0.13595562,-0.32406096,3.75462191,1.76183419,-3.31501280,-0.00614348,0.42283086,0.23385674,10.28142537,-1.15067346,-0.91448594,-9.37894660,4
117.37688354,31.96191230,41.68399997,-139.02934050,-39.92196101,41.68199997,-63.80809024,0.09492314,-0.35750813,3.75647838,1.77937269,-3.30767234,-0.00410820,0.51296289,0.11276386,10.15549887,-1.39012824,-0.84866582,-9.53391163,4
117.37688261,31.96191272,41.68400000,-138.98499443,-40.01155417,41.68200000,-63.52166083,0.05236542,-0.39173410,3.75826439,1.79693315,-3.30023172,-0.00202488,0.60730184,-0.01490375,10.02188162,-1.62942800,-0.76923473,-9.68660518,4
117.37688167,31.96191313,41.68415139,-138.94019970,-40.10091920,41.68215139,-63.23118826,0.01258097,-0.42178493,3.76275070,1.81576723,-3.29508773,-0.00019702,0.67954588,-0.10572096,9.88795235,-1.68651529,-0.69547061,-9.82683320,4
117.37688073,31.96191354,41.68458667,-138.89495129,-40.19005065,41.68258667,-62.93675593,-0.02198089,-0.44399079,3.77230073,1.83698391,-3.29425359,0.00115086,0.71030228,-0.12735605,9.75352155,-1.40181894,-0.63243055,-9.94364632,4
117.37687978,31.96191393,41.68514510,-138.84924435,-40.27894307,41.68314510,-62.63843363,-0.05427066,-0.46278828,3.78404708,1.85923142,-3.29529020,0.00229020,0.72304708,-0.11896077,9.61889381,-0.96882253,-0.57405476,-10.05027867,4
117.37687883,31.96191433,41.68572218,-138.80307416,-40.36759099,41.68372218,-62.33628630,-0.08472170,-0.48219579,3.79547292,1.88136252,-3.29599816,0.00347958,0.73284080,-0.10979540,9.49600301,-0.54736492,-0.54024832,-10.15751261,4
117.37687790,31.96191475,41.68643533,-138.75643620,-40.45598889,41.68443533,-62.03039028,-0.09659526,-0.51001865,3.80228667,1.90171550,-3.29216727,0.00532093,0.72042427,-0.10831382,9.49961074,-0.32881026,-0.76880564,-10.27678250,4
117.37687697,31.96191518,41.68730673,-138.70932610,-40.54413129,41.68530673,-61.72084045,-0.08688359,-0.54762521,3.80374231,1.92000587,-3.28306149,0.00792021,0.68219689,-0.11576062,9.65021243,-0.34599344,-1.30227424,-10.41005940,4
117.37687605,31.96191562,41.68818677,-138.66173972,-40.63201270,41.68618677,-61.40774499,-0.07602978,-0.58576025,3.80491569,1.93819335,-3.27367440,0.01056032,0.64259512,-0.12368097,9.80861949,-0.37562142,-1.85200540,-10.54411872,4
117.37687512,31.96191605,41.68905632,-138.61367314,-40.71962766,41.68705632,-61.09121667,-0.07039050,-0.62860664,3.80970736,1.95826269,-3.26730501,0.01349184,0.64802111,-0.13949790,9.92009848,-0.42644770,-2.07522255,-10.68553978,4
117.37687419,31.96191648,41.68990698,-138.56512267,-40.80697077,41.68790698,-60.77136976,-0.07402368,-0.67981717,3.82093057,1.98167211,-3.26630256,0.01694061,0.73350008,-0.16934962,9.94811277,-0.51494785,-1.71786933,-10.84000913,4
117.37687324,31.96191690,41.69075060,-138.51608485,-40.89403664,41.68875060,-60.44832564,-0.08117187,-0.73420549,3.83459314,2.00635094,-3.26733414,0.02058593,0.84933345,-0.20452522,9.94449640,-0.61774031,-1.14041509,-10.99944700,4
117.37687231,31.96191733,41.69158045,-138.46655645,-40.98081995,41.68958045,-60.12221930,-0.08864489,-0.78467289,3.84845344,2.03124015,-3.26843056,0.02397623,0.96076887,-0.23894240,9.94120323,-0.71365961,-0.55974710,-11.15997231,4
117.37687138,31.96191777,41.69229469,-138.41653451,-41.06731546,41.69029469,-59.79319579,-0.09748843,-0.80067723,3.86300972,2.05735594,-3.26928812,0.02512856,1.02308918,-0.26481810,9.95283857,-0.74578717,-0.03818454,-11.32737483,4
117.37687047,31.96191823,41.69288061,-138.36601632,-41.15351802,41.69088061,-59.46139686,-0.10785104,-0.77845456,3.87833624,2.08482912,-3.26988061,0.02379847,1.03092552,-0.28121686,9.98103065,-0.70715556,0.41775874,-11.50238543,4
117.37686956,31.96191870,41.69346046,-138.31499944,-41.23942253,41.69146046,-59.12694855,-0.11828819,-0.75439112,3.89370206,2.11237161,-3.27046046,0.02234886,1.03614410,-0.29716251,10.01002274,-0.66511702,0.87061529,-11.67778762,4
117.37686865,31.96191916,41.69387511,-138.26348165,-41.32502397,41.69187511,-58.78996095,-0.11915896,-0.73208128,3.90790838,2.13913157,-3.27009023,0.02091979,1.02166676,-0.31445208,9.98413356,-0.45539567,1.09744844,-11.79317380,4
117.37686774,31.96191961,41.69399529,-138.21146094,-41.41031734,41.69199529,-58.45054545,-0.10297587,-0.71289710,3.92004799,2.16449706,-3.26802632,0.01952729,0.97207745,-0.33413780,9.86040756,0.05325645,0.92135704,-11.80157260,4
117.37686681,31.96192006,41.69400000,-138.15893549,-41.49529773,41.69200000,-58.10883484,-0.08010158,-0.69493574,3.93137899,2.18931974,-3.26529781,0.01814890,0.90870912,-0.35476645,9.69828973,0.67923199,0.58720894,-11.76801193,4
117.37686590,31.96192052,41.69400695,-138.10590378,-41.57996031,41.69200695,-57.76498461,-0.05643126,-0.67733438,3.94249850,2.21403342,-3.26237223,0.01679735,0.84569430,-0.37465025,9.53829150,1.30183631,0.25001099,-11.73240491,4
117.37686500,31.96192099,41.69427293,-138.05236454,-41.66430038,41.69227293,-57.41915303,-0.01352406,-0.67148203,3.94684470,2.23524112,-3.25314475,0.01643925,0.81748135,-0.36512726,9.51737171,1.61371587,0.04304651,-11.68469728,4
117.37686411,31.96192149,41.69485015,-137.99831679,-41.74831337,41.69285015,-57.07147733,0.05249229,-0.67975228,3.94304893,2.25222934,-3.23634558,0.01727523,0.83110396,-0.32026304,9.66361452,1.55205512,-0.00733634,-11.62245878,4
117.37686323,31.96192199,41.69544007,-137.94375973,-41.83199475,41.69344007,-56.72206910,0.11944720,-0.68860095,3.93891955,2.26904181,-3.21923816,0.01816009,0.84644165,-0.27395502,9.81669646,1.47507172,-0.05128473,-11.55963324,4
117.37686234,31.96192248,41.69594370,-137.88869280,-41.91534010,41.69394370,-56.37103400,0.18013859,-0.69708620,3.93686788,2.28661426,-3.20408989,0.01895433,0.83936907,-0.24648137,9.94215315,1.34299066,-0.09241206,-11.49385752,4
117.37686145,31.96192296,41.69629130,-137.83311561,-41.99834502,41.69429130,-56.01849831,0.22951069,-0.70491623,3.93857647,2.30556776,-3.19248333,0.01958474,0.79172887,-0.25309197,10.01764282,1.11113549,-0.12844545,-11.42272153,4
117.37686055,31.96192345,41.69657300,-137.77702803,-42.08100528,41.69457300,-55.66461729,0.27410572,-0.71247078,3.94187590,2.32510944,-3.18237229,0.02014598,0.72691988,-0.27412038,10.07201446,0.83702992,-0.16233203,-11.34930311,4
117.37685966,31.96192394,41.69685298,-137.72043018,-42.16331675,41.69485298,-55.30955881,0.31777149,-0.72022327,3.94498715,2.34454626,-3.17209483,0.02071104,0.66266089,-0.29556278,10.12282948,0.56141301,-0.20007675,-11.27520955,4
117.37685879,31.96192446,41.69714573,-137.66332248,-42.24527550,41.69514573,-54.95347838,0.33991810,-0.73364666,3.94138332,2.36039099,-3.15589146,0.02144177,0.63017739,-0.31476393,10.09479742,0.28568873,-0.34617324,-11.18514479,4
117.37685794,31.96192499,41.69745275,-137.60570555,-42.32687770,41.69545275,-54.59650800,0.33792528,-0.75342859,3.93024834,2.37220441,-3.13304394,0.02235824,0.63333847,-0.33144836,9.97833396,0.00988547,-0.61377608,-11.07718012,4
117.37685709,31.96192554,41.69776022,-137.54758023,-42.40811964,41.69576022,-54.23876801,0.33515793,-0.77341501,3.91887146,2.38388877,-3.10998269,0.02328069,0.63764324,-0.34805247,9.85903042,-0.26592710,-0.88528386,-10.96863851,4
117.37685623,31.96192609,41.69826623,-137.48894758,-42.48899771,41.69626623,-53.88039043,0.33430195,-0.79726552,3.91278436,2.39818615,-3.09134451,0.02469598,0.66486111,-0.36613150,9.76778758,-0.41790688,-0.95991661,-10.91965673,4
117.37685536,31.96192662,41.69905629,-137.42980886,-42.56950844,41.69705629,-53.52153287,0.33618061,-0.82664573,3.91426525,2.41622277,-3.07903366,0.02681645,0.72486299,-0.38632168,9.71668760,-0.39272232,-0.75287689,-10.95588691,4
117.37685449,31.96192713,41.69991887,-137.37016562,-42.64964855,41.69791887,-53.16236816,0.33875661,-0.85743975,3.91767549,2.43521517,-3.06833392,0.02911700,0.79323047,-0.40705292,9.67581304,-0.32237329,-0.47400638,-11.01384364,4
117.37685363,31.96192766,41.70058046,-137.31001963,-42.72941494,41.69858046,-52.80305714,0.34395973,-0.88066433,3.92015018,2.45384660,-3.05666995,0.03089552,0.85724498,-0.41971255,9.67999186,-0.19892390,-0.16513602,-11.05819597,4
117.37685280,31.96192823,41.70051239,-137.24937292,-42.80880468,41.69851239,-52.44372504,0.35855012,-0.87652704,3.91908887,2.47108897,-3.04139976,0.03077976,0.90484260,-0.40328437,9.84533976,0.11152767,0.24522772,-11.05168330,4
117.37685199,31.96192880,41.69989113,-137.18822767,-42.88781494,41.69789113,-52.08446164,0.38025597,-0.85164526,3.91534678,2.48727615,-3.02339724,0.02922783,0.93998777,-0.36480458,10.13286182,0.56372208,0.73249211,-11.00660703,4
117.37685118,31.96192939,41.69924383,-137.12658619,-42.96644297,41.69724383,-51.72534568,0.40229684,-0.82399156,3.91251013,2.50392350,-3.00615431,0.02746831,0.97136734,-0.32320907,10.39854149,0.96101575,1.22055427,-10.95400192,4
117.37685036,31.96192996,41.69848127,-137.06445092,-43.04468612,41.69648127,-51.36647283,0.42583813,-0.77672858,3.91789620,2.52471281,-2.99588488,0.02421791,0.97314620,-0.25931385,10.45495976,0.86403116,1.70111282,-10.84471888,4
117.37684952,31.96193050,41.69761329,-137.00182446,-43.12254186,41.69561329,-51.00796401,0.45075251,-0.71153411,3.93080072,2.54929027,-2.99199090,0.01960419,0.94786078,-0.17502637,10.32005002,0.31511543,2.17483541,-10.68360870,4
117.37684867,31.96193106,41.69674330,-136.93870963,-43.20000782,41.69474330,-50.64994716,0.47569206,-0.64599528,3.94385049,2.57393982,-2.98822097,0.01496427,0.92205124,-0.09034790,10.18143252,-0.24254449,2.64839685,-10.52150163,4
117.37684785,31.96193164,41.69626009,-136.87510940,-43.27708177,41.69426009,-50.29252662,0.48236321,-0.56491988,3.95016652,2.59419029,-2.97904973,0.00924549,0.87409002,-0.03520231,10.07198871,-0.63638229,2.99369449,-10.35136859,4
117.37684705,31.96193223,41.69636762,-136.81102688,-43.35376162,41.69436762,-49.93576476,0.46113251,-0.46011728,3.94619784,2.60772140,-2.96162918,0.00187913,0.79229737,-0.02516427,10.00710530,-0.78000115,3.14308333,-10.16898182,4
117.37684628,31.96193284,41.69668256,-136.74646525,-43.43004530,41.69468256,-49.57969127,0.43010933,-0.34700939,3.93861861,2.61888953,-2.94131629,-0.00606394,0.69864541,-0.03096860,9.95788608,-0.83571740,3.22363948,-9.98233851,4
117.37684548,31.96193344,41.69714479,-136.68142772,-43.50593080,41.69514479,-49.22433064,0.40467811,-0.24925472,3.92924943,2.62839515,-2.92013035,-0.01289653,0.58920227,-0.03660218,9.88003035,-0.85643133,3.07395005,-9.84340832,4
117.37684466,31.96193401,41.69788980,-136.61591758,-43.58141614,41.69588980,-48.86972612,0.39048919,-0.18180625,3.91647437,2.63471519,-2.89731016,-0.01753767,0.44911021,-0.04143467,9.74554193,-0.81113437,2.47486377,-9.79808709,4
117.37684384,31.96193459,41.69877434,-136.54993819,-43.65649941,41.69677434,-48.51594126,0.38184806,-0.12931408,3.90201915,2.63946313,-2.87368433,-0.02109735,0.29389946,-0.04587168,9.58311332,-0.73326684,1.65404887,-9.79895723,4
117.37684303,31.96193518,41.69966948,-136.48349302,-43.73117882,41.69766948,-48.16303986,0.37216005,-0.08304805,3.88540818,2.64284413,-2.84832104,-0.02422020,0.14566708,-0.05094449,9.44555210,-0.66595743,0.81499228,-9.81211172,4
117.37684226,31.96193580,41.70064333,-136.41658564,-43.80545264,41.69864333,-47.81106058,0.35255202,-0.09008934,3.84989782,2.63431497,-2.80764870,-0.02360659,0.06078666,-0.06169499,9.53115115,-0.69579585,-0.16060753,-9.92861578,4
117.37684153,31.96193645,41.70168377,-136.34921962,-43.87931920,41.69968377,-47.46000681,0.32453817,-0.14231107,3.79837269,2.61569212,-2.75400515,-0.01982617,0.02960938,-0.07725657,9.80588315,-0.80796981,-1.25183729,-10.13270294,4
117.37684080,31.96193711,41.70271460,-136.28139856,-43.95277685,41.70071460,-47.10986032,0.29915123,-0.20009711,3.75165816,2.60024951,-2.70393221,-0.01575008,0.03419932,-0.09179268,10.03858603,-0.88764103,-2.16971601,-10.32469736,4
117.37684004,31.96193773,41.70370126,-136.21312603,-44.02582390,41.70170126,-46.76060799,0.28558827,-0.27980855,3.72662828,2.59913297,-2.66999423,-0.01054722,0.19150507,-0.10163925,10.07912646,-0.82188581,-2.32909667,-10.45982763,4
117.37683927,31.96193835,41.70465545,-136.14440561,-44.09845868,41.70265545,-46.41226068,0.28072276,-0.37564832,3.71754916,2.60855447,-2.64792472,-0.00451550,0.46114692,-0.10803631,9.97831537,-0.64915685,-1.93053871,-10.55313017,4
117.37683850,31.96193896,41.70567030,-136.07524093,-44.17067958,41.70367030,-46.06484968,0.27589167,-0.46715832,3.70921201,2.61854568,-2.62632820,0.00124914,0.72530564,-0.11090164,9.88288150,-0.48132800,-1.49913396,-10.64030367,4
117.37683778,31.96193962,41.70745362,-136.00563566,-44.24248505,41.70545362,-45.71840514,0.27027356,-0.50219279,3.70796059,2.63424452,-2.60898332,0.00355352,0.90541263,-0.06988554,9.87450509,-0.38965015,-0.73200120,-10.65645859,4
117.37683709,31.96194031,41.70989652,-135.93559352,-44.31387360,41.70789652,-45.37293154,0.26398039,-0.48873421,3.71279302,2.65484205,-2.59529086,0.00288671,1.01333329,0.00880172,9.94087580,-0.36336493,0.32329379,-10.61163618,4
117.37683640,31.96194100,41.71217169,-135.86511821,-44.38484373,41.71017169,-45.02839858,0.25723086,-0.46784482,3.71922786,2.67624848,-2.58292465,0.00169824,1.09419067,0.08119616,9.99239067,-0.36243946,1.29707225,-10.55102572,4
117.37683568,31.96194166,41.71367458,-135.79421340,-44.45539393,41.71167458,-44.68475243,0.24848647,-0.41644123,3.73246198,2.70101873,-2.57623319,-0.00165354,1.05892815,0.12395582,9.97450333,-0.47052668,1.89691385,-10.42347827,4
117.37683494,31.96194230,41.71461102,-135.72288268,-44.52552262,41.71261102,-44.34193796,0.23827871,-0.34265489,3.75068352,2.72825677,-2.57370393,-0.00659214,0.93849254,0.14497959,9.90571003,-0.65857538,2.22248918,-10.24683095,4
117.37683420,31.96194295,41.71554052,-135.65112960,-44.59522818,41.71354052,-43.99991555,0.22805433,-0.26860560,3.76896347,2.75552179,-2.57122529,-0.01154941,0.81703931,0.16573818,9.83630818,-0.84757148,2.54471203,-10.06960839,4
117.37683348,31.96194360,41.71669630,-135.57895768,-44.66450897,41.71469630,-43.65865826,0.20601476,-0.19512099,3.76870179,2.76983462,-2.55541538,-0.01642323,0.65627987,0.20363340,9.74449591,-0.94791323,2.43973323,-9.97393551,4
117.37683278,31.96194427,41.71806261,-135.50637042,-44.73336336,41.71606261,-43.31813455,0.17298121,-0.12216603,3.75118529,2.77209336,-2.52720027,-0.02121914,0.45895116,0.25747382,9.63183371,-0.96574760,1.93720669,-9.95415819,4
117.37683207,31.96194494,41.71941485,-135.43337129,-44.80178966,41.71741485,-42.97828839,0.14066677,-0.05290643,3.73337353,2.77405092,-2.49883391,-0.02576386,0.26836127,0.31183979,9.52678094,-0.97825511,1.41850149,-9.93926588,4
117.37683133,31.96194558,41.72055147,-135.35996369,-44.86978616,41.71855147,-42.63903106,0.11950232,-0.02925021,3.71546325,2.77479822,-2.47111358,-0.02721736,0.16862874,0.36953421,9.52032870,-0.94192310,0.78079479,-9.96910473,4
117.37683058,31.96194622,41.72150162,-135.28615088,-44.93735098,41.71950162,-42.30025167,0.10798050,-0.04502817,3.69746913,2.77449946,-2.44395342,-0.02599783,0.14746588,0.43010399,9.59913755,-0.86336406,0.04022674,-10.03761860,4
117.37682984,31.96194687,41.72244855,-135.21193604,-45.00448214,41.72044855,-41.96183694,0.09661744,-0.06144148,3.67947761,2.77418382,-2.41680832,-0.02473527,0.12758052,0.49070700,9.67931029,-0.78413825,-0.70184443,-10.10674390,4
117.37682914,31.96194755,41.72229472,-135.13732221,-45.07117752,41.72029472,-41.62368725,0.07920583,-0.10080154,3.65622983,2.77088834,-2.38506216,-0.02225199,0.16093162,0.50390527,9.72186428,-0.78159142,-1.22249983,-10.25418339,4
117.37682848,31.96194826,41.72100012,-135.06231238,-45.13743490,41.71900012,-41.28571547,0.05552439,-0.16394565,3.62753280,2.76450446,-2.34854501,-0.01850345,0.24945680,0.46797712,9.72543596,-0.85851014,-1.51373667,-10.48279577,4
117.37682783,31.96194896,41.71959814,-134.98690944,-45.20325195,41.71759814,-40.94783121,0.03180970,-0.22945354,3.59973223,2.75883883,-2.31253019,-0.01460273,0.34314451,0.42952404,9.73162739,-0.93399714,-1.76614068,-10.71365082,4
117.37682716,31.96194964,41.71825776,-134.91111619,-45.26862624,41.71625776,-40.60992248,0.01481530,-0.29510706,3.58837500,2.76490122,-2.28767383,-0.01039151,0.43348977,0.41778728,9.81199435,-0.90306723,-1.83348394,-10.87826337,4
117.37682645,31.96195030,41.71697371,-134.83493533,-45.33355517,41.71497371,-40.27184735,0.00377656,-0.36084724,3.59157230,2.78134174,-2.27269769,-0.00590799,0.52078755,0.42975631,9.95802306,-0.77789096,-1.73745614,-10.98414243,4
117.37682576,31.96195097,41.71569122,-134.75836940,-45.39803596,41.71369122,-39.93344403,-0.00712463,-0.42657500,3.59509915,2.79801414,-2.25794903,-0.00141927,0.60799706,0.44226061,10.10550975,-0.65060355,-1.63774232,-11.08866560,4
117.37682510,31.96195167,41.71453572,-134.68142079,-45.46206558,41.71253572,-39.59455111,-0.01454723,-0.47557720,3.59972448,2.81601374,-2.24292358,0.00171496,0.69120333,0.44769439,10.15533322,-0.52115401,-1.35932576,-11.11624280,4
117.37682448,31.96195241,41.71350793,-134.60409176,-45.52564081,41.71150793,-39.25502477,-0.01846892,-0.50774837,3.60545632,2.83535194,-2.22761740,0.00348602,0.77039109,0.44601092,10.10684466,-0.38950980,-0.90096770,-11.06636119,4
117.37682387,31.96195314,41.71249586,-134.52638447,-45.58875824,41.71049586,-38.91473998,-0.02183050,-0.53823898,3.61150037,2.85492055,-2.21248864,0.00514207,0.84736989,0.44237046,10.05050100,-0.25647824,-0.43743471,-11.01289908,4
117.37682321,31.96195386,41.71168177,-134.44830097,-45.65141432,41.70968177,-38.57357384,-0.01711674,-0.55104556,3.62290965,2.87787452,-2.20139236,0.00580866,0.88218556,0.40522191,9.93234342,-0.09698609,-0.05391771,-10.96529850,4
117.37682254,31.96195456,41.71105723,-134.36984324,-45.71360529,41.70905723,-38.23138544,-0.00467321,-0.54692922,3.63945480,2.90406774,-2.19415814,0.00552861,0.87662953,0.33599556,9.75506796,0.08783112,0.25284304,-10.92336300,4
117.37682186,31.96195525,41.71043862,-134.29101314,-45.77532721,41.70843862,-37.88800551,0.00800838,-0.54228961,3.65615738,2.93035883,-2.18704408,0.00521931,0.86982478,0.26578288,9.57597925,0.27341529,0.55720108,-10.88160656,4
117.37682119,31.96195594,41.71058451,-134.21181237,-45.83657585,41.70858451,-37.54324481,0.04121202,-0.52606219,3.66747170,2.95233842,-2.17631231,0.00412886,0.83226206,0.26592468,9.48571714,0.64665935,0.71603306,-10.85345004,4
117.37682055,31.96195665,41.71167511,-134.13224249,-45.89734671,41.70967511,-37.19691678,0.09977635,-0.49551491,3.67212817,2.96899118,-2.16110965,0.00207311,0.75668990,0.35300407,9.50521494,1.25181204,0.69504414,-10.84209785,4
117.37681992,31.96195737,41.71296156,-134.05230495,-45.95763504,41.71096156,-36.84885754,0.16359727,-0.46199942,3.67540390,2.98453873,-2.14498049,-0.00018274,0.67323894,0.45810760,9.54747190,1.90503056,0.63676820,-10.83423064,4
117.37681928,31.96195808,41.71400959,-133.97200110,-46.01743584,41.71200959,-36.49892866,0.22855128,-0.44059776,3.67844923,2.99956030,-2.12900966,-0.00153838,0.61064132,0.52427590,9.65796025,2.06504116,0.49064498,-10.84867336,4
117.37681860,31.96195876,41.71471553,-133.89133223,-46.07674392,41.71271553,-36.14699916,0.29486106,-0.43626868,3.68123410,3.01389672,-2.11330024,-0.00162624,0.57755453,0.53519281,9.86286973,1.53313762,0.22331095,-10.89416396,4
117.37681792,31.96195945,41.71532056,-133.81029958,-46.13555391,41.71332056,-35.79292340,0.36158216,-0.43698084,3.68394252,3.02803316,-2.09766544,-0.00133972,0.55317759,0.52979440,10.09569785,0.79680696,-0.07986366,-10.94883125,4
117.37681726,31.96196016,41.71548920,-133.72890428,-46.19386017,41.71348920,-35.43653124,0.41458792,-0.44220798,3.68523320,3.04116232,-2.08082986,-0.00084871,0.53617106,0.49469651,10.24175905,0.23351711,-0.35514019,-11.04682025,4
117.37681666,31.96196089,41.71460446,-133.64714738,-46.25165678,41.71260446,-35.07763699,0.43414680,-0.45796538,3.68307852,3.05185372,-2.06106808,0.00010577,0.53631711,0.38878755,10.17395627,0.11043886,-0.55913237,-11.24942653,4
117.37681609,31.96196163,41.71306430,-133.56502982,-46.30893754,41.71106430,-34.71606214,0.43289001,-0.48027415,3.67878003,3.06102709,-2.03948728,0.00134856,0.54713707,0.23882380,9.97307414,0.26131328,-0.71874475,-11.51711548,4
117.37681550,31.96196239,41.71157261,-133.48255248,-46.36569597,41.70957261,-34.35165482,0.43748766,-0.50283255,3.67597306,3.07149614,-2.01861046,0.00263006,0.56585836,0.11186939,9.78801139,0.45821892,-0.83476784,-11.78437852,4
117.37681488,31.96196311,41.71040491,-133.39971621,-46.42192536,41.70840491,-33.98429031,0.47031544,-0.52520478,3.67976378,3.08763591,-2.00099328,0.00401860,0.61540417,0.08873237,9.69359674,0.79496335,-0.77808423,-12.03773328,4
117.37681423,31.96196383,41.70950281,-133.31652185,-46.47761882,41.70750281,-33.61385275,0.52631852,-0.54742949,3.68896991,3.10843324,-1.98604701,0.00549530,0.69025835,0.15078938,9.67355171,1.24654825,-0.57965253,-12.27973369,4
117.37681359,31.96196456,41.70861377,-133.23297021,-46.53276926,41.70661377,-33.24021471,0.58351430,-0.56965581,3.69845315,3.12947417,-1.97122945,0.00697705,0.76642060,0.21717204,9.65725240,1.70411440,-0.37398485,-12.52125986,4
117.37681300,31.96196531,41.70685431,-133.14906211,-46.58736935,41.70485431,-32.86322900,0.64266404,-0.58584215,3.70766698,3.15049013,-1.95527215,0.00810534,0.81090838,0.26309439,9.73857463,1.77297922,-0.34882605,-12.77688630,4
117.37681246,31.96196609,41.70401133,-133.06479830,-46.64141151,41.70201133,-32.48273718,0.70422904,-0.59450092,3.71654242,3.17146847,-1.93790030,0.00879307,0.81593321,0.28352010,9.94145501,1.35771218,-0.54849097,-13.04999477,4
117.37681195,31.96196687,41.70098001,-132.98017954,-46.69488789,41.69898001,-32.09859043,0.76620776,-0.60184798,3.72535796,3.19243792,-1.92028406,0.00940400,0.81408601,0.29950394,10.16547917,0.85819186,-0.78728112,-13.32611697,4
117.37681143,31.96196765,41.69798734,-132.89520659,-46.74779038,41.69598734,-31.71066596,0.80165068,-0.61642467,3.73528207,3.21441054,-1.90277090,0.01046955,0.82055294,0.28938042,10.31595171,0.26249808,-0.95729718,-13.61488526,4
117.37681086,31.96196842,41.69507742,-132.80988022,-46.80011069,41.69307742,-31.31886461,0.78920733,-0.64414265,3.74721290,3.23819931,-1.88545687,0.01236105,0.84252399,0.23248804,10.33223770,-0.50064171,-1.00042775,-13.92632160,4
117.37681029,31.96196915,41.69220451,-132.72420127,-46.85184037,41.69020451,-30.92309255,0.75455642,-0.67796628,3.76007969,3.26284118,-1.86822709,0.01463639,0.87169351,0.15388549,10.28631764,-1.34177061,-0.98474979,-14.24841262,4
117.37680971,31.96196991,41.68947693,-132.63817062,-46.90297079,41.68747693,-30.52324537,0.71892221,-0.71069611,3.77291223,3.28750579,-1.85080510,0.01680336,0.89974225,0.07668540,10.21632577,-2.09850926,-0.95603159,-14.56448581,4
117.37680918,31.96197069,41.68808231,-132.55178917,-46.95349311,41.68608231,-30.11920641,0.68577912,-0.73006460,3.78488687,3.31182135,-1.83165580,0.01776504,0.91364487,0.02389871,9.95683877,-2.03437823,-0.83747154,-14.81812186,4
117.37680868,31.96197150,41.68800000,-132.46505788,-47.00339827,41.68600000,-29.71086179,0.65510075,-0.73627634,3.79601247,3.33578372,-1.81081425,0.01754020,0.91362061,-0.00484149,9.51097112,-1.16244733,-0.63054447,-15.01021201,4
117.37680820,31.96197230,41.68800000,-132.37797779,-47.05267704,41.68600000,-29.29812197,0.62458534,-0.74166141,3.80708179,3.35971738,-1.78987229,0.01724103,0.91272310,-0.03206602,9.05353904,-0.24010390,-0.41813324,-15.19839041,4
117.37680768,31.96197310,41.68839539,-132.29055000,-47.10132001,41.68639539,-28.88092931,0.61907148,-0.75651373,3.81978064,3.38489287,-1.76949942,0.01803590,0.92568432,-0.00332493,8.92417133,0.34670133,-0.43378690,-15.37651144,4
117.37680715,31.96197386,41.68934748,-132.20277577,-47.14931768,41.68734748,-28.45924784,0.64874522,-0.78469835,3.83477908,3.41182812,-1.74991796,0.02037100,0.95815807,0.10420239,9.25649987,0.46150591,-0.77045376,-15.54056028,4
117.37680660,31.96197463,41.69046067,-132.11465647,-47.19666048,41.68846067,-28.03304612,0.68858439,-0.81674447,3.85044948,3.43928660,-1.73055331,0.02315169,0.99627820,0.23451443,9.72217555,0.44025272,-1.19989734,-15.70064653,4
117.37680605,31.96197541,41.69156006,-132.02619360,-47.24333876,41.68956006,-27.60228970,0.72402791,-0.84831833,3.86608087,3.46679488,-1.71080882,0.02586014,1.03305847,0.33955185,10.14628971,0.35099238,-1.54594260,-15.87668569,4
117.37680557,31.96197621,41.69254090,-131.93738879,-47.28934281,41.69054090,-27.16694473,0.73396947,-0.87631287,3.88128564,3.49434432,-1.68910205,0.02806673,1.06129207,0.30811269,10.31871126,-0.04972042,-1.43677147,-16.13536054,4
117.37680511,31.96197703,41.69341840,-131.84824380,-47.33466280,41.69141840,-26.72698512,0.72177839,-0.90118802,3.89611281,3.52191602,-1.66570319,0.02983680,1.08209601,0.15826950,10.27265756,-0.72048206,-0.93266685,-16.46561143,4
117.37680467,31.96197785,41.69428871,-131.75876059,-47.37928887,41.69228871,-26.28239923,0.70814350,-0.92584686,3.91090811,3.54947589,-1.64220476,0.03157742,1.10240329,0.00074303,10.21231593,-1.40860874,-0.40293696,-16.80039143,4
117.37680420,31.96197866,41.69494995,-131.66894128,-47.42321110,41.69294995,-25.83319317,0.68681939,-0.93818056,3.92785334,3.57871785,-1.61921757,0.03242455,1.12702225,-0.08528628,10.07418906,-1.78780849,-0.05737879,-17.10136338,4
117.37680370,31.96197946,41.69531694,-131.57878818,-47.46641959,41.69331694,-25.37939155,0.65464765,-0.93315302,3.94783787,3.61034685,-1.59693769,0.03201306,1.15773118,-0.07061265,9.82637013,-1.73189263,0.02884653,-17.35486584,4
117.37680319,31.96198024,41.69559430,-131.48830380,-47.50890447,41.69359430,-24.92103321,0.61914650,-0.92282224,3.96876122,3.64272188,-1.57486158,0.03121710,1.19031618,-0.02518583,9.54492638,-1.54310288,0.03594301,-17.59401386,4
117.37680270,31.96198104,41.69582863,-131.39749081,-47.55065594,41.69382863,-24.45816235,0.58414148,-0.91271964,3.98937773,3.67482819,-1.55250789,0.03043701,1.22112461,0.02192572,9.27632034,-1.35203673,0.03351624,-17.83012254,4
117.37680225,31.96198187,41.69553192,-131.30635211,-47.59166423,41.69353192,-23.99081673,0.55878627,-0.90992349,4.00489318,3.70245081,-1.52625401,0.03017771,1.22560570,0.06858348,9.21363365,-1.23247783,-0.04057149,-18.03372017,4
117.37680184,31.96198270,41.69471563,-131.21489079,-47.63191964,41.69271563,-23.51902110,0.54288136,-0.91427809,4.01541243,3.72567796,-1.49619085,0.03042813,1.20432204,0.11478403,9.35247388,-1.18292845,-0.18476453,-18.20544563,4
117.37680147,31.96198355,41.69386597,-131.12311014,-47.67141245,41.69186597,-23.04279487,0.52758743,-0.91909285,4.02560838,3.74861885,-1.46588620,0.03071135,1.18138115,0.16094906,9.50428032,-1.13789632,-0.33345554,-18.37509499,4
117.37680108,31.96198438,41.69302815,-131.03101365,-47.71013299,41.69102815,-22.56217200,0.51570650,-0.92166188,4.03838549,3.77369093,-1.43648052,0.03092253,1.17285287,0.17256602,9.63334217,-1.07565449,-0.33635398,-18.52236379,4
117.37680064,31.96198521,41.69221293,-130.93860498,-47.74807165,41.69021293,-22.07722004,0.51034954,-0.91993799,4.05609742,3.80283821,-1.40879206,0.03099604,1.19187626,0.11813940,9.71892973,-0.98051087,-0.06054684,-18.62685502,4
117.37680019,31.96198603,41.69140887,-130.84588803,-47.78521898,41.68940887,-21.58804353,0.50828736,-0.91604435,4.07630863,3.83405408,-1.38196233,0.03100000,1.22482747,0.03032380,9.78257777,-0.86871139,0.35617749,-18.70976490,4
117.37679975,31.96198685,41.69060527,-130.75286691,-47.82156573,41.68860527,-21.09476961,0.50641228,-0.91202634,4.09666659,3.86539462,-1.35517554,0.03100000,1.25857883,-0.05941194,9.84499099,-0.75593902,0.78101595,-18.79146460,4
117.37679936,31.96198768,41.68935425,-130.65954597,-47.85710286,41.68735425,-20.59752112,0.49522754,-0.90188997,4.11301349,3.89294491,-1.32569393,0.03046093,1.26605535,-0.10017161,9.87394305,-0.83054350,0.91478177,-18.86704431,4
117.37679902,31.96198854,41.68753262,-130.56592981,-47.89182154,41.68553262,-20.09639935,0.47216936,-0.88395036,4.12424463,3.91566098,-1.29277552,0.02923434,1.24002108,-0.07846730,9.86021880,-1.14412678,0.67731472,-18.93481819,4
117.37679871,31.96198941,41.68556530,-130.47202323,-47.92571308,41.68356530,-19.59149565,0.44608180,-0.86401944,4.13417352,3.93714820,-1.25897652,0.02783235,1.20544241,-0.04084007,9.83561592,-1.51866173,0.34519996,-19.00061225,4
117.37679839,31.96199028,41.68363433,-130.37783125,-47.95876896,41.68163433,-19.08292383,0.42066006,-0.84807480,4.14434042,3.95868093,-1.22532787,0.02670270,1.17477008,-0.02141632,9.81336327,-1.80201992,0.04215468,-19.06679197,4
117.37679803,31.96199113,41.68189241,-130.28335909,-47.99098093,41.67989241,-18.57084570,0.39875542,-0.84980548,4.15577878,3.98062016,-1.19255397,0.02678841,1.16273856,-0.08397128,9.80346048,-1.67818740,-0.11594787,-19.13493161,4
117.37679763,31.96199197,41.68029511,-130.18861220,-48.02234104,41.67829511,-18.05546654,0.37954138,-0.86504886,4.16818827,4.00286840,-1.16045148,0.02780325,1.16495895,-0.20919407,9.80300000,-1.24306667,-0.16322864,-19.20456414,4
117.37679724,31.96199281,41.67870483,-130.09359628,-48.05284176,41.67670483,-17.53700255,0.36045805,-0.88095163,4.18064544,4.02513228,-1.12838089,0.02886344,1.16787446,-0.33747643,9.80300000,-0.79275319,-0.20510594,-19.27427129,4
117.37679689,31.96199366,41.67721095,-129.99831725,-48.08247595,41.67521095,-17.01564542,0.35051476,-0.89383028,4.18968644,4.04405086,-1.09430541,0.02968768,1.17130000,-0.41068410,9.77634588,-0.35838144,-0.22761983,-19.36554903,4
117.37679661,31.96199454,41.67593052,-129.90278126,-48.11123675,41.67393052,-16.49155522,0.36084754,-0.90000286,4.19115050,4.05555241,-1.05577256,0.02998866,1.17585803,-0.36171875,9.69054787,0.04073767,-0.20717873,-19.50470940,4
117.37679637,31.96199543,41.67476799,-129.80699465,-48.13911761,41.67276799,-15.96488649,0.38240833,-0.90246404,4.18841996,4.06295011,-1.01476338,0.03000000,1.18104408,-0.24510223,9.57198622,0.42042763,-0.16295133,-19.67041047,4
117.37679613,31.96199631,41.67360955,-129.71096393,-48.16611229,41.67160955,-15.43582328,0.40441855,-0.90478090,4.18552387,4.07019032,-0.97363903,0.03000000,1.18625702,-0.12578364,9.45208842,0.79952478,-0.11777245,-19.83722481,4
117.37679585,31.96199718,41.67276403,-129.61469579,-48.19221492,41.67089935,-14.90459210,0.44551605,-0.91986777,4.18922847,4.08298460,-0.93496313,0.03121780,1.20021022,-0.04140133,9.53033369,0.94733695,-0.26083743,-19.90269008,4
117.37679554,31.96199805,41.67220850,-129.51819713,-48.21742011,41.67060450,-14.37144092,0.50429916,-0.94678728,4.19904934,4.10092508,-0.89855728,0.03356402,1.22226199,0.01060532,9.79218217,0.88082858,-0.57833067,-19.87424009,4
117.37679522,31.96199892,41.67167085,-129.42147500,-48.24172294,41.67033542,-13.83660232,0.56420099,-0.97445158,4.20925399,4.11919134,-0.86228191,0.03598120,1.24482458,0.06061159,10.06554085,0.80095563,-0.90677943,-19.83993396,4
117.37679493,31.96199978,41.67116236,-129.32453665,-48.26511889,41.67006367,-13.30026809,0.61667670,-1.00177679,4.21852993,4.13644478,-0.82542002,0.03828690,1.26908788,0.10033561,10.27459129,0.66127381,-1.15833561,-19.79394198,4
117.37679470,31.96200066,41.67078068,-129.22738943,-48.28760378,41.66977867,-12.76259831,0.63654250,-1.02755322,4.22371040,4.14923351,-0.78600438,0.04009860,1.30074798,0.09515686,10.20127797,0.26073990,-1.07245341,-19.69720396,4
117.37679452,31.96200156,41.67048472,-129.13004081,-48.30917376,41.66948472,-12.22375799,0.63436249,-1.05228343,4.22612223,4.15900421,-0.74486095,0.04157640,1.33740988,0.05962069,9.93706557,-0.31616072,-0.75843758,-19.56615501,4
117.37679435,31.96200246,41.67019053,-129.03249840,-48.32982531,41.66919053,-11.68395328,0.63171476,-1.07699563,4.22847577,4.16871256,-0.70367395,0.04304736,1.37418397,0.02343498,9.66876174,-0.89689727,-0.43953259,-19.43435665,4
117.37679414,31.96200336,41.67014762,-128.93476988,-48.34955539,41.66914762,-11.14343852,0.63469760,-1.09840697,4.23423342,4.18107755,-0.66445898,0.04446508,1.36558972,0.02790381,9.50317682,-1.03248441,-0.31914836,-19.35208788,4
117.37679389,31.96200424,41.67036597,-128.83686311,-48.36836148,41.66936597,-10.60248739,0.64353441,-1.11638761,4.24353044,4.19620510,-0.62729234,0.04582752,1.30982794,0.07463928,9.44437550,-0.70527917,-0.40515012,-19.32130858,4
117.37679363,31.96200512,41.67063588,-128.73878600,-48.38624159,41.66963588,-10.06135311,0.65352756,-1.13369632,4.25352756,4.21188104,-0.59052032,0.04717941,1.24475291,0.12971952,9.40661268,-0.28675009,-0.53186361,-19.30067312,4
117.37679340,31.96200601,41.67094517,-128.64054658,-48.40319418,41.66994517,-9.52024718,0.66424761,-1.15140731,4.26258839,4.22657610,-0.55344741,0.04855118,1.18296454,0.17977734,9.37890409,0.11281250,-0.66063632,-19.27221458,4
117.37679323,31.96200690,41.67180054,-128.54215292,-48.41921811,41.67080054,-8.97935308,0.68501204,-1.17481191,4.25839425,4.22739625,-0.51218073,0.05020080,1.16860776,0.15816935,9.48988953,0.23397055,-0.81307361,-19.13270618,4
117.37679312,31.96200780,41.67302549,-128.44361315,-48.43431263,41.67202549,-8.43886430,0.71257324,-1.20206687,4.24522612,4.21882165,-0.46808282,0.05203821,1.18636943,0.08804141,9.69476110,0.16659874,-0.98150315,-18.91803507,4
117.37679302,31.96200871,41.67424800,-128.34493541,-48.44847737,41.67324800,-7.89901722,0.74007299,-1.22926229,4.23214849,4.21033150,-0.42402283,0.05387285,1.20435806,0.01823518,9.89918453,0.09820536,-1.14722662,-18.70310226,4
117.37679288,31.96200960,41.67515583,-128.24612792,-48.46171251,41.67415583,-7.36009343,0.75945947,-1.24861678,4.23207315,4.21411550,-0.38393149,0.05536460,1.25690728,-0.00624664,10.04458618,-0.12525623,-0.91550444,-18.44086022,4
117.37679269,31.96201050,41.67576608,-128.14719891,-48.47401882,41.67476608,-6.82239267,0.77117267,-1.26055571,4.24430139,4.22951489,-0.34758719,0.05653218,1.34217097,0.01215537,10.13416784,-0.49550016,-0.30764472,-18.13379642,4
117.37679249,31.96201139,41.67631956,-128.04815666,-48.48539763,41.67531956,-6.28619943,0.78132369,-1.27093296,4.25892050,4.24716982,-0.31196505,0.05762760,1.43361779,0.03884632,10.21256453,-0.89401051,0.37355626,-17.81779818,4
117.37679233,31.96201230,41.67695763,-127.94900942,-48.49585083,41.67595763,-5.75176702,0.78689817,-1.27325688,4.27244977,4.26362484,-0.27622505,0.05808938,1.50921615,0.05902963,10.27008732,-1.25812091,1.03514298,-17.49424615,4
117.37679225,31.96201321,41.67814806,-127.84976541,-48.50538076,41.67714806,-5.21932790,0.76254318,-1.22292325,4.27883690,4.27221457,-0.23975774,0.05440776,1.48110140,0.03663978,10.19106107,-1.39687331,1.56768379,-17.12169781,4
117.37679223,31.96201411,41.67964663,-127.75043282,-48.51399026,41.67864663,-4.68912102,0.72148230,-1.14319922,4.28123461,4.27641057,-0.20289288,0.04841347,1.39508337,-0.00951625,10.03580901,-1.40976103,2.02804510,-16.72187881,4
117.37679221,31.96201503,41.68114656,-127.65101981,-48.52168263,41.68014656,-4.16141296,0.68106342,-1.06414484,4.28360247,4.28055898,-0.16611610,0.04246590,1.30862065,-0.05372296,9.88190449,-1.41615072,2.47243338,-16.32377560,4
117.37679215,31.96201594,41.68271017,-127.55153448,-48.52846177,41.68171017,-3.63649715,0.66286816,-1.00787868,4.28494214,4.28307230,-0.13205658,0.03810327,1.20554588,-0.02961496,9.77391244,-1.19331084,2.35790769,-15.98198035,4
117.37679203,31.96201684,41.68432949,-127.45198486,-48.53433214,41.68332949,-3.11467123,0.66398847,-0.97141020,4.28538825,4.28416475,-0.10035144,0.03511752,1.08800598,0.05388693,9.70580886,-0.77114255,1.75747246,-15.68905697,4
117.37679190,31.96201774,41.68595907,-127.35237892,-48.53929880,41.68495907,-2.59620962,0.66890957,-0.93887019,4.28561954,4.28493836,-0.06909678,0.03240542,0.96775821,0.14890951,9.64572023,-0.31086297,1.06259099,-15.40566427,4
117.37679181,31.96201865,41.68754509,-127.25272451,-48.54336729,41.68654509,-2.08135068,0.67512092,-0.90947528,4.28407206,4.28388081,-0.03775841,0.02993646,0.85380655,0.23977975,9.59630033,0.10976171,0.39232882,-15.12474029,4
117.37679181,31.96201955,41.68868967,-127.15302936,-48.54654364,41.68768967,-1.57030380,0.69431068,-0.91179334,4.26462031,4.26439042,-0.00563175,0.02991955,0.80343654,0.28869002,9.65436930,0.13044587,-0.02892342,-14.86915772,4
117.37679187,31.96202045,41.68960989,-127.05330108,-48.54883425,41.68860989,-1.06327299,0.72007681,-0.93019772,4.23609353,4.23555691,0.02688264,0.03114652,0.78533890,0.31629659,9.76694274,-0.05175745,-0.32370020,-14.62652669,4
117.37679195,31.96202136,41.69052085,-126.95354714,-48.55024598,41.68952085,-0.56047763,0.74504474,-0.94879906,4.20817438,4.20731818,0.05927694,0.03239070,0.76824434,0.34268388,9.87399205,-0.23195059,-0.61011023,-14.38456458,4
117.37679195,31.96202228,41.69124819,-126.85377485,-48.55078612,41.69024819,-0.06215672,0.75357287,-0.97173679,4.19266938,4.19122110,0.08952130,0.03400978,0.77197071,0.34382617,9.86652309,-0.37206749,-0.72447778,-14.15388183,4
117.37679191,31.96202319,41.69183391,-126.75399142,-48.55046247,41.69083391,0.43144565,0.74941004,-0.99802770,4.18674567,4.18449480,0.11811248,0.03591869,0.79177338,0.32547750,9.77063487,-0.48127343,-0.70603976,-13.93185625,4
117.37679185,31.96202410,41.69239261,-126.65420384,-48.54928329,41.69139261,0.92010368,0.74327543,-1.02501122,4.18244736,4.17935110,0.14640992,0.03788359,0.81432017,0.30410961,9.66033006,-0.57896213,-0.66703214,-13.71114703,4
117.37679184,31.96202499,41.69291372,-126.55441895,-48.54725729,41.69191372,1.40362228,0.74414016,-1.05393562,4.17598922,4.17193801,0.17468134,0.03993026,0.83351862,0.29373851,9.58367591,-0.54148565,-0.70262533,-13.48581782,4
117.37679195,31.96202589,41.69328703,-126.45464338,-48.54439351,41.69228703,1.88183455,0.77245256,-1.09045256,4.16106535,4.15563020,0.20283252,0.04229623,0.83957406,0.32649854,9.63903387,0.02602365,-1.03074633,-13.24251647,4
117.37679209,31.96202679,41.69359913,-126.35488355,-48.54070135,41.69259913,2.35458449,0.81208913,-1.13008913,4.14265150,4.13565587,0.23092142,0.04479302,0.84019826,0.37705857,9.74889269,0.81220088,-1.47954460,-12.99190103,4
117.37679224,31.96202769,41.69392146,-126.25514569,-48.53619049,41.69292146,2.82170772,0.85217810,-1.17059603,4.12509653,4.11653567,0.25888668,0.04737169,0.84358266,0.42661823,9.85244018,1.54100488,-1.89997988,-12.74984180,4
117.37679230,31.96202860,41.69440805,-126.15543584,-48.53087098,41.69340805,3.28302578,0.89980085,-1.22520880,4.12085280,4.11063565,0.28520474,0.05126441,0.89037934,0.46098152,9.85790103,1.37590498,-1.87914162,-12.63968166,4
117.37679231,31.96202951,41.69497212,-126.05575982,-48.52475324,41.69397212,3.73835434,0.95097580,-1.28647375,4.12288843,4.11097212,0.31074488,0.05577687,0.95765300,0.48817515,9.81709188,0.78913492,-1.65014478,-12.59174528,4
117.37679233,31.96203042,41.69556370,-125.95612323,-48.51784803,41.69456370,4.18752010,1.00116128,-1.34673808,4.12499956,4.11136188,0.33629222,0.06021875,1.02481565,0.51372935,9.77640854,0.19490531,-1.40621101,-12.54746388,4
117.37679240,31.96203132,41.69655107,-125.85653144,-48.51016645,41.69555107,4.63037142,1.03338499,-1.38702687,4.12460083,4.10891112,0.36242107,0.06316280,1.07807719,0.51724848,9.76515194,-0.26919191,-1.04605971,-12.52491167,4
117.37679256,31.96203221,41.69819128,-125.75698957,-48.50171987,41.69719128,5.06677721,1.03596529,-1.39434786,4.12006093,4.10177401,0.38950405,0.06363479,1.10839105,0.48440917,9.80245161,-0.51847631,-0.49422396,-12.53821713,4
117.37679276,31.96203310,41.70003334,-125.65750248,-48.49251990,41.69903334,5.49661589,1.02915068,-1.39112251,4.11433490,4.09327752,0.41686119,0.06331688,1.13106790,0.44070996,9.85419452,-0.69987768,0.11341786,-12.56037166,4
117.37679293,31.96203399,41.70180776,-125.55807480,-48.48257841,41.70080776,5.91976119,1.02140921,-1.38499087,4.11090626,4.08703642,0.44386416,0.06279852,1.14611695,0.40855131,9.88931817,-0.87980695,0.63435840,-12.53483682,4
117.37679304,31.96203488,41.70330185,-125.45871094,-48.47190750,41.70230185,6.33607923,1.00976265,-1.36664973,4.11711292,4.09024886,0.46943322,0.06143779,1.12918198,0.42476504,9.85476026,-1.05390813,0.79243322,-12.30910316,4
117.37679309,31.96203578,41.70469287,-125.35941504,-48.46051954,41.70369287,6.74543562,0.99668702,-1.34383694,4.12685009,4.09692577,0.49447165,0.05976855,1.10052689,0.45870602,9.79466804,-1.22583866,0.81747165,-12.01003309,4
117.37679316,31.96203669,41.70607791,-125.26019102,-48.44842715,41.70507791,7.14770879,0.98272604,-1.32061624,4.13619356,4.10321210,0.51942758,0.05807132,1.07151246,0.48694212,9.73707749,-1.39030843,0.84553545,-11.70815217,4
117.37679329,31.96203758,41.70738021,-125.16104251,-48.43564318,41.70638021,7.54279943,0.95616613,-1.29156438,4.13995940,4.10396001,0.54325111,0.05597354,1.03734762,0.43418417,9.71493244,-1.44905716,0.91661956,-11.36586582,4
117.37679350,31.96203847,41.70858917,-125.06197292,-48.42218060,41.70758917,7.93062771,0.91540596,-1.25594101,4.13743789,4.09846495,0.56579702,0.05342436,0.99737889,0.29013183,9.73274290,-1.38863358,1.03619294,-10.97805095,4
117.37679373,31.96203935,41.70977050,-124.96298536,-48.40805256,41.70877050,8.31112324,0.87166699,-1.21863728,4.13335466,4.09142004,0.58797731,0.05075861,0.95565244,0.12555788,9.76088480,-1.29298327,1.16726376,-10.58022048,4
117.37679392,31.96204024,41.71089224,-124.86408271,-48.39327230,41.70989224,8.68421336,0.84035569,-1.18153675,4.13041454,4.08551506,0.60959473,0.04808564,0.90909971,0.01638247,9.78916570,-1.11667820,1.27993318,-10.21286134,4
117.37679406,31.96204114,41.71178568,-124.76526761,-48.37785324,41.71078568,9.04981948,0.85695077,-1.14516842,4.13188081,4.08400000,0.62907052,0.04538109,0.84386063,0.12080086,9.81802240,-0.62893370,1.32176106,-9.96255782,4
117.37679415,31.96204204,41.71260004,-124.66654244,-48.36180890,41.71160004,9.40786543,0.89006815,-1.10906504,4.13486680,4.08400000,0.64780084,0.04266654,0.77219678,0.29887467,9.84706798,-0.03390658,1.33913411,-9.75272390,4
117.37679426,31.96204293,41.71340102,-124.56790938,-48.34515296,41.71240102,9.75829013,0.92173440,-1.07370052,4.13740516,4.08355608,0.66643818,0.04000616,0.70060790,0.47050911,9.88041436,0.51646165,1.34009499,-9.54060768,4
117.37679444,31.96204383,41.71401096,-124.46937033,-48.32789916,41.71301096,10.10105500,0.93248037,-1.04891644,4.13346332,4.07667486,0.68379651,0.03812100,0.62984081,0.54942560,9.97623462,0.42143331,1.10312645,-9.29461863,4
117.37679469,31.96204470,41.71436710,-124.37092696,-48.31006130,41.71336710,10.43613872,0.91542918,-1.03818954,4.12091067,4.06123964,0.69945643,0.03726579,0.56016118,0.50514810,10.15507312,-0.53117179,0.54999414,-9.00360547,4
117.37679497,31.96204557,41.71465377,-124.27258069,-48.29165319,41.71365377,10.76352570,0.89077526,-1.03130938,4.10600364,4.04346588,0.71465013,0.03669245,0.49078619,0.42717289,10.35660460,-1.71828685,-0.08957448,-8.70030488,4
117.37679525,31.96204645,41.71492616,-124.17433272,-48.27268864,41.71392616,11.08319598,0.86397250,-1.02646830,4.09161128,4.02621516,0.72977251,0.03624192,0.42742862,0.34748736,10.52187837,-2.82070202,-0.68880556,-8.39701581,4
117.37679544,31.96204734,41.71499977,-124.07618402,-48.25318151,41.71399977,11.39512435,0.80697001,-1.05013862,4.08435159,4.01620056,0.74396975,0.03750786,0.44797230,0.24348310,10.18056467,-2.74315926,-0.72645039,-8.09242448,4
117.37679561,31.96204823,41.71500000,-123.97813535,-48.23314568,41.71400000,11.69929162,0.73884047,-1.08432311,4.07972625,4.00885933,0.75782126,0.03940684,0.49947135,0.13053639,9.65241193,-2.23020657,-0.55684452,-7.78744561,4
117.37679578,31.96204912,41.71496969,-123.88018725,-48.21259505,41.71396969,11.99569873,0.67221973,-1.11797501,4.07504209,4.00146233,0.77162258,0.04127422,0.54988968,0.02148103,9.13489502,-1.71139872,-0.38958635,-7.48143608,4
117.37679600,31.96205000,41.71443211,-123.78234007,-48.19154347,41.71343211,12.28437168,0.63119531,-1.14227261,4.06921311,3.99295895,0.78465534,0.04258569,0.58073627,-0.02239299,8.80351492,-1.11629013,-0.27222597,-7.15704045,4
117.37679629,31.96205085,41.71278742,-123.68459394,-48.17000470,41.71178742,12.56535269,0.64603338,-1.14615526,4.06088537,3.98204063,0.79601112,0.04268391,0.56886868,0.07598935,8.87836661,-0.35463703,-0.26376348,-6.79250715,4
117.37679662,31.96205171,41.71079301,-123.58694883,-48.14799240,41.70979301,12.83868546,0.67851371,-1.14359102,4.05176809,3.97035910,0.80683790,0.04239901,0.54351122,0.21930173,9.08151120,0.45965081,-0.28969077,-6.41527933,4
117.37679695,31.96205257,41.70880304,-123.48940446,-48.12552013,41.70780304,13.10440365,0.71131590,-1.14176281,4.04305543,3.95910712,0.81762141,0.04218199,0.52019926,0.35572287,9.29018167,1.22961740,-0.31426319,-6.03851467,4
117.37679721,31.96205344,41.70687997,-123.39196044,-48.10260138,41.70587997,13.36253195,0.74936253,-1.15176205,4.04082837,3.95473576,0.82773270,0.04305598,0.52971802,0.38166283,9.58813084,1.28878877,-0.31710923,-5.66838111,4
117.37679744,31.96205431,41.70499668,-123.29461615,-48.07924959,41.70399668,13.61310036,0.79050196,-1.16874601,4.04243236,3.95442905,0.83744562,0.04457427,0.55862731,0.34234286,9.93877502,0.92811560,-0.30712203,-5.30221173,4
117.37679765,31.96205520,41.70312429,-123.19737084,-48.05547810,41.70212429,13.85616127,0.83179831,-1.18659146,4.04456659,3.95468660,0.84709406,0.04617307,0.59000267,0.29412017,10.29462516,0.50687790,-0.29365464,-4.93762048,4
117.37679787,31.96205608,41.70138800,-123.10022362,-48.03130012,41.70038800,14.09179389,0.86577690,-1.20113662,4.04639686,3.95466399,0.85653986,0.04749476,0.61415001,0.25446282,10.59187905,0.05427564,-0.23647190,-4.59931934,4
117.37679816,31.96205695,41.70052269,-123.00317343,-48.00672865,41.69952269,14.32009113,0.85298660,-1.19458993,4.04628404,3.95285211,0.86468234,0.04704538,0.59211098,0.26954786,10.51461036,-0.59819738,0.09984818,-4.42925393,4
117.37679846,31.96205782,41.69997499,-122.90621908,-47.98177653,41.69897499,14.54114184,0.82313668,-1.18034961,4.04546248,3.95038743,0.87235022,0.04594996,0.55322393,0.30460097,10.30073162,-1.32363244,0.53801205,-4.32053451,4
117.37679878,31.96205867,41.69943642,-122.80935927,-47.95645640,41.69843642,14.75501833,0.79327171,-1.16604432,4.04459325,3.94787620,0.87999979,0.04484653,0.51413942,0.33768012,10.08649661,-2.02244069,0.96243937,-4.21285226,4
117.37679904,31.96205953,41.69908041,-122.71259256,-47.93078078,41.69808041,14.96178132,0.76307097,-1.15041991,4.04276716,3.94442832,0.88729124,0.04358076,0.47105034,0.33120854,9.86487314,-2.18803287,1.11185762,-4.12584830,4
117.37679928,31.96206041,41.69900000,-122.61591741,-47.90476208,41.69800000,15.16149992,0.73235867,-1.13280127,4.03949591,3.93956559,0.89404301,0.04206967,0.42190789,0.26501451,9.63205990,-1.54849562,0.84603562,-4.07005542,4
117.37679949,31.96206129,41.69900000,-122.51933215,-47.87841251,41.69800000,15.35426947,0.70149589,-1.11460013,4.03580292,3.93428990,0.90063763,0.04048697,0.37099748,0.18139482,9.39597278,-0.67405000,0.45906376,-4.02336557,4
117.37679972,31.96206217,41.69898177,-122.42283505,-47.85174410,41.69798177,15.54021569,0.67225903,-1.09700801,4.03190484,3.92881319,0.90717975,0.03895695,0.32083735,0.10088413,9.17405485,0.18135226,0.07938316,-3.97776541,4
117.37679999,31.96206304,41.69856964,-122.32642427,-47.82476858,41.69756964,15.71947966,0.67830783,-1.09266365,4.02359098,3.91901656,0.91255660,0.03857322,0.28713119,0.08795943,9.25948088,0.62107589,-0.14089930,-3.95593550,4
117.37680031,31.96206391,41.69781563,-122.23009793,-47.79749743,41.69681563,15.89219729,0.71498170,-1.09981757,4.01144497,3.90547103,0.91692182,0.03918437,0.26770751,0.13369503,9.61165483,0.70000000,-0.22282534,-3.95473745,4
117.37680065,31.96206476,41.69698570,-122.13385407,-47.76994187,41.69598570,16.05848458,0.75827981,-1.10949896,3.99847559,3.89112009,0.92106859,0.04001347,0.25148943,0.19211049,10.02134324,0.69906500,-0.27440278,-3.95800497,4
117.37680098,31.96206561,41.69610649,-122.03769066,-47.74211292,41.69510649,16.21843654,0.79862384,-1.11970383,3.98608334,3.87733247,0.92534216,0.04085768,0.23855405,0.24446252,10.39789193,0.65993489,-0.32269920,-3.95933524,4
117.37680127,31.96206648,41.69470495,-121.94160561,-47.71402144,41.69370495,16.37214379,0.80784158,-1.13546137,3.97976238,3.86946734,0.93096435,0.04186337,0.26027522,0.23286143,10.42509517,0.21716304,-0.33643168,-3.94020002,4
117.37680152,31.96206735,41.69310384,-121.84559678,-47.68567809,41.69210384,16.51971477,0.80517307,-1.15334047,3.97575959,3.86386344,0.93710195,0.04293078,0.29523286,0.19683637,10.31888795,-0.37978551,-0.33696539,-3.91324795,4
117.37680177,31.96206822,41.69154468,-121.74966197,-47.65709330,41.69054468,16.66128730,0.80246146,-1.17107042,3.97179813,3.85829819,0.94325234,0.04398731,0.33025556,0.16096233,10.21174471,-0.96599474,-0.33554312,-3.88660543,4
117.37680206,31.96206909,41.69118313,-121.65379898,-47.62827722,41.69018313,16.79702006,0.79854525,-1.18447086,3.96903034,3.85386086,0.94972860,0.04472975,0.36691462,0.12957767,10.07871786,-1.24453115,-0.27872176,-3.86888900,4
117.37680239,31.96206995,41.69370809,-121.55800557,-47.59923969,41.69270809,16.92707012,0.79172811,-1.18742952,3.96914094,3.85214428,0.95698666,0.04471476,0.40749709,0.10903003,9.88338365,-0.78140534,-0.08841702,-3.87269474,4
117.37680275,31.96207079,41.69719906,-121.46227948,-47.56999029,41.69619906,17.05156885,0.78394056,-1.18689246,3.97021510,3.85133868,0.96450567,0.04444623,0.44938871,0.09211226,9.66721213,-0.07005334,0.14655203,-3.88370473,4
117.37680310,31.96207164,41.70068434,-121.36661846,-47.54053837,41.69968434,17.17061486,0.77677279,-1.18602077,3.97135414,3.85059907,0.97202756,0.04415964,0.49014187,0.07598707,9.45688975,0.62806112,0.37925766,-3.89355789,4
117.37680344,31.96207249,41.70401840,-121.27102021,-47.51089313,41.70301840,17.28429070,0.78837881,-1.17498471,3.97447058,3.85185875,0.97968295,0.04332344,0.49657847,0.08382735,9.42287149,0.92852841,0.54466406,-3.86834882,4
117.37680374,31.96207336,41.70719265,-121.17548244,-47.48106361,41.70619265,17.39269102,0.81991429,-1.15315755,3.97968653,3.85524082,0.98748163,0.04190367,0.46659185,0.11710693,9.57598038,0.80698452,0.63867183,-3.80591837,4
117.37680403,31.96207423,41.71032721,-121.08000281,-47.45105866,41.70932721,17.49594010,0.85648409,-1.12860355,3.98543321,3.85915901,0.99531802,0.04033640,0.42740991,0.15681129,9.77633064,0.57894570,0.71468477,-3.73408484,4
117.37680432,31.96207510,41.71342916,-120.98457904,-47.42088688,41.71242916,17.59418570,0.89282620,-1.10433568,3.99104734,3.86294826,1.00311911,0.03878962,0.38830364,0.19514236,9.97350266,0.35619306,0.78497642,-3.66179989,4
117.37680463,31.96207595,41.71539982,-120.88920884,-47.39055656,41.71439982,17.68757676,0.92114071,-1.08997333,3.99212055,3.86233469,1.00965747,0.03795081,0.35209544,0.18660008,10.06126799,0.31451167,0.66075195,-3.57483233,4
117.37680498,31.96207681,41.71658431,-120.79388993,-47.36007577,41.71558431,17.77623843,0.94387448,-1.08249412,3.99003922,3.85866276,1.01531764,0.03760392,0.31790593,0.14549811,10.07301961,0.39861944,0.40142397,-3.47767859,4
117.37680534,31.96207765,41.71763353,-120.69862005,-47.32945237,41.71663353,17.86026575,0.96564576,-1.07619882,3.98741617,3.85446588,1.02082604,0.03734162,0.28406864,0.09880789,10.07170809,0.50432821,0.11892187,-3.37878974,4
117.37680568,31.96207851,41.71866853,-120.60339695,-47.29869407,41.71766853,17.93974292,0.98715095,-1.07017301,3.98478951,3.85026596,1.02632777,0.03708862,0.25134485,0.05343405,10.06842570,0.60283966,-0.15664365,-3.28242519,4
117.37680600,31.96207937,41.71917152,-120.50821840,-47.26780843,41.71817152,18.01477349,0.99870420,-1.07429869,3.98201400,3.84593234,1.03160268,0.03718611,0.26052790,0.05757166,9.99069048,0.42996527,-0.17148066,-3.28096072,4
117.37680630,31.96208023,41.71943891,-120.41308217,-47.23680279,41.71843891,18.08549606,1.00585029,-1.08292258,3.97917210,3.84153871,1.03677799,0.03743891,0.28827892,0.08364553,9.87995658,0.13682685,-0.07080686,-3.32154059,4
117.37680659,31.96208109,41.71969491,-120.31798610,-47.20568423,41.71869491,18.15207363,1.01280641,-1.09168832,3.97632661,3.83714179,1.04195039,0.03769623,0.31666023,0.11037316,9.76811417,-0.16019443,0.03409917,-3.36347984,4
117.37680690,31.96208195,41.71981987,-120.22292807,-47.17445951,41.71881987,18.21466597,1.01841567,-1.09906640,3.97345444,3.83273753,1.04710953,0.03788825,0.34162697,0.12860006,9.66355660,-0.42396876,0.13405327,-3.39453353,4
117.37680723,31.96208281,41.71890563,-120.12790599,-47.14313515,41.71790563,18.27340429,1.01333942,-1.09543379,3.97037352,3.82827914,1.05215860,0.03756225,0.33949406,0.07940213,9.61686362,-0.42385814,0.19464627,-3.33923956,4
117.37680758,31.96208366,41.71758829,-120.03291782,-47.11171746,41.71658829,18.32839021,1.00411800,-1.08752972,3.96721189,3.82380017,1.05716451,0.03703532,0.32684755,0.00404996,9.59262446,-0.32136866,0.23996296,-3.25045049,4
117.37680795,31.96208451,41.71627235,-119.93796156,-47.08021260,41.71527235,18.37971929,0.99501685,-1.07962922,3.96406787,3.81933900,1.06216604,0.03650968,0.31420528,-0.07056061,9.56962361,-0.21928494,0.28470788,-3.16064518,4
117.37680829,31.96208536,41.71501978,-119.84303523,-47.04862657,41.71401978,18.42750943,0.99156951,-1.07187729,3.96174748,3.81570690,1.06697312,0.03604412,0.30173125,-0.11035469,9.60502115,-0.13609403,0.30257637,-3.02263621,4
117.37680862,31.96208622,41.71392941,-119.74813691,-47.01696510,41.71292941,18.47191007,1.00259422,-1.06450583,3.96153529,3.81419705,1.07128238,0.03573235,0.28968816,-0.06102890,9.78989857,-0.10126460,0.25164952,-2.76124512,4
117.37680893,31.96208709,41.71289499,-119.65326474,-46.98523369,41.71189499,18.51308465,1.01862771,-1.05726490,3.96205250,3.81342124,1.07542005,0.03547374,0.27779234,0.01913857,10.02652193,-0.08316226,0.17691275,-2.45712591,4
117.37680924,31.96208795,41.71185880,-119.55841694,-46.95343751,41.71085880,18.55118098,1.03446766,-1.05005562,3.96256489,3.81264532,1.07954686,0.03521347,0.26600746,0.09829754,10.26041598,-0.06673211,0.10339717,-2.15356013,4
117.37680956,31.96208881,41.71074127,-119.46359177,-46.92158154,41.70974127,18.58630913,1.04051395,-1.04447967,3.96283241,3.81186959,1.08310164,0.03487169,0.25985455,0.12644863,10.35613546,-0.13409205,0.09149405,-1.87976028,4
117.37680991,31.96208966,41.70949034,-119.36878755,-46.88967061,41.70849034,18.61854611,1.03048795,-1.04158455,3.96269807,3.81109421,1.08571739,0.03439613,0.26294443,0.07089146,10.22509703,-0.33894877,0.18070024,-1.65483135,4
117.37681026,31.96209051,41.70819828,-119.27400262,-46.85770942,41.70719828,18.64796293,1.01550016,-1.03951726,3.96243966,3.81031898,1.08804308,0.03387931,0.26888787,-0.01050775,10.02405388,-0.58624735,0.30111940,-1.44500224,4
117.37681061,31.96209135,41.70691417,-119.17923538,-46.82570256,41.70591417,18.67465375,1.00051699,-1.03734377,3.96216354,3.80952803,1.09035488,0.03335859,0.27451606,-0.09088551,9.82430535,-0.82994991,0.42095235,-1.23616896,4
117.37681095,31.96209221,41.70605033,-119.08448425,-46.79365442,41.70505033,18.69874477,0.98578485,-1.02955214,3.96095082,3.80790610,1.09193102,0.03263103,0.26346348,-0.11718617,9.69313936,-0.88329212,0.50971800,-1.08011260,4
117.37681128,31.96209306,41.70566677,-118.98974777,-46.76156917,41.70466677,18.72037454,0.97133940,-1.01534005,3.95866776,3.80533452,1.09266644,0.03166710,0.23334817,-0.08168853,9.64034687,-0.71909353,0.56298149,-0.98436701,4
117.37681159,31.96209392,41.70541016,-118.89502450,-46.72945073,41.70441016,18.73966259,0.95696907,-0.99943003,3.95610162,3.80251178,1.09317967,0.03064065,0.19819217,-0.02985270,9.60827023,-0.49737984,0.60686232,-0.90456034,4
117.37681190,31.96209478,41.70516698,-118.80031308,-46.69730287,41.70416698,18.75668828,0.94291078,-0.98357821,3.95349470,3.79965044,1.09367951,0.02961628,0.16318795,0.02178229,9.57690697,-0.27507129,0.64903500,-0.82510066,4
117.37681224,31.96209564,41.70566991,-118.70561218,-46.66512925,41.70466991,18.77149546,0.94618969,-0.97095663,3.94862063,3.79464448,1.09343544,0.02870779,0.13661101,0.06226529,9.58517822,-0.01966913,0.59629814,-0.76490805,4
117.37681258,31.96209648,41.70683085,-118.61092049,-46.63293350,41.70583085,18.78412055,0.96475833,-0.96118403,3.94174723,3.78774723,1.09253532,0.02790149,0.11746658,0.09291259,9.62840325,0.26491398,0.45986087,-0.72170825,4
117.37681293,31.96209733,41.70813706,-118.51623673,-46.60071915,41.70713706,18.79462303,0.98670253,-0.95204062,3.93443249,3.78043249,1.09149035,0.02711777,0.09996346,0.12138780,9.67934514,0.55593586,0.30494528,-0.68226094,4
117.37681327,31.96209819,41.70943785,-118.42155966,-46.56848964,41.70843785,18.80309759,1.00861120,-0.94298346,3.92713139,3.77312871,1.09045080,0.02634482,0.08251458,0.14930848,9.73109216,0.84086121,0.15154187,-0.64358888,4
117.37681361,31.96209905,41.71042459,-118.32688811,-46.53624820,41.70942459,18.80966086,1.02843957,-0.93891692,3.92062715,3.76646664,1.08972452,0.02619465,0.06821901,0.14519029,9.82922975,0.77357838,0.08561434,-0.64970799,4
117.37681393,31.96209991,41.71122747,-118.23222097,-46.50399787,41.71022747,18.81442679,1.04705007,-0.93777253,3.91458941,3.76018026,1.08918168,0.02640915,0.05576966,0.12231187,9.95453223,0.50006143,0.07090700,-0.68205437,4
117.37681425,31.96210076,41.71200739,-118.13755720,-46.47174150,41.71100739,18.81748727,1.06550794,-0.93699267,3.90860986,3.75394073,1.08866173,0.02666913,0.04355085,0.09709468,10.08321572,0.20082788,0.06258589,-0.71767089,4
117.37681458,31.96210162,41.71277370,-118.04289578,-46.43948183,41.71177370,18.81891046,1.08354371,-0.93626053,3.90261633,3.74769063,1.08814174,0.02692229,0.03146443,0.07239136,10.20799266,-0.09654160,0.05318958,-0.75285939,4
117.37681493,31.96210247,41.71280971,-117.94823575,-46.40722149,41.71180971,18.81875841,1.07891445,-0.93809322,3.89586209,3.74086209,1.08761941,0.02680971,0.02647765,0.07527584,10.12292881,-0.29417594,-0.01403175,-0.76509322,4
117.37681528,31.96210333,41.71254807,-117.85357618,-46.37496301,41.71154807,18.81710849,1.06504736,-0.94097130,3.88879770,3.73379770,1.08709612,0.02654807,0.02438451,0.08940458,9.95233723,-0.45116205,-0.10482206,-0.76797130,4
117.37681564,31.96210418,41.71228751,-117.75891621,-46.34270877,41.71128751,18.81406498,1.05120751,-0.94387443,3.88174126,3.72674072,1.08657499,0.02628913,0.02239115,0.10351368,9.78221213,-0.60732422,-0.19549026,-0.77074854,4
117.37681599,31.96210502,41.71209799,-117.66425502,-46.31046096,41.71109799,18.80975159,1.03918443,-0.94840562,3.87522122,3.72018469,1.08619596,0.02620755,0.02691936,0.11630192,9.64299799,-0.70926819,-0.27794576,-0.76693277,4
117.37681633,31.96210587,41.71223563,-117.56959187,-46.27822155,41.71123563,18.80429113,1.03552873,-0.96043116,3.87117238,3.71593675,1.08647127,0.02694254,0.06147167,0.12300579,9.64613269,-0.56156681,-0.32256924,-0.73276396,4
117.37681667,31.96210672,41.71249588,-117.47492609,-46.24599231,41.71149588,18.79778544,1.03500824,-0.97526502,3.86804947,3.71255359,1.08699176,0.02798351,0.10727445,0.12742991,9.70260542,-0.32032151,-0.35301768,-0.68722143,4
117.37681700,31.96210758,41.71274923,-117.38025707,-46.21377489,41.71174923,18.79030705,1.03453098,-0.99001084,3.86495222,3.70919513,1.08751810,0.02901953,0.15293575,0.13165653,9.75907071,-0.07954457,-0.38221109,-0.64189300,4
117.37681735,31.96210843,41.71256130,-117.28558423,-46.18157083,41.71156130,18.78191025,1.03682418,-0.99911090,3.86350061,3.70742017,1.08842045,0.02973774,0.18952205,0.12322089,9.81504992,0.13117495,-0.33095125,-0.61029557,4
117.37681770,31.96210928,41.71136089,-117.19090701,-46.14938158,41.71036089,18.77265174,1.04547382,-0.99525804,3.86582461,3.70927823,1.09018549,0.02972682,0.20528834,0.08573370,9.86991552,0.27293894,-0.09510376,-0.61020064,4
