longtitude,latitude,altitude,north,east,up,yaw,pitch,roll,vel_speed,vel_north,vel_east,vel_up,acc_x,acc_y,acc_z,gyro_x,gyro_y,gyro_z,rtk_status
117.37797063,31.96343337,41.62880025,29.63119028,62.84693126,41.62880025,109.01465655,0.43928079,-0.33287279,3.00161709,-0.94586055,2.84861433,0.00020251,-0.04366005,0.05391387,10.07578130,0.52451910,0.42223347,1.43411946,4
117.37797163,31.96343306,41.62766755,29.59862850,62.94147603,41.62766755,108.99285643,0.44333777,-0.32700000,2.99134044,-0.94000399,2.83967289,0.00000000,-0.09596400,0.07532177,10.19194867,0.02279111,0.14022000,1.53295200,4
117.37797262,31.96343274,41.62618889,29.56610361,63.03603327,41.62618889,108.97006596,0.43578500,-0.32708625,2.97948234,-0.93332843,2.82929868,0.00000392,-0.15567958,0.09421909,10.27625554,-0.73843361,-0.22567167,1.61288510,4
117.37797362,31.96343244,41.62529361,29.53361720,63.13060350,41.62529361,108.94632293,0.41822266,-0.33416554,2.96996037,-0.92752986,2.82110103,0.00032570,-0.17794060,0.07914944,10.23879624,-1.17568893,-0.44076329,1.66820207,4
117.37797462,31.96343215,41.62539725,29.50117082,63.22518724,41.62539725,108.92166016,0.38352153,-0.35321862,2.96443848,-0.92323298,2.81663023,0.00119175,-0.13606993,0.00592001,9.99284309,-1.05822538,-0.39764642,1.68136977,4
117.37797563,31.96343186,41.62572920,29.46876598,63.31978499,41.62572920,108.89611574,0.34507800,-0.37489723,2.95982454,-0.91927719,2.81300640,0.00217725,-0.07988058,-0.07986370,9.70134034,-0.81526174,-0.29635732,1.68458075,4
117.37797663,31.96343157,41.62623993,29.43640410,63.41439722,41.62623993,108.86974073,0.31778415,-0.38967739,2.95541890,-0.91541981,2.80965974,0.00285768,-0.03977116,-0.11600662,9.54352442,-0.57731286,-0.21731993,1.65395195,4
117.37797762,31.96343128,41.62706600,29.40408649,63.50902438,41.62706600,108.84259653,0.31015734,-0.39228934,2.95138067,-0.91173600,2.80680200,0.00300000,-0.02802534,-0.06458810,9.62151915,-0.34821096,-0.17753271,1.56363347,4
117.37797863,31.96343097,41.62797339,29.37181440,63.60366685,41.62797339,108.81474466,0.30776541,-0.39175200,2.94743887,-0.90809818,2.80407231,0.00300376,-0.02378483,0.00973323,9.76158109,-0.12217279,-0.14903785,1.45791370,4
117.37797962,31.96343067,41.62870937,29.33958894,63.69832502,41.62870937,108.78623871,0.30811358,-0.39688216,2.94343774,-0.90446727,2.80123984,0.00331602,-0.01985064,0.06302616,9.87691567,0.04428118,-0.19543893,1.38391580,4
117.37798061,31.96343037,41.62900000,29.30741115,63.79299921,41.62900000,108.75712503,0.31558057,-0.41673652,2.93928251,-0.90085442,2.79814038,0.00442981,-0.01671232,0.06168637,9.92800692,0.05593256,-0.43642053,1.39233265,4
117.37798162,31.96343008,41.62899933,29.27528200,63.88768976,41.62899933,108.72745023,0.32762827,-0.44618611,2.93503193,-0.89725457,2.79487129,0.00606537,-0.01402306,0.02481900,9.93704271,-0.03359747,-0.80279458,1.45435451,4
117.37798262,31.96342979,41.62894311,29.24320240,63.98239694,41.62894311,108.69726811,0.33432685,-0.47450674,2.93121224,-0.89375442,2.79198063,0.00759501,-0.00554948,-0.00172363,9.93533279,-0.13612776,-1.03831192,1.50168795,4
117.37798362,31.96342949,41.62872686,29.21117313,64.07712102,41.62872686,108.66663905,0.32561122,-0.49957395,2.92863426,-0.89054168,2.79018056,0.00881944,0.01959239,0.00148598,9.90265770,-0.27611947,-0.89674760,1.50669459,4
117.37798462,31.96342919,41.62839330,29.17919488,64.17186220,41.62839330,108.63562367,0.30561878,-0.52218433,2.92698244,-0.88754438,2.78919584,0.00981677,0.05689559,0.02647170,9.84725451,-0.44282146,-0.47931968,1.48080314,4
117.37798562,31.96342889,41.62806112,29.14726825,64.26662069,41.62806112,108.60427796,0.28739647,-0.53887563,2.92664422,-0.88494054,2.78952197,0.01053775,0.08958056,0.04885004,9.78930205,-0.54812651,-0.10547946,1.46530916,4
117.37798662,31.96342861,41.62773288,29.11539374,64.36139664,41.62773288,108.57265459,0.27425359,-0.53858241,2.93007524,-0.88346577,2.79360947,0.01046577,0.10901352,0.06374641,9.72403548,-0.47725693,0.14328490,1.47965005,4
117.37798763,31.96342833,41.62740805,29.08357178,64.45619017,41.62740805,108.54080928,0.26484791,-0.52588412,2.93624070,-0.88281057,2.80042582,0.00981488,0.11865586,0.07308242,9.65376965,-0.27804001,0.30028338,1.51569058,4
117.37798864,31.96342804,41.62712803,29.05180268,64.55100138,41.62712803,108.50880604,0.25790733,-0.51244905,2.94104806,-0.88178874,2.80589584,0.00915222,0.11853929,0.07422509,9.61137312,-0.09802218,0.41785669,1.54554180,4
117.37798963,31.96342775,41.62700000,29.02008665,64.64583034,41.62700000,108.47671591,0.25932988,-0.49651459,2.94124787,-0.87952309,2.80679830,0.00844958,0.08531477,0.04757113,9.66352598,0.01685959,0.40167572,1.55439491,4
117.37799062,31.96342746,41.62699630,28.98842379,64.74067705,41.62699630,108.44460967,0.26777290,-0.47856919,2.93756485,-0.87620800,2.80385206,0.00771742,0.02434161,-0.00220856,9.79504595,0.07611444,0.27246249,1.54550807,4
117.37799163,31.96342717,41.62669488,28.95681406,64.83554149,41.62669488,108.41255137,0.27422798,-0.46822761,2.93376886,-0.87276147,2.80083035,0.00731991,-0.02522867,-0.02863578,9.90387521,0.07460176,0.11458580,1.53252455,4
117.37799264,31.96342690,41.62578324,28.92525734,64.93042361,41.62578324,108.38059747,0.27660838,-0.47347173,2.92974135,-0.86904554,2.79765393,0.00760838,-0.05142618,-0.00719687,9.96619475,-0.05146749,-0.10204287,1.51114399,4
117.37799366,31.96342665,41.62460405,28.89375341,65.02532333,41.62460405,108.34880249,0.27717339,-0.48555676,2.92561418,-0.86521260,2.79441172,0.00819759,-0.06726967,0.03520534,10.00779070,-0.23200224,-0.34379632,1.48602541,4
117.37799467,31.96342638,41.62347353,28.86230198,65.12024052,41.62347353,108.31722568,0.27567492,-0.49700173,2.92165735,-0.86149078,2.79135040,0.00873110,-0.07618174,0.07180837,10.02563581,-0.39041155,-0.52817614,1.45690600,4
117.37799568,31.96342611,41.62257420,28.83090263,65.21517506,41.62257420,108.28593245,0.26437450,-0.50540637,2.91850971,-0.85829681,2.78914840,0.00900000,-0.05216856,0.08086478,9.93066103,-0.44372334,-0.44002454,1.40878160,4
117.37799669,31.96342582,41.62191229,28.79955484,65.31012673,41.62191229,108.25498839,0.24314109,-0.51070451,2.91619072,-0.85564141,2.78782528,0.00899965,0.00522003,0.06200747,9.72137205,-0.39013034,-0.07547201,1.34134834,4
117.37799769,31.96342553,41.62145641,28.76825798,65.40509533,41.62145641,108.22445102,0.22417587,-0.51458817,2.91440290,-0.85316725,2.78697266,0.00897008,0.05581813,0.04962105,9.53934602,-0.32751017,0.24475660,1.27418217,4
117.37799869,31.96342526,41.62202164,28.73701134,65.50008061,41.62202164,108.19436744,0.21645194,-0.51146151,2.91524761,-0.85159135,2.78845194,0.00879567,0.07276196,0.06930546,9.49243780,-0.22014854,0.34531208,1.20833873,4
117.37799969,31.96342499,41.62364127,28.70581415,65.59508229,41.62364127,108.16477968,0.22033900,-0.50110039,2.91880875,-0.85094269,2.79233710,0.00847188,0.05495602,0.12203105,9.58511601,-0.06669802,0.21904180,1.14379437,4
117.37800070,31.96342472,41.62522633,28.67466553,65.69010007,41.62522633,108.13573355,0.22413947,-0.49134648,2.92211905,-0.85023866,2.79597178,0.00816591,0.03838607,0.16724203,9.67888417,0.07573003,0.10067494,1.07345789,4
117.37800170,31.96342444,41.62654012,28.64356457,65.78513364,41.62654012,108.10728167,0.22726028,-0.48636009,2.92345988,-0.84909979,2.79763991,0.00800000,0.03152057,0.15344968,9.78121387,0.13161424,0.04436212,0.95763907,4
117.37800271,31.96342415,41.62753184,28.61251023,65.88018265,41.62753184,108.07947941,0.22956870,-0.48701451,2.92247066,-0.84744731,2.79698132,0.00799967,0.03616338,0.06980963,9.89357391,0.08487815,0.06166382,0.78795078,4
117.37800371,31.96342386,41.62846368,28.58150140,65.97524671,41.62846368,108.05237878,0.23124417,-0.48703817,2.92176105,-0.84592884,2.79658728,0.00797004,0.04182554,-0.00919411,9.99604491,0.02995594,0.08776158,0.61939336,4
117.37800472,31.96342359,41.62883250,28.55053687,66.07032541,41.62883250,108.02602579,0.22696987,-0.48113235,2.92368006,-0.84567002,2.79868006,0.00766499,0.05707030,-0.04461979,10.00556132,-0.10192256,0.19654738,0.46145586,4
117.37800573,31.96342332,41.62851117,28.51961537,66.16541833,41.62851117,108.00046297,0.21540204,-0.46795788,2.92882132,-0.84695533,2.80382132,0.00702234,0.08406192,-0.02662539,9.90112948,-0.32813799,0.40669638,0.31653659,4
117.37800674,31.96342305,41.62819149,28.48873557,66.26052500,41.62819149,107.97573370,0.20386345,-0.45469113,2.93395631,-0.84823908,2.80895463,0.00637456,0.11080661,-0.00846242,9.79706202,-0.55099686,0.61625663,0.17229817,4
117.37800775,31.96342278,41.62800246,28.45789605,66.35564496,41.62800246,107.95188455,0.19462965,-0.43412427,2.93859986,-0.84939997,2.81346327,0.00532194,0.11805195,0.02303451,9.72172835,-0.50870184,0.77941707,0.08177945,4
117.37800876,31.96342250,41.62800000,28.42709531,66.45077770,41.62800000,107.92896283,0.18868783,-0.40313025,2.94254144,-0.85038536,2.81707965,0.00369107,0.09744564,0.07357696,9.68743596,-0.08767716,0.87630353,0.06799031,4
117.37800976,31.96342222,41.62800000,28.39633178,66.54592270,41.62800000,107.90701079,0.18295119,-0.37204536,2.94646859,-0.85136831,2.82068071,0.00205592,0.07649157,0.12388106,9.65425944,0.33600327,0.97082760,0.05521663,4
117.37801077,31.96342195,41.62800000,28.36560383,66.64107939,41.62800000,107.88606165,0.19006175,-0.34460985,2.94998522,-0.85234082,2.82399765,0.00068401,0.05698929,0.13541527,9.66680191,0.57544147,0.94705852,0.04294732,4
117.37801178,31.96342168,41.62800000,28.33490976,66.73624723,41.62800000,107.86614133,0.21620637,-0.32258101,2.95289369,-0.85329790,2.82689369,-0.00029790,0.03963786,0.08950937,9.74708016,0.54191359,0.74803012,0.03142524,4
117.37801279,31.96342142,41.62799595,28.30424786,66.83142564,41.62799595,107.84727522,0.24349317,-0.30102164,2.95573111,-0.85424595,2.82973111,-0.00124999,0.02247712,0.04009456,9.83169801,0.48921612,0.53741438,0.01941332,4
117.37801380,31.96342115,41.62766812,28.27361636,66.92661402,41.62766812,107.82949325,0.26120344,-0.28833459,2.95611181,-0.85455498,2.83011181,-0.00188686,0.00915592,0.01462726,9.90423006,0.35079353,0.32934086,-0.03576470,4
117.37801481,31.96342088,41.62680237,28.24301344,67.02181178,41.62680237,107.81282778,0.26300396,-0.29038736,2.95241106,-0.85380237,2.82641106,-0.00200000,0.00221343,0.02894469,9.95668386,0.06995219,0.12548987,-0.16265629,4
117.37801582,31.96342059,41.62582415,28.21243721,67.11701828,41.62582415,107.79730728,0.26129777,-0.29559594,2.94785952,-0.85283149,2.82185830,-0.00200000,-0.00316102,0.05172200,10.00393394,-0.24044212,-0.07568014,-0.30494375,4
117.37801684,31.96342032,41.62514778,28.18188577,67.21223290,41.62514778,107.78295131,0.25397735,-0.29850406,2.94580186,-0.85275445,2.81970076,-0.00200000,0.00679087,0.06360846,9.98133834,-0.45298149,-0.13425496,-0.43947795,4
117.37801784,31.96342005,41.62500000,28.15135717,67.30745500,41.62500000,107.76977196,0.23682477,-0.29738344,2.94811173,-0.85424277,2.82173794,-0.00200000,0.04358358,0.05642203,9.83642292,-0.49415033,0.05689456,-0.56043482,4
117.37801884,31.96341978,41.62500208,28.12084946,67.40268392,41.62500208,107.75778045,0.21702027,-0.29510211,2.95164485,-0.85617087,2.82494901,-0.00200208,0.08779886,0.04407441,9.65817729,-0.48655901,0.31656568,-0.67705218,4
117.37801985,31.96341951,41.62517375,28.09036064,67.49791901,41.62517375,107.74699190,0.20511194,-0.29001391,2.95536088,-0.85827582,2.82825699,-0.00217375,0.12539721,0.04567161,9.55057303,-0.40957573,0.47079689,-0.74933695,4
117.37802085,31.96341923,41.62568328,28.05988873,67.59315962,41.62568328,107.73742369,0.20893244,-0.27933445,2.95944130,-0.86073311,2.83175802,-0.00268328,0.14981504,0.07504649,9.58368377,-0.19436508,0.41499566,-0.73331287,4
117.37802185,31.96341894,41.62633184,28.02943167,67.68840506,41.62633184,107.72908817,0.21937284,-0.26632483,2.96367973,-0.86333897,2.83534521,-0.00333363,0.16857057,0.11571993,9.67591559,0.07822720,0.27177825,-0.68022696,4
117.37802287,31.96341867,41.62675588,27.99898742,67.78365468,41.62675588,107.72198636,0.23145480,-0.25463572,2.96833856,-0.86600507,2.83935616,-0.00390689,0.17646603,0.12691630,9.77437899,0.29964904,0.18761377,-0.62660463,4
117.37802388,31.96341840,41.62668856,27.96855394,67.87890779,41.62668856,107.71610923,0.24712955,-0.24583674,2.97391747,-0.86880302,2.84429458,-0.00431144,0.16059273,0.07359807,9.88648090,0.40907718,0.23269474,-0.57180836,4
117.37802489,31.96341813,41.62636884,27.93812920,67.97416374,41.62636884,107.71144590,0.26457997,-0.23847106,2.97996265,-0.87166641,2.84970367,-0.00463251,0.13262572,-0.01243629,10.00517739,0.46038305,0.34400642,-0.51661178,4
117.37802590,31.96341787,41.62593557,27.90771121,68.06942186,41.62593557,107.70799084,0.27701295,-0.22748044,2.98568739,-0.87436914,2.85484680,-0.00517973,0.10880125,-0.07805342,10.09257067,0.43565193,0.47219327,-0.47814865,4
117.37802691,31.96341760,41.62518711,27.87729795,68.16468151,41.62518711,107.70574342,0.27551629,-0.20642619,2.99052252,-0.87662578,2.85925155,-0.00635481,0.09647748,-0.08698753,10.09305890,0.19982468,0.64722938,-0.48614137,4
117.37802792,31.96341731,41.62421776,27.84688742,68.25994203,41.62421776,107.70470117,0.26418671,-0.17825975,2.99472817,-0.87856755,2.86313306,-0.00797347,0.09222072,-0.05594777,10.03202960,-0.18394780,0.85487756,-0.52693701,4
117.37802893,31.96341703,41.62338168,27.81647763,68.35520277,41.62338168,107.70485465,0.25266761,-0.14924835,2.99879238,-0.88050444,2.86683035,-0.00963167,0.08374424,-0.02742850,9.95519165,-0.47952815,1.02401604,-0.56919999,4
117.37802993,31.96341676,41.62300000,27.78606661,68.45046308,41.62300000,107.70618808,0.24050237,-0.11735642,3.00237441,-0.88242465,2.86989952,-0.01142465,0.06088155,-0.00750237,9.82445796,-0.47443575,1.06186357,-0.61646536,4
117.37803095,31.96341650,41.62300084,27.75565241,68.54572234,41.62300084,107.70868456,0.22784163,-0.08306655,3.00554331,-0.88432891,2.87243359,-0.01332947,0.02593437,0.00519204,9.64873607,-0.21672067,0.98917725,-0.66789415,4
117.37803197,31.96341624,41.62307633,27.72523311,68.64097991,41.62307633,107.71232985,0.21936770,-0.05069307,3.00799520,-0.88606173,2.87429947,-0.01511261,-0.00903812,0.01668548,9.49814110,0.04641535,0.89424199,-0.71591337,4
117.37803297,31.96341597,41.62358230,27.69480683,68.73623518,41.62358230,107.71711055,0.23503876,-0.02937113,3.00631212,-0.88680590,2.87231212,-0.01619410,-0.04415679,0.02125311,9.49245010,0.34081632,0.67099739,-0.74427018,4
117.37803397,31.96341569,41.62455281,27.66437168,68.83148754,41.62455281,107.72300771,0.27677225,-0.02000056,3.00016298,-0.88648209,2.86616298,-0.01651700,-0.07940267,0.01833855,9.64328975,0.66846558,0.30919931,-0.75139058,4
117.37803498,31.96341542,41.62548443,27.63392583,68.92673640,41.62548443,107.72999271,0.31697754,-0.01205788,2.99401518,-0.88614244,2.86001518,-0.01676929,-0.11170802,0.01525246,9.79637427,0.94641083,-0.04963367,-0.75854282,4
117.37803599,31.96341514,41.62600000,27.60346751,69.02198117,41.62600000,107.73802989,0.34083411,-0.01938901,2.98788201,-0.88563317,2.85388201,-0.01626635,-0.11255843,0.01033177,9.97346137,0.69268609,-0.37672887,-0.76603504,4
117.37803700,31.96341487,41.62600000,27.57299500,69.11722131,41.62600000,107.74708457,0.34438423,-0.04562975,2.98178008,-0.88491793,2.84777920,-0.01482879,-0.07439778,0.00311206,10.17950598,-0.21797852,-0.66343212,-0.77391689,4
117.37803801,31.96341460,41.62600000,27.54250664,69.21245626,41.62600000,107.75712900,0.34381987,-0.07031782,2.97682254,-0.88456781,2.84274318,-0.01350074,-0.03343668,-0.00635324,10.31667736,-0.96151238,-0.85715890,-0.77902387,4
117.37803901,31.96341431,41.62600000,27.51200081,69.30768550,41.62600000,107.76813970,0.32853423,-0.08945061,2.97595949,-0.88552405,2.84152405,-0.01256456,0.01754419,-0.02385312,10.20742592,-1.10706652,-0.71822359,-0.77420256,4
117.37804001,31.96341403,41.62600000,27.48147591,69.40290852,41.62600000,107.78008807,0.30049253,-0.10376977,2.97864433,-0.88761226,2.84361226,-0.01196793,0.07720740,-0.04831503,9.88464797,-0.73446979,-0.29103502,-0.76077833,4
117.37804101,31.96341374,41.62600149,27.45093043,69.49812482,41.62600149,107.79293377,0.27265515,-0.11796682,2.98134217,-0.88970430,2.84571322,-0.01137701,0.13628488,-0.07205497,9.56423092,-0.36231410,0.13333366,-0.74733826,4
117.37804202,31.96341346,41.62613125,27.42036291,69.59333393,41.62613125,107.80662834,0.26245254,-0.12162497,2.98515872,-0.89212482,2.84891235,-0.01127865,0.14482255,-0.03352371,9.44756535,-0.02838055,0.31431669,-0.73253786,4
117.37804303,31.96341319,41.62644678,27.38977198,69.68853539,41.62644678,107.82112640,0.27778547,-0.11002259,2.99059516,-0.89502097,2.85370161,-0.01189355,0.08017745,0.09517736,9.62593701,0.25020472,0.14287105,-0.71576774,4
117.37804404,31.96341292,41.62677109,27.35915635,69.78372880,41.62677109,107.83639308,0.29436213,-0.09788472,2.99605784,-0.89792472,2.85851841,-0.01253123,0.01238418,0.22717504,9.81796792,0.52420991,-0.04605357,-0.69902122,4
117.37804504,31.96341265,41.62709687,27.32851477,69.87891373,41.62709687,107.85240155,0.31421858,-0.10183219,2.99715419,-0.89953618,2.85920331,-0.01222238,-0.02865834,0.27562871,9.98618695,0.62737486,-0.30752086,-0.69240504,4
117.37804605,31.96341236,41.62742493,27.29784602,69.97408980,41.62742493,107.86912509,0.33914472,-0.13064336,2.99150136,-0.89915013,2.85350136,-0.01045040,-0.02835122,0.19494526,10.11759890,0.46646560,-0.68111974,-0.70144770,4
117.37804705,31.96341207,41.62775202,27.26714894,70.06925663,41.62775202,107.88653104,0.36455441,-0.16277499,2.98496107,-0.89850169,2.84695821,-0.00848504,-0.02219766,0.09679196,10.24276455,0.26848031,-1.06612648,-0.71284179,4
117.37804806,31.96341180,41.62796647,27.23642243,70.16441385,41.62796647,107.90458119,0.37218316,-0.19061537,2.98079838,-0.89857826,2.84254278,-0.00694558,0.00516726,0.00133076,10.25797406,-0.04207584,-1.12012243,-0.74426980,4
117.37804907,31.96341153,41.62800037,27.20566546,70.25956112,41.62800037,107.92323732,0.35125433,-0.21154776,2.98045717,-0.89982025,2.84154748,-0.00609091,0.06658924,-0.08976147,10.09661401,-0.53299274,-0.64257077,-0.80783009,4
117.37805008,31.96341126,41.62803713,27.17487705,70.35469812,41.62803713,107.94246511,0.32546659,-0.22973652,2.98105296,-0.90135775,2.84141741,-0.00542633,0.13283171,-0.17566220,9.90801384,-1.01148502,-0.08257239,-0.87254137,4
117.37805109,31.96341099,41.62849644,27.14405628,70.44982456,41.62849644,107.96223296,0.30471891,-0.23090576,2.98430959,-0.90382028,2.84397863,-0.00549644,0.18173478,-0.21060330,9.78316385,-0.95676585,0.29065965,-0.88138633,4
117.37805209,31.96341070,41.62948252,27.11320228,70.54494013,41.62948252,107.98250749,0.29026141,-0.21085442,2.99088317,-0.90743583,2.84989480,-0.00648257,0.20899886,-0.18200626,9.73782572,-0.23739548,0.43097119,-0.82057986,4
117.37805310,31.96341041,41.63046090,27.08231425,70.64004457,41.63046090,108.00325079,0.27648834,-0.19083672,2.99737479,-0.91101551,2.85573030,-0.00746676,0.23405139,-0.15354597,9.69530434,0.46048951,0.56556320,-0.76044529,4
117.37805410,31.96341014,41.63127264,27.05139144,70.73513763,41.63127264,108.02442198,0.27754221,-0.17154833,3.00209053,-0.91381791,2.85981791,-0.00840895,0.21119534,-0.12804883,9.71380262,0.69292380,0.57625130,-0.71486775,4
117.37805511,31.96340986,41.63186369,27.02043317,70.83021909,41.63186369,108.04598173,0.29822909,-0.15322566,3.00445475,-0.91559107,2.86159107,-0.00929553,0.12490152,-0.10647538,9.81309962,0.30903453,0.42287293,-0.68856588,4
117.37805612,31.96340959,41.63245190,26.98943884,70.92528874,41.63245190,108.06789540,0.31884315,-0.13501648,3.00677804,-0.91735164,2.86332615,-0.01017632,0.03882832,-0.08505088,9.91221450,-0.07293354,0.26896820,-0.66230413,4
117.37805711,31.96340931,41.63278832,26.95840789,71.02034638,41.63278832,108.09013252,0.33299659,-0.12687486,3.00547040,-0.91799491,2.86168208,-0.01054371,-0.02767241,-0.07684311,9.99517427,-0.28443743,0.06835310,-0.63960234,4
117.37805812,31.96340902,41.63264284,26.92733980,71.11539185,41.63264284,108.11266304,0.33478558,-0.13800083,2.99721380,-0.91649990,2.85357095,-0.00992853,-0.05671493,-0.09392975,10.04721607,-0.16970361,-0.22165724,-0.62371370,4
117.37805912,31.96340873,41.63231336,26.89623412,71.21042498,41.63231336,108.13545385,0.33180021,-0.15654298,2.98629881,-0.91418650,2.84298544,-0.00893607,-0.07104512,-0.12052589,10.08665033,0.06912443,-0.54408288,-0.61074648,4
117.37806013,31.96340843,41.63216121,26.86509045,71.30544564,41.63216121,108.15846921,0.32862820,-0.17326539,2.97749237,-0.91249055,2.83433115,-0.00811910,-0.06268652,-0.12455682,10.06603027,0.14559802,-0.68050098,-0.62376981,4
117.37806114,31.96340816,41.63235529,26.83390846,71.40045370,41.63235529,108.18167469,0.32509180,-0.18643519,2.97280238,-0.91200000,2.82944708,-0.00764471,-0.01003349,-0.08453457,9.92816850,-0.09488652,-0.45378411,-0.68753346,4
117.37806214,31.96340789,41.63269128,26.80268784,71.49544905,41.63269128,108.20504078,0.32140403,-0.19811330,2.96980191,-0.91200714,2.82611063,-0.00731076,0.06047627,-0.02691299,9.74355116,-0.46170330,-0.08085367,-0.77172707,4
117.37806315,31.96340762,41.63311847,26.77142837,71.59043161,41.63311847,108.22854288,0.31744266,-0.20568790,2.96807812,-0.91265264,2.82395964,-0.00706799,0.11584888,0.00134531,9.64447011,-0.59105952,0.15191835,-0.83631527,4
117.37806415,31.96340733,41.63372044,26.74012985,71.68540130,41.63372044,108.25215804,0.31295688,-0.20539777,2.96880112,-0.91452156,2.82408067,-0.00700000,0.14221004,-0.02667324,9.70932566,-0.26530517,0.11606653,-0.86332825,4
117.37806516,31.96340704,41.63438730,26.70879209,71.78035806,41.63438730,108.27586179,0.30834699,-0.20205416,2.97047292,-0.91686333,2.82508354,-0.00700000,0.15727389,-0.07627446,9.83750156,0.23510347,-0.02329538,-0.87559502,4
117.37806616,31.96340675,41.63477465,26.67741500,71.87530182,41.63477465,108.29962767,0.31089971,-0.19927135,2.97186432,-0.91892410,2.82589959,-0.00700000,0.17139460,-0.09794116,9.92456430,0.51993853,-0.07328412,-0.87641585,4
117.37806717,31.96340647,41.63463599,26.64599848,71.97023256,41.63463599,108.32342905,0.32693251,-0.19754397,2.97272802,-0.92045603,2.82636401,-0.00700000,0.18374028,-0.06703478,9.93425153,0.39906142,0.04492838,-0.85569530,4
117.37806817,31.96340619,41.63430207,26.61454250,72.06515024,41.63430207,108.34724124,0.34785285,-0.19615069,2.97339376,-0.92179169,2.82669583,-0.00700314,0.19527539,-0.01676240,9.91540591,0.12794382,0.22515620,-0.82691159,4
117.37806918,31.96340591,41.63396767,26.58304707,72.16005486,41.63396767,108.37104097,0.35834750,-0.18957392,2.97387207,-0.92312935,2.82683973,-0.00728891,0.19316772,0.02020777,9.91339520,-0.11164324,0.36787660,-0.79205551,4
117.37807017,31.96340563,41.63363231,26.55151224,72.25494642,41.63363231,108.39480445,0.34935104,-0.17330649,2.97400000,-0.92447074,2.82663231,-0.00810305,0.16555448,0.03230918,9.94285776,-0.29228344,0.44047612,-0.74584701,4
117.37807118,31.96340534,41.63329662,26.51993808,72.34982493,41.63329662,108.41850588,0.33321814,-0.15352857,2.97399026,-0.92580920,2.82628687,-0.00910906,0.12871452,0.03523191,9.98306128,-0.45094433,0.48709137,-0.69566800,4
117.37807219,31.96340505,41.63296041,26.48832474,72.44469042,41.63296041,108.44211829,0.31530232,-0.13625985,2.97310142,-0.92675900,2.82506183,-0.01001894,0.09963204,0.02927069,9.95553986,-0.56843442,0.49929880,-0.66123535,4
117.37807319,31.96340477,41.63262325,26.45667237,72.53954294,41.63262325,108.46561617,0.29413480,-0.12356740,2.97060929,-0.92700000,2.82223255,-0.01075349,0.08469764,0.00710688,9.80450161,-0.61083727,0.44875322,-0.65552094,4
117.37807420,31.96340450,41.63228806,26.42498120,72.63438254,41.63228806,108.48897804,0.27198579,-0.11244329,2.96756177,-0.92699772,2.81884868,-0.01142730,0.07449359,-0.02048620,9.61245950,-0.62571551,0.37693391,-0.65961397,4
117.37807521,31.96340422,41.63215888,26.39325147,72.72920928,41.63215888,108.51218725,0.26106096,-0.10244307,2.96358262,-0.92678909,2.81463604,-0.01199861,0.05705710,-0.04088435,9.51009296,-0.46005063,0.31071798,-0.66763174,4
117.37807620,31.96340393,41.63239042,26.36148345,72.82402325,41.63239042,108.53522989,0.26978829,-0.09441064,2.95797235,-0.92621915,2.80897235,-0.01239042,0.02695746,-0.04868510,9.56473718,0.02172308,0.25431279,-0.68252127,4
117.37807719,31.96340365,41.63272531,26.32967742,72.91882453,41.63272531,108.55809164,0.28436148,-0.08704174,2.95186776,-0.92553826,2.80286776,-0.01272408,-0.00678365,-0.05232749,9.66612781,0.59284796,0.19984976,-0.69949301,4
117.37807820,31.96340336,41.63272651,26.29783372,73.01361320,41.63272651,108.58075518,0.30026447,-0.08690235,2.94482623,-0.92451683,2.79582623,-0.01261204,-0.03000102,-0.01780741,9.78186227,0.76052233,0.05744818,-0.72038634,4
117.37807921,31.96340307,41.63217088,26.26595268,73.10838937,41.63217088,108.60319949,0.31838641,-0.09882622,2.93622136,-0.92292719,2.78722136,-0.01175631,-0.03565825,0.08039126,9.92153106,0.25499130,-0.23168930,-0.74782330,4
117.37808021,31.96340278,41.63148094,26.23403470,73.20315315,41.63148094,108.62540258,0.33681686,-0.11369925,2.92726919,-0.92121085,2.77826764,-0.01072063,-0.03663010,0.19295617,10.06549921,-0.41136918,-0.55368907,-0.77668317,4
117.37808122,31.96340249,41.63090491,26.20208018,73.29790467,41.63090491,108.64734544,0.33417123,-0.12970910,2.92134483,-0.92055275,2.77220112,-0.00978551,-0.00024841,0.20219424,10.07052478,-0.79970280,-0.61556593,-0.79007084,4
117.37808221,31.96340218,41.63050137,26.17008959,73.39264407,41.63050137,108.66901416,0.29970202,-0.14738927,2.92000796,-0.92149774,2.77050896,-0.00900498,0.09249459,0.05537943,9.86558979,-0.76673957,-0.28403310,-0.78007872,4
117.37808321,31.96340187,41.63012732,26.13806339,73.48737149,41.63012732,108.69039916,0.26793677,-0.16058309,2.91975511,-0.92279676,2.76984669,-0.00846913,0.17666389,-0.08154888,9.66287984,-0.62900570,0.07432479,-0.77040329,4
117.37808421,31.96340158,41.62978504,26.10600205,73.58208707,41.62978504,108.71149228,0.26383224,-0.15444808,2.92157953,-0.92471969,2.77114960,-0.00885984,0.19627015,-0.09671749,9.57841176,-0.27903483,0.33866740,-0.77417792,4
117.37808521,31.96340130,41.62947235,26.07390608,73.67679096,41.62947235,108.73228419,0.28541603,-0.13036639,2.92533091,-0.92722126,2.77427560,-0.01011082,0.15591472,0.00114189,9.60378406,0.26778087,0.51556823,-0.79041736,4
117.37808621,31.96340101,41.62916906,26.04177599,73.77148334,41.62916906,108.75276425,0.30717589,-0.10657612,2.92886613,-0.92964752,2.77720426,-0.01134479,0.11489538,0.09449643,9.63307921,0.78848252,0.67802815,-0.80394843,4
117.37808721,31.96340072,41.62900000,26.00961229,73.86616435,41.62900000,108.77292277,0.33144694,-0.08694035,2.92931913,-0.93100000,2.77731913,-0.01233617,0.06440821,0.12361889,9.71831140,0.93683887,0.63457938,-0.77886134,4
117.37808821,31.96340041,41.62899949,25.97741554,73.96083418,41.62899949,108.79275320,0.35886364,-0.07255028,2.92588859,-0.93099949,2.77388859,-0.01302132,0.00203211,0.07192539,9.87387835,0.61627536,0.33203048,-0.70514925,4
117.37808921,31.96340012,41.62894929,25.94518629,74.05549299,41.62894929,108.81225118,0.38457660,-0.05941681,2.92233249,-0.93094929,2.77033249,-0.01363716,-0.05677043,0.02888051,10.01753976,0.30283062,0.05445130,-0.63311064,4
117.37809022,31.96339983,41.62855992,25.91292508,74.15014096,41.62855992,108.83141072,0.39866012,-0.05486054,2.91791942,-0.93055992,2.76591942,-0.01377996,-0.09118078,0.04486881,10.07993698,0.03797728,-0.05269112,-0.57249484,4
117.37809122,31.96339955,41.62779519,25.88063250,74.24477827,41.62779519,108.85022209,0.39977429,-0.05981286,2.91255947,-0.92979519,2.76055871,-0.01339913,-0.09830327,0.12619006,10.05160665,-0.17213088,0.02972631,-0.52478616,4
117.37809222,31.96339927,41.62720466,25.84830913,74.33940512,41.62720466,108.86867384,0.39755601,-0.06191883,2.90777605,-0.92920466,2.75570310,-0.01324825,-0.09048641,0.17760402,9.99063762,-0.31655283,0.11298814,-0.49603504,4
117.37809323,31.96339899,41.62700000,25.81595557,74.43402168,41.62700000,108.88675693,0.38795546,-0.05771933,2.90426975,-0.92900000,2.75196639,-0.01360672,-0.04957477,0.16276552,9.85736466,-0.31546300,0.19812103,-0.50927984,4
117.37809422,31.96339869,41.62699778,25.78357246,74.52862817,41.62699778,108.90446775,0.37448216,-0.05016319,2.90144478,-0.92900111,2.74882706,-0.01423548,0.00876519,0.11293815,9.68629248,-0.23698083,0.28414111,-0.54466585,4
117.37809522,31.96339840,41.62678545,25.75116039,74.62322479,41.62678545,108.92180679,0.36505710,-0.04144114,2.89899682,-0.92910728,2.74605990,-0.01487385,0.05528684,0.07737010,9.56733217,-0.13812886,0.36018408,-0.56746252,4
117.37809623,31.96339811,41.62591543,25.71871999,74.71781172,41.62591543,108.93877391,0.36830346,-0.02906968,2.89772886,-0.92954229,2.74445771,-0.01554229,0.06481596,0.08643523,9.61148719,0.02448213,0.40499747,-0.55085334,4
117.37809723,31.96339782,41.62453154,25.68625189,74.81238918,41.62453154,108.95536409,0.38142881,-0.01387932,2.89737062,-0.93022918,2.74375494,-0.01623279,0.04533825,0.13023822,9.78270046,0.23584629,0.42468469,-0.50338061,4
117.37809823,31.96339754,41.62314767,25.65375670,74.90695737,41.62314767,108.97156836,0.39250489,-0.00176276,2.89585128,-0.93043797,2.74202769,-0.01678668,0.01609404,0.16119992,9.91702824,0.34653201,0.37573007,-0.44887398,4
117.37809923,31.96339723,41.62176386,25.62123509,75.00151650,41.62176386,108.98737907,0.39847228,0.00269096,2.89143737,-0.92945482,2.73774640,-0.01700000,-0.03749803,0.16014884,9.95940244,0.20622959,0.15565255,-0.37683151,4
117.37810023,31.96339694,41.62038364,25.58868770,75.09606679,41.62038364,109.00279460,0.40121580,0.00228529,2.88521208,-0.92772598,2.73186706,-0.01699643,-0.10595212,0.13911822,9.94405682,-0.09035235,-0.17058197,-0.29400724,4
117.37810122,31.96339664,41.61933964,25.55611519,75.19060845,41.61933964,109.01781909,0.40168079,-0.00378427,2.87914744,-0.92607932,2.72614884,-0.01665476,-0.13756036,0.12490587,9.91694113,-0.29883535,-0.39937512,-0.23034316,4
117.37810222,31.96339635,41.61900000,25.52351821,75.28514170,41.61900000,109.03245686,0.39737292,-0.02171802,2.87341930,-0.92460482,2.72076809,-0.01560482,-0.09198696,0.12497589,9.86517064,-0.32277548,-0.42405561,-0.20681447,4
117.37810322,31.96339607,41.61900000,25.49089738,75.37966675,41.61900000,109.04670819,0.39077750,-0.04527148,2.86787610,-0.92322091,2.71557060,-0.01421983,-0.00953151,0.13190838,9.80163762,-0.25767216,-0.34975690,-0.20270905,4
117.37810423,31.96339577,41.61900000,25.45825336,75.47418381,41.61900000,109.06056934,0.38551884,-0.05917544,2.86448883,-0.92255532,2.71232384,-0.01345068,0.04089292,0.13647905,9.75013816,-0.18759082,-0.22303541,-0.20516548,4
117.37810523,31.96339548,41.61900000,25.42558679,75.56869310,41.61900000,109.07403566,0.38265099,-0.05582099,2.86495751,-0.92317450,2.71256600,-0.01378301,0.03402896,0.13682550,9.72016097,-0.10860589,-0.00255366,-0.21935803,4
117.37810623,31.96339518,41.61900124,25.39289833,75.66319484,41.61900000,109.08710491,0.38062175,-0.04682960,2.86668785,-0.92421320,2.71394929,-0.01447342,0.00839856,0.13582632,9.69750956,-0.02709789,0.24681805,-0.23726053,4
117.37810723,31.96339488,41.61912050,25.36018864,75.75768925,41.61900000,109.09977707,0.38367784,-0.04095068,2.86793767,-0.92501081,2.71485374,-0.01480637,-0.01215017,0.13884514,9.69928304,0.01600789,0.31356199,-0.24126624,4
117.37810823,31.96339459,41.61942665,25.32745837,75.85217656,41.61900000,109.11205116,0.39478589,-0.04000000,2.86842665,-0.92542665,2.71500000,-0.01457335,-0.02465266,0.14822601,9.73973039,-0.00169151,0.09113716,-0.22326804,4
117.37810923,31.96339428,41.61976750,25.29470818,75.94665698,41.61900000,109.12392270,0.40740804,-0.04004530,2.86875089,-0.92576297,2.71498490,-0.01423099,-0.03541048,0.15874869,9.78768091,-0.03068331,-0.18550570,-0.20107632,4
117.37811022,31.96339398,41.61997919,25.26193875,76.04113074,41.61900000,109.13538391,0.41626720,-0.04444604,2.86734897,-0.92553459,2.71351799,-0.01387262,-0.02766196,0.16105686,9.83976045,-0.01764294,-0.31183740,-0.18379625,4
117.37811122,31.96339368,41.62000000,25.22915075,76.13559808,41.61900000,109.14642778,0.41956730,-0.05527101,2.86340220,-0.92447362,2.70991114,-0.01349107,0.00736492,0.15126836,9.89775563,0.05719110,-0.21625893,-0.17377575,4
117.37811222,31.96339338,41.62000000,25.19634489,76.23005924,41.61900000,109.15705237,0.42239430,-0.06564893,2.85975436,-0.92350786,2.70659855,-0.01315582,0.03867493,0.14426689,9.93804609,0.10759322,-0.11605952,-0.16472911,4
117.37811321,31.96339309,41.62000000,25.16352186,76.32451444,41.61900000,109.16726066,0.42571102,-0.07180735,2.85822592,-0.92322592,2.70522592,-0.01300000,0.04538183,0.15236244,9.91087248,0.04339292,-0.08785100,-0.15635204,4
117.37811421,31.96339280,41.62000013,25.13068233,76.41896393,41.61900013,109.17705543,0.42944868,-0.07430025,2.85853763,-0.92353776,2.70553750,-0.01300000,0.03072009,0.17354186,9.82518471,-0.12017058,-0.12211523,-0.14856267,4
117.37811522,31.96339249,41.62001422,25.09782699,76.51340794,41.61901422,109.18643435,0.43272751,-0.07660821,2.85883669,-0.92385091,2.70582247,-0.01300000,0.01542478,0.19204677,9.74646480,-0.26803515,-0.15242000,-0.14145242,4
117.37811622,31.96339220,41.62017806,25.06495652,76.60784670,41.61917806,109.19539009,0.43108260,-0.07693162,2.85900000,-0.92417806,2.70582194,-0.01300000,-0.00666960,0.18185173,9.74251590,-0.24743671,-0.14023629,-0.14162966,4
117.37811721,31.96339190,41.62052182,25.03207165,76.70228047,41.61952182,109.20391487,0.42353968,-0.07487223,2.85900000,-0.92452208,2.70547818,-0.01299974,-0.03691769,0.13719083,9.82844308,-0.02428150,-0.07704749,-0.15059030,4
117.37811821,31.96339160,41.62083824,24.99917308,76.79670949,41.61983824,109.21200526,0.41862458,-0.07330109,2.85900000,-0.92486579,2.70516176,-0.01297246,-0.06448981,0.09892085,9.90626578,0.18688597,-0.02531932,-0.16119072,4
117.37811921,31.96339130,41.62100000,24.96626152,76.89113400,41.62000000,109.21966191,0.42857578,-0.07449213,2.85900000,-0.92520767,2.70500000,-0.01279233,-0.07692323,0.09680610,9.93823918,0.33023523,-0.03842716,-0.18106792,4
117.37812021,31.96339101,41.62099965,24.93333769,76.98555426,41.61999965,109.22688416,0.45405118,-0.07858470,2.85899615,-0.92554663,2.70499615,-0.01245197,-0.07352080,0.13246185,9.92230927,0.40223059,-0.11937998,-0.21059040,4
117.37812121,31.96339071,41.62096364,24.90040232,77.07997052,41.61996364,109.23366507,0.47705284,-0.08396479,2.85860001,-0.92577889,2.70460001,-0.01207566,-0.06986570,0.16365582,9.91146500,0.43103075,-0.20379294,-0.23429044,4
117.37812221,31.96339041,41.62077038,24.86745613,77.17438303,41.61977038,109.23999091,0.48914808,-0.09502154,2.85647424,-0.92554077,2.70247424,-0.01154077,-0.06509654,0.17517808,9.92304308,0.26938465,-0.30346191,-0.23231961,4
117.37812320,31.96339011,41.62042794,24.83449989,77.26879206,41.61942794,109.24584603,0.49083508,-0.11146909,2.85271405,-0.92485846,2.69871354,-0.01085537,-0.05919009,0.16796928,9.95569832,-0.07304527,-0.41711602,-0.20591395,4
117.37812419,31.96338981,41.62013318,24.80153439,77.36319788,41.61913318,109.25121846,0.48971912,-0.12667479,2.85015873,-0.92453319,2.69610537,-0.01021300,-0.04545845,0.15998225,9.96148049,-0.36648767,-0.47632009,-0.17935891,4
117.37812519,31.96338952,41.62000000,24.76856043,77.45760079,41.61900000,109.25610134,0.47910391,-0.13767187,2.85168672,-0.92541796,2.69740312,-0.00971641,-0.00520703,0.14935781,9.87618905,-0.49391015,-0.35099138,-0.15229765,4
117.37812619,31.96338922,41.62000087,24.73557881,77.55200105,41.61900087,109.26049020,0.46071894,-0.14515391,2.85656991,-0.92729652,2.70191096,-0.00934191,0.05658351,0.13659286,9.71650443,-0.48384086,-0.07446017,-0.12489615,4
117.37812720,31.96338892,41.62008950,24.70259037,77.64639896,41.61908950,109.26437851,0.44834098,-0.14796139,2.86042002,-0.92881824,2.70549218,-0.00916166,0.08623748,0.12718468,9.62438100,-0.40727603,0.11236738,-0.10526712,4
117.37812820,31.96338862,41.62034030,24.66959592,77.74079481,41.61934030,109.26775573,0.44706273,-0.14213122,2.86236121,-0.92968061,2.70736121,-0.00934030,0.05650976,0.12397909,9.65709656,-0.20784153,0.13344127,-0.10000000,4
117.37812919,31.96338832,41.62065062,24.63659632,77.83518890,41.61965062,109.27060937,0.44986172,-0.13315976,2.86360494,-0.93030124,2.70860432,-0.00964939,0.00513699,0.12306415,9.73559920,0.03591085,0.09370846,-0.09992305,4
117.37813019,31.96338803,41.62096528,24.60359245,77.92958153,41.61996528,109.27292710,0.45333115,-0.12690336,2.86511857,-0.93093056,2.71005421,-0.00983655,-0.03262531,0.12377766,9.81444305,0.20341046,0.05215706,-0.09195434,4
117.37813119,31.96338774,41.62129115,24.57058519,78.02397303,41.62029115,109.27469710,0.45853194,-0.12765847,2.86732923,-0.93158230,2.71203808,-0.00970885,-0.03523957,0.12869655,9.89416827,0.17399271,0.00590911,-0.06360568,4
117.37813219,31.96338744,41.62162374,24.53757545,78.11836370,41.62062374,109.27590617,0.46482907,-0.13297024,2.86998511,-0.93224680,2.71436138,-0.00937695,-0.01490829,0.13639706,9.97408153,0.01600834,-0.04306244,-0.02222163,4
117.37813319,31.96338715,41.62189336,24.50456418,78.21275388,41.62089336,109.27653762,0.46764823,-0.13627633,2.87163817,-0.93271405,2.71574480,-0.00917932,0.00607385,0.14792549,10.01393619,-0.14706624,-0.05669055,-0.00831585,4
117.37813419,31.96338685,41.62200000,24.47155234,78.30714390,41.62100000,109.27657177,0.46146504,-0.13439096,2.87069547,-0.93267078,2.71469547,-0.00932922,0.02874070,0.16936210,9.95010308,-0.32331660,0.02116441,-0.06553482,4
117.37813518,31.96338655,41.62200107,24.43854093,78.40153413,41.62100107,109.27598888,0.44940636,-0.12910999,2.86808126,-0.93230115,2.71208019,-0.00970636,0.05238124,0.19729154,9.81885380,-0.50687684,0.15815626,-0.16896614,4
117.37813618,31.96338625,41.62211304,24.40553097,78.49592491,41.62111304,109.27477095,0.43884951,-0.12393849,2.86823893,-0.93272359,2.71212588,-0.01006775,0.06271972,0.22627428,9.73147088,-0.55485149,0.22086392,-0.23901188,4
117.37813719,31.96338596,41.62240377,24.37252354,78.59031662,41.62140377,109.27290078,0.43071322,-0.11894340,2.87286414,-0.93442264,2.71646037,-0.01040377,0.05161890,0.25695466,9.71478868,-0.38429848,0.16384543,-0.25524905,4
117.37813819,31.96338566,41.62273600,24.33951972,78.68470964,41.62173600,109.27035899,0.42315581,-0.11399812,2.87845866,-0.93639885,2.72172551,-0.01073314,0.03568173,0.28779168,9.71391281,-0.16619800,0.08053982,-0.25919699,4
117.37813919,31.96338536,41.62325930,24.30652064,78.77910437,41.62225930,109.26712149,0.41995413,-0.11016418,2.88173297,-0.93773165,2.72477769,-0.01095527,0.01156738,0.29562173,9.72509220,-0.04753460,0.02695035,-0.22684854,4
117.37814019,31.96338506,41.62409870,24.27352746,78.87350120,41.62309870,109.26316142,0.42395840,-0.10816884,2.88116884,-0.93800000,2.72416884,-0.01100000,-0.02607508,0.26538985,9.75621537,-0.09337610,0.02252203,-0.13445259,4
117.37814119,31.96338477,41.62501661,24.24054139,78.96790056,41.62401661,109.25845431,0.42972831,-0.10667410,2.87963943,-0.93799867,2.72263943,-0.01099800,-0.06695149,0.22567843,9.79240580,-0.18108802,0.02995750,-0.02690789,4
117.37814219,31.96338447,41.62580901,24.20756370,79.06230289,41.62480901,109.25298111,0.43007086,-0.10912284,2.87836647,-0.93785552,2.72136647,-0.01078329,-0.08905700,0.19830732,9.83278241,-0.31111813,-0.01897674,0.08176343,4
117.37814319,31.96338418,41.62630900,24.17459565,79.15670862,41.62530900,109.24672572,0.41776903,-0.12075897,2.87769100,-0.93738201,2.72069100,-0.01007300,-0.06743109,0.19968597,9.88291188,-0.53973940,-0.19923847,0.19305977,4
117.37814419,31.96338389,41.62664144,24.14163854,79.25111821,41.62564144,109.23967055,0.39818754,-0.13765434,2.87736310,-0.93671907,2.72036375,-0.00907958,-0.02073943,0.21749235,9.93831338,-0.82401081,-0.45387017,0.30567009,4
117.37814519,31.96338360,41.62704458,24.10869372,79.34553210,41.62604458,109.23179563,0.37792589,-0.15180097,2.87745334,-0.93612422,2.72052447,-0.00829303,0.01629882,0.22347416,9.95733851,-0.99401761,-0.58228755,0.39720865,4
117.37814618,31.96338330,41.62761643,24.07576256,79.43995079,41.62661643,109.22308179,0.35604159,-0.15939033,2.87854106,-0.93569179,2.72184927,-0.00800000,0.03030821,0.20124744,9.88958482,-0.89143733,-0.40961047,0.43847920,4
117.37814718,31.96338301,41.62828904,24.04284645,79.53437473,41.62728904,109.21351311,0.33324219,-0.16305925,2.88022684,-0.93535777,2.72387038,-0.00800065,0.03061343,0.16242906,9.77068423,-0.62735662,-0.05897739,0.45001967,4
117.37814818,31.96338271,41.62902895,24.00994682,79.62880443,41.62802895,109.20307619,0.31570553,-0.16378583,2.88254393,-0.93523944,2.72644959,-0.00807254,0.02756852,0.14072195,9.69294428,-0.40122539,0.20247615,0.47424472,4
117.37814918,31.96338241,41.62992313,23.97706511,79.72324036,41.62892313,109.19175766,0.31023084,-0.15776874,2.88630792,-0.93561542,2.73030792,-0.00830771,0.01684539,0.15823277,9.70954198,-0.26207236,0.25953554,0.52754198,4
117.37815017,31.96338211,41.63090232,23.94420279,79.81768304,41.62990232,109.17954250,0.31153293,-0.14796805,2.89087808,-0.93626588,2.73487925,-0.00863469,0.00187589,0.19767109,9.77908638,-0.17207896,0.20185033,0.59742808,4
117.37815117,31.96338182,41.63169186,23.91136136,79.91213296,41.63069186,109.16641595,0.31219651,-0.13909968,2.89462749,-0.93653282,2.73875838,-0.00896273,-0.00523630,0.22328962,9.83754404,-0.10975332,0.16499602,0.69395840,4
117.37815217,31.96338152,41.63200000,23.87854234,80.00659064,41.63100000,109.15236702,0.31123919,-0.13259796,2.89629347,-0.93582613,2.74088041,-0.00929347,0.00759716,0.21382692,9.86785837,-0.11766166,0.18102043,0.85812498,4
117.37815317,31.96338122,41.63200109,23.84574725,80.10105659,41.63100109,109.13738923,0.30924342,-0.12758838,2.89663628,-0.93449798,2.74188756,-0.00962701,0.03312231,0.18196515,9.88003610,-0.17044671,0.23107146,1.06531134,4
117.37815417,31.96338093,41.63212420,23.81297764,80.19553134,41.63112420,109.12147746,0.30713870,-0.12004906,2.89813608,-0.93336157,2.74398635,-0.01008038,0.05030462,0.15623021,9.87840622,-0.21464947,0.30141717,1.24216018,4
117.37815518,31.96338064,41.63256168,23.78023506,80.29001540,41.63156168,109.10462382,0.30475327,-0.10599201,2.90261684,-0.93271916,2.74889768,-0.01084252,0.04599201,0.14628084,9.84120173,-0.23674021,0.42405082,1.34084544,4
117.37815618,31.96338035,41.63320331,23.74752108,80.38450928,41.63220331,109.08681693,0.30219082,-0.08767941,2.90902784,-0.93239529,2.75563051,-0.01180639,0.02766601,0.14663151,9.78094757,-0.24429231,0.58048262,1.38869284,4
117.37815718,31.96338006,41.63380039,23.71483729,80.47901353,41.63280039,109.06804577,0.30026995,-0.06764786,2.91439093,-0.93174619,2.76140900,-0.01286560,0.00609194,0.15036566,9.73160027,-0.23448951,0.71172527,1.43848023,4
117.37815818,31.96337977,41.63424867,23.68218528,80.57352867,41.63324867,109.04830469,0.30049195,-0.04187468,2.91625402,-0.93001072,2.76400000,-0.01424330,-0.02633108,0.16540079,9.71868163,-0.16672055,0.75883714,1.49474796,4
117.37815917,31.96337948,41.63457531,23.64956668,80.66805524,41.63357531,109.02759487,0.30246528,-0.01145440,2.91527079,-0.92739126,2.76399869,-0.01587855,-0.06756597,0.18954571,9.73540840,-0.05190776,0.73735048,1.55627838,4
117.37816017,31.96337918,41.63482534,23.61698309,80.76259375,41.63382534,109.00592130,0.30553294,0.01661494,2.91413839,-0.92466467,2.76384576,-0.01735805,-0.10797691,0.20479757,9.75603541,0.05412507,0.69135418,1.61719913,4
117.37816118,31.96337888,41.63477429,23.58443609,80.85714473,41.63377429,108.98328856,0.31289960,0.03544820,2.91242008,-0.92151726,2.76309718,-0.01822571,-0.14515022,0.18511324,9.79198395,0.12566427,0.54907382,1.67572372,4
117.37816218,31.96337859,41.63445395,23.55192728,80.95170871,41.63345395,108.95969816,0.32410974,0.04600990,2.91017541,-0.91799266,2.76181375,-0.01854569,-0.17938418,0.13422039,9.84161249,0.16625234,0.32080072,1.73211017,4
117.37816318,31.96337830,41.63413292,23.51945824,81.04628619,41.63313292,108.93515031,0.33507762,0.05539766,2.90766021,-0.91437203,2.76028396,-0.01882205,-0.20841818,0.08842604,9.88819992,0.19527431,0.10870528,1.78914679,4
117.37816418,31.96337800,41.63380740,23.48703057,81.14087769,41.63280740,108.90964858,0.34442976,0.05695543,2.90334062,-0.91011102,2.75711102,-0.01880740,-0.20276957,0.07663750,9.91450378,0.14715314,0.00451135,1.85051973,4
117.37816518,31.96337771,41.63347686,23.45464585,81.23548372,41.63247686,108.88320256,0.35202113,0.05002979,2.89706806,-0.90515652,2.75215986,-0.01847774,-0.15950731,0.10173835,9.91876280,0.01535946,0.01753615,1.91658598,4
117.37816618,31.96337741,41.63312897,23.42230563,81.33010479,41.63212897,108.85582659,0.35867020,0.04465363,2.89139577,-0.90037086,2.74778900,-0.01823805,-0.11858539,0.12574406,9.91857835,-0.11243341,0.04775066,1.98117036,4
117.37816717,31.96337712,41.63264291,23.39001145,81.42474138,41.63164291,108.82753613,0.35782212,0.05160560,2.89049967,-0.89692872,2.74803531,-0.01871419,-0.09628581,0.14103531,9.88304131,-0.20838840,0.21472618,2.03396136,4
117.37816817,31.96337682,41.63200093,23.35776481,81.51939396,41.63100093,108.79834572,0.34851403,0.07247022,2.89499336,-0.89500270,2.75349197,-0.01999815,-0.09500308,0.14649192,9.80761219,-0.26840178,0.53602274,2.07344391,4
117.37816917,31.96337652,41.63136115,23.32556720,81.61406303,41.63036115,108.76827084,0.33936490,0.09338405,2.89944192,-0.89306034,2.75890367,-0.02128233,-0.09401813,0.15189211,9.73309699,-0.32552979,0.85357279,2.11308410,4
117.37817017,31.96337622,41.63085538,23.29342008,81.70874902,41.62985538,108.73733223,0.33992934,0.11729253,2.90113229,-0.89011997,2.76156614,-0.02257847,-0.11122186,0.15384306,9.71444042,-0.20639111,0.94213065,2.16233279,4
117.37817117,31.96337592,41.63052738,23.26132486,81.80345240,41.62952738,108.70555810,0.35337758,0.14517303,2.89916426,-0.88585589,2.76058213,-0.02389049,-0.15255060,0.15121901,9.76987342,0.14654321,0.72695879,2.22432589,4
117.37817217,31.96337563,41.63019686,23.22928292,81.89817358,41.62919686,108.67298149,0.36684744,0.17297560,2.89720544,-0.88159437,2.75960879,-0.02519800,-0.19373803,0.14873636,9.82561794,0.49741296,0.51242694,2.28640878,4
117.37817317,31.96337534,41.62957009,23.19729556,81.99291298,41.62857009,108.63963442,0.38285359,0.19153576,2.89633775,-0.87764114,2.75989817,-0.02596931,-0.21817917,0.16296008,9.91808932,0.60393469,0.37378071,2.35901489,4
117.37817418,31.96337505,41.62853395,23.16536404,82.08767097,41.62753395,108.60554337,0.40234849,0.19733046,2.89697415,-0.87411267,2.76192868,-0.02600024,-0.21948649,0.20020353,10.06114824,0.37292528,0.33994721,2.44610976,4
117.37817519,31.96337477,41.62745898,23.13348958,82.18244795,41.62645898,108.57073024,0.42016061,0.20273527,2.89728099,-0.87046449,2.76364383,-0.02603022,-0.21956494,0.23125954,10.18833886,0.12601521,0.30939842,2.52795899,4
117.37817618,31.96337448,41.62619011,23.10167337,82.27724426,41.62519011,108.53521831,0.42176726,0.20937340,2.89411253,-0.86559846,2.76192242,-0.02632396,-0.21724638,0.19898379,10.15621396,-0.13787898,0.26946376,2.55796419,4
117.37817719,31.96337418,41.62469853,23.06991656,82.37206027,41.62369853,108.49903741,0.40476325,0.21742793,2.88695294,-0.85933383,2.75625441,-0.02692059,-0.21217501,0.09397658,9.94112818,-0.42127910,0.21875005,2.52843091,4
117.37817820,31.96337389,41.62321014,23.03822023,82.46689628,41.62221014,108.46222443,0.38780294,0.22546750,2.87981199,-0.85307581,2.75060446,-0.02751559,-0.20714442,-0.01063417,9.72685433,-0.70211374,0.16810045,2.49884663,4
117.37817920,31.96337360,41.62210153,23.00658542,82.56175262,41.62110153,108.42482050,0.37603923,0.23172465,2.87488625,-0.84760767,2.74709963,-0.02791740,-0.20695620,-0.06813086,9.60907021,-0.67841975,0.12509862,2.46323821,4
117.37818019,31.96337331,41.62162038,22.97501307,82.65662957,41.62062038,108.38686887,0.37286113,0.23503696,2.87362038,-0.84344455,2.74713887,-0.02800000,-0.21476824,-0.04778818,9.65070136,-0.15160190,0.09473225,2.41767729,4
117.37818118,31.96337302,41.62130231,22.94350407,82.75152737,41.62030231,108.34841517,0.37196167,0.23759231,2.87328407,-0.83961443,2.74807814,-0.02800000,-0.22463590,-0.00721487,9.73353082,0.50247982,0.06764066,2.36958722,4
117.37818219,31.96337273,41.62106903,22.91205921,82.84644626,41.62006903,108.30950850,0.37780162,0.24074673,2.87087084,-0.83522962,2.74699442,-0.02800000,-0.23275951,0.04371616,9.80984063,0.80858661,0.04117259,2.32702878,4
117.37818319,31.96337243,41.62100000,22.88067922,82.94138645,41.62000000,108.27020161,0.39669784,0.24506170,2.86443406,-0.82977022,2.74199150,-0.02800000,-0.23750425,0.11471266,9.87351907,0.44055620,0.01591280,2.29518727,4
117.37818419,31.96337214,41.62100206,22.84936473,83.03634811,41.62000206,108.23054925,0.42089841,0.24977314,2.85636548,-0.82387688,2.73539678,-0.02799691,-0.24071504,0.19344399,9.93190062,-0.20861376,-0.00955567,2.26805858,4
117.37818519,31.96337185,41.62124569,22.81811627,83.13133138,41.62024569,108.19060606,0.42374500,0.24379274,2.85521359,-0.82004913,2.73526273,-0.02763147,-0.23054962,0.19044325,9.99153485,-0.60633959,-0.11897060,2.26549078,4
117.37818620,31.96337156,41.62183371,22.78693428,83.22633638,41.62083371,108.15042639,0.39614790,0.22256936,2.86392261,-0.81916629,2.74433945,-0.02674942,-0.20131419,0.07091959,10.05295476,-0.64558773,-0.34806504,2.29793868,4
117.37818720,31.96337129,41.62245181,22.75581913,83.32136318,41.62145181,108.11006566,0.36587793,0.20002731,2.87349000,-0.81854080,2.75421849,-0.02582341,-0.17037951,-0.05843847,10.11385183,-0.65250671,-0.58644512,2.33286056,4
117.37818821,31.96337101,41.62297523,22.72477107,83.41641186,41.62197523,108.06958194,0.34214333,0.18305296,2.88008117,-0.81714769,2.76137577,-0.02516871,-0.14064252,-0.11661209,10.09509740,-0.63630582,-0.65660328,2.29029590,4
117.37818921,31.96337073,41.62332912,22.69379028,83.51148242,41.62232912,108.02903589,0.33011397,0.17605065,2.88134178,-0.81437977,2.76365822,-0.02500000,-0.11305081,-0.04729191,9.93368496,-0.57869669,-0.42547062,2.10895091,4
117.37819021,31.96337044,41.62362483,22.66287681,83.60657486,41.62262483,107.98848942,0.32215666,0.17252094,2.88075875,-0.81113803,2.76425402,-0.02500034,-0.08628930,0.06609484,9.72305931,-0.50663116,-0.09032168,1.87939931,4
117.37819122,31.96337016,41.62400144,22.63203062,83.70168914,41.62300144,107.94800528,0.31517029,0.17022911,2.88099996,-0.80830795,2.76552435,-0.02504012,-0.06955931,0.15639702,9.54940572,-0.42515931,0.17605198,1.64697540,4
117.37819222,31.96336988,41.62467718,22.60125155,83.79682517,41.62367718,107.90764618,0.31177427,0.17251456,2.88428883,-0.80700000,2.76928883,-0.02522573,-0.08992230,0.16133985,9.51246354,-0.30890787,0.18811664,1.40393464,4
117.37819323,31.96336961,41.62560971,22.57053937,83.89198286,41.62460971,107.86747409,0.31146494,0.17872456,2.89019387,-0.80699956,2.77519396,-0.02553612,-0.14213735,0.09297848,9.59299743,-0.16284402,-0.01832747,1.15180656,4
117.37819424,31.96336934,41.62650980,22.53989372,83.98716206,41.62550980,107.82754982,0.31135761,0.18385241,2.89576976,-0.80694288,2.78078119,-0.02577948,-0.19170362,0.03004357,9.67395824,-0.02595572,-0.22319201,0.90410708,4
117.37819525,31.96336907,41.62700000,22.50931413,84.08236259,41.62600000,107.78793322,0.31380260,0.17530588,2.89718655,-0.80617570,2.78235142,-0.02517570,-0.20780045,0.03567673,9.76031447,-0.00500860,-0.40809967,0.71236452,4
117.37819626,31.96336878,41.62700000,22.47880007,84.17758426,41.62600000,107.74868391,0.31929998,0.15040597,2.89362943,-0.80455883,2.77911766,-0.02355883,-0.18387068,0.12331144,9.85312319,-0.12271721,-0.56914058,0.58754164,4
117.37819727,31.96336850,41.62700117,22.44835088,84.27282682,41.62600117,107.70986214,0.32465070,0.12555784,2.89012535,-0.80295737,2.77593457,-0.02194687,-0.15970326,0.21029895,9.94532703,-0.24134142,-0.72834350,0.46293798,4
117.37819828,31.96336824,41.62713295,22.41796580,84.36809001,41.62613295,107.67152970,0.31357776,0.10649906,2.89256128,-0.80308218,2.77842462,-0.02088558,-0.10891378,0.22483137,9.96981870,-0.46254396,-0.68175253,0.36284554,4
117.37819929,31.96336796,41.62743940,22.38764397,84.46337353,41.62643940,107.63375021,0.28054421,0.09518141,2.90293978,-0.80551525,2.78850038,-0.02056060,-0.02252708,0.14248173,9.90377021,-0.82090730,-0.35998789,0.29552783,4
117.37820030,31.96336770,41.62774850,22.35738444,84.55867705,41.62674850,107.59658866,0.24708199,0.08415230,2.91348339,-0.80799730,2.79873397,-0.02025800,0.06426034,0.05849752,9.83528741,-1.17951049,-0.03255658,0.22892919,4
117.37820130,31.96336743,41.62795676,22.32718612,84.65400021,41.62695676,107.56011013,0.21562837,0.08770133,2.92441984,-0.81070544,2.80935795,-0.02077920,0.11506861,0.01196038,9.70089284,-1.25435054,0.30251283,0.16810598,4
117.37820231,31.96336715,41.62800000,22.29704784,84.74934259,41.62700000,107.52437882,0.18746150,0.11510560,2.93599912,-0.81378355,2.82062077,-0.02264848,0.10700176,0.02670040,9.45864183,-0.86484900,0.65008189,0.11673338,4
117.37820331,31.96336687,41.62800000,22.26696830,84.84470378,41.62700000,107.48945778,0.16030357,0.14872330,2.94773508,-0.81695589,2.83203917,-0.02486657,0.08329412,0.05767266,9.18972601,-0.35408209,0.99866562,0.06777714,4
117.37820432,31.96336660,41.62800000,22.23694611,84.94008330,41.62700000,107.45540864,0.14950253,0.17814590,2.95817055,-0.81982946,2.84215152,-0.02659196,0.03604844,0.10796916,9.09806913,0.11052752,1.09670217,0.01211618,4
117.37820534,31.96336634,41.62800000,22.20697977,85.03548066,41.62700000,107.42229127,0.17071567,0.19935783,2.96606070,-0.82211821,2.84970766,-0.02735303,-0.05726681,0.19608789,9.35334837,0.48479883,0.70436083,-0.05666775,4
117.37820636,31.96336608,41.62799704,22.17706770,85.13089533,41.62699704,107.39016319,0.20583142,0.21685950,2.97280406,-0.82414344,2.85611312,-0.02768724,-0.17028833,0.30018478,9.75971739,0.81645856,0.09873064,-0.13129290,4
117.37820738,31.96336583,41.62766749,22.14720821,85.22632677,41.62666749,107.35907861,0.22806374,0.22171431,2.97600215,-0.82535002,2.85906891,-0.02751760,-0.23168298,0.33979125,10.07368921,0.81156645,-0.34657614,-0.21639791,4
117.37820838,31.96336556,41.62673842,22.11739952,85.32177438,41.62573842,107.32908899,0.22664585,0.20335305,2.97269213,-0.82505381,2.85569213,-0.02642303,-0.19830565,0.26101174,10.21804850,0.18885941,-0.49757807,-0.32074174,4
117.37820940,31.96336529,41.62558243,22.08763977,85.41723757,41.62458243,107.30024466,0.21620627,0.17617741,2.96691591,-0.82418922,2.84991544,-0.02497798,-0.12891542,0.13728758,10.29746176,-0.66777568,-0.53643287,-0.43244449,4
117.37821041,31.96336503,41.62455351,22.05792703,85.51271569,41.62355351,107.27259568,0.20284960,0.15087926,2.96220247,-0.82369377,2.84514811,-0.02368508,-0.06367645,0.02344657,10.32814102,-1.40204158,-0.55274580,-0.54888921,4
117.37821142,31.96336477,41.62419512,22.02825926,85.60820810,41.62319512,107.24619163,0.17409774,0.13548783,2.96309753,-0.82514633,2.84570729,-0.02319512,-0.02034155,-0.03824386,10.10163615,-1.49056327,-0.45009848,-0.69036516,4
117.37821242,31.96336451,41.62450318,21.99863436,85.70371410,41.62350318,107.22107881,0.13004460,0.12994268,2.96956688,-0.82853503,2.85156051,-0.02350318,0.00122292,-0.04810191,9.61951599,-0.93728033,-0.22921659,-0.85671972,4
117.37821344,31.96336425,41.62481478,21.96905016,85.79923300,41.62381478,107.19729786,0.08622180,0.12438657,2.97603791,-0.83192401,2.85741536,-0.02380777,0.02274819,-0.05770701,9.14015329,-0.38562795,-0.01019616,-1.02239526,4
117.37821446,31.96336399,41.62551724,21.93950439,85.89476408,41.62451724,107.17488391,0.06781805,0.11761216,2.98270217,-0.83534648,2.86345736,-0.02372757,0.03996212,-0.03935732,8.96511563,-0.01362393,0.00326632,-1.11318598,4
117.37821547,31.96336373,41.62675073,21.90999477,85.99030658,41.62575073,107.15386873,0.08394786,0.10918259,2.98962900,-0.83881450,2.86975364,-0.02312463,0.05131887,0.01697113,9.20352514,0.11431616,-0.26253677,-1.10224055,4
117.37821647,31.96336346,41.62801073,21.88051895,86.08585977,41.62701073,107.13428262,0.10194089,0.10065056,2.99658282,-0.84228912,2.87607563,-0.02249281,0.06240938,0.07506333,9.46422922,0.22851071,-0.54168740,-1.08586329,4
117.37821748,31.96336319,41.62905000,21.85107453,86.18142286,41.62805000,107.11615418,0.12103728,0.09058825,3.00498450,-0.84623172,2.88375108,-0.02176657,0.07888865,0.10252213,9.73678768,0.27061014,-0.63771109,-1.07266266,4
117.37821850,31.96336293,41.62973948,21.82165906,86.27699508,41.62873948,107.09950839,0.14188224,0.07810091,3.01568061,-0.85091594,2.89357137,-0.02089075,0.10390742,0.08143714,10.02813295,0.19846269,-0.44353915,-1.06449583,4
117.37821951,31.96336266,41.63034451,21.79227005,86.37257564,41.62934451,107.08436513,0.16303953,0.06510391,3.02690764,-0.85577231,2.90388739,-0.01998380,0.13087890,0.04908522,10.32263947,0.09886767,-0.18113129,-1.05754039,4
117.37822053,31.96336240,41.63068956,21.76290500,86.46816373,41.62968956,107.07073951,0.17299259,0.05894628,3.03720651,-0.86039089,2.91327051,-0.01953259,0.15174178,0.03254965,10.47468458,-0.06946400,0.08711947,-1.05383779,4
117.37822154,31.96336214,41.63042472,21.73356137,86.56375855,41.62942472,107.05864375,0.15666084,0.06883361,3.04532806,-0.86445166,2.92046514,-0.02015055,0.15827416,0.05311888,10.29251884,-0.39905170,0.36907937,-1.05776625,4
117.37822255,31.96336188,41.62980306,21.70423660,86.65935928,41.62880306,107.04808883,0.12495328,0.08813020,3.05217436,-0.86818582,2.92637790,-0.02139527,0.15634706,0.09534549,9.91485835,-0.82196465,0.65848484,-1.06614533,4
117.37822356,31.96336161,41.62925583,21.67492813,86.75496511,41.62825583,107.03908468,0.09675983,0.10802573,3.05913030,-0.87195777,2.93239086,-0.02265259,0.14737643,0.12701929,9.58286755,-1.10581035,0.87896375,-1.07194492,4
117.37822457,31.96336133,41.62900000,21.64563336,86.85057522,41.62800000,107.03163930,0.08232138,0.13026593,3.06651550,-0.87587766,2.93879609,-0.02395922,0.11083520,0.11738659,9.42963785,-0.84530782,0.82964581,-1.06764763,4
117.37822559,31.96336105,41.62900000,21.61634970,86.94618879,41.62800000,107.02575761,0.07999422,0.15452708,3.07426296,-0.87992279,2.94553227,-0.02530688,0.05013854,0.07162747,9.43375635,-0.10798579,0.54346921,-1.05452702,4
117.37822661,31.96336077,41.62900000,21.58707454,87.04180499,41.62800000,107.02144037,0.08183601,0.17435493,3.08028228,-0.88341938,2.95067744,-0.02638710,-0.00465614,0.04223638,9.48597041,0.50080921,0.25811724,-1.04627684,4
117.37822762,31.96336053,41.62900000,21.55780528,87.13742299,41.62800000,107.01868298,0.09823943,0.17869819,3.08026560,-0.88500000,2.95026560,-0.02653320,-0.03883702,0.07001608,9.70617694,0.66068820,-0.02436007,-1.05503822,4
117.37822863,31.96336030,41.62899957,21.52853933,87.23304199,41.62799957,107.01747533,0.12664237,0.17026489,3.07527289,-0.88500117,2.94527257,-0.02590868,-0.05598993,0.14490931,10.06474085,0.45022765,-0.30426688,-1.07782406,4
117.37822964,31.96336008,41.62894506,21.49927412,87.32866116,41.62794506,107.01780229,0.15331646,0.16157767,3.07073870,-0.88515109,2.94069749,-0.02528739,-0.07036328,0.21326293,10.39358259,0.24098970,-0.55888759,-1.09935629,4
117.37823066,31.96335984,41.62839174,21.47000711,87.42427972,41.62739174,107.01964393,0.16404634,0.15054886,3.07043302,-0.88667271,2.93997684,-0.02469587,-0.05910277,0.22130622,10.44831754,0.04302943,-0.58031248,-1.10932729,4
117.37823167,31.96335959,41.62727584,21.44073579,87.51989687,41.62627584,107.02297595,0.15679295,0.13687900,3.07489665,-0.88974145,2.94360353,-0.02413792,-0.01893015,0.16132626,10.19389093,-0.14221100,-0.33871880,-1.10625855,4
117.37823269,31.96335932,41.62616201,21.41145772,87.61551183,41.62516201,107.02776945,0.14950825,0.12324101,3.07936011,-0.89281029,2.94723045,-0.02358159,0.02115544,0.10151504,9.93976243,-0.32708431,-0.09776418,-1.10322404,4
117.37823370,31.96335905,41.62530159,21.38217048,87.71112385,41.62430159,107.03399105,0.13842487,0.11348528,3.08380009,-0.89588952,2.95088249,-0.02322269,0.05063303,0.06225570,9.72205233,-0.46720400,0.06534139,-1.10435195,4
117.37823472,31.96335879,41.62500000,21.35287172,87.80673220,41.62400000,107.04160362,0.11896472,0.11229076,3.08818824,-0.89899159,2.95458992,-0.02329915,0.05671765,0.06831763,9.58465381,-0.50863194,0.05677315,-1.11465882,4
117.37823572,31.96335852,41.62500000,21.32355915,87.90233615,41.62400000,107.05056783,0.09502489,0.11570219,3.09255002,-0.90210629,2.95832849,-0.02360959,0.05020990,0.09875619,9.49098871,-0.49648388,-0.04436179,-1.12984868,4
117.37823673,31.96335826,41.62500000,21.29423057,87.99793501,41.62400000,107.06084347,0.07622818,0.11731467,3.09710791,-0.90525406,2.96222327,-0.02379432,0.04775698,0.11887312,9.44598263,-0.44533130,-0.13502270,-1.13621543,4
117.37823774,31.96335799,41.62500000,21.26488383,88.09352811,41.62400000,107.07238951,0.07529520,0.11267896,3.10234686,-0.90851660,2.96666052,-0.02354244,0.05938745,0.10314022,9.56998153,-0.25870851,-0.18930258,-1.11193727,4
117.37823875,31.96335772,41.62499990,21.23551683,88.18911479,41.62399990,107.08516287,0.08902514,0.10291537,3.10814466,-0.91187328,2.97154286,-0.02293222,0.08257460,0.05798823,9.83269127,0.03903705,-0.21369279,-1.06250925,4
117.37823976,31.96335745,41.62498392,21.20612757,88.28469443,41.62398392,107.09911714,0.10239920,0.09339240,3.11390174,-0.91521501,2.97638953,-0.02233769,0.10497473,0.01466448,10.09016294,0.32263637,-0.23458290,-1.01432646,4
117.37824077,31.96335718,41.62456038,21.17671413,88.38026642,41.62356038,107.11420302,0.10662956,0.09005157,3.11861195,-0.91817232,2.98031886,-0.02214654,0.10715599,0.01830812,10.21304470,0.24282941,-0.16556683,-0.99813708,4
117.37824178,31.96335692,41.62363049,21.14727467,88.47583018,41.62263049,107.13036982,0.09950036,0.09439109,3.12202158,-0.92065204,2.98310856,-0.02245651,0.08421852,0.08030127,10.16871959,-0.28845195,0.01514323,-1.02169448,4
117.37824280,31.96335665,41.62270233,21.11780742,88.57138516,41.62170233,107.14756699,0.09228197,0.09874302,3.12543859,-0.92313501,2.98590483,-0.02276730,0.06129012,0.14196242,10.12387981,-0.81774289,0.19526173,-1.04523855,4
117.37824381,31.96335639,41.62199424,21.08831072,88.66693085,41.62099424,107.16574485,0.07389759,0.10464571,3.12977897,-0.92601985,2.98952401,-0.02318130,0.03951704,0.16197636,10.01460013,-1.09723118,0.30112034,-1.06709219,4
117.37824483,31.96335613,41.62162330,21.05878296,88.76246673,41.62062330,107.18485539,0.03840506,0.11292445,3.13553410,-0.92952046,2.99440399,-0.02375341,0.01951418,0.11817946,9.80658772,-0.99397700,0.29319939,-1.08635571,4
117.37824584,31.96335587,41.62132215,21.02922264,88.85799234,41.62032215,107.20485077,-0.00048647,0.12166850,3.14156528,-0.93314307,2.99952965,-0.02435621,-0.00015152,0.06151609,9.57901874,-0.81223294,0.26180143,-1.10507843,4
117.37824685,31.96335561,41.62115347,20.99962833,88.95350722,41.62015347,107.22568035,-0.02797056,0.12797445,3.14601637,-0.93631198,3.00320534,-0.02476092,-0.02283201,0.02347337,9.42479310,-0.57548095,0.19581304,-1.12220299,4
117.37824786,31.96335535,41.62128826,20.96999867,89.04901096,41.62028826,107.24728883,-0.02931659,0.12869392,3.14684696,-0.93844130,3.00355870,-0.02471174,-0.05242026,0.02809637,9.43862029,-0.21268970,0.05056753,-1.13566559,4
117.37824887,31.96335509,41.62159449,20.94033242,89.14450316,41.62059449,107.26961716,-0.01578432,0.12621230,3.14561636,-0.93997839,3.00202032,-0.02440319,-0.08587146,0.05697608,9.54817297,0.22110735,-0.13978551,-1.14685939,4
117.37824988,31.96335482,41.62173399,20.91062844,89.23998345,41.62073399,107.29260655,-0.00208638,0.12096359,3.14431916,-0.94144868,3.00038203,-0.02396130,-0.11045145,0.08231945,9.66735260,0.56041673,-0.32969034,-1.13424711,4
117.37825089,31.96335455,41.62115730,20.88088566,89.33545151,41.62015730,107.31620102,0.01232304,0.10382864,3.14273595,-0.94263202,2.99831461,-0.02294663,-0.09692415,0.09247191,9.82788491,0.49384254,-0.51766861,-1.01937352,4
117.37825190,31.96335428,41.61992810,20.85110313,89.43090704,41.61892810,107.34034593,0.02738068,0.07586446,3.14089216,-0.94355392,2.99585622,-0.02141013,-0.04867822,0.08878432,10.02609264,0.05747823,-0.70389169,-0.81133222,4
117.37825291,31.96335400,41.61869887,20.82127998,89.52634975,41.61769887,107.36498387,0.04228910,0.04795138,3.13906212,-0.94447584,2.99341368,-0.01987784,-0.00056135,0.08491400,10.22242430,-0.37700493,-0.88839226,-0.60339466,4
117.37825391,31.96335372,41.61746495,20.79141544,89.62177941,41.61646495,107.39005189,0.03841734,0.02647798,3.13896183,-0.94540129,2.99296575,-0.01887408,0.03130685,0.05805031,10.18263899,-0.57467717,-0.85610218,-0.40855726,4
117.37825492,31.96335345,41.61622493,20.76150885,89.71719579,41.61522493,107.41548409,0.01017335,0.01336175,3.14110638,-0.94633131,2.99510638,-0.01855624,0.04208811,0.00134670,9.83642979,-0.46502470,-0.54246919,-0.23072098,4
117.37825593,31.96335317,41.61498732,20.73155965,89.81259873,41.61398732,107.44121752,-0.01819372,0.00038262,3.14328293,-0.94726134,2.99728293,-0.01824704,0.05259607,-0.05533234,9.48796998,-0.35078955,-0.22641203,-0.05349970,4
117.37825693,31.96335289,41.61406130,20.70156740,89.90798808,41.61306130,107.46719634,-0.02705411,-0.00733611,3.14626548,-0.94818714,3.00026548,-0.01804123,0.05897672,-0.06606315,9.29621840,-0.10092076,-0.00919076,0.07069776,4
117.37825794,31.96335262,41.61363127,20.67153174,90.00336372,41.61263127,107.49337084,-0.00486410,-0.00668139,3.15053101,-0.94910620,3.00453101,-0.01800000,0.05878760,-0.00365429,9.35391236,0.36484736,0.05070516,0.11049276,4
117.37825895,31.96335235,41.61332494,20.64145237,90.09872555,41.61232494,107.51969126,0.02511953,-0.00392444,3.15511057,-0.95002147,3.00911057,-0.01799947,0.05692367,0.07695153,9.47442287,0.88324820,0.07123341,0.12908767,4
117.37825996,31.96335208,41.61295095,20.61132910,90.19407352,41.61195095,107.54610237,0.05711503,-0.00055850,3.15876364,-0.95067112,3.01276364,-0.01793200,0.05137331,0.14194730,9.63712489,1.21876382,0.09683085,0.14029520,4
117.37826097,31.96335181,41.61242157,20.58116184,90.28940756,41.61142157,107.57254370,0.09373032,0.00420587,3.16028921,-0.95071079,3.01428921,-0.01771079,0.03735788,0.17109803,9.89671024,1.13432409,0.13406856,0.13453924,4
117.37826197,31.96335153,41.61180268,20.55095057,90.38472770,41.61080268,107.59895437,0.13294643,0.00977399,3.16059896,-0.95040195,3.01459896,-0.01740287,0.01855242,0.17967970,10.21113301,0.80970384,0.17803521,0.11910133,4
117.37826298,31.96335126,41.61109841,20.52069542,90.48003394,41.61009841,107.62527819,0.16695771,0.01587618,3.16099046,-0.95012857,3.01499046,-0.01724761,0.00616771,0.17886896,10.45403995,0.47784016,0.23138528,0.10590453,4
117.37826399,31.96335099,41.61004527,20.49039656,90.57532634,41.60904527,107.65146543,0.17970370,0.02416050,3.16171605,-0.95000000,3.01571605,-0.01771605,0.02001646,0.13968312,10.40475307,0.11637858,0.32307408,0.10186420,4
117.37826500,31.96335072,41.60868329,20.46005426,90.67060498,41.60768329,107.67747003,0.17357132,0.03440226,3.16273738,-0.95000000,3.01673738,-0.01873896,0.05706812,0.06653017,10.09630812,-0.27046845,0.44873478,0.10595583,4
117.37826600,31.96335044,41.60743539,20.42966888,90.76586996,41.60643539,107.70324487,0.16750916,0.04721261,3.16365300,-0.95000000,3.01765300,-0.01985759,0.08309524,0.00629690,9.81918068,-0.54400908,0.56618806,0.11043036,4
117.37826702,31.96335017,41.60656813,20.39924083,90.86112141,41.60556813,107.72873995,0.16168128,0.06859359,3.16421594,-0.95000000,3.01821594,-0.02129561,0.07233711,-0.01082791,9.64654832,-0.43948422,0.65625648,0.11618246,4
117.37826803,31.96334991,41.60600400,20.36877062,90.95635947,41.60500400,107.75390473,0.15604000,0.09679999,3.16449800,-0.95000000,3.01849800,-0.02298800,0.03228402,0.00637800,9.55713404,-0.03387616,0.72451597,0.12295200,4
117.37826904,31.96334964,41.60543890,20.33825885,91.05158433,41.60443890,107.77869222,0.15048345,0.12493647,3.16476593,-0.94999498,3.01876676,-0.02467495,-0.00782166,0.02363750,9.46862808,0.37000414,0.79136023,0.12971736,4
117.37827004,31.96334936,41.60475082,20.30770619,91.14679620,41.60375082,107.80306044,0.15555947,0.14431497,3.16325825,-0.94936010,3.01736489,-0.02568106,-0.05455890,0.04763952,9.49410840,0.55724067,0.68055749,0.13596386,4
117.37827105,31.96334908,41.60387063,20.27711337,91.24199528,41.60287063,107.82696926,0.17724592,0.15001166,3.15897669,-0.94774126,3.01335314,-0.02562354,-0.11165617,0.08217483,9.69765967,0.40603380,0.29223193,0.14139976,4
117.37827205,31.96334879,41.60294423,20.24648118,91.33718183,41.60194423,107.85037603,0.20279520,0.15242040,3.15403544,-0.94588910,3.00872048,-0.02531300,-0.17096664,0.11904465,9.94267231,0.17500154,-0.16073479,0.14662680,4
117.37827305,31.96334851,41.60190593,20.21581051,91.43235612,41.60090593,107.87323362,0.22116128,0.14732232,3.14844252,-0.94389563,3.00344595,-0.02474530,-0.20100498,0.13680938,10.11700345,-0.05109471,-0.50660442,0.14962961,4
117.37827406,31.96334822,41.60062892,20.18510231,91.52751844,41.59962892,107.89549403,0.22420123,0.12620739,3.14145908,-0.94160061,2.99680185,-0.02362892,-0.16858771,0.11381109,10.14052802,-0.26666148,-0.62397169,0.14788677,4
117.37827507,31.96334794,41.59923281,20.15435762,91.62266911,41.59823281,107.91711605,0.21926577,0.09684593,3.13377714,-0.93915576,2.98946928,-0.02223149,-0.10391242,0.06980305,10.08548153,-0.47579784,-0.62249459,0.14358505,4
117.37827608,31.96334766,41.59842274,20.12357752,91.71780848,41.59742274,107.93807035,0.21015570,0.07432268,3.12889776,-0.93752614,2.98483480,-0.02125182,-0.05300645,0.04038510,9.97740380,-0.56144112,-0.56689771,0.12665494,4
117.37827708,31.96334737,41.59863365,20.09276316,91.81293688,41.59763365,107.95833794,0.19377252,0.06371295,3.12890097,-0.93731683,2.98490097,-0.02100000,-0.02608935,0.03638608,9.77693360,-0.43193323,-0.41701218,0.08772336,4
117.37827808,31.96334709,41.59919799,20.06191569,91.90805469,41.59819799,107.97790261,0.17489112,0.05722230,3.13059298,-0.93759892,2.98659298,-0.02099957,-0.00748078,0.04117104,9.54467708,-0.22796411,-0.23468983,0.04120813,4
117.37827908,31.96334680,41.59978509,20.03103629,92.00316227,41.59878509,107.99674437,0.15844381,0.05036490,3.13221969,-0.93788286,2.98821969,-0.02094189,0.00993235,0.04455592,9.33653561,-0.02092861,-0.07720883,-0.00148829,4
117.37828008,31.96334651,41.60054140,20.00012618,92.09826000,41.59954140,108.01483914,0.16009120,0.04078137,3.13336093,-0.93818046,2.98936093,-0.02045860,0.01845860,0.03753299,9.30766166,0.20889900,-0.10439385,-0.01579625,4
117.37828108,31.96334622,41.60147787,19.96918664,92.19334828,41.60047787,108.03216317,0.18100577,0.02829507,3.13398525,-0.93849262,2.98998525,-0.01952213,0.01752213,0.01942784,9.46967153,0.46299542,-0.32821097,0.00012379,4
117.37828208,31.96334594,41.60241235,19.93821896,92.28842753,41.60141235,108.04869785,0.20192816,0.01582684,3.13462024,-0.93880768,2.99061927,-0.01858668,0.01663048,0.00147828,9.63176466,0.71542265,-0.55039042,0.01597984,4
117.37828309,31.96334566,41.60309041,19.90722448,92.38349815,41.60209041,108.06442984,0.22386430,0.00568905,3.13663335,-0.93949780,2.99250581,-0.01778204,0.02152165,0.00360014,9.80463499,0.75253560,-0.56131808,0.02358311,4
117.37828409,31.96334538,41.60342323,19.87620453,92.47856057,41.60242323,108.07934781,0.24716537,-0.00131103,3.14050197,-0.94069291,2.99607874,-0.01715354,0.03419882,0.03274608,9.99201585,0.49974985,-0.28781678,0.02007480,4
117.37828510,31.96334510,41.60372899,19.84516048,92.57361523,41.60272899,108.09344008,0.27048633,-0.00803842,3.14450033,-0.94192307,2.99976992,-0.01654132,0.04741125,0.06380362,10.17921585,0.22641559,0.00570392,0.01585405,4
117.37828611,31.96334483,41.60375597,19.81409371,92.66866256,41.60275597,108.10669457,0.28352457,-0.00872597,3.14795016,-0.94297011,3.00300495,-0.01639343,0.05711737,0.08972474,10.20577850,0.00268045,0.23206520,0.02336469,4
117.37828712,31.96334455,41.60330006,19.78300563,92.76370301,41.60230006,108.11910131,0.27875108,0.00104866,3.15044978,-0.94369994,3.00544978,-0.01704990,0.06074984,0.10674860,9.95408472,-0.13513915,0.34209298,0.05119652,4
117.37828812,31.96334427,41.60268121,19.75189766,92.85873702,41.60168121,108.13065440,0.26792797,0.01439647,3.15262123,-0.94431973,3.00762123,-0.01798079,0.06222663,0.12058973,9.60787282,-0.24238843,0.41190105,0.08595575,4
117.37828913,31.96334399,41.60237836,19.72077121,92.95376506,41.60137836,108.14135205,0.26354857,0.02658880,3.15441117,-0.94474954,3.00941117,-0.01878418,0.05355751,0.11626366,9.36094311,-0.19592628,0.42968226,0.11675297,4
117.37829013,31.96334371,41.60283881,19.68962771,93.04878757,41.60183881,108.15119439,0.27473354,0.03599013,3.15527960,-0.94472040,3.01027960,-0.01927960,0.02038161,0.06805597,9.35382228,0.22181536,0.32179617,0.13798026,4
117.37829114,31.96334343,41.60376314,19.65846858,93.14380501,41.60276314,108.16018137,0.29539520,0.04367684,3.15558311,-0.94441088,3.01058356,-0.01958667,-0.02763845,-0.00669079,9.49259491,0.86434210,0.13749518,0.15338438,4
117.37829215,31.96334316,41.60465821,19.62729524,93.23881783,41.60365821,108.16831267,0.31794495,0.04893446,3.15524666,-0.94391798,3.01030854,-0.01974169,-0.06803913,-0.06220576,9.64408832,1.37701237,-0.04830559,0.16813849,4
117.37829316,31.96334288,41.60541394,19.59610912,93.33382650,41.60441394,108.17558887,0.34949236,0.04261656,3.15186056,-0.94255120,3.00727451,-0.01917211,-0.07213073,-0.02607411,9.85620253,1.27086950,-0.24125483,0.17979521,4
117.37829416,31.96334260,41.60603885,19.56491164,93.42883146,41.60503885,108.18201371,0.38948342,0.02543177,3.14561174,-0.94036411,3.00165057,-0.01792233,-0.04213577,0.09608451,10.12520089,0.58380305,-0.44089124,0.18854001,4
117.37829517,31.96334232,41.60666058,19.53370419,93.52383317,41.60566058,108.18759579,0.42877448,0.00832299,3.13942874,-0.93819896,2.99608618,-0.01668198,-0.01233605,0.21579769,10.38870289,-0.09769689,-0.63575535,0.19649084,4
117.37829618,31.96334203,41.60714321,19.50248819,93.61883208,41.60614321,108.19234794,0.43725142,-0.00543964,3.13614321,-0.93700000,2.99314321,-0.01585679,0.00886929,0.22785995,10.41025025,-0.53415255,-0.62053919,0.16949033,4
117.37829718,31.96334175,41.60745323,19.47126498,93.71382864,41.60645323,108.19628437,0.40749037,-0.01504998,3.13645323,-0.93700000,2.99345323,-0.01554677,0.01940966,0.10633567,10.13155040,-0.66652722,-0.34462944,0.09911784,4
117.37829818,31.96334146,41.60776562,19.44003592,93.80882326,41.60676562,108.19941846,0.37777996,-0.02461628,3.13676799,-0.93700158,2.99376799,-0.01523913,0.02992895,-0.01467530,9.85356395,-0.79758933,-0.06946082,0.02889304,4
117.37829918,31.96334117,41.60840575,19.40880232,93.90381639,41.60740575,108.20176250,0.35505758,-0.02811243,3.13773728,-0.93722102,2.99473728,-0.01525731,0.03753987,-0.06493327,9.67394647,-0.74780613,0.10351768,-0.02096263,4
117.37830018,31.96334089,41.60954669,19.37756549,93.99880844,41.60854669,108.20332910,0.34301314,-0.02233318,3.13970671,-0.93777335,2.99670671,-0.01577335,0.04070671,-0.00707842,9.64464007,-0.42168584,0.12034632,-0.03969357,4
117.37830118,31.96334061,41.61079673,19.34632671,94.09379983,41.60979673,108.20413253,0.33340700,-0.01452402,3.14189524,-0.93839901,2.99889459,-0.01639772,0.04289782,0.07426146,9.64870114,-0.03484989,0.10290069,-0.05147663,4
117.37830218,31.96334032,41.61189939,19.31508723,94.18879096,41.61089939,108.20418797,0.33636521,-0.00813253,3.14396131,-0.93904128,3.00086973,-0.01685811,0.04532765,0.11451790,9.69584205,0.34320716,0.09519325,-0.04894757,4
117.37830319,31.96334004,41.61271581,19.28384828,94.28378224,41.61171581,108.20350990,0.36372761,-0.00449465,3.14578953,-0.93971581,3.00243163,-0.01700000,0.04822116,0.07497641,9.82665832,0.70421195,0.10640066,-0.01861961,4
117.37830420,31.96333976,41.61340262,19.25261107,94.37877406,41.61240262,108.20211113,0.40182141,-0.00208257,3.14750442,-0.94040140,3.00380340,-0.01700000,0.05126136,0.00022542,9.99423200,1.05407739,0.12603621,0.02410142,4
117.37830521,31.96333947,41.61379308,19.22137678,94.47376681,41.61279308,108.20000344,0.42004966,0.00046047,3.14817557,-0.94061757,3.00432290,-0.01700000,0.04582912,-0.02647446,10.08837081,0.90267328,0.14592212,0.06809124,4
117.37830621,31.96333919,41.61367728,19.19014658,94.56876086,41.61267728,108.19719965,0.40434173,0.00322718,3.14706369,-0.94003185,3.00338640,-0.01700000,0.02592348,0.02891112,10.05706133,-0.10504688,0.16623574,0.11424857,4
117.37830721,31.96333890,41.61339333,19.15892161,94.66375659,41.61239333,108.19371579,0.37734099,0.00607165,3.14536025,-0.93917997,3.00196693,-0.01700049,0.00121535,0.11147597,9.98403920,-1.39615880,0.18668609,0.16108551,4
117.37830822,31.96333862,41.61313126,19.12770299,94.75875435,41.61213126,108.18957166,0.34880219,0.00941600,3.14383610,-0.93839376,3.00070485,-0.01707285,-0.02211509,0.17767799,9.91010272,-2.49544857,0.20632677,0.20186588,4
117.37830922,31.96333834,41.61300000,19.09649179,94.85375451,41.61200000,108.18478990,0.31107417,0.01574685,3.14338313,-0.93800000,3.00038313,-0.01757469,-0.03721437,0.14611874,9.83070363,-2.44867873,0.22112998,0.20646070,4
117.37831023,31.96333806,41.61300000,19.06528905,94.94875740,41.61200000,108.17939411,0.26412578,0.02507435,3.14400496,-0.93800000,3.00100496,-0.01850743,-0.04405453,0.01646656,9.74582342,-1.25196106,0.23107930,0.17474722,4
117.37831123,31.96333779,41.61300273,19.03409577,95.04376335,41.61200273,108.17340687,0.21738506,0.03437394,3.14461046,-0.93799455,3.00161136,-0.01943657,-0.05094757,-0.11241693,9.66149146,-0.05954807,0.24023124,0.14302561,4
117.37831225,31.96333751,41.61340112,19.00291292,95.13877267,41.61240112,108.16684931,0.20080187,0.03962010,3.14284431,-0.93719777,2.99997801,-0.01984167,-0.06551585,-0.12968366,9.65676412,0.50773608,0.13362303,0.11012952,4
117.37831325,31.96333724,41.61431738,18.97174142,95.23378566,41.61331738,108.15974218,0.22369088,0.03956087,3.13797400,-0.93536525,2.99541312,-0.01956087,-0.09013001,-0.00085885,9.75622865,0.25680932,-0.12449980,0.07569625,4
117.37831425,31.96333696,41.61525488,18.94058217,95.32880261,41.61425488,108.15210744,0.24837976,0.03916354,3.13295990,-0.93348594,2.99071200,-0.01924361,-0.11505251,0.13441229,9.86050932,-0.03311602,-0.38951891,0.04126067,4
117.37831526,31.96333668,41.61566372,18.90943603,95.42382382,41.61466372,108.14396847,0.25932248,0.02646247,3.12869702,-0.93203295,2.98665601,-0.01840143,-0.11444909,0.18713983,9.93807950,-0.28662427,-0.59989602,0.01734024,4
117.37831626,31.96333640,41.61524629,18.87830380,95.51884953,41.61424629,108.13534822,0.24878042,-0.00546882,3.12560831,-0.93124629,2.98360831,-0.01673887,-0.07394959,0.11085468,9.97390206,-0.48321352,-0.72486936,0.00985460,4
117.37831727,31.96333612,41.61462444,18.84718628,95.61388001,41.61362444,108.12626716,0.23292743,-0.04209214,3.12282436,-0.93062854,2.98082385,-0.01487692,-0.02358922,0.00290511,9.99911779,-0.66494509,-0.82762602,0.00639239,4
117.37831827,31.96333583,41.61400093,18.81608421,95.70891550,41.61300093,108.11674309,0.21764428,-0.06901865,3.12217554,-0.93062132,2.98009800,-0.01354564,0.02552821,-0.06776122,9.98262082,-0.73069808,-0.76774556,-0.00335371,4
117.37831927,31.96333555,41.61337400,18.78499831,95.80395623,41.61237400,108.10679334,0.20354084,-0.07586997,3.12594707,-0.93187802,2.98363407,-0.01331301,0.07207249,-0.06124050,9.87976639,-0.55634176,-0.37115878,-0.02610932,4
117.37832029,31.96333527,41.61274634,18.75392928,95.89900243,41.61174634,108.09643667,0.19004764,-0.07269490,3.13192081,-0.93376428,2.98929348,-0.01362865,0.11724668,-0.01630497,9.73420918,-0.26306062,0.19243956,-0.05521863,4
117.37832130,31.96333499,41.61227204,18.72287777,95.99405431,41.61127204,108.08569379,0.18002748,-0.06469837,3.13812434,-0.93569395,2.99518385,-0.01414452,0.14891344,0.02660269,9.63278559,-0.06313952,0.66193627,-0.06564368,4
117.37832230,31.96333471,41.61225025,18.69184440,96.08911208,41.61125025,108.07458601,0.18025616,-0.04247389,3.14500591,-0.93775172,3.00175566,-0.01525123,0.14072020,0.06352611,9.66159902,-0.13872119,0.85374187,-0.02093202,4
117.37832331,31.96333443,41.61255752,18.66082978,96.18417591,41.61155752,108.06313370,0.18793184,-0.00991058,3.15237676,-0.93990137,3.00881943,-0.01678732,0.10353142,0.09606878,9.78504257,-0.41436728,0.84350870,0.06385307,4
117.37832431,31.96333416,41.61286501,18.62983444,96.27924600,41.61186501,108.05135597,0.19460801,0.02134579,3.15913679,-0.94184178,3.01530459,-0.01827583,0.06505380,0.12401501,9.89536231,-0.64382129,0.81845790,0.14485454,4
117.37832532,31.96333388,41.61317430,18.59885892,96.37432251,41.61217430,108.03927144,0.19255102,0.04118312,3.16055985,-0.94195421,3.01673414,-0.01934859,0.01531496,0.11180089,9.89101546,-0.46968128,0.66394102,0.19279757,4
117.37832632,31.96333360,41.61348553,18.56790371,96.46940560,41.61248553,108.02689911,0.18103534,0.04865275,3.15620256,-0.94008681,3.01268809,-0.01997106,-0.04662070,0.05608991,9.76247562,0.14158323,0.36920198,0.20493572,4
117.37832733,31.96333332,41.61379676,18.53696927,96.56449541,41.61279676,108.01425834,0.16966600,0.05611918,3.15185253,-0.93822182,3.00864931,-0.02059192,-0.10821785,0.00086875,9.63470337,0.75023095,0.07607066,0.21704077,4
117.37832834,31.96333304,41.61410823,18.50605604,96.65959209,41.61310823,108.00136861,0.18075015,0.06309465,3.14861623,-0.93672777,3.00572446,-0.02096503,-0.11786257,0.02081099,9.62473164,0.95724228,0.02968196,0.22406659,4
117.37832935,31.96333276,41.61442001,18.47516441,96.75469576,41.61342001,107.98824973,0.22247999,0.06939999,3.14690000,-0.93573999,3.00432000,-0.02100000,-0.05660002,0.14333996,9.77553995,0.61608010,0.32005991,0.22416000,4
117.37833036,31.96333249,41.61473056,18.44429475,96.84980653,41.61373056,107.97492205,0.26723439,0.07567880,3.14534221,-0.93480582,3.00307339,-0.02100310,0.01176302,0.27588506,9.94262311,0.21844208,0.64415732,0.22347696,4
117.37833137,31.96333222,41.61484939,18.41344738,96.94492452,41.61384939,107.96140714,0.28946726,0.08858885,3.14397498,-0.93406279,3.00192163,-0.02148628,0.04389648,0.31618729,10.05465538,-0.14472097,0.79563555,0.21357555,4
117.37833237,31.96333195,41.61464349,18.38262260,97.04004980,41.61364349,107.94772844,0.27355734,0.11272963,3.14293046,-0.93364349,3.00093046,-0.02278256,0.01467098,0.20026569,10.07345251,-0.44949612,0.65476334,0.18806175,4
117.37833337,31.96333167,41.61433159,18.35182067,97.13518246,41.61333159,107.93391131,0.24514770,0.14049796,3.14198514,-0.93332809,2.99998558,-0.02434292,-0.03469300,0.03330179,10.06131413,-0.73376890,0.41745772,0.15750344,4
117.37833438,31.96333139,41.61415733,18.32104179,97.23032257,41.61315733,107.91998285,0.22500028,0.15752946,3.13994028,-0.93260034,2.99800991,-0.02535260,-0.07557931,-0.07570324,10.00944507,-0.81579902,0.14492049,0.14160179,4
117.37833539,31.96333111,41.61429423,18.29028612,97.32547017,41.61329423,107.90597066,0.22353291,0.15028605,3.13540948,-0.93094033,2.99370372,-0.02511729,-0.09729834,-0.05366890,9.86774934,-0.44057938,-0.20727085,0.15883738,4
117.37833639,31.96333083,41.61460716,18.25955378,97.42062530,41.61360716,107.89190113,0.23259601,0.12936546,3.12948151,-0.92875634,2.98808789,-0.02418006,-0.10818145,0.04206441,9.67581524,0.19130751,-0.60381530,0.19465592,4
117.37833740,31.96333056,41.61504412,18.22884485,97.51578798,41.61404412,107.87779803,0.24340240,0.10734367,3.12399817,-0.92673397,2.98291716,-0.02311791,-0.11236526,0.12261055,9.53930205,0.69058725,-0.91993892,0.21800240,4
117.37833841,31.96333027,41.61593286,18.19815936,97.61095822,41.61493286,107.86368263,0.26055831,0.08131095,3.12013428,-0.92530035,2.97936750,-0.02160071,-0.09214840,0.14784098,9.60464669,0.70687624,-0.94314836,0.19592224,4
117.37833941,31.96333000,41.61719479,18.16749732,97.70613602,41.61619479,107.84957604,0.28295352,0.05196939,3.11761212,-0.92435433,2.97716081,-0.01970782,-0.05175599,0.12733077,9.83676147,0.32383582,-0.72416801,0.13629899,4
117.37834041,31.96332973,41.61838586,18.13685870,97.80132136,41.61738586,107.83550185,0.30344629,0.02396113,3.11551055,-0.92353118,2.97535702,-0.01792120,-0.01181757,0.10730931,10.04278448,-0.04554850,-0.51134263,0.08044140,4
117.37834141,31.96332944,41.61900000,18.10624342,97.89651421,41.61800000,107.82148725,0.30844555,0.00681135,3.11683436,-0.92370859,2.97683436,-0.01700000,0.02442332,0.09126840,10.03631668,-0.30371628,-0.34864416,0.05525153,4
117.37834242,31.96332915,41.61900000,18.07565136,97.99171454,41.61800000,107.80756143,0.29695244,0.00122011,3.12180435,-0.92495109,2.98180435,-0.01700000,0.05672826,0.07946468,9.80365895,-0.44349729,-0.23930434,0.06270652,4
117.37834342,31.96332888,41.61900078,18.04508235,98.08692229,41.61800078,107.79375248,0.28545988,-0.00433291,3.12676896,-0.92619283,2.98676818,-0.01700078,0.08894467,0.06773661,9.57195032,-0.58234290,-0.12988865,0.07019063,4
117.37834442,31.96332859,41.61912709,18.01453618,98.18213738,41.61812709,107.78008560,0.27405173,-0.00375525,3.13087269,-0.92731349,2.99074561,-0.01712709,0.10696693,0.06814211,9.49242278,-0.57118570,-0.00828267,0.08234577,4
117.37834543,31.96332830,41.61942339,17.98401259,98.27735973,41.61842339,107.76658408,0.26275789,0.00512515,3.13381053,-0.92827017,2.99338713,-0.01742339,0.10576608,0.08498011,9.61899413,-0.35687958,0.12983273,0.10082690,4
117.37834644,31.96332803,41.61973618,17.95351128,98.37258924,41.61873618,107.75327064,0.25148187,0.01485297,3.13662923,-0.92920853,2.99589305,-0.01773799,0.10253964,0.10337524,9.76610167,-0.12309308,0.26937535,0.11999818,4
117.37834745,31.96332774,41.61994980,17.92303193,98.46782580,41.61894980,107.74016891,0.24122805,0.02660184,3.13914339,-0.92984942,2.99819359,-0.01824737,0.08433408,0.10631802,9.88247765,-0.04303755,0.37116013,0.14791577,4
117.37834846,31.96332747,41.62000000,17.89257416,98.56306930,41.61900000,107.72730400,0.23265908,0.04168184,3.14115560,-0.93000000,3.00015560,-0.01907780,0.04143962,0.08379192,9.94820111,-0.21636484,0.41071156,0.19024919,4
117.37834947,31.96332720,41.61999918,17.86213757,98.65831958,41.61899918,107.71470192,0.22459756,0.05776665,3.14300503,-0.92999753,3.00200545,-0.02000560,-0.00899819,0.05356999,9.99820510,-0.46711948,0.43093827,0.23690795,4
117.37835049,31.96332693,41.61986348,17.83172169,98.75357652,41.61886348,107.70238883,0.21489684,0.07085822,3.14344309,-0.92959044,3.00251134,-0.02073348,-0.05302444,0.04404059,10.02143075,-0.65371319,0.41642005,0.26682775,4
117.37835149,31.96332666,41.61941653,17.80132602,98.84883993,41.61841653,107.69038944,0.20141329,0.07704214,3.14062398,-0.92824959,2.99991572,-0.02100000,-0.08225447,0.08226422,9.98285896,-0.69223984,0.32171954,0.25811830,4
117.37835250,31.96332639,41.61879052,17.77095002,98.94410966,41.61779052,107.67872655,0.18573669,0.07922352,3.13592189,-0.92636934,2.99552700,-0.02099951,-0.10292373,0.14794875,9.90864765,-0.64540827,0.18056365,0.22706405,4
117.37835350,31.96332611,41.61828731,17.74059311,99.03938550,41.61728731,107.66742221,0.16875611,0.07936028,3.13097576,-0.92448960,2.99089417,-0.02091726,-0.12133908,0.19288934,9.84422656,-0.62773704,0.01655216,0.19098975,4
117.37835451,31.96332584,41.61823138,17.71025469,99.13466726,41.61723138,107.65649950,0.14702616,0.07205031,3.12514084,-0.92261167,2.98537223,-0.02053722,-0.13154527,0.16227767,9.81546278,-0.71627162,-0.23070219,0.13663179,4
117.37835551,31.96332557,41.61854413,17.67993410,99.22995473,41.61754413,107.64598251,0.12138126,0.05859299,3.11857319,-0.92073517,2.97911732,-0.01991121,-0.13497977,0.06942907,9.81608567,-0.89227380,-0.54656579,0.06721170,4
117.37835652,31.96332530,41.61885705,17.64963063,99.32524769,41.61785705,107.63589384,0.09565214,0.04344080,3.11197410,-0.91884380,2.97283116,-0.01918882,-0.13742908,-0.01740162,9.81625645,-1.05620679,-0.86233441,-0.00089326,4
117.37835753,31.96332502,41.61917200,17.61934358,99.42054590,41.61817200,107.62625181,0.06903625,0.01044848,3.10504407,-0.91679602,2.96621606,-0.01745202,-0.12950817,-0.04088842,9.81166808,-1.09310093,-1.17710517,-0.05515565,4
117.37835854,31.96332475,41.61948915,17.58907217,99.51584911,41.61848915,107.61706975,0.04144331,-0.04220012,3.09774938,-0.91457590,2.95923854,-0.01459758,-0.11016140,0.00541697,9.80183612,-0.99002386,-1.49077660,-0.09416635,4
117.37835955,31.96332447,41.61980708,17.55881564,99.61115709,41.61880708,107.60835792,0.01386402,-0.09482308,3.09049215,-0.91236825,2.95229692,-0.01174482,-0.09060131,0.05151760,9.79196595,-0.88723307,-1.80242127,-0.13310256,4
117.37836056,31.96332420,41.62025270,17.52857320,99.70646956,41.61925270,107.60012655,-0.01141600,-0.14312776,3.08954128,-0.91226106,2.95139876,-0.00917481,-0.03512973,0.06314520,9.77566323,-0.83263967,-1.77284966,-0.15949508,4
117.37836157,31.96332392,41.62086477,17.49834403,99.80178628,41.61986477,107.59238766,-0.03369931,-0.18580433,3.09680962,-0.91489146,2.95837723,-0.00697331,0.06714605,0.02984337,9.75097684,-0.84086301,-1.29856339,-0.16953916,4
117.37836257,31.96332365,41.62148662,17.46812732,99.89710698,41.62048662,107.58515412,-0.05575391,-0.22804144,3.10459489,-0.91769304,2.96585069,-0.00479892,0.17213062,-0.00614263,9.72589959,-0.85228005,-0.79714613,-0.17840800,4
117.37836358,31.96332338,41.62200794,17.43792221,99.99243138,41.62100794,107.57843703,-0.07064933,-0.25514935,3.11319672,-0.92059845,2.97403927,-0.00333035,0.24171878,-0.02244246,9.72324958,-0.74083229,-0.39455822,-0.16058644,4
117.37836459,31.96332310,41.62236713,17.40772783,100.08775921,41.62136713,107.57224401,-0.07400000,-0.25786018,3.12311531,-0.92367130,2.98338104,-0.00300000,0.25422730,-0.00699669,9.75676539,-0.43125458,-0.15134069,-0.09972435,4
117.37836560,31.96332281,41.62267968,17.37754331,100.18309019,41.62167968,107.56657930,-0.07396748,-0.25347959,3.13341039,-0.92679059,2.99305268,-0.00300082,0.25010451,0.01761170,9.80078908,-0.06439585,0.04540117,-0.02640284,4
117.37836661,31.96332254,41.62306176,17.34736777,100.27842403,41.62206176,107.56144531,-0.06830620,-0.24727048,3.14272271,-0.92953649,3.00188748,-0.00314414,0.23474648,0.03339229,9.84678009,0.26389782,0.20386996,0.04131499,4
117.37836762,31.96332227,41.62359288,17.31720033,100.37376045,41.62259288,107.55684446,-0.05058136,-0.23714246,3.14992877,-0.93148219,3.00892877,-0.00359288,0.19530902,0.03025315,9.89698742,0.50953871,0.28031179,0.09702303,4
117.37836862,31.96332202,41.62420233,17.28704009,100.46909916,41.62320233,107.55277959,-0.02650488,-0.22494981,3.15602024,-0.93300478,3.01502024,-0.00420271,0.14319511,0.01716125,9.94934356,0.71130660,0.31351045,0.14636141,4
117.37836963,31.96332177,41.62477899,17.25688616,100.56443989,41.62377899,107.54925246,-0.00316628,-0.21277125,3.16124349,-0.93425965,3.02024349,-0.00484730,0.09285449,0.00678374,9.98881588,0.85511019,0.34200089,0.18821457,4
117.37837064,31.96332150,41.62521401,17.22673766,100.65978234,41.62421401,107.54626225,0.01698471,-0.20065351,3.16271592,-0.93435796,3.02171592,-0.00564204,0.05017452,0.00813248,9.97262929,0.74850444,0.35015159,0.19773121,4
117.37837165,31.96332123,41.62552334,17.19659368,100.75512623,41.62452334,107.54380542,0.03430687,-0.18859001,3.16085993,-0.93342997,3.01985994,-0.00657001,0.01429286,0.01988675,9.90705250,0.41969879,0.34024869,0.17855221,4
117.37837267,31.96332096,41.62583090,17.16645334,100.85047127,41.62483090,107.54187835,0.05156572,-0.17661952,3.15899522,-0.93250201,3.01799697,-0.00749094,-0.02147089,0.03157954,9.84169564,0.09398511,0.32895238,0.15915818,4
117.37837368,31.96332069,41.62600000,17.13631577,100.94581720,41.62500000,107.54047993,0.06383154,-0.17198208,3.15644265,-0.93157526,3.01558422,-0.00785843,-0.04793729,0.03842474,9.79368277,0.01210415,0.20777394,0.12280818,4
117.37837469,31.96332042,41.62600000,17.10618009,101.04116372,41.62500000,107.53961190,0.06999985,-0.17629990,3.15305008,-0.93065002,3.01250007,-0.00755001,-0.06304964,0.03934998,9.76685064,0.22799486,-0.04759392,0.06575136,4
117.37837571,31.96332016,41.62600059,17.07604542,101.13651055,41.62500059,107.53927627,0.07621033,-0.18063438,3.14965863,-0.92972535,3.00941645,-0.00724099,-0.07809893,0.04033802,9.74001560,0.44334927,-0.30247603,0.00878813,4
117.37837672,31.96331990,41.62610796,17.04591086,101.23185741,41.62510796,107.53947057,0.09002538,-0.18797495,3.14646796,-0.92890398,3.00642799,-0.00682403,-0.08177966,0.05264819,9.71265244,0.56202627,-0.46979881,-0.03130509,4
117.37837773,31.96331964,41.62637936,17.01577554,101.32720402,41.62537936,107.54018522,0.11552197,-0.19993321,3.14358574,-0.92824127,3.00358574,-0.00624127,-0.06799698,0.08235048,9.68447803,0.53219584,-0.50262064,-0.04548405,4
117.37837874,31.96331937,41.62669159,16.98563860,101.42255011,41.62569159,107.54140551,0.14387530,-0.21304802,3.14078502,-0.92761894,3.00078502,-0.00561598,-0.04985434,0.11624891,9.65641073,0.46591985,-0.50237324,-0.05324228,4
117.37837974,31.96331910,41.62708114,16.95549923,101.51789541,41.62608114,107.54311633,0.16838738,-0.22964322,3.13899770,-0.92723044,2.99899770,-0.00468065,-0.02108953,0.13394601,9.68462785,0.42505225,-0.51393565,-0.05423173,4
117.37838075,31.96331883,41.62762651,16.92535661,101.61323967,41.62662651,107.54530661,0.18515686,-0.25325349,3.13925303,-0.92731326,2.99925303,-0.00312045,0.02908542,0.11898741,9.82629266,0.43539822,-0.54930204,-0.04157797,4
117.37838175,31.96331855,41.62824636,16.89520996,101.70858264,41.62724636,107.54796970,0.19817335,-0.28022140,3.14049802,-0.92762457,3.00049777,-0.00126066,0.08955092,0.08831153,10.02241230,0.47005495,-0.59572320,-0.02234614,4
117.37838276,31.96331828,41.62872515,16.86505849,101.80392406,41.62772515,107.55110028,0.20818028,-0.30192637,3.14245223,-0.92812499,3.00240452,0.00022313,0.14199840,0.06582208,10.16243758,0.42855089,-0.56094302,-0.00437160,4
117.37838377,31.96331801,41.62875440,16.83490144,101.89926370,41.62775440,107.55469052,0.20859663,-0.30685980,3.14666655,-0.92922804,3.00642095,0.00050878,0.16889459,0.06942059,10.12370518,0.14434253,-0.26739559,0.00959627,4
117.37838477,31.96331772,41.62844244,16.80473803,101.99460130,41.62744244,107.55872853,0.20172823,-0.29905067,3.15259660,-0.93078866,3.01203884,-0.00011579,0.17637307,0.09281050,9.94926899,-0.32392629,0.22247233,0.02052512,4
117.37838578,31.96331744,41.62816798,16.77456755,102.08993663,41.62716798,107.56319979,0.19462251,-0.29016620,3.15839191,-0.93232952,3.01752224,-0.00079583,0.18133013,0.11213926,9.78502278,-0.74174166,0.67376177,0.03219158,4
117.37838679,31.96331717,41.62817986,16.74438928,102.18526948,41.62717986,107.56808862,0.18570466,-0.27307106,3.16315840,-0.93371947,3.02197854,-0.00189934,0.16703478,0.10045891,9.69858253,-0.77431826,0.83048408,0.04949002,4
117.37838780,31.96331691,41.62848828,16.71420254,102.28059962,41.62748828,107.57337874,0.17491008,-0.24747250,3.16685940,-0.93495314,3.02537111,-0.00344141,0.13280057,0.05666379,9.69272262,-0.40791960,0.68213580,0.07262123,4
117.37838882,31.96331664,41.62879736,16.68400669,102.37592685,41.62779736,107.57905292,0.16414909,-0.22190131,3.17054812,-0.93618228,3.02875272,-0.00498093,0.09859679,0.01313823,9.68724110,-0.04278929,0.53413209,0.09568795,4
117.37838983,31.96331638,41.62923200,16.65380108,102.47125096,41.62823200,107.58509167,0.15979988,-0.20155919,3.17189301,-0.93654733,3.03003756,-0.00603035,0.07020531,0.02109324,9.75402549,0.08011646,0.45193245,0.10643471,4
117.37839084,31.96331611,41.62983615,16.62358515,102.56657177,41.62883615,107.59147295,0.16410732,-0.18827691,3.17007345,-0.93574577,3.02849154,-0.00641808,0.04966113,0.09855318,9.91837752,-0.12400990,0.45857617,0.10054806,4
117.37839185,31.96331584,41.63045770,16.59335833,102.66188910,41.62945770,107.59817258,0.16937093,-0.17580323,3.16789426,-0.93481129,3.02662365,-0.00673102,0.03008304,0.18366946,10.09346671,-0.36544706,0.47541529,0.09276522,4
117.37839286,31.96331557,41.63067854,16.56312012,102.75720280,41.62967854,107.60516581,0.16745132,-0.16305437,3.16638302,-0.93405814,3.02532831,-0.00726331,0.02323179,0.20707029,10.17989289,-0.56566845,0.49255770,0.08736795,4
117.37839387,31.96331530,41.63022259,16.53287004,102.85251271,41.62922259,107.61242790,0.15339891,-0.14984071,3.16600000,-0.93361130,3.02500000,-0.00816610,0.03787679,0.12623079,10.11656298,-0.69627433,0.51021238,0.08600000,4
117.37839488,31.96331503,41.62953748,16.50260768,102.94781870,41.62853748,107.61993330,0.13521493,-0.13646108,3.16599574,-0.93326783,3.02499635,-0.00919469,0.05972830,0.01032136,10.00227537,-0.80295985,0.52799391,0.08598480,4
117.37839589,31.96331477,41.62896877,16.47233265,103.04312064,41.62796877,107.62765431,0.11458031,-0.12148256,3.16515820,-0.93280400,3.02427846,-0.01022724,0.06368901,-0.04306225,9.86528849,-0.85363121,0.53655880,0.08299358,4
117.37839690,31.96331451,41.62857806,16.44204461,103.13841844,41.62757806,107.63555963,0.09019818,-0.10405898,3.16304640,-0.93215611,3.02246834,-0.01126583,0.04029099,-0.00083088,9.69358978,-0.81864527,0.53102949,0.07545144,4
117.37839791,31.96331424,41.62823463,16.41174329,103.23371200,41.62723463,107.64361523,0.06495033,-0.08606687,3.16062181,-0.93146308,3.02038976,-0.01230383,0.01014504,0.06485185,9.51396994,-0.76201984,0.52150307,0.06680293,4
117.37839892,31.96331397,41.62853742,16.38142847,103.32900126,41.62753742,107.65178708,0.05174070,-0.07519904,3.15864705,-0.93084038,3.01862399,-0.01293083,-0.01673804,0.09309726,9.46517040,-0.61423905,0.41064148,0.06188508,4
117.37839992,31.96331370,41.62971723,16.35109997,103.42428616,41.62871723,107.66004324,0.05486891,-0.07400000,3.15728277,-0.93031311,3.01728277,-0.01300000,-0.03919284,0.07053415,9.59391537,-0.34274562,0.16225157,0.06203034,4
117.37840093,31.96331341,41.63100580,16.32075769,103.51956666,41.63000580,107.66835494,0.06002317,-0.07400000,3.15599420,-0.92979768,3.01599420,-0.01300000,-0.06109847,0.04167026,9.74467767,-0.05591069,-0.10319316,0.06280348,4
117.37840193,31.96331312,41.63229218,16.29040155,103.61484275,41.63129218,107.67669517,0.06514492,-0.07400909,3.15471062,-0.92928341,3.01471062,-0.01299930,-0.08277668,0.01290388,9.89514430,0.22915362,-0.36719006,0.06356440,4
117.37840293,31.96331284,41.63314032,16.26003153,103.71011441,41.63214032,107.68503681,0.06374391,-0.07584194,3.15442643,-0.92900055,3.01442643,-0.01285831,-0.05884643,0.00368998,9.98634109,0.15915347,-0.34085935,0.06187387,4
117.37840394,31.96331256,41.63345383,16.22964765,103.80538166,41.63245383,107.69335215,0.05438524,-0.07989973,3.15536147,-0.92900000,3.01536147,-0.01254617,0.02072545,0.01832979,10.00522952,-0.34402019,0.03966686,0.05719262,4
117.37840496,31.96331228,41.63376519,16.19924997,103.90064452,41.63276519,107.70161313,0.04496926,-0.08389124,3.15630760,-0.92900328,3.01630706,-0.01223809,0.10021494,0.03297893,10.02358157,-0.84683422,0.42044268,0.05251278,4
117.37840595,31.96331200,41.63385326,16.16883862,103.99590302,41.63285326,107.70979199,0.02704669,-0.07354801,3.15902561,-0.92967250,3.01891353,-0.01281922,0.14107689,0.04012981,9.96149839,-1.10611961,0.71248301,0.04929558,4
117.37840695,31.96331172,41.63361336,16.13841374,104.09115722,41.63261336,107.71786103,-0.00337041,-0.04214983,3.16434615,-0.93131984,3.02395951,-0.01470648,0.12520245,0.03626722,9.78127143,-1.00770865,0.87418814,0.04822671,4
117.37840797,31.96331144,41.63330570,16.10797554,104.18640718,41.63230570,107.72579125,-0.03638783,-0.00634480,3.17020424,-0.93316961,3.02950956,-0.01686694,0.09739884,0.03003362,9.57658674,-0.83414212,1.00808782,0.04765828,4
117.37840897,31.96331116,41.63323306,16.07752429,104.28165299,41.63223306,107.73355143,-0.06443095,0.02621692,3.17418724,-0.93439419,3.03334105,-0.01879516,0.06719899,0.01193835,9.44569384,-0.65623518,1.05380450,0.05721455,4
117.37840997,31.96331089,41.63362977,16.04706028,104.37689474,41.63262977,107.74110847,-0.08254011,0.05230158,3.17442556,-0.93437023,3.03374046,-0.02025954,0.03221365,-0.02984555,9.46216816,-0.46965983,0.92341359,0.08699056,4
117.37841097,31.96331060,41.63425010,16.01658388,104.47213255,41.63325010,107.74842888,-0.09588108,0.07527598,3.17287039,-0.93374807,3.03249591,-0.02150112,-0.00504184,-0.08284561,9.54921406,-0.27921019,0.70891786,0.12640206,4
117.37841198,31.96331032,41.63467847,15.98609553,104.56736656,41.63367847,107.75547973,-0.10591151,0.09580732,3.17088244,-0.93293358,3.03081866,-0.02255092,-0.03827329,-0.11145923,9.65127261,-0.14586677,0.52466947,0.15794734,4
117.37841298,31.96331004,41.63450555,15.95559568,104.66259692,41.63350555,107.76222892,-0.10557217,0.10868616,3.16753886,-0.93151665,3.02778608,-0.02300000,-0.05890007,-0.06368539,9.80035682,-0.19140123,0.43516654,0.16485270,4
117.37841400,31.96330977,41.63388303,15.92508487,104.75782380,41.63288303,107.76864420,-0.09749628,0.11584616,3.16318259,-0.92964978,3.02374095,-0.02300034,-0.07009328,0.04114163,9.98448437,-0.37069752,0.41651075,0.15333339,4
117.37841502,31.96330951,41.63324190,15.89456367,104.85304738,41.63224190,107.77469187,-0.09283429,0.12344996,3.15898992,-0.92787401,3.01984116,-0.02307417,-0.07899453,0.13454684,10.14428832,-0.55785546,0.40157691,0.14087250,4
117.37841602,31.96330923,41.63245364,15.86403274,104.94826787,41.63145364,107.78033701,-0.11513906,0.13455960,3.15608941,-0.92681788,3.01708941,-0.02372847,-0.06979139,0.13773180,10.11196030,-0.80711917,0.41604304,0.12097351,4
117.37841703,31.96330896,41.63151355,15.83349277,105.04348548,41.63051355,107.78554549,-0.16527771,0.14928783,3.15452257,-0.92650451,3.01552257,-0.02498194,-0.04190177,0.04779560,9.88132252,-1.12048572,0.46085446,0.09339726,4
117.37841803,31.96330868,41.63057712,15.80294451,105.13870048,41.62957712,107.79028717,-0.21531872,0.16400102,3.15296127,-0.92619176,3.01396127,-0.02623355,-0.01406531,-0.04188111,9.65109930,-1.43192515,0.50532005,0.06594415,4
117.37841903,31.96330840,41.63042846,15.77238876,105.23391309,41.62942846,107.79453829,-0.24446918,0.17549997,3.15258249,-0.92601121,3.01358249,-0.02708676,0.00239688,-0.07601498,9.50956647,-1.33070020,0.47572673,0.06485833,4
117.37842005,31.96330812,41.63128889,15.74182636,105.32912360,41.63028889,107.79828113,-0.24685927,0.18288155,3.15371853,-0.92600000,3.01471853,-0.02742963,0.00428889,-0.03899958,9.48164424,-0.70085993,0.35126535,0.09754850,4
117.37842106,31.96330784,41.63221616,15.71125816,105.42433227,41.63121616,107.80150140,-0.24747156,0.18997884,3.15495172,-0.92599955,3.01595172,-0.02773781,0.00521345,0.00267177,9.46174980,-0.03750390,0.22064647,0.13239090,4
117.37842206,31.96330757,41.63314604,15.68068503,105.51953938,41.63214604,107.80418576,-0.24680370,0.19453235,3.15549814,-0.92590049,3.01649814,-0.02784966,0.00554897,0.03233198,9.55184289,0.30222349,0.11707216,0.14889219,4
117.37842306,31.96330729,41.63408020,15.65010790,105.61474523,41.63308020,107.80632113,-0.24403928,0.19491980,3.15491980,-0.92563994,3.01591980,-0.02763994,0.00491980,0.04232078,9.82206930,0.11192410,0.05779043,0.13535512,4
117.37842408,31.96330701,41.63501476,15.61952767,105.70995009,41.63401476,107.80789575,-0.24063017,0.19399917,3.15398957,-0.92532935,3.01498957,-0.02732935,0.00400226,0.04601388,10.14890330,-0.24636210,0.01290623,0.11235969,4
117.37842508,31.96330673,41.63574045,15.58894529,105.80515428,41.63474045,107.80890064,-0.24189780,0.19637490,3.15422878,-0.92529421,3.01522878,-0.02729421,0.00706720,0.03885422,10.34389584,-0.53232789,0.04165195,0.10720983,4
117.37842609,31.96330646,41.63600000,15.55836172,105.90035810,41.63500000,107.80932995,-0.25360150,0.20610644,3.15707757,-0.92587377,3.01807757,-0.02787377,0.01901900,0.00747685,10.24468619,-0.65691175,0.23470162,0.14188207,4
117.37842709,31.96330619,41.63600030,15.52777791,105.99556185,41.63500030,107.80918027,-0.27110776,0.21993516,3.16137635,-0.92679471,3.02237649,-0.02879560,0.03587936,-0.03733827,9.98177779,-0.69140387,0.51895614,0.19868833,4
117.37842810,31.96330591,41.63606814,15.49719483,106.09076584,41.63506814,107.80844961,-0.28667392,0.23404884,3.16497049,-0.92751401,3.02600456,-0.02971842,0.04367293,-0.07139409,9.74631570,-0.67355169,0.73863742,0.24640294,4
117.37842911,31.96330564,41.63643036,15.46661344,106.18597037,41.63543036,107.80713694,-0.29378482,0.24940436,3.16549376,-0.92735447,3.02670894,-0.03064553,0.01195220,-0.05855927,9.63046882,-0.42757600,0.67689926,0.25449481,4
117.37843012,31.96330536,41.63705094,15.43603473,106.28117576,41.63605094,107.80524203,-0.29347366,0.26584894,3.16332166,-0.92642358,3.02484712,-0.03157635,-0.05444797,-0.00457046,9.61961387,0.01861025,0.36816543,0.22781035,4
117.37843112,31.96330509,41.63767152,15.40545964,106.37638230,41.63667152,107.80276568,-0.29290698,0.28202203,3.16113378,-0.92548742,3.02296688,-0.03249136,-0.12014422,0.04881201,9.61032120,0.46064374,0.06149946,0.20132367,4
117.37843213,31.96330481,41.63829183,15.37488916,106.47159031,41.63729183,107.79970953,-0.27870032,0.28370424,3.15810311,-0.92427042,3.02010311,-0.03256225,-0.14826650,0.06982875,9.68442064,0.68100963,-0.13478809,0.18539494,4
117.37843314,31.96330454,41.63891183,15.34432424,106.56680009,41.63791183,107.79607537,-0.24832048,0.26820433,3.15407313,-0.92272043,3.01607313,-0.03163226,-0.13183659,0.05246884,9.85739971,0.63853985,-0.20019774,0.18198495,4
117.37843415,31.96330426,41.63952991,15.31376585,106.66201195,41.63852991,107.79186458,-0.21800534,0.25272670,3.15004787,-0.92117185,3.01204835,-0.03070369,-0.11537196,0.03519154,10.03006711,0.59530271,-0.26520412,0.17860366,4
117.37843515,31.96330398,41.63970289,15.28321494,106.75722619,41.63870289,107.78707798,-0.20279102,0.24245005,3.14712663,-0.91995327,3.00923942,-0.03010731,-0.09079783,0.03719863,10.12998871,0.37288328,-0.23606128,0.18191981,4
117.37843616,31.96330370,41.63922054,15.25267246,106.85244311,41.63822054,107.78171703,-0.20980964,0.23983082,3.14583082,-0.91922054,3.00822054,-0.03000000,-0.05428406,0.06759813,10.12280670,-0.11334658,-0.06830243,0.19509665,4
117.37843716,31.96330342,41.63859442,15.22213939,106.94766301,41.63759442,107.77578598,-0.22173452,0.23890815,3.14489585,-0.91859547,3.00759828,-0.03000105,-0.01520456,0.10413797,10.09185696,-0.65662008,0.12969125,0.21043254,4
117.37843817,31.96330315,41.63796994,15.19161664,107.04288620,41.63696994,107.76929407,-0.24040094,0.24191796,3.14496676,-0.91822291,3.00789747,-0.03025296,0.01106169,0.11950947,9.99685388,-1.00086815,0.28543622,0.22472447,4
117.37843917,31.96330287,41.63734859,15.16110516,107.13811297,41.63634859,107.76225636,-0.27175889,0.25233102,3.14693135,-0.91832570,3.00993135,-0.03097712,0.01320596,0.09502983,9.78126522,-0.97043441,0.36164447,0.23705109,4
117.37844017,31.96330260,41.63672923,15.13060584,107.23334359,41.63572923,107.75469226,-0.30860754,0.26597262,3.14971833,-0.91863506,3.01271855,-0.03190691,0.00478723,0.05323801,9.51345170,-0.77646715,0.40312973,0.24848329,4
117.37844118,31.96330233,41.63626656,15.10011952,107.32857834,41.63526656,107.74662251,-0.33542444,0.28000488,3.15177400,-0.91878722,3.01482700,-0.03278567,-0.01547335,0.02557007,9.32730402,-0.52966150,0.43133172,0.25073507,4
117.37844219,31.96330205,41.63625823,15.06964704,107.42381748,41.63525823,107.73806684,-0.33314872,0.29517007,3.15170882,-0.91848353,3.01496705,-0.03351647,-0.07007565,0.03886196,9.37799098,-0.12962360,0.42101160,0.22636334,4
117.37844320,31.96330178,41.63657071,15.03918919,107.51906126,41.63557071,107.72904411,-0.31030156,0.31112318,3.15014167,-0.91785688,3.01371296,-0.03414191,-0.14893197,0.08110178,9.59618168,0.37838174,0.38328486,0.18316656,4
117.37844422,31.96330150,41.63673281,15.00874673,107.61430991,41.63573281,107.71957391,-0.28918816,0.32371603,3.14812402,-0.91710515,3.01200832,-0.03459187,-0.21847668,0.11719475,9.80963663,0.78143943,0.30599072,0.14168331,4
117.37844522,31.96330122,41.63601569,14.97832039,107.70956368,41.63501569,107.70967883,-0.27821255,0.31666054,3.14347219,-0.91562197,3.00766907,-0.03401569,-0.23357354,0.11734530,9.99539909,0.57083907,-0.00266364,0.11021973,4
117.37844623,31.96330095,41.63445499,14.94791086,107.80482278,41.63345499,107.69938454,-0.27696399,0.29075282,3.13629295,-0.91343698,3.00080195,-0.03245499,-0.19642873,0.08300976,10.15459114,-0.22855475,-0.53330382,0.08836984,4
117.37844723,31.96330067,41.63289369,14.91751877,107.90008740,41.63189369,107.68871758,-0.27579383,0.26483611,3.12911964,-0.91125361,2.99394024,-0.03089480,-0.15926299,0.04862109,10.31286481,-1.02609958,-1.06248507,0.06646658,4
117.37844823,31.96330039,41.63118434,14.88714474,107.99535774,41.63018434,107.67770377,-0.29423064,0.23668451,3.12343542,-0.90947505,2.98843029,-0.02946479,-0.11687678,0.00095982,10.24140978,-1.36095852,-1.22662568,0.03122306,4
117.37844924,31.96330011,41.62929267,14.85678930,108.09063397,41.62829267,107.66636780,-0.33681748,0.20578020,3.11958533,-0.90819511,2.98458533,-0.02819511,-0.06806052,-0.06304939,9.88699661,-1.12592448,-0.94114355,-0.02045171,4
117.37845025,31.96329983,41.62739729,14.82645298,108.18591626,41.62639729,107.65473386,-0.38008008,0.17481862,3.11580268,-0.90693438,2.98080223,-0.02693077,-0.01911133,-0.12738318,9.52469678,-0.87359881,-0.64250549,-0.07255566,4
117.37845125,31.96329956,41.62596880,14.79613626,108.28120475,41.62496880,107.64282592,-0.40883302,0.15053024,3.11501168,-0.90670897,2.97989646,-0.02578716,0.01404184,-0.14817583,9.34029333,-0.62231986,-0.46816518,-0.10701838,4
117.37845226,31.96329928,41.62521137,14.76583957,108.37649957,41.62421137,107.63066722,-0.41673182,0.13583296,3.11852045,-0.90797159,2.98312614,-0.02481705,0.02449205,-0.10638863,9.41157273,-0.37254545,-0.47247272,-0.11612614,4
117.37845327,31.96329900,41.62458735,14.73556331,108.47180087,41.62358735,107.61827936,-0.42044307,0.12303405,3.12288295,-0.90952948,2.98717713,-0.02388085,0.03039617,-0.05217915,9.53393064,-0.12335107,-0.51250004,-0.12007155,4
117.37845427,31.96329872,41.62387712,14.70530784,108.56710874,41.62287712,107.60568201,-0.41620400,0.10680015,3.12639485,-0.91074693,2.99046270,-0.02277258,0.03091824,-0.01116852,9.68601386,0.05366738,-0.58122316,-0.09605276,4
117.37845528,31.96329845,41.62300655,14.67507351,108.66242329,41.62200655,107.59289366,-0.39717701,0.08417701,3.12832459,-0.91133115,2.99232459,-0.02134426,0.02142949,0.00529182,9.89338726,0.09643604,-0.70332154,-0.02001952,4
117.37845628,31.96329817,41.62206655,14.64486060,108.75774461,41.62106655,107.57993261,-0.37184843,0.05882565,3.12957963,-0.91164497,2.99357963,-0.01977951,0.00769263,0.01119914,10.12408395,0.08152558,-0.84785554,0.07818782,4
117.37845729,31.96329790,41.62092009,14.61466940,108.85307280,41.61992009,107.56681844,-0.35445512,0.03544765,3.13155391,-0.91215446,2.99555391,-0.01837810,0.00399330,0.00636334,10.26292580,0.01530489,-0.88281506,0.15087927,4
117.37845830,31.96329763,41.61922706,14.58450015,108.94840792,41.61822706,107.55357288,-0.35806995,0.01729397,3.13543234,-0.91318196,2.99943234,-0.01740902,0.02686772,-0.02691434,10.15858694,-0.18675670,-0.62768223,0.15601876,4
117.37845931,31.96329736,41.61717485,14.55435304,109.04375003,41.61617485,107.54022023,-0.37550294,0.00260658,3.14056287,-0.91454995,3.00456287,-0.01672620,0.06718473,-0.07886135,9.89423959,-0.47768784,-0.18186799,0.11669939,4
117.37846033,31.96329709,41.61532628,14.52422822,109.13909918,41.61432628,107.52678671,-0.38834272,-0.00529082,3.14518433,-0.91574069,3.00918433,-0.01644313,0.09206830,-0.11442842,9.66834358,-0.61183055,0.16671603,0.08518241,4
117.37846134,31.96329682,41.61393743,14.49412582,109.23445541,41.61293743,107.51329878,-0.39081229,0.00214163,3.14865643,-0.91653129,3.01265643,-0.01706257,0.08210753,-0.11301423,9.52926001,-0.39198945,0.29578156,0.07128100,4
117.37846235,31.96329654,41.61280825,14.46404591,109.32981873,41.61180825,107.49978243,-0.38742475,0.01823240,3.15147937,-0.91709588,3.01547937,-0.01819175,0.05246662,-0.09071298,9.43920812,0.02778220,0.30086286,0.06732888,4
117.37846336,31.96329627,41.61167892,14.43398850,109.42518916,41.61067892,107.48626271,-0.38399372,0.03428235,3.15429390,-0.91765809,3.01829390,-0.01931766,0.02280304,-0.06840719,9.34978995,0.44685463,0.30526987,0.06340948,4
117.37846437,31.96329601,41.61050798,14.40395359,109.52056667,41.60950798,107.47276416,-0.36889230,0.03937979,3.15485088,-0.91758513,3.01885088,-0.01956679,-0.01293848,-0.04488591,9.43036718,0.67830077,0.12880923,0.06826596,4
117.37846538,31.96329574,41.60928470,14.37394112,109.61595126,41.60828470,107.45931157,-0.33911758,0.03070645,3.15256941,-0.91671353,3.01656941,-0.01871353,-0.05632187,-0.01983641,9.72468189,0.67384173,-0.27505861,0.08415651,4
117.37846639,31.96329548,41.60805754,14.34395099,109.71134290,41.60705754,107.44593032,-0.30848074,0.02118584,3.15011686,-0.91579404,3.01411686,-0.01779333,-0.10004342,0.00526188,10.03141488,0.65483161,-0.69179110,0.10066716,4
117.37846740,31.96329522,41.60663045,14.31398307,109.80674152,41.60563045,107.43264685,-0.28433745,0.00736353,3.14774730,-0.91496603,3.01174730,-0.01677148,-0.11020832,0.01852475,10.20552044,0.55218504,-0.87269481,0.10461884,4
117.37846841,31.96329496,41.60487069,14.28403717,109.90214708,41.60387069,107.41948857,-0.27099859,-0.01361631,3.14551581,-0.91429023,3.00951581,-0.01558046,-0.06453900,0.01209488,10.15895010,0.31037736,-0.66120800,0.08767393,4
117.37846942,31.96329469,41.60299912,14.25411305,109.99755951,41.60199912,107.40648325,-0.26133487,-0.03699996,3.14333673,-0.91366774,3.00733673,-0.01433355,0.00001461,-0.00103417,10.03755085,0.02190316,-0.31690931,0.06367621,4
117.37847043,31.96329442,41.60139993,14.22421045,110.09297870,41.60039993,107.39365822,-0.25477099,-0.05390554,3.14270026,-0.91351463,3.00670026,-0.01349093,0.05076139,-0.02000637,9.91762133,-0.12120065,-0.04270612,0.04896430,4
117.37847144,31.96329415,41.60042506,14.19432904,110.18840455,41.59942506,107.38104006,-0.25531208,-0.05596309,3.14559955,-0.91443736,3.00959955,-0.01357494,0.06986242,-0.05237135,9.80106046,0.06889018,0.07083556,0.05553578,4
117.37847245,31.96329389,41.59980890,14.16446845,110.28383696,41.59880890,107.36865453,-0.25991948,-0.04949594,3.15052776,-0.91597723,3.01452776,-0.01419087,0.07076931,-0.09239584,9.68651947,0.45014839,0.09201301,0.07434112,4
117.37847346,31.96329363,41.59922502,14.13462828,110.37927578,41.59822502,107.35652703,-0.26038120,-0.04407006,3.15490372,-0.91728940,3.01890372,-0.01470918,0.06671160,-0.12307024,9.59607965,0.77124543,0.08942309,0.09573877,4
117.37847447,31.96329336,41.59878687,14.10480807,110.47472088,41.59778687,107.34468204,-0.24212958,-0.04334441,3.15678687,-0.91757375,3.02078687,-0.01478687,0.04024380,-0.11153878,9.61443140,0.82077830,-0.02045188,0.12883803,4
117.37847548,31.96329309,41.59847691,14.07500734,110.57017210,41.59747691,107.33314195,-0.20741440,-0.04675400,3.15647690,-0.91695382,3.02047691,-0.01447691,-0.00593973,-0.06287554,9.72849588,0.63139351,-0.22471321,0.17223184,4
117.37847649,31.96329282,41.59816541,14.04522557,110.66562927,41.59716541,107.32192688,-0.17279342,-0.05019898,3.15616155,-0.91633314,3.02016232,-0.01416464,-0.05195658,-0.01435669,9.84249016,0.44168988,-0.42815358,0.21537273,4
117.37847750,31.96329255,41.59757225,14.01546219,110.76109222,41.59657225,107.31105543,-0.15542581,-0.06012709,3.15485936,-0.91557225,3.01900194,-0.01342968,-0.06744712,0.00772259,9.94363733,0.19357000,-0.48125496,0.21219490,4
117.37847851,31.96329228,41.59664513,13.98571662,110.85656075,41.59564513,107.30054621,-0.15851623,-0.07774249,3.15238702,-0.91464513,3.01683864,-0.01219351,-0.04674128,-0.00154868,10.02955112,-0.12381654,-0.35609279,0.15409493,4
117.37847952,31.96329202,41.59571799,13.95598824,110.95203467,41.59471799,107.29041879,-0.16163031,-0.09533078,3.14991952,-0.91371986,3.01467944,-0.01095957,-0.02604565,-0.01084033,10.11505855,-0.44079913,-0.23094503,0.09604065,4
117.37848052,31.96329175,41.59478667,13.92627640,111.04751378,41.59378667,107.28069316,-0.17166028,-0.10500098,3.14886509,-0.91333819,3.01371558,-0.01037740,-0.00832422,-0.02608973,10.08186710,-0.63990725,-0.10994389,0.05130927,4
117.37848154,31.96329148,41.59384912,13.89658041,111.14299786,41.59284912,107.27138824,-0.19200478,-0.10286196,3.14991814,-0.91376725,3.01453451,-0.01076725,0.00496146,-0.05022468,9.87164565,-0.66321512,0.00487302,0.02644786,4
117.37848255,31.96329121,41.59291033,13.86689957,111.23848668,41.59191033,107.26251977,-0.21481887,-0.09786423,3.15148161,-0.91439248,3.01578550,-0.01139248,0.01713642,-0.07645868,9.61874958,-0.64339086,0.11783183,0.00645962,4
117.37848357,31.96329095,41.59205533,13.83723312,111.33398000,41.59105533,107.25409883,-0.22672431,-0.09603632,3.15255496,-0.91477314,3.01670909,-0.01177314,0.01948707,-0.08481763,9.46709038,-0.49915123,0.12472920,-0.00004050,4
117.37848458,31.96329068,41.59136224,13.80758033,111.42947760,41.59036224,107.24613178,-0.21754837,-0.10033422,3.15268112,-0.91468112,3.01700000,-0.01168112,0.00285190,-0.05863242,9.51107473,-0.11447431,-0.07334089,0.01952568,4
117.37848559,31.96329041,41.59074360,13.77794042,111.52497923,41.58974360,107.23862058,-0.19868919,-0.10745900,3.15237005,-0.91437148,3.01699809,-0.01137100,-0.02248828,-0.01661121,9.64502077,0.38013364,-0.36547742,0.05103070,4
117.37848660,31.96329015,41.59012380,13.74831265,111.62048465,41.58912380,107.23156435,-0.18271445,-0.11775979,3.15152316,-0.91396395,3.01641228,-0.01081702,-0.04043085,0.01118260,9.78198925,0.68638055,-0.60492482,0.06853206,4
117.37848761,31.96328988,41.58950041,13.71869626,111.71599362,41.58850041,107.22496097,-0.17575020,-0.13798198,3.14900246,-0.91325061,3.01400246,-0.00950123,-0.03526454,-0.00546765,9.92839968,0.40421867,-0.67978050,0.04228829,4
117.37848862,31.96328961,41.58887424,13.68909049,111.81150591,41.58787424,107.21880868,-0.17544019,-0.16552344,3.14524772,-0.91231195,3.01024772,-0.00762343,-0.01303855,-0.05491182,10.08171518,-0.31206530,-0.63310658,-0.01622621,4
117.37848963,31.96328934,41.58820713,13.65949459,111.90702128,41.58720713,107.21310664,-0.17608148,-0.19168224,3.14197099,-0.91149795,3.00697099,-0.00585025,0.00966912,-0.10020909,10.21456439,-0.95857432,-0.57571160,-0.06829284,4
117.37849063,31.96328907,41.58725198,13.62990782,112.00253950,41.58625198,107.20785409,-0.18341527,-0.20811413,3.14205706,-0.91156102,3.00705706,-0.00481299,0.03576557,-0.11633275,10.20343205,-1.11421266,-0.44289301,-0.07499827,4
117.37849164,31.96328880,41.58601217,13.60032943,112.09806033,41.58501217,107.20304918,-0.19736313,-0.21493309,3.14546655,-0.91249088,3.01046655,-0.00450304,0.06521108,-0.10362470,10.05000547,-0.78473296,-0.23553467,-0.03687408,4
117.37849266,31.96328854,41.58477316,13.57075868,112.19358353,41.58377316,107.19868821,-0.21131072,-0.22174230,3.14887361,-0.91341993,3.01387320,-0.00419391,0.09460047,-0.09090755,9.89673889,-0.45552609,-0.02858135,0.00119528,4
117.37849367,31.96328827,41.58379241,13.54119482,112.28910888,41.58279241,107.19476587,-0.22516769,-0.22542922,3.15150501,-0.91408983,3.01637328,-0.00414571,0.10600843,-0.07527349,9.79474114,-0.21373609,0.04857806,0.02170105,4
117.37849468,31.96328800,41.58314049,13.51163714,112.38463614,41.58214049,107.19127543,-0.23890927,-0.22514049,3.15314879,-0.91442976,3.01771902,-0.00442976,0.09452049,-0.05592537,9.75802439,-0.08325464,-0.03953023,0.01984293,4
117.37849569,31.96328773,41.58251601,13.48208492,112.48016510,41.58151601,107.18820912,-0.25258381,-0.22452524,3.15470828,-0.91474154,3.01896706,-0.00474093,0.08110577,-0.03629017,9.72696256,0.03819906,-0.14144142,0.01612035,4
117.37849670,31.96328747,41.58179238,13.45253746,112.57569554,41.58079238,107.18555891,-0.24743855,-0.22683986,3.15596036,-0.91495144,3.02011051,-0.00474828,0.06934538,-0.02529416,9.74415284,0.27915144,-0.19691482,0.01977928,4
117.37849771,31.96328720,41.58091168,13.42299407,112.67122724,41.57991168,107.18331730,-0.21248628,-0.23379486,3.15672555,-0.91500000,3.02108832,-0.00427445,0.06020514,-0.02798100,9.83776533,0.70936707,-0.17883955,0.03512914,4
117.37849872,31.96328694,41.57998351,13.39345409,112.76675999,41.57898351,107.18147823,-0.16858073,-0.24214064,3.15734440,-0.91500020,3.02201608,-0.00365621,0.05185001,-0.03477794,9.95429271,1.19572532,-0.13861620,0.05397803,4
117.37849973,31.96328668,41.57898563,13.36391684,112.86229358,41.57798563,107.18003689,-0.13071452,-0.24851075,3.15803255,-0.91506891,3.02287655,-0.00317417,0.04231939,-0.03884365,10.04172164,1.40528119,-0.09443550,0.06620676,4
117.37850074,31.96328641,41.57783016,13.33438166,112.95782780,41.57683016,107.17898865,-0.10649953,-0.25041508,3.15887738,-0.91529246,3.02358492,-0.00300000,0.03013168,-0.03673569,10.06337691,0.98915718,-0.04130965,0.06347138,4
117.37850175,31.96328614,41.57658574,13.30484791,113.05336246,41.57558574,107.17832754,-0.09001598,-0.24979527,3.15980976,-0.91560318,3.02420637,-0.00300000,0.01643794,-0.03113428,10.04771250,0.21944388,0.01678744,0.05228050,4
117.37850276,31.96328588,41.57541765,13.27531495,113.14889736,41.57441765,107.17804440,-0.07627610,-0.25005127,3.16036127,-0.91576156,3.02452312,-0.00300000,0.00179428,-0.02534328,9.99508045,-0.40924879,0.04373179,0.04486052,4
117.37850377,31.96328561,41.57454865,13.24578214,113.24443230,41.57354865,107.17812601,-0.07328791,-0.25373926,3.15942025,-0.91532297,3.02364593,-0.00300000,-0.01657186,-0.01880938,9.79758155,-0.48531731,-0.05140357,0.05221779,4
117.37850478,31.96328535,41.57392710,13.21624891,113.33996709,41.57292710,107.17855487,-0.07919153,-0.26026641,3.15724462,-0.91439058,3.02178108,-0.00299994,-0.03801287,-0.01166164,9.48028545,-0.10428661,-0.24749633,0.07179627,4
117.37850580,31.96328509,41.57332712,13.18671468,113.43550156,41.57232712,107.17931031,-0.08450251,-0.26691859,3.15506113,-0.91346519,3.01990122,-0.00297814,-0.05787266,-0.00476557,9.17470696,0.27266864,-0.43520048,0.09064097,4
117.37850681,31.96328483,41.57315999,13.15717894,113.53103556,41.57215999,107.18037075,-0.07792090,-0.27607947,3.15272011,-0.91268003,3.01772011,-0.00252004,-0.04600212,-0.00291982,9.10427142,0.56783084,-0.45456753,0.09476055,4
117.37850783,31.96328457,41.57347453,13.12764118,113.62656891,41.57247453,107.18171545,-0.05810463,-0.28803213,3.15020376,-0.91205093,3.01520376,-0.00157641,0.00117945,-0.00669435,9.29551400,0.77196972,-0.28660119,0.08249334,4
117.37850884,31.96328430,41.57378668,13.09810096,113.72210150,41.57278668,107.18332562,-0.03826957,-0.29997589,3.14769016,-0.91142219,3.01269050,-0.00063346,0.04834834,-0.01037242,9.48677194,0.97552297,-0.11880693,0.07024394,4
117.37850985,31.96328404,41.57322228,13.06855784,113.81763317,41.57222228,107.18518375,-0.01155561,-0.30865997,3.14617909,-0.91091889,3.01130497,0.00005873,0.09086736,0.02125819,9.68359370,0.96465332,-0.01405162,0.06450959,4
117.37851086,31.96328377,41.57149334,13.03901143,113.91316381,41.57049334,107.18727177,0.02429751,-0.31301330,3.14600000,-0.91058223,3.01141777,0.00041777,0.12720864,0.09979941,9.88780745,0.66890456,0.00695104,0.06743108,4
117.37851187,31.96328350,41.56960730,13.00946136,114.00869331,41.56860730,107.18956974,0.06131519,-0.31676617,3.14600263,-0.91026876,3.01173413,0.00073097,0.16267322,0.18452175,10.09271936,0.33472433,0.01691046,0.07148609,4
117.37851287,31.96328323,41.56752316,12.97990729,114.10422156,41.56652316,107.19205553,0.07416700,-0.31368526,3.14699568,-0.91025242,3.01284283,0.00064801,0.18080572,0.22180372,10.18640883,-0.04778793,0.10867740,0.06415144,4
117.37851388,31.96328297,41.56511570,12.95034893,114.19974847,41.56411570,107.19470619,0.04757229,-0.29944937,3.14960538,-0.91072108,3.01524484,-0.00008161,0.17064668,0.18164768,10.09854743,-0.50919345,0.33398052,0.03822518,4
117.37851489,31.96328269,41.56260242,12.92078603,114.29527396,41.56160242,107.19750029,0.00799059,-0.28153878,3.15274415,-0.91134884,3.01806974,-0.00102437,0.15114245,0.11597182,9.95091691,-0.99593092,0.60294037,0.00619555,4
117.37851590,31.96328243,41.56038112,12.89121837,114.39079797,41.55938112,107.20041948,-0.02604723,-0.26436375,3.15442751,-0.91168550,3.01958475,-0.00196668,0.12372379,0.05156335,9.82996389,-1.22327540,0.73423125,-0.01644099,4
117.37851691,31.96328217,41.55878931,12.86164574,114.48632044,41.55778931,107.20344913,-0.04813354,-0.24877447,3.15297330,-0.91139466,3.01827596,-0.00290802,0.07924328,-0.01011281,9.76652222,-0.89142086,0.56873564,-0.01882788,4
117.37851793,31.96328190,41.55753514,12.83206798,114.58184130,41.55653514,107.20657767,-0.06380134,-0.23404655,3.14983623,-0.91076699,3.01545238,-0.00384813,0.02564025,-0.07026539,9.73399337,-0.26014048,0.24422162,-0.01036637,4
117.37851894,31.96328164,41.55637136,12.80248492,114.67736052,41.55537136,107.20979493,-0.07457188,-0.22384948,3.14628196,-0.90995482,3.01216604,-0.00451371,-0.01883776,-0.10692082,9.73560693,0.24605107,-0.05476481,-0.00419196,4
117.37851995,31.96328138,41.55550908,12.77289643,114.77287805,41.55450908,107.21309047,-0.06900890,-0.22876381,3.14133630,-0.90852725,3.00733630,-0.00426363,-0.03288172,-0.06520801,9.85109307,0.33504301,-0.26861069,-0.00564554,4
117.37852096,31.96328111,41.55487667,12.74330239,114.86839385,41.55387667,107.21645219,-0.05099523,-0.24520463,3.13533047,-0.90663071,3.00133047,-0.00331511,-0.02370720,0.03624501,10.05336487,0.10581247,-0.41747222,-0.01292125,4
117.37852196,31.96328085,41.55420002,12.71370270,114.96390790,41.55320002,107.21986605,-0.03589558,-0.26199618,3.12977043,-0.90489015,2.99577043,-0.00234466,-0.01202593,0.12443498,10.22831131,-0.13143740,-0.54710629,-0.02192703,4
117.37852297,31.96328058,41.55322739,12.68409728,115.05942016,41.55222739,107.22331658,-0.04029332,-0.28113439,3.12719315,-0.90419315,2.99319315,-0.00122739,0.01642770,0.12388297,10.22042613,-0.42234345,-0.54809093,-0.04250844,4
117.37852398,31.96328031,41.55196777,12.65448609,115.15493064,41.55096777,107.22678781,-0.06359637,-0.30254802,3.12750805,-0.90450805,2.99350805,0.00003223,0.06114439,0.03728375,10.03526126,-0.76527634,-0.42433278,-0.07431396,4
117.37852500,31.96328004,41.55070881,12.62486910,115.25043931,41.54970881,107.23026355,-0.08688341,-0.32395235,3.12782364,-0.90482297,2.99382364,0.00129085,0.10579768,-0.04917181,9.85014641,-1.10704392,-0.30085350,-0.10608129,4
117.37852602,31.96327976,41.54973083,12.59524632,115.34594618,41.54873083,107.23372759,-0.10340792,-0.34143308,3.12842448,-0.90513872,2.99442448,0.00212628,0.12369590,-0.07499936,9.68614403,-0.95700778,-0.29506711,-0.12172374,4
117.37852702,31.96327948,41.54908897,12.56561778,115.44145127,41.54808897,107.23716403,-0.11184338,-0.35422059,3.12936654,-0.90545551,2.99536654,0.00245551,0.10959080,-0.02830624,9.54739555,-0.21869690,-0.43005995,-0.11807831,4
117.37852803,31.96327922,41.54845560,12.53598355,115.53695459,41.54745560,107.24055694,-0.12004701,-0.36689739,3.13031856,-0.90577295,2.99631826,0.00277325,0.09473360,0.02016767,9.40960173,0.53303879,-0.56833854,-0.11393708,4
117.37852904,31.96327895,41.54793001,12.50634370,115.63245617,41.54693001,107.24389044,-0.11373064,-0.38148534,3.13196163,-0.90636448,2.99782983,0.00349627,0.09415066,0.06951372,9.41744095,0.84843521,-0.63393641,-0.09993580,4
117.37853006,31.96327867,41.54755429,12.47669835,115.72795605,41.54655429,107.24714829,-0.08722394,-0.39873079,3.13456562,-0.90733711,3.00011991,0.00478280,0.11341632,0.12007246,9.62778537,0.55709454,-0.59847052,-0.07222394,4
117.37853106,31.96327841,41.54720569,12.44704764,115.82345426,41.54620569,107.25031373,-0.05698761,-0.41645076,3.13735005,-0.90838099,3.00255685,0.00617252,0.13638488,0.17073685,9.87549857,0.15346657,-0.54384857,-0.04195790,4
117.37853206,31.96327814,41.54651161,12.41739174,115.91895086,41.54551161,107.25337012,-0.03816970,-0.42534053,3.14091144,-0.90959206,3.00592197,0.00683316,0.16439736,0.16778185,9.99129644,-0.00005438,-0.32854474,-0.00982372,4
117.37853308,31.96327786,41.54539323,12.38773084,116.01444591,41.54439323,107.25630209,-0.03337628,-0.42338474,3.14542711,-0.91100847,3.01042711,0.00659830,0.19860500,0.09896967,9.94507132,0.15361485,0.08411424,0.02460500,4
117.37853409,31.96327759,41.54425115,12.35806516,116.10993948,41.54325115,107.25909694,-0.02937058,-0.42079617,3.14999800,-0.91243657,3.01499786,0.00631186,0.23313241,0.02649935,9.88968562,0.32459877,0.50782158,0.05915179,4
117.37853510,31.96327732,41.54327905,12.32839494,116.20543164,41.54227905,107.26174515,-0.02205325,-0.40984006,3.15509593,-0.91389043,3.02003213,0.00563915,0.25316500,-0.01151685,9.84473467,0.45109022,0.86802735,0.08816014,4
117.37853611,31.96327705,41.54271867,12.29872044,116.30092247,41.54171867,107.26424014,-0.00671365,-0.37861402,3.16147055,-0.91540664,3.02618923,0.00403070,0.23808457,0.03393049,9.82506139,0.46980074,1.07440355,0.10375188,4
117.37853712,31.96327679,41.54240787,12.26904190,116.39641206,41.54140787,107.26657752,0.01348628,-0.33510530,3.16861627,-0.91695992,3.03302428,0.00185520,0.20171352,0.12991980,9.82071007,0.42317926,1.18742744,0.11121747,4
117.37853813,31.96327653,41.54209683,12.23935960,116.49190048,41.54109683,107.26875371,0.03255851,-0.29345786,3.17442866,-0.91815520,3.03859106,-0.00025662,0.16201771,0.20230924,9.81632283,0.37616388,1.24826261,0.12169243,4
117.37853914,31.96327627,41.54178473,12.20967381,116.58738781,41.54078473,107.27076506,0.04645805,-0.26034801,3.17412518,-0.91770840,3.03834044,-0.00207634,0.10707153,0.16644843,9.81177097,0.32734182,1.06971324,0.14597111,4
117.37854015,31.96327601,41.54147170,12.17998480,116.68287416,41.54047170,107.27260720,0.05584840,-0.23468100,3.16849067,-0.91583022,3.03301897,-0.00364140,0.03883475,0.03623675,9.80707843,0.27693970,0.68251151,0.18228048,4
117.37854116,31.96327573,41.54115864,12.15029287,116.77835959,41.54015864,107.27427486,0.06504135,-0.20952794,3.16281825,-0.91393787,3.02766426,-0.00517434,-0.02809006,-0.09061451,9.80386530,0.22380514,0.30017407,0.21783244,4
117.37854217,31.96327547,41.54084397,12.12059830,116.87384421,41.53984397,107.27576211,0.06797162,-0.20068088,3.15594324,-0.91159574,3.02125530,-0.00568794,-0.05339000,-0.11085071,9.84758900,0.08397787,0.07216293,0.22935455,4
117.37854318,31.96327521,41.54052753,12.09090141,116.96932811,41.53952753,107.27706324,0.06385778,-0.21017435,3.14771557,-0.90874770,3.01366052,-0.00505504,-0.03187147,-0.01116928,9.94410594,-0.15335886,0.01773370,0.21384856,4
117.37854420,31.96327493,41.54021107,12.06120251,117.06481138,41.53921107,107.27817328,0.05974714,-0.21965868,3.13949356,-0.90590163,3.00607092,-0.00442288,-0.01033829,0.08842720,10.04047258,-0.39037726,-0.03657930,0.19836356,4
117.37854521,31.96327467,41.53989424,12.03150191,117.16029413,41.53889424,107.27908829,0.05728855,-0.22443839,3.13419322,-0.90407181,3.00114884,-0.00417235,0.01874148,0.14429734,10.05945843,-0.46351062,-0.03105035,0.19369416,4
117.37854622,31.96327441,41.53957690,12.00179996,117.25577646,41.53857690,107.27980565,0.05700000,-0.22303826,3.13273068,-0.90357690,2.99973068,-0.00442310,0.05773423,0.14272998,9.97679944,-0.32136996,0.05308504,0.20323175,4
117.37854723,31.96327414,41.53925968,11.97209697,117.35125848,41.53825968,107.28032372,0.05698963,-0.22081074,3.13178082,-0.90326007,2.99878082,-0.00474071,0.09800534,0.13351619,9.88064635,-0.15083809,0.14765129,0.21460985,4
117.37854824,31.96327388,41.53904795,11.94239329,117.44674027,41.53804795,107.28064139,0.05143851,-0.21555802,3.13208824,-0.90325782,2.99908824,-0.00516193,0.11704068,0.11952042,9.79606586,-0.10521241,0.23075414,0.20002792,4
117.37854925,31.96327360,41.53900000,11.91268925,117.54222196,41.53800000,107.28075803,0.03728308,-0.20560738,3.13434816,-0.90374404,3.00134816,-0.00574404,0.10309869,0.09809869,9.72945659,-0.25355538,0.29605534,0.14513230,4
117.37855026,31.96327334,41.53900000,11.88298517,117.63770363,41.53800000,107.28067337,0.02062152,-0.19429102,3.13717621,-0.90437226,3.00417635,-0.00637269,0.07949794,0.07452388,9.66818451,-0.45840147,0.35594268,0.07847296,4
117.37855127,31.96327306,41.53900000,11.85328141,117.73318540,41.53800000,107.28038717,0.01097651,-0.18825864,3.13810965,-0.90444759,3.00518906,-0.00668580,0.05301328,0.06246502,9.64930743,-0.50895619,0.30333274,0.03260077,4
117.37855227,31.96327278,41.53900000,11.82357829,117.82866737,41.53800000,107.27989983,0.01543883,-0.19285010,3.13523383,-0.90341128,3.00255158,-0.00636451,0.02073030,0.07355989,9.71566880,-0.24929599,0.02453814,0.02852275,4
117.37855328,31.96327250,41.53899981,11.79387616,117.92414965,41.53799981,107.27921320,0.02682943,-0.20266338,3.13048779,-0.90182924,2.99812195,-0.00573141,-0.01437787,0.09602568,9.82389399,0.16252233,-0.36519113,0.04497108,4
117.37855429,31.96327224,41.53888843,11.76417533,118.01963233,41.53788843,107.27833139,0.03615494,-0.21341456,3.12663465,-0.90052629,2.99452939,-0.00504317,-0.03567424,0.11497296,9.92081138,0.41750034,-0.63639753,0.05568171,4
117.37855530,31.96327197,41.53846767,11.73447613,118.11511552,41.53746767,107.27726186,0.03973384,-0.22677564,3.12526616,-0.90000000,2.99326616,-0.00420152,-0.01853621,0.12412927,9.98626227,0.23603520,-0.57778765,0.05042589,4
117.37855631,31.96327170,41.53783728,11.70477887,118.21059930,41.53683728,107.27601518,0.03941566,-0.24190123,3.12558172,-0.90000015,2.99358167,-0.00325622,0.02463798,0.12664684,10.03034930,-0.24106786,-0.29572060,0.03435125,4
117.37855732,31.96327143,41.53720680,11.67508383,118.30608378,41.53620680,107.27460425,0.03729874,-0.25458957,3.12611071,-0.90009176,2.99408012,-0.00249374,0.06278660,0.12672576,10.04962507,-0.65112196,-0.03642677,0.01864070,4
117.37855832,31.96327116,41.53657600,11.64539127,118.40156902,41.53557600,107.27304370,0.02628005,-0.25521602,3.12769599,-0.90063599,2.99548400,-0.00263599,0.07606402,0.11473605,9.94611246,-0.72935646,0.11016390,0.00473203,4
117.37855933,31.96327088,41.53594491,11.61570143,118.49705511,41.53494491,107.27134902,0.00734779,-0.24511879,3.13022034,-0.90158263,2.99769281,-0.00358262,0.06722806,0.09201649,9.73343979,-0.51256474,0.15654014,-0.00757277,4
117.37856034,31.96327062,41.53532544,11.58601452,118.59254211,41.53432544,107.26953596,-0.01093707,-0.23534536,3.13269250,-0.90250608,2.99985521,-0.00450031,0.05810053,0.06951384,9.52780302,-0.29184636,0.19627347,-0.01870251,4
117.37856135,31.96327034,41.53500000,11.55633073,118.68803007,41.53400000,107.26761952,-0.01283261,-0.23376955,3.13384293,-0.90284293,3.00084293,-0.00468587,0.04159186,0.05250273,9.50028630,0.02827853,0.06783552,-0.00008428,4
117.37856236,31.96327008,41.53500000,11.52665021,118.78351905,41.53400000,107.26561301,0.00341106,-0.24126664,3.13353055,-0.90253055,3.00053055,-0.00406111,0.01691396,0.04156948,9.66990784,0.45842374,-0.24672964,0.05145819,4
117.37856337,31.96326982,41.53499982,11.49697310,118.87900908,41.53399982,107.26352798,0.01965338,-0.24877653,3.13321596,-0.90221744,3.00021614,-0.00343561,-0.00774397,0.03067145,9.83949896,0.88785082,-0.56112014,0.10297309,4
117.37856438,31.96326955,41.53487701,11.46729953,118.97450021,41.53387701,107.26137487,0.03499086,-0.26478239,3.13142845,-0.90141237,2.99855144,-0.00231671,-0.01915189,0.04314276,9.98891680,0.84082744,-0.75963668,0.13621381,4
117.37856539,31.96326929,41.53458851,11.43762961,119.06999248,41.53358851,107.25916514,0.04910562,-0.29226870,3.12765061,-0.89994255,2.99506210,-0.00053105,-0.01265525,0.08719264,10.11107477,0.14998440,-0.80157457,0.14476088,4
117.37856640,31.96326901,41.53427222,11.40796341,119.16548589,41.53327222,107.25691219,0.06299290,-0.32165906,3.12354515,-0.89836334,2.99127252,0.00136487,-0.00314877,0.13646745,10.22847210,-0.64778898,-0.81716996,0.14915264,4
117.37856741,31.96326874,41.53385909,11.37830099,119.26098049,41.53285909,107.25463066,0.06059963,-0.34283972,3.12258254,-0.89786500,2.99042915,0.00257020,0.02158776,0.15448408,10.19897666,-1.08997590,-0.68530713,0.12966352,4
117.37856842,31.96326847,41.53328723,11.34864240,119.35647626,41.53228723,107.25233434,0.03152090,-0.35056386,3.12677133,-0.89913832,2.99441495,0.00264361,0.07128781,0.12126546,9.92870930,-0.94932113,-0.31174551,0.07103121,4
117.37856943,31.96326820,41.53266147,11.31898764,119.45197323,41.53166147,107.25003333,-0.00664894,-0.35368733,3.13271819,-0.90101627,3.00004889,0.00233040,0.12947294,0.07058545,9.57640204,-0.60969346,0.14415517,-0.00093968,4
117.37857044,31.96326793,41.53224433,11.28933671,119.54747139,41.53124433,107.24773306,-0.03098226,-0.35188111,3.13824469,-0.90275416,3.00533207,0.00187859,0.16055227,0.04159282,9.33842715,-0.27181793,0.47316222,-0.05509564,4
117.37857145,31.96326767,41.53229457,11.25968962,119.64297073,41.53129457,107.24543606,-0.02431776,-0.33903096,3.14282947,-0.90417830,3.00982947,0.00111628,0.13090682,0.06118616,9.35658956,0.06213263,0.51789118,-0.06934106,4
117.37857246,31.96326739,41.53260646,11.23004635,119.73847127,41.53160646,107.24314495,-0.00028878,-0.31999890,3.14688586,-0.90542645,3.01388586,0.00018037,0.06725609,0.10798575,9.51825783,0.39375138,0.40333305,-0.06122277,4
117.37857347,31.96326713,41.53275995,11.20040690,119.83397299,41.53175995,107.24086397,0.02225106,-0.30513712,3.15034498,-0.90651514,3.01734498,-0.00047790,0.01560999,0.14410369,9.68428684,0.62329147,0.27254681,-0.05007128,4
117.37857448,31.96326686,41.53231361,11.17077124,119.92947588,41.53131361,107.23859847,0.03915190,-0.30606709,3.15154241,-0.90700000,3.01854241,-0.00008481,0.00942215,0.13977310,9.86682881,0.46628699,0.08030915,-0.02743386,4
117.37857549,31.96326660,41.53138563,11.14113933,120.02497994,41.53038563,107.23635248,0.05152377,-0.31967677,3.15092384,-0.90700001,3.01792383,0.00115243,0.03973537,0.10296410,10.06261776,-0.00109043,-0.16125445,0.00442485,4
117.37857650,31.96326634,41.53045126,11.11151116,120.12048516,41.52945126,107.23412729,0.06302936,-0.33285828,3.15036677,-0.90701236,3.01736058,0.00234682,0.06970480,0.06649724,10.24817148,-0.46082334,-0.38833988,0.03501528,4
117.37857751,31.96326608,41.52936484,11.08188667,120.21599153,41.52836484,107.23192224,0.05396246,-0.33587153,3.15127029,-0.90731757,3.01811151,0.00252364,0.09151029,0.03815517,10.19065492,-0.73901445,-0.27159208,0.03548610,4
117.37857853,31.96326581,41.52811160,11.05226585,120.31149903,41.52711160,107.22973659,0.02231789,-0.32772540,3.15377680,-0.90794420,3.02030470,0.00158370,0.10435610,0.01872979,9.86637635,-0.81796924,0.22250194,0.00290159,4
117.37857954,31.96326555,41.52685906,11.02264865,120.40700765,41.52585906,107.22757104,-0.00930828,-0.31957554,3.15628286,-0.90857082,3.02249760,0.00064377,0.11717734,-0.00067391,9.54228165,-0.89661856,0.71618329,-0.02965905,4
117.37858056,31.96326528,41.52622311,10.99303504,120.50251740,41.52522311,107.22542752,-0.02490844,-0.30818296,3.15840875,-0.90919379,3.02443400,-0.00029068,0.10859846,-0.00119818,9.37824892,-0.70939969,0.85067108,-0.04143572,4
117.37858157,31.96326502,41.52640596,10.96342499,120.59802824,41.52540596,107.22330802,-0.01922726,-0.29248430,3.16002978,-0.90981191,3.02602978,-0.00121786,0.07160182,0.02334800,9.42676658,-0.16912765,0.50817650,-0.02561282,4
117.37858259,31.96326475,41.52671464,10.93381845,120.69354018,41.52571464,107.22121285,-0.01027153,-0.27613391,3.16157161,-0.91042872,3.02757170,-0.00214327,0.03025170,0.05174217,9.50802402,0.42509831,0.09248825,-0.00555413,4
117.37858360,31.96326449,41.52702430,10.90421538,120.78905319,41.52602430,107.21914036,0.00216438,-0.26911531,3.16161343,-0.91051634,3.02770214,-0.00245193,0.00196150,0.07535660,9.65627800,0.73456046,-0.21686148,0.00890210,4
117.37858460,31.96326422,41.52733568,10.87461575,120.88456727,41.52633568,107.21708831,0.02082627,-0.27879106,3.15897183,-0.90965728,3.02530751,-0.00165728,-0.00296480,0.09042018,9.92438700,0.53458728,-0.33597414,0.01333568,4
117.37858561,31.96326396,41.52764771,10.84501952,120.98008241,41.52664771,107.21505538,0.04204409,-0.29532962,3.15522788,-0.90840927,3.02187554,-0.00040915,0.00172924,0.10195178,10.24165257,0.12522413,-0.37679687,0.01364605,4
117.37858662,31.96326369,41.52790083,10.81542667,121.07559860,41.52690083,107.21304255,0.05902146,-0.30968274,3.15260087,-0.90751407,3.01944301,0.00060330,0.01895105,0.09795061,10.43053878,-0.18640351,-0.35730996,0.01225767,4
117.37858763,31.96326343,41.52800000,10.78583715,121.17111582,41.52700000,107.21105376,0.06491865,-0.31832542,3.15289237,-0.90754067,3.01962203,0.00100000,0.06890752,0.05336282,10.28397427,-0.24265186,-0.18023601,0.00643052,4
117.37858864,31.96326317,41.52800002,10.75625092,121.26663406,41.52700002,107.20909524,0.06367786,-0.32328656,3.15506433,-0.90816123,3.02148377,0.00099988,0.13994404,-0.01736099,9.92133446,-0.13438012,0.09834649,-0.00225335,4
117.37858965,31.96326289,41.52802639,10.72666793,121.36215331,41.52702639,107.20717372,0.06262148,-0.32537608,3.15752608,-0.90886082,3.02366165,0.00086802,0.20194421,-0.07641392,9.59175766,-0.02837401,0.36278175,-0.00790754,4
117.37859066,31.96326262,41.52820106,10.69708811,121.45767354,41.52720106,107.20529402,0.06260318,-0.31130144,3.16161907,-0.91000530,3.02761907,-0.00000530,0.21307919,-0.06977215,9.44829114,0.06487872,0.54758258,0.00349220,4
117.37859167,31.96326236,41.52851130,10.66751139,121.55319473,41.52751130,107.20345799,0.06353391,-0.28244907,3.16720341,-0.91155650,3.03320341,-0.00155650,0.17771177,-0.00307044,9.47497183,0.14647197,0.65957941,0.03048313,4
117.37859268,31.96326209,41.52882142,10.63793769,121.64871686,41.52782142,107.20166534,0.06447681,-0.25360090,3.17278630,-0.91310723,3.03878630,-0.00310747,0.14234095,0.06360292,9.50170632,0.22809870,0.77146441,0.05747561,4
117.37859369,31.96326183,41.52899308,10.60836694,121.74423991,41.52799308,107.19991535,0.07969001,-0.22967006,3.17670023,-0.91410285,3.04270023,-0.00437782,0.10299187,0.09707380,9.59147062,0.34893214,0.75238415,0.08628332,4
117.37859471,31.96326157,41.52900000,10.57879908,121.83976385,41.52800000,107.19820837,0.11187920,-0.21158885,3.17862874,-0.91443812,3.04462874,-0.00531437,0.05891024,0.09104692,9.75621536,0.51640598,0.57750721,0.11725046,4
117.37859572,31.96326131,41.52899976,10.54923402,121.93528866,41.52799976,107.19654573,0.14477374,-0.19375531,3.18047297,-0.91474531,3.04647297,-0.00623681,0.01464618,0.08336305,9.92406888,0.68566597,0.39617419,0.14831231,4
117.37859673,31.96326104,41.52869319,10.51967170,122.03081432,41.52769319,107.19492919,0.16694104,-0.17811596,3.18130150,-0.91464495,3.04730150,-0.00705984,-0.00850879,0.08045582,10.03604966,0.63200674,0.33530953,0.18436636,4
117.37859774,31.96326078,41.52790846,10.49011203,122.12634080,41.52690846,107.19336033,0.17236385,-0.16590158,3.18054462,-0.91390846,3.04654462,-0.00772769,0.00128607,0.08500459,10.06081694,0.23038593,0.46248770,0.22821289,4
117.37859875,31.96326052,41.52697789,10.46055494,122.22186808,41.52597789,107.19184022,0.17267168,-0.15473114,3.17930356,-0.91297774,3.04530361,-0.00834827,0.02113525,0.09182752,10.05892580,-0.27736048,0.64703449,0.27442938,4
117.37859976,31.96326024,41.52625687,10.43100034,122.31739613,41.52525687,107.19036898,0.16962378,-0.14104154,3.17792242,-0.91204684,3.04399243,-0.00910880,0.03231930,0.09536595,10.01550612,-0.62182475,0.76708961,0.30765156,4
117.37860077,31.96325998,41.52600000,10.40144816,122.41292494,41.52500000,107.18894473,0.15914284,-0.12177199,3.17623100,-0.91111550,3.04252583,-0.01017933,0.02431000,0.09162916,9.88009996,-0.60461662,0.74429464,0.31209116,4
117.37860178,31.96325971,41.52600005,10.37189831,122.50845446,41.52500005,107.18756232,0.14455013,-0.09941551,3.17436777,-0.91018390,3.04097312,-0.01142135,0.00568060,0.08386644,9.69380521,-0.38725163,0.64244223,0.30059784,4
117.37860280,31.96325945,41.52607650,10.34235073,122.60398469,41.52507650,107.18621313,0.13285161,-0.07884061,3.17235058,-0.90921354,3.03926665,-0.01254953,-0.00990432,0.07663372,9.53673287,-0.17124207,0.53907526,0.28290899,4
117.37860381,31.96325919,41.52645508,10.31280538,122.69951561,41.52545508,107.18488627,0.13259879,-0.06531138,3.16972455,-0.90808982,3.03695210,-0.01322755,-0.01344911,0.07149701,9.49522748,0.03940696,0.42971869,0.24071863,4
117.37860482,31.96325892,41.52707925,10.28326223,122.79504721,41.52607925,107.18357099,0.14164923,-0.05750925,3.16660365,-0.90684147,3.03414328,-0.01353963,-0.00720761,0.06806439,9.54766206,0.24568726,0.31549348,0.17861340,4
117.37860583,31.96325865,41.52766962,10.25372126,122.89057948,41.52666962,107.18225857,0.15037864,-0.04994370,3.16348283,-0.90560159,3.03132608,-0.01383481,-0.00151503,0.06529036,9.60597971,0.43171759,0.20116134,0.11788580,4
117.37860684,31.96325838,41.52767267,10.22418248,122.98611244,41.52667267,107.18094288,0.15352701,-0.04649100,3.16036336,-0.90450900,3.02836336,-0.01383633,-0.00536490,0.07396552,9.76656977,0.26571481,0.08497116,0.08110809,4
117.37860785,31.96325811,41.52704907,10.19464590,123.08164607,41.52604907,107.17961914,0.15072081,-0.04742640,3.15724535,-0.90357360,3.02524535,-0.01352453,-0.01939594,0.09485617,10.03627741,-0.27588308,-0.03320132,0.06988326,4
117.37860885,31.96325784,41.52642541,10.16511154,123.17718039,41.52542541,107.17828140,0.14790622,-0.04836247,3.15412782,-0.90263832,3.02212782,-0.01321286,-0.03341710,0.11573901,10.30586078,-0.81736277,-0.15133459,0.05865075,4
117.37860986,31.96325757,41.52567456,10.13557942,123.27271540,41.52467456,107.17692092,0.12771321,-0.05067635,3.15199876,-0.90194960,3.01999876,-0.01314996,-0.02699624,0.12045273,10.31813189,-1.11424778,-0.18829646,0.03150917,4
117.37861087,31.96325730,41.52475630,10.10604960,123.36825112,41.52375630,107.17552641,0.08464427,-0.05480392,3.15117087,-0.90158543,3.01917087,-0.01341457,0.00633333,0.10388236,9.99169197,-1.08916249,-0.11840898,-0.01657422,4
117.37861188,31.96325703,41.52381264,10.07652213,123.46378757,41.52281264,107.17408654,0.03808891,-0.05920733,3.15054213,-0.90127103,3.01854213,-0.01372913,0.04376461,0.08406521,9.61359581,-1.01488292,-0.03221285,-0.06784462,4
117.37861289,31.96325676,41.52326278,10.04699711,123.55932477,41.52226278,107.17259279,0.00741567,-0.06095995,3.15108660,-0.90144565,3.01908660,-0.01394495,0.06417687,0.07183475,9.38609218,-0.86262837,0.03863661,-0.09336074,4
117.37861390,31.96325649,41.52335414,10.01747462,123.65486276,41.52235414,107.17104077,0.00260379,-0.05839621,3.15354138,-0.90241655,3.02154138,-0.01400000,0.05687655,0.07195793,9.40380308,-0.58340488,0.08449655,-0.07694034,4
117.37861491,31.96325622,41.52366499,9.98795478,123.75040156,41.52266499,107.16942945,0.00664457,-0.05435686,3.15664961,-0.90365987,3.02464961,-0.01399989,0.04008733,0.07630796,9.50546953,-0.26075366,0.12175780,-0.04616487,4
117.37861592,31.96325595,41.52390976,9.95843766,123.84594121,41.52290976,107.16775931,0.00889621,-0.05629136,3.15823343,-0.90437313,3.02623343,-0.01366766,0.01770056,0.07415310,9.63613887,-0.04974868,0.03092721,-0.01907628,4
117.37861693,31.96325568,41.52400000,9.92892339,123.94148173,41.52300000,107.16603045,0.00696511,-0.07219187,3.15625332,-0.90384717,3.02425332,-0.01255897,-0.01777245,0.05679068,9.83461309,-0.09975758,-0.35936492,-0.00060714,4
117.37861794,31.96325540,41.52400004,9.89941204,124.03702315,41.52300004,107.16424214,0.00259000,-0.09624985,3.15219181,-0.90259748,3.02019181,-0.01099678,-0.06088494,0.03054808,10.07267606,-0.30222251,-0.92453014,0.01282656,4
117.37861895,31.96325513,41.52414726,9.86990373,124.13256551,41.52314726,107.16239285,-0.00542337,-0.12153545,3.14879654,-0.90153296,3.01679654,-0.00943611,-0.09001101,0.01202070,10.25940245,-0.52579414,-1.36765618,0.02223677,4
117.37861996,31.96325487,41.52489469,9.84039856,124.22810883,41.52389469,107.16047981,-0.02827509,-0.15182775,3.14811837,-0.90122367,3.01611837,-0.00788163,-0.06209471,0.02495918,10.23675677,-0.83544727,-1.31305561,0.01523756,4
117.37862097,31.96325461,41.52613422,9.81089663,124.32365316,41.52513422,107.15849878,-0.06329179,-0.18622458,3.14966779,-0.90153356,3.01766779,-0.00633223,0.01258674,0.06369427,10.04246075,-1.21567079,-0.85040223,-0.00521465,4
117.37862199,31.96325434,41.52737377,9.78139806,124.41919852,41.52637377,107.15644332,-0.09826669,-0.22009905,3.15126721,-0.90186267,3.01926337,-0.00480971,0.08627736,0.10141880,9.84924231,-1.58531965,-0.39259794,-0.02556336,4
117.37862301,31.96325408,41.52861399,9.75190299,124.51474496,41.52761399,107.15430566,-0.13165677,-0.23416255,3.15476297,-0.90292099,3.02260946,-0.00430700,0.12239054,0.10081730,9.69688977,-1.55391589,-0.11869551,-0.04198641,4
117.37862401,31.96325381,41.52985496,9.72241155,124.61029251,41.52885496,107.15207839,-0.16330136,-0.22640653,3.16034730,-0.90478243,3.02788356,-0.00492747,0.11711644,0.05800405,9.58954637,-1.08079830,-0.04734007,-0.05408581,4
117.37862501,31.96325355,41.53109588,9.69292391,124.70584124,41.53009588,107.14975563,-0.19494392,-0.21865075,3.16593159,-0.90664385,3.03315763,-0.00554792,0.11184279,0.01519423,9.48222041,-0.60769236,0.02401112,-0.06618258,4
117.37862602,31.96325329,41.53198509,9.66344022,124.80139118,41.53098509,107.14733338,-0.20881279,-0.21312196,3.17114171,-0.90826545,3.03817422,-0.00581986,0.11050976,0.00276161,9.52876073,-0.23613263,0.05804673,-0.05508199,4
117.37862704,31.96325303,41.53238904,9.63396066,124.89694239,41.53138904,107.14480912,-0.19815899,-0.21066576,3.17583559,-0.90955615,3.04283559,-0.00561096,0.11461367,0.03224089,9.78759293,-0.00467778,0.04059741,-0.01197560,4
117.37862805,31.96325277,41.53269500,9.60448539,124.99249493,41.53169500,107.14218098,-0.18255439,-0.20882977,3.18042522,-0.91078006,3.04742521,-0.00530500,0.11981531,0.07018113,10.08928080,0.19848389,0.01275806,0.03759210,4
117.37862906,31.96325251,41.53276993,9.57501459,125.08804884,41.53176993,107.13944711,-0.17132225,-0.20398000,3.18455978,-0.91185173,3.05148258,-0.00530726,0.12572085,0.08950756,10.28219547,0.25417910,0.08406285,0.07651743,4
117.37863007,31.96325225,41.53238174,9.54554845,125.18360418,41.53138174,107.13660635,-0.16885478,-0.19308909,3.18778218,-0.91261826,3.05447305,-0.00592739,0.13303741,0.07152251,10.25707355,0.01427679,0.35410273,0.09411003,4
117.37863108,31.96325198,41.53176547,9.51608713,125.27916101,41.53076547,107.13365870,-0.17070357,-0.17922316,3.19055537,-0.91323453,3.05693811,-0.00685179,0.14104884,0.03516296,10.12457686,-0.37119614,0.72201214,0.10119706,4
117.37863209,31.96325171,41.53119144,9.48663082,125.37471938,41.53019144,107.13060602,-0.17609716,-0.16191389,3.19344794,-0.91389107,3.05956429,-0.00798099,0.13865200,0.00426481,9.98560622,-0.69001598,1.02453373,0.11045928,4
117.37863311,31.96325145,41.53076920,9.45717968,125.47027934,41.52976920,107.12745239,-0.19423499,-0.13222513,3.19676972,-0.91469243,3.06276973,-0.00984650,0.09883548,-0.00699849,9.82336045,-0.76920494,1.09197335,0.12754180,4
117.37863412,31.96325118,41.53046465,9.42773389,125.56584094,41.52946465,107.12420361,-0.22225244,-0.09293951,3.20042423,-0.91560606,3.06642423,-0.01228283,0.03001032,-0.00304042,9.64307127,-0.66262660,0.97717207,0.15068680,4
117.37863514,31.96325092,41.53016153,9.39829360,125.66140423,41.52916153,107.12086626,-0.25015960,-0.05373376,3.20405666,-0.91651255,3.07005738,-0.01471352,-0.03873285,0.00098327,9.46363457,-0.55536856,0.86176991,0.17384292,4
117.37863616,31.96325065,41.53014632,9.36885894,125.75696926,41.52914632,107.11744632,-0.25563497,-0.03080827,3.20322008,-0.91597584,3.06936637,-0.01599983,-0.09050280,0.01806843,9.45681556,-0.31318471,0.62732803,0.19916521,4
117.37863716,31.96325039,41.53045469,9.33943006,125.85253606,41.52945469,107.11394889,-0.23589989,-0.02617966,3.19736090,-0.91381717,3.06381560,-0.01600000,-0.12319706,0.04983299,9.64399635,0.08063811,0.25910109,0.22692203,4
117.37863817,31.96325012,41.53076311,9.31000707,125.94810468,41.52976311,107.11037853,-0.21616148,-0.02155347,3.19150106,-0.91165828,3.05826417,-0.01600000,-0.15588880,0.08159950,9.83120287,0.47448116,-0.10914371,0.25467917,4
117.37863918,31.96324986,41.53107174,9.28059010,126.04367514,41.53007174,107.10673997,-0.19873216,-0.02732447,3.18541564,-0.90949782,3.05259803,-0.01544678,-0.15861985,0.09037522,9.98148048,0.64975782,-0.35473200,0.24760366,4
117.37864020,31.96324959,41.53138070,9.25117925,126.13924749,41.53038070,107.10303894,-0.18462993,-0.04807638,3.17900521,-0.90733508,3.04676662,-0.01409644,-0.11818161,0.06602435,10.07854849,0.51010996,-0.42358890,0.19033903,4
117.37864120,31.96324933,41.53168975,9.22177462,126.23482175,41.53068975,107.09928227,-0.17134092,-0.07248995,3.17251533,-0.90517177,3.04089483,-0.01255127,-0.06719187,0.03357665,10.16261098,0.29348787,-0.44924894,0.12080709,4
117.37864220,31.96324906,41.53169012,9.19237631,126.33039795,41.53069012,107.09547767,-0.16381561,-0.09218260,3.16786263,-0.90362088,3.03662994,-0.01138820,-0.01843706,0.01093246,10.16403038,0.06833985,-0.42954045,0.05871464,4
117.37864322,31.96324879,41.53106451,9.16298438,126.42597611,41.53006451,107.09163405,-0.16797923,-0.10229921,3.16693593,-0.90331198,3.03562406,-0.01100011,0.02578040,0.00817420,9.99784886,-0.17406510,-0.31784028,0.01171551,4
117.37864422,31.96324852,41.53012553,9.13359889,126.52155625,41.52912553,107.08776147,-0.17799437,-0.10762201,3.16787447,-0.90362482,3.03624965,-0.01100000,0.06772644,0.01537095,9.74776548,-0.42510898,-0.16008862,-0.02772785,4
117.37864524,31.96324825,41.52933278,9.10421988,126.61713839,41.52833278,107.08387133,-0.18562926,-0.11298361,3.16881212,-0.90393738,3.03692305,-0.01095170,0.10207323,0.01589436,9.53875576,-0.54942316,-0.04245930,-0.05740082,4
117.37864626,31.96324798,41.52900012,9.07484737,126.71272252,41.52800012,107.07997649,-0.18577503,-0.11847152,3.16974525,-0.90424842,3.03774529,-0.01075154,0.11252881,-0.00457317,9.45896296,-0.27527226,-0.05102191,-0.05636102,4
117.37864726,31.96324771,41.52900000,9.04548135,126.80830865,41.52800000,107.07609033,-0.18050765,-0.12405073,3.17067512,-0.90455837,3.03867512,-0.01044163,0.10571577,-0.04021299,9.47256845,0.28689027,-0.15079640,-0.03312196,4
117.37864828,31.96324744,41.52900000,9.01612181,126.90389676,41.52800000,107.07222584,-0.17388206,-0.12963161,3.17162066,-0.90486843,3.03962066,-0.01011618,0.09891009,-0.06907943,9.49871129,0.80407285,-0.23903969,-0.00929869,4
117.37864929,31.96324717,41.52900000,8.98676868,126.99948685,41.52800000,107.06839516,-0.15416284,-0.13522831,3.17271747,-0.90517935,3.04071747,-0.00964124,0.09223370,-0.03250489,9.64557349,0.88605184,-0.21565410,0.02008952,4
117.37865030,31.96324690,41.52900000,8.95742192,127.09507890,41.52800000,107.06461000,-0.12142899,-0.14084074,3.17396462,-0.90549115,3.04196462,-0.00901770,0.08568579,0.06911572,9.91242657,0.53545339,-0.08131325,0.05500908,4
117.37865131,31.96324664,41.52900000,8.92808143,127.19067287,41.52800000,107.06088271,-0.08868975,-0.14645318,3.17521182,-0.90580296,3.04321182,-0.00839410,0.07913795,0.17076325,10.17932927,0.18467590,0.05307350,0.08993093,4
117.37865232,31.96324637,41.52861138,8.89874710,127.28626873,41.52761138,107.05722699,-0.08040512,-0.14619679,3.17709795,-0.90624210,3.04509795,-0.00829304,0.07393163,0.16780365,10.25600067,-0.12321420,0.15542401,0.11178232,4
117.37865332,31.96324611,41.52774164,8.86941881,127.38186645,41.52674164,107.05365772,-0.10239626,-0.13867454,3.17977507,-0.90683890,3.04777507,-0.00883893,0.07038616,0.03533627,10.09715818,-0.37800807,0.21811241,0.11745199,4
117.37865432,31.96324585,41.52682184,8.84009639,127.47746598,41.52582184,107.05018966,-0.12753619,-0.13039662,3.18253446,-0.90745210,3.05053446,-0.00945210,0.06701344,-0.11060033,9.91382144,-0.62727956,0.27667576,0.12143867,4
117.37865534,31.96324558,41.52608448,8.81077966,127.57306725,41.52508448,107.04683680,-0.14645112,-0.12366733,3.18400270,-0.90760275,3.05200270,-0.00997468,0.05786296,-0.17816011,9.73860389,-0.69609342,0.29399099,0.11958186,4
117.37865635,31.96324532,41.52565647,8.78146843,127.66867021,41.52465647,107.04361188,-0.15480808,-0.11956460,3.18328155,-0.90696905,3.05128155,-0.01034356,0.03891539,-0.11281018,9.57717421,-0.45892213,0.24136802,0.10781807,4
117.37865736,31.96324506,41.52534588,8.75216247,127.76427479,41.52434588,107.04052670,-0.15915767,-0.11645881,3.18172940,-0.90603765,3.04972940,-0.01065412,0.01624928,0.00298656,9.42097792,-0.10561206,0.16219954,0.09229403,4
117.37865838,31.96324480,41.52509611,8.72286153,127.85988092,41.52409611,107.03759259,-0.15920879,-0.11601642,3.17981562,-0.90510699,3.04787606,-0.01072254,-0.00627575,0.08817076,9.36534544,0.16121474,0.04114165,0.06934778,4
117.37865939,31.96324454,41.52500006,8.69356536,127.95548850,41.52400006,107.03481945,-0.14839000,-0.12231133,3.17698801,-0.90417865,3.04526185,-0.01017840,-0.02843854,0.09582986,9.56414274,0.20906365,-0.18586318,0.02762789,4
117.37866040,31.96324428,41.52500000,8.66427368,128.05109747,41.52400000,107.03221402,-0.13078334,-0.13281344,3.17358977,-0.90325176,3.04217251,-0.00925176,-0.05037514,0.05507721,9.92182264,0.12016847,-0.47902823,-0.02581548,4
117.37866142,31.96324401,41.52489491,8.63498620,128.14670773,41.52389491,107.02977869,-0.11554683,-0.14440516,3.17039818,-0.90240281,3.03926391,-0.00829773,-0.06431882,0.01777659,10.24102579,0.01436848,-0.73365042,-0.07445549,4
117.37866243,31.96324375,41.52418804,8.60570264,128.24231919,41.52318804,107.02751209,-0.11390697,-0.16222098,3.16839206,-0.90200028,3.03739197,-0.00718833,-0.03249395,0.00041835,10.33932601,-0.18773767,-0.76732692,-0.09554791,4
117.37866344,31.96324349,41.52293891,8.57642272,128.33793177,41.52193891,107.02541127,-0.12451925,-0.18564542,3.16745418,-0.90200000,3.03645418,-0.00593891,0.04057372,0.00103054,10.23856704,-0.47662689,-0.60190567,-0.09181674,4
117.37866445,31.96324323,41.52168940,8.54714617,128.43354538,41.52068940,107.02347455,-0.13514013,-0.20907380,3.16651705,-0.90200000,3.03551705,-0.00468940,0.11367026,0.00165530,10.13766884,-0.76557685,-0.43634516,-0.08806819,4
117.37866547,31.96324296,41.52115814,8.51787272,128.52915994,41.52015814,107.02170222,-0.15026612,-0.22156296,3.16829049,-0.90271209,3.03714808,-0.00415814,0.14866578,0.00256182,9.94127679,-0.81298527,-0.27288153,-0.09345295,4
117.37866648,31.96324269,41.52144759,8.48860209,128.62477537,41.52044759,107.02009503,-0.17053998,-0.22155220,3.17316124,-0.90423788,3.04171366,-0.00444759,0.14012441,0.00379031,9.63576662,-0.58439106,-0.11181393,-0.10927405,4
117.37866749,31.96324242,41.52175661,8.45933399,128.72039158,41.52075661,107.01865102,-0.19093661,-0.22124339,3.17810584,-0.90578307,3.04634922,-0.00475661,0.13054492,0.00502646,9.32765456,-0.34921576,0.04919657,-0.12534400,4
117.37866850,31.96324215,41.52228178,8.43006818,128.81600848,41.52128178,107.01736338,-0.20214782,-0.21996176,3.18207792,-0.90711215,3.05001226,-0.00495759,0.11545334,0.00183197,9.22464740,-0.17044516,0.10106162,-0.12488023,4
117.37866950,31.96324188,41.52312417,8.40080439,128.91162601,41.52212417,107.01622216,-0.19987766,-0.21725270,3.18462256,-0.90812402,3.05224786,-0.00499996,0.09227290,-0.00786532,9.42267179,-0.07446606,-0.00726399,-0.10014994,4
117.37867051,31.96324162,41.52405122,8.37154238,129.00724408,41.52305122,107.01521789,-0.19400894,-0.21416260,3.18678617,-0.90905122,3.05410244,-0.00500000,0.06693333,-0.01929838,9.70104962,-0.00058617,-0.15834880,-0.06894227,4
117.37867152,31.96324136,41.52475731,8.34228194,129.10286263,41.52375731,107.01434549,-0.18617852,-0.21509445,3.18872578,-0.90983033,3.05580667,-0.00478097,0.05230616,-0.02581652,9.95144350,0.04661253,-0.26519167,-0.03786940,4
117.37867253,31.96324110,41.52499978,8.31302284,129.19848160,41.52399978,107.01360487,-0.17423977,-0.22446323,3.19019614,-0.91029895,3.05719621,-0.00410250,0.06015278,-0.02202225,10.14299494,0.03788551,-0.27915763,-0.00709092,4
117.37867354,31.96324084,41.52500000,8.28376487,129.29410091,41.52400000,107.01299772,-0.16015448,-0.23824019,3.19142135,-0.91060534,3.05842135,-0.00318399,0.07974159,-0.01283988,10.30380210,-0.00006183,-0.24459689,0.02353374,4
117.37867456,31.96324059,41.52496506,8.25450780,129.38972050,41.52396506,107.01252367,-0.15045463,-0.24854175,3.19299689,-0.91101669,3.05999689,-0.00250887,0.09925616,-0.00416730,10.40486693,-0.06217818,-0.17009779,0.05233755,4
117.37867557,31.96324033,41.52478011,8.22525141,129.48534029,41.52378011,107.01217887,-0.15959647,-0.24390079,3.19607791,-0.91187942,3.06307791,-0.00287991,0.11840519,0.00229461,10.24949175,-0.22797174,0.07572277,0.07332239,4
117.37867659,31.96324007,41.52447128,8.19599549,129.58096023,41.52347128,107.01195782,-0.18429818,-0.22692000,3.20040218,-0.91311491,3.06740218,-0.00411491,0.13725236,0.00693090,9.88234327,-0.47938401,0.46302402,0.08785018,4
117.37867761,31.96323981,41.52416376,8.16673984,129.67658026,41.52316376,107.01185716,-0.20896946,-0.20991451,3.20472654,-0.91435003,3.07172654,-0.00535111,0.15601470,0.01154724,9.51551286,-0.72981472,0.84977738,0.10236807,4
117.37867862,31.96323955,41.52443513,8.13748426,129.77220030,41.52343513,107.01187750,-0.21531682,-0.18796083,3.20859242,-0.91528928,3.07559242,-0.00672424,0.14105194,0.00892291,9.35975703,-0.55462004,0.96171719,0.11550131,4
117.37867964,31.96323929,41.52534969,8.10822854,129.86782030,41.52434969,107.01202208,-0.20130473,-0.16050925,3.21194887,-0.91589980,3.07894887,-0.00824949,0.08861769,-0.00174641,9.43852337,0.09348135,0.76831531,0.12709609,4
117.37868065,31.96323903,41.52626494,8.07897248,129.96344019,41.52526494,107.01229372,-0.18727093,-0.13305182,3.21530478,-0.91650996,3.08230478,-0.00977490,0.03614349,-0.01242429,9.51753974,0.74208687,0.57458788,0.13868923,4
117.37868166,31.96323877,41.52707750,8.04971585,130.05905991,41.52607750,107.01269227,-0.16686684,-0.11806128,3.21540150,-0.91627826,3.08250696,-0.01046123,0.00133352,-0.00362391,9.67578720,1.04062253,0.34768548,0.13344343,4
117.37868267,31.96323851,41.52773670,8.02045846,130.15467940,41.52673670,107.01321502,-0.13694929,-0.12168895,3.21063094,-0.91478935,3.07799936,-0.00989446,-0.00709646,0.03426557,9.95235932,0.81635963,0.07123917,0.10305018,4
117.37868369,31.96323826,41.52835231,7.99120009,130.25029858,41.52735231,107.01385863,-0.10432772,-0.13060846,3.20447693,-0.91294307,3.07215308,-0.00897154,-0.00802846,0.08042305,10.26256283,0.44350184,-0.21928900,0.06550926,4
117.37868470,31.96323800,41.52875236,7.96194055,130.34591741,41.52775236,107.01462124,-0.08320228,-0.13768122,3.19962841,-0.91143456,3.06754313,-0.00833292,-0.00280786,0.10911601,10.42178464,0.05690510,-0.35345117,0.04010411,4
117.37868571,31.96323773,41.52867473,7.93267963,130.44153581,41.52767473,107.01550200,-0.08756489,-0.14064711,3.19767702,-0.91067556,3.06567692,-0.00832538,0.01603076,0.09907783,10.24627010,-0.35976305,-0.14099278,0.04161613,4
117.37868672,31.96323747,41.52833220,7.90341715,130.53715374,41.52733220,107.01649814,-0.10606151,-0.14133561,3.19733220,-0.91033220,3.06533220,-0.00866780,0.04242105,0.06756187,9.88513265,-0.79310656,0.26367869,0.05805468,4
117.37868773,31.96323720,41.52815431,7.87415291,130.63277112,41.52715431,107.01760335,-0.12317579,-0.13685954,3.19767465,-0.91022863,3.06560032,-0.00921738,0.06228884,0.03915308,9.61861237,-0.95760400,0.53755261,0.07202017,4
117.37868875,31.96323694,41.52829017,7.84488674,130.72838792,41.52729017,107.01880768,-0.13762768,-0.12256514,3.19932065,-0.91058024,3.06703059,-0.01016018,0.06973247,0.01670465,9.53249825,-0.61068522,0.56218556,0.08124678,4
117.37868976,31.96323667,41.52857123,7.81561849,130.82400407,41.52757123,107.02009936,-0.15084768,-0.10372776,3.20156982,-0.91114245,3.06899859,-0.01128492,0.07142736,-0.00298591,9.52985895,-0.02713189,0.47149354,0.08828069,4
117.37869077,31.96323641,41.52885179,7.78634801,130.91961954,41.52785179,107.02146727,-0.16400256,-0.08488840,3.20381682,-0.91170394,3.07096503,-0.01240894,0.07308443,-0.02255181,9.52780701,0.55589240,0.38086857,0.09536553,4
117.37869178,31.96323614,41.52885252,7.75707518,131.01523429,41.52785252,107.02290192,-0.15095989,-0.06764929,3.20485111,-0.91185232,3.07199859,-0.01314647,0.06221606,0.00781180,9.72336257,0.79453661,0.37945956,0.12462240,4
117.37869279,31.96323588,41.52854362,7.72779992,131.11084829,41.52754362,107.02439601,-0.10893162,-0.05218073,3.20454362,-0.91154362,3.07200000,-0.01345638,0.03748919,0.09341869,10.13755614,0.65215004,0.47676132,0.17841102,4
117.37869380,31.96323561,41.52823429,7.69852211,131.20646152,41.52723429,107.02594409,-0.06686374,-0.03671461,3.20423429,-0.91123429,3.07200000,-0.01376571,0.01274337,0.17910107,10.55204848,0.50924299,0.57419796,0.23223315,4
117.37869481,31.96323535,41.52758391,7.66924167,131.30207394,41.52658391,107.02754121,-0.04955245,-0.02223608,3.20256278,-0.91047046,3.07063848,-0.01441609,-0.01341763,0.19303536,10.68038493,0.18017779,0.60751386,0.25950883,4
117.37869582,31.96323508,41.52645328,7.63995854,131.39768553,41.52545328,107.02918214,-0.06710305,-0.00914826,3.19897303,-0.90906659,3.06735967,-0.01554672,-0.04157150,0.10593504,10.40576075,-0.41103259,0.55053586,0.24940215,4
117.37869683,31.96323482,41.52520879,7.61067263,131.49329627,41.52420879,107.03086041,-0.09291756,0.00360987,3.19492858,-0.90751099,3.06362637,-0.01679121,-0.07019776,-0.00511526,10.03561583,-1.06438384,0.47215394,0.23043409,4
117.37869784,31.96323455,41.52420990,7.58138389,131.58890614,41.52320990,107.03256832,-0.12358953,0.01612456,3.19121056,-0.90611884,3.06013759,-0.01787212,-0.08751272,-0.06922903,9.74144051,-1.45567955,0.39962753,0.19184553,4
117.37869885,31.96323428,41.52367991,7.55209228,131.68451514,41.52267991,107.03429778,-0.16350627,0.02817565,3.18811666,-0.90503896,3.05711655,-0.01864062,-0.08324536,-0.04372565,9.59247313,-1.34682382,0.33833225,0.11584732,4
117.37869987,31.96323402,41.52336813,7.52279777,131.78012324,41.52236813,107.03604055,-0.20772533,0.04001101,3.18531319,-0.90410440,3.05431319,-0.01926374,-0.06893405,0.02348360,9.51108232,-1.00520837,0.28226366,0.02243945,4
117.37870088,31.96323375,41.52331152,7.49350034,131.87573045,41.52231152,107.03778751,-0.24304298,0.04843384,3.18215230,-0.90306776,3.05120328,-0.01968289,-0.05857966,0.07563566,9.48417101,-0.68265151,0.18223261,-0.04155548,4
117.37870189,31.96323348,41.52402202,7.46420000,131.97133678,41.52302202,107.03952842,-0.25154553,0.04658513,3.17791415,-0.90172320,3.04716961,-0.01948874,-0.06018263,0.08227074,9.62094648,-0.41853260,-0.05016007,-0.01693049,4
117.37870290,31.96323322,41.52526952,7.43489676,132.06694221,41.52426952,107.04125262,-0.24127642,0.03754595,3.17292190,-0.90016309,3.04248929,-0.01886524,-0.07015619,0.05704213,9.87230915,-0.19532252,-0.37521109,0.06973195,4
117.37870390,31.96323295,41.52641421,7.40559067,132.16254677,41.52541421,107.04295048,-0.23213856,0.02685727,3.16815653,-0.89866485,3.03801527,-0.01815811,-0.07622424,0.03425093,10.10177201,-0.00748866,-0.67480252,0.14838596,4
117.37870491,31.96323269,41.52680727,7.37628176,132.25815047,41.52580727,107.04461443,-0.23141905,0.00429270,3.16504476,-0.89761757,3.03504453,-0.01684969,-0.05388036,0.02949905,10.17113588,-0.07566289,-0.78873925,0.16826185,4
117.37870592,31.96323242,41.52649635,7.34697011,132.35375333,41.52549635,107.04623749,-0.23858404,-0.02939462,3.16348173,-0.89699269,3.03348173,-0.01497808,-0.00492633,0.04164250,10.09055363,-0.38361009,-0.72879479,0.13308711,4
117.37870693,31.96323215,41.52618426,7.31765579,132.44935537,41.52518426,107.04781099,-0.24576212,-0.06310043,3.16192128,-0.89636851,3.03192128,-0.01310553,0.04407192,0.05381404,10.00972213,-0.69195577,-0.66856127,0.09782085,4
117.37870795,31.96323188,41.52573292,7.28833889,132.54495662,41.52473292,107.04932345,-0.25892200,-0.08405269,3.16258275,-0.89643856,3.03258275,-0.01206503,0.08241495,0.04251256,9.85211148,-0.79214358,-0.51906106,0.07961444,4
117.37870896,31.96323161,41.52511832,7.25901952,132.64055712,41.52411832,107.05076136,-0.27909547,-0.09005156,3.16584941,-0.89732258,3.03584941,-0.01200011,0.10826485,0.00368917,9.60447790,-0.64826808,-0.26489635,0.08141056,4
117.37870996,31.96323134,41.52449288,7.22969782,132.73615691,41.52349288,107.05211198,-0.29973491,-0.09505695,3.16928915,-0.89826068,3.03928915,-0.01200000,0.13328474,-0.03696271,9.35086345,-0.48817766,-0.00377802,0.08453560,4
117.37871098,31.96323107,41.52419479,7.20037394,132.83175603,41.52319479,107.05336613,-0.31022075,-0.09776606,3.17238820,-0.89908621,3.04238820,-0.01200000,0.13255942,-0.07288016,9.26917624,-0.25845343,0.12192041,0.08397194,4
117.37871199,31.96323081,41.52437402,7.17104805,132.92735454,41.52337402,107.05451895,-0.30590050,-0.09712942,3.17499004,-0.89974749,3.04499004,-0.01200000,0.09429715,-0.10188981,9.43819080,0.07276318,0.05014594,0.07802648,4
117.37871300,31.96323054,41.52468220,7.14172032,133.02295249,41.52368220,107.05556875,-0.29758064,-0.09558901,3.17745758,-0.90036440,3.04745758,-0.01200000,0.04589490,-0.12903344,9.67492809,0.43139632,-0.07497241,0.07062725,4
117.37871401,31.96323028,41.52469895,7.11239093,133.11854993,41.52369895,107.05651439,-0.28865773,-0.09740379,3.17890602,-0.90061698,3.04890602,-0.01178093,0.01201096,-0.13496228,9.88904427,0.55866351,-0.17546208,0.06686611,4
117.37871502,31.96323001,41.52409699,7.08306004,133.21414691,41.52309699,107.05735297,-0.27847089,-0.10633975,3.17819306,-0.90009684,3.04819306,-0.01109715,0.00896512,-0.09589342,10.05491113,0.19500663,-0.22349911,0.07082843,4
117.37871603,31.96322974,41.52316689,7.05372785,133.30974350,41.52216689,107.05807877,-0.26761371,-0.11905250,3.17633378,-0.89916689,3.04633378,-0.01016689,0.02227457,-0.03295958,10.19518853,-0.42901656,-0.24371738,0.07888695,4
117.37871703,31.96322948,41.52223712,7.02439454,133.40533975,41.52123712,107.05868395,-0.26416136,-0.12686914,3.17558745,-0.89859494,3.04558745,-0.00955519,0.03866262,0.01695404,10.27412632,-0.95699625,-0.18581779,0.08670641,4
117.37871805,31.96322922,41.52131096,6.99506033,133.50093572,41.52031096,107.05915961,-0.28872495,-0.11613764,3.17905947,-0.89938017,3.04905947,-0.01015027,0.06657955,0.01744370,10.12120986,-1.11979751,0.16738942,0.09359222,4
117.37871906,31.96322895,41.52038761,6.96572543,133.59653149,41.51938761,107.05949695,-0.33515687,-0.09092806,3.18582417,-0.90122478,3.05582417,-0.01168731,0.10349552,-0.02064537,9.78731554,-0.99755239,0.75110414,0.09974926,4
117.37872007,31.96322868,41.51947735,6.93639009,133.69212712,41.51847735,107.05968735,-0.38093502,-0.06590537,3.19247098,-0.90303545,3.06247098,-0.01321316,0.13914116,-0.05765020,9.45769289,-0.87083228,1.31969139,0.10598396,4
117.37872108,31.96322843,41.51915507,6.90705455,133.78772270,41.51815507,107.05972182,-0.39539675,-0.05056043,3.19352717,-0.90322752,3.06352717,-0.01415251,0.11688899,-0.04251454,9.33605026,-0.56808923,1.18794028,0.11577454,4
117.37872210,31.96322817,41.51946311,6.87771909,133.88331831,41.51846311,107.05959149,-0.37628688,-0.04559016,3.18859016,-0.90168443,3.05859016,-0.01446311,0.03256965,0.02851641,9.43736478,-0.07664742,0.30541781,0.12937705,4
117.37872311,31.96322791,41.51977244,6.84838399,133.97891403,41.51877244,107.05928806,-0.35710878,-0.04064097,3.18364097,-0.90013780,3.05364097,-0.01477244,-0.05187584,0.09966097,9.53913242,0.41517798,-0.57863059,0.14298732,4
117.37872412,31.96322764,41.51961332,6.81904954,134.07450996,41.51861332,107.05880457,-0.34396419,-0.05739202,3.17667765,-0.89811585,3.04691246,-0.01379154,-0.10000666,0.11835797,9.72780002,0.50204545,-1.17927495,0.13258154,4
117.37872513,31.96322738,41.51881486,6.78971605,134.17010618,41.51781486,107.05813514,-0.33905425,-0.10376004,3.16696540,-0.89544516,3.03775544,-0.01104969,-0.09857434,0.06547331,10.03507073,0.03621672,-1.39312268,0.08939811,4
117.37872614,31.96322711,41.51787801,6.76038383,134.26570279,41.51687801,107.05727422,-0.33592671,-0.15653862,3.15665814,-0.89263404,3.02807279,-0.00792671,-0.08641417,-0.00290507,10.36801284,-0.54924210,-1.52324892,0.03912001,4
117.37872715,31.96322684,41.51676330,6.73105321,134.36129990,41.51576330,107.05621631,-0.34397375,-0.20431545,3.14958832,-0.89078591,3.02136477,-0.00523766,-0.04798667,-0.04951901,10.47795936,-0.96900086,-1.49686398,-0.01055361,4
117.37872816,31.96322658,41.51532929,6.70172452,134.45689761,41.51432929,107.05495669,-0.37210646,-0.24307466,3.14834180,-0.89066980,3.02000727,-0.00333032,0.03762995,-0.05694077,10.18685257,-1.09037023,-1.18938232,-0.05911352,4
117.37872917,31.96322631,41.51375831,6.67239810,134.55249601,41.51275831,107.05349232,-0.40885551,-0.27796548,3.14959335,-0.89129668,3.02094501,-0.00175831,0.14348979,-0.04754988,9.72370191,-1.08373657,-0.76131573,-0.10719566,4
117.37873018,31.96322604,41.51249069,6.64307430,134.64809522,41.51149069,107.05182151,-0.43959604,-0.30550764,3.15240448,-0.89234282,3.02344271,-0.00049069,0.22287741,-0.03197734,9.37850636,-0.95009106,-0.39467738,-0.14388832,4
117.37873119,31.96322578,41.51200110,6.61375345,134.74369534,41.51100110,107.04994286,-0.45489320,-0.31424270,3.15919751,-0.89445908,3.02992445,-0.00000110,0.23432434,-0.00066043,9.33649992,-0.49173292,-0.18610650,-0.15140143,4
117.37873220,31.96322551,41.51200000,6.58443592,134.83929647,41.51100000,107.04785421,-0.46049433,-0.31116981,3.16849056,-0.89724717,3.03890754,0.00000000,0.20311512,0.04054148,9.48484893,0.17049381,-0.07677744,-0.14059434,4
117.37873321,31.96322524,41.51200000,6.55512204,134.93489873,41.51100000,107.04555233,-0.46337324,-0.30791114,3.17731339,-0.89990460,3.04742038,0.00000000,0.17106566,0.07493761,9.63424873,0.74124831,0.02219474,-0.12336382,4
117.37873422,31.96322497,41.51200000,6.52581218,135.03050223,41.51100000,107.04303376,-0.45090646,-0.30374825,3.18343184,-0.90181093,3.05322872,0.00000000,0.13478906,0.07053027,9.78717564,0.78955754,0.06358466,-0.06986467,4
117.37873524,31.96322470,41.51200000,6.49650671,135.12610707,41.51100000,107.04029583,-0.42487783,-0.29878625,3.18716031,-0.90305344,3.05664695,0.00000000,0.09477666,0.03183010,9.94321968,0.37615210,0.05408586,0.01568715,4
117.37873625,31.96322443,41.51200000,6.46720599,135.22171337,41.51100000,107.03733704,-0.39881757,-0.29382239,3.19088320,-0.90429440,3.06005960,0.00000000,0.05475553,-0.00695006,10.09927104,-0.03833025,0.04446838,0.10131374,4
117.37873727,31.96322418,41.51171943,6.43791040,135.31732123,41.51071943,107.03415660,-0.38856764,-0.28929807,3.19290863,-0.90482926,3.06191625,-0.00014028,0.02849295,-0.05021385,10.13563050,-0.20420546,0.07220379,0.15126552,4
117.37873829,31.96322393,41.51111913,6.40862029,135.41293078,41.51011913,107.03075421,-0.39633369,-0.28527461,3.19299979,-0.90455950,3.06199981,-0.00044043,0.01790830,-0.09858673,10.03560028,-0.08679126,0.14250304,0.16056565,4
117.37873930,31.96322367,41.51050380,6.37933605,135.50854213,41.50950380,107.02712990,-0.40494681,-0.28127470,3.19300000,-0.90425190,3.06200000,-0.00074810,0.00806079,-0.14719985,9.92915730,0.04394262,0.21480357,0.16795441,4
117.37874032,31.96322342,41.51009561,6.35005804,135.60415538,41.50909561,107.02328424,-0.40136841,-0.27486240,3.19226908,-0.90373454,3.06137349,-0.00126546,-0.00191612,-0.14770446,9.80372032,0.23635457,0.25702363,0.16366404,4
117.37874133,31.96322317,41.51000024,6.32078663,135.69977066,41.50900024,107.01921883,-0.37937749,-0.26480725,3.19043445,-0.90290059,3.05980095,-0.00209941,-0.01209099,-0.07556294,9.64962418,0.52185586,0.25381432,0.14174446,4
117.37874234,31.96322290,41.51000000,6.29152219,135.79538806,41.50900000,107.01493618,-0.35178729,-0.25364430,3.18826417,-0.90197035,3.05794072,-0.00302965,-0.02232606,0.01867035,9.48681270,0.83566580,0.23678990,0.11446384,4
117.37874336,31.96322265,41.50992848,6.26226508,135.89100771,41.50892848,107.01043907,-0.32151049,-0.24704534,3.18587641,-0.90103899,3.05579190,-0.00353188,-0.02928105,0.07371144,9.43125021,1.06680887,0.15935016,0.09451060,4
117.37874437,31.96322239,41.50970168,6.23301565,135.98662971,41.50870168,107.00572991,-0.28543133,-0.25036060,3.18301834,-0.90010570,3.05301813,-0.00310440,-0.02911478,0.04354873,9.60856799,1.11833288,-0.04917438,0.09049370,4
117.37874538,31.96322212,41.50939045,6.20377426,136.08225416,41.50839045,107.00081025,-0.24619676,-0.25906738,3.17990450,-0.89917135,3.04990450,-0.00217135,-0.02507585,-0.03294918,9.91252988,1.07217712,-0.32898502,0.09514324,4
117.37874639,31.96322187,41.50895744,6.17454126,136.17788117,41.50795744,106.99568070,-0.20970852,-0.26969578,3.17666595,-0.89815532,3.04670637,-0.00123617,-0.01746589,-0.09346366,10.16295691,0.97972482,-0.56605280,0.10175960,4
117.37874741,31.96322160,41.50806283,6.14531699,136.27351085,41.50706283,106.99034135,-0.18368023,-0.28756909,3.17295630,-0.89682908,3.04319067,-0.00029783,0.00366743,-0.09282996,10.20885228,0.71241087,-0.64011029,0.11576069,4
117.37874841,31.96322133,41.50680936,6.11610181,136.36914330,41.50580936,106.98479186,-0.16578337,-0.31107451,3.16888042,-0.89526170,3.03942808,0.00064297,0.03531366,-0.04466035,10.09574706,0.30916152,-0.58744546,0.13550258,4
117.37874941,31.96322107,41.50557905,6.08689607,136.46477863,41.50457905,106.97903186,-0.14840349,-0.33346744,3.16507055,-0.89377857,3.03591970,0.00153529,0.06735902,0.00128280,9.98108041,-0.06550845,-0.52104713,0.15278047,4
117.37875042,31.96322080,41.50464929,6.05770012,136.56041694,41.50364929,106.97306108,-0.13720451,-0.34179848,3.16459080,-0.89335437,3.03559039,0.00182262,0.10403689,0.01789066,9.85216710,-0.07922052,-0.28751190,0.13913473,4
117.37875143,31.96322054,41.50401807,6.02851432,136.65605835,41.50301807,106.96687909,-0.13214461,-0.33616270,3.16741865,-0.89398193,3.03841865,0.00150904,0.14531594,0.00536154,9.70910354,0.26558462,0.11202998,0.09477445,4
117.37875245,31.96322027,41.50338767,5.99933901,136.75170295,41.50238767,106.96048522,-0.12710138,-0.33048905,3.17025547,-0.89461233,3.04125547,0.00119384,0.18660744,-0.00724654,9.56600169,0.61136156,0.51202171,0.05033093,4
117.37875347,31.96322000,41.50289463,5.97017456,136.84735085,41.50189463,106.95387807,-0.10936682,-0.31840559,3.17240591,-0.89510537,3.04340591,0.00060598,0.17541501,-0.00277112,9.54351183,0.78997619,0.65821620,0.03052197,4
117.37875447,31.96321974,41.50256478,5.94102132,136.94300216,41.50156478,106.94705516,-0.07655300,-0.29870628,3.17374082,-0.89543522,3.04474082,-0.00030586,0.10186361,0.02200217,9.66432753,0.76997636,0.50286058,0.03998266,4
117.37875549,31.96321947,41.50225049,5.91187965,137.03865699,41.50125049,106.94001338,-0.04230302,-0.27828161,3.17499805,-0.89574951,3.04599805,-0.00124854,0.02237306,0.04870865,9.79879182,0.73106031,0.31878503,0.05223104,4
117.37875649,31.96321920,41.50171569,5.88274993,137.13431545,41.50071569,106.93274946,-0.00720007,-0.27022660,3.17307078,-0.89507536,3.04418069,-0.00153408,-0.03951426,0.06262379,9.95536741,0.71541146,0.07892068,0.07012065,4
117.37875751,31.96321895,41.50085806,5.85363252,137.22997765,41.49985806,106.92526011,0.02914571,-0.28028139,3.16648229,-0.89295437,3.03786298,-0.00085755,-0.07560995,0.05780703,10.14425529,0.73389720,-0.24249332,0.09625686,4
117.37875853,31.96321870,41.49990924,5.82452781,137.32564369,41.49890924,106.91754181,0.06584258,-0.29545210,3.15857703,-0.89042464,3.03027395,0.00009076,-0.10441961,0.04769860,10.34227117,0.76202578,-0.58694459,0.12472269,4
117.37875953,31.96321843,41.49895725,5.79543619,137.42131371,41.49795725,106.90958978,0.08846576,-0.31232760,3.15150885,-0.88823203,3.02352309,0.00104275,-0.10621998,0.03468929,10.40778573,0.59208062,-0.75837882,0.12265895,4
117.37876055,31.96321817,41.49799986,5.76635804,137.51698781,41.49699986,106.90139734,0.08496319,-0.33234043,3.14600142,-0.88666733,3.01833480,0.00200014,-0.05792373,0.01632338,10.22729990,0.05441521,-0.60853270,0.06391315,4
117.37876157,31.96321792,41.49704003,5.73729378,137.61266611,41.49604003,106.89295693,0.06964047,-0.35377268,3.14120015,-0.88538670,3.01385347,0.00295997,0.01303786,-0.00446603,9.93551550,-0.64961871,-0.31332894,-0.02047745,4
117.37876258,31.96321765,41.49608038,5.70824384,137.70834874,41.49508038,106.88426277,0.05462209,-0.36949218,3.13781327,-0.88451042,3.01065205,0.00365078,0.07309707,-0.01806717,9.67935096,-1.06655194,-0.06628088,-0.08476420,4
117.37876359,31.96321739,41.49512117,5.67920863,137.80403583,41.49412117,106.87531350,0.04040487,-0.37170312,3.13776356,-0.88458757,3.01047005,0.00370593,0.10723776,-0.01466631,9.50812496,-0.80394099,0.06597132,-0.10136968,4
117.37876460,31.96321712,41.49416222,5.65018858,137.89972750,41.49316222,106.86611267,0.02665861,-0.36597338,3.13967554,-0.88522518,3.01206295,0.00338741,0.12614284,-0.00127119,9.38682818,-0.14187455,0.13074330,-0.08994674,4
117.37876561,31.96321685,41.49329852,5.62118412,137.99542387,41.49225118,106.85666655,0.01789197,-0.36169048,3.14111895,-0.88572210,3.01328157,0.00316262,0.13391472,0.01389743,9.33164244,0.39267926,0.14917051,-0.07352348,4
117.37876662,31.96321659,41.49274982,5.59219564,138.09112507,41.49149859,106.84698065,0.02559175,-0.36227241,3.14099294,-0.88574805,3.01324453,0.00325159,0.10501307,0.03483273,9.49463472,0.50148219,0.01497536,-0.04083982,4
117.37876763,31.96321632,41.49243074,5.56322354,138.18683121,41.49086149,106.83705884,0.04529403,-0.36640036,3.13972297,-0.88543074,3.01229223,0.00356926,0.04937979,0.05997141,9.81665873,0.29995167,-0.23046747,0.00369617,4
117.37876864,31.96321605,41.49200826,5.53426821,138.28254240,41.49014643,106.82690481,0.06356373,-0.37249010,3.13813697,-0.88500826,3.01099881,0.00399174,0.00124433,0.08157820,10.10901299,0.10119411,-0.45625946,0.04434528,4
117.37876965,31.96321579,41.49096093,5.50533005,138.37825877,41.48896136,106.81652489,0.07301270,-0.39028968,3.13467531,-0.88396093,3.00767488,0.00503907,-0.00139202,0.08190758,10.22033739,-0.07518079,-0.56204254,0.06144466,4
117.37877066,31.96321552,41.48935953,5.47640942,138.47398041,41.48735953,106.80593038,0.07464047,-0.41847219,3.12955052,-0.88235953,3.00255052,0.00664047,0.03631498,0.06337061,10.17114558,-0.23170939,-0.56141572,0.05766288,4
117.37877168,31.96321525,41.48776415,5.44750667,138.56970743,41.48576415,106.79513620,0.07568569,-0.44593651,3.12458131,-0.88081001,2.99758131,0.00818999,0.07318346,0.04456163,10.11455974,-0.38120310,-0.55275937,0.05273824,4
117.37877269,31.96321499,41.48632519,5.41862212,138.66543993,41.48432519,106.78415785,0.06548259,-0.45826196,3.12285481,-0.88034122,2.99585481,0.00865878,0.09058541,0.02146651,9.91909016,-0.39012300,-0.38897181,0.02609763,4
117.37877370,31.96321472,41.48504609,5.38975606,138.76117798,41.48304609,106.77300879,0.04378350,-0.45511522,3.12444239,-0.88097695,2.99744239,0.00802305,0.08809217,-0.00600910,9.58167877,-0.25537381,-0.06663723,-0.02273713,4
117.37877471,31.96321445,41.48376750,5.36090878,138.85692168,41.48176750,106.76170065,0.02204746,-0.45191875,3.12604063,-0.88161625,2.99904063,0.00738375,0.08553500,-0.03349880,9.24381124,-0.12016287,0.25620686,-0.07164322,4
117.37877572,31.96321419,41.48319594,5.33208053,138.95267109,41.48119594,106.75024672,0.02236845,-0.44914680,3.12721455,-0.88211409,3.00021455,0.00716866,0.09032956,-0.01503860,9.17699959,0.05617071,0.31209680,-0.09863021,4
117.37877673,31.96321394,41.48344751,5.30327154,139.04842629,41.48144751,106.73866486,0.04836852,-0.44686908,3.12789445,-0.88244725,3.00089445,0.00744743,0.10368314,0.05691707,9.42575470,0.28037989,0.05719527,-0.10009874,4
117.37877775,31.96321369,41.48376685,5.27448201,139.14418732,41.48176685,106.72697740,0.07648280,-0.44463205,3.12853370,-0.88276685,3.00153370,0.00776685,0.11774141,0.13327716,9.70049106,0.50853095,-0.22329436,-0.09946630,4
117.37877876,31.96321342,41.48372197,5.24571209,139.23995424,41.48172197,106.71520826,0.09985790,-0.44652490,3.12844395,-0.88284342,3.00144395,0.00820774,0.13325432,0.16469188,9.96173489,0.54364687,-0.34504561,-0.07939696,4
117.37877977,31.96321316,41.48318847,5.21696190,139.33572707,41.48118847,106.70337864,0.11686958,-0.45395496,3.12737693,-0.88259418,3.00037693,0.00881130,0.15071464,0.13582438,10.20477695,0.31992149,-0.25384898,-0.03327528,4
117.37878078,31.96321290,41.48255029,5.18823154,139.43150585,41.48055029,106.69150604,0.13251813,-0.46257121,3.12610056,-0.88227515,2.99910056,0.00944971,0.16859215,0.09404337,10.44391994,0.04074773,-0.11703517,0.01842727,4
117.37878179,31.96321264,41.48211411,5.15952105,139.52729059,41.48011411,106.67960732,0.13764655,-0.46239644,3.12694610,-0.88246126,2.99984504,0.00938063,0.19050606,0.06213917,10.45983246,-0.22718174,0.11577429,0.06598478,4
117.37878281,31.96321239,41.48200038,5.13083047,139.62308129,41.48000038,106.66770295,0.12601839,-0.44820697,3.13117399,-0.88345272,3.00381086,0.00818396,0.21884979,0.04604187,10.12004824,-0.47690055,0.50131170,0.10690768,4
117.37878383,31.96321214,41.48200000,5.10215978,139.71887795,41.48000000,106.65581936,0.10850061,-0.42909157,3.13659072,-0.88472723,3.00890891,0.00659096,0.24945348,0.03550037,9.65524351,-0.72021878,0.94053011,0.14549866,4
117.37878485,31.96321189,41.48215913,5.07350893,139.81468056,41.48015913,106.64398653,0.09330490,-0.40538248,3.14112556,-0.88576148,3.01320508,0.00492021,0.25279299,0.02460067,9.33852764,-0.75902887,1.20712166,0.16849024,4
117.37878586,31.96321164,41.48263461,5.04487781,139.91048909,41.48063461,106.63223374,0.08276511,-0.37257449,3.14389918,-0.88631621,3.01589946,0.00309754,0.20191693,0.01295145,9.31705103,-0.39132656,1.13017432,0.16048643,4
117.37878687,31.96321137,41.48326679,5.01626626,140.00630347,41.48126679,106.62058648,0.07453169,-0.33525923,3.14580038,-0.88663340,3.01780038,0.00119962,0.12418447,0.00093094,9.44182499,0.17774699,0.88305058,0.13712866,4
117.37878788,31.96321112,41.48378938,4.98767408,140.10212367,41.48178938,106.60906765,0.07281556,-0.30414758,3.14575004,-0.88639252,3.01786163,-0.00031234,0.05153670,0.00444880,9.58251374,0.60024016,0.62567389,0.11517048,4
117.37878890,31.96321086,41.48399926,4.95910104,140.19794960,41.48199926,106.59770293,0.08958051,-0.29069341,3.14016749,-0.88456954,3.01270751,-0.00072778,-0.00641094,0.05208645,9.76695097,0.60458792,0.34085870,0.09733677,4
117.37878991,31.96321061,41.48400000,4.93054686,140.29378119,41.48200000,106.58652499,0.11870617,-0.28904911,3.13088484,-0.88168840,3.00406520,-0.00040983,-0.05452666,0.12923282,9.98064853,0.32926681,0.03769189,0.08226165,4
117.37879093,31.96321036,41.48392499,4.90201119,140.38961833,41.48192499,106.57557395,0.14301746,-0.28965825,3.12214608,-0.87898930,2.99589289,-0.00005158,-0.08643474,0.19021539,10.15981205,0.06629415,-0.21655494,0.06189877,4
117.37879194,31.96321009,41.48353415,4.87349362,140.48546090,41.48153415,106.56489352,0.14687499,-0.29958014,3.11575212,-0.87707235,2.98975122,0.00046540,-0.05024787,0.18270422,10.19313941,-0.14053974,-0.26455676,0.01923143,4
117.37879296,31.96320984,41.48289061,4.84499366,140.58130876,41.48089061,106.55452580,0.13436700,-0.31695340,3.11123430,-0.87578123,2.98523430,0.00110939,0.04042330,0.12038964,10.10977993,-0.30245567,-0.14753722,-0.04128220,4
117.37879397,31.96320957,41.48233176,4.81651075,140.67716175,41.48033176,106.54450904,0.12165341,-0.33221350,3.10736502,-0.87470623,2.98134366,0.00164688,0.12597305,0.06357406,10.01268933,-0.44416060,-0.01856435,-0.10295819,4
117.37879498,31.96320930,41.48239914,4.78804427,140.77301967,41.48039914,106.53487782,0.10786442,-0.33181579,3.10819200,-0.87519635,2.98199296,0.00140183,0.17262000,0.04843253,9.81818200,-0.43915384,0.19354970,-0.17267199,4
117.37879600,31.96320905,41.48303950,4.75959355,140.86888233,41.48103950,106.52566550,0.09309144,-0.31709144,3.11331601,-0.87711851,2.98679627,0.00044075,0.18367154,0.07142209,9.53453995,-0.29990824,0.48173657,-0.24974028,4
117.37879701,31.96320878,41.48368568,4.73115786,140.96474952,41.48168568,106.51690686,0.07871543,-0.30222173,3.11843608,-0.87904186,2.99159514,-0.00052283,0.19395782,0.09421362,9.25670646,-0.15766106,0.76483764,-0.32558040,4
117.37879803,31.96320851,41.48448231,4.70273642,141.06062100,41.48248231,106.50863858,0.08053677,-0.28358436,3.12276329,-0.88080226,2.99560273,-0.00148171,0.17854368,0.10337804,9.22689681,0.08618986,0.83106921,-0.35067285,4
117.37879903,31.96320825,41.48543574,4.67432837,141.15649653,41.48343574,106.50089833,0.09923608,-0.26102098,3.12626435,-0.88239289,2.99878578,-0.00243574,0.13634917,0.09834276,9.45553310,0.43591405,0.67131826,-0.32288516,4
117.37880004,31.96320799,41.48638973,4.64593279,141.25237582,41.48438973,106.49372309,0.11799801,-0.23844308,3.12976234,-0.88398289,3.00196576,-0.00338973,0.09405533,0.09325478,9.68512821,0.78603069,0.51072888,-0.29490127,4
117.37880105,31.96320774,41.48693884,4.61754871,141.34825859,41.48493884,106.48714724,0.13675015,-0.22356038,3.13096695,-0.88476326,3.00298734,-0.00393884,0.06742002,0.13346129,9.88265662,0.78387449,0.38729250,-0.25830496,4
117.37880206,31.96320748,41.48699978,4.58917510,141.44414453,41.48499978,106.48120257,0.15549050,-0.21795568,3.12940647,-0.88456751,3.00140655,-0.00399978,0.05966398,0.22827875,10.04152279,0.35698809,0.30865087,-0.21132476,4
117.37880309,31.96320723,41.48700000,4.56081087,141.54003333,41.48500000,106.47592011,0.17422937,-0.21350490,3.12750210,-0.88425035,2.99950210,-0.00400000,0.05425595,0.32988810,10.19558039,-0.12272157,0.23558043,-0.16305316,4
117.37880410,31.96320697,41.48700000,4.53245490,141.63592464,41.48500000,106.47133181,0.17846379,-0.20780851,3.12604334,-0.88415755,2.99804334,-0.00433826,0.06057109,0.39227923,10.18105144,-0.40522156,0.24028400,-0.14613009,4
117.37880511,31.96320672,41.48700000,4.50410600,141.73181811,41.48500000,106.46747046,0.16187221,-0.20031752,3.12522624,-0.88438757,2.99722624,-0.00516219,0.08370631,0.39832335,9.92448543,-0.40427985,0.35662865,-0.17422524,4
117.37880614,31.96320646,41.48700000,4.47576291,141.82771337,41.48500000,106.46436782,0.13952568,-0.19233059,3.12458646,-0.88470678,2.99658646,-0.00612032,0.11148952,0.38879673,9.60103588,-0.32501277,0.50382374,-0.21476056,4
117.37880715,31.96320621,41.48737046,4.44742436,141.92361003,41.48537046,106.46205253,0.12921098,-0.18184618,3.12450343,-0.88521135,2.99641082,-0.00698577,0.12686274,0.38375429,9.41154608,-0.16204788,0.58352874,-0.25040969,4
117.37880816,31.96320596,41.48838158,4.41908899,142.01950770,41.48638158,106.46055048,0.13974200,-0.16704598,3.12538211,-0.88603592,2.99703670,-0.00769001,0.12074370,0.38657034,9.45416613,0.14513938,0.54631366,-0.27752607,4
117.37880917,31.96320570,41.48965599,4.39075543,142.11540595,41.48765599,106.45988703,0.15883981,-0.15047217,3.12665599,-0.88699199,2.99799199,-0.00832799,0.10579215,0.39261594,9.59217462,0.51159634,0.46104885,-0.30113576,4
117.37881019,31.96320545,41.49078824,4.36242226,142.21130437,41.48878824,106.46008960,0.18235053,-0.13969774,3.12685582,-0.88759014,2.99794462,-0.00867894,0.09008542,0.39774310,9.72549578,0.79415590,0.31410893,-0.31921345,4
117.37881120,31.96320520,41.49160326,4.33408799,142.30720250,41.48960326,106.46118842,0.21556238,-0.14178670,3.12467276,-0.88739423,2.99567312,-0.00839459,0.07278312,0.40080725,9.84759605,0.89033116,0.03095646,-0.32506642,4
117.37881222,31.96320495,41.49224226,4.30575112,142.40309990,41.49024226,106.46321413,0.25415675,-0.15101277,3.12116757,-0.88675774,2.99216757,-0.00775774,0.05459558,0.40272678,9.96347023,0.88309287,-0.32777134,-0.32413661,4
117.37881323,31.96320470,41.49287904,4.27741006,142.49899609,41.49087904,106.46619414,0.28774181,-0.15979237,3.11907670,-0.88657462,2.99002629,-0.00717137,0.04788991,0.41073640,10.05046424,0.80094945,-0.55515118,-0.32227411,4
117.37881425,31.96320444,41.49351118,4.24906321,142.59489057,41.49151118,106.47014947,0.30583335,-0.16710760,3.12135788,-0.88779326,2.99210184,-0.00674488,0.07655442,0.43751533,10.04859897,0.48942699,-0.37709117,-0.31762437,4
117.37881526,31.96320418,41.49414008,4.22070890,142.69078286,41.49214008,106.47509359,0.31311086,-0.17340074,3.12669064,-0.88999027,2.99712060,-0.00642996,0.12990636,0.47739476,9.98471237,0.01780381,0.08395500,-0.31102922,4
117.37881628,31.96320393,41.49476872,4.19234550,142.78667245,41.49276872,106.48103445,0.32011138,-0.17700840,3.13221735,-0.89221344,3.00233298,-0.00627591,0.17825873,0.51090315,9.91518647,-0.39240168,0.51592781,-0.29806323,4
117.37881729,31.96320368,41.49539581,4.16397132,142.88255883,41.49339581,106.48797843,0.32556679,-0.16273430,3.13895227,-0.89458380,3.00875436,-0.00719155,0.19257768,0.50155531,9.80978374,-0.38852165,0.74609452,-0.24266293,4
117.37881832,31.96320343,41.49602147,4.13558468,142.97844149,41.49402147,106.49593361,0.32963955,-0.13245876,3.14676836,-0.89708588,3.01625762,-0.00906441,0.17644180,0.45385762,9.67227682,-0.01409713,0.79567458,-0.14929039,4
117.37881933,31.96320318,41.49664713,4.10718390,143.07431991,41.49464713,106.50491058,0.33370633,-0.10211434,3.15458909,-0.89958851,3.02376553,-0.01094139,0.16017469,0.40599477,9.53463202,0.36192344,0.84447592,-0.05575449,4
117.37882034,31.96320293,41.49726802,4.07876725,143.17019358,41.49526802,106.51492057,0.34711700,-0.07768277,3.15979347,-0.90121982,3.02880150,-0.01237792,0.11576483,0.39372324,9.53837451,0.59104802,0.77117433,-0.00682242,4
117.37882137,31.96320267,41.49788363,4.05033300,143.26606196,41.49588363,106.52597216,0.37090523,-0.05981807,3.16209209,-0.90188343,3.03109213,-0.01332534,0.04009893,0.42098014,9.69914467,0.65702744,0.56226250,-0.00742818,4
117.37882238,31.96320241,41.49849897,4.02187941,143.36192452,41.49649897,106.53806908,0.39520903,-0.04227956,3.16424637,-0.90249897,3.03324637,-0.01424845,-0.03711981,0.45020072,9.86771576,0.71490248,0.34661359,-0.01049481,4
117.37882339,31.96320216,41.49890465,3.99340473,143.45778073,41.49690465,106.55121071,0.41430605,-0.03516749,3.16418296,-0.90248085,3.03318296,-0.01453912,-0.08676166,0.44997592,9.96880773,0.61657337,0.13756731,-0.03222989,4
117.37882441,31.96320191,41.49899957,3.96490722,143.55363004,41.49699957,106.56539416,0.42568233,-0.04350769,3.16083334,-0.90152381,3.02983334,-0.01389254,-0.09551895,0.40609468,9.96983331,0.28676490,-0.06165104,-0.08162071,4
117.37882542,31.96320167,41.49900000,3.93638514,143.64947193,41.49700000,106.58061667,0.43471083,-0.05654672,3.15648443,-0.90028126,3.02548443,-0.01296096,-0.09184379,0.34893817,9.94043004,-0.11343274,-0.25788048,-0.13942118,4
117.37882644,31.96320141,41.49914365,3.90783678,143.74530585,41.49714365,106.59687679,0.43829357,-0.06723872,3.15423720,-0.89976233,3.02316538,-0.01224854,-0.07929789,0.31479621,9.88217376,-0.37275273,-0.34954685,-0.19809917,4
117.37882745,31.96320115,41.49959029,3.87926038,143.84113128,41.49759029,106.61417353,0.43041228,-0.07293536,3.15643252,-0.90077240,3.02513738,-0.01200115,-0.04816018,0.32932454,9.76334985,-0.33425395,-0.22069203,-0.25854789,4
117.37882847,31.96320089,41.50019737,3.85065424,143.93694768,41.49819737,106.63250381,0.41646051,-0.07598684,3.16098027,-0.90259211,3.02938159,-0.01200000,-0.00717757,0.36962506,9.61245370,-0.13805231,0.02493461,-0.31993431,4
117.37882948,31.96320063,41.50086408,3.82201663,144.03275451,41.49886408,106.65185967,0.40519559,-0.07838356,3.16557070,-0.90444585,3.03366794,-0.01202927,0.02664177,0.40277770,9.48793889,0.04370773,0.22591845,-0.37684943,4
117.37883050,31.96320038,41.50183185,3.79334585,144.12855125,41.49983185,106.67222663,0.40781574,-0.07749490,3.17032325,-0.90645425,3.03811558,-0.01220826,0.02359414,0.39876229,9.49910033,0.14785446,0.19581962,-0.41087608,4
117.37883151,31.96320012,41.50305306,3.76464023,144.22433737,41.50105306,106.69358371,0.42212348,-0.07384082,3.17521225,-0.90859286,3.04269899,-0.01251327,-0.01048575,0.36346118,9.62446545,0.18667147,-0.02879005,-0.42563675,4
117.37883252,31.96319987,41.50427548,3.73589814,144.32011237,41.50227548,106.71590565,0.43648696,-0.07017354,3.18010194,-0.91073211,3.04728307,-0.01281887,-0.04471360,0.32801091,9.75037504,0.22517781,-0.25432713,-0.44030583,4
117.37883353,31.96319962,41.50521439,3.70711800,144.41587574,41.50321439,106.73916576,0.44124119,-0.07819446,3.18584006,-0.91310210,3.05258820,-0.01232668,-0.04509833,0.31201683,9.86796436,0.12919541,-0.40138594,-0.42685760,4
117.37883454,31.96319935,41.50582992,3.67829827,144.51162701,41.50382992,106.76333703,0.43503556,-0.09954635,3.19254582,-0.91573528,3.05871572,-0.01092457,-0.00688322,0.31821357,9.97606389,-0.12017831,-0.45893606,-0.38134013,4
117.37883555,31.96319908,41.50641985,3.64943745,144.60736569,41.50441985,106.78839157,0.42796181,-0.12195427,3.19932827,-0.91838933,3.06490842,-0.00945037,0.03438944,0.32616797,10.08341257,-0.38170314,-0.50939711,-0.33328229,4
117.37883656,31.96319881,41.50701252,3.62053410,144.70309134,41.50501252,106.81429833,0.41276090,-0.14315370,3.20482182,-0.92058970,3.06988707,-0.00820202,0.06179901,0.31908032,10.10416898,-0.65139871,-0.55610415,-0.30535691,4
117.37883758,31.96319855,41.50761072,3.59158683,144.79880352,41.50561072,106.84102108,0.38187788,-0.16201059,3.20782635,-0.92191404,3.07252133,-0.00739031,0.06241807,0.28293788,9.95776166,-0.93675914,-0.59562608,-0.31632074,4
117.37883859,31.96319830,41.50821159,3.56259431,144.89450180,41.50621159,106.86851848,0.34345838,-0.17974184,3.20963477,-0.92281738,3.07402897,-0.00678841,0.05016245,0.23283241,9.73101981,-1.22964906,-0.63169527,-0.34597360,4
117.37883961,31.96319805,41.50889778,3.53355530,144.99018578,41.50689778,106.89674555,0.30755709,-0.19776299,3.21209993,-0.92394831,3.07616555,-0.00610222,0.04392192,0.18376813,9.53128749,-1.44044143,-0.65715598,-0.37931591,4
117.37884062,31.96319778,41.51000391,3.50446861,145.08585509,41.50800391,106.92565535,0.28423133,-0.21723727,3.21782600,-0.92620943,3.08142456,-0.00499609,0.06759469,0.14016278,9.46641727,-1.24696077,-0.63048283,-0.43037150,4
117.37884163,31.96319751,41.51145912,3.47533315,145.18150938,41.50945912,106.95519985,0.27135971,-0.23791957,3.22626292,-0.92941008,3.08927927,-0.00354088,0.11613475,0.10109547,9.51365928,-0.71740327,-0.56047021,-0.49615242,4
117.37884264,31.96319724,41.51291606,3.44614792,145.27714832,41.51091606,106.98532946,0.25853876,-0.25860791,3.23471309,-0.93261531,3.09714667,-0.00208394,0.16479607,0.06204987,9.56144644,-0.18620822,-0.49024639,-0.56200545,4
117.37884365,31.96319698,41.51437901,3.41691197,145.37277161,41.51237901,107.01599157,0.25262779,-0.27617678,3.24220356,-0.93572331,3.10405195,-0.00084203,0.18580660,0.06451066,9.69276836,0.05860606,-0.47212073,-0.61133159,4
117.37884467,31.96319673,41.51585012,3.38762447,145.46837898,41.51385012,107.04712980,0.25604078,-0.28953635,3.24839905,-0.93870010,3.10965900,0.00010976,0.16950667,0.12297783,9.93680685,-0.08300661,-0.52429340,-0.63835710,4
117.37884568,31.96319647,41.51732315,3.35828468,145.56397018,41.51532315,107.07868477,0.26162797,-0.30191445,3.25429260,-0.94164630,3.11496333,0.00099389,0.14450646,0.19450505,10.20713016,-0.31472828,-0.59285875,-0.66018261,4
117.37884669,31.96319621,41.51857767,3.32889196,145.65954501,41.51657767,107.11059538,0.26113875,-0.31352660,3.26139653,-0.94488538,3.12142987,0.00171531,0.12928085,0.24490962,10.36770803,-0.53613537,-0.60054930,-0.66702689,4
117.37884770,31.96319595,41.51924272,3.29944577,145.75510328,41.51724272,107.14279985,0.24423048,-0.32308504,3.27176926,-0.94891488,3.13103527,0.00199866,0.14053389,0.23816769,10.23190698,-0.72856268,-0.44381885,-0.63352553,4
117.37884871,31.96319568,41.51952832,3.26994568,145.85064484,41.51752832,107.17523620,0.21675253,-0.33132141,3.28424628,-0.95345319,3.14266131,0.00200000,0.16883244,0.19463803,9.90531353,-0.90233459,-0.18124319,-0.57405186,4
117.37884972,31.96319542,41.51981212,3.24039135,145.94616958,41.51781212,107.20784155,0.18922422,-0.33955152,3.29673334,-0.95799395,3.15429698,0.00200000,0.19721214,0.15093330,9.57781186,-1.07601832,0.08183658,-0.51445450,4
117.37885073,31.96319515,41.52057697,3.21078257,146.04167741,41.51857697,107.24055162,0.17300846,-0.33549986,3.30738851,-0.96184678,3.16421477,0.00152087,0.20518163,0.10465657,9.41207262,-0.93189938,0.27938148,-0.46343695,4
117.37885175,31.96319489,41.52192996,3.18111921,146.13716829,41.51992996,107.27330044,0.17062358,-0.31643231,3.31580396,-0.96485853,3.17203224,0.00045596,0.18819731,0.05523530,9.44410652,-0.39923059,0.39680240,-0.42290926,4
117.37885276,31.96319463,41.52337170,3.15140127,146.23264219,41.52137170,107.30602032,0.17032566,-0.29509896,3.32388147,-0.96774339,3.17953280,-0.00069736,0.16744764,0.00533947,9.50598275,0.19206799,0.50213350,-0.38396432,4
117.37885377,31.96319437,41.52464821,3.12162886,146.32809915,41.52264821,107.33864230,0.17400000,-0.27729446,3.33165325,-0.97050771,3.18678341,-0.00158125,0.15090376,-0.01637008,9.59684224,0.60776981,0.54102292,-0.34426922,4
117.37885478,31.96319411,41.52548785,3.09180220,146.42353922,41.52348785,107.37109705,0.18812784,-0.26882606,3.33862257,-0.97295557,3.19337844,-0.00175337,0.14549971,0.03627948,9.76379899,0.55955544,0.40478904,-0.30257641,4
117.37885579,31.96319384,41.52605074,3.06192163,146.51896249,41.52405074,107.40331565,0.20887748,-0.26627166,3.34508354,-0.97520297,3.19955817,-0.00147463,0.14715223,0.13603223,9.97895990,0.21747073,0.15762239,-0.25961817,4
117.37885680,31.96319357,41.52661237,3.03198762,146.61436908,41.52461237,107.43523013,0.22965747,-0.26374436,3.35154219,-0.97744946,3.20573600,-0.00119382,0.14883709,0.23600080,10.19434160,-0.12596062,-0.09005255,-0.21665415,4
117.37885782,31.96319331,41.52683283,3.00200071,146.70975917,41.52483283,107.46677355,0.23573737,-0.25842412,3.35655905,-0.97937009,3.21046951,-0.00137212,0.14972934,0.25793201,10.26106009,-0.37636801,-0.09356160,-0.21438838,4
117.37885884,31.96319304,41.52662355,2.97196160,146.80513295,41.52462355,107.49787974,0.22329914,-0.24958552,3.35975967,-0.98088023,3.21338356,-0.00212879,0.14962310,0.18155726,10.14050309,-0.50959028,0.21051228,-0.26339139,4
117.37885984,31.96319277,41.52633674,2.94187106,146.90049066,41.52433674,107.52848293,0.20752046,-0.24011228,3.36263264,-0.98231631,3.21596938,-0.00298980,0.14933674,0.08744929,9.98616378,-0.62167309,0.57007021,-0.32164266,4
117.37886086,31.96319251,41.52614425,2.91173000,146.99583257,41.52414425,107.55851814,0.19356361,-0.22580297,3.36652342,-0.98407447,3.21952724,-0.00412894,0.15190589,0.01125471,9.82353542,-0.64661162,0.90056345,-0.37265316,4
117.37886188,31.96319223,41.52623320,2.88153942,147.09115897,41.52423320,107.58792275,0.18506652,-0.19712488,3.37344430,-0.98679108,3.22597919,-0.00609363,0.16296652,-0.01145371,9.63670637,-0.41275820,1.14392604,-0.40201692,4
117.37886288,31.96319196,41.52651318,2.85130041,147.18647019,41.52451318,107.61663822,0.18027575,-0.15869272,3.38242214,-0.99015830,3.23439576,-0.00861873,0.17979151,0.00214640,9.43344911,-0.00322672,1.32814066,-0.41668597,4
117.37886389,31.96319168,41.52679404,2.82101418,147.28176662,41.52479404,107.64461077,0.17550143,-0.12021739,3.39140907,-0.99352841,3.24282101,-0.01114630,0.19664202,0.01590765,9.23011966,0.40708312,1.51209202,-0.43128975,4
117.37886489,31.96319141,41.52729241,2.79068201,147.37704863,41.52529241,107.67179010,0.18801924,-0.08277553,3.39837686,-0.99615485,3.24933302,-0.01335958,0.18618724,0.03892171,9.22396306,0.65860761,1.52313599,-0.40894953,4
117.37886590,31.96319114,41.52807884,2.76030527,147.47231664,41.52607884,107.69812727,0.22343347,-0.04670206,3.40267112,-0.99779663,3.25331174,-0.01515670,0.13957766,0.07418740,9.47888226,0.69988506,1.30523397,-0.33769192,4
117.37886690,31.96319087,41.52893008,2.72988540,147.56757109,41.52693008,107.72357281,0.26400033,-0.01093677,3.40636367,-0.99921679,3.25672031,-0.01686015,0.08483171,0.11221010,9.79255501,0.69384610,1.03580898,-0.25542590,4
117.37886791,31.96319059,41.52960420,2.69942393,147.66281246,41.52760420,107.74807766,0.29885989,0.02231191,3.40948465,-1.00045784,3.25959307,-0.01845517,0.03488242,0.14339040,10.07127095,0.61964249,0.79373398,-0.18252827,4
117.37886891,31.96319031,41.52958002,2.66892247,147.75804124,41.52758002,107.77159601,0.31116523,0.04566002,3.41036600,-1.00099763,3.26036648,-0.01962500,0.00395315,0.14758900,10.21138053,0.27791387,0.66019804,-0.14669606,4
117.37886992,31.96319003,41.52902068,2.63838270,147.85325795,41.52702068,107.79408688,0.30618617,0.06142082,3.40953102,-1.00100000,3.25953102,-0.02046898,-0.01240013,0.13111021,10.24526923,-0.26883195,0.60984098,-0.13926891,4
117.37887092,31.96318974,41.52845900,2.60780636,147.94846313,41.52645900,107.81551454,0.30113097,0.07714808,3.40868850,-1.00100000,3.25868850,-0.02131150,-0.02868908,0.11454041,10.27868968,-0.81647793,0.55985073,-0.13196696,4
117.37887193,31.96318946,41.52789297,2.57719527,148.04365734,41.52589297,107.83584727,0.28987648,0.09084552,3.40656830,-1.00060887,3.25656830,-0.02216054,-0.04676606,0.10380744,10.18339333,-1.07383051,0.50067427,-0.14181833,4
117.37887293,31.96318918,41.52732055,2.54655126,148.13884115,41.52532055,107.85505549,0.26947005,0.10154640,3.40256188,-0.99964033,3.25256188,-0.02301917,-0.06748269,0.10169126,9.89807434,-0.90262872,0.42793620,-0.17699286,4
117.37887394,31.96318890,41.52674614,2.51587623,148.23401515,41.52474614,107.87311184,0.24621857,0.11131566,3.39796909,-0.99849227,3.24796909,-0.02388080,-0.08901984,0.10225386,9.55368246,-0.59819897,0.35098242,-0.22003969,4
117.37887494,31.96318862,41.52626185,2.48517213,148.32917994,41.52426185,107.88999283,0.22625932,0.11834601,3.39367395,-0.99746358,3.24367395,-0.02453207,-0.10364822,0.10018287,9.26175884,-0.29423706,0.24884128,-0.26041944,4
117.37887595,31.96318834,41.52620309,2.45444093,148.42433615,41.52420309,107.90568060,0.22190130,0.11246578,3.39079602,-0.99700207,3.24079602,-0.02419026,-0.08564408,0.08562304,9.21875715,0.00474838,0.02787855,-0.28804500,4
117.37887695,31.96318804,41.52648899,2.42368463,148.51948439,41.52448899,107.92016336,0.23018068,0.09612763,3.38906606,-0.99700000,3.23906606,-0.02304404,-0.04120671,0.06094694,9.37738891,0.29970274,-0.28933286,-0.30533934,4
117.37887795,31.96318775,41.52677646,2.39290525,148.61462530,41.52477646,107.93343331,0.23851705,0.07974234,3.38734130,-0.99700000,3.23734130,-0.02189420,0.00334978,0.03622528,9.53692985,0.59463789,-0.60697745,-0.32258701,4
117.37887895,31.96318746,41.52685666,2.36210480,148.70975951,41.52485666,107.94548481,0.25537109,0.07029355,3.38841668,-0.99783018,3.23820914,-0.02115831,0.05656371,0.02206388,9.73108203,0.70670713,-0.61009089,-0.33020095,4
117.37887995,31.96318717,41.52664730,2.33128534,148.80488766,41.52464730,107.95631461,0.28412487,0.07053545,3.39340407,-0.99982019,3.24269902,-0.02100072,0.12187272,0.02265580,9.97358853,0.56330130,-0.17378450,-0.32435597,4
117.37888095,31.96318688,41.52635940,2.30044888,148.90001039,41.52435940,107.96592473,0.31610641,0.07340598,3.39945256,-1.00212478,3.24817136,-0.02100000,0.19046237,0.02724958,10.22921062,0.35059792,0.38171396,-0.31486026,4
117.37888196,31.96318660,41.52614533,2.26959746,148.99512833,41.52414533,107.97432620,0.34313481,0.07987841,3.40556317,-1.00442466,3.25374371,-0.02129368,0.23920724,0.03302405,10.41027586,0.14284536,0.85407886,-0.29964648,4
117.37888296,31.96318631,41.52621366,2.23873307,149.09024213,41.52421366,107.98153925,0.35125429,0.10001490,3.41189172,-1.00670112,3.25967960,-0.02270518,0.21236087,0.04322297,10.30733115,-0.04485760,1.00794314,-0.26273181,4
117.37888397,31.96318603,41.52649498,2.20785767,149.18535239,41.52449498,107.98758942,0.34511030,0.13045854,3.41838469,-1.00895989,3.26588970,-0.02495989,0.12849402,0.05675935,9.99015021,-0.21743675,0.92155418,-0.20944755,4
117.37888497,31.96318574,41.52677732,2.17697317,149.28045972,41.52477732,107.99250218,0.33889889,0.16095091,3.42487843,-1.01121859,3.27210111,-0.02721859,0.04435768,0.07031151,9.67195674,-0.38994449,0.83402980,-0.15608591,4
117.37888598,31.96318546,41.52726464,2.14608145,149.37556472,41.52526464,107.99630030,0.33458612,0.18011610,3.42713562,-1.01206561,3.27427786,-0.02857419,-0.03088071,0.07803826,9.49686680,-0.40827916,0.63597102,-0.10863725,4
117.37888698,31.96318517,41.52804219,2.11518435,149.47066796,41.52604219,107.99900649,0.33296187,0.18324183,3.42339379,-1.01091369,3.27074145,-0.02865100,-0.09351946,0.07751611,9.52441381,-0.20830223,0.28139367,-0.06956147,4
117.37888798,31.96318489,41.52890186,2.08428365,149.56577003,41.52690186,108.00064885,0.33209814,0.18183025,3.41795493,-1.00919630,3.26558888,-0.02836605,-0.15259392,0.07466049,9.60928347,0.05343130,-0.11745992,-0.03285426,4
117.37888899,31.96318461,41.52972955,2.05338110,149.66087147,41.52772955,108.00126550,0.33403970,0.17825983,3.41263503,-1.00754091,3.26052264,-0.02797894,-0.19543797,0.07332507,9.69459477,0.27773104,-0.45589983,-0.00542453,4
117.37888999,31.96318432,41.53041828,2.02247837,149.75597282,41.52841828,108.00090454,0.34800929,0.16551479,3.40786095,-1.00616343,3.25586040,-0.02716067,-0.16867426,0.07856448,9.78061682,0.34004072,-0.53405240,-0.01777642,4
117.37889098,31.96318404,41.53099798,1.99157704,149.85107459,41.52899798,107.99961908,0.37141784,0.14556999,3.40351521,-1.00500406,3.25151521,-0.02600406,-0.08728604,0.08896349,9.86719673,0.27522923,-0.40794527,-0.06134685,4
117.37889199,31.96318376,41.53157713,1.96067860,149.94617726,41.52957713,107.99746157,0.39487340,0.12558932,3.39917159,-1.00384576,3.24717159,-0.02484576,-0.00562592,0.09938818,9.95377960,0.20978531,-0.28082192,-0.10507264,4
117.37889300,31.96318347,41.53193403,1.92978446,150.04128127,41.52993403,107.99448146,0.40776818,0.11305315,3.39671764,-1.00335480,3.24471764,-0.02413194,0.04692660,0.08653553,9.96646618,0.14003785,-0.17863518,-0.14461050,4
117.37889400,31.96318319,41.53199967,1.89889594,150.13638707,41.52999967,107.99072779,0.40682228,0.11027353,3.39674023,-1.00373843,3.24474023,-0.02400066,0.06133157,0.04317629,9.88230651,0.06465033,-0.10912968,-0.17865972,4
117.37889500,31.96318291,41.53200000,1.86801429,150.23149504,41.53000000,107.98625401,0.40277262,0.10968180,3.39731820,-1.00431820,3.24531820,-0.02400000,0.06718197,-0.00702401,9.77642910,-0.01200196,-0.04695295,-0.21147811,4
117.37889601,31.96318263,41.53204793,1.83714065,150.32660557,41.53004793,107.98112093,0.40072277,0.10603411,3.39756310,-1.00480274,3.24556310,-0.02380830,0.06757022,-0.03259395,9.69389511,-0.05434665,-0.05391284,-0.23990913,4
117.37889701,31.96318234,41.53223947,1.80627607,150.42171899,41.53023947,107.97539592,0.40471230,0.09319583,3.39680162,-1.00499899,3.24480162,-0.02304211,0.05171895,0.01574755,9.68163964,0.00613552,-0.26794084,-0.25521126,4
117.37889802,31.96318206,41.53252828,1.77542147,150.51683561,41.53052828,107.96914901,0.41279187,0.07413346,3.39535860,-1.00500000,3.24335860,-0.02188688,0.02486987,0.11414380,9.71697856,0.13625470,-0.62220068,-0.26162218,4
117.37889903,31.96318178,41.53281759,1.74457765,150.61195569,41.53081759,107.96244854,0.42089262,0.05503882,3.39391203,-1.00500000,3.24191203,-0.02072963,-0.00203618,0.21279937,9.75256399,0.26673465,-0.97718717,-0.26798706,4
117.37890002,31.96318149,41.53336092,1.71374531,150.70707946,41.53136092,107.95535911,0.42535935,0.03523569,3.39359753,-1.00537928,3.24147111,-0.01944132,-0.00667206,0.25697965,9.82976027,0.20303687,-1.04027979,-0.28133095,4
117.37890103,31.96318121,41.53419982,1.68292505,150.80220713,41.53219982,107.94794307,0.42559744,0.01460809,3.39460035,-1.00619992,3.24220038,-0.01800051,0.01460628,0.23777100,9.95537607,-0.08661150,-0.76371675,-0.30279582,4
117.37890203,31.96318093,41.53507560,1.65211734,150.89733885,41.53307560,107.94026331,0.42530813,-0.00612240,3.39576745,-1.00707560,3.24307560,-0.01654068,0.03911665,0.21065658,10.08703102,-0.40444076,-0.44479177,-0.32527360,4
117.37890304,31.96318064,41.53594922,1.62132258,150.99247477,41.53394922,107.93238570,0.41855368,-0.02440672,3.39680303,-1.00794922,3.24381995,-0.01534316,0.04890649,0.19152409,10.14875636,-0.68265678,-0.25596100,-0.35306105,4
117.37890405,31.96318037,41.53681764,1.59054104,151.08761497,41.53481764,107.92437946,0.39742974,-0.03725066,3.39754424,-1.00881764,3.24427169,-0.01472917,0.02592810,0.19022936,10.05492212,-0.87247102,-0.35687981,-0.39264319,4
117.37890504,31.96318009,41.53768318,1.55977286,151.18275951,41.53568318,107.91631534,0.36833295,-0.04707604,3.39812213,-1.00968318,3.24456106,-0.01443894,-0.01523157,0.19883180,9.87477649,-1.01323619,-0.61856452,-0.43876959,4
117.37890605,31.96317981,41.53854870,1.52901808,151.27790842,41.53654870,107.90826317,0.33919358,-0.05688533,3.39869913,-1.01054870,3.24484957,-0.01415043,-0.05648829,0.20748706,9.69417013,-1.15373985,-0.88110732,-0.48493096,4
117.37890706,31.96317954,41.53984589,1.49827662,151.37306168,41.53784589,107.90029125,0.31414969,-0.08751301,3.39657775,-1.01056610,3.24258019,-0.01243825,-0.06940449,0.22159650,9.63949043,-1.04081446,-1.18030929,-0.50832624,4
117.37890806,31.96317926,41.54159029,1.46754830,151.46821924,41.53959029,107.89246752,0.29334883,-0.13970917,3.39166075,-1.00970482,3.23766076,-0.00925110,-0.05295901,0.24135664,9.71527463,-0.66532884,-1.51749114,-0.50813514,4
117.37890907,31.96317898,41.54334211,1.43683279,151.56338100,41.54134211,107.88486173,0.27261838,-0.19226327,3.38669735,-1.00882895,3.23269735,-0.00603947,-0.03602628,0.26121057,9.79322384,-0.28548607,-1.85530332,-0.50755263,4
117.37891008,31.96317871,41.54509346,1.40612968,151.65854685,41.54309346,107.87754664,0.25821266,-0.24245470,3.38367939,-1.00868234,3.22959838,-0.00299066,-0.00192269,0.25837687,9.86224825,-0.04992890,-1.97049266,-0.53272956,4
117.37891109,31.96317844,41.54684394,1.37543843,151.75371660,41.54484394,107.87059668,0.25517898,-0.28839549,3.38415979,-1.00984714,3.22985211,-0.00023480,0.06305262,0.21474795,9.91521064,-0.07384051,-1.68537970,-0.60422716,4
117.37891210,31.96317816,41.54859402,1.34475835,151.84889007,41.54659402,107.86408514,0.25719302,-0.33244954,3.38619302,-1.01159402,3.23159402,0.00239104,0.14173097,0.15301124,9.96104356,-0.21292272,-1.22258428,-0.69628514,4
117.37891312,31.96317788,41.55030505,1.31408867,151.94406699,41.54830505,107.85808190,0.25853892,-0.37416466,3.38858197,-1.01345958,3.23365273,0.00488031,0.21586835,0.09690753,9.99730355,-0.33923709,-0.78772520,-0.78113233,4
117.37891413,31.96317762,41.55172535,1.28342847,152.03924708,41.54972535,107.85265328,0.25470507,-0.39854677,3.39355528,-1.01618465,3.23800876,0.00635838,0.25564410,0.08347413,9.96259759,-0.36580391,-0.56807823,-0.81146455,4
117.37891514,31.96317734,41.55288925,1.25277675,152.13443003,41.55088925,107.84786506,0.24630288,-0.40764175,3.40080786,-1.01966777,3.24439092,0.00694463,0.26511407,0.10767442,9.86530233,-0.30439701,-0.53824086,-0.79371650,4
117.37891614,31.96317707,41.55405171,1.22213239,152.22961547,41.55205171,107.84378731,0.23787506,-0.41665079,3.40807321,-1.02315514,3.25078443,0.00752586,0.27441371,0.13208600,9.76765600,-0.24249621,-0.50947007,-0.77569843,4
117.37891715,31.96317680,41.55530284,1.19149414,152.32480302,41.55330284,107.84049756,0.23680898,-0.42841508,3.41518719,-1.02661657,3.25713037,0.00820008,0.26641851,0.16896757,9.66295057,-0.12636206,-0.51030401,-0.76384826,4
117.37891816,31.96317653,41.55668361,1.16086064,152.41999222,41.55468361,107.83807961,0.24650628,-0.44420778,3.42207986,-1.03004006,3.26340677,0.00901027,0.23313686,0.22408130,9.54792403,0.06906569,-0.55442242,-0.76101604,4
117.37891917,31.96317627,41.55810486,1.13023035,152.51518259,41.55610486,107.83661793,0.25956472,-0.46125833,3.42890334,-1.03345166,3.26966138,0.00986292,0.19195904,0.28488806,9.42967557,0.28925346,-0.61205735,-0.76100000,4
117.37892018,31.96317601,41.55952699,1.09960162,152.61037359,41.55752699,107.83619110,0.27165545,-0.47745515,3.43560547,-1.03681514,3.27576984,0.01071619,0.15779164,0.32932270,9.34759530,0.49384733,-0.63995898,-0.76137235,4
117.37892119,31.96317574,41.56095297,1.06897268,152.70556463,41.55895297,107.83686828,0.27811573,-0.48874048,3.44161779,-1.03990454,3.28104532,0.01157177,0.16388126,0.28015385,9.47199466,0.60866751,-0.49776148,-0.76386934,4
117.37892220,31.96317548,41.56238215,1.03834164,152.80075512,41.56038215,107.83871053,0.27985858,-0.49591076,3.44705218,-1.04276431,3.28562289,0.01242929,0.20370025,0.15255918,9.76939334,0.64827097,-0.21304603,-0.76814646,4
117.37892321,31.96317521,41.56381134,1.00770652,152.89594438,41.56181134,107.84177492,0.28157362,-0.50305676,3.45248313,-1.04562270,3.29019633,0.01328681,0.24371785,0.02450290,10.06781020,0.68743104,0.07250803,-0.77243405,4
117.37892421,31.96317494,41.56504794,0.97706524,152.99113175,41.56304794,107.84611814,0.29728113,-0.50048083,3.45800092,-1.04847669,3.29495311,0.01338137,0.26139570,-0.00976925,10.17697500,0.73833603,0.32306182,-0.78147528,4
117.37892522,31.96317467,41.56599666,0.94641565,153.08631650,41.56399666,107.85179691,0.33390002,-0.48337573,3.46364846,-1.05132409,3.29998392,0.01233570,0.24568749,0.09611625,10.00330819,0.80679363,0.52130919,-0.79762067,4
117.37892623,31.96317440,41.56685079,0.91575547,153.18149789,41.56485079,107.85886427,0.37739041,-0.46149633,3.46933862,-1.05416931,3.30510475,0.01091535,0.21900850,0.24805799,9.73670195,0.88101894,0.70236801,-0.81610050,4
117.37892724,31.96317414,41.56770448,0.88508237,153.27667515,41.56570448,107.86736497,0.41556862,-0.43887476,3.47498409,-1.05703786,3.31015819,0.00946962,0.19484789,0.38525028,9.51152968,0.88114144,0.87599793,-0.83537602,4
117.37892826,31.96317388,41.56855898,0.85439394,153.37184746,41.56655898,107.87733287,0.42073260,-0.41185351,3.48035239,-1.06005035,3.31479267,0.00788129,0.18662468,0.42977699,9.54532072,0.42407096,1.00445308,-0.85947180,4
117.37892927,31.96317361,41.56941416,0.82368773,153.46701402,41.56741416,107.88879184,0.39781760,-0.38109014,3.48548498,-1.06318526,3.31907082,0.00617168,0.19195637,0.39549072,9.79936330,-0.42184954,1.09448709,-0.88766738,4
117.37893028,31.96317334,41.57026935,0.79296126,153.56217399,41.56826935,107.90176024,0.37472736,-0.35030315,3.49061615,-1.06632098,3.32334678,0.00446129,0.19737260,0.36071281,10.05478129,-1.27020217,1.18428249,-0.91588878,4
117.37893129,31.96317307,41.57094003,0.76221201,153.65732653,41.56894003,107.91625529,0.34537529,-0.31694261,3.49482451,-1.06917949,3.32679231,0.00247480,0.18933178,0.31589708,10.18857788,-1.75311883,1.26069373,-0.93967993,4
117.37893230,31.96317279,41.57132571,0.73143745,153.75247078,41.56932571,107.93229488,0.30635232,-0.27960758,3.49760761,-1.07160984,3.32895523,0.00006191,0.16050720,0.25557863,10.13453472,-1.67163279,1.31643328,-0.95662856,4
117.37893331,31.96317251,41.57161122,0.70063499,153.84760588,41.56961122,107.94989646,0.26392951,-0.24087525,3.49988969,-1.07388969,3.33066727,-0.00250090,0.12437615,0.18981017,10.01445758,-1.39173435,1.36490594,-0.97117178,4
117.37893432,31.96317223,41.57189606,0.66980206,153.94273095,41.56989606,107.96907366,0.22171059,-0.20341243,3.50174314,-1.07606718,3.33197128,-0.00498348,0.08712762,0.13136297,9.90324440,-1.13285127,1.38104673,-0.98762280,4
117.37893533,31.96317197,41.57218077,0.63893603,154.03784511,41.57018077,107.98983307,0.18106345,-0.17485478,3.50063323,-1.07753828,3.33045327,-0.00690061,0.04242007,0.12415189,9.85669401,-1.02912685,1.17231442,-1.01746766,4
117.37893633,31.96317170,41.57246536,0.60803429,154.13294745,41.57046536,108.01217345,0.14178091,-0.15402903,3.49695038,-1.07839607,3.32648502,-0.00832677,-0.00876404,0.16142695,9.86628746,-1.06011985,0.76833340,-1.05894194,4
117.37893734,31.96317143,41.57274996,0.57709422,154.22803711,41.57074996,108.03608768,0.10250683,-0.13325362,3.49325064,-1.07924985,3.32250070,-0.00974975,-0.05999109,0.19899346,9.87624827,-1.09199446,0.36307050,-1.10049277,4
117.37893835,31.96317115,41.57294584,0.54611325,154.32311318,41.57094584,108.06156627,0.07902496,-0.12650059,3.48892816,-1.07992632,3.31780473,-0.01028527,-0.09951427,0.19759246,9.80026153,-0.90633866,-0.05342350,-1.14321144,4
117.37893935,31.96317087,41.57299965,0.51508879,154.41817479,41.57099965,108.08859972,0.08084159,-0.14221076,3.48360811,-1.08031877,3.31196881,-0.00939911,-0.12028810,0.13376755,9.58659200,-0.37221233,-0.48790529,-1.18780054,4
117.37894036,31.96317057,41.57300000,0.48401828,154.51322105,41.57100000,108.11717829,0.09217441,-0.16637061,3.47791280,-1.08060435,3.30570407,-0.00797820,-0.13400928,0.04646144,9.32113201,0.29299395,-0.92915382,-1.23309326,4
117.37894136,31.96317029,41.57305084,0.45289919,154.60825109,41.57105084,108.14728983,0.10355734,-0.19288299,3.47241620,-1.08097409,3.29963749,-0.00638376,-0.14301219,-0.03230573,9.10523584,0.87138702,-1.35449908,-1.28181383,4
117.37894236,31.96317001,41.57352829,0.42172900,154.70326403,41.57152829,108.17891686,0.11483402,-0.23866976,3.46860812,-1.08205574,3.29525761,-0.00336275,-0.11280907,-0.03811216,9.30815439,0.71396861,-1.64599769,-1.35926096,4
117.37894336,31.96316972,41.57438585,0.39050523,154.79825901,41.57238585,108.21203462,0.12601609,-0.30162924,3.46630439,-1.08377171,3.29238049,0.00092927,-0.04767515,0.02108583,9.88421733,-0.09902260,-1.81824676,-1.46230240,4
117.37894437,31.96316944,41.57524597,0.35922545,154.89323518,41.57324597,108.24661177,0.13719767,-0.36470478,3.46401074,-1.08549194,3.28951342,0.00522987,0.01769405,0.08072089,10.46279207,-0.91642428,-1.98969755,-1.56551692,4
117.37894537,31.96316915,41.57601401,0.32788727,154.98819171,41.57401401,108.28261238,0.12320830,-0.42388780,3.46508837,-1.08844345,3.28975466,0.00889313,0.09437693,0.10542692,10.63491488,-1.45729599,-2.01030270,-1.64113845,4
117.37894637,31.96316885,41.57663510,0.29648840,155.08312778,41.57463510,108.31999754,0.06905484,-0.47685913,3.47154545,-1.09335960,3.29495574,0.01153935,0.18911191,0.07439792,10.15847779,-1.55691564,-1.79020957,-1.67273032,4
117.37894737,31.96316856,41.57720116,0.26502658,155.17804260,41.57520116,108.35872606,-0.00014245,-0.52750407,3.48001744,-1.09901163,3.30201454,0.01380465,0.29060872,0.02249302,9.43911801,-1.49126278,-1.47996104,-1.68783081,4
117.37894837,31.96316826,41.57785960,0.23349963,155.27293540,41.57585960,108.39875349,-0.06328402,-0.57558973,3.48879298,-1.10476028,3.30936286,0.01597411,0.38764653,-0.02231060,8.76889466,-1.35952335,-1.16270143,-1.70137272,4
117.37894938,31.96316796,41.57949593,0.20190547,155.36780542,41.57749593,108.44003070,-0.06151381,-0.59684981,3.50062737,-1.11147581,3.31963323,0.01715956,0.43718700,0.00922989,8.63385238,-0.54254504,-0.77785631,-1.69963590,4
117.37895038,31.96316768,41.58202451,0.17024209,155.46265195,41.58002451,108.48250324,-0.00051745,-0.59363399,3.51525272,-1.11907353,3.33256971,0.01744717,0.44339052,0.11042753,8.98711427,0.89965318,-0.33134490,-1.68395861,4
117.37895138,31.96316740,41.58455907,0.13850756,155.55747429,41.58255907,108.52611183,0.06087520,-0.59025457,3.52989684,-1.12667720,3.34552413,0.01772879,0.44930449,0.21209151,9.34364224,2.34604151,0.11558234,-1.66818802,4
117.37895238,31.96316712,41.58633475,0.10670007,155.65227178,41.58433475,108.57079374,0.12011101,-0.58016891,3.54417312,-1.13402094,3.35811867,0.01756093,0.44854306,0.27876869,9.67070351,3.03802480,0.49034135,-1.62769438,4
117.37895338,31.96316683,41.58670886,0.07481793,155.74704380,41.58470886,108.61648424,0.17536277,-0.55769724,3.55776991,-1.14088454,3.37004846,0.01656292,0.43545254,0.28082670,9.94333880,2.33665856,0.73180666,-1.54153897,4
117.37895438,31.96316655,41.58643639,0.04285952,155.84178976,41.58443639,108.66311768,0.22877673,-0.52951178,3.57105328,-1.14752664,3.38167162,0.01518195,0.41667452,0.25307539,10.19086732,0.99252861,0.91178287,-1.43431933,4
117.37895538,31.96316627,41.58615969,0.01082336,155.93650910,41.58415969,108.71062784,0.28217887,-0.50128890,3.58433464,-1.15416731,3.39329281,0.01379847,0.39785925,0.22512919,10.43823266,-0.35580620,1.09135793,-1.32696167,4
117.37895640,31.96316599,41.58511208,-0.02129192,156.03120131,41.58311208,108.75894687,0.29280616,-0.47146804,3.59225044,-1.15889559,3.40005865,0.01215541,0.34523853,0.19353130,10.50943138,-1.11318824,1.14637114,-1.24981529,4
117.37895740,31.96316571,41.58323165,-0.05348759,156.12586591,41.58123165,108.80800418,0.25722398,-0.43992088,3.59436988,-1.16155787,3.40157929,0.01023190,0.25609787,0.15798849,10.39031814,-1.23216699,1.06682077,-1.20530599,4
117.37895841,31.96316543,41.58128665,-0.08576479,156.22050245,41.57928665,108.85772633,0.21805968,-0.40823974,3.59604002,-1.16406003,3.40269335,0.00828665,0.16412591,0.12213971,10.25645224,-1.30166056,0.97683926,-1.16332632,4
117.37895942,31.96316515,41.57942943,-0.11812455,156.31511053,41.57742943,108.90803773,0.17846452,-0.37972327,3.59632468,-1.16605836,3.40246719,0.00642943,0.08274942,0.09873471,10.09368953,-1.33524188,0.86159546,-1.13508787,4
117.37896042,31.96316487,41.57784000,-0.15056775,156.40968980,41.57584000,108.95886228,0.13762545,-0.36082264,3.59240889,-1.16652911,3.39817724,0.00484000,0.03361008,0.11313534,9.84341573,-1.26062570,0.66980261,-1.14854509,4
117.37896143,31.96316457,41.57643073,-0.18309517,156.50423995,41.57443073,109.01012489,0.09594969,-0.34839045,3.58566751,-1.16597229,3.39115366,0.00343073,0.00615622,0.15296719,9.53427505,-1.11322694,0.42651677,-1.19005031,4
117.37896243,31.96316428,41.57502259,-0.21570746,156.59876069,41.57302259,109.06175144,0.05426873,-0.33599881,3.57890844,-1.16540904,3.38411296,0.00202259,-0.02116172,0.19295838,9.22476574,-0.96537217,0.18290843,-1.23173127,4
117.37896343,31.96316400,41.57437940,-0.24840512,156.69325180,41.57237940,109.11366768,0.03433476,-0.33049162,3.57455430,-1.16593807,3.37925887,0.00148862,-0.00926420,0.20901899,9.16457826,-0.69197836,0.05066829,-1.26149403,4
117.37896443,31.96316372,41.57471816,-0.28118857,156.78771309,41.57271816,109.16579755,0.04231693,-0.33382185,3.57328732,-1.16786924,3.37721169,0.00207677,0.05297337,0.19436042,9.42443981,-0.25743258,0.06138900,-1.27595769,4
117.37896543,31.96316344,41.57527959,-0.31405808,156.88214440,41.57327959,109.21806247,0.05662955,-0.33915610,3.57272041,-1.17011837,3.37580103,0.00291938,0.12662632,0.17273578,9.75687758,0.21365676,0.10452845,-1.28695201,4
117.37896643,31.96316314,41.57565518,-0.34701378,156.97654564,41.57365518,109.27038213,0.06944302,-0.34269309,3.57293600,-1.17258528,3.37514209,0.00360723,0.19319060,0.15454181,10.05648356,0.56318615,0.15930523,-1.29825870,4
117.37896743,31.96316283,41.57519211,-0.38005569,157.07091675,41.57319211,109.32267591,0.07537059,-0.33812344,3.57663925,-1.17601963,3.37783457,0.00359478,0.22768810,0.15190550,10.20704438,0.36705133,0.26536457,-1.31105753,4
117.37896843,31.96316252,41.57407896,-0.41318367,157.16525773,41.57207896,109.37486501,0.07596052,-0.32726987,3.58304597,-1.18020390,3.38312493,0.00303948,0.23732883,0.16132883,10.24207193,-0.25205786,0.41117577,-1.32501297,4
117.37896942,31.96316221,41.57296198,-0.44639749,157.25956861,41.57096198,109.42687297,0.07651901,-0.31637934,3.58946860,-1.18439256,3.38843057,0.00248099,0.24682315,0.17082315,10.27641902,-0.87365637,0.55722070,-1.33897521,4
117.37897041,31.96316189,41.57184839,-0.47969675,157.35384947,41.56984839,109.47862455,0.06545063,-0.30090723,3.59542805,-1.18856854,3.39327643,0.00148049,0.24901186,0.16041053,10.19760499,-1.20717874,0.68152497,-1.34854678,4
117.37897141,31.96316159,41.57074005,-0.51308096,157.44810044,41.56874005,109.53004469,0.03632961,-0.27832148,3.60066835,-1.19272480,3.39740840,-0.00020632,0.23985742,0.11908908,9.94308947,-1.09341515,0.77207334,-1.35130111,4
117.37897240,31.96316129,41.56963361,-0.54654950,157.54232167,41.56763361,109.58105835,0.00068417,-0.25316479,3.60564872,-1.19687393,3.40128234,-0.00214117,0.22660341,0.06659683,9.62507343,-0.81799597,0.85042156,-1.35159159,4
117.37897339,31.96316098,41.56855156,-0.58010162,157.63651339,41.56655156,109.63159150,-0.03413512,-0.22802913,3.61060664,-1.20101247,3.40513386,-0.00407040,0.21328153,0.01545764,9.31305837,-0.53814712,0.92698551,-1.35160755,4
117.37897438,31.96316067,41.56843879,-0.61373645,157.73067585,41.56643879,109.68157329,-0.03461687,-0.20430069,3.61472987,-1.20473210,3.40815177,-0.00572116,0.19817414,0.02066502,9.25405869,-0.11816667,0.93528275,-1.34124920,4
117.37897538,31.96316036,41.56926182,-0.64745302,157.82480935,41.56726182,109.73093720,-0.00194776,-0.18193083,3.61804729,-1.20804729,3.41036485,-0.00710303,0.18134297,0.08027173,9.43933035,0.43710257,0.87767252,-1.32087508,4
