longtitude,latitude,altitude,north,east,up,yaw,pitch,roll,vel_speed,vel_north,vel_east,vel_up,acc_x,acc_y,acc_z,gyro_x,gyro_y,gyro_z,rtk_status
117.37865481,31.96344911,40.76000000,31.35420120,127.59068140,40.75900000,-157.50064117,1.97700000,-0.92100000,0.14200000,-0.13300000,-0.05000000,0.00000000,0.14500000,1.98700000,9.82200000,0.08800000,-0.23800000,-0.01200000,4
117.37865472,31.96344821,40.76174751,31.26203417,127.55250577,40.76074751,-157.46789696,2.07573414,-1.00051156,0.25384044,-0.23697666,-0.09019266,0.00087375,0.12053490,1.31071485,9.86656142,0.27410948,-0.27207638,0.03168767,4
117.37865454,31.96344732,40.76298455,31.16990354,127.51422180,40.76198455,-157.40336094,2.11559842,-1.03907525,0.34679526,-0.32387248,-0.12405981,0.00149228,0.11355406,1.03725701,9.85626257,0.12821067,-0.13423959,-0.00532040,4
117.37865429,31.96344645,40.76423083,31.07780817,127.47583257,40.76323083,-157.34072419,2.14603958,-1.06411459,0.43211707,-0.40365541,-0.15519291,0.00200000,0.11992582,0.85900083,9.82491919,-0.06442706,0.06066701,-0.04434459,4
117.37865399,31.96344558,40.76631807,30.98574693,127.43734117,40.76531807,-157.27998613,2.17851084,-1.03293497,0.48838310,-0.45574695,-0.17533975,0.00192048,0.18478799,0.85496396,9.74196858,-0.17794216,0.43490599,0.01291561,4
117.37865365,31.96344473,40.76955273,30.89371867,127.39875070,40.76855273,-157.22114621,2.19387547,-0.94074716,0.58380557,-0.54470011,-0.20930368,0.00111182,0.07076622,0.58001784,9.99588941,-0.20786276,0.52547648,0.15443200,4
117.37865329,31.96344388,40.77355614,30.80172228,127.36006424,40.77255614,-157.16420383,2.20382351,-0.89243860,0.62473790,-0.58331544,-0.22395719,0.00028877,-0.00260947,0.66077509,9.77211298,-0.14016596,0.28907017,0.18324597,4
117.37865291,31.96344303,40.77834762,30.70975659,127.32128488,40.77734762,-157.10915841,2.23234626,-0.84787143,0.68191021,-0.63656259,-0.24425987,0.00000000,0.01178028,0.75634490,9.71434490,0.12189866,0.33625171,0.17456599,4
117.37865250,31.96344220,40.78373617,30.61782049,127.28241572,40.78273617,-157.05600936,2.27497448,-0.79894041,0.74089788,-0.69146384,-0.26525532,-0.00021702,0.05668937,0.82232342,9.79790216,0.24296583,0.47152338,0.14211913,4
117.37865209,31.96344138,40.78970874,30.52591283,127.24345985,40.78870874,-157.00475608,2.32648789,-0.74369414,0.77150730,-0.72058011,-0.27645389,-0.00096359,0.06938108,0.87159712,9.90764812,-0.21468230,0.38044170,0.07716744,4
117.37865165,31.96344055,40.79397211,30.43403247,127.20442034,40.79297211,-156.95539798,2.31178754,-0.73106973,0.82529941,-0.77098932,-0.29553650,-0.00166202,-0.01473828,0.77006320,9.78258249,-0.51835757,0.04631513,0.08326825,4
117.37865121,31.96343973,40.79857862,30.34217829,127.16530031,40.79757862,-156.90793446,2.30889398,-0.73999821,0.86268284,-0.80594610,-0.30868374,-0.00163163,-0.02079423,0.85514022,9.79004316,-0.29362608,-0.09621383,0.07842228,4
117.37865078,31.96343891,40.80362251,30.25034913,127.12610282,40.80262251,-156.86236494,2.32117880,-0.76275497,0.88776983,-0.82930294,-0.31741224,-0.00100000,0.04805792,1.07908285,9.90719542,0.24952534,-0.03986100,0.06690229,4
117.37865034,31.96343810,40.80889556,30.15854388,127.08683099,40.80789556,-156.81868883,2.33963446,-0.75220888,0.94511421,-0.88269254,-0.33784529,-0.00100000,0.09090142,0.96966714,9.82414494,-0.49990638,0.06296341,0.10842753,4
117.37864990,31.96343727,40.81343354,30.06676138,127.04748788,40.81243354,-156.77690554,2.31617517,-0.74232174,0.98422360,-0.91900683,-0.35167826,-0.00140559,0.07190250,0.84082612,9.80519565,-0.60147771,0.13320247,0.12986708,4
117.37864947,31.96343644,40.81759206,29.97500051,127.00807661,40.81659206,-156.73701450,2.27729066,-0.73052164,1.01384661,-0.94647657,-0.36207222,-0.00207401,0.01559564,0.74153267,9.79676694,-0.24354284,0.18399284,0.14158848,4
117.37864904,31.96343562,40.82255297,29.88326012,126.96860025,40.82155297,-156.69901515,2.33000035,-0.70137628,1.06283562,-0.99236501,-0.37943541,-0.00269412,-0.01292960,0.95547201,9.55182191,0.33006263,0.25096515,0.18003555,4
117.37864862,31.96343479,40.82854603,29.79153908,126.92906190,40.82754603,-156.66290692,2.36760519,-0.69796046,1.09344733,-1.02112496,-0.39025657,-0.00235527,-0.06342741,1.05261847,9.77625450,0.21842343,0.00386353,0.17578961,4
117.37864820,31.96343396,40.83554378,29.69983625,126.88946464,40.83454378,-156.62868928,2.39050692,-0.71958987,1.10617051,-1.03321199,-0.39470968,-0.00108295,-0.13531340,1.03607833,10.45758098,-0.56023540,-0.54895879,0.12998615,4
117.37864777,31.96343314,40.84046616,29.60815051,126.84981157,40.83946616,-156.59636169,2.34845492,-0.79636649,1.14105449,-1.06582141,-0.40784022,-0.00044173,-0.05123503,0.69780476,9.98113384,-0.68804130,-0.72400930,0.06447373,4
117.37864734,31.96343232,40.84574299,29.51648070,126.81010578,40.84474299,-156.56592363,2.30623576,-0.87216229,1.17370434,-1.09638743,-0.41990145,0.00031691,0.04752169,0.50785010,9.54475657,-0.66200885,-0.73148038,0.01072175,4
117.37864690,31.96343149,40.85243810,29.42482569,126.77035036,40.85143810,-156.53737460,2.27641210,-0.93424419,1.19561560,-1.11708140,-0.42720520,0.00153420,0.15707798,0.80304345,9.45163372,-0.32786215,-0.33768636,-0.00571170,4
117.37864648,31.96343067,40.85879108,29.33318435,126.73054839,40.85779108,-156.51071410,2.28809114,-0.95283034,1.23674117,-1.15532866,-0.44206254,0.00234464,0.19176248,0.84707123,9.63691672,-0.11797476,-0.04087100,0.00902328,4
117.37864605,31.96342984,40.86493201,29.24155553,126.69070298,40.86393201,-156.48594166,2.32549495,-0.94445635,1.28977642,-1.20445605,-0.46160184,0.00290291,0.18003890,0.73541806,9.99476512,0.01489251,0.19583371,0.04307749,4
117.37864563,31.96342902,40.86877324,29.14993812,126.65081720,40.86777324,-156.46305682,2.30241876,-0.88476194,1.32072372,-1.23333710,-0.47239531,0.00161338,0.15026759,0.55838747,9.95207905,-0.65531027,0.72555263,0.14051696,4
117.37864521,31.96342819,40.87212562,29.05833095,126.61089415,40.87112562,-156.44205915,2.26613666,-0.81182872,1.34736086,-1.25827712,-0.48146060,-0.00012562,0.11647164,0.38192994,9.82790636,-1.44133580,1.29755918,0.24750247,4
117.37864479,31.96342736,40.87536142,28.96673291,126.57093691,40.87436142,-156.42294821,2.21813895,-0.67862157,1.38241538,-1.29117443,-0.49332520,-0.00336142,0.07710273,0.56043829,9.77397635,-0.90904654,1.38924021,0.26044568,4
117.37864437,31.96342654,40.87901479,28.87514285,126.53094859,40.87801479,-156.40572362,2.17676747,-0.55457526,1.41211626,-1.31911626,-0.50330444,-0.00640591,0.02196438,0.69514180,9.73213105,-0.47327487,1.35744755,0.31575203,4
117.37864395,31.96342571,40.88451300,28.78355963,126.49093227,40.88351300,-156.39038498,2.16467141,-0.47100245,1.41816430,-1.32516430,-0.50495390,-0.00860520,-0.10284502,0.63631094,9.74367729,-0.46392791,0.78013536,0.55822315,4
117.37864352,31.96342489,40.88996505,28.69198213,126.45089103,40.88896505,-156.37693194,2.14520970,-0.41800000,1.42966369,-1.33627068,-0.50835806,-0.01000000,-0.17905243,0.53533240,9.75689515,-0.53896004,0.32596578,0.71219650,4
117.37864308,31.96342407,40.89533707,28.60040919,126.41082798,40.89433707,-156.36536416,2.11297756,-0.41800000,1.45061459,-1.35614717,-0.51480449,-0.01000000,-0.17099439,0.36127882,9.77301122,-0.76028742,0.08529911,0.71273371,4
117.37864263,31.96342325,40.90021075,28.50883970,126.37074619,40.89921075,-156.35568131,2.06356247,-0.43623865,1.46376343,-1.36876343,-0.51882903,-0.00972366,-0.14295814,0.48640259,9.82991276,-1.21294198,-0.15642006,0.57538106,4
117.37864217,31.96342244,40.90459456,28.41727250,126.33064877,40.90359456,-156.34788309,1.99725727,-0.47240513,1.46924320,-1.37424320,-0.52047296,-0.00917568,-0.09528415,0.90560486,9.92690465,-1.89298122,-0.39917380,0.30248860,4
117.37864171,31.96342163,40.90928579,28.32570646,126.29053880,40.90828579,-156.34196924,1.88983937,-0.52123891,1.48742893,-1.39133367,-0.52684140,-0.00826983,-0.03655460,0.80159793,9.75318597,-1.97372714,-0.57812921,0.26063592,4
117.37864125,31.96342081,40.91412207,28.23414046,126.25041937,40.91312207,-156.33793949,1.76302117,-0.57605017,1.51161037,-1.41390301,-0.53543924,-0.00719509,0.02739187,0.45069840,9.45172405,-1.77167779,-0.72697939,0.32780659,4
117.37864080,31.96341999,40.91986023,28.14257334,126.21029356,40.91886023,-156.33579362,1.71790806,-0.62930021,1.52969700,-1.43081333,-0.54141839,-0.00567448,0.08627676,0.41837056,9.48315857,-1.26488348,-0.46945579,0.42748409,4
117.37864035,31.96341918,40.92579841,28.05100397,126.17016449,40.92479841,-156.33553142,1.69091634,-0.68220397,1.54643187,-1.44646852,-0.54681673,-0.00405498,0.14403903,0.45669880,9.58842627,-0.69049972,-0.12180246,0.53437129,4
117.37863992,31.96341836,40.93049458,27.95943122,126.13003522,40.92949458,-156.33715269,1.62457883,-0.67251384,1.57746329,-1.47596510,-0.55698797,-0.00400000,0.13950782,0.64177857,9.84619372,-1.42059681,0.09325510,0.54399278,4
117.37863950,31.96341753,40.93513158,27.86785395,126.08990885,40.93413158,-156.34065728,1.55622036,-0.66016117,1.60834540,-1.50532895,-0.56709869,-0.00404934,0.12987496,0.82019400,10.09328608,-2.15246025,0.29793751,0.54978618,4
117.37863908,31.96341670,40.93929277,27.77627102,126.04978848,40.93829277,-156.34604504,1.46831523,-0.63363359,1.61926852,-1.51573193,-0.57021958,-0.00560979,0.03104671,0.63658152,9.84933635,-1.53452363,0.32758599,0.54302425,4
117.37863868,31.96341587,40.94356094,27.68468129,126.00967719,40.94256094,-156.35331586,1.38377359,-0.61078531,1.63040234,-1.52634625,-0.57344875,-0.00694391,-0.06131922,0.46228610,9.65107187,-1.00436203,0.30222548,0.52802500,4
117.37863826,31.96341503,40.94870273,27.59308364,125.96957807,40.94770273,-156.36246963,1.32669968,-0.61798382,1.64325683,-1.53868656,-0.57756219,-0.00642973,-0.10091103,0.36407783,9.82589287,-1.19100916,-0.17236213,0.44575629,4
117.37863785,31.96341420,40.95368815,27.50147692,125.92949421,40.95268815,-156.37350629,1.26790351,-0.63655881,1.65443010,-1.54943010,-0.58108602,-0.00574194,-0.12075303,0.26496818,9.93182900,-1.33401109,-0.57656970,0.38990289,4
117.37863744,31.96341338,40.95787790,27.40985999,125.88942871,40.95687790,-156.38642577,1.20034389,-0.71302165,1.65704869,-1.55204869,-0.58160974,-0.00417079,-0.04010045,0.16127201,9.68725267,-1.25492966,-0.62265688,0.46846060,4
117.37863704,31.96341255,40.96217684,27.31823172,125.84938465,40.96117684,-156.40122805,1.15065380,-0.77732259,1.66514574,-1.55975346,-0.58396141,-0.00273848,0.05608989,0.14035776,9.48381680,-1.02130402,-0.53526201,0.51026266,4
117.37863662,31.96341172,40.96679513,27.22659098,125.80936513,40.96579513,-156.41791311,1.15321951,-0.80605856,1.68926344,-1.58233173,-0.59165854,-0.00171219,0.19771720,0.36152215,9.40068773,-0.33574573,-0.05752641,0.44458043,4
117.37863620,31.96341089,40.97140677,27.13493662,125.76937322,40.97040677,-156.43648097,1.17532006,-0.80786826,1.71193971,-1.60362709,-0.59887570,-0.00131262,0.28052550,0.50780983,9.51603310,0.23956828,0.39654557,0.42010160,4
117.37863577,31.96341006,40.97600338,27.04326751,125.72941204,40.97500338,-156.45693165,1.24171543,-0.74862315,1.73134759,-1.62201350,-0.60500450,-0.00233408,0.22996286,0.48431608,10.08141526,0.56490562,0.79696076,0.48905064,4
117.37863536,31.96340923,40.97988060,26.95158252,125.68948465,40.97888060,-156.47926520,1.28200596,-0.67917903,1.74928360,-1.63910748,-0.61040896,-0.00405672,0.16230439,0.43307155,10.37990430,0.42528865,1.04866565,0.60691362,4
117.37863495,31.96340840,40.98241049,26.85988050,125.64959417,40.98141049,-156.50348169,1.27340435,-0.59063300,1.76446291,-1.65378082,-0.61445678,-0.00709258,0.06262686,0.32985218,10.17852534,-0.58514800,1.02184885,0.81638822,4
117.37863455,31.96340757,40.98533942,26.76816031,125.60974366,40.98433942,-156.22195977,1.24676060,-0.51069906,1.77419135,-1.66338269,-0.61661731,-0.00995673,-0.02257882,0.23438464,9.85988865,-1.03362903,0.92042508,0.91470580,4
117.37863415,31.96340673,40.98894287,26.67673898,125.56890297,40.98794287,-156.04580281,1.18962016,-0.44532217,1.77470612,-1.66441225,-0.61558775,-0.01253062,-0.08332271,0.15202005,9.34305082,-0.53223456,0.69289289,0.82513431,4
117.37863374,31.96340589,40.99256245,26.58521525,125.52846645,40.99156245,-156.25792282,1.16124095,-0.39550037,1.77500000,-1.66522321,-0.61455358,-0.01422321,-0.11643755,0.13490984,9.19643316,-0.12613743,0.50094824,0.72377825,4
117.37863333,31.96340507,40.99620350,26.49359258,125.48834685,40.99520350,-156.43173021,1.17112377,-0.36637204,1.77500000,-1.66574336,-0.61351329,-0.01474336,-0.11279650,0.20460976,9.54233203,0.15318241,0.35634691,0.60674480,4
117.37863291,31.96340424,40.99853615,26.40187617,125.44848846,40.99753615,-156.57877114,1.22264494,-0.37317787,1.77339155,-1.66439155,-0.61219578,-0.01419578,-0.10831926,0.32612416,9.82103396,0.35426555,0.00673882,0.46938192,4
117.37863249,31.96340342,40.99959449,26.31007596,125.40885138,40.99859449,-156.69896253,1.31472020,-0.41498216,1.77021654,-1.66121654,-0.61060827,-0.01260827,-0.10302757,0.49810382,10.03428873,0.47914923,-0.54253773,0.31221897,4
117.37863207,31.96340259,41.00065421,26.21820710,125.36938412,40.99965421,-156.80215003,1.34476635,-0.48660752,1.77194393,-1.66294393,-0.61098131,-0.01036448,-0.04997192,0.55255139,10.03128030,0.24503714,-0.75561682,0.28078507,4
117.37863164,31.96340176,41.00171479,26.12627094,125.33008061,41.00071479,-156.89581481,1.33628170,-0.57675694,1.77671654,-1.66771654,-0.61257218,-0.00771303,0.03275343,0.53399122,9.89393502,-0.21207342,-0.75985915,0.32745065,4
117.37863122,31.96340093,41.00471379,26.03427699,125.29091540,41.00371379,-156.97361116,1.37897139,-0.61456896,1.78885516,-1.67946748,-0.61610148,-0.00700000,0.15579795,0.41540846,9.70231391,0.52759787,-0.23723833,0.42529058,4
117.37863079,31.96340010,41.00842583,25.94223551,125.25186215,41.00742583,-157.04072115,1.44048511,-0.63312913,1.80370330,-1.69378533,-0.62034380,-0.00700000,0.29367353,0.26003329,9.49072793,1.70749462,0.47918437,0.54195452,4
117.37863039,31.96339927,41.01204862,25.85015054,125.21291275,41.01104862,-157.10153474,1.54015201,-0.53452455,1.82559826,-1.71472723,-0.62666172,-0.01004862,0.24705935,0.31177995,9.62959368,1.52547230,1.13613827,0.61313307,4
117.37862999,31.96339844,41.01565508,25.75802758,125.17405549,41.01465508,-157.15612606,1.64680028,-0.41448084,1.84878267,-1.73688122,-0.63335944,-0.01365508,0.16668674,0.40142632,9.83258604,1.09424234,1.78221041,0.67598857,4
117.37862959,31.96339760,41.01692844,25.66587027,125.13528236,41.01592844,-157.20671198,1.70063658,-0.27766089,1.85424953,-1.74271375,-0.63400000,-0.01771375,-0.03504351,0.43181829,10.04047289,0.53725277,1.50976237,0.74142002,4
117.37862920,31.96339677,41.01795506,25.57368059,125.09658856,41.01695506,-157.25514479,1.74888786,-0.13906680,1.85784271,-1.74682024,-0.63400000,-0.02182024,-0.24960770,0.45594393,10.24887733,-0.03303624,1.14017813,0.80712389,4
117.37862880,31.96339593,41.01953388,25.48145935,125.05797191,41.01853388,-157.30317415,1.70958516,-0.10896916,1.83857081,-1.72910470,-0.62633058,-0.02302259,-0.31012944,0.50966332,10.05399354,-0.84437075,0.53396629,0.71592183,4
117.37862840,31.96339510,41.02133151,25.38920626,125.01943328,41.02033151,-157.35497520,1.66436435,-0.09021490,1.81914755,-1.71119491,-0.61866849,-0.02385792,-0.34687625,0.55872132,9.83314232,-1.52742505,-0.04515468,0.60767230,4
117.37862800,31.96339426,41.02518539,25.29691654,124.98098395,41.02418539,-157.41589414,1.59884842,-0.13921421,1.80923758,-1.70183549,-0.61481461,-0.02220626,-0.20593441,0.54385636,9.53253980,-0.73022275,-0.22133199,0.39460788,4
117.37862759,31.96339343,41.02944716,25.20458224,124.94264180,41.02844716,-157.48279800,1.56445856,-0.18874799,1.80503903,-1.69789431,-0.61301301,-0.02042114,-0.08114793,0.54284067,9.45366369,-0.08287792,-0.36476100,0.24623579,4
117.37862717,31.96339260,41.03481361,25.11220273,124.90440800,41.03381361,-157.54930800,1.61436655,-0.23972927,1.81630858,-1.70862722,-0.61676953,-0.01827456,-0.00011452,0.57933253,9.97528268,0.15861235,-0.41949880,0.27306804,4
117.37862673,31.96339178,41.03885619,25.01977943,124.86628023,41.03785619,-157.61694389,1.64100334,-0.27984617,1.82813713,-1.71992309,-0.62049833,-0.01700000,0.05099666,0.53892631,10.18354163,0.05884238,-0.34390616,0.35556868,4
117.37862630,31.96339095,41.04096379,24.92731052,124.82826490,41.03996379,-157.68970911,1.63362673,-0.30408359,1.84078274,-1.73204180,-0.62418663,-0.01700000,0.05837327,0.38612518,9.93379081,-0.53971654,-0.07782143,0.51943472,4
117.37862588,31.96339013,41.04360841,24.83479240,124.79037270,41.04260841,-157.77010938,1.62785546,-0.29509071,1.85262942,-1.74336136,-0.62734034,-0.01780420,0.06387647,0.36622197,9.63139458,-0.34477628,0.33876027,0.63243620,4
117.37862547,31.96338930,41.04677240,24.74221971,124.75261807,41.04577240,-157.85959874,1.62363680,-0.25395877,1.86370341,-1.75390801,-0.62997700,-0.01938620,0.06756780,0.47485248,9.27808174,0.61760571,0.90089681,0.69624345,4
117.37862508,31.96338847,41.05089912,24.64958636,124.71501616,41.04989912,-157.95533419,1.70253108,-0.19258047,1.87089912,-1.76122124,-0.63100000,-0.02128850,0.01423886,0.57530450,9.39386759,1.10020015,0.98950602,0.76158766,4
117.37862470,31.96338762,41.05563616,24.55689011,124.67757194,41.05463616,-158.05125148,1.83411560,-0.11836680,1.87563616,-1.76648462,-0.63100000,-0.02339385,-0.07523861,0.67057169,9.80704298,1.27862875,0.77791812,0.82790626,4
117.37862432,31.96338678,41.05928682,24.46413244,124.64028081,41.05828682,-158.14421682,1.91354391,-0.06612792,1.87356977,-1.76495091,-0.62871318,-0.02476227,-0.15397801,0.68161112,10.09941723,0.64890859,0.64420288,0.90493279,4
117.37862393,31.96338594,41.06249824,24.37131530,124.60313765,41.06149824,-158.23485582,1.97188466,-0.02277379,1.86875264,-1.76066902,-0.62550176,-0.02583275,-0.22837585,0.65859596,10.34294972,-0.30755857,0.54197276,0.98628870,4
117.37862355,31.96338510,41.06570966,24.27843975,124.56614004,41.06470966,-158.32651378,1.95977437,-0.01690322,1.86303230,-1.75593552,-0.62229034,-0.02600000,-0.21696793,0.63422597,10.03597053,-0.52519300,0.23290560,0.85854952,4
117.37862316,31.96338426,41.06892107,24.18550337,124.52929368,41.06792107,-158.42121666,1.93461826,-0.01797369,1.85714470,-1.75111839,-0.61907893,-0.02600000,-0.18967088,0.60960511,9.62705005,-0.60601367,-0.11446272,0.69209105,4
117.37862277,31.96338342,41.07328322,24.09250430,124.49260262,41.07228322,-158.51197238,1.92971678,-0.05440736,1.85378759,-1.74832299,-0.61739379,-0.02492920,-0.05354320,0.64112414,9.60843356,-0.36813973,-0.13049563,0.54718917,4
117.37862237,31.96338258,41.07749761,23.99944963,124.45605007,41.07649761,-158.58800751,1.92475597,-0.08243378,1.85282458,-1.74774164,-0.61649761,-0.02408294,0.07577681,0.65083718,9.65009767,-0.15369692,-0.06136305,0.44349456,4
117.37862196,31.96338175,41.08073785,23.90635260,124.41960562,41.07973785,-158.64494151,1.91665539,-0.05921211,1.86470543,-1.75908246,-0.61973785,-0.02462297,0.15246235,0.53256863,9.96980077,-0.11265395,0.43115254,0.56392326,4
117.37862156,31.96338092,41.08377992,23.81322712,124.38323872,41.08277992,-158.68594504,1.91583553,-0.01195901,1.87908341,-1.77277144,-0.62355985,-0.02624788,0.18338220,0.46247879,10.07491947,-0.05077523,0.87607818,0.68871205,4
117.37862117,31.96338008,41.08636370,23.72008241,124.34692926,41.08536370,-158.72018031,1.93185493,0.09087519,1.89923685,-1.79189137,-0.62872740,-0.03038192,0.10845275,0.50381917,9.68373610,0.05929354,1.21093528,0.82358504,4
117.37862079,31.96337924,41.08931382,23.62691879,124.31067572,41.08831382,-158.75475930,1.94537839,0.19015929,1.91331382,-1.80550151,-0.63181231,-0.03412613,0.00337965,0.55289799,9.52946884,0.01188242,1.29462111,0.91162764,4
117.37862041,31.96337840,41.09289663,23.53373474,124.27448043,41.09189663,-158.78925714,1.95459133,0.28331232,1.91689663,-1.80959615,-0.63130048,-0.03719711,-0.15375211,0.61534123,9.78436009,-0.30749939,0.94452951,0.91879326,4
117.37862002,31.96337756,41.09628271,23.44053120,124.23834053,41.09528271,-158.82314547,1.94973834,0.34056542,1.91557945,-1.80900701,-0.62950351,-0.03900000,-0.26652333,0.63062153,9.91839372,-0.57239005,0.53098753,0.89435286,4
117.37861963,31.96337672,41.09938909,23.34730750,124.20225670,41.09838909,-158.85939804,1.92488727,0.34677818,1.90729576,-1.80175879,-0.62587939,-0.03900000,-0.31622546,0.57884848,9.88059939,-0.75980851,0.02723568,0.82497696,4
117.37861925,31.96337588,41.10274984,23.25406017,124.16623549,41.10174984,-158.89972739,1.89575147,0.31600308,1.90050023,-1.79575020,-0.62250014,-0.03800009,-0.30900299,0.59824581,9.82275346,-0.84500109,-0.41523359,0.71125704,4
117.37861886,31.96337504,41.10638459,23.16078605,124.13028304,41.10538459,-158.94330319,1.86200021,0.24538505,1.89530772,-1.79107695,-0.61938463,-0.03592309,-0.24046196,0.69430709,9.74330819,-0.82007708,-0.79168997,0.54977024,4
117.37861847,31.96337421,41.11000195,23.06748312,124.09440336,41.10900195,-158.98733203,1.84585603,0.15737328,1.89757590,-1.79328990,-0.61942997,-0.03299805,-0.14164755,0.69724690,9.79208209,-0.51557065,-0.95699805,0.48858176,4
117.37861807,31.96337337,41.11360541,22.97415228,124.05859370,41.11260541,-159.02797797,1.84379691,0.05544710,1.90581236,-1.80101158,-0.62200386,-0.02939459,-0.01861544,0.62569266,9.94342704,0.01259231,-0.95339459,0.50762857,4
117.37861766,31.96337254,41.11593411,22.88079679,124.02284576,41.11493411,-159.06494731,1.82338369,-0.00050261,1.91802973,-1.81271836,-0.62549096,-0.02768863,0.03367055,0.68113581,9.99919767,-0.33630463,-0.58707427,0.51032945,4
117.37861726,31.96337171,41.11745798,22.78741787,123.98715583,41.11645798,-159.10093698,1.79138232,-0.02742440,1.93276052,-1.82694119,-0.62955463,-0.02718067,0.04128992,0.81676065,9.99462605,-1.23894635,0.00825274,0.50271008,4
117.37861687,31.96337087,41.11959272,22.69401511,123.95152428,41.11859272,-159.13610770,1.75579062,-0.03572582,1.94755634,-1.84123779,-0.63354836,-0.02731854,0.00545612,0.81148452,9.79104279,-1.02197834,0.08589276,0.55574529,4
117.37861650,31.96337003,41.12206467,22.60058990,123.91594804,41.12106467,-159.16912222,1.71821695,-0.03374826,1.96238805,-1.85557511,-0.63750348,-0.02781293,-0.05436512,0.72842694,9.47759927,-0.18695296,-0.12224559,0.64226361,4
117.37861614,31.96336918,41.12483946,22.50714421,123.88042342,41.12383946,-159.20073272,1.73067218,-0.03821180,1.97075919,-1.86406577,-0.63900000,-0.02769342,-0.09570118,0.81135312,9.58096155,0.30528162,-0.10626779,0.68235784,4
117.37861578,31.96336833,41.12779858,22.41367843,123.84494977,41.12679858,-159.23134381,1.77357937,-0.04659597,1.97519787,-1.86899763,-0.63900000,-0.02720024,-0.12578554,0.99531156,9.93802834,0.58886367,0.04612674,0.69419431,4
117.37861543,31.96336747,41.13102844,22.32019333,123.80952445,41.13002844,-159.25928573,1.79737508,-0.06651726,1.98047732,-1.87447732,-0.63957955,-0.02642045,-0.14031821,0.96539069,9.98824309,0.35279091,-0.07861605,0.68885782,4
117.37861507,31.96336663,41.13444335,22.22669116,123.77414129,41.13344335,-159.28550192,1.80810767,-0.09432443,1.98633146,-1.88033146,-0.64055524,-0.02544476,-0.14422097,0.78927864,9.82871777,-0.23847727,-0.39278825,0.67178325,4
117.37861472,31.96336578,41.13838212,22.13317167,123.73880076,41.13738212,-159.31648868,1.84396758,-0.11838125,1.99402892,-1.88802892,-0.64205872,-0.02473532,-0.07797720,0.75875987,9.71788606,0.01130246,-0.26390880,0.66955828,4
117.37861437,31.96336493,41.14275972,22.03962881,123.70351783,41.14175972,-159.35670809,1.90087637,-0.13929644,2.00327052,-1.89727052,-0.64400432,-0.02424892,0.04702757,0.85020305,9.64784447,0.96561907,0.23611030,0.67977268,4
117.37861402,31.96336407,41.14683734,21.94605655,123.66830741,41.14583734,-159.40020439,1.95641175,-0.12588492,2.01672736,-1.91026803,-0.64752634,-0.02491867,0.08872226,0.89240665,9.69766594,1.06035006,0.48533965,0.63355450,4
117.37861366,31.96336322,41.15060053,21.85245673,123.63316523,41.14960053,-159.43720625,2.01050757,-0.07649308,2.03460250,-1.92720237,-0.65270072,-0.02680026,0.04309361,0.88299868,9.87312457,0.25408711,0.47169809,0.52818525,4
117.37861330,31.96336237,41.15367777,21.75883628,123.59807466,41.15267777,-159.46402876,2.05889438,-0.04635555,2.04718611,-1.93918611,-0.65600000,-0.02783056,-0.02039706,0.86395284,9.96737786,-0.02244004,0.30931463,0.48048602,4
117.37861294,31.96336153,41.15554810,21.66520209,123.56301956,41.15454810,-159.48343404,2.09723609,-0.05009620,2.05045918,-1.94245918,-0.65600000,-0.02736297,-0.11531617,0.82794904,9.91874935,0.63310968,-0.11478208,0.53425793,4
117.37861258,31.96336068,41.15761679,21.57155758,123.52799230,41.15661679,-159.50214689,2.13542943,-0.06595253,2.05371959,-1.94571959,-0.65610280,-0.02658881,-0.19342031,0.79743005,9.86403835,1.00959633,-0.49724930,0.56335586,4
117.37861223,31.96335984,41.16037375,21.47790064,123.49299842,41.15937375,-159.52403403,2.17310794,-0.12384878,2.05693604,-1.94893604,-0.65656229,-0.02475083,-0.21317855,0.78594270,9.78822183,0.41776799,-0.73526722,0.50683809,4
117.37861187,31.96335899,41.16315383,21.38422938,123.45804270,41.16215383,-159.54544376,2.21038450,-0.18528518,2.05995605,-1.95197802,-0.65695605,-0.02278024,-0.22986831,0.76851704,9.71569233,-0.12154055,-0.98547052,0.45359336,4
117.37861151,31.96335814,41.16639837,21.29054642,123.42311887,41.16539837,-159.56237034,2.23958531,-0.31784759,2.05902904,-1.95151452,-0.65602904,-0.01814519,-0.18490833,0.63178308,9.70920326,0.39434045,-1.48049380,0.46610799,4
117.37861115,31.96335728,41.16964290,21.19685486,123.38821863,41.16864290,-159.57559582,2.26878612,-0.45041000,2.05810203,-1.95105101,-0.65510203,-0.01351014,-0.13994836,0.49504912,9.70271420,0.91022145,-1.97551708,0.47862262,4
117.37861079,31.96335644,41.17358604,21.10315565,123.35333800,41.17258604,-159.58867659,2.34172853,-0.57138582,2.07433640,-1.96653950,-0.65978139,-0.00901551,0.01162915,0.56327579,9.88170040,0.93193651,-1.48213294,0.48836742,4
117.37861043,31.96335559,41.17761557,21.00944683,123.31848004,41.17661557,-159.60688319,2.42008060,-0.69092869,2.09269317,-1.98400082,-0.66515410,-0.00453825,0.17639235,0.65685055,10.08362487,0.89253661,-0.86650955,0.49776967,4
117.37861008,31.96335474,41.18102320,20.91572277,123.28365796,41.18002320,-159.63056699,2.43775111,-0.69991790,2.11345140,-2.00387334,-0.67104639,-0.00415611,0.23589028,0.64911414,10.05877689,0.28967199,-0.07781117,0.53221502,4
117.37860972,31.96335389,41.18410531,20.82198174,123.24887622,41.18310531,-159.65207471,2.42366142,-0.65104431,2.13546653,-2.02500787,-0.67721063,-0.00591732,0.24029331,0.58835238,9.91523824,-0.60810498,0.80147310,0.57976770,4
117.37860936,31.96335304,41.18731499,20.72822848,123.21412337,41.18631499,-159.66832114,2.39708325,-0.58155028,2.15672557,-2.04556120,-0.68280811,-0.00864374,0.19993406,0.52946703,9.78985152,-1.09967481,1.32523387,0.71387049,4
117.37860901,31.96335219,41.19072820,20.63446522,123.17939387,41.18972820,-159.68430869,2.35057825,-0.47915394,2.17677819,-2.06518716,-0.68750128,-0.01291025,0.08815139,0.47357569,9.69342830,-0.94309374,1.28171543,0.98607410,4
117.37860867,31.96335134,41.19419551,20.54069018,123.14469246,41.19319551,-159.70106466,2.30555567,-0.37940040,2.19587559,-2.08391113,-0.69189336,-0.01705332,-0.02378103,0.42026660,9.61267709,-0.78457544,1.21908077,1.24282326,4
117.37860832,31.96335049,41.19891434,20.44690467,123.11001707,41.19791434,-159.71332365,2.29483103,-0.34079173,2.19287269,-2.08176621,-0.68931945,-0.01834028,-0.13917806,0.42670138,9.89452040,-0.58123642,0.71416513,1.14201173,4
117.37860797,31.96334964,41.20363318,20.35311438,123.07535564,41.20263318,-159.71537835,2.28410640,-0.30218305,2.18986979,-2.07962128,-0.68674554,-0.01962723,-0.25457510,0.43313616,10.17636372,-0.37789741,0.20924948,1.04120019,4
117.37860762,31.96334879,41.20802972,20.25932845,123.04068775,41.20702972,-159.70622852,2.23888689,-0.30099808,2.19021189,-2.08051486,-0.68539406,-0.01969703,-0.20498567,0.47378042,10.05258498,-0.92554995,0.08875262,0.92141137,4
117.37860725,31.96334794,41.21229484,20.16555354,123.00599796,41.21129484,-159.69582070,2.17960177,-0.31507296,2.19191793,-2.08264742,-0.68454103,-0.01927052,-0.08812147,0.52837391,9.76341007,-1.77942630,0.12500611,0.79388438,4
117.37860687,31.96334710,41.21702067,20.07178457,122.97129761,41.21602067,-159.69724747,2.12521287,-0.30705744,2.19781853,-2.08866309,-0.68508805,-0.01977718,0.02874500,0.52056587,9.56569985,-1.95385930,0.34431613,0.71812940,4
117.37860648,31.96334627,41.22254546,19.97801026,122.93661335,41.22154546,-159.71313970,2.07931467,-0.26073425,2.21099301,-2.10141259,-0.68806294,-0.02190210,0.14561543,0.40454541,9.52660138,-0.95004854,0.88107015,0.73215385,4
117.37860610,31.96334543,41.22807378,19.88422251,122.90196520,41.22707378,-159.73640776,2.03432146,-0.21357189,2.22426876,-2.11425822,-0.69106851,-0.02405270,0.25946649,0.29093275,9.49318547,0.03889735,1.41160603,0.74718570,4
117.37860571,31.96334458,41.23387670,19.79041953,122.86735692,41.23287670,-159.75787216,2.05960564,-0.10124379,2.24540800,-2.13456847,-0.69645694,-0.02819765,0.13884849,0.36429834,9.90104839,-0.12648608,1.45927293,0.84044704,4
117.37860532,31.96334374,41.23967963,19.69660478,122.83277864,41.23867963,-159.77435801,2.08488983,0.01108431,2.26654723,-2.15487871,-0.70184537,-0.03234259,0.01823050,0.43766392,10.30891130,-0.29186952,1.50693984,0.93370838,4
117.37860494,31.96334290,41.24473219,19.60278061,122.79822387,41.24373219,-159.78852301,2.06618779,0.09698288,2.27574514,-2.16399352,-0.70325486,-0.03573867,-0.10923357,0.44588761,10.31502314,-0.74597128,1.27314804,0.95634551,4
117.37860455,31.96334206,41.24928480,19.50894730,122.76369146,41.24828480,-159.79905995,2.01817852,0.16527193,2.27698676,-2.16564902,-0.70201324,-0.03863578,-0.24125906,0.41070840,10.05345541,-1.39244091,0.85182532,0.93192701,4
117.37860417,31.96334123,41.25402185,19.41510839,122.72917045,41.25302185,-159.79936703,1.96312208,0.21762005,2.27579910,-2.16503491,-0.70013536,-0.04092140,-0.34373356,0.38820968,9.80109122,-1.88069821,0.42633087,0.89061982,4
117.37860379,31.96334038,41.25957722,19.32127165,122.69463791,41.25857722,-159.78463037,1.87680007,0.19924457,2.26383367,-2.15435149,-0.69543466,-0.04049406,-0.31510200,0.42196928,9.58955959,-1.66702989,-0.01767189,0.77438426,4
117.37860341,31.96333954,41.26513260,19.22744646,122.66006714,41.26413260,-159.75540032,1.79047807,0.18086909,2.25186825,-2.14366808,-0.69073395,-0.04006672,-0.28647045,0.45572887,9.37802795,-1.45336157,-0.46167466,0.65814869,4
117.37860303,31.96333870,41.27185795,19.13364025,122.62543712,41.27085795,-159.72237988,1.74917474,0.12967192,2.24963388,-2.14163388,-0.68926776,-0.03780327,-0.18461160,0.42365558,9.51817561,-1.12307523,-0.47754622,0.60302170,4
117.37860265,31.96333786,41.27879977,19.03984967,122.59075627,41.27779977,-159.70233991,1.71620107,0.07240186,2.24920001,-2.14120001,-0.68840003,-0.03520008,-0.06920375,0.37940144,9.72339333,-0.77121144,-0.41420206,0.55920142,4
117.37860226,31.96333702,41.28546032,18.94606281,122.55605883,41.28446032,-159.70262200,1.68392908,0.03654179,2.25568995,-2.14745927,-0.68961482,-0.03376931,-0.02061376,0.35277142,9.83830055,-0.80208590,-0.31786978,0.56760532,4
117.37860188,31.96333617,41.29188029,18.85226940,122.52137798,41.29088029,-159.71961076,1.65225725,0.01899388,2.26810189,-2.15944320,-0.69261080,-0.03334131,-0.02917372,0.34121548,9.87596435,-1.16032000,-0.19332244,0.62067704,4
117.37860150,31.96333533,41.29811795,18.75846267,122.48673642,41.29711795,-159.74897096,1.62734398,-0.00420159,2.27903195,-2.17011795,-0.69508600,-0.03274201,-0.03342012,0.31746665,9.86618379,-1.23943728,-0.14981149,0.67280356,4
117.37860112,31.96333449,41.30363780,18.66463650,122.45215272,41.30263780,-159.78587747,1.62904240,-0.04963420,2.28412720,-2.17563780,-0.69551060,-0.03146820,-0.02068200,0.24570860,9.66959219,-0.21953877,-0.42537941,0.72120840,4
117.37860075,31.96333365,41.30915765,18.57078870,122.41763331,41.30815765,-159.82152427,1.63074082,-0.09506682,2.28922245,-2.18115765,-0.69593520,-0.03019439,-0.00794388,0.17395054,9.47300060,0.80035974,-0.70094732,0.76961324,4
117.37860038,31.96333281,41.31541334,18.47692302,122.38316766,41.31441334,-159.84936248,1.65914939,-0.10200000,2.29396979,-2.18596979,-0.69636089,-0.02963911,-0.02909694,0.36654177,9.67757828,0.33707423,-0.23017579,0.72611456,4
117.37860001,31.96333196,41.32180155,18.38304490,122.34874063,41.32080155,-159.86897041,1.69236808,-0.10200000,2.29865447,-2.19065447,-0.69678677,-0.02921323,-0.05635330,0.60673843,9.95440067,-0.39331101,0.37500055,0.66606539,4
117.37859965,31.96333112,41.32734606,18.28915863,122.31434032,41.32634606,-159.88051518,1.70281492,-0.10605229,2.30185311,-2.19385311,-0.69678672,-0.02900000,-0.07895770,0.62419972,9.97633661,-0.58816385,0.39199342,0.63130787,4
117.37859928,31.96333027,41.33204458,18.19526945,122.27995216,41.33104458,-159.88071199,1.69042793,-0.11416791,2.30356167,-2.19556167,-0.69635958,-0.02900000,-0.09689749,0.41831933,9.74269227,-0.24602652,-0.18079829,0.62191084,4
117.37859892,31.96332942,41.33696547,18.10138552,122.24555344,41.33596547,-159.86865791,1.68910300,-0.12486188,2.30493104,-2.19700000,-0.69579311,-0.02879311,-0.09917304,0.25906828,9.56034413,0.10661754,-0.58148673,0.61551717,4
117.37859856,31.96332857,41.34307004,18.00751246,122.21112637,41.34207004,-159.85045599,1.74666041,-0.14928017,2.30449500,-2.19700000,-0.69448499,-0.02748499,-0.01806942,0.34802064,9.65104065,0.51518792,-0.06608632,0.62511007,4
117.37859821,31.96332772,41.34917462,17.91364898,122.17666749,41.34817462,-159.83193654,1.80421782,-0.17369847,2.30405896,-2.19700000,-0.69317687,-0.02617687,0.06303420,0.43697299,9.74173717,0.92375830,0.44931409,0.63470297,4
117.37859785,31.96332688,41.35489490,17.81979145,122.14217726,41.35389490,-159.81838982,1.85379489,-0.12654491,2.31077755,-2.20377755,-0.69450612,-0.02825918,0.09320306,0.34018268,9.76002449,0.78583985,0.67526016,0.64955510,4
117.37859749,31.96332603,41.36055509,17.72593341,122.10767000,41.35955509,-159.82070838,1.90212426,-0.06820135,2.31861474,-2.21161474,-0.69624772,-0.03087158,0.11540844,0.21435216,9.76699088,0.56247979,0.85595105,0.66522949,4
117.37859714,31.96332518,41.36499265,17.63206372,122.07318393,41.36399265,-159.84783926,1.95338791,-0.01111760,2.32175092,-2.21500000,-0.69600368,-0.03299632,0.08888322,0.28055531,9.85917108,0.54421150,0.90884280,0.74049733,4
117.37859678,31.96332433,41.36850051,17.53817061,122.03876468,41.36750051,-159.89946734,2.00688279,0.04500817,2.32131244,-2.21500000,-0.69424974,-0.03475026,0.02530324,0.49278089,10.01614785,0.68189504,0.86455605,0.86108005,4
117.37859643,31.96332348,41.37175628,17.44424369,122.00444958,41.37075628,-159.97247567,2.03970605,0.10151208,2.32011767,-2.21436977,-0.69224372,-0.03675628,-0.03802464,0.62736187,10.05035539,0.55639361,0.84031069,0.96288185,4
117.37859608,31.96332262,41.37438717,17.35027188,121.97027290,41.37338717,-160.06095738,2.02128978,0.15895331,2.31704830,-2.21217735,-0.68961283,-0.03938717,-0.10072765,0.56948216,9.78025010,-0.22147454,0.86574269,1.01813066,4
117.37859573,31.96332177,41.37702147,17.25624928,121.93625163,41.37602147,-160.15172427,2.00309201,0.21598773,2.31392026,-2.20992640,-0.68696320,-0.04200000,-0.16345083,0.51162584,9.51193560,-0.98740317,0.88621569,1.07274238,4
117.37859538,31.96332093,41.38014710,17.16217894,121.90237619,41.37914710,-160.23444332,2.01648758,0.21420166,2.30231076,-2.19920994,-0.68160497,-0.04200000,-0.22908914,0.45715051,9.50255869,-0.02694051,0.18964584,1.03523478,4
117.37859502,31.96332008,41.38327274,17.06806645,121.86862940,41.38227274,-160.30963736,2.02988315,0.21241558,2.29070127,-2.18849348,-0.67624674,-0.04200000,-0.29472746,0.40267517,9.49318179,0.93352216,-0.50692402,0.99772717,4
117.37859467,31.96331923,41.38573765,16.97391435,121.83500343,41.38473765,-160.38244428,2.07470372,0.14214627,2.28313457,-2.18148210,-0.67291481,-0.03852469,-0.22867775,0.47549262,9.80586306,0.47827201,-0.80036671,0.82878822,4
117.37859431,31.96331838,41.38800222,16.87972253,121.80149811,41.38700222,-160.45621737,2.12905336,0.05111062,2.27679377,-2.17559422,-0.67019733,-0.03399555,-0.12269595,0.58690939,10.21620288,-0.40626846,-0.97156809,0.61999500,4
117.37859395,31.96331752,41.39025228,16.78548961,121.76811665,41.38925228,-160.53213839,2.10841875,-0.01454656,2.27475137,-2.17400183,-0.66900000,-0.03124863,-0.02741145,0.51853592,10.30783750,-1.27862959,-0.79403898,0.48366921,4
117.37859359,31.96331667,41.39249091,16.69121397,121.73486271,41.39149091,-160.60881134,2.02872350,-0.06021462,2.27609455,-2.17579273,-0.66900000,-0.02990545,0.05944742,0.30855238,10.14844701,-2.14139780,-0.34183561,0.40442169,4
117.37859323,31.96331582,41.39486094,16.59689573,121.70173486,41.39386094,-160.68334763,1.94974586,-0.07952085,2.28173515,-2.18159166,-0.67014792,-0.02971745,0.11355183,0.22367832,9.93510480,-2.34806212,0.10462407,0.37022758,4
117.37859287,31.96331497,41.39750275,16.50253654,121.66872724,41.39650275,-160.75586469,1.87225260,-0.04429664,2.29626514,-2.19568134,-0.67367034,-0.03191896,0.09990245,0.39759785,9.61016149,-1.19755146,0.53920272,0.42922813,4
117.37859252,31.96331412,41.40026145,16.40813671,121.63583894,41.39926145,-160.83091680,1.80011709,-0.00883713,2.31023768,-2.20923768,-0.67700000,-0.03404754,0.07951314,0.55762673,9.32267973,-0.10664874,0.93928072,0.49750186,4
117.37859218,31.96331328,41.40503908,16.31369355,121.60307939,41.40403908,-160.91384975,1.82053062,0.03068694,2.31458098,-2.21358098,-0.67700000,-0.03491620,-0.05730095,0.47770992,9.68230536,-0.04540815,0.74339769,0.72595968,4
117.37859184,31.96331243,41.40981672,16.21920200,121.57046557,41.40881672,-161.00666788,1.84094415,0.07021101,2.31892429,-2.21792429,-0.67700000,-0.03578486,-0.19411505,0.39779312,10.04193098,0.01583245,0.54751465,0.95441751,4
117.37859151,31.96331157,41.41329998,16.12465694,121.53801347,41.41229998,-161.10769665,1.87425686,0.08821420,2.31802859,-2.21768573,-0.67502859,-0.03665714,-0.19284320,0.40494259,9.99004425,0.03198570,0.42901498,1.15918425,4
117.37859118,31.96331071,41.41635712,16.03005460,121.50573432,41.41535712,-161.21447912,1.91181607,0.09913258,2.31540818,-2.21593879,-0.67240818,-0.03753061,-0.14611256,0.44075486,9.80268493,0.03329591,0.33599042,1.35615174,4
117.37859084,31.96330985,41.42002038,15.93539236,121.47363592,41.41902038,-161.32586348,1.91603898,0.13065885,2.31561631,-2.21681834,-0.67019185,-0.03901019,-0.07574344,0.47656713,9.62340714,-0.37310696,0.45470189,1.41613733,4
117.37859050,31.96330900,41.42438773,15.84066779,121.44172569,41.42338773,-161.44181849,1.88153692,0.18612420,2.31911019,-2.22074896,-0.66844491,-0.04119387,0.02208520,0.51237940,9.45351723,-1.25312799,0.81937562,1.31699848,4
117.37859016,31.96330815,41.42897885,15.74587825,121.41001133,41.42797885,-161.56164727,1.83455250,0.24608033,2.32267766,-2.22475296,-0.66700000,-0.04360237,0.07875472,0.51941123,9.36683657,-1.97843994,1.06550692,1.18244346,4
117.37858982,31.96330730,41.43464044,15.65102189,121.37849788,41.43364044,-161.68191398,1.72785326,0.32752016,2.32659723,-2.22910803,-0.66700000,-0.04708642,-0.06147857,0.38875910,9.67822415,-1.96363270,0.74453819,0.87845950,4
117.37858947,31.96330645,41.44030203,15.55609975,121.34718162,41.43930203,-161.79693274,1.62115402,0.40895999,2.33051679,-2.23346310,-0.66700000,-0.05057048,-0.20171185,0.25810697,9.98961172,-1.94882546,0.42356945,0.57447555,4
117.37858912,31.96330559,41.44492632,15.46111630,121.31604883,41.44392632,-161.90134247,1.52201355,0.35068200,2.31136839,-2.21515366,-0.66071789,-0.04785894,-0.30616434,0.41279500,10.10534854,-2.30939951,-0.49785189,0.54956423,4
117.37858877,31.96330474,41.44940475,15.36607875,121.28507811,41.44840475,-161.99109863,1.42393597,0.27275734,2.28897625,-2.19365720,-0.65355240,-0.04427620,-0.40558546,0.60760664,10.19357358,-2.72275846,-1.50370692,0.56389520,4
117.37858843,31.96330389,41.45423093,15.27099652,121.25424251,41.45323093,-162.06547375,1.27004319,0.12016877,2.27160094,-2.17718838,-0.64806279,-0.03830047,-0.37726265,0.61355637,9.94714038,-3.02831537,-1.97860705,0.45562388,4
117.37858808,31.96330304,41.45924951,15.17587799,121.22351835,41.45824951,-162.13142252,1.08526811,-0.07373100,2.25700143,-2.16350134,-0.64350045,-0.03100072,-0.27825970,0.51500966,9.51554230,-3.27422590,-2.15973225,0.27951726,4
117.37858774,31.96330218,41.46482973,15.08072471,121.19290161,41.46382973,-162.19995117,0.93690513,-0.24003080,2.25567009,-2.16226584,-0.64281912,-0.02457451,-0.08695999,0.43492601,9.30547823,-3.00758190,-1.90467678,0.18946797,4
117.37858740,31.96330133,41.47109106,14.98553253,121.16240492,41.47009106,-162.27443251,0.83269875,-0.37286039,2.27042893,-2.17613021,-0.64684425,-0.01920766,0.21626716,0.37723236,9.36406637,-2.11936789,-1.12066914,0.20377957,4
117.37858707,31.96330048,41.47693424,14.89029919,121.13203543,41.47593424,-162.34986939,0.74520774,-0.45803502,2.28853965,-2.19335280,-0.65177505,-0.01574739,0.46240812,0.33200000,9.47278062,-1.43224893,-0.25254192,0.26451448,4
117.37858674,31.96329962,41.48125958,14.79502633,121.10178929,41.48025958,-162.42174882,0.71839059,-0.37023048,2.31881708,-2.22276516,-0.65999321,-0.01920767,0.50133624,0.33200000,9.76344393,-1.47506986,0.92092467,0.49375786,4
117.37858642,31.96329876,41.48558493,14.69971686,121.07165877,41.48458493,-162.48940255,0.69157344,-0.28242594,2.34909450,-2.25217752,-0.66821137,-0.02266794,0.54026436,0.33200000,10.05410724,-1.51789080,2.09439126,0.72300124,4
117.37858611,31.96329790,41.48865199,14.60437297,121.04163775,41.48765199,-162.55449142,0.62497335,-0.09934741,2.37245822,-2.27507936,-0.67316742,-0.03057712,0.39094220,0.23614945,10.04032585,-1.66748068,2.51500988,1.03785564,4
117.37858582,31.96329704,41.49158549,14.50899546,121.01172390,41.49058549,-162.61895740,0.55415034,0.09384433,2.39508806,-2.29729013,-0.67777720,-0.03895854,0.22163751,0.13012448,9.99422803,-1.82840395,2.85571462,1.36179754,4
117.37858554,31.96329617,41.49516001,14.41358431,120.98191753,41.49416001,-162.68244555,0.47312788,0.24899215,2.39887198,-2.30151998,-0.67675999,-0.04537601,-0.10213660,0.18030425,10.07568026,-2.11120051,2.33808632,1.41194374,4
117.37858526,31.96329530,41.49933145,14.31814061,120.95221508,41.49833145,-162.74138876,0.38260748,0.36871269,2.38510621,-2.28900564,-0.67050282,-0.04996460,-0.56975583,0.37594512,10.27590972,-2.50748799,1.02116043,1.20712568,4
117.37858497,31.96329443,41.50365236,14.22266795,120.92260496,41.50265236,-162.79295022,0.27440481,0.44399136,2.36647638,-2.27174820,-0.66304291,-0.05280400,-0.97637910,0.52348207,10.37676095,-3.00484719,-0.39038815,0.98427031,4
117.37858467,31.96329356,41.50906356,14.12717046,120.89307419,41.50806356,-162.83821998,0.03721377,0.19507605,2.31236436,-2.21989084,-0.64680931,-0.04288347,-0.93804975,0.32011105,9.75266894,-4.23950322,-2.49218937,0.62983655,4
117.37858435,31.96329270,41.51447477,14.03165072,120.86361485,41.51347477,-162.87961426,-0.19997727,-0.05383926,2.25825233,-2.16803349,-0.63057570,-0.03296293,-0.89972040,0.11674002,9.12857692,-5.47415924,-4.59399059,0.27540279,4
117.37858402,31.96329184,41.52217985,13.93611039,120.83422202,41.52117985,-162.91814614,-0.35983953,-0.42305523,2.24201905,-2.15244139,-0.62646593,-0.01890733,-0.31189794,0.06152309,8.90075169,-3.41597085,-4.09015108,0.00026379,4
117.37858368,31.96329098,41.53013153,13.84055091,120.80489112,41.52913153,-162.95468472,-0.51138907,-0.80520331,2.22985767,-2.14074776,-0.62365946,-0.00440722,0.33499410,0.02223246,8.71552447,-1.00380725,-3.30620961,-0.26635115,4
117.37858335,31.96329013,41.53655158,13.74497284,120.77562007,41.53555158,-162.99132900,-0.50343492,-0.91775788,2.26731395,-2.17668839,-0.63437894,0.00095068,0.65833429,0.10208083,9.17852528,-0.20584501,-1.62778295,-0.20318146,4
117.37858304,31.96328927,41.54250118,13.64937532,120.74641124,41.54150118,-163.02952557,-0.44648869,-0.94750591,2.32001046,-2.22726004,-0.64925295,0.00350051,0.88229446,0.21852312,9.84063145,0.09630999,0.32538777,-0.03871735,4
117.37858272,31.96328842,41.54549921,13.55375735,120.71726735,41.54449921,-163.06796340,-0.41450238,-0.91425282,2.36418759,-2.26968679,-0.66133863,0.00282989,0.89447704,0.27665025,10.23701112,0.04547077,1.47483466,0.22509844,4
117.37858240,31.96328755,41.54428346,13.45811932,120.68818639,41.54328346,-163.10466177,-0.41814962,-0.79105742,2.39620218,-2.30048564,-0.66944359,-0.00243833,0.60431946,0.25152487,10.25403154,-0.50931378,1.47686090,0.63075171,4
117.37858210,31.96328669,41.54306772,13.36246213,120.65916442,41.54206772,-163.14044415,-0.42179685,-0.66786202,2.42821678,-2.33128449,-0.67754855,-0.00770656,0.31416187,0.22639949,10.27105196,-1.06409832,1.47888714,1.03640498,4
117.37858181,31.96328582,41.54261037,13.26678531,120.63020217,41.54161037,-163.17714256,-0.48200359,-0.54410988,2.42142806,-2.32559696,-0.67332440,-0.01345487,0.02213932,0.23629938,9.79859502,-1.06032260,1.69797416,1.18017609,4
117.37858154,31.96328495,41.54219775,13.17108797,120.60130184,41.54119775,-163.21207217,-0.54554655,-0.42032490,2.41235049,-2.31775724,-0.66837300,-0.01923150,-0.26999325,0.24826526,9.29726583,-1.02359972,1.92986470,1.30849986,4
117.37858129,31.96328407,41.54376316,13.07537249,120.57245523,41.54276316,-163.23921347,-0.57445723,-0.33521378,2.39808222,-2.30474341,-0.66225328,-0.02288158,-0.41903620,0.20551309,9.20708902,-0.74725623,1.41441692,1.24481562,4
117.37858106,31.96328319,41.54714902,12.97964423,120.54364451,41.54614902,-163.25829376,-0.57149461,-0.28569559,2.37903677,-2.28696765,-0.65505833,-0.02457451,-0.43638872,0.11240197,9.49531026,-0.25038144,0.21116731,1.00441964,4
117.37858081,31.96328231,41.55027527,12.88390593,120.51486056,41.54927527,-163.27615302,-0.56459566,-0.26347543,2.36045374,-2.26959138,-0.64817419,-0.02510537,-0.41996318,0.02250743,9.78940688,0.13868362,-0.84996599,0.77722560,4
117.37858053,31.96328144,41.55201778,12.78815597,120.48610839,41.55101778,-163.29748306,-0.53671554,-0.38675786,2.34433555,-2.25434443,-0.64294666,-0.01944222,-0.22349543,-0.05024227,10.11482021,-0.04689345,-1.15359797,0.62039990,4
117.37858023,31.96328058,41.55376029,12.69239222,120.45739453,41.55276029,-163.32073917,-0.50883541,-0.51004028,2.32821735,-2.23909749,-0.63771914,-0.01377907,-0.02702768,-0.12299197,10.44023354,-0.23247053,-1.45722995,0.46357420,4
117.37857992,31.96327972,41.55362287,12.59661468,120.42871882,41.55262287,-163.34292350,-0.53856484,-0.58017575,2.32939420,-2.24039420,-0.63737713,-0.01149147,0.09202045,-0.11640615,10.10824414,-0.65964664,-0.84655992,0.39334984,4
117.37857960,31.96327886,41.55318558,12.50082450,120.40007785,41.55218558,-163.36327266,-0.57748366,-0.64183366,2.33332981,-2.24432981,-0.63781442,-0.00974231,0.19871924,-0.09716538,9.67139131,-1.12536062,-0.09004801,0.33693942,4
117.37857929,31.96327800,41.55472815,12.40502266,120.37146900,41.55372815,-163.38192530,-0.60436889,-0.65639672,2.34339386,-2.25414698,-0.63997503,-0.00949376,0.21289334,-0.07270603,9.48797503,-0.87195341,0.29963216,0.39891364,4
117.37857897,31.96327714,41.55773038,12.30921022,120.34288933,41.55673038,-163.39860152,-0.62238229,-0.63623887,2.35797614,-2.26830037,-0.64340615,-0.01035154,0.15885313,-0.04439926,9.49140615,-0.08837040,0.41886373,0.54816754,4
117.37857867,31.96327627,41.56093160,12.21338828,120.31433522,41.55993160,-163.41284312,-0.62947877,-0.61644549,2.36972458,-2.27982809,-0.64589649,-0.01110351,0.09812577,-0.02341405,9.57297936,0.41487650,0.47194284,0.68315149,4
117.37857836,31.96327540,41.56474929,12.11755801,120.28580210,41.56374929,-163.42304091,-0.60275497,-0.59778125,2.37269389,-2.28322159,-0.64547230,-0.01152770,0.01668183,-0.02511080,9.89663420,0.04965131,0.32008382,0.77392755,4
117.37857806,31.96327454,41.56856697,12.02172182,120.25728088,41.56756697,-163.42691934,-0.57603118,-0.57911701,2.37566320,-2.28661509,-0.64504811,-0.01195189,-0.06476212,-0.02680754,10.22028904,-0.31557387,0.16822480,0.86470361,4
117.37857777,31.96327368,41.57090263,11.92588332,120.22875944,41.56990263,-163.42568971,-0.59887582,-0.56101788,2.37067263,-2.28205315,-0.64233631,-0.01276105,-0.05192945,-0.12860064,10.12115196,-0.62374924,0.19970742,0.85102682,4
117.37857748,31.96327281,41.57304869,11.83004446,120.20023295,41.57204869,-163.42406025,-0.62806213,-0.54299104,2.36466368,-2.27647342,-0.63933184,-0.01361947,-0.02703524,-0.24319983,9.96792382,-0.92462578,0.25464636,0.82398656,4
117.37857719,31.96327194,41.57568351,11.73420462,120.17170517,41.57468351,-163.42423800,-0.64845555,-0.53283549,2.36055699,-2.27279749,-0.63679749,-0.01424050,-0.01575950,-0.26417782,9.78768581,-0.66117256,0.24100077,0.77881080,4
117.37857691,31.96327107,41.57870752,11.63836285,120.14317846,41.57770752,-163.42549838,-0.66184759,-0.52894747,2.35796498,-2.27063749,-0.63463749,-0.01467250,-0.01532750,-0.21060963,9.58594112,0.05162989,0.17274453,0.71919459,4
117.37857663,31.96327020,41.58163878,11.54251792,120.11465376,41.58063878,-163.42995747,-0.66167309,-0.52876804,2.35387074,-2.26708367,-0.63214830,-0.01468061,-0.03160823,-0.16073772,9.52487758,0.55878354,0.07458212,0.67421293,4
117.37857633,31.96326934,41.58427937,11.44666658,120.08614044,41.58327937,-163.44144016,-0.61898360,-0.54021058,2.34506878,-2.25916190,-0.62862751,-0.01336032,-0.10026349,-0.12244921,9.90468201,0.42147302,-0.11730053,0.67509312,4
117.37857603,31.96326848,41.58691995,11.35080514,120.05765265,41.58591995,-163.45908365,-0.57629411,-0.55165313,2.33626683,-2.25124014,-0.62510673,-0.01204002,-0.16891875,-0.08416070,10.28448643,0.28416249,-0.30918318,0.67597332,4
117.37857572,31.96326761,41.58742748,11.25493211,120.02919713,41.58642748,-163.47804873,-0.54422132,-0.58876343,2.33300763,-2.24843511,-0.62329007,-0.01071755,-0.12867931,-0.13942759,10.14552643,0.05001483,-0.24959530,0.65975569,4
117.37857541,31.96326675,41.58786833,11.15904791,120.00077164,41.58686833,-163.49533527,-0.51248042,-0.62667616,2.32992171,-2.24579004,-0.62152669,-0.00939502,-0.08503558,-0.19761922,9.99034873,-0.18716017,-0.18214590,0.64300356,4
117.37857510,31.96326588,41.58895157,11.06315299,119.97237259,41.58795157,-163.51100979,-0.48618887,-0.63673124,2.32519371,-2.24151090,-0.61909685,-0.00963438,-0.01490558,-0.21975787,9.65979668,0.06299750,-0.02084991,0.62562954,4
117.37857479,31.96326502,41.59030841,10.96724763,119.94399790,41.58930841,-163.52486862,-0.46221810,-0.63492212,2.31976636,-2.23653583,-0.61638318,-0.01053894,0.06650455,-0.22654205,9.25455513,0.52070336,0.18041403,0.60799068,4
117.37857448,31.96326416,41.59232477,10.87133328,119.91564355,41.59132477,-163.53628917,-0.41754315,-0.63532477,2.31722079,-2.23422079,-0.61455841,-0.01055841,0.09740185,-0.15735849,9.26283341,0.74583059,0.15604295,0.60474067,4
117.37857416,31.96326330,41.59502677,10.77541187,119.88730570,41.59402677,-163.54687713,-0.35134405,-0.63802677,2.31767113,-2.23467113,-0.61365774,-0.00965774,0.07578581,-0.00919859,9.70100842,0.72916823,-0.10289912,0.61644935,4
117.37857385,31.96326244,41.59737442,10.67948380,119.85898584,41.59637442,-163.55783764,-0.29601077,-0.64237135,2.31500462,-2.23225423,-0.61187673,-0.00887519,0.05463327,0.07478731,10.03834827,0.61727866,-0.21661616,0.65919730,4
117.37857354,31.96326158,41.59876263,10.58354894,119.83068392,41.59776263,-163.56632456,-0.27009761,-0.65116331,2.30389898,-2.22207406,-0.60771212,-0.00841246,0.03473567,-0.01498328,10.10266843,0.24755341,0.06287577,0.78598669,4
117.37857324,31.96326072,41.60015056,10.48760881,119.80239140,41.59915056,-163.56957375,-0.24900743,-0.65563755,2.29384944,-2.21289963,-0.60379926,-0.00815056,0.02056319,-0.08541450,10.12130672,-0.09153531,0.33212452,0.88514871,4
117.37857295,31.96325985,41.60153623,10.39166571,119.77409887,41.60053623,-163.57052587,-0.26748303,-0.62469092,2.29246377,-2.21197585,-0.60195170,-0.00953623,0.05335738,0.00280648,9.76518954,-0.17929441,0.51734241,0.75766707,4
117.37857266,31.96325898,41.60292190,10.29571966,119.74580807,41.60192190,-163.57581510,-0.28595863,-0.59374429,2.29107810,-2.21105207,-0.60010414,-0.01092190,0.08615157,0.09102747,9.40907236,-0.26705350,0.70256029,0.63018544,4
117.37857236,31.96325811,41.60523883,10.19976748,119.71753212,41.60423883,-163.58907346,-0.27804467,-0.56244742,2.27935807,-2.20025361,-0.59597010,-0.01189553,0.00158109,0.12465705,9.58870380,-0.17125257,0.45508658,0.59568625,4
117.37857205,31.96325725,41.60761139,10.10380531,119.68928483,41.60661139,-163.60951424,-0.26855443,-0.53112963,2.26702076,-2.18886532,-0.59169949,-0.01284456,-0.08999972,0.15502581,9.80033614,-0.06448737,0.18176768,0.56674102,4
117.37857175,31.96325639,41.60998125,10.00783054,119.66107664,41.60898125,-163.63799566,-0.26779250,-0.54541629,2.25865999,-2.18105624,-0.58862250,-0.01220750,-0.08914997,0.13463995,9.84252876,-0.36360438,0.05933485,0.59726632,4
117.37857144,31.96325553,41.61235059,9.91183976,119.63292460,41.61135059,-163.68035026,-0.26874024,-0.56863576,2.25107812,-2.17394824,-0.58577929,-0.01125976,-0.07019530,0.10431248,9.85153223,-0.74222393,-0.03354304,0.63944046,4
117.37857114,31.96325466,41.61440333,9.81582644,119.60485922,41.61340333,-163.74067814,-0.28969905,-0.58236746,2.24128171,-2.16463254,-0.58184252,-0.01064917,-0.04430095,0.10757744,9.91609716,-0.78390284,0.01081545,0.78221094,4
117.37857083,31.96325380,41.61633652,9.71978263,119.57691115,41.61533652,-163.81607646,-0.31821370,-0.59251674,2.23064913,-2.15448326,-0.57749282,-0.01016587,-0.01578630,0.12352631,10.00164111,-0.69835889,0.10699198,0.96296483,4
117.37857052,31.96325293,41.61857042,9.62370185,119.54910032,41.61757042,-163.90271524,-0.33930700,-0.60479433,2.22574367,-2.15037183,-0.57411550,-0.01000000,-0.00662817,0.11957750,9.90725121,-0.52954705,0.05237078,1.29982282,4
117.37857021,31.96325207,41.62096144,9.52757849,119.52144414,41.61996144,-163.99912311,-0.35652234,-0.61818404,2.22383085,-2.14941543,-0.57124628,-0.01000000,-0.00758457,0.10523138,9.71883884,-0.31722448,-0.08104813,1.71825130,4
117.37856991,31.96325121,41.62280998,9.43140867,119.49395796,41.62180998,-164.10037031,-0.37128985,-0.63695974,2.21814010,-2.14468009,-0.56649007,-0.00919002,-0.02689962,0.10466988,9.79467680,-0.45395535,-0.17166934,1.99152814,4
117.37856961,31.96325035,41.62424196,9.33519273,119.46664296,41.62324196,-164.19714543,-0.38417765,-0.65987138,2.20954823,-2.13704287,-0.56028483,-0.00775804,-0.06031243,0.11469373,10.07343513,-0.85872773,-0.22942577,2.15334163,4
117.37856931,31.96324948,41.62455011,9.23893531,119.43948313,41.62355011,-164.28297441,-0.43441466,-0.67604904,2.20275054,-2.13142537,-0.55452559,-0.00700000,-0.06607784,0.08963223,10.15779005,-1.31774172,-0.13223042,2.25564604,4
117.37856902,31.96324861,41.62359418,9.14264213,119.41245769,41.62259418,-164.35639854,-0.52666162,-0.68465238,2.19797090,-2.12807963,-0.54926799,-0.00700000,-0.04074577,0.02510715,10.02348230,-1.83776604,0.13925286,2.29101534,4
117.37856873,31.96324774,41.62300000,9.04631855,119.38554552,41.62200000,-164.42003107,-0.60747868,-0.67207734,2.19446232,-2.12582077,-0.54420773,-0.00789613,-0.01765171,0.00471493,9.76023572,-1.86688916,0.38703893,2.39992490,4
117.37856844,31.96324688,41.62300000,8.94996689,119.35873440,41.62200000,-164.48254626,-0.66952180,-0.62471618,2.19304149,-2.12534716,-0.53947162,-0.01026419,0.00176636,0.05681220,9.28520333,-1.08969259,0.59590163,2.62962650,4
117.37856815,31.96324602,41.62350580,8.85358493,119.33203253,41.62250580,-164.55371159,-0.70829817,-0.58949420,2.19035615,-2.12386195,-0.53397680,-0.01174710,0.00082603,0.11371456,9.09341829,-0.46840852,0.60636473,2.95328025,4
117.37856786,31.96324515,41.62540025,8.75716857,119.30546128,41.62440025,-164.63742630,-0.68319675,-0.58759975,2.18419920,-2.11959945,-0.52639902,-0.01079988,-0.05600735,0.18380907,9.67927579,-0.27517500,0.07213089,3.53487524,4
117.37856758,31.96324427,41.62707310,8.66071404,119.27904255,41.62607310,-164.73365488,-0.66265790,-0.58519590,2.17848830,-2.11578070,-0.51861110,-0.01007310,-0.09493557,0.23876019,10.16135366,-0.19738109,-0.28915980,4.11079628,4
117.37856729,31.96324341,41.62754303,8.56421734,119.25279759,41.62654303,-164.84180445,-0.66688728,-0.58002666,2.17519878,-2.11437091,-0.50968241,-0.01054303,-0.03666417,0.21150421,10.08005565,-0.74626011,0.28838500,4.65591586,4
117.37856700,31.96324255,41.62802584,8.46767317,119.22674572,41.62702584,-164.96102745,-0.67216272,-0.57270039,2.17198708,-2.11305168,-0.50072870,-0.01110335,0.01786834,0.18466410,9.98917899,-1.26687415,0.85315227,5.19406154,4
117.37856672,31.96324168,41.62896262,8.37107483,119.20090438,41.62796262,-165.09494189,-0.71431797,-0.48932667,2.17151869,-2.11492524,-0.49089247,-0.01485049,-0.05941629,0.17248592,9.56060059,-0.79098820,0.96743984,5.48633796,4
117.37856645,31.96324080,41.62989941,8.27441358,119.17530505,41.62889941,-165.25314453,-0.75647323,-0.40595295,2.17105030,-2.11679881,-0.48105625,-0.01859762,-0.13670092,0.16030773,9.13202220,-0.31510224,1.08172741,5.77861437,4
117.37856618,31.96323993,41.63125310,8.17767843,119.14999871,41.63025310,-165.43480767,-0.74262119,-0.32766176,2.16640530,-2.11449380,-0.46997519,-0.02108850,-0.21141434,0.18615052,9.32116525,-0.10151460,0.95741201,5.91442507,4
117.37856591,31.96323905,41.63265695,8.08086170,119.12501411,41.63165695,-165.61889919,-0.72203137,-0.24998200,2.16125784,-2.11168610,-0.45874439,-0.02342825,-0.28581845,0.21656729,9.58462130,0.08051809,0.80439225,6.03141266,4
117.37856566,31.96323818,41.63228875,7.98396415,119.10032944,41.63128875,-165.78509658,-0.67432511,-0.20859568,2.15039815,-2.10353189,-0.44604253,-0.02471125,-0.27270508,0.24178120,9.78662651,0.26760524,0.60199044,6.05608814,4
117.37856540,31.96323730,41.63134750,7.88699246,119.07590399,41.63034750,-165.93172236,-0.61784979,-0.17894614,2.13769120,-2.09364871,-0.43286495,-0.02565250,-0.23128985,0.26531259,9.96875941,0.45632694,0.38361921,6.05091123,4
117.37856515,31.96323643,41.63010834,7.78995330,119.05171146,41.62910834,-166.06517100,-0.59075841,-0.15759735,2.12824450,-2.08643338,-0.42086675,-0.02629722,-0.21332503,0.28856371,9.98903945,0.24275062,0.31548318,5.95240394,4
117.37856489,31.96323556,41.62869485,7.69285250,119.02773395,41.62769485,-166.19170557,-0.58086393,-0.14110655,2.12070585,-2.08077939,-0.40955878,-0.02676838,-0.20908454,0.31165082,9.91459530,-0.20627012,0.33527214,5.79927514,4
117.37856464,31.96323468,41.62800000,7.59569204,119.00396650,41.62700000,-166.32044376,-0.58583257,-0.11477377,2.11604072,-2.07800000,-0.39872399,-0.02771946,-0.21011764,0.27143897,9.82955661,-0.24066083,0.45195916,5.79258816,4
117.37856439,31.96323381,41.62800000,7.49846872,118.98042176,41.62700000,-166.45796390,-0.60517205,-0.07892498,2.11415395,-2.07800000,-0.38834670,-0.02913454,-0.21624968,0.17002460,9.73427428,0.12584597,0.66233501,5.92749285,4
117.37856414,31.96323293,41.62782071,7.40117754,118.95711674,41.62682071,-166.60359543,-0.59602318,-0.04642194,2.11317929,-2.07889645,-0.37805564,-0.03035858,-0.25496137,0.15300156,9.74466772,0.33906337,0.63412205,6.03061825,4
117.37856390,31.96323205,41.62735911,7.30381479,118.93406156,41.62635911,-166.75595807,-0.54201546,-0.01918728,2.11364089,-2.08120447,-0.36790034,-0.03128179,-0.34497424,0.26886427,9.92146222,0.31090550,0.23021817,6.08370275,4
117.37856367,31.96323117,41.62658876,7.20637831,118.91126899,41.62558876,-166.91590937,-0.50328994,0.00354216,2.11317751,-2.08258876,-0.35763535,-0.03200000,-0.40204586,0.34470932,10.05077515,0.12316642,-0.03177219,6.13014053,4
117.37856344,31.96323029,41.62473671,7.10886515,118.88875242,41.62373671,-167.07845981,-0.51810635,0.01048735,2.10947341,-2.08073671,-0.34698606,-0.03200000,-0.34370626,0.28035055,10.01373413,-0.62367310,0.20343827,6.15329117,4
117.37856322,31.96322941,41.62297168,7.01126909,118.86650581,41.62197168,-167.24044536,-0.53358610,0.01841617,2.10614162,-2.07922659,-0.33640521,-0.03208497,-0.29106760,0.21368390,9.96277075,-1.28788779,0.41284062,6.17250755,4
117.37856300,31.96322853,41.62251690,6.91358387,118.84453054,41.62151690,-167.41004633,-0.55905373,0.04115512,2.10841551,-2.08286482,-0.32685485,-0.03344931,-0.32426647,0.11226818,9.70218238,-0.70804455,0.23365769,6.13248700,4
117.37856278,31.96322765,41.62206212,6.81580497,118.82285038,41.62106212,-167.58960127,-0.58452135,0.06389407,2.11068941,-2.08650305,-0.31730449,-0.03481364,-0.35746534,0.01085247,9.44159400,-0.12820132,0.05447476,6.09246644,4
117.37856257,31.96322677,41.62239552,6.71792761,118.80147550,41.62139552,-167.77192472,-0.56703755,0.05750757,2.10783586,-2.08502241,-0.30690309,-0.03420896,-0.28408297,0.00847002,9.61404243,-0.05374622,0.03039552,6.10202968,4
117.37856236,31.96322588,41.62285361,6.61994962,118.78040449,41.62185361,-167.95372915,-0.54275885,0.04651344,2.10417115,-2.08273197,-0.29636705,-0.03329279,-0.19383950,0.02175459,9.85499707,-0.05924328,0.03085361,6.11943705,4
117.37856215,31.96322500,41.62330325,6.52187163,118.75963700,41.62230325,-168.13319188,-0.53651625,0.06847293,2.10997473,-2.08988448,-0.28723827,-0.03421300,-0.11799639,-0.08498918,9.95201444,-0.09920939,0.26237908,6.12803249,4
117.37856194,31.96322411,41.62374892,6.42369098,118.73916504,41.62274892,-168.30808790,-0.53874462,0.10590968,2.12022527,-2.10147204,-0.27877043,-0.03599570,-0.04891667,-0.24810645,9.98142903,-0.15536452,0.60242957,6.13248925,4
117.37856174,31.96322322,41.62380576,6.32540239,118.71897910,41.62280576,-168.47997414,-0.53961152,0.14622994,2.12580576,-2.10838848,-0.26953244,-0.03777697,-0.07040920,-0.22869945,9.97527371,-0.21613627,0.66774283,6.12567639,4
117.37856154,31.96322234,41.62336090,6.22700181,118.69907657,41.62236090,-168.65569919,-0.53872181,0.19027053,2.12536090,-2.10927819,-0.25930079,-0.03955639,-0.20875894,0.02620216,9.92322574,-0.28286444,0.37858742,6.10432338,4
117.37856135,31.96322145,41.62291701,6.12849187,118.67947414,41.62191701,-168.84342442,-0.54214956,0.22226540,2.12533196,-2.11058094,-0.24917419,-0.04091701,-0.32224487,0.20353812,9.85153812,-0.36695983,0.11827272,6.09745689,4
117.37856117,31.96322056,41.62247724,6.02987824,118.66020029,41.62147724,-169.04670284,-0.56413806,0.20247575,2.12709104,-2.11365933,-0.23949925,-0.04047724,-0.32884142,0.04741978,9.69541978,-0.52571678,-0.01805596,6.15286791,4
117.37856100,31.96321967,41.62203747,5.93116547,118.64128467,41.62103747,-169.26672129,-0.58612656,0.18268610,2.12885012,-2.11673772,-0.22982432,-0.04003747,-0.33543797,-0.10869855,9.53930145,-0.68447374,-0.15438465,6.20827892,4
117.37856082,31.96321878,41.62118715,5.83235738,118.62275950,41.62018715,-169.50391403,-0.59084498,0.19481848,2.12778072,-2.11659357,-0.21965221,-0.04000000,-0.30307951,-0.17483536,9.62272934,-0.25580872,0.08070047,6.27315102,4
117.37856065,31.96321789,41.62029859,5.73345539,118.60465524,41.61929859,-169.75679649,-0.59395493,0.20992396,2.12644789,-2.11614930,-0.20943379,-0.04000000,-0.26709292,-0.23259161,9.72846771,0.22756667,0.35037773,6.33890429,4
117.37856048,31.96321700,41.62058135,5.63445767,118.58699765,41.61958135,-170.02536235,-0.56360688,0.24203296,2.13268557,-2.12326693,-0.19931443,-0.04116271,-0.21837469,-0.21304928,9.87445727,0.19117691,0.50349556,6.54994007,4
117.37856033,31.96321610,41.62145694,5.53536275,118.56981657,41.62045694,-170.30928893,-0.51632526,0.28274770,2.14275481,-2.13421175,-0.18924519,-0.04291388,-0.16321280,-0.15438504,10.04081854,-0.10827337,0.59762102,6.83450540,4
117.37856018,31.96321521,41.62250158,5.43616714,118.55313631,41.62150158,-170.60275699,-0.49452369,0.32321457,2.14782965,-2.14016403,-0.17848579,-0.04450158,-0.18417372,-0.15428090,10.12159612,-0.35000969,0.59346978,7.06767846,4
117.37856004,31.96321432,41.62382231,5.33686649,118.53696554,41.62282231,-170.90213266,-0.51433462,0.36327667,2.14474795,-2.13796282,-0.16659923,-0.04582231,-0.32945386,-0.24981360,10.06260358,-0.49749104,0.42881896,7.21692078,4
117.37855989,31.96321342,41.62504771,5.23746403,118.52131682,41.62404771,-171.20967563,-0.53228624,0.39890459,2.14123669,-2.13533210,-0.15461650,-0.04704771,-0.45771191,-0.33428440,9.96744536,-0.61821822,0.26764020,7.35539089,4
117.37855975,31.96321253,41.62548821,5.13796537,118.50620841,41.62448821,-171.52714110,-0.53492926,0.39802358,2.13418863,-2.12916506,-0.14184190,-0.04748821,-0.44581832,-0.32767684,9.57451637,-0.51866446,0.13504868,7.40516777,4
117.37855961,31.96321164,41.62592871,5.03837472,118.49165913,41.62492871,-171.85598995,-0.53757228,0.39714257,2.12714058,-2.12299801,-0.12906730,-0.04792871,-0.43392473,-0.32106929,9.18158737,-0.41911070,0.00245717,7.45494465,4
117.37855947,31.96321075,41.62637555,4.93869765,118.47769224,41.62537555,-172.19645001,-0.52898681,0.39399560,2.11886456,-2.11561566,-0.11610906,-0.04724890,-0.41172032,-0.28582498,9.48190762,-0.37370713,-0.02876429,7.61321987,4
117.37855933,31.96320986,41.62682361,4.83893683,118.46432695,41.62582361,-172.54580004,-0.51823340,0.39041113,2.11035144,-2.10799866,-0.10311536,-0.04635278,-0.38752515,-0.24505165,9.91607642,-0.33875855,-0.04041382,7.79244331,4
117.37855919,31.96320897,41.62672785,4.73909318,118.45157611,41.62572785,-172.90708713,-0.51345570,0.38437343,2.10700000,-2.10527215,-0.08983547,-0.04600000,-0.33200649,-0.34085404,9.96670928,-0.43875910,-0.08228468,8.15556227,4
117.37855905,31.96320807,41.62627899,4.63918083,118.43947111,41.62527899,-173.28805278,-0.51255798,0.37674287,2.10700000,-2.10572101,-0.07636976,-0.04600000,-0.25614966,-0.52533425,9.76831450,-0.62638131,-0.14377808,8.63808350,4
117.37855892,31.96320717,41.62600000,4.53921763,118.42805388,41.62500000,-173.69125996,-0.51780762,0.37439137,2.10512106,-2.10429188,-0.06202157,-0.04600000,-0.22164011,-0.56603825,9.64004644,-0.68031187,-0.10342632,9.06593845,4
117.37855879,31.96320628,41.62600000,4.43921409,118.41736370,41.62500000,-174.11285141,-0.53315388,0.38071042,2.10015610,-2.09977827,-0.04622395,-0.04600000,-0.25504080,-0.37059911,9.62695698,-0.51466253,0.10419955,9.40400754,4
117.37855867,31.96320538,41.62614869,4.33917238,118.40742656,41.62514869,-174.54582678,-0.54488480,0.39603684,2.09555392,-2.09555392,-0.03032351,-0.04629739,-0.29236772,-0.20714869,9.64938179,-0.32938445,0.34461489,9.72305828,4
117.37855857,31.96320449,41.62706140,4.23909104,118.39825558,41.62606140,-174.98625588,-0.53803949,0.45764457,2.09281580,-2.09281580,-0.01389478,-0.04812280,-0.34986826,-0.20806140,9.85428453,-0.04325078,0.75350765,9.94438974,4
117.37855847,31.96320359,41.62797411,4.13896967,118.38986270,41.62697411,-175.43796441,-0.53119419,0.51925230,2.09007768,-2.09007768,0.00253395,-0.04994822,-0.40736881,-0.20897411,10.05918726,0.24288288,1.16240042,10.16572121,4
117.37855838,31.96320269,41.62889680,4.03881821,118.38227557,41.62789680,-175.90672830,-0.51306402,0.57570475,2.07744481,-2.07744481,0.01959079,-0.05179360,-0.45204636,-0.32154831,10.09773317,0.06087856,0.70407719,10.18993598,4
117.37855830,31.96320179,41.62981978,3.93865153,118.37552736,41.62881978,-176.39021771,-0.49460436,0.63200670,2.06452305,-2.06452305,0.03666597,-0.05363956,-0.49634953,-0.43738263,10.13142204,-0.13479377,0.22043427,10.20839564,4
117.37855821,31.96320088,41.62961243,3.83847797,118.36963689,41.62861243,-176.88472317,-0.48673671,0.64571300,2.04533442,-2.04494685,0.05317744,-0.05400000,-0.46934340,-0.69913173,9.92328528,0.03512600,0.12522486,10.17324283,4
117.37855813,31.96319998,41.62913082,3.73830769,118.36462355,41.62813082,-177.39408268,-0.48143901,0.64908426,2.02462524,-2.02375606,0.06955214,-0.05400000,-0.42503540,-0.99628435,9.65647402,0.29374991,0.12426164,10.12508195,4
117.37855805,31.96319909,41.62828441,3.63815665,118.36051962,41.62728441,-177.92385595,-0.42668886,0.65894482,2.00826621,-2.00655063,0.08616496,-0.05364221,-0.41300000,-0.93710299,9.69563138,0.49387881,0.11863311,10.12988964,4
117.37855797,31.96319820,41.62730197,3.53804406,118.35736371,41.62630197,-178.47239558,-0.35349645,0.67122543,1.99352949,-1.99083145,0.10286658,-0.05315098,-0.41300000,-0.74503431,9.84889334,0.67219321,0.11126474,10.15445086,4
117.37855790,31.96319730,41.62559595,3.43798234,118.35518136,41.62459595,-179.02843640,-0.33135101,0.66833075,1.97846961,-1.97476758,0.11958343,-0.05264899,-0.38842908,-0.72180334,9.91179559,0.17450537,0.05459297,10.24132896,4
117.37855784,31.96319639,41.62356884,3.33796385,118.35397063,41.62256884,-179.58604824,-0.33185779,0.65870201,1.96326633,-1.95855075,0.13630704,-0.05214221,-0.35295476,-0.77349449,9.93460051,-0.62316003,-0.02395731,10.35586033,4
117.37855780,31.96319549,41.62113852,3.23798044,118.35373636,41.62013852,179.84704359,-0.33460607,0.65004327,1.94894801,-1.94283112,0.15328576,-0.05162770,-0.37315597,-0.60520271,9.85537194,-0.71148429,-0.01398255,10.43900454,4
117.37855776,31.96319459,41.61855091,3.13803465,118.35450436,41.61755091,179.26514221,-0.33822873,0.64176291,1.93497490,-1.92730545,0.17036401,-0.05111018,-0.41507529,-0.35109917,9.73634177,-0.52310610,0.03052438,10.50990512,4
117.37855773,31.96319369,41.61670279,3.03813305,118.35629968,41.61570279,178.66953040,-0.35802576,0.63178433,1.91124462,-1.90194741,0.18740451,-0.05013519,-0.34530253,-0.19149350,9.83769428,-0.79562787,0.02486587,10.69839388,4
117.37855772,31.96319279,41.61505470,2.93828850,118.35914352,41.61405470,178.05802171,-0.38219780,0.62134640,1.88487513,-1.87392982,0.20443481,-0.04903646,-0.24531818,-0.05744855,9.99865809,-1.19281843,0.00563811,10.91868906,4
117.37855773,31.96319189,41.61337080,2.83852732,118.36306769,41.61237080,177.42698729,-0.42101468,0.61774160,1.86879413,-1.85562186,0.22237814,-0.04900000,-0.30553882,-0.14857976,9.62331015,-0.89971031,0.05116068,11.04764697,4
117.37855774,31.96319098,41.61178067,2.73887430,118.36810474,41.61078067,176.78085125,-0.45146469,0.61719330,1.85106507,-1.83562641,0.24007063,-0.04878067,-0.35954833,-0.21474353,9.38119128,-0.58453544,0.10206317,11.12664131,4
117.37855777,31.96319008,41.61060482,2.63933723,118.37427092,41.60960482,176.12315085,-0.44323374,0.62895179,1.82460847,-1.80681811,0.25653251,-0.04760482,-0.36248795,-0.13831334,9.80038143,-0.27646302,0.16673486,11.00141340,4
117.37855781,31.96318918,41.60942258,2.53993212,118.38158650,41.60842258,175.44862267,-0.43957742,0.62085317,1.79974027,-1.77929672,0.27279519,-0.04642258,-0.36919680,-0.09582418,9.98799504,-0.25167315,0.02042182,10.88705301,4
117.37855787,31.96318828,41.60823356,2.44068990,118.39008405,41.60723356,174.75901466,-0.44076644,0.59172231,1.77655449,-1.75313840,0.28884689,-0.04523356,-0.37989793,-0.08928460,9.93032785,-0.52692997,-0.34936165,10.78420327,4
117.37855793,31.96318738,41.60602064,2.34161661,118.39977767,41.60502064,174.06459858,-0.46970076,0.57164962,1.75270121,-1.72622701,0.30437102,-0.04450516,-0.32014491,-0.09888650,9.73145536,-0.52013459,-0.09441544,10.70758816,4
117.37855801,31.96318649,41.60355256,2.24269916,118.41066805,41.60255256,173.36307944,-0.49967117,0.55632883,1.73076278,-1.70109161,0.32013211,-0.04377628,-0.26829796,-0.09400388,9.57534807,-0.41303188,0.17120550,10.66129796,4
117.37855810,31.96318559,41.60106231,2.14394849,118.42277775,41.60006231,172.64384492,-0.50340653,0.55259347,1.71831156,-1.68490502,0.33756382,-0.04253116,-0.33117664,-0.00497763,9.77207741,-0.16276229,-0.21166963,10.72417664,4
117.37855822,31.96318468,41.59741554,2.04538970,118.43614055,41.59641554,171.90861100,-0.49244692,0.52478621,1.69749325,-1.66027800,0.35312258,-0.04089237,-0.36464575,0.01970850,9.85009267,-0.13833346,-0.35173987,10.86619300,4
117.37855835,31.96318379,41.59289284,1.94703437,118.45077258,41.59189284,171.16535308,-0.47199121,0.47844622,1.67050440,-1.62942403,0.36729468,-0.03894642,-0.37559816,-0.00352239,9.84136626,-0.29658720,-0.32145664,11.06053538,4
117.37855851,31.96318290,41.58762163,1.84889187,118.46668171,41.58662163,170.41182259,-0.52074994,0.40201361,1.64612503,-1.60109125,0.38179052,-0.03631081,-0.35583111,-0.02921956,9.90857424,-1.16172525,-0.78664130,10.93929745,4
117.37855869,31.96318201,41.58330745,1.75098529,118.48389019,41.58230745,169.64095092,-0.58968322,0.29968325,1.62147516,-1.57244410,0.39577018,-0.03330745,-0.32128883,-0.01898137,9.84552487,-1.19932930,-1.01969255,10.78117083,4
117.37855889,31.96318112,41.58000000,1.65333905,118.50242791,41.57900000,168.85405740,-0.67688028,0.17311408,1.59683239,-1.54373662,0.40929930,-0.02996408,-0.27171901,0.02580845,9.66019649,-0.43080281,-1.01133940,10.59191550,4
117.37855911,31.96318024,41.58000000,1.55596921,118.52231324,41.57900000,168.05616657,-0.67013679,0.12321221,1.58739150,-1.52890093,0.42615804,-0.02794104,-0.19956360,0.01501886,9.84024784,-0.36336785,-0.35452287,10.69981144,4
117.37855935,31.96317936,41.57964777,1.45890072,118.54355788,41.57864777,167.24535430,-0.68989465,0.09401217,1.58088665,-1.51706884,0.44351009,-0.02664777,-0.13746974,-0.04459494,10.01064746,-0.58560232,-0.13599969,11.01029461,4
117.37855962,31.96317850,41.57900000,1.36217312,118.56618134,41.57800000,166.41825637,-0.73299863,0.08326845,1.57689262,-1.50779598,0.46130066,-0.02601074,-0.08698651,-0.14446310,10.16213985,-1.04848870,-0.28515471,11.49366025,4
117.37855992,31.96317764,41.57900000,1.26581419,118.59020530,41.57800000,165.57768530,-0.79398194,0.09966181,1.57033528,-1.49533702,0.47966123,-0.02666647,-0.20829741,-0.11167638,9.68214216,-0.83406350,0.37713719,11.77824905,4
117.37856023,31.96317678,41.57900000,1.16983371,118.61564556,41.57800000,164.72511446,-0.83921107,0.14966427,1.56021744,-1.47898766,0.49675149,-0.02796894,-0.30875746,-0.04493828,9.63986178,-0.73598128,0.60903187,12.10096135,4
117.37856055,31.96317592,41.57900000,1.07425379,118.64252006,41.57800000,163.85695923,-0.86813250,0.23445666,1.54641403,-1.45861119,0.51252682,-0.02994085,-0.38763410,0.05694405,10.05067762,-0.75832966,0.39540764,12.46313659,4
117.37856088,31.96317505,41.57771130,0.97911196,118.67084981,41.57671130,162.97453519,-0.90508357,0.21831387,1.52666952,-1.43222602,0.52717569,-0.02935565,-0.41577398,-0.03794112,9.72987134,-0.95617093,-0.31140785,12.95146294,4
117.37856122,31.96317420,41.57605833,0.88443323,118.70064629,41.57505833,162.08426484,-0.94351955,0.17001923,1.50407216,-1.40293325,0.54096392,-0.02774444,-0.40174984,-0.01509679,9.61976430,-0.89204625,-0.70270836,13.27369755,4
117.37856156,31.96317335,41.57403150,0.79023286,118.73191338,41.57303150,161.18472521,-0.98338058,0.08827034,1.47839895,-1.37050394,0.55380053,-0.02504199,-0.34094488,0.15042783,9.77853281,-0.51978476,-0.71284252,13.40003675,4
117.37856193,31.96317250,41.57400000,0.69654229,118.76466549,41.57300000,160.26829863,-1.00302157,0.02110386,1.46645119,-1.35029909,0.57098354,-0.02296198,-0.28157662,0.08234847,9.81428774,-0.32650171,-0.57033826,13.55417253,4
117.37856230,31.96317165,41.57328385,0.60339824,118.79892651,41.57228385,159.33680986,-1.01844533,-0.03220060,1.46171615,-1.33670311,0.59081645,-0.02128385,-0.20530192,0.11560179,9.94816447,-0.29923068,-0.45824073,13.87235502,4
117.37856270,31.96317082,41.57194609,0.51081297,118.83471042,41.57094609,158.39862305,-1.03167126,-0.07183826,1.46275740,-1.32835306,0.61280868,-0.02002696,-0.12460419,0.23578172,10.13870487,-0.41765283,-0.36382122,14.33281519,4
117.37856312,31.96316999,41.57060899,0.41879599,118.87202085,41.56960899,157.45291664,-1.07312146,-0.06782696,1.45674043,-1.31230782,0.63286522,-0.02069551,-0.28839933,0.25516972,9.61054909,-0.63225790,-0.01216307,14.79946422,4
117.37856356,31.96316916,41.56927982,0.32738691,118.91086464,41.56827982,156.49500110,-1.09344036,-0.04799556,1.45039911,-1.29527760,0.65280266,-0.02136009,-0.32194988,0.24995654,9.55760624,-0.39619773,0.11487183,15.13371000,4
117.37856400,31.96316835,41.56786954,0.23662502,118.95124994,41.56686954,155.53097320,-1.09545643,-0.01515203,1.44349992,-1.27717378,0.67250008,-0.02200000,-0.25063071,0.22115153,9.89408747,0.19484747,0.06252283,15.35458772,4
117.37856447,31.96316755,41.56382886,0.14651423,118.99317501,41.56282886,154.57018867,-1.07862027,0.01111239,1.42801064,-1.25158280,0.68798936,-0.02200000,-0.30113920,0.10195148,9.98971689,0.12817625,0.26455681,15.49668496,4
117.37856496,31.96316674,41.56017915,0.05705922,119.03662857,41.55917915,153.61200443,-1.07937591,0.06123786,1.41881498,-1.23089575,0.70592510,-0.02309251,-0.38918645,0.03889575,9.87786354,-0.19661360,0.37093097,15.72524071,4
117.37856546,31.96316595,41.55688052,-0.03170413,119.08159684,41.55588052,152.65075296,-1.09528442,0.12880650,1.41431298,-1.21377532,0.72565715,-0.02500000,-0.50165584,0.02488183,9.61282470,-0.70335322,0.37528434,16.03631438,4
117.37856597,31.96316516,41.55418214,-0.11973622,119.12807203,41.55318214,151.68402166,-1.12429201,0.14702056,1.39879730,-1.18611692,0.74049824,-0.02500000,-0.47129906,0.06738132,9.74437075,-0.53065687,-0.11514632,16.58543480,4
117.37856650,31.96316438,41.55226643,-0.20701313,119.17605408,41.55126643,150.71002442,-1.13259856,0.14729748,1.39016607,-1.16409677,0.75873717,-0.02500000,-0.45726643,0.07683034,9.83134291,-0.27930930,-0.23500231,17.08238372,4
117.37856703,31.96316360,41.55098012,-0.29350003,119.22554376,41.54998012,149.72496970,-1.12511925,0.13447700,1.38662237,-1.14620500,0.77949688,-0.02500000,-0.45532425,0.06477626,9.87645487,0.01392336,-0.06724362,17.54362291,4
117.37856755,31.96316282,41.55031611,-0.37913953,119.27653603,41.54931611,148.73071395,-1.12910331,0.15041325,1.37400617,-1.11964458,0.79609714,-0.02500000,-0.43274789,0.19093827,9.69119591,-0.32273001,0.05825438,18.16580082,4
117.37856810,31.96316205,41.55065678,-0.46389526,119.32902061,41.54965678,147.73675402,-1.13461228,0.18459953,1.37489618,-1.10338772,0.82009108,-0.02565678,-0.39638563,0.23655087,9.68115666,-0.33785192,0.21126256,18.69154413,4
117.37856867,31.96316128,41.55191034,-0.54776777,119.38298703,41.55091034,146.74628492,-1.14150685,0.23536862,1.38805853,-1.09649315,0.85080324,-0.02691034,-0.34749688,0.20897260,9.83033002,-0.06081567,0.38926776,19.12966254,4
117.37856926,31.96316054,41.55490551,-0.63074643,119.43842851,41.55390551,145.75157177,-1.11933699,0.33720637,1.38493228,-1.07624250,0.87159529,-0.02932441,-0.44511189,0.19189133,9.91654336,0.15657495,0.88780194,19.45794353,4
117.37856986,31.96315980,41.55799317,-0.71279431,119.49534298,41.55699317,144.74700668,-1.10121230,0.44315816,1.38458224,-1.05763006,0.89373988,-0.03199317,-0.52971939,0.18894535,9.92014978,0.06838632,1.07770263,19.70219232,4
117.37857047,31.96315906,41.56099644,-0.79387534,119.55372940,41.55999644,143.73592638,-1.09580641,0.54947390,1.39239074,-1.04441567,0.92016865,-0.03499644,-0.56515797,0.21297150,9.76638239,-0.62897284,0.59297495,19.79349171,4
117.37857109,31.96315833,41.56405233,-0.87396188,119.61357681,41.56305233,142.72401512,-1.12847922,0.58582093,1.38063366,-1.01619292,0.93392560,-0.03558953,-0.60491175,0.26656183,9.64932529,-0.98431914,0.14408362,19.92251206,4
117.37857173,31.96315761,41.56718090,-0.95302299,119.67486204,41.56618090,141.71316335,-1.17753482,0.58741349,1.36038765,-0.98140560,0.94213711,-0.03502584,-0.63985718,0.33112133,9.56355414,-1.12637786,-0.25848966,20.06911698,4
117.37857238,31.96315689,41.57132223,-1.03102201,119.73755685,41.57032223,140.70237303,-1.16688570,0.59687938,1.36926191,-0.96779840,0.96816828,-0.03561746,-0.52212527,0.31100633,9.75937957,-0.35668331,-0.04077437,20.18625727,4
117.37857303,31.96315618,41.57484506,-1.10791799,119.80163141,41.57384506,139.68877416,-1.15366207,0.60828161,1.37309862,-0.95012690,0.99070414,-0.03600000,-0.45318299,0.27159196,9.91367562,0.02311453,0.01063521,20.40502592,4
117.37857368,31.96315547,41.57723627,-1.18366648,119.86706020,41.57623627,138.66772059,-1.13572800,0.62322667,1.36771840,-0.92501920,1.00684480,-0.03600000,-0.47350827,0.19686666,9.99198774,-0.31045921,-0.24223521,20.80973814,4
117.37857436,31.96315479,41.57916238,-1.25821908,119.93382425,41.57816238,137.63758379,-1.14627335,0.64466081,1.37917366,-0.91118809,1.03486018,-0.03677492,-0.49859811,-0.02111782,9.94299500,-0.46930720,-0.06146402,21.09320936,4
117.37857508,31.96315412,41.58087024,-1.33152739,120.00189801,41.57987024,136.60404175,-1.17018337,0.66914012,1.39852939,-0.90264880,1.06844807,-0.03791349,-0.52592385,-0.30633019,9.83426134,-0.54616083,0.32280415,21.31978526,4
117.37857581,31.96315347,41.58313313,-1.40355788,120.07124490,41.58213313,135.57158950,-1.16986687,0.76005811,1.39680031,-0.87746902,1.08646518,-0.04066641,-0.45760677,-0.21281107,9.53749439,-0.48373989,0.81115587,21.72896233,4
117.37857655,31.96315283,41.58542764,-1.47428822,120.14183849,41.58442764,134.53469481,-1.16297527,0.86301674,1.39581746,-0.85247200,1.10491782,-0.04353455,-0.43630474,-0.08142399,9.35278039,-0.42613818,1.16756362,22.14566039,4
117.37857731,31.96315220,41.58766290,-1.54368828,120.21367002,41.58666290,133.48739128,-1.13671097,0.99377940,1.40531731,-0.83403111,1.13062330,-0.04632862,-0.64697793,0.07839705,9.70706898,-0.43731448,0.93006733,22.53068379,4
117.37857808,31.96315158,41.58946933,-1.61172041,120.28672564,41.58846933,132.43183612,-1.12358129,1.07458129,1.40114417,-0.80657361,1.14529601,-0.04776534,-0.78637577,0.17470399,9.96851383,-0.57846173,0.41887556,22.78258897,4
117.37857886,31.96315097,41.59063735,-1.67834984,120.36097878,41.58963735,131.37180514,-1.13000541,1.08100541,1.37661572,-0.76569287,1.14354398,-0.04718133,-0.81966437,0.17645602,10.09174005,-0.91309977,-0.49977301,22.83631794,4
117.37857965,31.96315037,41.59176904,-1.74354574,120.43640055,41.59076904,130.30830741,-1.13123096,1.04800876,1.37092260,-0.73646568,1.15568913,-0.04623096,-0.78308867,0.18430586,9.89851949,-0.58518502,-0.64734215,22.75610118,4
117.37858045,31.96314978,41.59288437,-1.80727842,120.51296146,41.59188437,129.24164793,-1.13011563,0.99726112,1.37371093,-0.71248602,1.17409212,-0.04511563,-0.71505336,0.19490153,9.56280431,0.04107436,-0.44769758,22.61556924,4
117.37858125,31.96314919,41.59506179,-1.86951883,120.59062978,41.59406179,128.17186704,-1.09443412,1.00694798,1.36936097,-0.68371217,1.18579350,-0.04500000,-0.64253816,0.31352205,9.73984896,-0.04811883,-0.05278506,22.67110087,4
117.37858207,31.96314861,41.59708274,-1.93023838,120.66937368,41.59608274,127.09796060,-1.05818674,1.03109465,1.37013007,-0.65734514,1.20170219,-0.04541372,-0.56436865,0.35275823,9.93850354,-0.21360302,0.32183708,22.76281583,4
117.37858291,31.96314807,41.59760844,-1.98940723,120.74916239,41.59660844,126.01941914,-1.04031302,1.09522975,1.40272332,-0.64683119,1.24428369,-0.04804220,-0.45870344,-0.09986735,9.93534936,-0.34450171,0.46692960,22.92683347,4
117.37858377,31.96314755,41.59772706,-2.04699236,120.82995726,41.59672706,124.93660591,-1.02317883,1.16306115,1.42604471,-0.63149413,1.27845647,-0.05054588,-0.41643760,-0.45433174,9.91757884,-0.40774592,0.56967765,23.06428469,4
117.37858464,31.96314704,41.59665738,-2.10296382,120.91172052,41.59565738,123.84729597,-1.00820337,1.24168233,1.42230084,-0.60207804,1.28808355,-0.05268523,-0.55923933,-0.52225616,9.85714215,-0.27350160,0.54881897,23.12418654,4
117.37858552,31.96314654,41.59559803,-2.15730194,120.99444186,41.59459803,122.75025581,-0.99739212,1.31050052,1.42180887,-0.57415171,1.30023055,-0.05460296,-0.68317739,-0.50933194,9.80030342,-0.26616858,0.44837032,23.16642661,4
117.37858642,31.96314607,41.59455513,-2.20998978,121.07810937,41.59355513,121.64815587,-0.99322053,1.36368827,1.42650191,-0.54860073,1.31639545,-0.05616730,-0.77703812,-0.36749795,9.74920147,-0.46119032,0.22101878,23.18050572,4
117.37858733,31.96314560,41.59348703,-2.26100245,121.16268763,41.59248703,120.54048822,-0.97663676,1.39918162,1.42233135,-0.51909785,1.32397405,-0.05700000,-0.80340326,-0.26814677,9.68865677,-0.47548626,0.11256783,23.16209488,4
117.37858825,31.96314516,41.59239023,-2.31031362,121.24815058,41.59139023,119.42666180,-0.94592653,1.41453673,1.40807303,-0.48509723,1.32178047,-0.05700000,-0.75295073,-0.21714585,9.61736517,-0.28409572,0.13943928,23.10670678,4
117.37858918,31.96314473,41.59200000,-2.35790742,121.33447928,41.59100000,118.30931512,-0.90565984,1.46417887,1.41547800,-0.45849854,1.33887389,-0.05834897,-0.68306454,-0.10828156,9.66079763,-0.31751022,0.36449845,23.05293843,4
117.37859012,31.96314431,41.59200000,-2.40376895,121.42164838,41.59100000,117.18511601,-0.86011510,1.53275772,1.43484760,-0.43598792,1.36661953,-0.06044298,-0.60244513,0.03254066,9.76759217,-0.47508453,0.69901666,23.00006466,4
117.37859106,31.96314389,41.59239545,-2.44787049,121.50964038,41.59139545,116.04747186,-0.84444097,1.60675806,1.43565008,-0.40706406,1.37637268,-0.06218634,-0.61935838,0.04508682,9.69990632,-0.68427418,0.72433300,23.11452035,4
117.37859201,31.96314349,41.59293421,-2.49017995,121.59844526,41.59193421,114.89591771,-0.83959214,1.68272318,1.42972372,-0.37581600,1.37960524,-0.06380262,-0.67161808,0.01114496,9.56898771,-0.91216955,0.63759268,23.28961726,4
117.37859298,31.96314311,41.59300000,-2.53067057,121.68805117,41.59200000,113.73653907,-0.81013657,1.74926871,1.43770484,-0.34817622,1.39466079,-0.06583260,-0.74992950,0.15269160,9.66066517,-0.21337462,0.62333480,23.22486786,4
117.37859394,31.96314275,41.59300000,-2.56932357,121.77842751,41.59200000,112.57599670,-0.77725803,1.81450390,1.44762059,-0.32103838,1.41136100,-0.06792012,-0.83186490,0.31864993,9.78330734,0.61432953,0.61915975,23.12675413,4
117.37859491,31.96314240,41.59196125,-2.60612431,121.86953140,41.59096125,111.41706645,-0.70380681,1.88555757,1.43553499,-0.28779872,1.40576749,-0.06903875,-0.85733315,0.34681377,9.97237830,0.13960889,0.55667494,23.06482994,4
117.37859589,31.96314206,41.59082786,-2.64106144,121.96132058,41.58982786,110.26137045,-0.63648358,1.94762288,1.42497546,-0.25495885,1.40149188,-0.07005738,-0.87576217,0.33779351,10.12027746,-0.36480521,0.41097886,23.00985240,4
117.37859688,31.96314175,41.58926322,-2.67412869,122.05375273,41.58826322,109.10971290,-0.63178965,1.93510573,1.43384177,-0.22731682,1.41505213,-0.07057893,-0.85542181,0.07232569,9.91374454,-0.69025103,-0.38907544,22.99942144,4
117.37859788,31.96314145,41.58779139,-2.70532097,122.14678936,41.58679139,107.96048054,-0.62487082,1.91394355,1.43828804,-0.19884594,1.42401818,-0.07058278,-0.82846508,-0.12791867,9.74397512,-0.83722020,-0.94300200,22.95939524,4
117.37859888,31.96314115,41.58670853,-2.73463143,122.24039897,41.58570853,106.81216824,-0.60862790,1.85655190,1.42421084,-0.16690153,1.41373100,-0.06841705,-0.77378059,-0.05482554,9.72827363,-0.23623219,-0.46546017,22.79534176,4
117.37859989,31.96314088,41.58600000,-2.76205177,122.33454670,41.58500000,105.66237345,-0.58368204,1.82615898,1.42198001,-0.13651435,1.41487488,-0.06735795,-0.67983328,-0.03635182,9.73178104,0.09203225,-0.06762915,22.69444308,4
117.37860090,31.96314064,41.58600000,-2.78756755,122.42920109,41.58500000,104.50686091,-0.54226359,1.84686820,1.44217150,-0.10907463,1.43765502,-0.06839341,-0.51157085,-0.12125963,9.77164629,-0.09590395,0.17932833,22.71308138,4
117.37860192,31.96314040,41.58556104,-2.81115982,122.52433968,41.58456104,103.34606691,-0.50153896,1.87480260,1.45465844,-0.08027013,1.45231688,-0.06943896,-0.45579870,-0.18416883,9.79039091,-0.26635714,0.36262857,22.74046104,4
117.37860295,31.96314018,41.58450122,-2.83281599,122.61993036,41.58350122,102.18395668,-0.46179566,1.91295617,1.45624817,-0.04953531,1.45549635,-0.07049878,-0.55913129,-0.21596347,9.77926278,-0.41208259,0.45589286,22.78020434,4
117.37860399,31.96314000,41.58346263,-2.85252842,122.71593678,41.58246263,101.02239348,-0.44514949,1.96431713,1.46398585,-0.01968487,1.46398585,-0.07234343,-0.67194739,-0.12110722,9.72617380,-0.66101996,0.45754753,22.47684488,4
117.37860504,31.96313984,41.58244309,-2.87029198,122.81232613,41.58144309,99.86332873,-0.44922765,2.02752865,1.47723988,0.00937204,1.47723988,-0.07489228,-0.79327273,0.08738885,9.63543468,-1.00256608,0.37700382,21.86563025,4
117.37860608,31.96313970,41.58229766,-2.88610725,122.90906451,41.58129766,98.70858771,-0.44177239,2.04011676,1.47287940,0.03718090,1.47228407,-0.07510701,-0.85969258,0.18960893,9.58974904,-0.99323767,0.01814072,21.19130626,4
117.37860712,31.96313957,41.58282413,-2.89997720,123.00612562,41.58182413,97.55816221,-0.42545207,2.01379366,1.45497969,0.06403047,1.45333143,-0.07352762,-0.88390984,0.21014095,9.57869334,-0.71421277,-0.55465002,20.46847382,4
117.37860817,31.96313946,41.58368284,-2.91190473,123.10349048,41.58268284,96.41504492,-0.40566026,1.96778497,1.45753556,0.09075396,1.45451129,-0.07231716,-0.81995989,0.26377486,9.79077891,-0.50389214,-0.69478665,19.82992583,4
117.37860922,31.96313937,41.58470824,-2.92190072,123.20111602,41.58370824,95.28291381,-0.38412699,1.91190099,1.47035298,0.11741421,1.46579063,-0.07129176,-0.71178081,0.33401435,10.11480344,-0.32803706,-0.61788210,19.23365918,4
117.37861027,31.96313929,41.58500000,-2.92997781,123.29894610,41.58400000,94.16168558,-0.36111618,1.86110678,1.47700157,0.14263421,1.47012559,-0.07024961,-0.60446003,0.17052919,10.04191379,-0.26186658,-0.56748511,18.66554193,4
117.37861133,31.96313922,41.58500000,-2.93614901,123.39693336,41.58400000,93.05021578,-0.33751778,1.81233674,1.48119684,0.16728143,1.47169881,-0.06920079,-0.49748059,-0.08590683,9.81117381,-0.23931699,-0.52763002,18.10861952,4
117.37861238,31.96313918,41.58540828,-2.94042742,123.49504783,41.58440828,91.94699750,-0.32401794,1.79565104,1.50200550,0.19363860,1.48914757,-0.06981655,-0.46066898,-0.06722628,9.77965654,-0.28235995,-0.31545402,17.80235332,4
117.37861344,31.96313918,41.58591322,-2.94282342,123.59327069,41.58491322,90.85024925,-0.31290917,1.78656205,1.52674775,0.22040063,1.51035521,-0.07082644,-0.44047122,0.01659442,9.79530980,-0.34093345,-0.06247709,17.55543572,4
117.37861450,31.96313919,41.58686227,-2.94334415,123.69158323,41.58586227,89.76194247,-0.28728761,1.77853299,1.53143113,0.24440104,1.51141319,-0.07100000,-0.52107119,-0.10265163,9.80662269,-0.19665392,-0.12204110,17.22198435,4
117.37861556,31.96313922,41.58790348,-2.94200622,123.78995230,41.58690348,88.68777423,-0.25865424,1.77072388,1.53195174,0.26782835,1.50828955,-0.07100000,-0.62258950,-0.26403972,9.81703482,-0.01027671,-0.24646611,16.87057481,4
117.37861662,31.96313927,41.58891871,-2.93883711,123.88833984,41.58791871,87.63025096,-0.25737807,1.76724386,1.54669942,0.29250848,1.51856521,-0.07145936,-0.57733654,-0.16829501,9.77619853,-0.30674071,-0.01454089,16.31525194,4
117.37861767,31.96313934,41.58993129,-2.93386323,123.98672131,41.58893129,86.58992990,-0.25889694,1.76420613,1.56290065,0.31731662,1.53020984,-0.07196565,-0.51708820,-0.04627947,9.73012627,-0.65253577,0.25379203,15.73909560,4
117.37861872,31.96313943,41.59193027,-2.92711437,124.08507185,41.59093027,85.56951577,-0.24983122,1.75772663,1.56400000,0.33782012,1.52665690,-0.07200000,-0.50527893,-0.04765134,9.73568621,-0.51675284,-0.05373283,15.04322610,4
117.37861977,31.96313954,41.59400130,-2.91862770,124.18335692,41.59300130,84.57245285,-0.24000182,1.75098495,1.56400779,0.35801142,1.52200519,-0.07199974,-0.49698702,-0.05796937,9.74500649,-0.34600493,-0.40298988,14.33873059,4
117.37862082,31.96313966,41.59655553,-2.90844765,124.28153689,41.59555553,83.59983603,-0.24357775,1.72135582,1.57933320,0.38048869,1.53222213,-0.07148889,-0.47144467,0.00231057,9.75777766,-0.35571102,-0.38306685,13.80847144,4
117.37862187,31.96313979,41.59917886,-2.89661688,124.37958269,41.59817886,82.64663407,-0.24588214,1.69297764,1.59440243,0.40284957,1.54220121,-0.07102236,-0.44494314,0.05528264,9.76852443,-0.35344136,-0.34781343,13.27692136,4
117.37862292,31.96313992,41.60334078,-2.88315941,124.47749417,41.60234078,81.70794790,-0.21987013,1.69245740,1.60376675,0.42261870,1.54688338,-0.07154260,-0.39708105,-0.05448804,9.73418858,-0.08447718,0.02884047,12.71662267,4
117.37862397,31.96314006,41.60693951,-2.86809631,124.57527413,41.60593951,80.78529875,-0.19397535,1.69726289,1.61526662,0.44290366,1.55354070,-0.07230246,-0.35185437,-0.14821732,9.70938387,0.14498282,0.37215908,12.18994247,4
117.37862500,31.96314022,41.60643868,-2.85145704,124.67291280,41.60543868,79.88151434,-0.16893390,1.74083502,1.64231139,0.46694346,1.57457553,-0.07480661,-0.32581125,-0.12517918,9.75395766,0.08688664,0.47282574,11.90797567,4
117.37862604,31.96314040,41.60568623,-2.83327422,124.77039958,41.60468623,78.99942551,-0.14361129,1.78081986,1.66687855,0.49019639,1.59318826,-0.07712551,-0.31147178,-0.11968442,9.78371242,0.02721445,0.52497925,11.63288624,4
117.37862707,31.96314059,41.60315780,-2.81358768,124.86772335,41.60215780,78.14456971,-0.11630424,1.79548476,1.67395816,0.50789540,1.59470532,-0.07813688,-0.37973939,-0.23801495,9.70887089,-0.04358159,0.23471547,11.40633890,4
117.37862810,31.96314079,41.60092521,-2.79245263,124.96486151,41.59992521,77.31942817,-0.09195290,1.80366202,1.68112189,0.52569254,1.59629917,-0.07885041,-0.43351244,-0.28933762,9.68718311,-0.16787300,-0.04628277,11.15885005,4
117.37862913,31.96314101,41.60041497,-2.76992210,125.06178963,41.59941497,76.51824162,-0.08480962,1.77406841,1.68877541,0.54406099,1.59834011,-0.07782995,-0.40289835,0.04945823,9.97495548,-0.60361344,-0.27333721,10.78944013,4
117.37863015,31.96314124,41.60019527,-2.74602975,125.15849826,41.59919527,75.73867088,-0.08056216,1.73808853,1.69548818,0.56173378,1.59951182,-0.07680473,-0.37721892,0.27891628,10.13050146,-0.85245656,-0.48768104,10.38287075,4
117.37863117,31.96314149,41.60124116,-2.72081871,125.25497455,41.60024116,74.98763324,-0.08892926,1.67428937,1.69810289,0.57637621,1.59689711,-0.07575884,-0.37303537,0.03208674,9.71005454,-0.28715417,-0.64665600,9.81443070,4
117.37863219,31.96314174,41.60200000,-2.69435239,125.35119443,41.60100000,74.26475074,-0.08536020,1.61935253,1.70524519,0.59238695,1.59868581,-0.07485824,-0.34263997,-0.09993509,9.47134452,0.12186591,-0.63767491,9.23869042,4
117.37863320,31.96314201,41.60200000,-2.66667177,125.44715449,41.60100000,73.56031241,-0.05023635,1.58784437,1.72435669,0.61201498,1.61211551,-0.07434171,-0.24295022,0.07155195,9.71307925,0.11773369,-0.18468055,8.64365108,4
117.37863420,31.96314228,41.60129712,-2.63779484,125.54287019,41.60029712,72.87376578,-0.01856538,1.56084976,1.74139303,0.63044736,1.62346010,-0.07400000,-0.17436418,0.13773100,9.85999663,0.04383292,0.03416825,8.10520574,4
117.37863520,31.96314255,41.59922031,-2.60775932,125.63834087,41.59822031,72.21132159,0.00635627,1.54267772,1.75437306,0.64654259,1.63072891,-0.07400000,-0.16657616,-0.00193411,9.82157575,-0.16644355,-0.20466428,7.67738398,4
117.37863620,31.96314284,41.59736824,-2.57661452,125.73355403,41.59636824,71.57102738,0.02226352,1.52968354,1.77042350,0.66337056,1.64110704,-0.07421059,-0.14325771,0.01371260,9.76783305,-0.31505991,-0.17084414,7.22804775,4
117.37863720,31.96314315,41.59583636,-2.54439245,125.82850760,41.59483636,70.94804634,0.02532729,1.52406664,1.79084858,0.68124251,1.65591522,-0.07472121,-0.09781190,0.25064357,9.69226024,-0.37582454,0.25144446,6.74805829,4
117.37863819,31.96314347,41.59476872,-2.51112007,125.92320491,41.59376872,70.34469384,0.03578881,1.53626477,1.80870725,0.69747596,1.66862569,-0.07569385,-0.08548936,0.47066349,9.72316074,-0.31232311,0.45285816,6.23760053,4
117.37863918,31.96314380,41.59425932,-2.47683890,126.01764210,41.59325932,69.76474637,0.05514600,1.56988515,1.82347984,0.71173916,1.67881368,-0.07722205,-0.11299694,0.67034819,9.88209346,-0.09939402,0.38867380,5.69050521,4
117.37864016,31.96314414,41.59349752,-2.44159360,126.11181412,41.59249752,69.20650787,0.07077854,1.59328102,1.83753226,0.72528102,1.68827109,-0.07850248,-0.14634554,0.64135482,9.89315508,0.13361540,0.28640632,5.25195966,4
117.37864114,31.96314449,41.59247401,-2.40541834,126.20572241,41.59147401,68.66928239,0.08254893,1.60607492,1.85083792,0.73807492,1.69697095,-0.07952599,-0.18575075,0.37524166,9.75088689,0.38744642,0.14464988,4.92597103,4
117.37864211,31.96314484,41.59117130,-2.36835397,126.29936690,41.59017130,68.15876010,0.10236411,1.60398924,1.86335336,0.74980089,1.70541973,-0.08000000,-0.17886280,0.27741343,9.70682240,0.15501285,0.01878122,4.57141631,4
117.37864308,31.96314521,41.58962776,-2.33045985,126.39274149,41.58862776,67.67753541,0.12911878,1.58906837,1.87518715,0.76060566,1.71365193,-0.08000000,-0.13204213,0.32474861,9.74746892,-0.49687494,-0.09338259,4.19222034,4
117.37864404,31.96314558,41.58900000,-2.29178803,126.48584565,41.58800000,67.21905825,0.12361915,1.56965264,1.88788708,0.77167368,1.72276363,-0.08000000,-0.09843924,0.35704401,9.67451203,-0.66856849,-0.10108137,3.82171212,4
117.37864500,31.96314595,41.58900000,-2.25236831,126.57868704,41.58800000,66.77923415,0.09600926,1.54715569,1.90118073,0.78292215,1.73247822,-0.08000000,-0.07389712,0.37902966,9.52368023,-0.51108986,-0.03716959,3.45715933,4
117.37864596,31.96314633,41.59061924,-2.21223637,126.67126795,41.58961924,66.36248237,0.10251627,1.53640921,1.91765855,0.79477236,1.74539161,-0.08032385,-0.04362600,0.48512610,9.59886325,-0.25612857,0.03360573,3.26023030,4
117.37864691,31.96314671,41.59315933,-2.17144422,126.76358486,41.59215933,65.97054829,0.12842515,1.53234507,1.93594717,0.80696478,1.76012411,-0.08083187,-0.01009686,0.63905531,9.80257815,0.05426994,0.10828426,3.15862686,4
117.37864787,31.96314710,41.59465897,-2.13003450,126.85564126,41.59365897,65.59981477,0.13765897,1.54253193,1.95748574,0.82088451,1.77719090,-0.08198845,-0.04084444,0.63036343,9.90459580,-0.11021136,0.22064269,3.19056728,4
117.37864882,31.96314750,41.59564392,-2.08803985,126.94744719,41.59464392,65.25209316,0.13864392,1.55976852,1.98063201,0.83565873,1.79541243,-0.08346587,-0.10338862,0.54122567,9.95630555,-0.50960764,0.35164073,3.28856957,4
117.37864976,31.96314791,41.59662063,-2.04550936,127.03900808,41.59562063,64.93215216,0.12782866,1.56972378,1.99799913,0.84813724,1.80882693,-0.08462063,-0.15485928,0.45469490,9.90114506,-0.63817394,0.22832683,3.34013637,4
117.37865071,31.96314833,41.59759268,-2.00249820,127.13032614,41.59659268,64.63417368,0.11033172,1.57555609,2.01209389,0.85931585,1.81951950,-0.08559268,-0.20005973,0.36964030,9.78547081,-0.61338660,-0.03898762,3.36540974,4
117.37865164,31.96314875,41.59827173,-1.95903178,127.22141013,41.59727173,64.34935444,0.09213084,1.55327266,2.02832570,0.87133668,1.83188014,-0.08545654,-0.21356542,0.34432570,9.73346752,-0.57283809,-0.24610514,3.32518668,4
117.37865258,31.96314916,41.59873944,-1.91512667,127.31227168,41.59773944,64.08412672,0.07342225,1.51071062,2.04609886,0.88396498,1.84544387,-0.08452111,-0.20421112,0.36209886,9.72738723,-0.52092174,-0.40980532,3.23772402,4
117.37865352,31.96314957,41.59920417,-1.87083414,127.40291802,41.59820417,63.84858092,0.05381217,1.47801635,2.06437113,0.89671687,1.85953356,-0.08400000,-0.16122783,0.33259444,9.79321495,-0.48954991,-0.35562819,3.19124591,4
117.37865446,31.96314998,41.59966515,-1.82621187,127.49335785,41.59866515,63.63493621,0.03306825,1.45773340,2.08327115,0.90962420,1.87428480,-0.08400000,-0.07594725,0.24362605,9.94948585,-0.48401820,-0.02741320,3.19631665,4
117.37865540,31.96315039,41.60012161,-1.78127646,127.58360735,41.59912161,63.43098576,0.01629745,1.44701314,2.10429663,0.92349959,1.89095891,-0.08448644,-0.02190468,0.17668940,10.03916435,-0.47391948,0.20187922,3.20145933,4
117.37865634,31.96315080,41.60056608,-1.73603382,127.67368277,41.59956608,63.24075612,0.01007485,1.46168072,2.13096494,0.93994505,1.91273804,-0.08626433,-0.05079536,0.16824443,9.95204785,-0.45169588,0.16854382,3.20679299,4
117.37865728,31.96315122,41.60104147,-1.69051855,127.76359548,41.60004147,63.07294094,0.00325351,1.47669465,2.15746656,0.95632141,1.93435251,-0.08805184,-0.07904147,0.15992742,9.86597357,-0.43530838,0.14457428,3.21444683,4
117.37865822,31.96315164,41.60278796,-1.64477316,127.85335699,41.60178796,62.92487917,-0.02818332,1.50594836,2.17711457,0.96985671,1.94919768,-0.09023495,-0.08078796,0.15687107,9.82274794,-0.65885914,0.50566115,3.31748976,4
117.37865916,31.96315206,41.60453445,-1.59882118,127.94297988,41.60353445,62.79232317,-0.05962014,1.53520208,2.19676259,0.98339201,1.96404284,-0.09241807,-0.08253445,0.15381471,9.77952231,-0.88240989,0.86674801,3.42053268,4
117.37866010,31.96315247,41.60562828,-1.55268924,128.03247388,41.60462828,62.68223370,-0.07930905,1.58540892,2.21645045,0.99705249,1.97930905,-0.09519898,-0.10122013,0.05624483,9.73784254,-0.69916966,0.92279006,3.34182063,4
117.37866104,31.96315288,41.60648490,-1.50643027,128.12184789,41.60548490,62.59923869,-0.09472827,1.64323101,2.23615279,1.01075846,1.99472827,-0.09819716,-0.12606221,-0.07567518,9.69672462,-0.36808469,0.86796616,3.19705126,4
117.37866199,31.96315328,41.60750841,-1.46008710,128.21111572,41.60650841,62.53123756,-0.10450841,1.67952522,2.25223672,1.02238938,2.00705044,-0.10016947,-0.16709819,-0.12381774,9.74809149,-0.29711841,0.64095823,2.90934895,4
117.37866293,31.96315369,41.60878360,-1.41366106,128.30029336,41.60778360,62.46608161,-0.10578360,1.68335080,2.26286332,1.03089066,2.01470159,-0.10059453,-0.23255805,-0.04560596,9.93894523,-0.61846681,0.15425993,2.40607315,4
117.37866387,31.96315410,41.61001960,-1.36714812,128.38939208,41.60901960,62.40622281,-0.10888128,1.68670605,2.27366629,1.03939193,2.02254871,-0.10103919,-0.28959132,0.02106335,10.11012386,-0.93250552,-0.29426389,1.90244482,4
117.37866482,31.96315450,41.61044466,-1.32056349,128.47841970,41.60944466,62.35669358,-0.14968706,1.68033015,2.28811833,1.04789314,2.03445039,-0.10188931,-0.17227471,-0.15108602,9.87421546,-1.09530357,0.04705944,1.39152249,4
117.37866577,31.96315490,41.61086972,-1.27392432,128.56738497,41.60986972,62.31589714,-0.19049283,1.67395424,2.30257038,1.05639434,2.04635208,-0.10273943,-0.05495811,-0.32323539,9.63830706,-1.25810162,0.38838276,0.88060015,4
117.37866672,31.96315529,41.61158180,-1.22723860,128.65629732,41.61058180,62.28123845,-0.19921827,1.69614490,2.32183602,1.06598166,2.06309061,-0.10474541,0.01823550,-0.30269261,9.50171058,-0.74219491,0.42871058,0.48749638,4
117.37866767,31.96315569,41.61242075,-1.18051318,128.74516549,41.61142075,62.25316043,-0.19376512,1.73096114,2.34322913,1.07604900,2.08196688,-0.10726225,0.07192802,-0.19698546,9.40900709,0.07367965,0.33600709,0.14646501,4
117.37866862,31.96315608,41.61300000,-1.13375841,128.83399772,41.61200000,62.23373070,-0.17054346,1.75539174,2.36270091,1.08495871,2.09917858,-0.10900000,0.09019637,-0.12373884,9.43692887,0.67734946,0.22943067,-0.15572678,4
117.37866957,31.96315648,41.61300000,-1.08698925,128.92280283,41.61200000,62.22584129,-0.10768926,1.75665726,2.37788716,1.09128632,2.11267747,-0.10900000,0.02945137,-0.12289516,9.73390442,0.80769810,0.09191074,-0.37128715,4
117.37867052,31.96315688,41.61300000,-1.04022658,129.01159073,41.61200000,62.23349451,-0.04483506,1.75792278,2.39307341,1.09761392,2.12617636,-0.10900000,-0.03129363,-0.12205148,10.03087996,0.93804675,-0.04560919,-0.58684753,4
117.37867147,31.96315728,41.61064993,-0.99349964,129.10037317,41.60964993,62.26064651,-0.01749927,1.72509897,2.40300861,1.10074175,2.13600861,-0.10821664,-0.04988380,-0.07969868,10.08620950,0.55784621,-0.31603318,-0.87848370,4
117.37867242,31.96315768,41.60814715,-0.94684321,129.18916338,41.60714715,62.30623943,0.00752855,1.69006004,2.41260261,1.10366166,2.14560261,-0.10738238,-0.06573475,-0.03464862,10.12583686,0.14447018,-0.59509329,-1.17506327,4
117.37867336,31.96315808,41.60583329,-0.90028205,129.27797351,41.60483329,62.36467512,0.01900000,1.63223179,2.41956676,1.10476666,2.15280010,-0.10536661,-0.03169848,-0.02100026,9.98392743,-0.03986648,-0.69663236,-1.40130333,4
117.37867431,31.96315848,41.60367931,-0.85383018,129.36681404,41.60267931,62.43447068,0.01900000,1.55511914,2.42430553,1.10433586,2.15796967,-0.10235103,0.04455259,-0.03392417,9.68840071,-0.03038894,-0.64795230,-1.56802176,4
117.37867526,31.96315888,41.60200000,-0.80750714,129.45569589,41.60100000,62.51877778,0.02459909,1.48613477,2.43229264,1.10521314,2.16619932,-0.09981336,0.10036059,-0.04194700,9.49038141,0.06313268,-0.59058982,-1.72842173,4
117.37867621,31.96315928,41.60200000,-0.76133880,129.54463060,41.60100000,62.61832343,0.05000646,1.44590643,2.45177162,1.11071807,2.18525485,-0.09896645,0.08384580,-0.03263096,9.63732072,0.45398278,-0.50251092,-1.86646846,4
117.37867716,31.96315968,41.60200000,-0.71534771,129.63362871,41.60100000,62.72932453,0.07541384,1.40567809,2.47125061,1.11622300,2.20431038,-0.09811954,0.06733101,-0.02331493,9.78426003,0.84483288,-0.41443203,-2.00451519,4
117.37867810,31.96316009,41.60126143,-0.66954678,129.72269793,41.60026143,62.84514981,0.12220608,1.34497688,2.47916996,1.11626143,2.21327781,-0.09578430,0.08050987,-0.05080405,9.86113097,0.58093974,-0.59882769,-2.14364760,4
117.37867905,31.96316049,41.60040149,-0.62393610,129.81184175,41.59940149,62.96118505,0.17251277,1.28091109,2.48518956,1.11540149,2.22058733,-0.09320447,0.09856869,-0.08434185,9.92648667,0.20944418,-0.82800261,-2.28295843,4
117.37867999,31.96316090,41.59954678,-0.57851320,129.90106256,41.59854678,63.08003182,0.19577339,1.22879224,2.49593134,1.11613305,2.23238456,-0.09132017,0.11583778,-0.12379402,9.91870295,-0.03878122,-0.75597830,-2.48713839,4
117.37868094,31.96316131,41.59869665,-0.53328729,129.99036608,41.59769665,63.20657571,0.19534833,1.18713597,2.51080858,1.11825837,2.24811193,-0.09004498,0.13241528,-0.16842575,9.84686713,-0.17905234,-0.42017772,-2.74812769,4
117.37868188,31.96316171,41.59784294,-0.48827263,130.07975949,41.59684294,63.34042251,0.19727733,1.15182207,2.52402087,1.11945030,2.26241351,-0.08900000,0.15291051,-0.20091651,9.76106470,-0.24900313,-0.11767206,-2.99152674,4
117.37868282,31.96316212,41.59697298,-0.44347700,130.16924826,41.59597298,63.47739459,0.20989185,1.14529732,2.52967566,1.11640542,2.27024322,-0.08900000,0.19118906,-0.17829738,9.61186539,0.00024237,0.03370217,-3.15508051,4
117.37868377,31.96316252,41.59610301,-0.39890046,130.25883537,41.59510301,63.61346034,0.22250637,1.13877257,2.53533044,1.11336053,2.27807292,-0.08900000,0.22946760,-0.15567824,9.46266607,0.24948787,0.18507640,-3.31863428,4
117.37868471,31.96316293,41.59562455,-0.35453753,130.34852140,41.59462455,63.74804480,0.24352342,1.13086644,2.54876532,1.11337545,2.29289167,-0.08862455,0.20584122,-0.07790991,9.76338198,0.05335428,-0.03541103,-3.42172545,4
117.37868566,31.96316333,41.59519867,-0.31038688,130.43830771,41.59419867,63.88685939,0.26566901,1.12277478,2.56324512,1.11380133,2.30864911,-0.08819867,0.17390046,0.00726544,10.12452545,-0.20259764,-0.30584276,-3.51669596,4
117.37868661,31.96316373,41.59380958,-0.26646266,130.52820025,41.59280958,64.03558998,0.25766756,1.10352456,2.56738108,1.10923833,2.31528575,-0.08752383,0.17280885,0.00676386,10.14895937,-0.46556446,-0.27343627,-3.63575828,4
117.37868756,31.96316413,41.59157823,-0.22278315,130.61820551,41.59057823,64.19167552,0.22330476,1.07451701,2.56247211,1.10031293,2.31394694,-0.08663129,0.19869251,-0.06865578,9.87896601,-0.73466528,0.02377957,-3.77588706,4
117.37868851,31.96316453,41.58961657,-0.17935460,130.70832513,41.58861657,64.35044454,0.19082010,1.06064617,2.56308995,1.09361657,2.31772900,-0.08638343,0.21751124,-0.10602364,9.67036210,-0.86940227,0.25138228,-3.92139535,4
117.37868945,31.96316492,41.58830659,-0.13618008,130.79855958,41.58730659,64.51265088,0.16287386,1.08335249,2.57706307,1.09230659,2.33388542,-0.08769341,0.21925788,-0.05144114,9.61010301,-0.67945515,0.31076804,-4.07990294,4
117.37869040,31.96316532,41.58700234,-0.09326802,130.88891201,41.58600234,64.67947678,0.13501875,1.10600938,2.59098945,1.09097421,2.35000000,-0.08900000,0.22090389,0.00287693,9.55053800,-0.48952998,0.36966009,-4.23788279,4
117.37869136,31.96316571,41.58790746,-0.05062484,130.97938541,41.58690746,64.84851744,0.14225966,1.10962983,2.58691644,1.08101797,2.35000000,-0.08900000,0.18379426,-0.04464149,9.75826138,-0.30805488,0.23841874,-4.19262715,4
117.37869231,31.96316610,41.58881257,-0.00825086,131.06998051,41.58781257,65.01750867,0.14950056,1.11325028,2.58284344,1.07106173,2.35000000,-0.08900000,0.14668464,-0.09215991,9.96598475,-0.12657977,0.10717739,-4.14737151,4
117.37869327,31.96316648,41.58970050,0.03385491,131.16069746,41.58870050,65.18672988,0.12403069,1.09543671,2.58795426,1.06549749,2.35840602,-0.08829950,0.12498997,-0.09709649,9.99428947,-0.56639178,-0.10142989,-4.18108084,4
117.37869423,31.96316686,41.59058395,0.07569104,131.25153697,41.58958395,65.35732203,0.09001807,1.07202542,2.59546354,1.06108027,2.36900736,-0.08741605,0.10732107,-0.09091238,9.97573713,-1.16845941,-0.33024209,-4.23541270,4
117.37869519,31.96316724,41.59173583,0.11725427,131.34249956,41.59073583,65.52935129,0.04922695,1.03598167,2.59311334,1.05213222,2.37056611,-0.08577361,0.13848971,-0.13214999,9.86741725,-1.25577783,-0.38992557,-4.27350916,4
117.37869615,31.96316762,41.59312668,0.15854228,131.43358450,41.59212668,65.70179457,0.00240188,0.98869299,2.58198659,1.03915102,2.36407551,-0.08345554,0.21313165,-0.21560060,9.67918975,-0.88488621,-0.29905712,-4.29715350,4
117.37869711,31.96316799,41.59483966,0.19955464,131.52478990,41.59383966,65.87360204,-0.02918311,0.95496964,2.58037382,1.03016034,2.36621348,-0.08200000,0.26251898,-0.24029125,9.59475429,-0.59759010,-0.22537475,-4.32241177,4
117.37869807,31.96316836,41.59709626,0.24029229,131.61611328,41.59609626,66.04426216,-0.03505026,0.94413798,2.59481603,1.02790374,2.38291229,-0.08200000,0.26928877,-0.16582358,9.68546945,-0.45136267,-0.18069415,-4.35039356,4
117.37869904,31.96316873,41.59921955,0.28075685,131.70755289,41.59821955,66.21414470,-0.04248827,0.92716927,2.60531676,1.02395084,2.39604860,-0.08156089,0.26965754,-0.11639274,9.79500616,-0.37644806,-0.18669108,-4.37575643,4
117.37870002,31.96316909,41.60062367,0.32094903,131.79910892,41.59962367,66.38541259,-0.05840154,0.87708926,2.59455190,1.01084579,2.38996412,-0.07875267,0.23549080,-0.20204360,10.00609107,-0.68628888,-0.46610946,-4.38698933,4
117.37870099,31.96316946,41.60201799,0.36086386,131.89078343,41.60101799,66.56291457,-0.07483645,0.82737941,2.58417988,0.99790106,2.38423385,-0.07598201,0.20257562,-0.28550532,10.20821514,-0.98911858,-0.73213016,-4.39959196,4
117.37870196,31.96316981,41.60292725,0.40048528,131.98258046,41.60192725,66.75083505,-0.11711691,0.79601004,2.59327245,0.99290015,2.39605419,-0.07507275,0.23167185,-0.26050075,9.96635274,-0.94456498,-0.33433017,-4.48006121,4
117.37870293,31.96317017,41.60383650,0.43979355,132.07450464,41.60283650,66.94609617,-0.15939736,0.76464067,2.60236502,0.98789924,2.40787453,-0.07416350,0.26076808,-0.23549618,9.72449035,-0.90001138,0.06346982,-4.56053047,4
117.37870390,31.96317052,41.60518065,0.47878345,132.16655795,41.60418065,67.14023097,-0.17132906,0.75427739,2.59534189,0.97598059,2.40488384,-0.07360645,0.29984534,-0.15425766,9.54168314,-0.32135183,0.12712899,-4.60490984,4
117.37870487,31.96317087,41.60662014,0.51746490,132.25873925,41.60562014,67.32860832,-0.17660720,0.74851942,2.58478561,0.96254532,2.39864604,-0.07312662,0.34111081,-0.06069061,9.37182296,0.37440314,0.11753237,-4.64137699,4
117.37870585,31.96317122,41.60768274,0.55584827,132.35104603,41.60668274,67.51319063,-0.14420431,0.75553427,2.59121701,0.95592766,2.40826523,-0.07334137,0.33936929,-0.03634137,9.68953564,0.44705454,0.20955967,-4.63836929,4
117.37870683,31.96317157,41.60861023,0.59393572,132.44347642,41.60761023,67.69933833,-0.09829363,0.76712787,2.60373810,0.95175397,2.42356879,-0.07380511,0.32221075,-0.03680511,10.18203193,0.29633769,0.33801680,-4.62121075,4
117.37870780,31.96317191,41.60843701,0.63171912,132.53603220,41.60743701,67.89236265,-0.09617117,0.78776370,2.59971068,0.94127367,2.42352562,-0.07456299,0.29867331,-0.04685231,10.19110925,-0.16812990,0.50656833,-4.58950996,4
117.37870878,31.96317224,41.60746593,0.66918362,132.62871880,41.60646593,68.09451284,-0.12578905,0.81495388,2.58368789,0.92622196,2.41235823,-0.07553407,0.27051205,-0.06384618,9.84977536,-0.86002292,0.70418269,-4.54726807,4
117.37870976,31.96317258,41.60675386,0.70631399,132.72154143,41.60575386,68.30530539,-0.14935318,0.85802862,2.58141500,0.91604636,2.41389182,-0.07772295,0.24518546,-0.07495364,9.58188436,-0.81073494,0.82779794,-4.56712021,4
117.37871075,31.96317291,41.60628070,0.74309621,132.81450302,41.60528070,68.52451109,-0.16733348,0.91575487,2.59182465,0.91036837,2.42714046,-0.08103512,0.22247350,-0.08063163,9.38173518,-0.07780093,0.88315835,-4.64424625,4
117.37871174,31.96317324,41.60620298,0.77951486,132.90760604,41.60520298,68.75310806,-0.15242503,0.96867378,2.59028692,0.90030179,2.42911370,-0.08340595,0.19438573,-0.08156429,9.41766765,0.43291299,0.88027624,-4.72288210,4
117.37871272,31.96317357,41.60670197,0.81555278,133.00085471,41.60570197,68.99192130,-0.08955123,1.01458164,2.57132497,0.88383484,2.41464274,-0.08440395,0.15845784,-0.07557631,9.79790449,0.61953842,0.79245251,-4.80371985,4
117.37871371,31.96317389,41.60602085,0.85119268,133.09425449,41.60502085,69.24066137,-0.04044607,1.05100815,2.56137080,0.87027924,2.40874161,-0.08539166,0.11056305,-0.03244249,10.06103259,0.51069207,0.60879439,-4.87119127,4
117.37871470,31.96317421,41.60358972,0.88641844,133.18780944,41.60258972,69.49865331,-0.01175866,1.07337460,2.56477440,0.86104092,2.41554879,-0.08636411,0.04492236,0.06577544,10.15049842,-0.03631370,0.28302206,-4.91884155,4
117.37871569,31.96317451,41.60128597,0.92121410,133.28152185,41.60028597,69.76516508,-0.00728053,1.06586518,2.55700363,0.84803824,2.41196720,-0.08575045,0.00753371,0.14035338,10.10314558,-0.54787270,-0.10100934,-4.96945722,4
117.37871669,31.96317481,41.59922292,0.95556548,133.37539357,41.59822292,70.03841283,-0.04854164,1.00191046,2.52812085,0.82792345,2.38875783,-0.08214011,0.02352239,0.17026769,9.79729758,-0.99246119,-0.59511116,-5.02567549,4
117.37871769,31.96317510,41.59820439,0.98946324,133.46942672,41.59720439,70.31621575,-0.08505894,0.92393978,2.51345267,0.81232100,2.37867900,-0.07836489,0.07796555,0.18636489,9.57777928,-0.97026438,-0.91232227,-5.12052105,4
117.37871870,31.96317538,41.59870629,1.02290132,133.56362313,41.59770629,70.59789861,-0.11467108,0.82556728,2.51947547,0.80328679,2.38771321,-0.07434968,0.18838367,0.18234968,9.48392388,-0.26860740,-0.97204844,-5.27159311,4
117.37871971,31.96317567,41.59921326,1.05587228,133.65798333,41.59821326,70.88383304,-0.11899110,0.73345176,2.51852152,0.79181544,2.39044087,-0.07029391,0.27240673,0.19258238,9.59043837,0.06693223,-0.92126919,-5.39753389,4
117.37872071,31.96317594,41.59972739,1.08836780,133.75250666,41.59872739,71.17351296,-0.08762947,0.65016351,2.50772490,0.77690581,2.38427137,-0.06618091,0.31919210,0.22291576,9.97963102,-0.11403979,-0.71459092,-5.48801989,4
117.37872171,31.96317622,41.59907457,1.12038198,133.84719256,41.59807457,71.46563461,-0.07377628,0.59882793,2.51079156,0.76622372,2.39117971,-0.06400000,0.38124847,0.21146852,10.11011492,-0.33724633,-0.37595661,-5.53067879,4
117.37872272,31.96317650,41.59710453,1.15191156,133.94204107,41.59610453,71.75967000,-0.07968640,0.58356013,2.52950693,0.76031360,2.41285013,-0.06400000,0.46054253,0.15285987,9.94857174,-0.60812665,0.11162797,-5.51935107,4
117.37872373,31.96317678,41.59534474,1.18295260,134.03705168,41.59434474,72.05605750,-0.09523156,0.59312892,2.53890790,0.75153948,2.42543684,-0.06487368,0.47398425,0.15123417,9.74027121,-0.70277376,0.47761040,-5.51321842,4
117.37872473,31.96317706,41.59385325,1.21349951,134.13222222,41.59285325,72.35465779,-0.12307270,0.63439347,2.53642208,0.73911040,2.42643117,-0.06686234,0.40338708,0.22232850,9.47230025,-0.57251701,0.68840759,-5.51371558,4
117.37872573,31.96317734,41.59320439,1.24354808,134.22754965,41.59220439,72.65459413,-0.13082445,0.67169405,2.54031411,0.72872978,2.43354044,-0.06861317,0.34378745,0.26483950,9.48353297,-0.36514729,0.70353539,-5.53178182,4
117.37872674,31.96317762,41.59368202,1.27309616,134.32303232,41.59268202,72.95614795,-0.11171922,0.70369531,2.55273251,0.72108769,2.44882463,-0.07004606,0.29889016,0.26913818,9.86802575,-0.05468728,0.45707790,-5.57333570,4
117.37872775,31.96317790,41.59383595,1.30213945,134.41867009,41.59283595,73.26153683,-0.10195293,0.72188302,2.55607845,0.71058630,2.45539087,-0.07067190,0.24816545,0.25493864,10.11497716,-0.05765788,0.24083161,-5.66842519,4
117.37872876,31.96317817,41.59334515,1.33066793,134.51446201,41.59234515,73.57259762,-0.11078729,0.71255786,2.54135451,0.69438996,2.44459331,-0.06969030,0.18583411,0.20389565,10.08798327,-0.68489773,0.08475784,-5.87014317,4
117.37872977,31.96317843,41.59285900,1.35866984,134.61040526,41.59185900,73.88799372,-0.13222839,0.69965484,2.53353807,0.67989792,2.44052509,-0.06900000,0.16216352,0.19154761,9.95351803,-1.03462965,-0.04474051,-6.06656841,4
117.37873079,31.96317868,41.59238385,1.38613926,134.70649591,41.59138385,74.20484563,-0.18354449,0.67827313,2.54209075,0.66944464,2.45240382,-0.06900000,0.23010984,0.27089750,9.56437092,-0.72673304,-0.11126138,-6.25045110,4
117.37873181,31.96317893,41.59200000,1.41307464,134.80272983,41.59100000,74.52413163,-0.22111792,0.65351312,2.54872271,0.65831951,2.46236972,-0.06853785,0.29183986,0.32233701,9.31590299,-0.42023090,-0.20224951,-6.40473069,4
117.37873283,31.96317916,41.59200000,1.43946668,134.89910334,41.59100000,74.85179914,-0.20091494,0.61455024,2.54727964,0.64436984,2.46429382,-0.06613273,0.32743558,0.25643682,9.65887258,-0.11959135,-0.39610189,-6.43455414,4
117.37873386,31.96317938,41.59176742,1.46529291,134.99561403,41.59076742,75.19071058,-0.18143008,0.57290627,2.54768621,0.63095338,2.46803509,-0.06370927,0.36173283,0.19648822,9.98073432,0.12519551,-0.57369824,-6.46245363,4
117.37873488,31.96317960,41.58971377,1.49053450,135.09226047,41.58871377,75.53494387,-0.16756793,0.51026989,2.56257519,0.62171195,2.48600454,-0.06114221,0.38586324,0.18313949,10.13732527,-0.06733434,-0.62401271,-6.47528896,4
117.37873590,31.96317982,41.58750912,1.51519064,135.18904081,41.58650912,75.87707342,-0.15908551,0.44895384,2.57471950,0.61168587,2.50121038,-0.05864937,0.39288658,0.16940537,10.21898244,-0.26579751,-0.65527084,-6.49651879,4
117.37873693,31.96318004,41.58454315,1.53926899,135.28595256,41.58354315,76.21667494,-0.17772879,0.39429514,2.57302466,0.59770341,2.50248151,-0.05653082,0.31365264,0.15372806,9.92280854,-0.49417768,-0.59044307,-6.56007542,4
117.37873796,31.96318026,41.58157717,1.56277008,135.38299324,41.58057717,76.55752523,-0.19637207,0.33963643,2.57132981,0.58372095,2.50375264,-0.05441226,0.23441871,0.13805076,9.62663463,-0.72255784,-0.52561531,-6.62363205,4
117.37873899,31.96318047,41.57990895,1.58568808,135.48016078,41.57890895,76.90096241,-0.20109105,0.26390079,2.57936470,0.57227161,2.51491048,-0.05145422,0.25500459,0.07171921,9.53081331,-0.33494493,-0.86504487,-6.69418923,4
117.37874001,31.96318068,41.57855429,1.60801879,135.57745277,41.57755429,77.24502685,-0.20244571,0.18307265,2.58975044,0.56143432,2.52845710,-0.04829334,0.29970842,-0.00685116,9.48340016,0.20150106,-1.30214901,-6.76643785,4
117.37874104,31.96318089,41.57746941,1.62976301,135.67486544,41.57646941,77.58693914,-0.17514421,0.08977842,2.59612235,0.54930649,2.53771411,-0.04381648,0.35646753,-0.04510175,9.67623463,0.34088143,-1.32155874,-6.83287577,4
117.37874207,31.96318109,41.57657137,1.65092599,135.77239402,41.57557137,77.92578029,-0.12799712,-0.01214908,2.59971451,0.53628492,2.54400038,-0.03842824,0.42157541,-0.05542920,10.03545051,0.20527743,-1.05169780,-6.89528953,4
117.37874311,31.96318129,41.57489802,1.67151197,135.87003532,41.57389802,78.26326496,-0.09862971,-0.09935454,2.60798220,0.52422177,2.55476933,-0.03421287,0.45198016,-0.06876933,10.17017391,0.01273724,-0.85984943,-6.92917523,4
117.37874414,31.96318148,41.57186854,1.69152086,135.96778826,41.57086854,78.60141649,-0.10036083,-0.16080955,2.62442791,0.51383501,2.57337895,-0.03204896,0.42168544,-0.08737895,9.91223599,-0.27939045,-0.80445337,-6.91316230,4
117.37874518,31.96318167,41.56890620,1.71095011,136.06565166,41.56790620,78.94048934,-0.10143722,-0.22256428,2.64007035,0.50329652,2.59121104,-0.02983586,0.39576701,-0.10277233,9.66485781,-0.53107350,-0.74946749,-6.89654615,4
117.37874621,31.96318185,41.56714048,1.72979843,136.16362312,41.56614048,79.27850465,-0.09084291,-0.28966158,2.64139464,0.49005364,2.59518391,-0.02674585,0.44785570,-0.06083651,9.60570624,-0.06183383,-0.70179309,-6.86917751,4
117.37874725,31.96318202,41.56537477,1.74806989,136.26169937,41.56437477,79.61248039,-0.08024860,-0.35675888,2.64271893,0.47681075,2.59915678,-0.02365584,0.49994439,-0.01890070,9.54655467,0.40740583,-0.65411869,-6.84180888,4
117.37874829,31.96318219,41.56433007,1.76577351,136.35987670,41.56333007,79.94196854,-0.04416864,-0.34956230,2.65840834,0.46629583,2.61708316,-0.02366993,0.53176777,-0.00598043,9.73497840,0.34320260,-0.02800120,-6.82494619,4
117.37874932,31.96318236,41.56347964,1.78291500,136.45815206,41.56247964,80.27109974,-0.00122203,-0.32234862,2.67796818,0.45651591,2.63876907,-0.02452036,0.55813103,-0.00087787,9.99010673,0.13527301,0.75396714,-6.81091413,4
117.37875036,31.96318252,41.56186434,1.79948924,136.55652451,41.56086434,80.60483952,0.02508205,-0.28163684,2.68881072,0.44513240,2.65175711,-0.02632494,0.54082286,-0.01692773,10.06926716,-0.09045590,1.05834178,-6.77896178,4
117.37875141,31.96318268,41.55925958,1.81548490,136.65499409,41.55825958,80.94313001,0.02985743,-0.22346399,2.68837660,0.43167451,2.65349361,-0.02936382,0.46702148,-0.06034030,9.92079616,-0.33920995,0.74490300,-6.72382781,4
117.37875245,31.96318283,41.55677565,1.83089682,136.75355825,41.55577565,81.28210456,0.03220518,-0.17025168,2.68889741,0.41837344,2.65617785,-0.03216826,0.39772771,-0.10058006,9.78167976,-0.53536911,0.45746356,-6.67173729,4
117.37875349,31.96318298,41.55508263,1.84572652,136.85221194,41.55408263,81.61939460,0.01866101,-0.14951218,2.69566949,0.40609904,2.66506621,-0.03343803,0.35794172,-0.12004979,9.70380082,-0.38722982,0.34022189,-6.63956990,4
117.37875453,31.96318313,41.55338961,1.85997701,136.95095121,41.55238961,81.95417142,0.00511685,-0.12877267,2.70244158,0.39382464,2.67395457,-0.03470780,0.31815574,-0.13951953,9.62592188,-0.23909054,0.22298022,-6.60740252,4
117.37875558,31.96318326,41.55231576,1.87365317,137.04977369,41.55131576,82.28412661,0.02765902,-0.14007965,2.69271003,0.37902579,2.66607851,-0.03397364,0.33465902,-0.12792035,9.78077075,-0.01683384,0.03691406,-6.62976447,4
117.37875663,31.96318338,41.55142699,1.88676623,137.14867601,41.55042699,82.60593337,0.06098783,-0.16096571,2.67804535,0.36347234,2.65319137,-0.03264049,0.36798783,-0.10703429,10.00518474,0.22757744,-0.16972456,-6.66842589,4
117.37875767,31.96318349,41.54964165,1.89933237,137.24765300,41.54864165,82.91898860,0.07632082,-0.18277240,2.67507506,0.34943462,2.65198063,-0.03132082,0.37426513,-0.06983292,10.12997942,0.05340669,-0.20810047,-6.70126272,4
117.37875872,31.96318359,41.54702726,1.91136486,137.34670064,41.54602726,83.22673315,0.07501363,-0.20543038,2.68291821,0.33679844,2.66156670,-0.03001363,0.35552873,-0.01754528,10.16265920,-0.50781398,-0.09088901,-6.72871373,4
117.37875978,31.96318369,41.54489934,1.92286832,137.44581778,41.54389934,83.53199737,0.06443768,-0.22440918,2.68759082,0.32377901,2.66799344,-0.02910066,0.34834788,0.00709636,10.10032867,-0.91391043,0.00231509,-6.72735241,4
117.37876084,31.96318378,41.54445113,1.93384634,137.54500260,41.54345113,83.83242054,0.02185758,-0.23068415,2.68131585,0.30943624,2.66351132,-0.02954887,0.38106733,-0.06372108,9.70993633,-0.78437727,0.01262395,-6.62650479,4
117.37876189,31.96318387,41.54400292,1.94431129,137.64424937,41.54300292,84.12354743,-0.02072253,-0.23695911,2.67504089,0.29509346,2.65902921,-0.02999708,0.41378678,-0.13453852,9.31954399,-0.65484410,0.02293282,-6.52565717,4
117.37876295,31.96318395,41.54658071,1.95428195,137.74355198,41.54558071,84.40446782,-0.01368798,-0.23958071,2.68704332,0.28295668,2.67233368,-0.02956988,0.43120475,-0.06446054,9.52087626,-0.37442286,0.11332492,-6.52543012,4
117.37876400,31.96318403,41.54917835,1.96377429,137.84290796,41.54817835,84.67772057,-0.00632800,-0.24217835,2.69916564,0.27083436,2.68575482,-0.02913694,0.44852234,0.00654161,9.72608978,-0.09301190,0.20424231,-6.52586306,4
117.37876505,31.96318410,41.55030557,1.97279878,137.94231699,41.54930557,84.94664190,0.00852821,-0.23383302,2.69536085,0.25691632,2.68327755,-0.02930557,0.40694283,-0.01927944,9.87961416,-0.23348011,0.24552821,-6.55625104,4
117.37876611,31.96318417,41.55075250,1.98135983,138.04177830,41.54975250,85.21449291,0.02685249,-0.22042501,2.68418750,0.24216751,2.67344500,-0.02975250,0.33811503,-0.08989497,10.00922495,-0.56912737,0.26385249,-6.60049748,4
117.37876716,31.96318424,41.55041454,1.98945642,138.14129111,41.54941454,85.48213237,0.02177809,-0.21182908,2.68151275,0.22853572,2.67190305,-0.03019515,0.32966322,-0.09640949,10.04001792,-0.69547841,0.25155743,-6.48117243,4
117.37876821,31.96318431,41.54910252,1.99708998,138.24085504,41.54810252,85.74713502,-0.01233446,-0.20920504,2.68938487,0.21629019,2.68064986,-0.03063249,0.39613894,-0.02337366,9.94817646,-0.56208962,0.20126330,-6.15885262,4
117.37876927,31.96318438,41.54785641,2.00426796,138.34046966,41.54678461,86.00722825,-0.04329750,-0.20132805,2.69521023,0.20406149,2.68735383,-0.03128719,0.46140539,0.02012259,9.85175845,-0.45682070,0.24515622,-5.82359823,4
117.37877032,31.96318444,41.54695713,2.01099969,138.44013455,41.54543570,86.26356680,-0.05768588,-0.16580674,2.69026423,0.19192129,2.68330710,-0.03308573,0.52030782,-0.09183699,9.73125577,-0.49953620,0.78472044,-5.42027397,4
117.37877138,31.96318449,41.54605786,2.01728861,138.53984970,41.54408679,86.51898431,-0.07207426,-0.13028543,2.68531822,0.17978109,2.67926036,-0.03488428,0.57921024,-0.20379657,9.61075309,-0.54225170,1.32428467,-5.01694971,4
117.37877244,31.96318453,41.54478108,2.02313410,138.63961506,41.54278108,86.77247444,-0.07706305,-0.03454977,2.69434502,0.17128020,2.68875133,-0.03906305,0.43794899,-0.13095785,9.73708076,-0.43611017,1.24117145,-4.60460362,4
117.37877350,31.96318458,41.54347835,2.02854301,138.73942914,41.54147835,87.01772795,-0.08140550,0.06532645,2.70433265,0.16302955,2.69917319,-0.04340550,0.28292373,-0.04541169,9.88038143,-0.31973266,1.11524056,-4.19163716,4
117.37877455,31.96318461,41.54242506,2.03353656,138.83928785,41.54042506,87.24839792,-0.07236369,0.10544961,2.69190181,0.15453811,2.68718927,-0.04500000,0.15902001,0.02365828,9.86889469,-0.19248448,0.72691336,-3.80571377,4
117.37877560,31.96318464,41.54151652,2.03814361,138.93918582,41.53951652,87.46421910,-0.05555563,0.11090088,2.66646258,0.14590695,2.66220432,-0.04500000,0.05317467,0.08316789,9.76759207,-0.05892856,0.18632987,-3.43548222,4
117.37877666,31.96318466,41.54100000,2.04238640,139.03911872,41.53900000,87.66918894,-0.03647956,0.10020508,2.64986276,0.13827988,2.64605705,-0.04441712,0.03593911,0.14148112,9.70300539,0.03448651,-0.14548112,-3.17137469,4
117.37877772,31.96318469,41.54100000,2.04627999,139.13908325,41.53900000,87.86469325,-0.01441521,0.06823429,2.64490954,0.13197577,2.64155412,-0.04306624,0.13545384,0.19821803,9.68679485,0.07501288,-0.20221803,-3.04709384,4
117.37877878,31.96318470,41.54109620,2.04984188,139.23907575,41.53909620,88.04883385,0.01194665,0.04155699,2.63926839,0.12584559,2.63626839,-0.04180760,0.23429832,0.24232660,9.70237917,0.17232019,-0.20649956,-2.87579136,4
117.37877984,31.96318471,41.54155276,2.05309381,139.33909297,41.53955276,88.22185541,0.05440655,0.03470862,2.63105034,0.12036690,2.62805034,-0.04089448,0.33063207,0.23913069,9.83706379,0.48232310,-0.01428862,-2.52835069,4
117.37878089,31.96318471,41.54199097,2.05605259,139.43913457,41.53999097,88.38658527,0.09655072,0.02811737,2.62316251,0.11494583,2.62017153,-0.04000903,0.42270686,0.23888900,9.96878333,0.77861500,0.17446946,-2.17841214,4
117.37878195,31.96318471,41.54154855,2.05873025,139.53920186,41.53954855,88.54220786,0.12353821,0.03386880,2.63112603,0.11229132,2.62857748,-0.04045145,0.31033269,0.38046276,9.95816529,0.41671708,0.19747520,-1.70856423,4
117.37878301,31.96318472,41.54110614,2.06114639,139.63929349,41.53910614,88.68539292,0.15052571,0.03962023,2.63908955,0.10963682,2.63698342,-0.04089386,0.19795852,0.52203651,9.94754726,0.05481916,0.22048093,-1.23871632,4
117.37878407,31.96318473,41.54134862,2.06332460,139.73940683,41.53934862,88.81664743,0.16641279,0.04448622,2.62914686,0.10795413,2.62714686,-0.04134862,0.15531202,0.54379824,9.80868891,-0.01247718,0.36056798,-0.75576375,4
117.37878513,31.96318474,41.54180727,2.06528278,139.83954135,41.53980727,88.93840352,0.17879639,0.04907274,2.61355269,0.10657818,2.61155269,-0.04180727,0.13467268,0.52774541,9.62935591,0.01320734,0.53760772,-0.26867514,4
117.37878618,31.96318476,41.54277616,2.06703609,139.93969775,41.54077616,89.05099543,0.19098547,0.08127037,2.60829361,0.10677616,2.60629361,-0.04303488,0.13324419,0.52927908,9.68801754,0.01313371,0.62467734,0.26586943,4
117.37878724,31.96318479,41.54411484,2.06860128,140.03987616,41.54211484,89.15483133,0.20303356,0.13347876,2.61052473,0.10811484,2.60852473,-0.04481979,0.14573851,0.54355829,9.91916239,-0.00560776,0.64654239,0.83480705,4
117.37878830,31.96318481,41.54484947,2.06999210,140.14007720,41.54284947,89.25087669,0.21310743,0.17883820,2.60898939,0.11035478,2.60683886,-0.04645159,0.11004506,0.56278449,10.03798008,-0.11057632,0.66867706,1.43679591,4
117.37878936,31.96318482,41.54440514,2.07122192,140.24030162,41.54240514,89.33596743,0.21932807,0.21083007,2.60010276,0.11435376,2.59750790,-0.04778459,-0.01969973,0.59166604,9.93756117,-0.38384019,0.69133797,2.10329314,4
117.37879041,31.96318483,41.54392365,2.07231556,140.34054753,41.54192365,89.40376419,0.22351114,0.24477198,2.59222906,0.11864899,2.58919088,-0.04922906,-0.12280600,0.60066815,9.83958645,-0.61062894,0.73234774,2.78250340,4
117.37879147,31.96318485,41.54305806,2.07330855,140.44081051,41.54105806,89.44971223,0.20663218,0.29887122,2.59482582,0.12600649,2.59135485,-0.05182582,0.04944597,0.40417972,9.76687708,-0.35701171,0.96302689,3.59312640,4
117.37879252,31.96318487,41.54219247,2.07424165,140.54108490,41.54019247,89.47391061,0.18975322,0.35297046,2.59742258,0.13336398,2.59351882,-0.05442258,0.22169795,0.20769128,9.69416770,-0.10339447,1.19370605,4.40374940,4
117.37879358,31.96318488,41.54167057,2.07515010,140.64136649,41.53967057,89.48012707,0.20840119,0.41342610,2.59470571,0.14224744,2.59037628,-0.05697658,0.11406285,0.19167205,9.78868822,0.16086984,0.98409206,4.86862685,4
117.37879464,31.96318490,41.54124694,2.07606155,140.74165295,41.53924694,89.47112359,0.23720784,0.47569930,2.59046944,0.15156724,2.58571638,-0.05951834,-0.07360400,0.22725674,9.93102696,0.42817861,0.64857930,5.23464076,4
117.37879570,31.96318492,41.54117375,2.07700160,140.84194225,41.53917375,89.44679889,0.25747501,0.50192248,2.58556750,0.16151751,2.58022000,-0.06065250,-0.19429377,0.25564501,9.95579365,0.31329703,0.31521601,5.53974016,4
117.37879676,31.96318493,41.54159034,2.07799823,140.94223144,41.53959034,89.40567360,0.26580689,0.47776003,2.57973518,0.17234895,2.57355449,-0.05981931,-0.22137238,0.27397515,9.81623465,-0.33575649,-0.01514306,5.75970181,4
117.37879782,31.96318494,41.54200000,2.07908222,141.04251667,41.54000000,89.34699242,0.27384799,0.45405528,2.57391708,0.18317274,2.56691018,-0.05900000,-0.24714321,0.28941581,9.67959423,-0.96409163,-0.33382282,5.97295978,4
117.37879888,31.96318495,41.54200000,2.08028418,141.14279446,41.54000000,89.27132395,0.26472094,0.45737420,2.56893870,0.19354438,2.56151692,-0.05900000,-0.19569986,0.13425603,9.71527268,-0.36917421,0.03706713,5.79041886,4
117.37879993,31.96318496,41.54200000,2.08163286,141.24306219,41.54000000,89.17948353,0.25559390,0.46069313,2.56396031,0.20391603,2.55612367,-0.05900000,-0.14425651,-0.02090374,9.75095113,0.22574321,0.40795707,5.60787795,4
117.37880099,31.96318496,41.54175359,2.08315601,141.34331751,41.53975359,89.07085825,0.29364257,0.48171246,2.56298562,0.21465296,2.55424641,-0.05973922,-0.15135104,0.00177795,9.83571845,0.47084185,0.48894888,5.80408945,4
117.37880205,31.96318497,41.54134714,2.08488448,141.44355682,41.53934714,88.94469604,0.36233288,0.51422858,2.56461143,0.22562715,2.55465286,-0.06095857,-0.19646716,0.13997147,9.95237004,0.48872572,0.38164568,6.24630871,4
117.37880310,31.96318498,41.54094142,2.08684857,141.54377587,41.53894142,88.80412952,0.41988690,0.54065256,2.56600000,0.23687470,2.55482425,-0.06200000,-0.23529292,0.24815783,10.03079246,0.42602421,0.27201460,6.68047533,4
117.37880416,31.96318500,41.54053993,2.08906815,141.64397327,41.53853993,88.65452654,0.41225865,0.53141836,2.56600000,0.24972228,2.55361979,-0.06200000,-0.23730036,0.18070803,9.88545421,-0.10835481,0.14875813,7.06750867,4
117.37880522,31.96318502,41.54013844,2.09155484,141.74415115,41.53813844,88.49675259,0.40463040,0.52218416,2.56600000,0.26256986,2.55241533,-0.06200000,-0.23930779,0.11325824,9.74011597,-0.64273382,0.02550167,7.45454200,4
117.37880627,31.96318505,41.54078563,2.09432557,141.84431183,41.53878563,88.32564815,0.41614130,0.53549818,2.56442874,0.27616566,2.54938124,-0.06252375,-0.24314251,0.10440318,9.64652859,-0.22704221,0.29725114,7.78990635,4
117.37880733,31.96318508,41.54198474,2.09740994,141.94445376,41.53998474,88.13867552,0.43772524,0.56067945,2.56203053,0.29015525,2.54538421,-0.06332316,-0.24793894,0.12638682,9.58017796,0.68867645,0.77689426,8.09807706,4
117.37880839,31.96318512,41.54311968,2.10083361,142.04457376,41.54111968,87.94028763,0.46760857,0.59312987,2.56035903,0.30445336,2.54205984,-0.06447870,-0.26456598,0.14679514,9.55098694,1.43378181,1.16738228,8.42559970,4
117.37880945,31.96318515,41.54390026,2.10461055,142.14466948,41.54190026,87.73453963,0.54332479,0.66572377,2.56270077,0.32045524,2.54245013,-0.06760102,-0.34652683,0.15850383,9.72700763,1.23668547,1.06551665,8.85999222,4
117.37881051,31.96318519,41.54468084,2.10875223,142.24473921,41.54268084,87.52046908,0.61904100,0.73831766,2.56504251,0.33645712,2.54284042,-0.07072334,-0.42848769,0.17021253,9.90302832,1.03958914,0.96365102,9.29438473,4
117.37881156,31.96318522,41.54431068,2.11327596,142.34478044,41.54231068,87.29508006,0.69342738,0.78109715,2.56209383,0.35265053,2.53771519,-0.07245955,-0.43488661,0.13226194,9.99407129,0.94934947,0.80964026,9.72796882,4
117.37881262,31.96318526,41.54314454,2.11820356,142.44478916,41.54114454,87.05673320,0.76689390,0.80325372,2.55548573,0.36897642,2.52877482,-0.07323697,-0.38901862,0.05996156,10.02633436,0.93302358,0.61956022,10.16099369,4
117.37881367,31.96318530,41.54197850,2.12355790,142.54476013,41.53997850,86.80493433,0.83947296,0.82521498,2.54885668,0.38532248,2.51979935,-0.07400717,-0.34558371,-0.00910098,10.05466775,0.90921759,0.43106515,10.58726124,4
117.37881472,31.96318535,41.54081753,2.12936235,142.64468761,41.53881753,86.53956464,0.86501432,0.83682469,2.54111687,0.40273704,2.50896362,-0.07439416,-0.43110857,0.09345145,9.87471727,0.48894614,0.32657777,10.65537153,4
117.37881578,31.96318539,41.53965656,2.13564013,142.74456706,41.53765656,86.26094700,0.89055568,0.84843440,2.53337707,0.42015160,2.49812789,-0.07478115,-0.51663342,0.19600387,9.69476679,0.06867469,0.22209039,10.72348182,4
117.37881684,31.96318544,41.53934022,2.14241356,142.84439524,41.53734022,85.96946270,0.92099026,0.85363913,2.52491738,0.43697447,2.48655651,-0.07482989,-0.54866952,0.20058573,9.60388699,0.12188664,0.18715550,10.71504988,4
117.37881790,31.96318549,41.54012328,2.14970448,142.94416787,41.53812328,85.66429596,0.95779403,0.85050689,2.51552067,0.45302718,2.47402756,-0.07443836,-0.51108269,0.07764546,9.62894487,0.79140210,0.24275269,10.60698773,4
117.37881895,31.96318554,41.54090634,2.15753771,143.04387728,41.53890634,85.34292416,0.99459781,0.84737465,2.50612396,0.46907989,2.46149862,-0.07404683,-0.47349586,-0.04529480,9.65400276,1.46091755,0.29834988,10.49892559,4
117.37882001,31.96318560,41.54066103,2.16594331,143.14351319,41.53866103,85.00492372,1.06882872,0.85954205,2.50432205,0.48591487,2.45627128,-0.07400000,-0.45578000,0.01050667,9.98987282,1.20575436,0.34499897,10.42261179,4
117.37882106,31.96318567,41.54027600,2.17494749,143.24306913,41.53827600,84.65526099,1.14814461,0.87378811,2.50355199,0.50285613,2.45203597,-0.07400000,-0.44076388,0.09059262,10.36797092,0.82496106,0.39043235,10.35061144,4
117.37882212,31.96318574,41.53912181,2.18456370,143.34254511,41.53712181,84.30148882,1.19292487,0.87818198,2.50058497,0.51928118,2.44559701,-0.07378045,-0.43658643,0.13219256,10.56775675,0.26559996,0.30762766,10.33368854,4
117.37882317,31.96318581,41.53602061,2.19479269,143.44194467,41.53402061,83.94687246,1.15028339,0.85763654,2.49205668,0.53439953,2.43357986,-0.07300515,-0.45984543,0.07637098,10.31617197,-0.74577862,-0.09979238,10.45618591,4
117.37882423,31.96318589,41.53291941,2.20563665,143.54126812,41.53091941,83.58792716,1.10764190,0.83709110,2.48352838,0.54951787,2.42156272,-0.07222985,-0.48310442,0.02054939,10.06458719,-1.75715720,-0.50721242,10.57868328,4
117.37882528,31.96318599,41.53091619,2.21710789,143.64051150,41.52891619,83.21998201,1.06519509,0.80553035,2.48018714,0.56565101,2.41447760,-0.07118714,-0.48810332,0.03245014,9.71037573,-1.37338370,-0.43128758,10.57029263,4
117.37882634,31.96318609,41.52937565,2.22922436,143.73966909,41.52737565,82.84307571,1.02283032,0.76932773,2.47903174,0.58221178,2.40947086,-0.07003174,-0.48540738,0.07288924,9.31291716,-0.40168993,-0.15168010,10.50674548,4
117.37882739,31.96318619,41.52808293,2.24199814,143.83873650,41.52608293,82.46115486,0.98835849,0.73525856,2.47712928,0.59857559,2.40371465,-0.06883415,-0.48076100,0.10626345,9.02152115,0.43855157,0.07274910,10.44954391,4
117.37882844,31.96318630,41.52885769,2.25543363,143.93771062,41.52685769,82.07639458,1.01973645,0.71898851,2.46899425,0.61329611,2.39170580,-0.06728462,-0.45984237,0.08069623,9.61499061,0.18210458,-0.16316663,10.44528270,4
117.37882948,31.96318642,41.52963245,2.26953541,144.03658809,41.52763245,81.68713501,1.05111440,0.70271846,2.46085923,0.62801663,2.37969696,-0.06573509,-0.43892373,0.05512900,10.20846008,-0.07434241,-0.39908237,10.44102150,4
117.37883053,31.96318655,41.52960411,2.28431355,144.13536457,41.52760411,81.29143493,1.04481994,0.65640083,2.45680206,0.64351161,2.37142672,-0.06341644,-0.45057595,0.02934183,10.41478110,-0.54458020,-0.67766924,10.44711572,4
117.37883157,31.96318669,41.52885090,2.29977920,144.23403475,41.52685090,80.89020933,1.00452329,0.58296300,2.45642545,0.65970560,2.36653087,-0.06040361,-0.49162581,0.00335614,10.27167148,-1.20778030,-0.99477003,10.46255650,4
117.37883261,31.96318684,41.52809769,2.31593885,144.33259209,41.52609769,80.48499593,0.96422663,0.50952517,2.45604885,0.67589958,2.36163501,-0.05739078,-0.53267568,-0.02262956,10.12856187,-1.87098041,-1.31187081,10.47799727,4
117.37883366,31.96318700,41.52965801,2.33279773,144.43102879,41.52765801,80.07400913,0.90528055,0.42406324,2.44969957,0.69026926,2.35072035,-0.05401559,-0.44283035,-0.00577231,9.88948496,-1.48446778,-1.16033950,10.51216535,4
117.37883470,31.96318716,41.53156312,2.35036816,144.52933616,41.52956312,79.65379878,0.84355506,0.33680932,2.44246016,0.70436705,2.33890869,-0.05058639,-0.33347718,0.01747001,9.63610566,-0.94151214,-0.93896600,10.54912444,4
117.37883573,31.96318733,41.53355280,2.36866738,144.62750601,41.53155280,79.22422237,0.79478880,0.26316868,2.43856626,0.71951453,2.33018427,-0.04763147,-0.24777534,0.02633948,9.49576539,-0.55816582,-0.71902342,10.64370443,4
117.37883677,31.96318752,41.53580203,2.38770834,144.72553082,41.53380203,78.78754538,0.78579188,0.23130456,2.44493909,0.73788325,2.33093401,-0.04613198,-0.23465482,-0.00889849,9.70231985,-0.66462947,-0.50347203,10.91511174,4
117.37883780,31.96318771,41.53805126,2.40750016,144.82340239,41.53605126,78.34137072,0.77679495,0.19944044,2.45131191,0.75625198,2.33168375,-0.04463249,-0.22153430,-0.04413645,9.90887431,-0.77109311,-0.28792064,11.18651905,4
117.37883884,31.96318790,41.53921764,2.42806330,144.92110860,41.53721764,77.87719031,0.75754726,0.18251769,2.45269413,0.77401163,2.32721183,-0.04378236,-0.23254096,-0.02526514,9.97793553,-0.87454630,-0.06641346,11.51276784,4
117.37883987,31.96318810,41.53959406,2.44943535,145.01863331,41.53759406,77.39028731,0.73082143,0.17649497,2.45043561,0.79132696,2.31893059,-0.04340594,-0.26114889,0.03307997,9.94669266,-0.97580330,0.15943859,11.87902458,4
117.37884090,31.96318831,41.53997048,2.47165225,145.11595918,41.53797048,76.88700903,0.70409561,0.17047225,2.44817709,0.80864228,2.31064934,-0.04302952,-0.28975681,0.09142508,9.91544980,-1.07706030,0.38529064,12.24528131,4
117.37884192,31.96318854,41.54034224,2.49472917,145.21307218,41.53834224,76.37712773,0.66674964,0.22407337,2.45176460,0.82848077,2.30726211,-0.04573789,-0.31664103,0.03405519,9.74701529,-0.85364812,0.70143024,12.34586967,4
117.37884294,31.96318877,41.54071359,2.51866837,145.30996164,41.53871359,75.86324029,0.62850008,0.28274745,2.45584951,0.84853394,2.30429127,-0.04870873,-0.34337859,-0.03316006,9.56690814,-0.60261217,1.02525176,12.42385421,4
117.37884396,31.96318902,41.54134457,2.54347645,145.40661763,41.53934457,75.34173108,0.60080899,0.33566666,2.45607116,0.86727341,2.29760674,-0.05117228,-0.39113482,-0.07707491,9.47313856,-0.37126968,1.16930341,12.48210487,4
117.37884498,31.96318927,41.54285090,2.56916802,145.50302764,41.54085090,74.80948152,0.60871723,0.36918254,2.44326734,0.88158356,2.27840102,-0.05192545,-0.50975843,-0.04242928,9.67046800,-0.20632637,0.70723620,12.47382005,4
117.37884600,31.96318952,41.54435723,2.59575937,145.59917666,41.54235723,74.26617667,0.61662547,0.40269842,2.43046353,0.89589371,2.25919529,-0.05267862,-0.62838204,-0.00778366,9.86779743,-0.04138306,0.24516899,12.46553522,4
117.37884701,31.96318978,41.54542946,2.62326513,145.69504904,41.54342946,73.71338389,0.62085892,0.39767438,2.42027596,0.91058916,2.24241084,-0.05214108,-0.69574887,0.02890237,9.95822714,-0.06204514,-0.05099012,12.48927060,4
117.37884802,31.96319004,41.54617857,2.65169574,145.79063013,41.54417857,73.15363172,0.62235714,0.36396432,2.41203572,0.92557141,2.22742859,-0.05064286,-0.72496426,0.06710711,9.96908928,-0.22085699,-0.22366054,12.53683924,4
117.37884902,31.96319031,41.54692768,2.68105695,145.88590642,41.54492768,72.58977523,0.62385537,0.33025426,2.40379549,0.94055366,2.21244634,-0.04914463,-0.75417964,0.10531184,9.97995141,-0.37966883,-0.39633097,12.58440788,4
117.37885003,31.96319059,41.54804383,2.71134990,145.98086781,41.54604383,72.02458956,0.60625484,0.30473156,2.39116989,0.95383011,2.19290689,-0.04795617,-0.66757830,0.05889601,9.79484976,-0.32575907,-0.26547159,12.52323852,4
117.37885104,31.96319086,41.54919920,2.74257262,146.07550902,41.54719920,71.46060305,0.58661357,0.28008370,2.37807571,0.96692429,2.17288051,-0.04680080,-0.56860173,0.00343832,9.58880904,-0.24911963,-0.10217950,12.45045030,4
117.37885205,31.96319115,41.55034777,2.77471992,146.16982896,41.54834777,70.90034076,0.56998595,0.26126113,2.36981147,0.98179625,2.15714520,-0.04600000,-0.50081147,-0.01135131,9.46362059,-0.21014284,0.00230563,12.46665685,4
117.37885305,31.96319144,41.55148100,2.80778235,146.26382711,41.54948100,70.34585493,0.56016466,0.25559500,2.37245567,1.00068335,2.15110133,-0.04600000,-0.50345567,0.06570806,9.52103738,-0.25622737,-0.02602502,12.68385849,4
117.37885404,31.96319174,41.55261423,2.84174707,146.35750164,41.55061423,69.79711146,0.55034337,0.24992887,2.37509986,1.01957045,2.14505746,-0.04600000,-0.50609986,0.14276742,9.57845416,-0.30231189,-0.05435567,12.90106014,4
117.37885504,31.96319204,41.55274549,2.87660379,146.45084921,41.55074549,69.25051363,0.56201612,0.24061920,2.36963724,1.03567140,2.13129252,-0.04523647,-0.48714818,0.12802381,9.77539381,-0.23172094,-0.03905797,13.03531899,4
117.37885603,31.96319236,41.55235962,2.91235110,146.54386285,41.55035962,68.70043539,0.58478231,0.22942903,2.35999054,1.05033437,2.11354260,-0.04407887,-0.45705050,0.06589911,10.04434361,-0.10091179,-0.00124294,13.12676964,4
117.37885702,31.96319268,41.55194882,2.94899645,146.63653096,41.54994882,68.14230168,0.60385042,0.21879528,2.35105118,1.06522833,2.09641142,-0.04300000,-0.43404128,0.01667510,10.28350997,-0.01416103,0.03353938,13.21491729,4
117.37885800,31.96319302,41.55119636,2.98655203,146.72883797,41.54919636,67.57388451,0.57224725,0.21578545,2.35180364,1.08328729,2.08775818,-0.04300000,-0.50815824,0.14421646,10.11458351,-0.53109856,0.02676727,13.25780730,4
117.37885897,31.96319337,41.55044391,3.02503141,146.82076720,41.54844391,66.99560327,0.54064408,0.21277563,2.35255609,1.10134624,2.07910493,-0.04300000,-0.58227519,0.27175781,9.94565706,-1.04803608,0.01999516,13.30069732,4
117.37885994,31.96319373,41.55015713,3.06444472,146.91230249,41.54815713,66.41011830,0.49246013,0.21100000,2.34860045,1.11734232,2.06598653,-0.04315713,-0.60117394,0.29279120,9.76649376,-1.38631092,0.05543887,13.35145457,4
117.37886090,31.96319410,41.55054031,3.10479583,147.00342868,41.54854031,65.82167673,0.42042160,0.21100000,2.33787130,1.13037056,2.04644416,-0.04354031,-0.54063092,0.16059283,9.57260282,-1.46754585,0.15161797,13.41353032,4
117.37886187,31.96319447,41.55092349,3.14608068,147.09413470,41.54892349,65.23495945,0.34838307,0.21100000,2.32714216,1.14339881,2.02690179,-0.04392349,-0.48008790,0.02839447,9.37871189,-1.54878079,0.24779707,13.47560608,4
117.37886283,31.96319486,41.55129969,3.18828928,147.18441498,41.54929969,64.65374806,0.27975630,0.23497512,2.33009471,1.16278258,2.01910404,-0.04459938,-0.48328414,0.03586485,9.60792195,-1.62883375,0.38717528,13.46522364,4
117.37886378,31.96319525,41.55167414,3.23140737,147.27426821,41.54967414,64.07857314,0.21198063,0.26493121,2.33646038,1.18375185,2.01423618,-0.04534828,-0.50238115,0.07817784,9.94268129,-1.70859185,0.53733020,13.43676535,4
117.37886473,31.96319564,41.55180161,3.27542390,147.36369100,41.54980161,63.50580582,0.14412223,0.29184314,2.34001614,1.20323991,2.00692502,-0.04604960,-0.53437491,0.12035642,10.21634366,-1.81266793,0.60927778,13.41338870,4
117.37886569,31.96319604,41.55027283,3.32033514,147.45267499,41.54827283,62.93109564,0.07570896,0.29834049,2.32472826,1.21279484,1.98322880,-0.04643179,-0.65285600,0.16163370,10.08028150,-2.07982369,0.15675644,13.42409022,4
117.37886663,31.96319644,41.54874404,3.36614239,147.54120798,41.54674404,62.35474835,0.00729568,0.30483784,2.30944038,1.22234977,1.95953258,-0.04681399,-0.77133709,0.20291099,9.94421934,-2.34697945,-0.29576490,13.43479174,4
117.37886757,31.96319685,41.54780940,3.41283969,147.62928000,41.54580940,61.78261971,-0.08298820,0.27883881,2.30219060,1.23557682,1.94266331,-0.04585642,-0.77029644,0.19936610,9.83073220,-2.50577999,-0.56345840,13.38301180,4
117.37886850,31.96319728,41.54743810,3.46040912,147.71688670,41.54543810,61.22017117,-0.19400802,0.22202934,2.30256190,1.25228549,1.93226681,-0.04362860,-0.65593488,0.15332443,9.73864887,-2.56184686,-0.65591303,13.27199198,4
117.37886943,31.96319770,41.54706680,3.50882821,147.80402818,41.54506680,60.66721262,-0.30502784,0.16521987,2.30293320,1.26899416,1.92187030,-0.04140078,-0.54157333,0.10728277,9.64656554,-2.61791372,-0.74836766,13.16097216,4
117.37887037,31.96319813,41.54762329,3.55808201,147.89070460,41.54562329,60.11925115,-0.43719148,0.10918848,2.29333907,1.27979107,1.90285964,-0.03913014,-0.54499651,0.10429793,9.59821242,-2.97080729,-0.93079407,13.14941436,4
117.37887130,31.96319856,41.54838330,3.60816455,147.97691377,41.54638330,59.57379970,-0.57399321,0.05332777,2.28155892,1.28929120,1.88195937,-0.03685011,-0.57425688,0.11075801,9.55945192,-3.38881259,-1.13295663,13.15967449,4
117.37887222,31.96319900,41.54893133,3.65906863,148.06265192,41.54693133,59.03215695,-0.70889607,-0.01081472,2.27330467,1.30077668,1.86397000,-0.03424466,-0.60012867,0.10961398,9.55890009,-3.66427715,-1.36429353,13.18619672,4
117.37887313,31.96319946,41.54856716,3.71078137,148.14791415,41.54656716,58.49558752,-0.83562725,-0.11059732,2.28022390,1.32080603,1.85850745,-0.03023879,-0.61141794,0.07574617,9.72277662,-3.32632733,-1.72118019,13.28270178,4
117.37887403,31.96319993,41.54820299,3.76328864,148.23269413,41.54620299,57.96190228,-0.96235843,-0.21037991,2.28714313,1.34083538,1.85304490,-0.02623292,-0.62270722,0.04187835,9.88665314,-2.98837752,-2.07806684,13.37920685,4
117.37887492,31.96320041,41.54750756,3.81658405,148.31698357,41.54550756,57.42683796,-1.11047771,-0.31064817,2.28574727,1.35561125,1.84064358,-0.02235852,-0.65575607,0.03087909,9.94549876,-3.06329289,-2.19968644,13.33237747,4
117.37887581,31.96320090,41.54639491,3.87066885,148.40077329,41.54439491,56.88920195,-1.28553404,-0.41152809,2.27387905,1.36377065,1.81950330,-0.01864970,-0.71620985,0.04868143,9.87206411,-3.65818771,-2.02500099,13.10502677,4
117.37887670,31.96320139,41.54528226,3.92554174,148.48405550,41.54328226,56.35219497,-1.46059037,-0.51240801,2.26201082,1.37193006,1.79836303,-0.01494088,-0.77666362,0.06648377,9.79862946,-4.25308254,-1.85031554,12.87767606,4
117.37887757,31.96320190,41.54500000,3.98119273,148.56682436,41.54300000,55.81957777,-1.61508242,-0.67248623,2.26244836,1.38673242,1.78742956,-0.00922534,-0.70897398,-0.03908242,9.53569661,-3.80982020,-2.45880200,12.84785218,4
117.37887844,31.96320242,41.54500000,4.03760667,148.64907530,41.54300000,55.29093897,-1.76258422,-0.85268723,2.26706890,1.40379287,1.77996562,-0.00282767,-0.59772564,-0.18658422,9.20834924,-3.01366590,-3.33350545,12.88517191,4
117.37887930,31.96320294,41.54500000,4.09477540,148.73080316,41.54300000,54.76206992,-1.91008602,-1.03288822,2.27168944,1.42085332,1.77250167,0.00357000,-0.48647729,-0.33408602,8.88100187,-2.21751160,-4.20820890,12.92249164,4
117.37888015,31.96320348,41.54601305,4.15270028,148.81200179,41.54401305,54.23008375,-1.95039152,-1.17163134,2.27267537,1.43618271,1.76119413,0.00974062,-0.33041923,-0.19035397,9.24598537,-1.52273890,-2.92403243,13.07290540,4
117.37888100,31.96320402,41.54709910,4.21138441,148.89266459,41.54509910,53.69590328,-1.98297292,-1.30738718,2.27339940,1.45138736,1.74960963,0.01589489,-0.17113237,-0.02563689,9.66085523,-0.83527131,-1.48429647,13.23146823,4
117.37888183,31.96320457,41.54782794,4.27082478,148.97278472,41.54582794,53.16220542,-2.01585014,-1.41076596,2.27939130,1.46990749,1.74206475,0.02071323,-0.04169565,0.09832471,10.02478722,-0.34512391,-0.25094175,13.39878906,4
117.37888266,31.96320514,41.54681863,4.33101256,149.05235513,41.54481863,52.62990473,-2.05016674,-1.35659956,2.31101640,1.50456053,1.75417650,0.01903104,-0.05750820,0.02397207,10.14085808,-0.81512678,-0.02182796,13.60872592,4
117.37888348,31.96320571,41.54580931,4.39194000,149.13136833,41.54380931,52.09816840,-2.08448334,-1.30243316,2.34264151,1.53921357,1.76628824,0.01734886,-0.07332075,-0.05038057,10.25692894,-1.28512966,0.20728583,13.81866278,4
117.37888429,31.96320628,41.54473067,4.45360225,149.20981813,41.54273067,51.56693001,-2.12829420,-1.24896762,2.36786534,1.56982792,1.77323941,0.01546135,-0.11670313,-0.11478053,10.26617239,-1.66772317,0.40029174,14.00719942,4
117.37888510,31.96320687,41.54337149,4.51599424,149.28770038,41.54137149,51.03851579,-2.21052456,-1.19833818,2.36718575,1.58409930,1.75930782,0.01274299,-0.27164959,-0.13890597,9.84312776,-1.69660574,0.44718343,14.10913789,4
117.37888590,31.96320746,41.54201232,4.57910458,149.36501381,41.54001232,50.51641747,-2.29275493,-1.14770874,2.36650616,1.59837069,1.74537623,0.01002463,-0.42659606,-0.16303140,9.42008313,-1.72548830,0.49407512,14.21107635,4
117.37888669,31.96320805,41.54056710,4.64291581,149.44175847,41.53856710,50.00132665,-2.36317745,-1.10151519,2.36522078,1.61211687,1.73093075,0.00765368,-0.55628565,-0.18125974,9.12872283,-1.53816979,0.44034240,14.26656719,4
117.37888749,31.96320865,41.53887080,4.70741331,149.51793339,41.53687080,49.48944774,-2.39913906,-1.06826766,2.36216744,1.62433025,1.71498551,0.00629664,-0.61226363,-0.18227752,9.22168021,-0.71987344,0.09293964,14.18650171,4
117.37888827,31.96320925,41.53717450,4.77259326,149.59353465,41.53517450,48.97525648,-2.43510068,-1.03502013,2.35911409,1.63654363,1.69904027,0.00493960,-0.66824162,-0.18329530,9.31463759,0.09842291,-0.25446313,14.10643623,4
117.37888906,31.96320986,41.53490531,4.83846129,149.66855542,41.53290531,48.45696836,-2.45244665,-1.03673997,2.34966558,1.64423372,1.67847621,0.00509469,-0.70962725,-0.14667111,9.48912571,0.54338005,-0.72017753,14.05165681,4
117.37888985,31.96321046,41.53134666,4.90501953,149.74298899,41.52934666,47.93750066,-2.42789198,-1.11716539,2.32582265,1.64174266,1.64751598,0.00865334,-0.71816801,-0.02532124,9.84712560,0.14801437,-1.45219121,14.05379200,4
117.37889063,31.96321106,41.52778802,4.97226166,149.81683020,41.52578802,47.42061091,-2.40333732,-1.19759081,2.30197971,1.63925161,1.61655575,0.01221198,-0.72670876,0.09602862,10.20512549,-0.24735131,-2.18420490,14.05592719,4
117.37889141,31.96321168,41.52343988,5.04017516,149.89007580,41.52143988,46.90792036,-2.42632959,-1.29005568,2.29563225,1.64875249,1.59775719,0.01587742,-0.64600416,0.06859068,10.19367403,-0.55489025,-2.29769519,14.07765160,4
117.37889218,31.96321229,41.51829451,5.10874825,149.96272337,41.51629451,46.39913512,-2.49733571,-1.39467822,2.30695207,1.67036304,1.59123972,0.01965069,-0.47517785,-0.10909613,9.80914332,-0.77374002,-1.78658836,14.11915759,4
117.37889295,31.96321291,41.51314914,5.17797078,150.03477108,41.51114914,45.89475568,-2.56834183,-1.49930076,2.31827189,1.69197360,1.58472225,0.02342396,-0.30435154,-0.28678293,9.42461261,-0.99258979,-1.27548153,14.16066358,4
117.37889372,31.96321353,41.50937778,5.24783086,150.10621921,41.50737778,45.39725285,-2.60651668,-1.51623329,2.32583889,1.71093613,1.57530832,0.02418889,-0.19568883,-0.29367767,9.41365024,-0.88243856,-0.52037968,14.08026095,4
117.37889448,31.96321415,41.50659196,5.31831170,150.17707169,41.50459196,44.90980236,-2.62114223,-1.47026728,2.33071408,1.72799927,1.56381682,0.02279598,-0.13161499,-0.17806618,9.67064204,-0.53630056,0.40973561,13.91241536,4
117.37889524,31.96321478,41.50380614,5.38939230,150.24733564,41.50180614,44.43347544,-2.63576778,-1.42430127,2.33558926,1.74506241,1.55232532,0.02140307,-0.06754116,-0.06245470,9.92763383,-0.19016257,1.33985089,13.74456978,4
117.37889599,31.96321541,41.49970603,5.46105359,150.31701834,41.49770603,43.96630792,-2.66941043,-1.33523873,2.35088172,1.76882268,1.54829415,0.01794132,-0.15017188,-0.08499746,10.00223528,-0.52527436,1.39936246,13.63788499,4
117.37889673,31.96321607,41.49507074,5.53328155,150.38612445,41.49307074,43.50593638,-2.71079695,-1.22862706,2.37041616,1.79531005,1.54730087,0.01363712,-0.29254151,-0.16379739,10.00256638,-1.13779486,1.10435934,13.55610523,4
117.37889746,31.96321672,41.49043545,5.60606443,150.45465705,41.48843545,43.05239162,-2.75218347,-1.12201538,2.38995060,1.82179742,1.54630760,0.00933292,-0.43491114,-0.24259733,10.00289747,-1.75031536,0.80935622,13.47432546,4
117.37889817,31.96321739,41.48572027,5.67938708,150.52262005,41.48372027,42.60781664,-2.82192667,-1.07260137,2.38733215,1.83140560,1.53077270,0.00706294,-0.53334975,-0.29698607,9.96645448,-1.83809423,0.52730736,13.32366761,4
117.37889887,31.96321806,41.48096926,5.75322995,150.59001974,41.47896926,42.17258757,-2.90439071,-1.04884630,2.37477590,1.83344175,1.50871442,0.00570550,-0.61208085,-0.34042391,9.91351460,-1.69047341,0.25106979,13.14211098,4
117.37889957,31.96321874,41.47621824,5.82757743,150.65686172,41.47421824,41.74307863,-2.98685475,-1.02509122,2.36221965,1.83547790,1.48665614,0.00434807,-0.69081195,-0.38386176,9.86057473,-1.54285260,-0.02516778,12.96055435,4
117.37890027,31.96321941,41.47205180,5.90242419,150.72314831,41.47005180,41.31455252,-3.03404239,-1.02293093,2.36366798,1.84754710,1.47387519,0.00400000,-0.66530297,-0.38762951,9.74111064,-1.30919067,-0.24709503,12.78526212,4
117.37890096,31.96322010,41.46808695,5.97777262,150.78887903,41.46608695,40.88629862,-3.06906528,-1.02821740,2.36994566,1.86307611,1.46429346,0.00400000,-0.60384772,-0.37771737,9.59870627,-1.04585823,-0.45029384,12.61213013,4
117.37890165,31.96322078,41.46412209,6.05362028,150.85405520,41.46212209,40.46183961,-3.10408816,-1.03350387,2.37622335,1.87860513,1.45471173,0.00400000,-0.54239247,-0.36780524,9.45630190,-0.78252578,-0.65349265,12.43899813,4
117.37890235,31.96322146,41.46032697,6.12995669,150.91868130,41.45832697,40.04454551,-3.11886006,-1.05662727,2.37338294,1.88688805,1.43936384,0.00521502,-0.50191471,-0.41675965,9.56253084,-0.44701472,-0.78511593,12.35670858,4
117.37890304,31.96322214,41.45659883,6.20676723,150.98276379,41.45459883,39.63530045,-3.12563849,-1.08679126,2.36694344,1.89231079,1.42173994,0.00690962,-0.46971719,-0.48894987,9.76690035,-0.08301332,-0.88848691,12.31027637,4
117.37890372,31.96322283,41.45287070,6.28403886,151.04630914,41.45087070,39.23345447,-3.13241691,-1.11695525,2.36050394,1.89773353,1.40411603,0.00860423,-0.43751968,-0.56114010,9.97126985,0.28098809,-0.99185789,12.26384416,4
117.37890440,31.96322352,41.44926829,6.36176024,151.10932376,41.44726829,38.83893002,-3.12207980,-1.13691355,2.37414859,1.91837033,1.39875831,0.00949668,-0.41559642,-0.54521944,9.95592225,0.29671381,-0.90995985,12.11914604,4
117.37890507,31.96322423,41.44570418,6.43991903,151.17181449,41.44370418,38.45239417,-3.10652734,-1.15376204,2.39391317,1.94364307,1.39713826,0.01014469,-0.39680387,-0.50245019,9.87362386,0.20631518,-0.77160783,11.94450496,4
117.37890573,31.96322493,41.44214008,6.51850070,151.23378827,41.44014008,38.07424730,-3.09097489,-1.17061054,2.41367774,1.96891580,1.39551822,0.01079271,-0.37801133,-0.45968095,9.79132546,0.11591655,-0.63325580,11.76986388,4
117.37890639,31.96322564,41.43831082,6.59748989,151.29525150,41.43631082,37.70333556,-3.05238525,-1.19280738,2.41887951,1.98215426,1.38581197,0.01144820,-0.34376361,-0.44487951,9.58235984,0.54214377,-0.57420951,11.45606279,4
117.37890704,31.96322634,41.43435685,6.67687460,151.35620825,41.43235685,37.33731504,-3.00296064,-1.21751968,2.41723202,1.98973270,1.37230257,0.01210719,-0.30224693,-0.44323202,9.31381946,1.21135299,-0.55246268,11.07681128,4
117.37890768,31.96322706,41.43040288,6.75664671,151.41666040,41.42840288,36.97537394,-2.95353603,-1.24223199,2.41558453,1.99731114,1.35879318,0.01276619,-0.26073026,-0.44158453,9.04527908,1.88056220,-0.53071585,10.69755978,4
117.37890832,31.96322778,41.42673581,6.83679681,151.47661055,41.42473581,36.62004678,-2.85840019,-1.24750080,2.42693843,2.01482012,1.35317666,0.01341167,-0.24373581,-0.38069034,9.25504751,2.38949640,-0.45198692,10.38248268,4
117.37890895,31.96322851,41.42322652,6.91730849,151.53606561,41.42122652,36.27619605,-2.73812705,-1.24207735,2.44544199,2.03779006,1.35190055,0.01404972,-0.24022652,-0.28721545,9.72784539,2.81029289,-0.34192263,10.10269608,4
117.37890957,31.96322924,41.41971722,6.99815809,151.59503902,41.41771722,35.94577192,-2.61785391,-1.23665389,2.46394555,2.06076000,1.35062444,0.01468778,-0.23671722,-0.19374057,10.20064326,3.23108938,-0.23185835,9.82290949,4
117.37891018,31.96322998,41.41499869,7.07932665,151.65354456,41.41299869,35.62519486,-2.51598117,-1.23349978,2.47199956,2.07483457,1.34383063,0.01483326,-0.25367484,-0.17851335,10.35630020,2.95495571,-0.17566565,9.59662755,4
117.37891078,31.96323071,41.40912142,7.16080636,151.71159195,41.40712142,35.30811198,-2.43174031,-1.23252024,2.47004047,2.08038533,1.33174958,0.01450675,-0.29024452,-0.23826560,10.20806240,2.01100090,-0.17109444,9.42161552,4
117.37891138,31.96323145,41.40324415,7.24259920,151.76918268,41.40124415,34.99003471,-2.34749944,-1.23154069,2.46808138,2.08593608,1.31966852,0.01418023,-0.32681419,-0.29801784,10.05982460,1.06704609,-0.16652323,9.24660350,4
117.37891198,31.96323219,41.39696609,7.32470642,151.82631353,41.39496609,34.66991411,-2.28958672,-1.23388944,2.47162310,2.09579018,1.31068845,0.01414447,-0.34584422,-0.33273366,9.97771106,0.69206114,-0.22063300,9.11041469,4
117.37891256,31.96323294,41.39019424,7.40712607,151.88297871,41.38819424,34.34829096,-2.26411166,-1.24033882,2.48194211,2.11094623,1.30552894,0.01446694,-0.34326447,-0.33660329,9.97706612,1.01807739,-0.34704089,9.02205815,4
117.37891315,31.96323370,41.38342239,7.48985406,151.93917369,41.38142239,34.02629998,-2.23863660,-1.24678820,2.49226112,2.12610228,1.30036944,0.01478941,-0.34068472,-0.34047292,9.97642118,1.34409365,-0.47344877,8.93370162,4
117.37891373,31.96323445,41.37704591,7.57288716,151.99489672,41.37504591,33.70480282,-2.20659715,-1.25387367,2.49888505,2.13818399,1.29320676,0.01511495,-0.32658577,-0.33909182,9.96266619,1.40446585,-0.49335410,8.85427509,4
117.37891431,31.96323521,41.37141363,7.65622338,152.05014839,41.36941363,33.38462616,-2.16220159,-1.26215642,2.49855374,2.14447888,1.28227353,0.01544626,-0.29080427,-0.32782727,9.92423421,0.96481723,-0.31279004,8.79165746,4
117.37891488,31.96323597,41.36578136,7.73986063,152.10493117,41.36378136,33.06651098,-2.11780602,-1.27043917,2.49822243,2.15077377,1.27134029,0.01577757,-0.25502277,-0.31656272,9.88580223,0.52516861,-0.13222599,8.72903984,4
117.37891544,31.96323673,41.36055096,7.82379642,152.15924836,41.35855096,32.75098067,-2.08116879,-1.27185987,2.50503822,2.16296975,1.26410350,0.01589650,-0.21951115,-0.31955733,9.88070064,0.26622612,0.00690605,8.68306688,4
117.37891600,31.96323750,41.35614155,7.90802772,152.21310394,41.35414155,32.43862810,-2.06038161,-1.25926158,2.52645531,2.18722146,1.26441846,0.01558154,-0.18455089,-0.35168297,9.94369209,0.37646116,0.06139366,8.67109850,4
117.37891655,31.96323827,41.35173215,7.99255072,152.26650276,41.34973215,32.13000269,-2.03959443,-1.24666329,2.54787241,2.21147317,1.26473342,0.01526658,-0.14959063,-0.38380861,10.00668355,0.48669621,0.11588127,8.65913013,4
117.37891710,31.96323904,41.34731342,8.07736091,152.31945006,41.34531342,31.82531834,-2.01724297,-1.23031118,2.56639233,2.23327508,1.26357779,0.01475479,-0.12779761,-0.41271645,10.05936246,0.60324570,0.19010081,8.64767588,4
117.37891765,31.96323981,41.34284326,8.16245361,152.37195098,41.34084326,31.52411873,-1.98627118,-1.19327275,2.56894671,2.24157680,1.25431819,0.01315831,-0.17856580,-0.42389184,10.05521160,0.75459238,0.37305788,8.63905486,4
117.37891820,31.96324058,41.33837311,8.24782539,152.42400956,41.33637311,31.22573025,-1.95529939,-1.15623432,2.57150108,2.24987851,1.24505858,0.01156182,-0.22933399,-0.43506723,10.05106074,0.90593906,0.55601494,8.63043385,4
117.37891874,31.96324135,41.33391904,8.33347396,152.47562959,41.33191904,30.93034038,-1.92457496,-1.11921064,2.57433733,2.25842504,1.23592579,0.00996627,-0.27956672,-0.44322711,10.04474661,1.04203138,0.73193700,8.62286358,4
117.37891928,31.96324212,41.33018988,8.41939651,152.52681619,41.32818988,30.64006491,-1.90499689,-1.08285137,2.58987548,2.27800311,1.23250739,0.00841245,-0.30567081,-0.31550352,9.94095176,0.49073781,0.59085060,8.66264124,4
117.37891981,31.96324290,41.32646073,8.50558602,152.57757889,41.32446073,30.35828419,-1.88541882,-1.04649209,2.60541363,2.29758118,1.22908900,0.00685864,-0.33177491,-0.18777992,9.83715692,-0.06055576,0.44976420,8.70241891,4
117.37892034,31.96324369,41.32273157,8.59203084,152.62793126,41.32073157,30.08734643,-1.86584075,-1.01013282,2.62095179,2.31715925,1.22567061,0.00530482,-0.35787900,-0.06005633,9.73336208,-0.61184933,0.30867779,8.74219657,4
117.37892086,31.96324447,41.31970215,8.67871723,152.67788847,41.31770215,29.82681065,-1.92480803,-1.00453190,2.62144683,2.32304254,1.21529795,0.00500000,-0.35176604,-0.15116933,9.80644610,-1.17727311,0.10789494,8.56872479,4
117.37892139,31.96324526,41.31684349,8.76563434,152.72746283,41.31484349,29.57381152,-2.00294460,-1.00643767,2.61827054,2.32558356,1.20322807,0.00500000,-0.33779040,-0.29569021,9.92269806,-1.74614542,-0.10745706,8.34320868,4
117.37892191,31.96324605,41.31398484,8.85277541,152.77666207,41.31198484,29.32529944,-2.08108116,-1.00834344,2.61509426,2.32812459,1.19115819,0.00500000,-0.32381475,-0.44021109,10.03895002,-2.31501772,-0.32280905,8.11769258,4
117.37892243,31.96324684,41.31094956,8.94013610,152.82549000,41.30894956,29.08018443,-2.14982903,-1.01351097,2.62158664,2.33884212,1.18412938,0.00520504,-0.29131902,-0.49287062,10.00128822,-2.06174801,-0.31170158,7.77303236,4
117.37892295,31.96324762,41.30782145,9.02771036,152.87395038,41.30582145,28.83960298,-2.21364242,-1.02039281,2.63316064,2.35385704,1.17975003,0.00551786,-0.24908957,-0.49724997,9.88273295,-1.37637969,-0.18157232,7.36575279,4
117.37892346,31.96324840,41.30469334,9.11548919,152.92204907,41.30269334,28.60585281,-2.27745581,-1.02727465,2.64473463,2.36887196,1.17537068,0.00583067,-0.20686013,-0.50162932,9.76417768,-0.69101136,-0.05144305,6.95847321,4
117.37892397,31.96324919,41.30153815,9.20346100,152.96979603,41.29953815,28.38112373,-2.31360803,-1.02573735,2.65231566,2.37992370,1.17007630,0.00570763,-0.17084336,-0.47768673,9.74707152,-0.29368673,0.02820965,6.56243200,4
117.37892448,31.96324998,41.29835100,9.29161330,153.01720405,41.29635100,28.16672154,-2.31711390,-1.01426358,2.65518410,2.38629801,1.16370199,0.00507020,-0.14215896,-0.42031792,9.84969794,-0.23631792,0.04828873,6.17965457,4
117.37892499,31.96325077,41.29516384,9.37993325,153.06428770,41.29316384,27.96179142,-2.32061978,-1.00278982,2.65805254,2.39267232,1.15732768,0.00443277,-0.11347456,-0.36294912,9.95232436,-0.17894912,0.06836781,5.79687715,4
117.37892549,31.96325157,41.29201414,9.46841123,153.11105800,41.29001414,27.76252190,-2.32112687,-0.99342263,2.66630948,2.40370382,1.15369010,0.00400000,-0.09961938,-0.35091387,10.02840806,-0.11081866,0.03507325,5.46937027,4
117.37892599,31.96325236,41.28894366,9.55704345,153.15751931,41.28694366,27.56396654,-2.31529295,-0.98850985,2.68596058,2.42458312,1.15583944,0.00400000,-0.11712114,-0.43473811,10.04836622,-0.01993230,-0.11108184,5.25873500,4
117.37892648,31.96325316,41.28587317,9.64583199,153.20366930,41.28387317,27.36249609,-2.30945903,-0.98359708,2.70561169,2.44546242,1.15798878,0.00400000,-0.13462291,-0.51856235,10.06832437,0.07095405,-0.25723692,5.04809973,4
117.37892697,31.96325396,41.28280073,9.73478134,153.24950233,41.28080073,27.15663941,-2.30226639,-0.97999633,2.72433875,2.46549816,1.15974095,0.00403985,-0.15109963,-0.58867070,10.08261616,0.16642159,-0.39254536,4.84452387,4
117.37892746,31.96325476,41.27969984,9.82389617,153.29501157,41.27769984,26.94591901,-2.27528858,-0.99550082,2.72961028,2.47325041,1.15570979,0.00466003,-0.15265008,-0.45905316,10.01439640,0.32859856,-0.36990881,4.74374468,4
117.37892794,31.96325556,41.27659894,9.91318099,153.34018949,41.27459894,26.73146332,-2.24831076,-1.01100531,2.73488180,2.48100265,1.15167862,0.00528021,-0.15420053,-0.32943562,9.94617664,0.49077553,-0.34727225,4.64296549,4
117.37892842,31.96325636,41.27349804,10.00263752,153.38503213,41.27149804,26.51708835,-2.22133295,-1.02650980,2.74015333,2.48875490,1.14764745,0.00590039,-0.15575098,-0.19981808,9.87795688,0.65295250,-0.32463569,4.54218631,4
117.37892890,31.96325717,41.27119048,10.09226253,153.42954295,41.26919048,26.30786407,-2.21182994,-1.07914961,2.74901360,2.49956462,1.14519048,0.00832653,-0.17642175,-0.18649659,9.85226532,0.33027923,-0.81034649,4.47248985,4
117.37892937,31.96325798,41.26903472,10.18204775,153.47373282,41.26703472,26.10774583,-2.20567061,-1.13889504,2.75856055,2.51095936,1.14303472,0.01109822,-0.20075107,-0.19542761,9.83471125,-0.08516702,-1.39332630,4.40874086,4
117.37892983,31.96325879,41.26687895,10.27198236,153.51761691,41.26487895,25.91862634,-2.19951129,-1.19864046,2.76810750,2.52235411,1.14087895,0.01386992,-0.22508039,-0.20435862,9.81715719,-0.50061328,-1.97630610,4.34499188,4
117.37893029,31.96325960,41.26451024,10.36205474,153.56121185,41.26251024,25.74125922,-2.20072440,-1.26638927,2.77628306,2.53240038,1.13851024,0.01704842,-0.12084712,-0.23183616,9.62675949,-0.39886364,-1.68923196,4.22421401,4
117.37893075,31.96326041,41.26199493,10.45225290,153.60453520,41.25999493,25.57477681,-2.20701267,-1.33964759,2.78351457,2.54151837,1.13599493,0.02050697,0.07188829,-0.27208108,9.31737671,0.05892227,-0.80321500,4.06417759,4
117.37893120,31.96326123,41.25947963,10.54256744,153.64760135,41.25747963,25.41524412,-2.21330094,-1.41290591,2.79074608,2.55063636,1.13347963,0.02396552,0.26462370,-0.31232599,9.00799392,0.51670818,0.08280195,3.90414117,4
117.37893164,31.96326205,41.25672737,10.63299444,153.69041653,41.25472737,25.25700059,-2.18034835,-1.42049371,2.80479923,2.56579923,1.13390894,0.02460011,0.38130883,-0.30329349,8.98546015,1.11471952,0.87290606,3.75667693,4
117.37893209,31.96326287,41.25363661,10.72353548,153.73297845,41.25163661,25.09669127,-2.09133436,-1.33426141,2.82859811,2.58959811,1.13854509,0.02120027,0.38934482,-0.22386087,9.37273282,1.91306375,1.52598440,3.62717394,4
117.37893254,31.96326369,41.25054585,10.81419234,153.77528307,41.24854585,24.93599097,-2.00232036,-1.24802910,2.85239699,2.61339699,1.14318123,0.01780043,0.39738080,-0.14442824,9.76000550,2.71140798,2.17906274,3.49767095,4
117.37893298,31.96326450,41.24674701,10.90496254,153.81733265,41.24474701,24.78005221,-1.92355220,-1.15597150,2.87352538,2.63479777,1.14672761,0.01396492,0.38160956,-0.06815888,10.10139044,3.06833610,2.65102718,3.43153161,4
117.37893342,31.96326532,41.23964005,10.99583831,153.85913856,41.23764005,24.63277584,-1.89265239,-1.03669823,2.88217733,2.64499471,1.14518262,0.00809395,0.25461132,-0.00666826,10.22838868,1.36297543,2.27683045,3.66142622,4
117.37893385,31.96326614,41.23253309,11.08681109,153.90071529,41.23053309,24.49339040,-1.86175258,-0.91742495,2.89082928,2.65519165,1.14363763,0.00222299,0.12761309,0.05482237,10.35538691,-0.34238525,1.90263371,3.89132082,4
117.37893428,31.96326696,41.22542614,11.17787611,153.94207261,41.22342614,24.35699834,-1.83085276,-0.79815167,2.89948123,2.66538859,1.14209264,-0.00364797,0.00061486,0.11631300,10.48238514,-2.04774592,1.52843698,4.12121543,4
117.37893472,31.96326778,41.21766913,11.26903430,153.98321055,41.21566913,24.21840876,-1.90201548,-0.71387924,2.90410529,2.67186470,1.13818795,-0.00839852,-0.05039876,-0.02603095,10.33458553,-1.74738855,1.65437683,4.08661625,4
117.37893514,31.96326861,41.20987066,11.36028951,154.02412290,41.20787066,24.07523227,-1.97968824,-0.63183933,2.90847243,2.67810347,1.13413274,-0.01307760,-0.09656570,-0.18137649,10.16925796,-1.31909656,1.81221788,4.03514635,4
117.37893557,31.96326944,41.20207219,11.45164570,154.06480186,41.20007219,23.92803505,-2.05736101,-0.54979942,2.91283957,2.68434225,1.13007754,-0.01775669,-0.14273265,-0.33672202,10.00393038,-0.89080456,1.97005892,3.98367644,4
117.37893599,31.96327027,41.19579229,11.54310513,154.10524267,41.19379229,23.77896899,-2.10067487,-0.46839081,2.91259743,2.68646752,1.12455853,-0.02203890,-0.16879193,-0.30319631,9.93077981,-0.92333471,1.77029059,3.89192365,4
117.37893640,31.96327110,41.19006193,11.63466820,154.14544417,41.18806193,23.63034332,-2.13155516,-0.38721066,2.91068731,2.68710423,1.11850981,-0.02617750,-0.18757479,-0.20132318,9.89098562,-1.12262403,1.44111303,3.78559357,4
117.37893682,31.96327193,41.18433157,11.72633361,154.18540881,41.18233157,23.48435138,-2.16243545,-0.30603051,2.90877719,2.68774094,1.11246110,-0.03031609,-0.20635765,-0.09945005,9.85119143,-1.32191334,1.11193547,3.67926349,4
117.37893724,31.96327276,41.17903226,11.81809835,154.22514230,41.17703226,23.34269804,-2.20727417,-0.27689516,2.91004032,2.69115322,1.10777419,-0.03181452,-0.23718547,-0.11475803,9.89157255,-1.43286289,0.58384701,3.61615324,4
117.37893766,31.96327359,41.17402866,11.90995850,154.26465245,41.17202866,23.20618683,-2.26168833,-0.28346239,2.91348030,2.69646955,1.10402149,-0.03150179,-0.27627610,-0.21045190,9.98695369,-1.48321162,-0.08069372,3.58269166,4
117.37893808,31.96327441,41.16902506,12.00191012,154.30394762,41.16702506,23.07471507,-2.31610249,-0.29002961,2.91692027,2.70178588,1.10026879,-0.03118907,-0.31536673,-0.30614576,10.08233483,-1.53356035,-0.74523446,3.54923008,4
117.37893851,31.96327524,41.16424425,12.09394980,154.34303544,41.16224425,22.94763214,-2.36593043,-0.32071246,2.91887459,2.70562705,1.09586802,-0.02974589,-0.31278918,-0.35760406,10.02437140,-1.50944638,-1.10323169,3.49589159,4
117.37893893,31.96327606,41.15980408,12.18607483,154.38192233,41.15780408,22.82425106,-2.40874636,-0.38826648,2.91855743,2.70721283,1.09047638,-0.02657434,-0.24650378,-0.34142915,9.73195448,-1.37148394,-0.99254459,3.41216267,4
117.37893935,31.96327688,41.15536391,12.27828292,154.42061378,41.15336391,22.70386381,-2.45156229,-0.45582050,2.91824028,2.70879860,1.08508475,-0.02340279,-0.18021838,-0.32525425,9.43953755,-1.23352151,-0.88185749,3.32843375,4
117.37893977,31.96327771,41.15132662,12.37057237,154.45911394,41.14932662,22.58573176,-2.48444892,-0.51537988,2.92181584,2.71396548,1.08137410,-0.02055108,-0.11713090,-0.30708919,9.27067351,-1.04602426,-0.79186473,3.22287616,4
117.37894019,31.96327854,41.14854854,12.46294179,154.49742590,41.14654854,22.46962560,-2.48630098,-0.54995153,2.93755829,2.73032528,1.08291748,-0.01869902,-0.06403872,-0.28270383,9.48798107,-0.70370312,-0.76655334,3.04909185,4
117.37894060,31.96327938,41.14577046,12.55538942,154.53555290,41.14377046,22.35622723,-2.48815303,-0.58452319,2.95330074,2.74668508,1.08446086,-0.01684697,-0.01094653,-0.25831846,9.70528863,-0.36138197,-0.74124195,2.87530753,4
117.37894101,31.96328021,41.14299158,12.64791242,154.57350002,41.14099158,22.24720238,-2.49006397,-0.61908080,2.96902609,2.76302778,1.08600000,-0.01499663,0.04197980,-0.23427608,9.92170793,-0.02115059,-0.71580389,2.70138977,4
117.37894142,31.96328104,41.13992367,12.74050646,154.61127574,41.13792367,22.14396986,-2.51338010,-0.64853275,2.97853662,2.77315188,1.08600000,-0.01376947,0.03461681,-0.33490357,9.81525141,-0.44053408,-0.64432155,2.47896620,4
117.37894183,31.96328187,41.13685576,12.83316709,154.64888980,41.13485576,22.04659022,-2.53669622,-0.67798470,2.98804714,2.78327599,1.08600000,-0.01254230,0.02725382,-0.43553106,9.70879488,-0.85991757,-0.57283922,2.25654262,4
117.37894223,31.96328271,41.13378785,12.92589056,154.68635119,41.13178785,21.95329967,-2.56001235,-0.70743665,2.99755767,2.79340010,1.08600000,-0.01131514,0.01989084,-0.53615856,9.60233836,-1.27930105,-0.50135688,2.03411905,4
117.37894262,31.96328354,41.13028228,13.01867526,154.72366414,41.12828228,21.86147785,-2.54267294,-0.71500000,3.00996496,2.80596496,1.08803829,-0.01100000,0.04902726,-0.49496300,9.56050551,-0.47973572,-0.19560150,1.80601035,4
117.37894302,31.96328438,41.12662549,13.11152097,154.76082919,41.12462549,21.76931028,-2.51128548,-0.71500000,3.02337319,2.81937319,1.09078088,-0.01100000,0.09077563,-0.40476215,9.54100263,0.74102313,0.19110418,1.57593723,4
117.37894340,31.96328522,41.12296870,13.20442819,154.79784462,41.12096870,21.67685892,-2.47989802,-0.71500000,3.03678143,2.83278143,1.09352347,-0.01100000,0.13252400,-0.31456129,9.52149974,1.96178198,0.57780987,1.34586411,4
117.37894379,31.96328606,41.11959103,13.29739644,154.83471108,41.11759103,21.58621325,-2.41889908,-0.69020204,3.04822692,2.84422692,1.09570449,-0.01212718,0.14076935,-0.25317833,9.63992121,2.37961515,0.77655987,1.23439898,4
117.37894416,31.96328690,41.11653886,13.39042336,154.87143356,41.11453886,21.50002155,-2.32336637,-0.63648397,3.05738342,2.85338342,1.09723057,-0.01456891,0.10994250,-0.22540364,9.91919416,1.86105260,0.75611037,1.26125802,4
117.37894454,31.96328774,41.11348670,13.48350483,154.90802121,41.11148670,21.42012883,-2.22783366,-0.58276589,3.06653991,2.86253991,1.09875665,-0.01701064,0.07911565,-0.19762895,10.19846711,1.34249004,0.73566088,1.28811706,4
117.37894492,31.96328859,41.11009526,13.57663582,154.94448490,41.10809526,21.34693122,-2.14474117,-0.53764288,3.07524402,2.87135712,1.10005655,-0.01905655,0.05490474,-0.16244668,10.41768766,0.81838592,0.65515899,1.33001746,4
117.37894530,31.96328943,41.10521179,13.66981142,154.98083497,41.10321179,21.27993909,-2.11635606,-0.53031769,3.08195878,2.87868231,1.10036176,-0.01936176,0.05978821,-0.09468865,10.37282086,0.26991217,0.31056975,1.43806405,4
117.37894568,31.96329027,41.10032833,13.76302720,155.01708069,41.09832833,21.21872992,-2.08797094,-0.52299250,3.08867354,2.88600750,1.10066698,-0.01966698,0.06467167,-0.02693062,10.32795406,-0.27856159,-0.03401950,1.54611063,4
117.37894606,31.96329111,41.09544487,13.85627891,155.05323108,41.09344487,21.16307132,-2.05958582,-0.51566731,3.09538830,2.89333269,1.10097220,-0.01997220,0.06955513,0.04082741,10.28308726,-0.82703535,-0.37860874,1.65415721,4
117.37894643,31.96329196,41.09164099,13.94956267,155.08929475,41.08964099,21.11234440,-2.14069541,-0.51527992,3.09879918,2.89707910,1.10016025,-0.02055984,0.03557012,-0.11339287,9.99824249,-0.89519465,-0.24540836,1.55147306,4
117.37894680,31.96329280,41.08794531,14.04287545,155.12527888,41.08594531,21.06557793,-2.23277945,-0.51558789,3.10187891,2.90046680,1.09923633,-0.02117578,-0.00231061,-0.28986163,9.68934518,-0.91521292,-0.06432001,1.42766776,4
117.37894716,31.96329364,41.08424963,14.13621518,155.16118916,41.08224963,21.02217687,-2.32486350,-0.51589586,3.10495865,2.90385451,1.09831241,-0.02179173,-0.04019134,-0.46633038,9.38044787,-0.93523120,0.11676835,1.30386246,4
117.37894754,31.96329449,41.08116015,14.22958011,155.19703101,41.07916015,20.98257910,-2.32267834,-0.51068489,3.10988412,2.90908855,1.09820443,-0.02220443,-0.05034244,-0.46119653,9.27947527,-0.44156181,0.14754032,1.20823560,4
117.37894791,31.96329533,41.07838038,14.32296766,155.23281157,41.07638038,20.94794947,-2.27233352,-0.50265443,3.11575254,2.91526583,1.09851329,-0.02251329,-0.04632721,-0.36328665,9.28472595,0.31453714,0.10151959,1.12700438,4
117.37894829,31.96329618,41.07560060,14.41637437,155.26853998,41.07360060,20.91946081,-2.22198869,-0.49462396,3.12162095,2.92144311,1.09882216,-0.02282216,-0.04231198,-0.26537678,9.28997664,1.07063610,0.05549887,1.04577316,4
117.37894867,31.96329702,41.07216446,14.50979606,155.30422712,41.07016446,20.89768576,-2.17648015,-0.49734216,3.12670443,2.92696665,1.09886889,-0.02247556,-0.04026222,-0.21607994,9.44443199,1.22608026,-0.05163262,1.02561532,4
117.37894905,31.96329786,41.06783737,14.60322863,155.33988403,41.06583737,20.88192394,-2.13753634,-0.51465052,3.13072244,2.93160282,1.09855981,-0.02123925,-0.04088038,-0.23277014,9.80141689,0.56619909,-0.24171549,1.08835812,4
117.37894942,31.96329870,41.06351028,14.69666901,155.37551942,41.06151028,20.86941149,-2.09859253,-0.53195887,3.13474045,2.93623898,1.09825073,-0.02000294,-0.04149853,-0.24946034,10.15840179,-0.09368209,-0.43179835,1.15110092,4
117.37894980,31.96329954,41.05913142,14.79011654,155.41113529,41.05713142,20.85625773,-2.06775277,-0.54721601,3.13973716,2.94173716,1.09823162,-0.01894209,-0.03244563,-0.28656744,10.41030368,-0.57844871,-0.51460282,1.19962588,4
117.37895018,31.96330038,41.05453007,14.88357269,155.44672754,41.05253007,20.83955097,-2.07174060,-0.55365790,3.14893985,2.95093985,1.09945865,-0.01863534,0.01816919,-0.41141733,10.21060520,-0.31065030,-0.13637207,1.18704887,4
117.37895055,31.96330122,41.04992873,14.97704008,155.48228857,41.04792873,20.81900879,-2.07572844,-0.56009978,3.15814255,2.96014255,1.10068567,-0.01832858,0.06878401,-0.53626722,10.01090673,-0.04285188,0.24185868,1.17447185,4
117.37895092,31.96330207,41.04532738,15.07052049,155.51781333,41.04332738,20.79629236,-2.07971627,-0.56654167,3.16734524,2.96934524,1.10191270,-0.01802183,0.11939883,-0.66111711,9.81120826,0.22494653,0.62008943,1.16189484,4
117.37895129,31.96330292,41.04187702,15.16401474,155.55329974,41.03987702,20.77269098,-2.07829656,-0.51901972,3.17538158,2.97738158,1.10313563,-0.02083907,0.09262195,-0.51470288,9.73482437,-0.19605582,0.75942716,1.15021153,4
117.37895166,31.96330377,41.03851483,15.25752329,155.58874705,41.03651483,20.74782361,-2.07646264,-0.46736423,3.18332858,2.98532858,1.10435824,-0.02389561,0.05991700,-0.34751025,9.66788619,-0.66981922,0.88046607,1.13859669,4
117.37895202,31.96330462,41.03515264,15.35104758,155.62415202,41.03315264,20.72017029,-2.07462871,-0.41570873,3.19127558,2.99327558,1.10558086,-0.02695215,0.02721204,-0.18031762,9.60094800,-1.14358262,1.00150498,1.12698185,4
117.37895239,31.96330547,41.03198189,15.44458992,155.65950891,41.02998189,20.68884358,-2.09599736,-0.38044247,3.19460543,2.99700905,1.10499095,-0.02900905,-0.06573331,-0.22975784,9.59313580,-1.15444020,0.74189851,1.10604791,4
117.37895276,31.96330631,41.02891102,15.53815262,155.69481149,41.02691102,20.65439378,-2.12946991,-0.35372585,3.19552669,2.99854449,1.10345551,-0.03054449,-0.19010379,-0.39220717,9.61616737,-0.92381741,0.28372381,1.08025255,4
117.37895312,31.96330715,41.02584014,15.63173707,155.73005574,41.02384014,20.61841357,-2.16294246,-0.32700923,3.19644796,3.00007993,1.10192007,-0.03207993,-0.31447427,-0.55465651,9.63919894,-0.69319463,-0.17445089,1.05445719,4
117.37895349,31.96330800,41.02238558,15.72534350,155.76524058,41.02038558,20.58253070,-2.17927442,-0.32776510,3.19737256,3.00162093,1.10037907,-0.03213070,-0.33435819,-0.58158658,9.67783718,-0.47105032,-0.41373120,1.06371300,4
117.37895385,31.96330884,41.01835736,15.81897129,155.80036731,41.01635736,20.54828478,-2.16997852,-0.36959666,3.19830215,3.00317025,1.09882975,-0.02996165,-0.19801829,-0.40589403,9.73980987,-0.26158265,-0.32572999,1.12537582,4
117.37895422,31.96330969,41.01432913,15.91261880,155.83543989,41.01232913,20.51710668,-2.16068262,-0.41142822,3.19923174,3.00471956,1.09728044,-0.02779261,-0.06167840,-0.23020148,9.80178255,-0.05211499,-0.23772878,1.18703863,4
117.37895458,31.96331054,41.01035490,16.00628366,155.87046429,41.00835490,20.48922528,-2.15455898,-0.44390344,3.20075261,3.00686013,1.09594624,-0.02605376,0.04906471,-0.10532055,9.88014783,0.00337733,-0.14360429,1.24402090,4
117.37895496,31.96331138,41.00663779,16.09996417,155.90544530,41.00463779,20.46342943,-2.16354200,-0.43182282,3.20508924,3.01181628,1.09563648,-0.02636352,0.03791337,-0.22240957,10.03657628,-0.67437604,-0.02032008,1.27871395,4
117.37895533,31.96331222,41.00292068,16.19365990,155.94038511,41.00092068,20.43814978,-2.17252502,-0.41974221,3.20942587,3.01677243,1.09532672,-0.02667328,0.02676204,-0.33949859,10.19300473,-1.35212940,0.10296412,1.31340699,4
117.37895571,31.96331306,40.99920357,16.28737164,155.97528359,40.99720357,20.41376394,-2.18150804,-0.40766160,3.21376250,3.02172858,1.09501696,-0.02698304,0.01561070,-0.45658761,10.34943318,-2.02988277,0.22624833,1.34810003,4
117.37895609,31.96331391,40.99375641,16.38109876,156.01014426,40.99175641,20.39256057,-2.26648001,-0.39447365,3.22040883,3.02870014,1.09500000,-0.02845655,0.02432193,-0.47814814,9.99153153,-1.90648797,0.28689242,1.36806124,4
117.37895647,31.96331475,40.98820902,16.47483875,156.04497427,40.98620902,20.37609259,-2.35585464,-0.38122155,3.22718897,3.03578847,1.09500000,-0.02999749,0.03418396,-0.49417393,9.60383058,-1.73667619,0.34390727,1.38716892,4
117.37895685,31.96331559,40.98266163,16.56858801,156.07978185,40.98066163,20.36369986,-2.44522926,-0.36796945,3.23396912,3.04287680,1.09500000,-0.03153844,0.04404599,-0.51019973,9.21612962,-1.56686441,0.40092211,1.40627660,4
117.37895722,31.96331643,40.97817931,16.66234394,156.11457164,40.97617931,20.35311682,-2.46700956,-0.33861382,3.23838673,3.04782069,1.09434907,-0.03308488,0.04244351,-0.46118999,9.26793931,-0.95207974,0.56706242,1.41937718,4
117.37895759,31.96331727,40.97415244,16.75610551,156.14934437,40.97215244,20.34297963,-2.45988509,-0.30237199,3.24179409,3.05184756,1.09341979,-0.03463368,0.03593856,-0.38436968,9.50769302,-0.14701530,0.77986706,1.42990900,4
117.37895796,31.96331811,40.97012557,16.84987215,156.18410039,40.96812557,20.33323676,-2.45276063,-0.26613015,3.24520144,3.05587443,1.09249052,-0.03618247,0.02943362,-0.30754937,9.74744672,0.65804914,0.99267170,1.44044081,4
117.37895834,31.96331896,40.96565739,16.94364343,156.21884046,40.96365739,20.32428492,-2.46012741,-0.22093842,3.24831772,3.05961055,1.09141435,-0.03846413,-0.00108647,-0.33566786,9.92114510,0.59266169,1.05258402,1.44834261,4
117.37895871,31.96331981,40.96069583,17.03741864,156.25356633,40.95869583,20.31647478,-2.48369481,-0.16574111,3.25110860,3.06302162,1.09017396,-0.04156511,-0.05845446,-0.48110348,10.02099642,-0.44585405,0.94156920,1.45330417,4
117.37895908,31.96332065,40.95573427,17.13119714,156.28828000,40.95373427,20.30996031,-2.50726220,-0.11054380,3.25389947,3.06643269,1.08893357,-0.04466608,-0.11582246,-0.62653910,10.12084774,-1.48436980,0.83055438,1.45826573,4
117.37895945,31.96332150,40.95052385,17.22497821,156.32298379,40.94852385,20.30518159,-2.53642075,-0.05843387,3.25576692,3.06900000,1.08730077,-0.04769923,-0.14493772,-0.70911851,10.12180398,-2.13695332,0.82306063,1.46363154,4
117.37895982,31.96332234,40.94455619,17.31876079,156.35768118,40.94255619,20.30290381,-2.58259161,-0.01571797,3.25482466,3.06900000,1.08447398,-0.05052602,-0.08808788,-0.60044424,9.82185044,-1.61525400,1.13055228,1.47022737,4
117.37896019,31.96332319,40.93858852,17.41254345,156.39237709,40.93658852,20.30381298,-2.62876247,0.02699793,3.25388240,3.06900000,1.08164720,-0.05335280,-0.03123805,-0.49176997,9.52189689,-1.09355469,1.43804392,1.47682321,4
117.37896056,31.96332403,40.93278155,17.50632450,156.42707730,40.93078155,20.30730572,-2.67277452,0.07186558,3.25309930,3.06913902,1.07892056,-0.05627803,0.01727343,-0.39361443,9.24838774,-0.60325236,1.70415453,1.47934585,4
117.37896093,31.96332488,40.92934305,17.60010331,156.46178477,40.92734305,20.31079729,-2.68496555,0.14845027,3.25466225,3.07132715,1.07767020,-0.06065430,-0.05712311,-0.45050591,9.36467142,-0.57574439,1.36030493,1.42182919,4
117.37896130,31.96332572,40.92590455,17.69388112,156.49649678,40.92390455,20.31094633,-2.69715658,0.22503495,3.25622520,3.07351528,1.07641984,-0.06503057,-0.13151966,-0.50739739,9.48095511,-0.54823643,1.01645533,1.36431253,4
117.37896167,31.96332657,40.92246606,17.78766099,156.53120520,40.92046606,20.30578412,-2.70934761,0.30161963,3.25778816,3.07570342,1.07516948,-0.06940684,-0.20591621,-0.56428887,9.59723879,-0.52072846,0.67260573,1.30679587,4
117.37896204,31.96332741,40.91814924,17.88144638,156.56590080,40.91614924,20.29564438,-2.69779739,0.28174401,3.25029848,3.06939869,1.07032407,-0.06807462,-0.24873148,-0.53899347,9.72742265,-0.39597605,0.09239439,1.32100436,4
117.37896241,31.96332826,40.91369470,17.97524012,156.60057662,40.91169470,20.28181330,-2.68252470,0.24674410,3.24138941,3.06176235,1.06491500,-0.06584735,-0.28659502,-0.50081174,9.85978595,-0.25597639,-0.52487680,1.34645884,4
117.37896279,31.96332910,40.90924017,18.06904443,156.63522774,40.90724017,20.26504296,-2.66725201,0.21174419,3.23248034,3.05412600,1.05950592,-0.06362008,-0.32445856,-0.46263002,9.99214926,-0.11597674,-1.14214800,1.37191332,4
117.37896316,31.96332995,40.90431132,18.16286127,156.66984969,40.90231132,20.24547029,-2.66276946,0.13306777,3.22585023,3.04854186,1.05500295,-0.05931132,-0.28243629,-0.50156665,9.86923400,0.01175889,-1.38639037,1.28401646,4
117.37896353,31.96333079,40.89919947,18.25669239,156.70443788,40.89719947,20.22328009,-2.66244997,0.03754005,3.22009940,3.04374950,1.05084957,-0.05419947,-0.20959241,-0.57025715,9.64782694,0.13476281,-1.48671045,1.15238629,4
117.37896391,31.96333164,40.89408762,18.35053910,156.73898828,40.89208762,20.19902102,-2.66213048,-0.05798767,3.21434857,3.03895714,1.04669619,-0.04908762,-0.13674853,-0.63894765,9.42641989,0.25776673,-1.58703053,1.02075612,4
117.37896428,31.96333248,40.88953266,18.44440220,156.77349800,40.88753266,20.17265559,-2.63485928,-0.13495905,3.21332857,3.03870816,1.04443061,-0.04472246,-0.05082061,-0.60455737,9.36636724,0.28636334,-1.43801497,0.96415307,4
117.37896465,31.96333332,40.88536213,18.53828299,156.80796287,40.88336213,20.14325543,-2.58898344,-0.19912106,3.21557424,3.04159545,1.04346818,-0.04087274,0.04413917,-0.49901085,9.41769685,0.24979099,-1.11688409,0.95934092,4
117.37896502,31.96333417,40.88119160,18.63218351,156.84237699,40.87919160,20.11037956,-2.54310760,-0.26328308,3.21781991,3.04448274,1.04250575,-0.03702302,0.13909895,-0.39346434,9.46902646,0.21321865,-0.79575320,0.95452877,4
117.37896538,31.96333501,40.87690043,18.72610603,156.87673492,40.87490043,20.07519025,-2.51480086,-0.30359865,3.22364905,3.05064905,1.04274985,-0.03440012,0.18015182,-0.37084326,9.66606511,0.12291458,-0.55741428,0.98934234,4
117.37896575,31.96333586,40.87247566,18.82005193,156.91103484,40.87047566,20.03973042,-2.50595132,-0.31750507,3.23344676,3.06044676,1.04433012,-0.03313590,0.16150456,-0.44005934,10.02447166,-0.02689556,-0.41076468,1.06804007,4
117.37896611,31.96333671,40.86805089,18.91402166,156.94527822,40.86605089,20.00470015,-2.49710177,-0.33141150,3.24324447,3.07024447,1.04591040,-0.03187168,0.14285731,-0.50927542,10.38287820,-0.17670570,-0.26411509,1.14673781,4
117.37896647,31.96333755,40.86320063,19.00801570,156.97946552,40.86120063,19.96928750,-2.49929711,-0.33860084,3.24950017,3.07680007,1.04610031,-0.03129990,0.11740439,-0.55550052,10.51474013,-0.43484609,-0.09852245,1.22709092,4
117.37896683,31.96333840,40.85740552,19.10203477,157.01359529,40.85540552,19.93280270,-2.52601900,-0.33087402,3.24789042,3.07615617,1.04320276,-0.03226575,0.07683862,-0.55067126,10.14353121,-0.93354741,0.10913562,1.31112000,4
117.37896718,31.96333925,40.85161041,19.19607952,157.04766548,40.84961041,19.89591405,-2.55274089,-0.32314721,3.24628067,3.07551227,1.04030520,-0.03323160,0.03627286,-0.54584201,9.77232228,-1.43224873,0.31679369,1.39514908,4
117.37896752,31.96334010,40.84621410,19.29014979,157.08167680,40.84421410,19.85985975,-2.58068018,-0.31018884,3.24513098,3.07526197,1.03754156,-0.03439295,-0.00569280,-0.53931483,9.47948869,-1.71930103,0.49215125,1.45702261,4
117.37896786,31.96334096,40.84236975,19.38424516,157.11563143,40.84036975,19.82436960,-2.61335709,-0.27687120,3.24577171,3.07654342,1.03529902,-0.03631512,-0.05310636,-0.52617999,9.49166245,-1.18269486,0.54180734,1.43267511,4
117.37896819,31.96334182,40.83852541,19.47836607,157.14952928,40.83652541,19.78721055,-2.64603400,-0.24355357,3.24641243,3.07782486,1.03305649,-0.03823729,-0.10051992,-0.51304516,9.50383620,-0.64608869,0.59146343,1.40832761,4
117.37896853,31.96334267,40.83465168,19.57251451,157.18336510,40.83265168,19.74536747,-2.67570526,-0.21262488,3.24633015,3.07843732,1.03059809,-0.03997321,-0.14710812,-0.50298276,9.53967737,-0.16672720,0.60289110,1.38275791,4
117.37896887,31.96334352,40.83045304,19.66669387,157.21712868,40.82845304,19.69674231,-2.67215258,-0.20810328,3.23825586,3.07165492,1.02575351,-0.03965023,-0.18457283,-0.52688267,9.83713428,-0.32013875,0.19174816,1.34367834,4
117.37896921,31.96334438,40.82625441,19.76090815,157.25080770,40.82425441,19.64087504,-2.66859989,-0.20358168,3.23018156,3.06487251,1.02090894,-0.03932726,-0.22203754,-0.55078257,10.13459119,-0.47355029,-0.21939478,1.30459877,4
117.37896956,31.96334523,40.82205578,19.85516151,157.28439052,40.82005578,19.57828622,-2.66504720,-0.19906007,3.22210727,3.05809011,1.01606436,-0.03900429,-0.25950226,-0.57468248,10.43204810,-0.62696183,-0.63053772,1.26551920,4
117.37896990,31.96334608,40.81592650,19.94945799,157.31786677,40.81392650,19.50995684,-2.71230935,-0.26101361,3.21912308,3.05576240,1.01312308,-0.03580342,-0.15802917,-0.55965643,10.27041727,-1.10049523,-0.62577095,1.27714700,4
117.37897024,31.96334693,40.80977123,20.04380076,157.35122808,40.80777123,19.43668669,-2.76025570,-0.32386220,3.21620742,3.05349466,1.01020742,-0.03256380,-0.05468535,-0.54410626,10.10260505,-1.57833890,-0.61540417,1.28945754,4
117.37897059,31.96334778,40.80361595,20.13819206,157.38446640,40.80161595,19.35885433,-2.80820205,-0.38671079,3.21329177,3.05122693,1.00729177,-0.02932419,0.04865847,-0.52855609,9.93479283,-2.05618257,-0.60503740,1.30176809,4
117.37897093,31.96334864,40.79833092,20.23263316,157.41757408,40.79633092,19.27659389,-2.88303620,-0.39445909,3.21416727,3.05275091,1.00554091,-0.02958364,0.08847357,-0.53108545,9.54213905,-2.07160826,-0.27570531,1.26185373,4
117.37897128,31.96334949,40.79314265,20.32712561,157.45054335,40.79114265,19.19012242,-2.96086019,-0.39608042,3.21546434,3.05469650,1.00391958,-0.03023217,0.12122449,-0.53562518,9.12448367,-2.03561466,0.08909462,1.21613214,4
117.37897164,31.96335034,40.78795439,20.42167194,157.48336781,40.78595439,19.09979977,-3.03868417,-0.39770175,3.21676140,3.05664210,1.00229825,-0.03088070,0.15397542,-0.54016491,8.70682829,-1.99962107,0.45389455,1.17041055,4
117.37897199,31.96335119,40.78386963,20.51627581,157.51604174,40.78186963,19.00525456,-3.07647774,-0.37165276,3.22169555,3.06221728,1.00095654,-0.03204346,0.11617488,-0.55978219,8.91564586,-1.38414390,0.47847920,1.53999164,4
117.37897233,31.96335204,40.78003363,20.61094126,157.54855788,40.77803363,18.90555033,-3.10524777,-0.33936639,3.22744955,3.06861062,0.99967788,-0.03332212,0.06247083,-0.58279822,9.26568121,-0.63804116,0.42637348,2.00318910,4
117.37897268,31.96335289,40.77619763,20.70567145,157.58090686,40.77419763,18.80005153,-3.13401780,-0.30708003,3.23320356,3.07500396,0.99839921,-0.03460079,0.00876678,-0.60581424,9.61571655,0.10806158,0.37426776,2.46638656,4
117.37897303,31.96335375,40.77167809,20.80046825,157.61307832,40.76967809,18.68955517,-3.13236989,-0.30142921,3.23123517,3.07478539,0.99268495,-0.03455708,-0.06447245,-0.57490878,9.91014105,-0.16614475,0.15514210,2.92458819,4
117.37897337,31.96335460,40.76684828,20.89533231,157.64506498,40.76484828,18.57618798,-3.11691451,-0.30786896,3.22576139,3.07156552,0.98495725,-0.03391310,-0.14657919,-0.51952698,10.17932237,-0.90349548,-0.13979819,3.38052209,4
117.37897371,31.96335545,40.76201847,20.99026414,157.67686389,40.76001847,18.46200953,-3.10145912,-0.31430870,3.22028760,3.06834565,0.97722956,-0.03326913,-0.22868593,-0.46414518,10.44850368,-1.64084620,-0.43473848,3.83645599,4
117.37897404,31.96335631,40.75699522,21.08526434,157.70847535,40.75499522,18.34788598,-3.12598675,-0.33822123,3.21405623,3.06455862,0.96836605,-0.03224881,-0.25605146,-0.47367693,10.28230708,-1.78185937,-0.50729441,4.11376289,4
117.37897437,31.96335717,40.75183309,21.18033409,157.73989980,40.74983309,18.23310656,-3.17922128,-0.37467882,3.20728093,3.06036438,0.95868704,-0.03095827,-0.24411402,-0.52981517,9.80351888,-1.49471550,-0.42018335,4.26281959,4
117.37897469,31.96335803,40.74667095,21.27547537,157.77113536,40.74467095,18.11618961,-3.23245582,-0.41113641,3.20050562,3.05617015,0.94900803,-0.02966774,-0.23217657,-0.58595341,9.32473067,-1.20757163,-0.33307229,4.41187630,4
117.37897502,31.96335888,40.74192936,21.37069102,157.80217758,40.73992936,17.99513635,-3.24534625,-0.42203601,3.19174376,3.05033656,0.93794737,-0.02915928,-0.21787673,-0.61388504,9.15122442,-0.53385428,-0.15946115,4.75117466,4
117.37897534,31.96335974,40.73763867,21.46598457,157.83301767,40.73563867,17.86745158,-3.21498134,-0.40553334,3.18085200,3.04274534,0.92540534,-0.02948933,-0.20104400,-0.61157467,9.30502930,0.55433175,0.10689194,5.29444254,4
117.37897567,31.96336060,40.73334797,21.56135966,157.86364227,40.73134797,17.73091814,-3.18461643,-0.38903067,3.16996024,3.03515411,0.91286331,-0.02981939,-0.18421128,-0.60926429,9.45883418,1.64251777,0.37324502,5.83771042,4
117.37897600,31.96336146,40.72814878,21.65681983,157.89403446,40.72614878,17.58434175,-3.12253052,-0.37504788,3.16009833,3.02904916,0.89894698,-0.03000000,-0.20996498,-0.57348521,9.68736184,2.07352954,0.32436662,6.49395377,4
117.37897632,31.96336232,40.72185157,21.75236845,157.92417638,40.71985157,17.42784086,-3.02210659,-0.36411062,3.15148109,3.02474055,0.88336967,-0.03000000,-0.28718866,-0.49725583,10.00619953,1.71027995,-0.10550083,7.28673938,4
117.37897665,31.96336318,40.71555436,21.84800849,157.95405140,40.71355436,17.26234294,-2.92168266,-0.35317336,3.14286386,3.02043193,0.86779236,-0.03000000,-0.36441234,-0.42102644,10.32503722,1.34703036,-0.53536827,8.07952498,4
117.37897697,31.96336403,40.70891395,21.94374230,157.98364475,40.70691395,17.08902474,-2.85471317,-0.36051983,3.13094617,3.01329745,0.84959490,-0.02941218,-0.39991749,-0.39842670,10.35363665,1.00974076,-0.67307434,8.81517818,4
117.37897729,31.96336489,40.70182881,22.03957160,158.01294374,40.69982881,16.90874932,-2.83109602,-0.39155951,3.11475156,3.00250104,0.82800208,-0.02806263,-0.38136116,-0.44532361,10.00612722,0.70609175,-0.43217945,9.47679565,4
117.37897760,31.96336575,40.69474366,22.13549797,158.04193656,40.69274366,16.72109426,-2.80747888,-0.42259919,3.09855695,2.99170463,0.80640926,-0.02671308,-0.36280483,-0.49222051,9.65861779,0.40244273,-0.19128457,10.13841311,4
117.37897790,31.96336662,40.68876869,22.23152379,158.07060920,40.68676869,16.52401508,-2.76423974,-0.41015229,3.08505923,2.98360931,0.78432157,-0.02759380,-0.36335967,-0.51413117,9.43388006,0.60936999,0.14319349,10.65455169,4
117.37897820,31.96336748,40.68403749,22.32765210,158.09894282,40.68203749,16.31497289,-2.69901687,-0.34898474,3.07458302,2.97854017,0.76167943,-0.03097322,-0.38532592,-0.50804821,9.34669095,1.38832698,0.58251847,11.00770139,4
117.37897850,31.96336835,40.67930630,22.42388615,158.12691446,40.67730630,16.09309471,-2.63379401,-0.28781718,3.06410681,2.97347104,0.73903730,-0.03435264,-0.40729217,-0.50196524,9.25950184,2.16728398,1.02184346,11.36085109,4
117.37897879,31.96336922,40.67437751,22.52022781,158.15450180,40.67237751,15.86039637,-2.54395555,-0.23299893,3.05008353,2.96488086,0.71523721,-0.03687416,-0.45139304,-0.44305354,9.39025918,2.39069959,0.97007950,11.66045302,4
117.37897908,31.96337009,40.66926078,22.61667764,158.18168852,40.66726078,15.62099196,-2.43070533,-0.18421946,3.03268666,2.95294183,0.69033581,-0.03857974,-0.51654603,-0.33389670,9.72830427,2.08574266,0.45124339,11.90912595,4
117.37897936,31.96337096,40.66414406,22.71323549,158.20846675,40.66214406,15.37818520,-2.31745511,-0.13544000,3.01528979,2.94100280,0.66543441,-0.04028531,-0.58169902,-0.22473986,10.06634937,1.78078574,-0.06759272,12.15779888,4
117.37897964,31.96337182,40.65737528,22.80990193,158.23483221,40.65537528,15.13197010,-2.24285488,-0.13108600,2.99312045,2.92413658,0.63871293,-0.03999463,-0.62749890,-0.18965697,10.23574835,1.32001984,-0.34894184,12.46106422,4
117.37897992,31.96337269,40.64941494,22.90667832,158.26077745,40.64741494,14.87953291,-2.19613118,-0.15877411,2.96750894,2.90371659,0.61067871,-0.03826412,-0.65934023,-0.20800035,10.28351035,0.74687584,-0.45900210,12.80370466,4
117.37898020,31.96337356,40.64145461,23.00356631,158.28628825,40.63945461,14.61782433,-2.14940749,-0.18646223,2.94189744,2.88329660,0.58264449,-0.03653361,-0.69118157,-0.22634373,10.33127235,0.17373183,-0.56906237,13.14634510,4
117.37898047,31.96337443,40.63368397,23.10056704,158.31134609,40.63168397,14.34529848,-2.14273241,-0.19258362,2.92095155,2.86733448,0.55515224,-0.03624164,-0.69181776,-0.25447232,10.13988288,0.05547637,-0.46454149,13.43878609,4
117.37898073,31.96337531,40.62599789,23.19768071,158.33593086,40.62399789,14.06157488,-2.15391215,-0.18908995,2.90208574,2.85335981,0.52790162,-0.03659100,-0.67854182,-0.28696345,9.84187287,0.14002317,-0.26435423,13.70884674,4
117.37898100,31.96337618,40.61831182,23.29490668,158.36002230,40.61631182,13.76646890,-2.16509190,-0.18559628,2.88321992,2.83938513,0.50065100,-0.03694037,-0.66526587,-0.31945458,9.54386287,0.22456997,-0.06416697,13.97890739,4
117.37898126,31.96337705,40.61202364,23.39224379,158.38359942,40.61002364,13.45915257,-2.13509273,-0.17182727,2.86594909,2.82646182,0.47258182,-0.03700000,-0.63928909,-0.22313092,9.69381089,0.28144545,0.07889453,14.38329814,4
117.37898151,31.96337792,40.60602314,23.48969037,158.40663888,40.60402314,13.13804271,-2.09661895,-0.15594360,2.84900651,2.81375488,0.44434418,-0.03700000,-0.61069848,-0.10029719,9.93594865,0.33262617,0.21019956,14.81533404,4
117.37898176,31.96337880,40.60002264,23.58724392,158.42911388,40.59802264,12.80121493,-2.05814516,-0.14005993,2.83206392,2.80104794,0.41610654,-0.03700000,-0.58210787,0.02253655,10.17808641,0.38380690,0.34150459,15.24736993,4
117.37898200,31.96337968,40.59349390,23.68490132,158.45099408,40.59149390,12.44770276,-2.09395477,-0.08349965,2.82343934,2.79620603,0.38860589,-0.03973941,-0.63781550,-0.15540413,10.28378247,-0.26455553,0.49917370,15.59142636,4
117.37898223,31.96338056,40.58696316,23.78266001,158.47224949,40.58496316,12.07948062,-2.13004571,-0.02678532,2.81484626,2.79139391,0.36110803,-0.04248920,-0.69384238,-0.33448394,10.38896177,-0.91556733,0.65694266,15.93514959,4
117.37898245,31.96338145,40.58036569,23.88052002,158.49285782,40.57836569,11.70046189,-2.16683606,0.02865483,2.80506687,2.78533872,0.33337215,-0.04518123,-0.74690293,-0.49090179,10.44929749,-1.48985315,0.78197075,16.26902603,4
117.37898266,31.96338233,40.57306720,23.97848396,158.51280432,40.57106720,11.31303964,-2.21097456,0.07070804,2.78282384,2.76622362,0.30313554,-0.04726651,-0.76879840,-0.40922818,10.03849662,-1.25803913,0.56301597,16.49944986,4
117.37898287,31.96338321,40.56576871,24.07655577,158.53207603,40.56376871,10.91526338,-2.25511306,0.11276126,2.76058082,2.74710852,0.27289893,-0.04935180,-0.79069388,-0.32755457,9.62769576,-1.02622510,0.34406119,16.72987370,4
117.37898307,31.96338410,40.55907524,24.17473796,158.55065111,40.55707524,10.50272345,-2.29810944,0.15951573,2.74179070,2.73121751,0.24323803,-0.05156908,-0.81276607,-0.27495075,9.33814090,-0.87515321,0.26454309,16.90204104,4
117.37898326,31.96338498,40.55466328,24.27303073,158.56850017,40.55266328,10.07386909,-2.33679895,0.22399824,2.73602121,2.72748431,0.21574812,-0.05428414,-0.83550464,-0.33196687,9.50579544,-1.02855372,0.71082995,16.85452761,4
117.37898345,31.96338586,40.55025132,24.37143151,158.58559502,40.54825132,9.63282736,-2.37548845,0.28848076,2.73025172,2.72375111,0.18825820,-0.05699919,-0.85824321,-0.38898299,9.67344997,-1.18195422,1.15711682,16.80701418,4
117.37898363,31.96338675,40.54572872,24.46993769,158.60192055,40.54372872,9.18695459,-2.40708740,0.35788421,2.72046084,2.71582407,0.16055392,-0.05990806,-0.88535187,-0.44852553,9.78256187,-1.20619188,1.40727133,16.79824289,4
117.37898380,31.96338765,40.54089619,24.56854761,158.61747481,40.53889619,8.74096731,-2.41882353,0.44107270,2.69940484,2.69614878,0.13224912,-0.06335986,-0.92470244,-0.51514536,9.72767818,-0.86860540,1.10799988,16.89800004,4
117.37898397,31.96338854,40.53606367,24.66726131,158.63225971,40.53406367,8.29381181,-2.43055967,0.52426119,2.67834883,2.67647350,0.10394433,-0.06681167,-0.96405301,-0.58176518,9.67279449,-0.53101892,0.80872843,16.99775719,4
117.37898413,31.96338944,40.53128530,24.76607789,158.64626957,40.52928530,7.84102576,-2.43003891,0.59475936,2.66255043,2.66167291,0.07620173,-0.06973487,-1.01055618,-0.56790493,9.68037750,-0.35509076,0.56866141,17.08108644,4
117.37898427,31.96339033,40.52660075,24.86499466,158.65949006,40.52460075,7.37939271,-2.40828922,0.64327790,2.65585822,2.65531531,0.04943288,-0.07174253,-1.06944766,-0.41465324,9.79615279,-0.45915468,0.43113642,17.13596259,4
117.37898441,31.96339122,40.52191620,24.96400643,158.67190361,40.51991620,6.90949281,-2.38653952,0.69179645,2.64916601,2.64895771,0.02266403,-0.07375020,-1.12833914,-0.26140155,9.91192808,-0.56321860,0.29361144,17.19083875,4
117.37898455,31.96339212,40.51757861,25.06310762,158.68349767,40.51557861,6.43482620,-2.38062379,0.72691024,2.63711777,2.63698855,-0.00394970,-0.07512922,-1.13398795,-0.23732771,9.92107139,-0.55861055,0.18344880,17.21530874,4
117.37898468,31.96339301,40.51381320,25.16229324,158.69426709,40.51181320,5.95858766,-2.40082011,0.73991804,2.61623684,2.61576531,-0.03030760,-0.07547153,-1.05183346,-0.42628304,9.75436623,-0.37478987,0.11840982,17.18963546,4
117.37898481,31.96339390,40.51004779,25.26155934,158.70421078,40.50804779,5.48125852,-2.42101642,0.75292583,2.59535590,2.59454207,-0.05666550,-0.07581384,-0.96967897,-0.61523837,9.58766107,-0.19096919,0.05337085,17.16396218,4
117.37898492,31.96339480,40.50587237,25.36090099,158.71332528,40.50387237,5.00076206,-2.40722833,0.79085061,2.58475987,2.58330395,-0.08270195,-0.07736776,-0.93092696,-0.65037182,9.50566249,0.27920728,0.23836148,17.14726448,4
117.37898502,31.96339569,40.50120815,25.46031128,158.72160198,40.49920815,4.51419351,-2.35292345,0.85848184,2.58642566,2.58397026,-0.10835518,-0.08036619,-0.94392016,-0.50211616,9.52465254,1.09078208,0.72144171,17.14126762,4
117.37898511,31.96339659,40.49654393,25.55978179,158.72902711,40.49454393,4.01954681,-2.29861857,0.92611307,2.58809145,2.58463658,-0.13400841,-0.08336462,-0.95691335,-0.35386051,9.54364259,1.90235687,1.20452195,17.13527076,4
117.37898519,31.96339749,40.49090382,25.65930434,158.73558515,40.48890382,3.51670391,-2.25491236,0.99845131,2.58033068,2.57555664,-0.15899145,-0.08608366,-1.00007055,-0.25008824,9.70695150,1.74728165,1.29089827,17.14252703,4
117.37898526,31.96339839,40.48409284,25.75887273,158.74126230,40.48209284,3.00641231,-2.22392242,1.07643699,2.56125995,2.55478316,-0.18317042,-0.08846751,-1.07941842,-0.19968701,10.04341375,0.43242258,0.90131040,17.16568435,4
117.37898532,31.96339929,40.47728186,25.85848268,158.74604600,40.47528186,2.48846080,-2.19293247,1.15442268,2.54218921,2.53400968,-0.20734939,-0.09085135,-1.15876630,-0.14928578,10.37987600,-0.88243648,0.51172253,17.18884167,4
117.37898537,31.96340020,40.47035027,25.95813030,158.74992186,40.46835027,1.96060454,-2.18755883,1.20347059,2.52987166,2.51948128,-0.23186097,-0.09269519,-1.19161230,-0.15975937,10.27331009,-1.25513095,0.27064437,17.21946525,4
117.37898541,31.96340110,40.46330650,26.05780995,158.75286945,40.46130650,1.42060229,-2.20600678,1.22560814,2.52383414,2.51076043,-0.25668185,-0.09403686,-1.18121436,-0.22684284,9.75475487,-0.75166951,0.16767125,17.25703199,4
117.37898543,31.96340200,40.45626274,26.15751291,158.75486641,40.45426274,0.86908324,-2.22445473,1.24774568,2.51779663,2.50203958,-0.28150273,-0.09537853,-1.17081642,-0.29392631,9.23619965,-0.24820807,0.06469812,17.29459873,4
117.37898543,31.96340290,40.45040909,26.25722754,158.75589452,40.44840909,0.31043663,-2.19432146,1.27243505,2.50537663,2.48671105,-0.30539934,-0.09600000,-1.15360066,-0.28798704,9.15126937,0.27869784,0.11508434,17.30940909,4
117.37898543,31.96340380,40.44558243,26.35694286,158.75594696,40.44358243,-0.24957251,-2.12226628,1.29932646,2.48744903,2.46568059,-0.32849837,-0.09600000,-1.13050163,-0.21903472,9.44052437,0.82583454,0.29780801,17.30458243,4
117.37898541,31.96340470,40.44075577,26.45665029,158.75502585,40.43875577,-0.80760986,-2.05021110,1.32621787,2.46952142,2.44465013,-0.35159740,-0.09600000,-1.10740260,-0.15008239,9.72977937,1.37297123,0.48053167,17.29975577,4
117.37898538,31.96340560,40.43544569,26.55634364,158.75313613,40.43344569,-1.36467562,-2.00392862,1.36506168,2.46634523,2.43762723,-0.37609892,-0.09725446,-1.13976999,-0.14653492,10.00100703,0.90086326,0.36196697,17.37452213,4
117.37898533,31.96340650,40.42985923,26.65601410,158.75027649,40.42785923,-1.92494655,-1.97238154,1.41073922,2.47160308,2.43861308,-0.40140230,-0.09922615,-1.20384999,-0.18038230,10.26192766,-0.15399217,0.07114235,17.49479537,4
117.37898527,31.96340740,40.42427277,26.75564885,158.74643762,40.42227277,-2.49266948,-1.94083446,1.45641677,2.47686092,2.43959892,-0.42670569,-0.10119785,-1.26792999,-0.21422969,10.52284828,-1.20884760,-0.21968228,17.61506860,4
117.37898521,31.96340830,40.41823318,26.85523167,158.74160400,40.41623318,-3.06891726,-1.94816354,1.45439330,2.46836429,2.42670536,-0.44962991,-0.10089211,-1.27184226,-0.33967500,10.36066978,-1.30807127,-0.47537798,17.67530045,4
117.37898515,31.96340920,40.41188281,26.95474882,158.73576307,40.40988281,-3.65038073,-1.98215670,1.41965304,2.45043383,2.40429229,-0.47092233,-0.09902436,-1.23448714,-0.52794481,9.90829929,-0.75185354,-0.70697972,17.69435156,4
117.37898507,31.96341010,40.40553244,27.05419288,158.72891077,40.40353244,-4.23241122,-2.01614986,1.38491278,2.43250337,2.38187921,-0.49221475,-0.09715660,-1.19713202,-0.71621461,9.45592879,-0.19563582,-0.93858146,17.71340267,4
117.37898497,31.96341100,40.40060819,27.15356219,158.72105006,40.39860819,-4.81307537,-1.97563085,1.40889985,2.43539181,2.37945102,-0.51705701,-0.09837244,-1.11961368,-0.53766230,9.47536805,0.09721598,-0.40682755,17.68590424,4
117.37898486,31.96341190,40.39581445,27.25285575,158.71218293,40.39381445,-5.39452361,-1.92829266,1.43826152,2.44018555,2.37885181,-0.54222416,-0.09987049,-1.03841968,-0.32553925,9.53798630,0.36596511,0.19478700,17.65414571,4
117.37898474,31.96341280,40.39102070,27.35206731,158.70230494,40.38902070,-5.97982614,-1.88095446,1.46762318,2.44497930,2.37825259,-0.56739130,-0.10136853,-0.95722569,-0.11341619,9.60060454,0.63471423,0.79640154,17.62238717,4
117.37898462,31.96341370,40.38611313,27.45118481,158.69140830,40.38411313,-6.56998616,-1.84059949,1.55024705,2.44430559,2.37164890,-0.59127958,-0.10450195,-0.92530949,-0.08539400,9.81695572,0.66428091,1.31251227,17.70946291,4
117.37898449,31.96341459,40.38112262,27.55019300,158.67948618,40.37912262,-7.16313755,-1.80533317,1.67168295,2.43964778,2.36066976,-0.61423596,-0.10882706,-0.92930191,-0.19152565,10.14533171,0.51955593,1.76631657,17.88313288,4
117.37898435,31.96341548,40.37613210,27.64907983,158.66653769,40.37413210,-7.75640957,-1.77006685,1.79311886,2.43498996,2.34969062,-0.63719233,-0.11315218,-0.93329432,-0.29765730,10.47370770,0.37483095,2.22012087,18.05680286,4
117.37898419,31.96341637,40.37034845,27.74783782,158.65256539,40.36834845,-8.34828447,-1.73820288,1.92259540,2.43847732,2.34627804,-0.66233650,-0.11901670,-0.97370641,-0.32602030,10.37281525,0.05793936,2.35594038,18.21790685,4
117.37898401,31.96341726,40.36397320,27.84646231,158.63757280,40.36197320,-8.93935867,-1.70887672,2.05806948,2.44804020,2.34850938,-0.68911256,-0.12602948,-1.04128407,-0.29637538,9.95172991,-0.38737192,2.25457389,18.36963782,4
117.37898382,31.96341815,40.35759795,27.94494573,158.62156037,40.35559795,-9.53136724,-1.67955057,2.19354357,2.45760308,2.35074072,-0.71588861,-0.13304226,-1.10886173,-0.26673047,9.53064458,-0.83268321,2.15320740,18.52136880,4
117.37898362,31.96341904,40.35199648,28.04327610,158.60452669,40.34999648,-10.12548956,-1.66042404,2.32452440,2.45584457,2.34169618,-0.73944341,-0.13871730,-1.16918184,-0.24241524,9.37514437,-0.95362801,2.11145573,18.56764512,4
117.37898341,31.96341992,40.34739743,28.14143776,158.58646962,40.34539743,-10.72131549,-1.65451098,2.44968429,2.43941938,2.31804391,-0.75882513,-0.14265935,-1.22009991,-0.22500455,9.56370546,-0.65436119,2.14693413,18.47730662,4
117.37898319,31.96342080,40.34279838,28.23941619,158.56739006,40.34079838,-11.31656178,-1.64859791,2.57484418,2.42299420,2.29439165,-0.77820684,-0.14660139,-1.27101797,-0.20759385,9.75226656,-0.35509436,2.18241252,18.38696811,4
117.37898296,31.96342169,40.33825936,28.33720048,158.54729352,40.33625936,-11.90860969,-1.62436098,2.70396520,2.41561096,2.27912968,-0.79994652,-0.15148663,-1.29963770,-0.20644919,9.81838640,-0.08435167,2.25945183,18.35512565,4
117.37898273,31.96342257,40.33381364,28.43478286,158.52618918,40.33181364,-12.49702221,-1.57164744,2.83924211,2.42227954,2.27690682,-0.82535063,-0.15783766,-1.29360423,-0.23058310,9.69422379,0.14206249,2.40107976,18.41419022,4
117.37898249,31.96342344,40.32936792,28.53215561,158.50408363,40.32736792,-13.08474752,-1.51893391,2.97451901,2.42894812,2.27468396,-0.85075474,-0.16418869,-1.28757075,-0.25471701,9.57006119,0.36847665,2.54270770,18.47325478,4
117.37898225,31.96342432,40.32464617,28.62930831,158.48097627,40.32264617,-13.67591146,-1.47127521,3.10200604,2.42922178,2.26631049,-0.87398185,-0.16963710,-1.30824495,-0.27411492,9.53556852,0.46856556,2.43139628,18.52054839,4
117.37898201,31.96342520,40.31906188,28.72622788,158.45686035,40.31706188,-14.27236023,-1.43941190,3.20515117,2.40951251,2.23871752,-0.89040624,-0.17226500,-1.41237555,-0.27871375,9.78127731,0.17391210,1.52969756,18.53105999,4
117.37898177,31.96342607,40.31347759,28.82289996,158.43172983,40.31147759,-14.87190222,-1.40754859,3.30829631,2.38980325,2.21112455,-0.90683062,-0.17489290,-1.51650615,-0.28331257,10.02698611,-0.12074137,0.62799883,18.54157160,4
117.37898151,31.96342694,40.30798940,28.91931330,158.40558567,40.30598940,-15.47039610,-1.37606272,3.38493640,2.37412633,2.18716829,-0.92448454,-0.17681051,-1.58806228,-0.28030477,10.17827033,-0.32623985,-0.10624293,18.54374691,4
117.37898123,31.96342781,40.30289003,29.01546021,158.37843527,40.30089003,-16.06520639,-1.34610391,3.35434017,2.37476375,2.17792568,-0.94711300,-0.17585438,-1.52782595,-0.24652143,9.94752376,-0.17102772,-0.16297344,18.51219455,4
117.37898094,31.96342868,40.29779066,29.11133552,158.35028760,40.29579066,-16.65741467,-1.31614510,3.32374394,2.37540117,2.16868306,-0.96974146,-0.17489825,-1.46758962,-0.21273810,9.71677719,-0.01581559,-0.21970395,18.48064218,4
117.37898064,31.96342954,40.29275978,29.20693067,158.32114647,40.29075978,-17.25060131,-1.28601819,3.29826298,2.37529936,2.15871883,-0.99204095,-0.17408007,-1.40839762,-0.18410284,9.50312286,0.11816918,-0.23764767,18.44589533,4
117.37898034,31.96343041,40.28879183,29.30223224,158.29101040,40.28679183,-17.84757966,-1.25328257,3.35216102,2.36372616,2.13755641,-1.00923542,-0.17540272,-1.36541145,-0.23535557,9.55470626,-0.07725255,0.34630287,18.36157631,4
117.37898003,31.96343128,40.28482387,29.39722240,158.25987612,40.28282387,-18.44816048,-1.22054695,3.40605906,2.35215296,2.11639399,-1.02642989,-0.17672538,-1.32242529,-0.28660831,9.60628966,-0.27267427,0.93025342,18.27725729,4
117.37897971,31.96343214,40.28084168,29.49188444,158.22774441,40.27884168,-19.04912883,-1.18723589,3.45873505,2.34148626,2.09604523,-1.04397252,-0.17805654,-1.28512757,-0.33448467,9.66190299,-0.45204374,1.45859983,18.19920028,4
117.37897937,31.96343299,40.27648166,29.58620680,158.19462226,40.27448166,-19.64713346,-1.13865280,3.47897800,2.35487775,2.09729095,-1.07075551,-0.17961369,-1.39879953,-0.29275305,9.82446946,-0.20539116,0.51122968,18.28733498,4
117.37897901,31.96343384,40.27212164,29.68018302,158.16051970,40.27012164,-20.24116058,-1.09006972,3.49922095,2.36826924,2.09853667,-1.09753849,-0.18117084,-1.51247149,-0.25102143,9.98703594,0.04126142,-0.43614047,18.37546968,4
117.37897864,31.96343468,40.26776162,29.77380755,158.12544557,40.26576162,-20.83287026,-1.04148663,3.51946390,2.38166074,2.09978239,-1.12432147,-0.18272799,-1.62614345,-0.20928980,10.14960241,0.28791401,-1.38351062,18.46360437,4
117.37897826,31.96343552,40.26354057,29.86707048,158.08940510,40.26154057,-21.42428520,-1.00452621,3.48175292,2.37335559,2.08057396,-1.14177329,-0.18060501,-1.55365976,-0.22754658,10.02951051,0.11465241,-1.11550650,18.51785209,4
117.37897787,31.96343636,40.25934893,29.95995717,158.05240330,40.25734893,-22.01595608,-0.97002578,3.43177567,2.36045824,2.05703628,-1.15725012,-0.17770310,-1.44177521,-0.25850023,9.84959241,-0.14748633,-0.59026170,18.56492744,4
117.37897746,31.96343719,40.25515729,30.05245002,158.01444685,40.25315729,-22.60685146,-0.93552536,3.38179842,2.34756088,2.03349861,-1.17272694,-0.17480120,-1.32989065,-0.28945388,9.66967430,-0.40962508,-0.06501690,18.61200278,4
117.37897705,31.96343802,40.25176943,30.14453457,157.97554524,40.24976943,-23.19602452,-0.90347124,3.40948861,2.35716037,2.02945363,-1.19841348,-0.17667668,-1.27847875,-0.26186476,9.69494717,-0.20630149,0.31019487,18.61027824,4
117.37897661,31.96343884,40.24868813,30.23620118,157.93570609,40.24668813,-23.78389658,-0.87235013,3.46680076,2.37534002,2.03284306,-1.22799394,-0.18037424,-1.25013081,-0.21194773,9.79847879,0.17454696,0.62818484,18.58994167,4
117.37897617,31.96343966,40.24560683,30.32744443,157.89493379,40.24360683,-24.37113663,-0.84122902,3.52411290,2.39351968,2.03623248,-1.25757440,-0.18407180,-1.22178287,-0.16203070,9.90201041,0.55539542,0.94617482,18.56960510,4
117.37897573,31.96344048,40.24218159,30.41825895,157.85323159,40.24018159,-24.95742723,-0.79317776,3.59036827,2.39921164,2.02845333,-1.28087979,-0.18721228,-1.24442901,-0.12145269,9.94266497,0.63671233,1.09169438,18.58370012,4
117.37897527,31.96344129,40.23838151,30.50863669,157.81060630,40.23638151,-25.54139182,-0.72667649,3.66636972,2.39129482,2.00850295,-1.29734677,-0.18974566,-1.32264717,-0.09105211,9.91479777,0.39160765,1.04926024,18.63531777,4
117.37897481,31.96344210,40.23458144,30.59856705,157.76706908,40.23258144,-26.12239064,-0.66017522,3.74237117,2.38337800,1.98855257,-1.31381375,-0.19227904,-1.40086533,-0.06065153,9.88693057,0.14650297,1.00682610,18.68693542,4
117.37897434,31.96344291,40.23082329,30.68803817,157.72263147,40.22882329,-26.70169930,-0.61078345,3.80037386,2.38054954,1.97274464,-1.33274669,-0.19449030,-1.47527887,-0.06088663,9.87996324,-0.16444137,0.86591821,18.72366701,4
117.37897385,31.96344371,40.22715393,30.77703880,157.67730051,40.22515393,-27.28168205,-0.59763493,3.82024953,2.38849981,1.96571171,-1.35690327,-0.19601919,-1.54163303,-0.12601768,9.91726834,-0.61485465,0.51641218,18.72886526,4
117.37897335,31.96344450,40.22348458,30.86555852,157.63107824,40.22148458,-27.86436337,-0.58448641,3.84012520,2.39645008,1.95867878,-1.38105985,-0.19754809,-1.60798720,-0.19114872,9.95457345,-1.06526793,0.16690615,18.73406351,4
117.37897284,31.96344530,40.21985560,30.95358703,157.58396358,40.21785560,-28.45122368,-0.57108546,3.85928880,2.40322986,1.95063621,-1.40452947,-0.19895187,-1.66811198,-0.25574362,9.97793448,-1.46497013,-0.15571019,18.73434707,4
117.37897234,31.96344610,40.21698802,31.04111236,157.53595370,40.21498802,-29.04367793,-0.55292411,3.86502396,2.38793610,1.92355350,-1.41504393,-0.19799601,-1.61076036,-0.31022766,9.73833216,-0.90834080,0.02877085,18.64194724,4
117.37897182,31.96344689,40.21412044,31.12812060,157.48704404,40.21212044,-29.64257172,-0.53476277,3.87075913,2.37264233,1.89647079,-1.42555840,-0.19704015,-1.55340874,-0.36471170,9.49872984,-0.35171147,0.21325189,18.54954741,4
117.37897130,31.96344767,40.21125286,31.21459649,157.43723043,40.20925286,-30.24637534,-0.51660142,3.87649429,2.35734856,1.86938808,-1.43607286,-0.19608429,-1.49605712,-0.41919574,9.25912752,0.20491786,0.39773294,18.45714758,4
117.37897076,31.96344845,40.20878262,31.30052789,157.38651370,40.20678262,-30.85076906,-0.44016329,3.90665751,2.36874996,1.86367392,-1.46166840,-0.19821738,-1.49598911,-0.27876135,9.44033629,0.34768447,0.43090755,18.45565215,4
117.37897021,31.96344921,40.20635080,31.38590894,157.33490186,40.20435080,-31.45105064,-0.35808953,3.93918304,2.38273290,1.86002620,-1.48872234,-0.20064920,-1.50146070,-0.11947745,9.66223942,0.45042867,0.44945014,18.46294760,4
117.37896965,31.96344998,40.20391899,31.47073960,157.28240775,40.20191899,-32.04477859,-0.27601576,3.97170857,2.39671583,1.85637848,-1.51577628,-0.20308101,-1.50693228,0.03980644,9.88414256,0.55317286,0.46799273,18.47024304,4
117.37896909,31.96345075,40.20044090,31.55502146,157.22904477,40.19844090,-32.63329807,-0.24145663,3.97376361,2.39373214,1.83905485,-1.53190561,-0.20281888,-1.51982695,0.05826701,9.98906335,0.17368585,0.19901108,18.44209397,4
117.37896853,31.96345151,40.19632725,31.63875082,157.17482246,40.19432725,-33.22029140,-0.23576081,3.95730900,2.38044188,1.81342363,-1.54139865,-0.20092027,-1.53723087,-0.00881716,10.02292187,-0.49873803,-0.24463045,18.39241371,4
117.37896796,31.96345227,40.19221360,31.72191831,157.11974609,40.19021360,-33.80921691,-0.23006498,3.94085439,2.36715162,1.78779242,-1.55089170,-0.19902166,-1.55463478,-0.07590133,10.05678039,-1.17116190,-0.68827199,18.34273345,4
117.37896738,31.96345302,40.18887136,31.80451036,157.06381750,40.18687136,-34.40086763,-0.21867631,3.91126130,2.36409131,1.76976761,-1.56672205,-0.19771784,-1.52929443,-0.10621574,9.90570453,-1.29838469,-0.88227778,18.32982580,4
117.37896678,31.96345376,40.18642784,31.88651648,157.00703971,40.18442784,-34.99236368,-0.20065536,3.86636165,2.37294906,1.76060442,-1.58993547,-0.19710696,-1.45415623,-0.09369271,9.53917674,-0.79043826,-0.78545335,18.35975890,4
117.37896617,31.96345450,40.18398433,31.96793218,156.94942077,40.18198433,-35.57938133,-0.18263441,3.82146200,2.38180682,1.75144122,-1.61314890,-0.19649608,-1.37901803,-0.08116967,9.17264895,-0.28249183,-0.68862893,18.38969200,4
117.37896555,31.96345523,40.18200000,32.04875842,156.89097419,40.18000000,-36.15881323,-0.16412510,3.77915785,2.38709236,1.73952897,-1.63396725,-0.19546348,-1.31728463,-0.05049286,8.94737113,0.01804532,-0.59676574,18.38794878,4
117.37896493,31.96345596,40.18200000,32.12899745,156.83171652,40.18000000,-36.73115028,-0.14350546,3.74806978,2.37694115,1.71573707,-1.64443569,-0.19260845,-1.31347793,0.05863262,9.33248257,-0.57770368,-0.52634174,18.24932135,4
117.37896429,31.96345669,40.18200000,32.20864801,156.77166088,40.18000000,-37.30011124,-0.12288582,3.71698170,2.36678994,1.69194518,-1.65490412,-0.18975342,-1.30967123,0.16775810,9.71759401,-1.17345268,-0.45591773,18.11069392,4
117.37896365,31.96345741,40.18194619,32.28770488,156.71081337,40.17994619,-37.87012443,-0.10193447,3.68713992,2.35758120,1.66883856,-1.66595790,-0.18705381,-1.30626907,0.26926528,10.08852643,-1.72450460,-0.38016461,17.97024090,4
117.37896299,31.96345811,40.18043404,32.36615969,156.64917323,40.17843404,-38.44366470,-0.07199408,3.69107148,2.37391232,1.66430213,-1.69287401,-0.18856596,-1.31382978,0.16432268,10.07521959,-1.06430379,-0.15999687,17.78031598,4
117.37896232,31.96345881,40.17892190,32.44400360,156.58673847,40.17692190,-39.02031645,-0.04205369,3.69500305,2.39024344,1.65976571,-1.71979012,-0.19007810,-1.32139048,0.05938009,10.06191275,-0.40410298,0.06017088,17.59039105,4
117.37896165,31.96345950,40.17740976,32.52122832,156.52351006,40.17540976,-39.59850033,-0.01211329,3.69893462,2.40657457,1.65522929,-1.74670623,-0.19159024,-1.32895119,-0.04556251,10.04860591,0.25609784,0.28033863,17.40046613,4
117.37896098,31.96346019,40.17631632,32.59782602,156.45949228,40.17431632,-40.17724341,0.02106825,3.69361899,2.40302374,1.63668012,-1.75901365,-0.19108843,-1.34376202,-0.00950622,9.98597566,0.14078985,0.06812339,17.19038632,4
117.37896030,31.96346088,40.17537851,32.67378776,156.39469117,40.17337851,-40.75669031,0.05545456,3.68486611,2.39208264,1.61292231,-1.76589091,-0.18983802,-1.36126778,0.07896036,9.90501154,-0.26278032,-0.30481171,16.97281480,4
117.37895961,31.96346156,40.17444070,32.74910269,156.32911318,40.17244070,-41.33736387,0.08984086,3.67611324,2.38114154,1.58916450,-1.77276817,-0.18858761,-1.37877353,0.16742695,9.82404742,-0.66635048,-0.67774681,16.75524327,4
117.37895891,31.96346224,40.17400000,32.82375841,156.26276535,40.17200000,-41.91840073,0.11269330,3.65893214,2.38572122,1.57624699,-1.79050214,-0.18831873,-1.35847381,0.11385957,9.78854983,-0.69344852,-0.64853573,16.56869634,4
117.37895819,31.96346290,40.17400000,32.89774474,156.19565810,40.17200000,-42.49571382,0.12532048,3.63427907,2.40406069,1.57293988,-1.81786103,-0.18892002,-1.30465797,-0.06562678,9.79336018,-0.38678842,-0.26280543,16.40965399,4
117.37895747,31.96346356,40.17400000,32.97105926,156.12780926,40.17200000,-43.06319165,0.13794766,3.60962600,2.42240017,1.56963276,-1.84521992,-0.18952132,-1.25084213,-0.24511313,9.79817054,-0.08012832,0.12292487,16.25061165,4
117.37895674,31.96346421,40.17393691,33.04370737,156.05924446,40.17193691,-43.61628077,0.15247953,3.60091492,2.43649526,1.56340375,-1.86927131,-0.19037855,-1.20654888,-0.34976622,9.82414531,0.07377838,0.45574155,16.07188597,4
117.37895601,31.96346487,40.17362750,33.11569905,155.98999226,40.17162750,-44.15635339,0.17444748,3.65444244,2.43402000,1.54576752,-1.88040999,-0.19223500,-1.19943251,-0.16226519,9.93274739,-0.36867454,0.58197987,15.81631526,4
117.37895526,31.96346551,40.17331809,33.18703946,155.92007238,40.17131809,-44.68993183,0.19641542,3.70796997,2.43154474,1.52813128,-1.89154866,-0.19409144,-1.19231613,0.02523583,10.04134947,-0.81112747,0.70821819,15.56074456,4
117.37895451,31.96346615,40.17300869,33.25772699,155.84949329,40.17100869,-45.22315387,0.21838336,3.76149749,2.42906948,1.51049505,-1.90268734,-0.19594789,-1.18519976,0.21273686,10.14995155,-1.25358039,0.83445650,15.30517385,4
117.37895375,31.96346678,40.17242034,33.32775499,155.77825645,40.17042034,-45.75697146,0.19494426,3.71778681,2.43856433,1.50159498,-1.92154900,-0.19513052,-1.20876591,0.11829912,9.90577659,-1.30251835,-0.04916396,15.10845239,4
117.37895298,31.96346740,40.17182395,33.39711866,155.70636890,40.16982395,-46.28698645,0.17019378,3.67126783,2.44840488,1.49294723,-1.94063371,-0.19423592,-1.23321819,0.01571882,9.65141322,-1.34009136,-0.96194973,14.91343054,4
117.37895221,31.96346801,40.17122755,33.46581873,155.63384669,40.16922755,-46.80814832,0.14544330,3.62474886,2.45824543,1.48429947,-1.95971842,-0.19334132,-1.25767047,-0.08686149,9.39704986,-1.37766438,-1.87473550,14.71840868,4
117.37895143,31.96346862,40.17119196,33.53386044,155.56071219,40.16919196,-47.31951145,0.14310266,3.55536176,2.45720091,1.46852236,-1.97026338,-0.19050447,-1.20787518,-0.04460739,9.25776799,-1.07583578,-1.83101012,14.62365185,4
117.37895065,31.96346923,40.17150235,33.60124858,155.48698244,40.16950235,-47.82518446,0.15458709,3.47186686,2.44944116,1.44834701,-1.97554001,-0.18646940,-1.11227507,0.08699795,9.18948219,-0.56462351,-1.19719382,14.59075051,4
117.37894986,31.96346983,40.17181274,33.66798315,155.41266473,40.16981274,-48.33052056,0.16607151,3.38837196,2.44168141,1.42817166,-1.98081664,-0.18243433,-1.01667496,0.21860330,9.12119640,-0.05341125,-0.56337751,14.55784918,4
117.37894906,31.96347042,40.17200000,33.73405978,155.33775846,40.17000000,-48.83767985,0.19182219,3.34548211,2.44752172,1.41600000,-1.99674297,-0.18081836,-0.94029472,0.27415077,9.25407599,0.21829089,-0.05368721,14.52303578,4
117.37894826,31.96347101,40.17200000,33.79947333,155.26226525,40.17000000,-49.34482492,0.23926836,3.36434270,2.47404442,1.41600000,-2.02886491,-0.18288123,-0.89314325,0.21403264,9.69287939,0.12575613,0.26723751,14.48531460,4
117.37894745,31.96347159,40.17200000,33.86422091,155.18619249,40.17000000,-49.84865822,0.28671453,3.38320329,2.50056713,1.41600000,-2.06098685,-0.18494411,-0.84599178,0.15391451,10.13168279,0.03322136,0.58816223,14.44759342,4
117.37894664,31.96347216,40.17199082,33.92830275,155.10955335,40.16999082,-50.34754822,0.33400816,3.40215191,2.52700408,1.41595004,-2.09303772,-0.18700816,-0.79943329,0.09379916,10.56856161,-0.06099210,0.90784504,14.40940257,4
117.37894582,31.96347273,40.16928173,33.99171965,155.03235995,40.16728173,-50.84285854,0.33641624,3.44700250,2.52820812,1.40120052,-2.10417512,-0.18941624,-0.92736282,0.03450006,10.43912703,-0.64916696,0.86209141,14.23301032,4
117.37894500,31.96347330,40.16657263,34.05447061,154.95461978,40.16457263,-51.33760597,0.33882433,3.49185309,2.52941216,1.38645100,-2.11531251,-0.19182433,-1.05529236,-0.02479905,10.30969244,-1.23734182,0.81633779,14.05661806,4
117.37894417,31.96347386,40.16386354,34.11655106,154.87633512,40.16186354,-51.83384172,0.34123241,3.53670368,2.53061621,1.37170148,-2.12644991,-0.19423241,-1.18322190,-0.08409815,10.18025785,-1.82551667,0.77058417,13.88022581,4
117.37894333,31.96347441,40.16200062,34.17795502,154.79750823,40.16000062,-52.33107475,0.31001976,3.58477912,2.53959469,1.36120358,-2.14379148,-0.19739852,-1.24178901,-0.06642261,9.94472007,-1.71098665,0.70203335,13.75904015,4
117.37894248,31.96347495,40.16053362,34.23867734,154.71814494,40.15853362,-52.82662997,0.26307600,3.63436348,2.55221083,1.35269502,-2.16403598,-0.20091930,-1.26790148,-0.01273067,9.65953668,-1.26766144,0.62281574,13.66368562,4
117.37894163,31.96347549,40.15906663,34.29871727,154.63825620,40.15706663,-53.31738108,0.21613223,3.68394783,2.56482696,1.34418647,-2.18428048,-0.20444008,-1.29401395,0.04096126,9.37435329,-0.82433623,0.54359814,13.56833109,4
117.37894078,31.96347601,40.15816572,34.35807802,154.55785518,40.15616572,-53.80198879,0.19177748,3.71809422,2.57209422,1.33277982,-2.19991146,-0.20658570,-1.30446542,0.08762312,9.27977243,-0.47606483,0.42062348,13.49709422,4
117.37893991,31.96347654,40.15877295,34.41676458,154.47695326,40.15677295,-54.28096740,0.22760390,3.71111110,2.56511110,1.31365216,-2.20325121,-0.20506763,-1.27319321,0.11555558,9.69299073,-0.38103373,0.18107224,13.49011110,4
117.37893905,31.96347706,40.15938017,34.47478151,154.39555888,40.15738017,-54.75531852,0.26343032,3.70412799,2.55812799,1.29452449,-2.20659096,-0.20354956,-1.24192099,0.14348805,10.10620903,-0.28600263,-0.05847901,13.48312799,4
117.37893818,31.96347758,40.15998740,34.53213241,154.31367939,40.15798740,-55.22451839,0.29925674,3.69714487,2.55114487,1.27539682,-2.20993071,-0.20203149,-1.21064878,0.17142051,10.51942733,-0.19097152,-0.29803025,13.47614487,4
117.37893730,31.96347809,40.15942503,34.58882235,154.23132569,40.15742503,-55.68652622,0.27470132,3.66221432,2.56364934,1.26637545,-2.22926149,-0.20171252,-1.19476330,0.10616594,10.32388565,-0.79329346,-0.47232866,13.36186846,4
117.37893643,31.96347859,40.15883788,34.64485824,154.14851296,40.15683788,-56.13967585,0.24886667,3.62669168,2.57656666,1.25756818,-2.24893106,-0.20141894,-1.17920379,0.03893714,10.11544702,-1.41038925,-0.64524466,13.24531897,4
117.37893555,31.96347909,40.15825073,34.70024765,154.06525907,40.15625073,-56.58492105,0.22303203,3.59116903,2.58948399,1.24876092,-2.26860062,-0.20112536,-1.16364429,-0.02829166,9.90700838,-2.02748503,-0.81816065,13.12876948,4
117.37893467,31.96347959,40.15834572,34.75499493,153.98157752,40.15634572,-57.02572406,0.21666715,3.54816993,2.59309857,1.23531998,-2.27993858,-0.19979000,-1.13556566,-0.08189149,9.68852969,-1.81201169,-0.85103276,12.96837116,4
117.37893378,31.96348009,40.15894908,34.80910044,153.89747559,40.15694908,-57.46498557,0.22481262,3.49959881,2.58978004,1.21842567,-2.28506721,-0.19767821,-1.09815685,-0.12533398,9.46256838,-0.97604536,-0.77953365,12.77529341,4
117.37893290,31.96348059,40.15955245,34.86256348,153.81295621,40.15755245,-57.90160657,0.23295809,3.45102769,2.58646152,1.20153137,-2.29019583,-0.19556642,-1.06074803,-0.16877648,9.23660707,-0.14007902,-0.70803455,12.58221565,4
117.37893201,31.96348107,40.16030053,34.91538876,153.72802694,40.15830053,-58.33061478,0.25492835,3.40748663,2.58948476,1.18772273,-2.30083717,-0.19400000,-1.02458502,-0.16268181,9.12692809,0.43649758,-0.63591604,12.39955480,4
117.37893111,31.96348155,40.16146428,34.96758818,153.64270331,40.15946428,-58.74666568,0.31660664,3.37839309,2.61072304,1.18277683,-2.32731229,-0.19400000,-0.99200026,-0.01430477,9.35123925,0.26804601,-0.56201846,12.24681374,4
117.37893021,31.96348202,40.16262802,35.01917905,153.55700827,40.16062802,-59.14860347,0.37828494,3.34929956,2.63196132,1.17783092,-2.35378740,-0.19400000,-0.95941550,0.13407226,9.57555041,0.09959444,-0.48812088,12.09407267,4
117.37892930,31.96348248,40.16379176,35.07017526,153.47096234,40.16179176,-59.54110372,0.43996323,3.32020602,2.65319960,1.17288502,-2.38026252,-0.19400000,-0.92683074,0.28244929,9.79986158,-0.06885714,-0.41422329,11.94133161,4
117.37892839,31.96348294,40.16351207,35.12058257,153.38457651,40.16151207,-59.93110352,0.47612848,3.31426810,2.65992759,1.16150947,-2.39329484,-0.19400000,-0.93441812,0.18164986,9.95222426,-0.09046120,-0.14800748,11.84617751,4
117.37892748,31.96348339,40.16291780,35.17039857,153.29785154,40.16091780,-60.32301544,0.50673343,3.31337670,2.66349321,1.14873265,-2.40339744,-0.19400000,-0.95076057,0.02654516,10.08890656,-0.08006146,0.16012197,11.76357386,4
117.37892656,31.96348384,40.16232353,35.21961879,153.21078536,40.16032353,-60.71587509,0.53733838,3.31248529,2.66705884,1.13595582,-2.41350005,-0.19400000,-0.96710302,-0.12855954,10.22558887,-0.06966172,0.46825143,11.68097021,4
117.37892564,31.96348428,40.16146756,35.26824294,153.12338167,40.15946756,-61.10562803,0.55293513,3.32757378,2.67512302,1.12500672,-2.42751899,-0.19533109,-0.98531765,-0.10278556,10.14958657,-0.21561141,0.59686589,11.60125849,4
117.37892471,31.96348471,40.16029889,35.31627568,153.03565104,40.15829889,-61.48863592,0.55059778,3.36175750,2.68856278,1.11624167,-2.44621778,-0.19825278,-1.00576944,0.13912998,9.81943614,-0.54839136,0.51096834,11.52500251,4
117.37892377,31.96348513,40.15913021,35.36372530,152.94760818,40.15713021,-61.86420202,0.54826043,3.39594121,2.70200253,1.10747661,-2.46491656,-0.20117446,-1.02622124,0.38104551,9.48928571,-0.88117130,0.42507080,11.44874652,4
117.37892283,31.96348554,40.15803961,35.41059908,152.85926434,40.15603961,-62.23434311,0.54646543,3.42829690,2.71486136,1.09848505,-2.48306932,-0.20395049,-1.04624757,0.60913751,9.17372347,-1.18027294,0.33274083,11.36548335,4
117.37892189,31.96348596,40.15924330,35.45690209,152.77062562,40.15724330,-62.60128825,0.56060877,3.40693143,2.71064845,1.08283710,-2.48517577,-0.20244588,-1.05377062,0.43099165,9.28687017,-0.48965682,0.05137870,11.07629726,4
117.37892094,31.96348636,40.16044699,35.50263764,152.68169418,40.15844699,-62.96554578,0.57475211,3.38556597,2.70643554,1.06718916,-2.48728223,-0.20094127,-1.06129367,0.25284579,9.40001686,0.20095930,-0.22998342,10.78711116,4
117.37891999,31.96348676,40.16165068,35.54780979,152.59247414,40.15965068,-63.32579354,0.58889544,3.36420050,2.70222263,1.05154121,-2.48938868,-0.19943665,-1.06881673,0.07469994,9.51316355,0.89157541,-0.51134554,10.49792507,4
117.37891905,31.96348716,40.16220880,35.59242416,152.50297316,40.16020880,-63.68027938,0.62411053,3.34380191,2.71039580,1.04136252,-2.50231893,-0.19879120,-1.04719731,0.08271551,9.75103718,1.04857054,-0.46981065,10.16574215,4
117.37891810,31.96348755,40.16250296,35.63648813,152.41320251,40.16050296,-64.02832320,0.66794122,3.32379864,2.72363325,1.03342005,-2.51967471,-0.19849704,-1.01366242,0.16684691,10.03990791,0.98738407,-0.29625289,9.81597912,4
117.37891715,31.96348794,40.16279713,35.68000877,152.32317258,40.16079713,-64.37086287,0.71177191,3.30379537,2.73687071,1.02547757,-2.53703049,-0.19820287,-0.98012753,0.25097830,10.32877863,0.92619760,-0.12269512,9.46621610,4
117.37891619,31.96348833,40.16271988,35.72299201,152.23289038,40.16071988,-64.70945890,0.74592166,3.28673195,2.74674698,1.01682532,-2.55105420,-0.19790663,-0.95494580,0.29723501,10.47048228,0.65318212,-0.01224392,9.09670560,4
117.37891524,31.96348872,40.16181727,35.76544232,152.14235924,40.15981727,-65.04468912,0.75855816,3.27620154,2.74915393,1.00659578,-2.55767332,-0.19760576,-0.94832668,0.25932553,10.28514702,-0.09056585,-0.04202994,8.68331170,4
117.37891428,31.96348911,40.16091467,35.80736524,152.05158231,40.15891467,-65.37516287,0.77119465,3.26567112,2.75156089,0.99636623,-2.56429244,-0.19730489,-0.94170756,0.22141604,10.09981176,-0.83431383,-0.07181597,8.26991780,4
117.37891332,31.96348949,40.16001206,35.84876920,151.96056582,40.15801206,-65.69848755,0.78383115,3.25514071,2.75396784,0.98613669,-2.57091155,-0.19700402,-0.93508845,0.18350656,9.91447651,-1.57806181,-0.10160199,7.85652390,4
117.37891236,31.96348987,40.15971160,35.88966584,151.86931953,40.15771160,-66.01278085,0.74391207,3.24259870,2.77216935,0.98311598,-2.59147657,-0.19815361,-0.90471775,0.13800923,9.68473891,-1.31603654,-0.16775575,7.48328694,4
117.37891139,31.96349023,40.15941929,35.93006851,151.77785490,40.15741929,-66.31802567,0.70328121,3.23002944,2.79058477,0.98019289,-2.61223046,-0.19932284,-0.87402538,0.09240913,9.45439996,-1.04038980,-0.23440204,7.11059384,4
117.37891042,31.96349059,40.15912698,35.96998948,151.68618064,40.15712698,-66.61567348,0.66265036,3.21746018,2.80900020,0.97726981,-2.63298435,-0.20049208,-0.84333300,0.04680903,9.22406101,-0.76474306,-0.30104834,6.73790074,4
117.37890945,31.96349094,40.15950275,36.00943942,151.59430181,40.15750275,-66.90710547,0.68086311,3.19624704,2.82068686,0.97264831,-2.64719512,-0.20032966,-0.80402438,0.03638474,9.25957597,-0.03834363,-0.34323919,6.46053419,4
117.37890848,31.96349129,40.16039165,36.04842806,151.50222074,40.15839165,-67.19161045,0.74427117,3.16839491,2.82720545,0.96672232,-2.65638040,-0.19914446,-0.75809798,0.05297750,9.49928213,1.03425998,-0.36664683,6.25638394,4
117.37890750,31.96349164,40.16128055,36.08696872,151.40994245,40.15928055,-67.46634986,0.80767923,3.14054277,2.83372403,0.96079633,-2.66556568,-0.19795927,-0.71217159,0.06957027,9.73898830,2.10686358,-0.39005448,6.05223370,4
117.37890652,31.96349199,40.16205507,36.12507892,151.31747617,40.16005507,-67.72814568,0.86434149,3.12069828,2.84318508,0.95594493,-2.67746042,-0.19733040,-0.67213652,0.10833077,9.96604014,2.66089840,-0.36268874,5.85676827,4
117.37890554,31.96349232,40.16234394,36.16278044,151.22483542,40.16034394,-67.97610099,0.89236213,3.13485303,2.86513940,0.95565606,-2.70085909,-0.19906364,-0.65711515,0.24121214,10.13936366,1.01316946,-0.11974693,5.69817725,4
117.37890456,31.96349265,40.16263281,36.20009290,151.13203279,40.16063281,-68.21389609,0.92038276,3.14900779,2.88709371,0.95536719,-2.72425777,-0.20079687,-0.64209378,0.37409351,10.31268718,-0.63455948,0.12319487,5.53958623,4
117.37890358,31.96349298,40.16292168,36.23702695,151.03907526,40.16092168,-68.44766467,0.94840340,3.16316254,2.90904802,0.95507832,-2.74765645,-0.20253011,-0.62707241,0.50697487,10.48601070,-2.28228843,0.36613667,5.38099521,4
117.37890259,31.96349331,40.16236089,36.27358383,150.94596378,40.16036089,-68.68216687,0.90636264,3.14718766,2.91947375,0.95159143,-2.75996500,-0.20278696,-0.61447857,0.39834865,10.27352231,-2.04579397,0.14141908,5.12006431,4
117.37890160,31.96349363,40.16148407,36.30975976,150.85269667,40.15948407,-68.91803185,0.83826295,3.12000624,2.92561149,0.94691505,-2.76814866,-0.20249469,-0.60278763,0.19989504,9.91753338,-1.10847335,-0.25724177,4.82106867,4
117.37890061,31.96349394,40.16060725,36.34555358,150.75927490,40.15860725,-69.15273821,0.77016326,3.09282482,2.93174923,0.94223868,-2.77633231,-0.20220242,-0.59109670,0.00144144,9.56154444,-0.17115272,-0.65590262,4.52207304,4
117.37889961,31.96349426,40.16035990,36.38096852,150.66570308,40.15835990,-69.38348806,0.74117506,3.07121076,2.94004890,0.93864010,-2.78640880,-0.20208998,-0.57094328,-0.07346701,9.35962786,0.56059754,-0.79514722,4.23357215,4
117.37889862,31.96349456,40.16153055,36.41601147,150.57198863,40.15953055,-69.60863470,0.80029287,3.06213822,2.95321871,0.93746945,-2.80074926,-0.20238264,-0.53172651,0.12993339,9.50478843,0.82926165,-0.35000766,3.96871264,4
117.37889762,31.96349487,40.16270120,36.45069102,150.47813841,40.16070120,-69.82726217,0.85941068,3.05306569,2.96638852,0.93629880,-2.81508972,-0.20267530,-0.49250975,0.33333378,9.64994900,1.09792577,0.09513191,3.70385314,4
117.37889663,31.96349518,40.16387185,36.48501821,150.38415806,40.16187185,-70.03850027,0.91852849,3.04399315,2.97955833,0.93512815,-2.82943018,-0.20296796,-0.45329298,0.53673417,9.79510957,1.36658988,0.54027147,3.43899363,4
117.37889564,31.96349548,40.16373741,36.51900585,150.29005181,40.16173741,-70.24172493,0.91003213,3.04221222,2.98940302,0.93394962,-2.84019080,-0.20300000,-0.46659382,0.39514116,10.05442491,0.53784185,0.28832953,3.15186981,4
117.37889464,31.96349579,40.16344253,36.55266782,150.19582383,40.16144253,-70.43715364,0.89322434,3.04132760,2.99883897,0.93277013,-2.85051137,-0.20300000,-0.48635034,0.21114010,10.32777264,-0.42580474,-0.04930062,2.86200916,4
117.37889365,31.96349610,40.16314766,36.58601607,150.10147839,40.16114766,-70.62573541,0.87641655,3.04044298,3.00827492,0.93159063,-2.86083195,-0.20300000,-0.50610687,0.02713904,10.60112037,-1.38945133,-0.38693078,2.57214851,4
117.37889265,31.96349640,40.16270768,36.61906082,150.00702005,40.16070768,-70.80784354,0.85236077,3.02582238,3.02089269,0.93187697,-2.87389269,-0.20329232,-0.48428306,-0.08663183,10.38809053,-1.55658453,-0.48072708,2.33535704,4
117.37889165,31.96349669,40.16212215,36.65181234,149.91245394,40.16012215,-70.98237495,0.82103515,2.99742439,3.03670188,0.93363354,-2.88970188,-0.20387785,-0.42075354,-0.12996072,9.68721645,-0.92480247,-0.32995425,2.15179479,4
117.37889065,31.96349699,40.16153663,36.68428436,149.81778626,40.15953663,-71.14724497,0.78970954,2.96902640,3.05251107,0.93539012,-2.90551107,-0.20446337,-0.35722402,-0.17328961,8.98634237,-0.29302040,-0.17918142,1.96823253,4
117.37888965,31.96349727,40.16122026,36.71649417,149.72302422,40.15922026,-71.30055153,0.76464647,2.94456627,3.06822365,0.93722026,-2.92122365,-0.20507342,-0.30063969,-0.19758204,8.40826596,0.28372402,-0.02567993,1.77914905,4
117.37888864,31.96349756,40.16385767,36.74846188,149.62817594,40.16185767,-71.44101988,0.80831025,2.96332118,3.08287592,0.93985767,-2.93587592,-0.20595256,-0.32027374,-0.01296336,9.17780352,0.25647078,0.15776657,1.52947426,4
117.37888764,31.96349784,40.16649508,36.78020888,149.53325046,40.16449508,-71.56780438,0.85197404,2.98207610,3.09752820,0.94249508,-2.95052820,-0.20683169,-0.33990779,0.17165533,9.94734109,0.22921755,0.34121307,1.27979946,4
117.37888663,31.96349813,40.16913249,36.81175774,149.43825792,40.16713249,-71.68015838,0.89563782,3.00083101,3.11218048,0.94513249,-2.96518048,-0.20771083,-0.35954184,0.35627401,10.71687865,0.20196431,0.52465957,1.03012467,4
117.37888562,31.96349841,40.17058399,36.84313195,149.34320944,40.16858399,-71.77938822,0.88313650,3.02257304,3.12790113,0.94853062,-2.98070647,-0.20994663,-0.33660588,0.28871706,10.73640436,-0.23058677,0.57740814,0.92892302,4
117.37888462,31.96349869,40.17145422,36.87434972,149.24811389,40.16945422,-71.87019618,0.84310586,3.04577921,3.14414545,0.95230162,-2.99666071,-0.21284740,-0.29280424,0.09755625,10.38831183,-0.86179455,0.56609513,0.90049547,4
117.37888361,31.96349896,40.17232445,36.90541961,149.15297526,40.17032445,-71.95873504,0.80307522,3.06898538,3.16038977,0.95607262,-3.01261495,-0.21574817,-0.24900260,-0.09360456,10.04021931,-1.49300232,0.55478213,0.87206791,4
117.37888260,31.96349923,40.17306500,36.93634050,149.05779242,40.17106500,-72.04914502,0.77563988,3.09037989,3.17527492,0.95938999,-3.02720993,-0.21838999,-0.22650461,-0.20735616,9.76031532,-1.77013214,0.52143082,0.83771541,4
117.37888160,31.96349950,40.17335554,36.96710806,148.96256215,40.17135554,-72.14066862,0.79191010,3.10548795,3.18544381,0.96113322,-3.03708827,-0.22013322,-0.27793013,-0.05249855,9.71702492,-0.81861490,0.41160685,0.78280342,4
117.37888059,31.96349976,40.17364608,36.99772368,148.86728419,40.17164608,-72.22927452,0.80818031,3.12059601,3.19561270,0.96287646,-3.04696662,-0.22187646,-0.32935564,0.10235907,9.67373452,0.13290234,0.30178287,0.72789144,4
117.37887958,31.96350002,40.17393662,37.02819566,148.77196205,40.17193662,-72.31054494,0.82445053,3.13570407,3.20578158,0.96461970,-3.05684497,-0.22361970,-0.38078115,0.25721668,9.63044412,1.08441959,0.19195890,0.67297945,4
117.37887857,31.96350029,40.17513992,37.05853919,148.67660286,40.17313992,-72.38229244,0.84167901,3.16954980,3.21803128,0.96727984,-3.06880329,-0.22627984,-0.38379259,0.25839835,9.63718683,0.64749051,0.45617120,0.66624362,4
117.37887755,31.96350055,40.17659791,37.08876961,148.58121330,40.17459791,-72.44572863,0.85917488,3.20862389,3.23086158,0.97019581,-3.08134199,-0.22919581,-0.37329507,0.21669988,9.65789027,-0.17685622,0.82475071,0.67295037,4
117.37887654,31.96350082,40.17805589,37.11889866,148.48579746,40.17605589,-72.50399429,0.87667074,3.24769798,3.24369187,0.97311179,-3.09388070,-0.23211179,-0.36279756,0.17500141,9.67859371,-1.00120294,1.19333022,0.67965712,4
117.37887552,31.96350108,40.17869193,37.14893208,148.39035595,40.17669193,-72.56033980,0.88296824,3.29292166,3.25600487,0.97571882,-3.10600487,-0.23543765,-0.36092907,0.12130087,9.68378488,-1.25753446,1.37665066,0.70330552,4
117.37887451,31.96350135,40.17781789,37.17887138,148.29488749,40.17581789,-72.61593252,0.86869215,3.34944332,3.26736747,0.97775826,-3.11736747,-0.23951653,-0.37491381,0.04555019,9.66047698,-0.47031001,1.21961365,0.75807910,4
117.37887350,31.96350161,40.17694384,37.20871842,148.19939142,40.17494384,-72.66973768,0.85441606,3.40596499,3.27873008,0.97979771,-3.12873008,-0.24359541,-0.38889855,-0.03020050,9.63716908,0.31691444,1.06257665,0.81285267,4
117.37887249,31.96350187,40.17606979,37.23847781,148.10386868,40.17406979,-72.71944754,0.84013997,3.46248666,3.29009268,0.98183715,-3.14009268,-0.24767429,-0.40288330,-0.10595119,9.61386117,1.10413890,0.90553965,0.86762624,4
117.37887148,31.96350213,40.17545531,37.26815872,148.00832220,40.17345531,-72.76287231,0.86378321,3.44630193,3.28854891,0.98036594,-3.13909360,-0.24663829,-0.50857971,-0.00959903,9.72475000,0.55776872,0.19498490,0.76524155,4
117.37887047,31.96350240,40.17486336,37.29777286,147.91275582,40.17286336,-72.79938654,0.89071714,3.42380766,3.28588512,0.97859008,-3.13702176,-0.24515840,-0.62223497,0.10168841,9.84728458,-0.10433237,-0.56360476,0.64921847,4
117.37886946,31.96350267,40.17427141,37.32733148,147.81717313,40.17227141,-72.83036134,0.91765107,3.40131339,3.28322132,0.97681422,-3.13494992,-0.24367851,-0.73589023,0.21297585,9.96981915,-0.76643345,-1.32219443,0.53319539,4
117.37886845,31.96350294,40.17383757,37.35684174,147.72157653,40.17183757,-72.85766497,0.89150456,3.32895249,3.28200000,0.97583757,-3.13400000,-0.23958901,-0.72042994,0.18311084,9.94007557,-1.23876273,-1.68949136,0.44962596,4
117.37886745,31.96350321,40.17353762,37.38630855,147.62596798,40.17153762,-72.88138805,0.82041552,3.21437016,3.28200000,0.97553762,-3.13400000,-0.23328998,-0.59564918,0.03373387,9.78140004,-1.55041467,-1.72548581,0.39353461,4
117.37886644,31.96350348,40.17323766,37.41573856,147.53035047,40.17123766,-72.89905765,0.74932648,3.09978783,3.28200000,0.97523766,-3.13400000,-0.22699095,-0.47086842,-0.11564309,9.62272450,-1.86206662,-1.76148026,0.33744326,4
117.37886543,31.96350375,40.17306283,37.44514465,147.43472945,40.17106283,-72.90777757,0.69632991,2.99982705,3.28419899,0.97556546,-3.13613617,-0.22156020,-0.35396824,-0.22928787,9.50271739,-1.84612586,-1.66484577,0.28074846,4
117.37886442,31.96350402,40.17336538,37.47454298,147.33911133,40.17136538,-72.90804652,0.71236506,2.95565475,3.29478825,0.97828841,-3.14642287,-0.21944235,-0.26713638,-0.20659662,9.53024944,-0.58025654,-1.06216611,0.22175120,4
117.37886341,31.96350429,40.17366793,37.50394503,147.24350026,40.17166793,-72.90446456,0.72840021,2.91148244,3.30537750,0.98101136,-3.15670957,-0.21732450,-0.18030452,-0.18390536,9.55778149,0.68561278,-0.45948646,0.16275395,4
117.37886240,31.96350456,40.17397048,37.53335213,147.14789619,40.17197048,-72.90298732,0.74443536,2.86731014,3.31596675,0.98373431,-3.16699627,-0.21520665,-0.09347267,-0.16121411,9.58531354,1.95148210,0.14319320,0.10375669,4
117.37886139,31.96350484,40.17373210,37.56275640,147.05229544,40.17173210,-72.90635267,0.79475821,2.92943976,3.33682477,0.98962595,-3.18702106,-0.21982224,-0.08098147,-0.05639343,9.95127548,1.23807330,0.72494523,0.21105476,4
117.37886039,31.96350511,40.17343523,37.59215020,146.95669465,40.17143523,-72.91226120,0.84878846,3.00306339,3.35879311,0.99586021,-3.20809879,-0.22516589,-0.07652842,0.05730758,10.35383049,0.31065306,1.30443445,0.33633368,4
117.37885938,31.96350538,40.17313836,37.62153310,146.86109324,40.17113836,-72.91614423,0.90281870,3.07668702,3.38076145,1.00209447,-3.22917653,-0.23050954,-0.07207538,0.17100859,10.75638550,-0.61676718,1.88392367,0.46161260,4
117.37885837,31.96350565,40.17220167,37.65091236,146.76549359,40.17020167,-72.91485277,0.90309208,3.15506786,3.39387399,1.00500000,-3.24203366,-0.23619332,-0.14632042,0.15678055,10.64286962,-1.10791681,1.96671160,0.62426200,4
117.37885736,31.96350592,40.17070650,37.68029786,146.66989903,40.16870650,-72.90872078,0.85644285,3.23760111,3.39925659,1.00500000,-3.24771529,-0.24217399,-0.28925844,0.03088744,10.07889244,-1.21826017,1.61594530,0.81953088,4
117.37885634,31.96350618,40.16921133,37.70969583,146.57431140,40.16721133,-72.90021537,0.80979363,3.32013435,3.40463920,1.00500000,-3.25339693,-0.24815466,-0.43219645,-0.09500566,9.51491526,-1.32860354,1.26517901,1.01479975,4
117.37885533,31.96350644,40.16822635,37.73910809,146.47873083,40.16622635,-72.89163797,0.77477276,3.38954642,3.40849072,1.00449072,-3.25760389,-0.25311317,-0.56209017,-0.18109905,9.07061891,-1.23686494,0.91428390,1.17379222,4
117.37885431,31.96350669,40.16941870,37.76853337,146.38315625,40.16741870,-72.88385265,0.78937904,3.40296034,3.40580793,1.00180793,-3.25551728,-0.25370935,-0.63631389,-0.09733654,9.13709236,-0.28268774,0.56283906,1.17796544,4
117.37885330,31.96350694,40.17061105,37.79797065,146.28758682,40.16861105,-72.87644876,0.80398531,3.41637427,3.40312515,0.99912515,-3.25343067,-0.25430552,-0.71053761,-0.01357403,9.20356581,0.67148947,0.21139423,1.18213866,4
117.37885229,31.96350719,40.17180339,37.82741989,146.19202223,40.16980339,-72.86879382,0.81859159,3.42978819,3.40044236,0.99644236,-3.25134406,-0.25490170,-0.78476133,0.07018848,9.27003926,1.62566667,-0.14005061,1.18631188,4
117.37885127,31.96350745,40.17303322,37.85688205,146.09646275,40.17103322,-72.86087959,0.88660932,3.40720278,3.39173426,0.99212543,-3.24350917,-0.25241696,-0.72958255,0.11370501,9.61937877,1.39760983,-0.22796331,0.99688796,4
117.37885025,31.96350772,40.17427044,37.88635705,146.00090838,40.17227044,-72.85361339,0.96517291,3.37750945,3.38183648,0.98748585,-3.23453931,-0.24932390,-0.64885382,0.14927514,10.02456895,0.93612605,-0.26384275,0.76923912,4
117.37884924,31.96350799,40.17550766,37.91584281,145.90535848,40.17350766,-72.84719717,1.04373650,3.34781613,3.37193871,0.98284627,-3.22556945,-0.24623085,-0.56812509,0.18484527,10.42975913,0.47464228,-0.29972218,0.54159029,4
117.37884823,31.96350827,40.17488565,37.94533860,145.80981268,40.17288565,-72.83929428,1.08762929,3.31445592,3.37004297,0.98137145,-3.22404297,-0.24407138,-0.50164091,0.14383974,10.40880399,0.36064679,-0.34687329,0.44635688,4
117.37884723,31.96350854,40.17303476,37.97485025,145.71427240,40.17103476,-72.82559087,1.10860603,3.27867207,3.37343627,0.98198841,-3.22743627,-0.24252897,-0.44457183,0.05222072,10.10618359,0.47632738,-0.40147452,0.43864484,4
117.37884623,31.96350882,40.17118387,38.00439152,145.61874146,40.16918387,-72.80292856,1.12958278,3.24288821,3.37682957,0.98260538,-3.23082957,-0.24098656,-0.38750274,-0.03939830,9.80356319,0.59200796,-0.45607576,0.43093280,4
117.37884523,31.96350910,40.16977142,38.03397874,145.52322453,40.16777142,-72.77141320,1.14848584,3.21119981,3.37877142,0.98265714,-3.23288571,-0.23942856,-0.34151408,-0.04211305,9.60645706,0.56165483,-0.42619857,0.43868600,4
117.37884422,31.96350938,40.16913715,38.06362528,145.42772552,40.16713715,-72.73382829,1.16370836,3.18678034,3.37813715,0.98170573,-3.23256858,-0.23784288,-0.31519180,0.11296639,9.59662585,0.27210978,-0.24638252,0.47388808,4
117.37884321,31.96350966,40.16850288,38.09333815,145.33224635,40.16650288,-72.69414457,1.17893088,3.16236088,3.37750288,0.98075432,-3.23225144,-0.23625720,-0.28886952,0.26804584,9.58679464,-0.01743527,-0.06656648,0.50909016,4
117.37884220,31.96350994,40.16806460,38.12311746,145.23678687,40.16606460,-72.65636597,1.19003107,3.14551921,3.37867947,0.98025838,-3.23367947,-0.23525838,-0.26955028,0.35624785,9.61052240,-0.25255518,0.10506779,0.54985442,4
117.37884120,31.96351022,40.16837642,38.15295684,145.14134497,40.16637642,-72.62366835,1.18535374,3.15768027,3.38678684,0.98150567,-3.24178684,-0.23650567,-0.27703401,0.18848761,9.76269154,-0.27937187,0.24538769,0.61190700,4
117.37884019,31.96351050,40.16868824,38.18284574,145.04591741,40.16668824,-72.59696100,1.18067641,3.16984132,3.39489422,0.98275296,-3.24989422,-0.23775296,-0.28451774,0.02072737,9.91486067,-0.30618856,0.38570759,0.67395958,4
117.37883919,31.96351078,40.16899994,38.21277474,144.95050128,40.16699994,-72.57501514,1.17599919,3.18201157,3.40299956,0.98399956,-3.25799962,-0.23900063,-0.29200532,-0.14698493,10.06700013,-0.33298211,0.52606324,0.73599593,4
117.37883818,31.96351105,40.16868061,38.24273742,144.85509447,40.16668061,-72.55621416,1.17184795,3.24108690,3.40076428,0.98176428,-3.25608367,-0.24219389,-0.31914804,-0.07002733,10.06763878,-0.24165484,0.84890193,0.71523974,4
117.37883717,31.96351131,40.16836129,38.27272981,144.75969554,40.16636129,-72.53999253,1.16769671,3.30016223,3.39852900,0.97952900,-3.25416771,-0.24538715,-0.34629076,0.00693026,10.06827743,-0.15032758,1.17174063,0.69448354,4
117.37883616,31.96351158,40.16804196,38.30274735,144.66430302,40.16604196,-72.52693117,1.16354547,3.35923756,3.39629371,0.97729371,-3.25225175,-0.24858041,-0.37343347,0.08388785,10.06891608,-0.05900031,1.49457932,0.67372734,4
117.37883515,31.96351184,40.16855072,38.33278404,144.56891519,40.16655072,-72.51764835,1.16134784,3.38021725,3.39297105,0.97507248,-3.24952177,-0.25010144,-0.50641887,0.09950719,9.85036471,-0.41074964,0.76434180,0.74204270,4
117.37883413,31.96351209,40.16918475,38.36283317,144.47353028,40.16718475,-72.51252214,1.15944576,3.39543395,3.38948389,0.97285338,-3.24666863,-0.25136950,-0.65541579,0.10584748,9.59865503,-0.82952608,-0.12520149,0.82383250,4
117.37883312,31.96351236,40.16981878,38.39288742,144.37814628,40.16781878,-72.51227383,1.15754367,3.41065066,3.38599672,0.97063428,-3.24381550,-0.25263755,-0.80441270,0.11218777,9.34694535,-1.24830252,-1.01474479,0.90562229,4
117.37883211,31.96351262,40.17093102,38.42293770,144.28276058,40.16893102,-72.51793197,1.14233648,3.34098412,3.37638809,0.96650868,-3.23508635,-0.24787940,-0.72457121,0.05837171,9.38672209,-1.15037468,-1.12166649,0.86150124,4
117.37883110,31.96351288,40.17223465,38.45297333,144.18736992,40.17023465,-72.52974767,1.12180431,3.23734557,3.36432952,0.96162007,-3.22400550,-0.24070944,-0.55314393,-0.01952015,9.54315763,-0.84565128,-0.91536712,0.76698810,4
117.37883009,31.96351315,40.17353828,38.48298450,144.09197112,40.17153828,-72.54625961,1.10127215,3.13370702,3.35227094,0.95673146,-3.21292465,-0.23353948,-0.38171665,-0.09741202,9.69959317,-0.54092788,-0.70906775,0.67247496,4
117.37882908,31.96351343,40.17400000,38.51296550,143.99656204,40.17200000,-72.56503789,1.10602289,3.13514160,3.35380416,0.95624375,-3.21459686,-0.23328020,-0.36370201,-0.09266256,9.92104032,-0.27338571,-0.19612789,0.53929289,4
117.37882807,31.96351370,40.17400000,38.54291474,143.90114162,40.17200000,-72.58391060,1.12463946,3.19420106,3.36279147,0.95816960,-3.22326320,-0.23681093,-0.42982292,-0.04259041,10.17814155,-0.02623471,0.48498174,0.38490376,4
117.37882705,31.96351397,40.17400000,38.57283390,143.80570958,40.17200000,-72.60141591,1.14325603,3.25326052,3.37177877,0.96009545,-3.23192953,-0.24034166,-0.49594384,0.00748174,10.43524279,0.22091629,1.16609138,0.23051463,4
117.37882605,31.96351424,40.17365680,38.60272635,143.71026601,40.17165680,-72.61754531,1.13226617,3.27756803,3.37376922,0.95979881,-3.23411242,-0.24200000,-0.51842008,0.03563316,10.30580939,-0.26393794,1.04035870,0.36769337,4
117.37882504,31.96351451,40.17300964,38.63259380,143.61481067,40.17100964,-72.63397564,1.09505448,3.27109643,3.36956268,0.95753375,-3.23055304,-0.24200000,-0.50224108,0.04436982,9.83402988,-1.39711479,0.20002167,0.76310802,4
117.37882403,31.96351478,40.17236248,38.66243381,143.51934261,40.17036248,-72.65316116,1.05784279,3.26462483,3.36535614,0.95526869,-3.22699366,-0.24200000,-0.48606208,0.05310647,9.36225037,-2.53029164,-0.64031536,1.15852267,4
117.37882303,31.96351505,40.17284618,38.69223959,143.42386004,40.17084618,-72.67727182,1.00992213,3.23942232,3.36300000,0.95244866,-3.22542309,-0.24073072,-0.48264122,0.00060056,9.13664238,-2.69367585,-0.99366257,1.50988915,4
117.37882202,31.96351531,40.17476983,38.72200124,143.32836048,40.17276983,-72.70775348,0.94836555,3.19036943,3.36300000,0.94892198,-3.22638491,-0.23784526,-0.49546551,-0.12988656,9.22448874,-1.62220668,-0.72691740,1.80516836,4
117.37882101,31.96351558,40.17669347,38.75170703,143.23284103,40.17469347,-72.74541743,0.88680898,3.14131653,3.36300000,0.94539531,-3.22734673,-0.23495980,-0.50828980,-0.26037368,9.31233510,-0.55073752,-0.46017224,2.10044756,4
117.37881999,31.96351584,40.17852806,38.78134432,143.13729849,40.17652806,-72.78911160,0.85175919,3.10631020,3.36025408,0.94057091,-3.22588775,-0.23257755,-0.51435969,-0.31921731,9.45817971,0.13644484,-0.22070196,2.36151590,4
117.37881898,31.96351611,40.18017412,38.81090538,143.04173063,40.17817412,-72.83541910,0.87282873,3.10104282,3.35169458,0.93299905,-3.21930352,-0.23126070,-0.50612940,-0.22637965,9.72681632,0.01002761,-0.03897719,2.55015411,4
117.37881796,31.96351637,40.18182018,38.84038935,142.94613654,40.17982018,-72.88105812,0.89389827,3.09577543,3.34313508,0.92542718,-3.21271929,-0.22994386,-0.49789911,-0.13354200,9.99545293,-0.11638961,0.14274757,2.73879231,4
117.37881694,31.96351662,40.18272426,38.86979977,142.85051637,40.18072426,-72.92650921,0.92085685,3.10119136,3.33764339,0.91843747,-3.20910296,-0.22964339,-0.51111802,-0.07968407,10.16345908,-0.10194279,0.31022500,2.95892814,4
117.37881593,31.96351688,40.18175075,38.89913391,142.75486956,40.17975075,-72.97627504,0.96271785,3.13364174,3.33991492,0.91292090,-3.21299701,-0.23191492,-0.57861483,-0.12446561,10.07681654,0.26896514,0.44164907,3.25876972,4
117.37881493,31.96351714,40.18077724,38.92837951,142.65919406,40.17877724,-73.03435872,1.00457885,3.16609213,3.34218645,0.90740434,-3.21689106,-0.23418645,-0.64611164,-0.16924714,9.99017401,0.63987307,0.57307314,3.55861130,4
117.37881392,31.96351739,40.17986586,38.95751995,142.56348700,40.17786586,-73.10007192,1.04128654,3.18462204,3.34037809,0.90038418,-3.21698175,-0.23539635,-0.69570737,-0.19332942,9.85392768,0.84665967,0.55934906,3.84112750,4
117.37881290,31.96351765,40.17920051,38.98654554,142.46774624,40.17720051,-73.16892075,1.05758754,3.14802796,3.32241373,0.88740991,-3.20201144,-0.23240229,-0.67441627,-0.13544423,9.52125420,0.40353859,-0.02915033,4.05503655,4
117.37881189,31.96351791,40.17853516,39.01545546,142.37197087,40.17653516,-73.23787383,1.07388854,3.11143388,3.30444936,0.87443565,-3.18704113,-0.22940823,-0.65312517,-0.07755904,9.18858072,-0.03958249,-0.61764971,4.26894560,4
117.37881087,31.96351817,40.17851974,39.04425056,142.27616040,40.17651974,-73.30855900,1.08596052,3.07927135,3.28935032,0.86211594,-3.17480510,-0.22661019,-0.62963316,-0.02664716,9.03254963,-0.39515542,-0.93345320,4.46815652,4
117.37880986,31.96351844,40.18117602,39.07292420,142.18031357,40.17917602,-73.38574199,1.08064796,3.06532590,3.28602998,0.85248693,-3.17380899,-0.22461799,-0.59709377,-0.00440084,9.60265300,-0.39083897,-0.12826935,4.60694697,4
117.37880885,31.96351870,40.18383230,39.10146051,142.08442771,40.18183230,-73.47254960,1.07533541,3.05138045,3.28270963,0.84285793,-3.17281289,-0.22262578,-0.56455438,0.01784547,10.17275637,-0.38652252,0.67691450,4.74573743,4
117.37880783,31.96351897,40.18600000,39.12984213,141.98849935,40.18400000,-73.56815523,1.07137344,3.04983396,3.27744815,0.83263487,-3.16994607,-0.22143568,-0.55331111,0.02685068,10.59281357,-0.44038553,1.24866859,4.87561815,4
117.37880682,31.96351923,40.18600000,39.15805651,141.89252484,40.18400000,-73.67011499,1.07340378,3.10329943,3.26357420,0.81977609,-3.15877923,-0.22380441,-0.63655481,-0.02289251,10.34714313,-0.75238022,0.78473723,4.96596802,4
117.37880581,31.96351948,40.18600000,39.18609522,141.79650060,40.18400000,-73.77905910,1.07543411,3.15676490,3.24970025,0.80691730,-3.14761239,-0.22617313,-0.71979851,-0.07263570,10.10147269,-1.06437491,0.32080586,5.05631790,4
117.37880480,31.96351974,40.18631124,39.21394353,141.70042256,40.18431124,-73.89981459,1.06805186,3.18064840,3.23596541,0.79396541,-3.13666570,-0.22698847,-0.79504900,-0.09349278,9.83527946,-1.19178663,-0.18055922,5.16327093,4
117.37880378,31.96352000,40.18767183,39.24157587,141.60428571,40.18567183,-74.03645624,1.02893478,3.10479526,3.22269962,0.78069962,-3.12646125,-0.22256654,-0.84335010,-0.01695934,9.49989294,-0.69687042,-0.80813338,5.32620211,4
117.37880276,31.96352026,40.18903243,39.26896304,141.50808493,40.18703243,-74.18476941,0.98981769,3.02894212,3.20943382,0.76743382,-3.11625679,-0.21814461,-0.89165120,0.05957409,9.16450643,-0.20195421,-1.43570755,5.48913329,4
117.37880175,31.96352051,40.19100415,39.29609425,141.41181715,40.18900415,-74.33324531,0.98619994,2.95059923,3.19528051,0.75368217,-3.10518424,-0.21309212,-0.88764159,0.10907968,9.03233916,0.32080539,-1.71099378,5.65219491,4
117.37880074,31.96352077,40.19448038,39.32298078,141.31548178,40.19248038,-74.47225320,1.06997705,2.86612687,3.17894223,0.73873438,-3.09197457,-0.20648729,-0.75484965,0.09204616,9.40047178,0.91211189,-1.11899203,5.81557765,4
117.37879973,31.96352102,40.19795660,39.34964552,141.21908002,40.19595660,-74.60071895,1.15375416,2.78165452,3.16260396,0.72378660,-3.07876490,-0.19988245,-0.62205772,0.07501264,9.76860440,1.50341839,-0.52699028,5.97896040,4
117.37879871,31.96352127,40.19985814,39.37610306,141.12261310,40.19785814,-74.72368559,1.21832120,2.73072323,3.15314186,0.71031852,-3.07213490,-0.19571627,-0.55180246,0.10741703,10.12501877,1.40257110,-0.16977891,6.10876339,4
117.37879769,31.96352152,40.19951396,39.40235802,141.02608213,40.19751396,-74.84514079,1.25549232,2.72762564,3.15348604,0.69896068,-3.07488832,-0.19502792,-0.57073220,0.21032596,10.46472147,0.31462758,-0.14740740,6.19067752,4
117.37879667,31.96352177,40.19916978,39.42841051,140.92948847,40.19716978,-74.96653211,1.29266344,2.72452805,3.15383022,0.68760284,-3.07764174,-0.19433957,-0.58966194,0.31323488,10.80442418,-0.77331595,-0.12503589,6.27259165,4
117.37879565,31.96352201,40.19900000,39.45425996,140.83283305,40.19700000,-75.08918529,1.28535059,2.73441926,3.15048638,0.67514844,-3.07689183,-0.19487840,-0.60233794,0.31533639,10.68300489,-1.30332413,0.20222565,6.37817762,4
117.37879464,31.96352224,40.19900000,39.47990221,140.73611533,40.19700000,-75.21626523,1.23472993,2.75695585,3.14355205,0.66162649,-3.07273123,-0.19661199,-0.60892556,0.21929584,10.11265577,-1.29014889,0.82631587,6.50680955,4
117.37879362,31.96352247,40.19900000,39.50532609,140.63933309,40.19700000,-75.35188793,1.18410928,2.77949244,3.13661771,0.64810453,-3.06857063,-0.19834557,-0.61551318,0.12325528,9.54230665,-1.27697365,1.45040609,6.63544148,4
117.37879259,31.96352269,40.20092959,39.53051319,140.54248348,40.19892959,-75.49847467,1.14977768,2.82873580,3.12992642,0.63463844,-3.06464161,-0.20114399,-0.63236473,0.10350872,9.16277042,-0.99563978,1.48360741,6.70565429,4
117.37879156,31.96352291,40.20402933,39.55544350,140.44556472,40.20202933,-75.65574707,1.12532415,2.89417480,3.12338252,0.62120623,-3.06085304,-0.20458815,-0.65544059,0.13002873,8.89894791,-0.55168780,1.15847889,6.74044029,4
117.37879053,31.96352312,40.20712907,39.58009903,140.34857634,40.20512907,-75.82219408,1.10087063,2.95961380,3.11683862,0.60777401,-3.05706446,-0.20803231,-0.67851645,0.15654875,8.63512540,-0.10773582,0.83335036,6.77522629,4
117.37878950,31.96352333,40.21026279,39.60446476,140.25151855,40.20826279,-75.99761369,1.14654706,2.97397726,3.10092041,0.59218320,-3.04393178,-0.20724005,-0.73855274,0.16777132,9.04372896,0.41349144,0.35028556,6.79857675,4
117.37878847,31.96352354,40.21340978,39.62852353,140.15439075,40.21140978,-76.18507326,1.21962723,2.96838260,3.08133912,0.57574890,-3.02714781,-0.20479239,-0.81303158,0.17301631,9.71508745,0.96491454,-0.19449388,6.81745871,4
117.37878744,31.96352375,40.21655678,39.65224979,140.05719132,40.21455678,-76.39015815,1.29270740,2.96278795,3.06175783,0.55931460,-3.01036385,-0.20234473,-0.88751041,0.17826130,10.38644595,1.51633763,-0.73927333,6.83634067,4
117.37878642,31.96352396,40.21609036,39.67560681,139.95991796,40.21409036,-76.61707078,1.32331539,2.90166027,3.04747784,0.54426498,-2.99860034,-0.19805821,-0.85615637,0.11562812,10.48918680,0.75227592,-0.64498689,6.79715637,4
117.37878538,31.96352416,40.21503160,39.69855423,139.86256842,40.21303160,-76.86093291,1.34696102,2.83142920,3.03406688,0.52944234,-2.98765983,-0.19347025,-0.80745342,0.04186786,10.49871564,-0.22742980,-0.44594005,6.74845342,4
117.37878435,31.96352437,40.21399091,39.72107315,139.76513974,40.21199091,-77.10782795,1.36847236,2.76320005,3.02082723,0.51466356,-2.97688179,-0.18901819,-0.75768127,-0.02831778,10.49372388,-1.18042690,-0.24325247,6.70007251,4
117.37878332,31.96352456,40.21363649,39.74317350,139.66762811,40.21163649,-77.34506768,1.30892983,2.77099728,3.01409325,0.50155002,-2.97227433,-0.18972703,-0.66730420,0.03724989,9.93728469,-1.11911226,0.09769944,6.66392168,4
117.37878229,31.96352476,40.21328207,39.76488177,139.57003007,40.21128207,-77.57115719,1.24938729,2.77879452,3.00735928,0.48843649,-2.96766687,-0.19043587,-0.57692714,0.10281757,9.38084550,-1.05779763,0.43865136,6.62777085,4
117.37878126,31.96352496,40.21371421,39.78621257,139.47234395,40.21171421,-77.79319667,1.20000022,2.79042797,3.00192858,0.47550028,-2.96428568,-0.19121426,-0.51685582,0.14707231,9.00185003,-0.95957694,0.66593348,6.63656724,4
117.37878023,31.96352516,40.21721275,39.80716603,139.37457000,40.21521275,-78.01698709,1.19020431,2.81701688,3.00157873,0.46325538,-2.96568510,-0.19226382,-0.57493162,0.10823850,9.31461967,-0.71747784,0.45007345,6.82059054,4
117.37877920,31.96352536,40.22071129,39.82773546,139.27670895,40.21871129,-78.24248457,1.18040839,2.84360580,3.00122887,0.45101049,-2.96708452,-0.19331339,-0.63300741,0.06940468,9.62738930,-0.47537875,0.23421342,7.00461384,4
117.37877816,31.96352555,40.22373159,39.84792126,139.17876052,40.22173159,-78.46573437,1.19680109,2.84575863,2.99624469,0.43751311,-2.96397628,-0.19278069,-0.70892053,0.03802538,9.86358012,-0.08008812,-0.06368130,7.20754727,4
117.37877713,31.96352573,40.22584716,39.86773125,139.08072338,40.22384716,-78.68522284,1.26273636,2.80168425,2.98249349,0.42164633,-2.95234064,-0.18925474,-0.81857759,0.02074823,9.95490223,0.60500403,-0.51676591,7.44625410,4
117.37877609,31.96352590,40.22796273,39.88717141,138.98259603,40.22596273,-78.90478240,1.32867163,2.75760987,2.96874228,0.40577955,-2.94070501,-0.18572879,-0.92823464,0.00347107,10.04622435,1.29009617,-0.96985053,7.68496094,4
117.37877505,31.96352606,40.22989958,39.90623571,138.88437775,40.22789958,-79.13096216,1.39428433,2.70577423,2.95786195,0.39008373,-2.93194144,-0.18238076,-0.91579117,-0.01741416,10.01111761,1.30449138,-0.89370045,7.88242214,4
117.37877401,31.96352622,40.23166451,39.92490650,138.78606856,40.22966451,-79.36805816,1.45958672,2.64647260,2.94974327,0.37455235,-2.92594068,-0.17920389,-0.78589236,-0.04177018,9.85439187,0.67370558,-0.30844983,8.04020683,4
117.37877297,31.96352638,40.23342944,39.94316227,138.68766897,40.23142944,-79.61614113,1.52488911,2.58717097,2.94162460,0.35902097,-2.91993992,-0.17602702,-0.65599355,-0.06612621,9.69766614,0.04291978,0.27680078,8.19799153,4
117.37877192,31.96352653,40.23543080,39.96098502,138.58917979,40.23343080,-79.87324211,1.54576153,2.58302337,2.93470761,0.34303056,-2.91489994,-0.17547693,-0.65310845,-0.02487597,9.61528400,-0.42188200,0.40447572,8.44001141,4
117.37877088,31.96352668,40.23754511,39.97836015,138.49060233,40.23554511,-80.13919629,1.54540915,2.60522361,2.92836468,0.32682086,-2.91031894,-0.17618170,-0.71089956,0.04771530,9.56841682,-0.80739094,0.31356045,8.72227161,4
117.37876984,31.96352683,40.23965941,39.99527007,138.39193872,40.23765941,-80.41708358,1.54505676,2.62742385,2.92202176,0.31061116,-2.90573794,-0.17688647,-0.76869066,0.12030656,9.52154965,-1.19289988,0.22264518,9.00453181,4
117.37876879,31.96352697,40.24177667,40.01168909,138.29319183,40.23977667,-80.71114219,1.54026221,2.63721835,2.91626221,0.29349052,-2.90144666,-0.17700000,-0.76230607,0.18530014,9.55456733,-0.95030089,0.35427926,9.27534113,4
117.37876774,31.96352710,40.24389449,40.02758459,138.19436480,40.24189449,-81.02155704,1.53461468,2.64463073,2.91061468,0.27619496,-2.89721101,-0.17700000,-0.74359863,0.24883483,9.60292428,-0.58709424,0.52864669,9.54395168,4
117.37876669,31.96352723,40.24600827,40.04293064,138.09545902,40.24400827,-81.34188926,1.52902480,2.65221283,2.90493388,0.25889049,-2.89294421,-0.17700413,-0.72497520,0.31200413,9.65218192,-0.22748979,0.70288437,9.81228936,4
117.37876565,31.96352735,40.24742938,40.05771810,137.99647395,40.24542938,-81.66353495,1.53328813,2.68880645,2.89356499,0.24006076,-2.88335171,-0.17771469,-0.72071187,0.31271469,9.85540089,-0.48364517,0.85494332,10.03398279,4
117.37876460,31.96352747,40.24885049,40.07195187,137.89740820,40.24685049,-81.98367165,1.53755147,2.72540008,2.88219609,0.22123103,-2.87375920,-0.17842524,-0.71644853,0.31342524,10.05861986,-0.73980056,1.00700227,10.25567621,4
117.37876355,31.96352759,40.25000000,40.08563243,137.79826302,40.24800000,-82.30740768,1.53477435,2.77155612,2.87135807,0.20230566,-2.86456331,-0.17982096,-0.71785737,0.30756911,10.16122241,-0.98038590,1.19081980,10.44170454,4
117.37876250,31.96352771,40.25000000,40.09874588,137.69904229,40.24800000,-82.64180400,1.50219948,2.85818380,2.86276690,0.18297551,-2.85704603,-0.18411655,-0.74327293,0.27392034,9.83797944,-1.15507313,1.50905125,10.47678518,4
117.37876145,31.96352782,40.25000000,40.11126735,137.59975119,40.24800000,-82.98791424,1.46962461,2.94481149,2.85417572,0.16364537,-2.84952876,-0.18841214,-0.76868849,0.24027157,9.51473647,-1.32976036,1.82728270,10.51186581,4
117.37876040,31.96352793,40.24985939,40.12317959,137.50039205,40.24785939,-83.33907344,1.45014061,3.02835638,2.84548471,0.14426636,-2.84176593,-0.19226550,-0.84418175,0.23799828,9.40535122,-1.25501720,1.84407921,10.60893025,4
117.37875935,31.96352803,40.24950570,40.13448200,137.40096444,40.24750570,-83.68739672,1.45049430,3.10722966,2.83664241,0.12481331,-2.83363102,-0.19544873,-0.99556186,0.28327084,9.62004217,-0.80229163,1.40408655,10.79992385,4
117.37875830,31.96352813,40.24915200,40.14518537,137.30146742,40.24715200,-84.03130409,1.45084800,3.18610294,2.82780012,0.10536026,-2.82549611,-0.19863196,-1.14694197,0.32854339,9.83473313,-0.34956606,0.96409389,10.99091744,4
117.37875725,31.96352822,40.24859056,40.15529416,137.20190386,40.24659056,-84.37619130,1.41558310,3.15469369,2.80844113,0.08533085,-2.80685057,-0.19570084,-1.22592109,0.25710345,10.01912488,-0.65554520,-0.05166728,11.11640106,4
117.37875620,31.96352832,40.24787253,40.16479947,137.10227963,40.24587253,-84.72804820,1.35347369,3.04016824,2.78115607,0.06486705,-2.78028354,-0.18816155,-1.25033404,0.09770125,10.18068116,-1.53333431,-1.50136563,11.19251201,4
117.37875515,31.96352841,40.24715450,40.17368452,137.00260102,40.24515450,-85.08732705,1.29136427,2.92564279,2.75387101,0.04440326,-2.75371651,-0.18062225,-1.27474699,-0.06170094,10.34223744,-2.41112343,-2.95106398,11.26862297,4
117.37875409,31.96352850,40.24756857,40.18193933,136.90287016,40.24556857,-85.44929961,1.20181200,2.75828964,2.73691294,0.02521725,-2.73691294,-0.17189291,-1.09834278,0.00662638,9.99435429,-2.36376034,-2.66685731,11.09509856,4
117.37875304,31.96352857,40.24829302,40.18956439,136.80308543,40.24629302,-85.81046949,1.10473582,2.57645291,2.72278618,0.00638158,-2.72278618,-0.16283730,-0.86688129,0.13738944,9.50680003,-2.06275173,-1.90727241,10.85313256,4
117.37875198,31.96352865,40.24910407,40.19656219,136.70324527,40.24710407,-86.17300625,1.00915874,2.39875716,2.70906938,-0.01243364,-2.70906071,-0.15399133,-0.63804259,0.26434087,9.03602153,-1.75998033,-1.15065789,10.62248119,4
117.37875093,31.96352873,40.25342093,40.20292513,136.60335299,40.25142093,-86.54233605,0.97426414,2.38868449,2.71194729,-0.03042055,-2.71157888,-0.15363159,-0.51537188,0.23700077,9.24430992,-1.38585265,-0.51428110,10.84983569,4
117.37874988,31.96352880,40.25773779,40.20863602,136.50341675,40.25573779,-86.92110767,0.93936954,2.37861183,2.71482519,-0.04840745,-2.71409704,-0.15327185,-0.39270117,0.20966067,9.45259830,-1.01172498,0.12209568,11.07719020,4
117.37874882,31.96352886,40.26150344,40.21367788,136.40344530,40.25950344,-87.30608294,0.92004817,2.39550076,2.72178268,-0.06720222,-2.72061487,-0.15434251,-0.31342508,0.15921311,9.67074847,-0.61580982,0.79204186,11.43090978,4
117.37874776,31.96352890,40.26356411,40.21804527,136.30344308,40.26156411,-87.69099321,0.94889757,2.49578680,2.74135907,-0.08849583,-2.73950436,-0.15983763,-0.36837633,0.03729002,9.91940290,-0.15250206,1.56582421,12.17549928,4
117.37874671,31.96352893,40.26562478,40.22174359,136.20341083,40.26362478,-88.07343508,0.97774698,2.59607284,2.76093545,-0.10978944,-2.75839386,-0.16533276,-0.42332758,-0.08463308,10.16805732,0.31080570,2.33960656,12.92008878,4
117.37874565,31.96352894,40.26711313,40.22477584,136.10335227,40.26511313,-88.45839834,1.00808684,2.72341199,2.77354748,-0.13191917,-2.77009495,-0.17205454,-0.52165643,-0.13421017,10.17131752,0.53164463,2.91279180,13.54981588,4
117.37874460,31.96352894,40.26745323,40.22712967,136.00327781,40.26545323,-88.85528033,1.04141697,2.90502717,2.77218706,-0.15572641,-2.76737412,-0.18123733,-0.70701275,-0.03864113,9.68224892,0.26602393,3.08352367,13.94909720,4
117.37874354,31.96352894,40.26779334,40.22877520,135.90320170,40.26579334,-89.26918320,1.07474710,3.08664236,2.77082665,-0.17953364,-2.76465330,-0.19042012,-0.89236907,0.05692791,9.19318032,0.00040322,3.25425555,14.34837851,4
117.37874248,31.96352893,40.26786568,40.22968271,135.80313172,40.26586568,-89.69588065,1.11823675,3.27127701,2.76583619,-0.20353647,-2.75803029,-0.19908928,-1.07699363,0.13259546,9.03515187,-0.06120286,3.37922200,14.70006498,4
117.37874142,31.96352891,40.26752335,40.22983751,135.70306527,40.26552335,-90.12674423,1.17746061,3.46058797,2.75522382,-0.22784222,-2.74536392,-0.20696297,-1.26048490,0.17744127,9.38981037,0.19315164,3.43331085,14.97804056,4
117.37874036,31.96352889,40.26718101,40.22923998,135.60299399,40.26518101,-90.55915099,1.23668447,3.64989892,2.74461145,-0.25214796,-2.73269754,-0.21483666,-1.44397617,0.22228709,9.74446887,0.44750615,3.48739969,15.25601614,4
117.37873930,31.96352887,40.26617086,40.22788419,135.50291655,40.26417086,-90.99845190,1.28740193,3.78449232,2.72291464,-0.27544719,-2.70875384,-0.21933166,-1.60053242,0.23588446,9.93432160,0.24138830,2.81487718,15.52521559,4
117.37873825,31.96352884,40.26441135,40.22575172,135.40284202,40.26241135,-91.45035232,1.32857448,3.85768797,2.68878013,-0.29761703,-2.67215601,-0.22003546,-1.72686530,0.21441843,9.93924823,-0.48141872,1.32703489,15.78456748,4
117.37873719,31.96352880,40.26265184,40.22281713,135.30278634,40.26065184,-91.91374481,1.36974704,3.93088362,2.65464562,-0.31978687,-2.63555819,-0.22073927,-1.85319817,0.19295240,9.94417486,-1.20422573,-0.16080740,16.04391936,4
117.37873613,31.96352877,40.26109139,40.21906629,135.20276075,40.25909139,-92.38194616,1.38886159,3.80694352,2.61814898,-0.34117485,-2.59587745,-0.21259535,-1.83389859,0.13548073,9.82810780,-1.08697635,-1.62833357,16.27015844,4
117.37873508,31.96352874,40.25964809,40.21449704,135.10276865,40.25764809,-92.85054991,1.39499563,3.56699446,2.58026228,-0.36210274,-2.55438250,-0.19924480,-1.72889833,0.05682074,9.64083929,-0.47537687,-3.08390426,16.47691154,4
117.37873402,31.96352872,40.25820478,40.20911022,135.00280982,40.25620478,-93.32202504,1.40112967,3.32704540,2.54237559,-0.38303063,-2.51288755,-0.18589426,-1.62389806,-0.02183925,9.45357077,0.13622262,-4.53947495,16.68366464,4
117.37873296,31.96352871,40.25928042,40.20289507,134.90289086,40.25728042,-93.80268102,1.44681474,3.14127009,2.52035452,-0.40648674,-2.48683337,-0.17567726,-1.35003481,-0.00387042,9.55344159,0.13465094,-3.15731739,16.91658697,4
117.37873191,31.96352870,40.26077256,40.19583127,134.80302688,40.25877256,-94.29575714,1.49903944,2.96445220,2.50095678,-0.43036088,-2.46333225,-0.16597839,-1.04825069,0.03007563,9.70078984,0.03169368,-1.30595202,17.15383629,4
117.37873085,31.96352867,40.26218476,40.18789783,134.70323627,40.26018476,-94.79787088,1.54902096,2.82275683,2.48832572,-0.45535810,-2.44634032,-0.15836952,-0.80831430,0.05917016,9.84121527,-0.06266922,0.21546032,17.39833150,4
117.37872979,31.96352861,40.26322632,40.17908652,134.60353016,40.26122632,-95.30195127,1.58860025,2.84393522,2.50707380,-0.48556335,-2.45953342,-0.16045264,-0.85518451,0.06576671,9.94953753,-0.11717754,0.20678065,17.67642807,4
117.37872873,31.96352853,40.26426788,40.16940018,134.50391148,40.26226788,-95.80432639,1.62817954,2.86511361,2.52582189,-0.51576859,-2.47272651,-0.16253577,-0.90205471,0.07236326,10.05785979,-0.17168585,0.19810098,17.95452464,4
117.37872768,31.96352843,40.26551550,40.15884267,134.40438270,40.26351550,-96.30804883,1.65249459,2.86432875,2.53497909,-0.54442323,-2.47612328,-0.16317520,-0.97778665,0.08401082,10.06224215,-0.36671255,0.09085855,18.21598423,4
117.37872663,31.96352833,40.26725064,40.14740689,134.30495495,40.26525064,-96.82022183,1.64069564,2.81158052,2.52144500,-0.56940923,-2.45634270,-0.16039897,-1.12180318,0.10760871,9.82071081,-0.89419477,-0.24957571,18.43808201,4
117.37872558,31.96352821,40.26898578,40.13507378,134.20564738,40.26698578,-97.34555333,1.62889670,2.75883230,2.50791092,-0.59439523,-2.43656211,-0.15762275,-1.26581971,0.13120660,9.57917948,-1.42167700,-0.59000996,18.66017979,4
117.37872454,31.96352808,40.27156337,40.12182109,134.10647871,40.26956337,-97.88251322,1.61986813,2.72942125,2.49772601,-0.61951722,-2.41974139,-0.15585788,-1.34445714,0.12922416,9.48149014,-1.48170825,-0.47575729,18.75887470,4
117.37872349,31.96352794,40.27532616,40.10763434,134.00745772,40.27332616,-98.42607780,1.61473705,2.73284197,2.49225285,-0.64483055,-2.40708473,-0.15551580,-1.33111633,0.09125418,9.58616415,-0.88410859,0.27816924,18.68396095,4
117.37872245,31.96352778,40.27908895,40.09250653,133.90858419,40.27708895,-98.97464337,1.60960597,2.73626269,2.48677970,-0.67014387,-2.39442807,-0.15517373,-1.31777553,0.05328420,9.69083816,-0.28650893,1.03209578,18.60904720,4
117.37872141,31.96352762,40.28255095,40.07642749,133.80985949,40.28055095,-99.53227380,1.62767930,2.76643403,2.47469432,-0.69368430,-2.37507544,-0.15551698,-1.30445156,0.03985913,9.85687450,-0.07243796,1.27955060,18.71368715,4
117.37872037,31.96352744,40.28570251,40.05937754,133.71129591,40.28370251,-100.10424854,1.66970014,2.82421269,2.45578494,-0.71539507,-2.34881241,-0.15656750,-1.29114496,0.05176504,10.08623827,-0.25417811,1.00431408,19.00363097,4
117.37871934,31.96352726,40.28885407,40.04133149,133.61291626,40.28685407,-100.69175407,1.71172098,2.88199135,2.43687556,-0.73710584,-2.32254938,-0.15761802,-1.27783835,0.06367095,10.31560204,-0.43591826,0.72907755,19.29357479,4
117.37871830,31.96352707,40.29129507,40.02226804,133.51474440,40.28929507,-101.29043888,1.71987711,2.91271303,2.42870493,-0.76205176,-2.30587711,-0.15843169,-1.31724824,0.04749472,10.22999329,-0.61078593,0.64540423,19.71996166,4
117.37871727,31.96352688,40.29333008,40.00217676,133.41679567,40.29133008,-101.89398225,1.70868454,2.92797562,2.42666992,-0.78884610,-2.29468454,-0.15911003,-1.38677784,0.01527368,9.96442414,-0.78172699,0.67118105,20.22430562,4
117.37871624,31.96352668,40.29536510,39.98105603,133.31907751,40.29336510,-102.49964217,1.69749197,2.94323822,2.42463490,-0.81564043,-2.28349197,-0.15978837,-1.45630744,-0.01694735,9.69885500,-0.95266805,0.69695788,20.72864957,4
117.37871521,31.96352649,40.29841342,39.95890400,133.22159911,40.29641342,-103.11113603,1.72368508,2.95282684,2.40710605,-0.83848053,-2.25634847,-0.15903463,-1.49199784,0.00920131,9.64713313,-0.63867733,0.61232464,21.21494928,4
117.37871418,31.96352629,40.30192125,39.93570827,133.12437858,40.29992125,-103.73585079,1.76683139,2.95984250,2.38255124,-0.85952751,-2.22197174,-0.15763150,-1.51234325,0.06181876,9.69238414,-0.10478562,0.47762397,21.69306649,4
117.37871315,31.96352608,40.30542908,39.91144484,133.02744185,40.30342908,-104.37824211,1.80997769,2.96685816,2.35799644,-0.88057448,-2.18759501,-0.15622837,-1.53268867,0.11443621,9.73763514,0.42910608,0.34292330,22.17118370,4
117.37871212,31.96352586,40.30857125,39.88608757,132.93081357,40.30657125,-105.03435583,1.86213978,2.94543011,2.34885749,-0.90656989,-2.16657248,-0.15457153,-1.53285736,0.07586036,9.87584822,0.33172685,0.18243802,22.46012846,4
117.37871110,31.96352563,40.31164234,39.85962472,132.83450936,40.30964234,-105.69443778,1.91605448,2.91847276,2.34271531,-0.93352724,-2.14814594,-0.15286536,-1.52910380,0.01955703,10.03213261,0.11163202,0.01694035,22.71229913,4
117.37871008,31.96352539,40.31471343,39.83206121,132.73853701,40.31271343,-106.35202807,1.96996919,2.89151541,2.33657313,-0.96048459,-2.12971939,-0.15115920,-1.52535025,-0.03674630,10.18841701,-0.10846282,-0.14855731,22.96446980,4
117.37870905,31.96352515,40.31628595,39.80340696,132.64290565,40.31460744,-107.01011554,1.99686119,2.87614048,2.30931649,-0.97810994,-2.09135035,-0.14874958,-1.56004220,0.00590173,10.08726428,-0.23444810,0.03757305,22.86679898,4
117.37870803,31.96352490,40.31770425,39.77365915,132.54763305,40.31638031,-107.67766434,2.02097220,2.86195753,2.27988688,-0.99477490,-2.05092897,-0.14626757,-1.59869073,0.05873319,9.95961779,-0.35074824,0.25989069,22.73312474,4
117.37870702,31.96352464,40.31917721,39.74280053,132.45274469,40.31817721,-108.36017707,2.04725293,2.84702121,2.25279326,-1.01221507,-2.01258236,-0.14394093,-1.62773874,0.10484400,9.83381485,-0.39645480,0.44238510,22.60993677,4
117.37870602,31.96352436,40.32122819,39.71081149,132.35826668,40.32022819,-109.05391314,2.09647645,2.82411860,2.25040045,-1.03785232,-1.99617452,-0.14325727,-1.55527078,0.07989041,9.72750573,0.30429666,0.20378777,22.59763089,4
117.37870503,31.96352406,40.32327917,39.67768669,132.26421683,40.32227917,-109.74954273,2.14569997,2.80121599,2.24800764,-1.06348957,-1.97976668,-0.14257361,-1.48280283,0.05493682,9.62119660,1.00504811,-0.03480955,22.58532501,4
117.37870403,31.96352376,40.32545725,39.64343575,132.17060497,40.32445725,-110.44157852,2.20420408,2.78182853,2.24251346,-1.08762920,-1.96051298,-0.14165706,-1.41994237,0.05206143,9.59092828,1.56659373,-0.14629323,22.58620266,4
117.37870303,31.96352346,40.32829786,39.60807044,132.07743936,40.32729786,-111.13326176,2.31108204,2.78076330,2.22085381,-1.10396270,-1.92642566,-0.13952660,-1.40715962,0.16426553,9.95701189,1.40254850,0.40478512,22.65579761,4
117.37870204,31.96352314,40.33113847,39.57159076,131.98473568,40.33013847,-111.83238230,2.41795999,2.77969807,2.19919415,-1.12029621,-1.89233834,-0.13739615,-1.39437688,0.27646962,10.32309551,1.23850327,0.95586347,22.72539255,4
117.37870105,31.96352281,40.33323456,39.53398553,131.89251704,40.33223456,-112.54197742,2.50090066,2.78732679,2.18546911,-1.13979590,-1.86495702,-0.13646911,-1.41543696,0.33299459,10.48735523,0.82326064,1.19831394,22.77580843,4
117.37870008,31.96352246,40.33391508,39.49524778,131.80080868,40.33291508,-113.25580602,2.53832935,2.81148531,2.18683016,-1.16531547,-1.85032580,-0.13783016,-1.50084243,0.28365676,10.26788699,-0.06958379,0.85396997,22.78975912,4
117.37869911,31.96352210,40.33459560,39.45538789,131.70962720,40.33359560,-113.96394261,2.57575804,2.83564383,2.18819120,-1.19083503,-1.83569458,-0.13919120,-1.58624790,0.23431894,10.04841875,-0.96242823,0.50962600,22.80370982,4
117.37869815,31.96352173,40.33629953,39.41442944,131.61897985,40.33529953,-114.66406407,2.60796308,2.82603084,2.17715981,-1.20932103,-1.81025047,-0.13855607,-1.61981729,0.21149766,9.77880562,-1.10169629,0.22919393,22.75424299,4
117.37869718,31.96352136,40.33950231,39.37238577,131.52886910,40.33850231,-115.36492260,2.63251775,2.76695730,2.14797891,-1.21750592,-1.76897016,-0.13499743,-1.57746939,0.22751157,9.43575205,-0.13730296,0.04236496,22.61189712,4
117.37869623,31.96352098,40.34270510,39.32924747,131.43930322,40.34170510,-116.07793666,2.65707241,2.70788376,2.11879800,-1.22569080,-1.72768986,-0.13143878,-1.53512149,0.24352549,9.09269848,0.82709038,-0.14446400,22.46955124,4
117.37869528,31.96352058,40.34645857,39.28498974,131.35029759,40.34545857,-116.80737416,2.71903981,2.66556070,2.10843417,-1.24334168,-1.70219011,-0.12897559,-1.47825306,0.31965959,9.24247266,1.14775017,-0.10444703,22.41445857,4
117.37869434,31.96352016,40.35058581,39.23959230,131.26187290,40.34958581,-117.54942737,2.80639973,2.63460640,2.11084172,-1.26741725,-1.68740083,-0.12725591,-1.41152934,0.43659806,9.72673549,1.03149958,0.08953325,22.41858581,4
117.37869340,31.96351974,40.35471305,39.19304657,131.17404778,40.35371305,-118.29823004,2.89375964,2.60365210,2.11324928,-1.29149281,-1.67261156,-0.12553623,-1.34480563,0.55353653,10.21099832,0.91524898,0.28351353,22.42271305,4
117.37869247,31.96351932,40.35723419,39.14535237,131.08683741,40.35623419,-119.05079660,2.94889270,2.56956303,2.09820236,-1.30443044,-1.64306936,-0.12327213,-1.35534843,0.48435331,10.23561891,0.69362461,0.24625212,22.33785351,4
117.37869153,31.96351889,40.35902760,39.09650993,131.00025464,40.35802760,-119.80779034,2.98942368,2.53405359,2.07524677,-1.31232142,-1.60684256,-0.12076137,-1.40090094,0.33083776,10.05197414,0.42425504,0.10421438,22.21267378,4
117.37869061,31.96351846,40.36082100,39.04651665,130.91431491,40.35982100,-120.57087173,3.02995465,2.49854416,2.05229117,-1.32021241,-1.57061576,-0.11825060,-1.44645346,0.17732221,9.86832938,0.15488547,-0.03782337,22.08749405,4
117.37868970,31.96351799,40.36253889,38.99536954,130.82903697,40.36153889,-121.34004245,3.07862767,2.46422229,2.05430888,-1.34192884,-1.55468892,-0.11707667,-1.40668010,0.30419300,9.82106896,0.40346047,-0.08000771,21.84016610,4
117.37868880,31.96351751,40.36424839,38.94306966,130.74444205,40.36324839,-122.11324148,3.12820345,2.43003210,2.05909551,-1.36517817,-1.54101284,-0.11605096,-1.35744623,0.46215169,9.78893018,0.70946268,-0.11112079,21.57929494,4
117.37868791,31.96351702,40.36595790,38.88962419,130.66055095,40.36495790,-122.88784463,3.17777923,2.39584191,2.06388213,-1.38842750,-1.52733676,-0.11502526,-1.30821235,0.62011037,9.75679140,1.01546489,-0.14223386,21.31842378,4
117.37868703,31.96351653,40.37014917,38.83504469,130.57738317,40.36914917,-123.66225460,3.21253913,2.33379974,2.04290838,-1.39314917,-1.49380664,-0.11154236,-1.33742725,0.57490148,9.87909205,0.44349921,-0.23946821,21.23039965,4
117.37868615,31.96351604,40.37440309,38.77934434,130.49495707,40.37340309,-124.43581860,3.24692498,2.27105441,2.02128429,-1.39740309,-1.45977527,-0.10799742,-1.36862266,0.52456343,10.00529169,-0.15063166,-0.33837186,21.14673922,4
117.37868528,31.96351553,40.37857820,38.72253771,130.41329101,40.37757820,-125.20682824,3.27211031,2.20864372,2.00436665,-1.40467944,-1.42921285,-0.10478975,-1.38532834,0.45766315,10.09633611,-0.64968851,-0.42725634,21.07931149,4
117.37868442,31.96351500,40.38232183,38.66464639,130.33240349,40.38132183,-125.97113574,3.24692590,2.14806501,2.01321522,-1.42850252,-1.41764163,-0.10342843,-1.32270765,0.30009045,9.99491783,-0.62824773,-0.46128932,21.10075227,4
117.37868357,31.96351446,40.38606545,38.60570387,130.25231255,40.38506545,-126.72371814,3.22174150,2.08748631,2.02206380,-1.45232561,-1.40607042,-0.10206711,-1.26008697,0.14251775,9.89349954,-0.60680695,-0.49532230,21.12219305,4
117.37868273,31.96351391,40.39007260,38.54575310,130.17303363,40.38907260,-127.46563676,3.20590733,2.02513682,2.02493944,-1.47184276,-1.39010471,-0.10031047,-1.21820175,0.05546843,9.78910033,-0.57092303,-0.52590733,21.12658847,4
117.37868189,31.96351336,40.39503554,38.48482136,130.09457962,40.39403554,-128.20646823,3.22398661,1.95636467,2.00615117,-1.47574221,-1.35820010,-0.09712001,-1.25152433,0.22420833,9.67388927,-0.48265362,-0.54398661,21.06916019,4
117.37868106,31.96351280,40.39999848,38.42290812,130.01696176,40.39899848,-128.95677229,3.24206588,1.88759253,1.98736291,-1.47964166,-1.32629550,-0.09392955,-1.28484692,0.39294824,9.55867820,-0.39438422,-0.56206588,21.01173190,4
117.37868024,31.96351223,40.40484997,38.35999392,129.94019254,40.40384997,-129.71900331,3.25313214,1.81732540,1.98128564,-1.49217486,-1.30316791,-0.09107501,-1.29138947,0.45178988,9.57105958,-0.32276454,-0.61938150,20.98704272,4
117.37867944,31.96351164,40.40953093,38.29606885,129.86428619,40.40853093,-130.48800454,3.25346650,1.74477052,1.99465981,-1.51792014,-1.29347164,-0.08873453,-1.25695098,0.34245603,9.77869359,-0.27662365,-0.73673986,21.01245364,4
117.37867865,31.96351104,40.41421189,38.23113829,129.78925801,40.41321189,-131.25836764,3.25380085,1.67221564,2.00803398,-1.54366542,-1.28377536,-0.08639405,-1.22251249,0.23312218,9.98632761,-0.23048275,-0.85409821,21.03786457,4
117.37867786,31.96351043,40.41882520,38.16521622,129.71512131,40.41782520,-132.02858552,3.25259600,1.60176245,2.01038401,-1.56096560,-1.26648722,-0.08387680,-1.18234403,0.19776475,10.02744494,-0.38566009,-0.77742265,21.05791399,4
117.37867708,31.96350983,40.42333884,38.09831056,129.64188580,40.42233884,-132.80051857,3.24912397,1.53440497,1.99649587,-1.56582645,-1.23801653,-0.08109917,-1.13373555,0.27137189,9.82328930,-0.83737181,-0.41494222,21.07006611,4
117.37867631,31.96350921,40.42785249,38.03042086,129.56955821,40.42685249,-133.57549030,3.24565193,1.46704750,1.98260773,-1.57068729,-1.20954585,-0.07832155,-1.08512706,0.34497902,9.61913365,-1.28908353,-0.05246179,21.08221823,4
117.37867556,31.96350858,40.43206345,37.96154464,129.49814436,40.43106345,-134.35216744,3.23058757,1.41832044,1.98476967,-1.58744416,-1.19101333,-0.07682805,-1.05666942,0.39736738,9.55965798,-1.41183252,0.08732869,21.03211487,4
117.37867482,31.96350794,40.43599970,37.89168662,129.42765066,40.43499970,-135.12737044,3.20500195,1.38650243,2.00149872,-1.61499790,-1.18150073,-0.07650003,-1.04650078,0.43049747,9.63149452,-1.23601341,0.02500475,20.92550813,4
117.37867410,31.96350728,40.43993595,37.82086008,129.35808391,40.43893595,-135.89854688,3.17941633,1.35468442,2.01822778,-1.64255164,-1.17198812,-0.07617200,-1.03633213,0.46362757,9.70333106,-1.06019430,-0.03731918,20.81890140,4
117.37867338,31.96350663,40.44427751,37.74908251,129.28945065,40.44327751,-136.66477298,3.14436361,1.32400955,2.01967942,-1.65748804,-1.15333491,-0.07518660,-1.04726796,0.49417705,9.72733491,-1.22340699,0.01882307,20.60015771,4
117.37867266,31.96350596,40.44906593,37.67637080,129.22175627,40.44806593,-137.42585775,3.09887363,1.29459498,2.00428807,-1.65851413,-1.12460440,-0.07347645,-1.08147095,0.52188147,9.69860440,-1.76039394,0.20557140,20.25778577,4
117.37867194,31.96350529,40.45385435,37.60274127,129.15500482,40.45285435,-138.18067417,3.05338366,1.26518041,1.98889673,-1.65954022,-1.09587389,-0.07176630,-1.11567394,0.54958589,9.66987389,-2.29738089,0.39231972,19.91541384,4
117.37867125,31.96350461,40.45832786,37.52821405,129.08919890,40.45732786,-138.92694717,2.99933552,1.25182093,1.99184865,-1.67450438,-1.07834427,-0.07153720,-1.09554486,0.49681984,9.60811488,-2.28676987,0.49748797,19.47316593,4
117.37867057,31.96350392,40.46254570,37.45281613,129.02434091,40.46154570,-139.66235189,2.93833907,1.25149648,2.00969336,-1.70078476,-1.06990859,-0.07251055,-1.03130391,0.37872033,9.51954025,-1.83156763,0.53642187,18.94982936,4
117.37866990,31.96350322,40.46676354,37.37658094,128.96043328,40.46576354,-140.38709520,2.87734262,1.25117204,2.02753806,-1.72706515,-1.06147292,-0.07348389,-0.96706297,0.26062082,9.43096561,-1.37636540,0.57535577,18.42649279,4
117.37866924,31.96350252,40.47137446,37.29953745,128.89747960,40.47037446,-141.10427813,2.83819321,1.25590722,2.03320086,-1.74274127,-1.04655236,-0.07384170,-0.93173362,0.24786372,9.42214971,-1.12993448,0.60011574,18.01634667,4
117.37866857,31.96350182,40.47642907,37.22170364,128.83548215,40.47542907,-141.81700123,2.82370334,1.26635341,2.02511349,-1.74644798,-1.02431210,-0.07350473,-0.92903783,0.35401044,9.50336037,-1.11915132,0.60887705,17.73396270,4
117.37866791,31.96350111,40.48148367,37.14308785,128.77444106,40.48048367,-142.52446118,2.80921347,1.27679959,2.01702612,-1.75015469,-1.00207183,-0.07316776,-0.92634204,0.46015716,9.58457103,-1.10836816,0.61763837,17.45157874,4
117.37866727,31.96350039,40.48608122,37.06370405,128.71435193,40.48508122,-143.22232377,2.79895822,1.28007887,2.02404648,-1.76624835,-0.98811831,-0.07332019,-0.91875634,0.47970048,9.71721406,-0.99221505,0.51970003,17.10912165,4
117.37866664,31.96349966,40.49022566,36.98357760,128.65520905,40.48922566,-143.90692495,2.79290096,1.27625324,2.04604389,-1.79462183,-0.98237986,-0.07395779,-0.90632302,0.41338944,9.90084462,-0.77160334,0.31598487,16.70711099,4
117.37866603,31.96349894,40.49437010,36.90274291,128.59700685,40.49337010,-144.57887973,2.78684370,1.27242760,2.06804130,-1.82299530,-0.97664140,-0.07459540,-0.89388970,0.34707841,10.08447518,-0.55099162,0.11226972,16.30510034,4
117.37866542,31.96349820,40.49833179,36.82122735,128.53974264,40.49733179,-145.24193296,2.78118393,1.25183926,2.07873107,-1.84100000,-0.96573570,-0.07427357,-0.90077074,0.30366821,10.11673415,-0.43194539,-0.08480011,15.83679288,4
117.37866481,31.96349746,40.50197614,36.73904645,128.48341243,40.50097614,-145.89825043,2.77621435,1.20214355,2.06978584,-1.84100000,-0.94585742,-0.07228574,-0.94118992,0.30002386,9.88614606,-0.48926111,-0.27033076,15.25336524,4
117.37866421,31.96349672,40.50562049,36.65620815,128.42800889,40.50462049,-146.54587083,2.77124478,1.15244784,2.06084061,-1.84100000,-0.92597913,-0.07029791,-0.98160909,0.29637951,9.65555796,-0.54657683,-0.45586141,14.66993760,4
117.37866363,31.96349597,40.50956219,36.57272768,128.37351983,40.50856219,-147.18137844,2.77648045,1.09679034,2.06136034,-1.84903411,-0.91099147,-0.06844208,-0.97798366,0.30984506,9.52117981,-0.37600571,-0.67117767,14.07442220,4
117.37866306,31.96349520,40.51406327,36.48862930,128.31993459,40.51306327,-147.80412371,2.80091490,1.02991712,2.07968617,-1.87218253,-0.90520437,-0.06683455,-0.89149859,0.35549889,9.56779816,0.22328116,-0.94252860,13.45616648,4
117.37866249,31.96349444,40.51856435,36.40394125,128.26724630,40.51756435,-148.41657684,2.82534934,0.96304391,2.09801201,-1.89533095,-0.89941726,-0.06522702,-0.80501352,0.40115272,9.61441650,0.82256804,-1.21387952,12.83791077,4
117.37866194,31.96349367,40.52309780,36.31868326,128.21545085,40.52209780,-149.02126148,2.86023173,0.89051453,2.11270573,-1.91496035,-0.89233392,-0.06313744,-0.72770837,0.43670573,9.68967755,1.25184933,-1.37465725,12.26586515,4
117.37866139,31.96349290,40.52773561,36.23286579,128.16454018,40.52673561,-149.61726313,2.92880503,0.79974600,2.11568718,-1.92324215,-0.88107067,-0.05949345,-0.68000520,0.43968718,9.85730118,1.13292268,-1.17887549,11.84283080,4
117.37866085,31.96349213,40.53237341,36.14649745,128.11449976,40.53137341,-150.20099903,2.99737833,0.70897747,2.11866862,-1.93152395,-0.86980742,-0.05584946,-0.63230203,0.44266862,10.02492482,1.01399603,-0.98309374,11.41979646,4
117.37866033,31.96349135,40.53683789,36.05959559,128.06531141,40.53583789,-150.76943206,3.05735402,0.63024949,2.12721438,-1.94484280,-0.86093018,-0.05286035,-0.58564352,0.45414700,10.11836463,0.89628215,-0.77658430,11.05485585,4
117.37865982,31.96349056,40.54068076,35.97218647,128.01695857,40.53968076,-151.32280363,3.08649574,0.59470300,2.15571561,-1.97622618,-0.86060994,-0.05221987,-0.54273155,0.49609826,9.94575600,0.78291767,-0.53160174,10.89825915,4
117.37865932,31.96348976,40.54452362,35.88429702,127.96942891,40.54352362,-151.86493027,3.11563746,0.55915651,2.18421685,-2.00760957,-0.86028970,-0.05157940,-0.49981957,0.53804953,9.77314737,0.66955319,-0.28661918,10.74166246,4
117.37865883,31.96348895,40.54850022,35.79594416,127.92271526,40.54750022,-152.40102608,3.14456364,0.52574945,2.21081286,-2.03721929,-0.85912461,-0.05096874,-0.45978071,0.56874678,9.62165831,0.55727694,-0.05949756,10.60506475,4
117.37865836,31.96348815,40.55374542,35.70713426,127.87681450,40.55274542,-152.93290524,3.17144528,0.51263645,2.21933631,-2.05000446,-0.84994551,-0.05064091,-0.44699554,0.49269139,9.67050424,0.45532337,-0.00180036,10.65817239,4
117.37865790,31.96348734,40.55899062,35.61787554,127.83172196,40.55799062,-153.45693958,3.19832693,0.49952345,2.22785976,-2.06278964,-0.84076641,-0.05031309,-0.43421036,0.41663599,9.71935016,0.35336980,0.05589683,10.71128004,4
117.37865745,31.96348652,40.56417167,35.52818845,127.78742742,40.56317167,-153.96708565,3.22614583,0.48649931,2.23701569,-2.07617305,-0.83181403,-0.05000000,-0.42257222,0.34517305,9.76408306,0.28511171,0.10835348,10.75644946,4
117.37865701,31.96348570,40.56798992,35.43810568,127.74391446,40.56698992,-154.46004771,3.27387395,0.47536275,2.25960700,-2.10226442,-0.82767759,-0.05000000,-0.43529972,0.37126442,9.72144594,0.93262321,0.04948880,10.63299272,4
117.37865657,31.96348488,40.57180817,35.34765632,127.70116344,40.57080817,-154.93770514,3.32160207,0.46422618,2.28219831,-2.12835580,-0.82354115,-0.05000000,-0.44802722,0.39735580,9.67880882,1.58013472,-0.00937588,10.50953598,4
117.37865615,31.96348405,40.57562642,35.25685430,127.65915552,40.57462642,-155.40489763,3.36933019,0.45308962,2.30478962,-2.15444717,-0.81940472,-0.05000000,-0.46075472,0.42344717,9.63617170,2.22764622,-0.06824057,10.38607925,4
117.37865574,31.96348322,40.57866385,35.16569938,127.61787587,40.57766385,-155.86341014,3.41218192,0.45495984,2.31114377,-2.16499156,-0.80952852,-0.05000000,-0.43358555,0.55386504,9.86493932,1.31928490,0.24566260,10.03332255,4
117.37865533,31.96348239,40.58161661,35.07419623,127.57730858,40.58061661,-156.30929701,3.45450479,0.45824068,2.31573695,-2.17384984,-0.79902982,-0.05000000,-0.40208946,0.69559745,10.12314165,0.24218418,0.59999363,9.65569753,4
117.37865493,31.96348156,40.58456937,34.98236270,127.53743217,40.58356937,-156.73713695,3.49682767,0.46152152,2.32033013,-2.18270812,-0.78853112,-0.05000000,-0.37059336,0.83732986,10.38134399,-0.83491653,0.95432466,9.27807252,4
117.37865453,31.96348073,40.58691412,34.89022725,127.49822034,40.58591412,-157.14705212,3.44311542,0.46473446,2.33576606,-2.20095363,-0.78262487,-0.05054689,-0.43600207,0.65729095,10.33450532,-1.19845140,0.62809823,8.96760184,4
117.37865414,31.96347989,40.58915505,34.79781100,127.45965301,40.58815505,-157.54559761,3.37300617,0.46793579,2.35305327,-2.22080191,-0.77750273,-0.05118716,-0.51795626,0.42231291,10.23558404,-1.44015226,0.18567362,8.66859708,4
117.37865374,31.96347905,40.59139599,34.70512187,127.42171971,40.59039599,-157.93922220,3.30289691,0.47113713,2.37034049,-2.24065019,-0.77238060,-0.05182743,-0.59991046,0.18733486,10.13666277,-1.68185311,-0.25675099,8.36959231,4
117.37865336,31.96347821,40.59464928,34.61215968,127.38441583,40.59364928,-158.32740652,3.24570593,0.43491014,2.37572253,-2.24913096,-0.76449723,-0.05079578,-0.58972701,0.20275573,9.95104348,-1.63524875,-0.42416864,7.85259209,4
117.37865298,31.96347737,40.59827611,34.51893226,127.34772902,40.59727611,-158.70211589,3.19328167,0.38413445,2.37671167,-2.25341722,-0.75559500,-0.04914722,-0.54554556,0.31057165,9.73343337,-1.48226225,-0.49011110,7.25515343,4
117.37865260,31.96347652,40.60190295,34.42546012,127.31163266,40.60090295,-159.05654420,3.14085742,0.33335876,2.37770080,-2.25770348,-0.74669277,-0.04749866,-0.50136412,0.41838757,9.51582326,-1.32927574,-0.55605356,6.65771476,4
117.37865223,31.96347568,40.60635392,34.33176893,127.27609559,40.60535392,-159.39565179,3.07871591,0.27574062,2.39387522,-2.27554600,-0.74422359,-0.04543484,-0.40012731,0.41052937,9.54815804,-1.52045749,-0.65828282,6.03853095,4
117.37865187,31.96347483,40.61116229,34.23787105,127.24110631,40.61016229,-159.73112595,3.01236046,0.21515520,2.41663482,-2.29926727,-0.74454415,-0.04319093,-0.27414812,0.35250842,9.68888289,-1.86088981,-0.77624807,5.40991722,4
117.37865151,31.96347399,40.61597065,34.14376545,127.20666707,40.61497065,-160.06316396,2.94600501,0.15456979,2.43939442,-2.32298855,-0.74486471,-0.04094703,-0.14816893,0.29448747,9.82960774,-2.20132213,-0.89421332,4.78130349,4
117.37865115,31.96347314,40.62062094,34.04945364,127.17276312,40.61962094,-160.38065084,2.88542551,0.12619185,2.45985816,-2.34423258,-0.74574884,-0.04000000,-0.03808825,0.20915685,9.86316506,-2.11585533,-0.54692823,4.20354702,4
117.37865079,31.96347229,40.62515578,33.95494907,127.13936073,40.62415578,-160.67899376,2.82906385,0.12133309,2.47864538,-2.36366764,-0.74704451,-0.04000000,0.06038270,0.10388362,9.81846443,-1.71938018,0.14010102,3.66292852,4
117.37865044,31.96347144,40.62969063,33.86026957,127.10643393,40.62869063,-160.96126292,2.77270218,0.11647433,2.49743261,-2.38310270,-0.74834018,-0.04000000,0.15885366,-0.00138960,9.77376380,-1.32290502,0.82713027,3.12231003,4
117.37865009,31.96347059,40.63369673,33.76543266,127.07396164,40.63269673,-161.22731579,2.72718697,0.14407836,2.52211631,-2.40780781,-0.75208496,-0.04169673,0.18370333,-0.00810860,9.74051113,-1.07009815,1.06517019,2.64879130,4
117.37864976,31.96346973,40.63715415,33.67045135,127.04191550,40.63615415,-161.47865571,2.69292708,0.20536898,2.55291877,-2.43798165,-0.75837118,-0.04515415,0.13215634,0.08744190,9.71913800,-0.96637557,0.83729481,2.24490184,4
117.37864943,31.96346887,40.64061157,33.57532839,127.01027488,40.63961157,-161.72268001,2.65866720,0.26665960,2.58372123,-2.46815549,-0.76465739,-0.04861157,0.08060936,0.18299240,9.69776486,-0.86265299,0.60941944,1.84101239,4
117.37864911,31.96346801,40.64437126,33.48006078,126.97903344,40.64337126,-161.96072695,2.63323695,0.30948974,2.60921173,-2.49311378,-0.76997947,-0.05109795,0.03069971,0.22059531,9.70993548,-0.76847214,0.42144047,1.43956599,4
117.37864879,31.96346716,40.64880633,33.38465405,126.94817651,40.64780633,-162.18671393,2.62753472,0.31107369,2.62283371,-2.50641898,-0.77314738,-0.05141474,-0.01555168,0.12872612,9.79705281,-0.69561037,0.32260190,1.04357812,4
117.37864847,31.96346630,40.65324139,33.28912279,126.91768111,40.65224139,-162.40126846,2.62183250,0.31265764,2.63645570,-2.51972417,-0.77631528,-0.05173153,-0.06180306,0.03685694,9.88417015,-0.62274860,0.22376332,0.64759024,4
117.37864815,31.96346544,40.65764282,33.19347843,126.88753669,40.65664282,-162.60395535,2.61235189,0.31884591,2.65037351,-2.53322516,-0.77974172,-0.05229669,-0.08952806,-0.04816996,9.92388086,-0.54581946,0.19063478,0.27723804,4
117.37864784,31.96346458,40.66185740,33.09773274,126.85771762,40.66085740,-162.78694140,2.58187723,0.35061735,2.66593503,-2.54781409,-0.78460470,-0.05424188,-0.01431403,-0.09517873,9.70018395,-0.44629054,0.52261396,0.04932655,4
117.37864754,31.96346372,40.66607198,33.00189698,126.82818447,40.66507198,-162.95112480,2.55140258,0.38238880,2.68149655,-2.56240302,-0.78946767,-0.05618707,0.06090001,-0.14218750,9.47648705,-0.34676163,0.85459314,-0.17858494,4
117.37864723,31.96346285,40.67033407,32.90597648,126.79891293,40.66933407,-163.10518211,2.52694206,0.41467259,2.69693541,-2.57689086,-0.79431180,-0.05813363,0.12525394,-0.17856130,9.28082841,-0.21161724,1.13344343,-0.38759245,4
117.37864692,31.96346199,40.67524741,32.80997534,126.76989318,40.67424741,-163.24970487,2.58491943,0.45397928,2.71069275,-2.58999309,-0.79889758,-0.06009896,0.04074456,-0.06915768,9.46950052,0.41172135,0.68403695,-0.33747642,4
117.37864661,31.96346112,40.68016075,32.71390792,126.74110578,40.67916075,-163.38328856,2.64289680,0.49328596,2.72445009,-2.60309532,-0.80348336,-0.06206430,-0.04376482,0.04024594,9.65817263,1.03505993,0.23463047,-0.28736039,4
117.37864631,31.96346026,40.68505600,32.61777582,126.71253497,40.68405600,-163.50313218,2.70049887,0.53128732,2.73805600,-2.61605091,-0.80802036,-0.06396437,-0.12694400,0.14704807,9.84669289,1.63749538,-0.21284619,-0.23657974,4
117.37864600,31.96345940,40.68876982,32.52160187,126.68415357,40.68776982,-163.59473177,2.73358567,0.48402046,2.74176982,-2.61942711,-0.80937084,-0.06160102,-0.12323018,0.08391305,10.02529410,0.87447321,-0.53426084,-0.14238364,4
117.37864570,31.96345854,40.69248365,32.42543083,126.65590554,40.69148365,-163.66455633,2.76667248,0.43675360,2.74548365,-2.62280331,-0.81072133,-0.05923768,-0.11951635,0.02077803,10.20389531,0.11145104,-0.85567549,-0.04818754,4
117.37864540,31.96345767,40.69614675,32.32914770,126.62774677,40.69514675,-163.74013505,2.79844024,0.38926685,2.74927515,-2.62627515,-0.81209172,-0.05688994,-0.11427573,-0.04320062,10.35309750,-0.58056844,-1.14637092,0.03223190,4
117.37864510,31.96345681,40.69890661,32.23310996,126.59981319,40.69790661,-163.73951498,2.80671984,0.33786435,2.75444990,-2.63144990,-0.81381663,-0.05482004,-0.08184731,-0.12220176,9.97879077,-0.00824137,-0.89004843,-0.13267006,4
117.37864480,31.96345595,40.70166648,32.13618647,126.57146539,40.70066648,-163.57960664,2.81499943,0.28646186,2.75962464,-2.63662464,-0.81554155,-0.05275014,-0.04941889,-0.20120291,9.60448404,0.56408570,-0.63372593,-0.29757201,4
117.37864450,31.96345508,40.70472084,32.03653154,126.54188098,40.70372084,-163.40613486,2.83242452,0.23989482,2.76472084,-2.64160995,-0.81733270,-0.05083365,-0.00752767,-0.25153148,9.30469032,1.06530026,-0.39698271,-0.43500382,4
117.37864421,31.96345420,40.70938712,31.93472613,126.51143094,40.70838712,-163.27309655,2.89990609,0.21979393,2.76938712,-2.64555834,-0.81948636,-0.04975682,0.08615686,-0.14492495,9.41273263,1.17729096,-0.26740373,-0.42208181,4
117.37864392,31.96345333,40.71405340,31.83097332,126.48010533,40.71305340,-163.11271478,2.96738767,0.19969304,2.77405340,-2.64950673,-0.82164003,-0.04867998,0.17984139,-0.03831842,9.52077494,1.28928166,-0.13782474,-0.40915981,4
117.37864363,31.96345246,40.71858039,31.72559044,126.44794135,40.71758039,-162.87258021,3.03897378,0.19068757,2.78187286,-2.65660946,-0.82458039,-0.04813170,0.23004447,0.02570753,9.68461346,1.36698005,-0.00345210,-0.33198973,4
117.37864335,31.96345160,40.72286870,31.61904667,126.41479715,40.72186870,-163.18661170,3.11759282,0.20069363,2.79509516,-2.66911704,-0.82886870,-0.04848906,0.20574404,0.01677354,9.94405631,1.38592009,0.13913425,-0.14473346,4
117.37864306,31.96345073,40.72715701,31.51975325,126.38574295,40.72615701,-163.72265835,3.19621187,0.21069969,2.80831745,-2.68162461,-0.83315701,-0.04884642,0.18144361,0.00783956,10.20349915,1.40486013,0.28172061,0.04252281,4
117.37864278,31.96344986,40.73113287,31.42060468,126.35685383,40.73013287,-163.78561997,3.24471680,0.21862588,2.80930769,-2.68273426,-0.83329370,-0.04921329,0.10296145,0.01039861,10.22051387,0.98109386,0.27581460,0.12086713,4
117.37864250,31.96344899,40.73487324,31.32162441,126.32812728,40.73387324,-163.84386248,3.27052535,0.22498451,2.80107887,-2.67525352,-0.83030141,-0.04958732,-0.01635635,0.02161972,10.05481548,0.22366894,0.15799295,0.11712676,4
117.37864222,31.96344812,40.73861361,31.22283583,126.29956081,40.73761361,-163.89739279,3.29633391,0.23134314,2.79285006,-2.66777278,-0.82730911,-0.04996136,-0.13567415,0.03284083,9.88911708,-0.53375599,0.04017129,0.11338639,4
117.37864194,31.96344725,40.74474322,31.12426237,126.27115192,40.74374322,-163.94621195,3.28008115,0.19889201,2.78828380,-2.66328380,-0.82598649,-0.04831082,-0.13651355,-0.00485121,9.80409483,-0.40118993,-0.26862058,-0.00456715,4
117.37864166,31.96344638,40.75114809,31.02592745,126.24289813,40.75014809,-163.99031501,3.25898278,0.16196986,2.78413947,-2.65913947,-0.82485622,-0.04642703,-0.12370383,-0.04817823,9.72836675,-0.16609380,-0.59941288,-0.13567846,4
117.37864138,31.96344551,40.75756108,30.92785449,126.21479694,40.75656108,-164.02969093,3.24846377,0.11829166,2.77621920,-2.65141434,-0.82282919,-0.04421946,-0.09048627,-0.07056030,9.67529296,0.05092936,-0.80502146,-0.24251268,4
117.37864110,31.96344464,40.76399947,30.83006689,126.18684584,40.76299947,-164.06432251,3.27099814,0.05350536,2.75650163,-2.63250156,-0.81800040,-0.04100027,0.00649198,-0.02750356,9.69299854,0.21148672,-0.61951534,-0.27349744,4
117.37864080,31.96344378,40.77043786,30.73258808,126.15904236,40.76943786,-164.09418620,3.29353250,-0.01128095,2.73678406,-2.61358879,-0.81317161,-0.03778107,0.10347024,0.01555318,9.71070411,0.37204409,-0.43400921,-0.30448219,4
117.37864050,31.96344292,40.77565896,30.63544148,126.13138398,40.77465896,-164.11925197,3.31912431,-0.02943931,2.73809827,-2.61448845,-0.81413440,-0.03669509,0.16694370,-0.01302896,9.86105367,0.33843054,-0.18684221,-0.28577742,4
117.37864020,31.96344206,40.78049011,30.53865049,126.10386823,40.77949011,-164.13948309,3.34569558,-0.03266007,2.74615018,-2.62173516,-0.81695256,-0.03629249,0.21968365,-0.06456112,10.05389670,0.24261291,0.08007832,-0.25115425,4
117.37863990,31.96344119,40.78527244,30.44223855,126.07649260,40.78427244,-164.15483598,3.36511568,-0.02979456,2.74806700,-2.62318268,-0.81795891,-0.03623135,0.23694690,-0.11657522,10.16045386,0.13401707,0.29736662,-0.21593616,4
117.37863961,31.96344033,40.78992512,30.34622907,126.04925459,40.78892512,-164.16525992,3.36553865,-0.01076087,2.73368599,-2.60922464,-0.81415217,-0.03707729,0.15996618,-0.16986957,10.03779227,-0.00852416,0.38280677,-0.17913768,4
117.37863932,31.96343946,40.79457780,30.25064546,126.02215172,40.79357780,-164.17069680,3.36596162,0.00827283,2.71930498,-2.59526659,-0.81034543,-0.03792324,0.08298546,-0.22316391,9.91513067,-0.15106539,0.46824691,-0.14233920,4
117.37863902,31.96343859,40.80110383,30.15551114,125.99518149,40.80010383,-164.17108085,3.36256660,0.03899318,2.71609255,-2.59247404,-0.80923702,-0.03952596,0.04700682,-0.20015129,9.86203619,-0.24487570,0.52406763,-0.08635450,4
117.37863872,31.96343772,40.80781681,30.06084953,125.96834141,40.80681681,-164.16633827,3.35879054,0.07087984,2.71399475,-2.59079580,-0.80839790,-0.04120420,0.01512016,-0.16952331,9.81588444,-0.33382272,0.57693237,-0.02845502,4
117.37863842,31.96343686,40.81484189,29.96668405,125.94162897,40.81384189,-164.15638691,3.35555929,0.09752566,2.69595163,-2.57367198,-0.80295752,-0.04200000,-0.00288142,-0.19726076,9.86075279,-0.38488436,0.55685783,0.01100590,4
117.37863813,31.96343599,40.82214842,29.87303811,125.91504169,40.82114842,-164.14113585,3.35281934,0.11944525,2.66352891,-2.54261923,-0.79336770,-0.04200000,-0.00836131,-0.27763257,9.98770372,-0.40178071,0.47100612,0.03383880,4
117.37863783,31.96343513,40.82898942,29.77993513,125.88857707,40.82798942,-164.12048496,3.34855148,0.14027433,2.63955148,-2.51970451,-0.78623484,-0.04230606,-0.02485472,-0.32028774,10.04598450,-0.39203457,0.38140411,0.02803457,4
117.37863752,31.96343426,40.83491043,29.68739853,125.86223262,40.83391043,-164.09432443,3.34126408,0.15894829,2.63226408,-2.51287258,-0.78395753,-0.04321699,-0.06311358,-0.28840535,9.96855586,-0.32963619,0.28439058,-0.03436381,4
117.37863721,31.96343340,40.84098334,29.59545173,125.83600583,40.83998334,-164.06253421,3.33408690,0.16832737,2.61981903,-2.50109999,-0.78024404,-0.04364881,-0.08750117,-0.27272979,9.88247376,-0.26272497,0.14740821,-0.08694643,4
117.37863689,31.96343254,40.84798599,29.50411814,125.80989423,40.84698599,-164.02498342,3.32758444,0.12080936,2.57580235,-2.45908406,-0.76773930,-0.04114786,-0.02697823,-0.35626145,9.74342107,-0.16818914,-0.23423642,-0.07944358,4
117.37863657,31.96343168,40.85491247,29.41342118,125.78389530,40.85391247,-163.98152975,3.32333361,0.07305118,2.53701734,-2.42201734,-0.75671924,-0.03864905,0.03272091,-0.43445749,9.63214205,-0.08440297,-0.53834594,-0.07131544,4
117.37863625,31.96343082,40.86137559,29.32338426,125.75800656,40.86037559,-163.93201871,3.33277971,0.02383202,2.53005705,-2.41505705,-0.75473059,-0.03616323,0.08740886,-0.48019650,9.68981298,-0.06600793,-0.37080194,-0.05938352,4
117.37863592,31.96342997,40.86785184,29.23403082,125.73222552,40.86685184,-163.87628286,3.34064507,-0.01942592,2.51881795,-2.40403091,-0.75143829,-0.03392901,0.13961415,-0.50424089,9.73013281,-0.06334555,-0.17168878,-0.04914197,4
117.37863560,31.96342911,40.87441614,29.14538425,125.70654967,40.87341614,-163.81414095,3.33790994,-0.02270807,2.47888514,-2.36573918,-0.73940374,-0.03338199,0.17517076,-0.38280139,9.65409637,-0.16618621,0.23912681,-0.05023602,4
117.37863527,31.96342825,40.88076957,29.05746799,125.68097652,40.87976957,-163.74539701,3.33889567,-0.00617817,2.44939130,-2.33755217,-0.73051739,-0.03364348,0.16573462,-0.25906938,9.68223951,-0.20389549,0.57007847,-0.05920439,4
117.37863494,31.96342740,40.88663495,28.97030544,125.65550359,40.88563495,-163.66983927,3.34849355,0.05620806,2.44405914,-2.33275323,-0.72891774,-0.03577634,0.05215968,-0.13003119,9.95151343,-0.09085377,0.71617957,-0.08639839,4
117.37863461,31.96342654,40.89314059,28.88392002,125.63012837,40.89214059,-163.58723906,3.33306272,0.10089834,2.41142609,-2.30173467,-0.71936337,-0.03700000,-0.04964024,-0.15204977,10.01989544,-0.33325459,0.59874040,-0.06195745,4
117.37863429,31.96342568,40.90050795,28.79833516,125.60484836,40.89950795,-163.49734955,3.28394700,0.12177253,2.34205014,-2.23542845,-0.69910314,-0.03700000,-0.13559275,-0.37736814,9.81790704,-1.05402778,0.12661554,0.03197636,4
117.37863396,31.96342482,40.90831605,28.71357427,125.57966108,40.90731605,-163.39990435,3.24339143,0.09490558,2.30710844,-2.20208014,-0.68868395,-0.03554245,-0.18506612,-0.38364613,9.77505660,-0.70831949,-0.16576937,-0.02187755,4
117.37863363,31.96342397,40.91632481,28.62966076,125.55456403,40.91532481,-163.29461603,3.20713598,0.05040794,2.27296633,-2.16951834,-0.67846718,-0.03333760,-0.17461895,-0.34111680,9.79154730,-0.24055069,-0.33789900,-0.11147527,4
117.37863330,31.96342311,40.92481331,28.54661806,125.52955472,40.92381331,-163.18117442,3.18237786,-0.02386642,2.19586247,-2.09595135,-0.65583119,-0.02909335,0.10974574,-0.33545780,9.91038628,-0.57726112,-0.10658742,-0.19140863,4
117.37863295,31.96342226,40.93206908,28.46446957,125.50463064,40.93106908,-163.05924473,3.15470986,-0.02728585,2.16991710,-2.07091710,-0.64898618,-0.02901382,0.15613387,-0.37049738,9.86901905,-0.63865460,0.24447215,-0.18766841,4
117.37863259,31.96342141,40.93921291,28.38323873,125.47978931,40.93821291,-162.92846558,3.11850966,0.00039228,2.14187094,-2.04375610,-0.64136128,-0.03000000,0.11141159,-0.39449289,9.83130843,-0.65206199,0.50321545,-0.07526245,4
117.37863225,31.96342056,40.94717234,28.30294894,125.45502823,40.94617234,-162.78844665,3.06279364,0.04503402,2.06343129,-1.96846576,-0.61781043,-0.03003447,0.04236370,-0.35484445,9.94200134,-0.79053245,0.41624127,0.23677596,4
117.37863192,31.96341969,40.95490312,28.22362362,125.43034491,40.95390312,-162.63876622,3.00867819,0.09141869,2.03791972,-1.94450034,-0.60930657,-0.03158062,-0.12075573,-0.39272526,9.80748580,-0.99385193,0.42706436,0.22672595,4
117.37863159,31.96341884,40.96404683,28.14528619,125.40573685,40.96304683,-162.47896837,2.92564574,0.09342975,1.93304905,-1.84498183,-0.57740331,-0.03059063,-0.18895923,-0.34733004,9.70616916,-1.02363141,0.09527553,0.00484356,4
117.37863124,31.96341799,40.97284768,28.06796008,125.38120156,40.97184768,-162.30855986,2.84761959,0.05261443,1.86666005,-1.78130979,-0.55785283,-0.02805077,-0.07814794,-0.33114717,9.74267474,-0.89929510,-0.12686753,-0.11948711,4
117.37863089,31.96341714,40.98239092,27.99166868,125.35673654,40.98139092,-162.12700673,2.76454690,0.01453735,1.80435802,-1.72148832,-0.53979796,-0.02593485,0.00759296,-0.35630306,9.74469036,-0.88202632,-0.05099277,-0.07486608,4
117.37863055,31.96341629,40.99260715,27.91643543,125.33233929,40.99160715,-161.93373038,2.67430349,-0.01497622,1.72660112,-1.64713684,-0.51709522,-0.02423214,0.04051193,-0.39035717,9.69304162,-0.95240483,0.14084541,0.02445842,4
117.37863022,31.96341542,41.00542850,27.84228374,125.30800733,41.00442850,-161.72810335,2.59215915,-0.00439691,1.60552448,-1.53160381,-0.48034941,-0.02273017,-0.02293610,-0.34293682,9.79901519,-0.73216012,0.14223824,-0.00199976,4
117.37862992,31.96341461,41.01594225,27.76923702,125.28373816,41.01494225,-161.50944452,2.50962081,-0.04084310,1.46019830,-1.39314055,-0.43685372,-0.01953609,0.00501826,-0.29723100,9.84921656,-0.53889512,0.07231571,-0.06787197,4
117.37862951,31.96341358,41.01957381,27.69731870,125.25952928,41.01857381,-161.27701368,2.41570966,-0.11044041,1.24089797,-1.18386463,-0.37151201,-0.01486905,0.02541441,-0.24733104,9.81439529,-0.43849534,0.05207847,-0.07492153,4
117.37862956,31.96341327,41.01292418,27.62655219,125.23537819,41.01192418,-161.03000556,2.35070036,-0.19938271,0.86524897,-0.82536270,-0.25894220,-0.00929964,-0.02042237,-0.02850170,9.81972926,-0.21888978,0.06723283,-0.00812273,4
117.37863024,31.96341419,40.99934134,27.55696091,125.21128242,40.99834134,-160.76754307,2.36429332,-0.32526931,0.43385788,-0.41406943,-0.12951914,-0.00344711,0.02159377,0.36756522,9.87453602,0.03697793,0.00646398,0.03882219,4
117.37863072,31.96341494,40.99352616,27.48856827,125.18723945,40.99252616,-160.48866966,2.39173161,-0.36081880,0.28444278,-0.27126158,-0.08441471,-0.00200000,0.03493024,0.55050108,9.85156104,-0.16412888,0.04647002,0.06468311,4
117.37863130,31.96341571,40.98581990,27.42139770,125.16324680,40.98481990,-160.19234075,2.42090995,-0.36626073,0.20162305,-0.19275813,-0.06000943,-0.00195497,0.05418953,0.73713719,9.83269425,-0.18175390,0.14879373,0.01033404,4
117.37863192,31.96341643,40.98187164,27.35547261,125.13930196,40.98087164,-159.87741404,2.41810146,-0.39381296,0.12995721,-0.12395721,-0.03897861,-0.00100000,0.03689303,0.62704702,9.80508558,-0.32393031,0.10037407,-0.02525673,4
117.37863272,31.96341702,40.97600000,27.29081641,125.11540245,40.97500000,-159.71367688,2.37700000,-0.43100000,0.12800000,-0.12200000,-0.03800000,-0.00100000,0.03200000,0.30900000,9.80900000,-0.27500000,0.02600000,-0.03700000,4
