longtitude,latitude,altitude,north,east,up,yaw,pitch,roll,vel_speed,vel_north,vel_east,vel_up,acc_x,acc_y,acc_z,gyro_x,gyro_y,gyro_z,rtk_status
117.37862355,31.96338510,41.06570966,24.28156825,124.55725385,41.06470966,-159.35927356,1.95977437,-0.01690322,1.86303230,-1.75593552,-0.62229034,-0.02600000,-0.21696793,0.63422597,10.03597053,-0.52519300,0.23290560,0.85854952,4
117.37862316,31.96338426,41.06892237,24.18803668,124.52202175,41.06792237,-159.35216677,1.93462693,-0.01799663,1.85714531,-1.75111886,-0.61907935,-0.02599931,-0.18959612,0.60963696,9.62723032,-0.60582262,-0.11430972,0.69207607,4
117.37862277,31.96338342,41.07328442,24.09451256,124.48676596,41.07228442,-159.33836106,1.92971514,-0.05440830,1.85378956,-1.74832491,-0.61739426,-0.02492914,-0.05350844,0.64110649,9.60850421,-0.36809364,-0.13039256,0.54719532,4
117.37862237,31.96338258,41.07749763,24.00099544,124.45148783,41.07649763,-159.32537085,1.92474789,-0.08234968,1.85284832,-1.74776381,-0.61650499,-0.02408517,0.07573456,0.65060071,9.65063895,-0.15392898,-0.06053632,0.44387064,4
117.37862196,31.96338175,41.08073912,23.90748485,124.41618870,41.07973912,-159.31319610,1.91666901,-0.05913997,1.86471808,-1.75909444,-0.61974105,-0.02462595,0.15239075,0.53262358,9.96944339,-0.11258002,0.43130271,0.56399959,4
117.37862156,31.96338092,41.08378050,23.81398033,124.38086992,41.08278050,-159.30183677,1.91588646,-0.01175832,1.87911044,-1.77279697,-0.62356645,-0.02625661,0.18307887,0.46277363,10.07347122,-0.05058759,0.87603198,0.68882427,4
117.37862117,31.96338008,41.08636703,23.72048141,124.34553284,41.08536703,-159.29129280,1.93185831,0.09094211,1.89923047,-1.79188625,-0.62872387,-0.03038371,0.10828545,0.50387927,9.68429069,0.05880858,1.21028537,0.82352007,4
117.37862079,31.96337924,41.08931915,23.62698762,124.31017879,41.08831915,-159.28156416,1.94537274,0.19022428,1.91328286,-1.80547421,-0.63180012,-0.03412674,0.00306655,0.55299853,9.53103557,0.01070421,1.29288725,0.91137045,4
117.37862041,31.96337840,41.09289948,23.53349852,124.27480913,41.09189948,-159.27265080,1.95453480,0.28324158,1.91687733,-1.80957841,-0.63129389,-0.03719438,-0.15370909,0.61518500,9.78405994,-0.30758001,0.94386086,0.91865194,4
117.37862002,31.96337756,41.09628533,23.44001362,124.23942519,41.09528533,-159.26455270,1.94962778,0.34036724,1.91554139,-1.80897144,-0.62949178,-0.03899274,-0.26632912,0.63028889,9.91765573,-0.57230389,0.53001648,0.89408812,4
117.37861963,31.96337672,41.09939477,23.34653247,124.20402833,41.09839477,-159.25726980,1.92482889,0.34657402,1.90729306,-1.80175607,-0.62587587,-0.03899425,-0.31596576,0.57918724,9.88043281,-0.75947545,0.02690384,0.82462787,4
117.37861925,31.96337587,41.10275661,23.25305460,124.16861988,41.10175661,-159.25080208,1.89567884,0.31570789,1.90050003,-1.79574951,-0.62249670,-0.03799185,-0.30860904,0.59875394,9.82253155,-0.84444121,-0.41548638,0.71078765,4
117.37861886,31.96337503,41.10639041,23.15957955,124.13320120,41.10539041,-159.24514950,1.86206362,0.24515243,1.89534948,-1.79111569,-0.61940083,-0.03591399,-0.24014599,0.69383693,9.74404191,-0.81815320,-0.79088330,0.55018177,4
117.37861847,31.96337420,41.11000817,23.06610686,124.09777362,41.10900817,-159.24031204,1.84592938,0.15711906,1.89762291,-1.79333350,-0.61944828,-0.03298804,-0.14130014,0.69671478,9.79290711,-0.51342527,-0.95606884,0.48905345,4
117.37861807,31.96337336,41.11360226,22.97263605,124.06233849,41.11260226,-159.23628966,1.84365220,0.05561242,1.90585808,-1.80105639,-0.62201561,-0.02940252,-0.01893207,0.62653595,9.94297192,0.00683106,-0.95060314,0.50753814,4
117.37861766,31.96337254,41.11593202,22.87916668,124.02689716,41.11493202,-159.23308234,1.82325035,-0.00037368,1.91807357,-1.81276124,-0.62550233,-0.02769510,0.03340742,0.68189408,9.99881372,-0.34147622,-0.58451032,0.51025069,4
117.37861726,31.96337171,41.11746622,22.78569826,123.99145097,41.11646622,-159.23069005,1.79128856,-0.02731765,1.93279006,-1.82696980,-0.62956202,-0.02718521,0.04093219,0.81581888,9.99291000,-1.23111857,0.00498344,0.50321536,4
117.37861687,31.96337087,41.11960002,22.69223035,123.95600127,41.11860002,-159.22911277,1.75570171,-0.03564975,1.94758620,-1.84126669,-0.63355598,-0.02732202,0.00516839,0.81077295,9.78964625,-1.01597475,0.08347204,0.55615293,4
117.37861650,31.96337003,41.12207248,22.59876247,123.92054939,41.12107248,-159.22835048,1.71861390,-0.03380510,1.96235678,-1.85554865,-0.63748820,-0.02780813,-0.05431047,0.72982728,9.48090559,-0.18851577,-0.12054712,0.64199873,4
117.37861614,31.96336918,41.12484681,22.50529416,123.88509669,41.12384681,-159.22840316,1.73099716,-0.03825934,1.97073712,-1.86404763,-0.63898824,-0.02768950,-0.09567271,0.81251428,9.58366823,0.30420666,-0.10489137,0.68215928,4
117.37861578,31.96336833,41.12780719,22.41182496,123.84964452,41.12680719,-159.22927079,1.77346772,-0.04673092,1.97521525,-1.86901297,-0.63900595,-0.02719632,-0.12568517,0.99347849,9.93558194,0.58408805,0.04358213,0.69404135,4
117.37861543,31.96336747,41.13103664,22.31835440,123.81419420,41.13003664,-159.23095336,1.79728166,-0.06663981,1.98049363,-1.87449188,-0.63958489,-0.02641686,-0.14023287,0.96377365,9.98610286,0.34854684,-0.08087723,0.68872232,4
117.37861507,31.96336663,41.13445554,22.22488202,123.77874710,41.13345554,-159.23345086,1.80840565,-0.09433498,1.98636280,-1.88036280,-0.64056290,-0.02544588,-0.14345249,0.79055928,9.82895779,-0.23028208,-0.38847620,0.67191553,4
117.37861472,31.96336578,41.13839421,22.13140735,123.74330455,41.13739421,-159.23676328,1.84427288,-0.11838848,1.99406042,-1.88806042,-0.64206648,-0.02473660,-0.07718571,0.76010104,9.71815397,0.01981487,-0.25942944,0.66969666,4
117.37861437,31.96336493,41.14276361,22.03792994,123.70786790,41.14176361,-159.24089061,1.90095673,-0.13892603,2.00333605,-1.89733062,-0.64402627,-0.02426177,0.04625462,0.84977601,9.64914298,0.95707429,0.23399347,0.67912269,4
117.37861402,31.96336407,41.14683993,21.94444931,123.67243849,41.14583993,-159.24583284,1.95648164,-0.12542491,2.01680244,-1.91033652,-0.64755205,-0.02493451,0.08772272,0.89184354,9.69927695,1.04950870,0.48252554,0.63276019,4
117.37861366,31.96336322,41.15059729,21.85096501,123.63701767,41.14959729,-159.25158997,2.01051312,-0.07666446,2.03456154,-1.92716436,-0.65268455,-0.02679226,0.04280398,0.88286413,9.87235485,0.25959164,0.46980961,0.52875937,4
117.37861330,31.96336237,41.15366606,21.75747656,123.60160679,41.15266606,-159.25816200,2.05882577,-0.04675535,2.04708168,-1.93908867,-0.65596153,-0.02781250,-0.02088369,0.86370952,9.96565010,-0.01074101,0.30572594,0.48173737,4
117.37861294,31.96336153,41.15555278,21.66398351,123.56620718,41.15455278,-159.26554893,2.09727605,-0.05026123,2.05046259,-1.94246259,-0.65600137,-0.02735839,-0.11519661,0.82798253,9.91861537,0.63011961,-0.11469289,0.53398898,4
117.37861258,31.96336068,41.15762807,21.57048539,123.53082019,41.15662807,-159.27375076,2.13545748,-0.06654033,2.05372198,-1.94572198,-0.65610775,-0.02657359,-0.19269644,0.79766153,9.86370032,0.99673836,-0.49563084,0.56221515,4
117.37861223,31.96335984,41.16037611,21.47698174,123.49544718,41.15937611,-159.28276749,2.17313018,-0.12394110,2.05693567,-1.94893598,-0.65656171,-0.02474761,-0.21315026,0.78585117,9.78821173,0.41806472,-0.73561364,0.50684206,4
117.37861187,31.96335899,41.16316203,21.38347210,123.46008947,41.16216203,-159.29259913,2.21028954,-0.18633845,2.05990118,-1.95192949,-0.65693735,-0.02274097,-0.22899430,0.76679794,9.71659816,-0.10672238,-0.98911749,0.45450590,4
117.37861151,31.96335814,41.16639958,21.28995599,123.42474842,41.16539958,-159.30324569,2.23959619,-0.31789697,2.05902869,-1.95151435,-0.65602869,-0.01814346,-0.18489159,0.63173215,9.70920084,0.39453260,-1.48067818,0.46611265,4
117.37861115,31.96335728,41.16965399,21.19643296,123.38942538,41.16865399,-159.31470717,2.26944797,-0.45026097,2.05835938,-1.95129029,-0.65518599,-0.01351138,-0.13834004,0.49809912,9.70549621,0.90290272,-1.96077791,0.47858340,4
117.37861079,31.96335644,41.17358735,21.10290254,123.35412168,41.17258735,-159.32698359,2.34181125,-0.57136340,2.07436890,-1.96656971,-0.65979201,-0.00901579,0.01183088,0.56366440,9.88205165,0.93099890,-1.48025949,0.48836213,4
117.37861043,31.96335559,41.17760499,21.00936426,123.31883867,41.17660499,-159.34007496,2.41911332,-0.68917125,2.09272700,-1.98403499,-0.66516113,-0.00460336,0.17470840,0.65524335,10.08002891,0.88371392,-0.86392476,0.49816021,4
117.37861008,31.96335474,41.18101653,20.91581767,123.28357770,41.18001653,-159.35398130,2.43723527,-0.69898810,2.11346257,-2.00388497,-0.67104820,-0.00419057,0.23498302,0.64826896,10.05688829,0.28521243,-0.07670130,0.53240993,4
117.37860972,31.96335389,41.18410532,20.82226230,123.24834011,41.18310532,-159.36870261,2.42346698,-0.65074051,2.13543935,-2.02498414,-0.67719722,-0.00593190,0.23955939,0.58842396,9.91563139,-0.60086670,0.79507493,0.58114900,4
117.37860936,31.96335305,41.18731538,20.72869769,123.21312724,41.18631538,-159.38423892,2.39677613,-0.58106705,2.15668566,-2.04552659,-0.68278783,-0.00866685,0.19878206,0.52957180,9.79045083,-1.08842097,1.31529701,0.71604566,4
117.37860901,31.96335220,41.19072501,20.63512336,123.17794045,41.18972501,-159.40059024,2.35065941,-0.47932211,2.17673782,-2.06514821,-0.68749051,-0.01290302,0.08828343,0.47368684,9.69381052,-0.94324938,1.28144323,0.98548392,4
117.37860867,31.96335135,41.19421201,20.54153887,123.14278107,41.19321201,-159.41775659,2.30621622,-0.38060702,2.19546472,-2.08352212,-0.69176627,-0.01699773,-0.02367432,0.42137983,9.61907189,-0.78403586,1.21152052,1.23625351,4
117.37860832,31.96335049,41.19890593,20.44794373,123.10765045,41.19790593,-159.43573800,2.29485014,-0.34086052,2.19287804,-2.08177004,-0.68932403,-0.01833798,-0.13897246,0.42668991,9.89401822,-0.58159872,0.71506476,1.14219135,4
117.37860797,31.96334964,41.20361762,20.35433750,123.07254993,41.20261762,-159.45453448,2.28350937,-0.30293482,2.18993606,-2.07968027,-0.68677282,-0.01960271,-0.25137434,0.43373695,10.16849846,-0.39180011,0.21719602,1.04106826,4
117.37860762,31.96334879,41.20801703,20.26071971,123.03748087,41.20701703,-159.47414606,2.23873567,-0.30127975,2.19023601,-2.08053542,-0.68540633,-0.01968779,-0.20387223,0.47394023,10.04985191,-0.92986466,0.09189945,0.92155033,4
117.37860725,31.96334794,41.21229240,20.16708988,123.00244459,41.21129240,-159.49457275,2.17984596,-0.31462570,2.19199155,-2.08271415,-0.68456927,-0.01928898,-0.08842325,0.52707217,9.76585828,-1.76458250,0.12831756,0.79517677,4
117.37860687,31.96334710,41.21702254,20.07344756,122.96744246,41.21602254,-159.51581459,2.12552611,-0.30635486,2.19793966,-2.08877367,-0.68513247,-0.01980639,0.02841731,0.51853960,9.56925643,-1.93106919,0.34970939,0.72004114,4
117.37860648,31.96334627,41.22252885,19.97979229,122.93247581,41.22152885,-159.53787159,2.07947068,-0.26085795,2.21095518,-2.10137594,-0.68805455,-0.02189618,0.14520443,0.40494207,9.52682884,-0.95336551,0.87932982,0.73213091,4
117.37860610,31.96334543,41.22806129,19.88612360,122.89754599,41.22706129,-159.56074379,2.03584312,-0.21244828,2.22437982,-2.11436286,-0.69110545,-0.02408480,0.25450698,0.29496151,9.50193474,0.01309573,1.40043515,0.74866901,4
117.37860571,31.96334458,41.23385668,19.79244102,122.86265435,41.23285668,-159.58443119,2.05951842,-0.10163128,2.24533508,-2.13449841,-0.69643836,-0.02818335,0.13926458,0.36404526,9.89964142,-0.12591557,1.45910850,0.84012533,4
117.37860532,31.96334374,41.23964314,19.69874409,122.82780222,41.23864314,-159.60893384,2.08390662,0.01013699,2.26622791,-2.15457753,-0.70174504,-0.03231222,0.01853467,0.43607598,10.29928170,-0.29710685,1.50106742,0.93193644,4
117.37860494,31.96334290,41.24470222,19.60503236,122.79299095,41.24370222,-159.63311457,2.06565768,0.09628582,2.27554560,-2.16380452,-0.70319482,-0.03571517,-0.10883068,0.44496256,10.30949191,-0.74815950,1.27020076,0.95528914,4
117.37860455,31.96334206,41.24926970,19.51130555,122.75821774,41.24826970,-159.65732243,2.01823118,0.16465494,2.27693088,-2.16559475,-0.70200512,-0.03861096,-0.24009268,0.41111954,10.05473609,-1.38644753,0.85349159,0.93167604,4
117.37860417,31.96334123,41.25401814,19.41756359,122.72348536,41.25301814,-159.68279046,1.96270438,0.21588981,2.27557611,-2.16482438,-0.70008392,-0.04085379,-0.34050195,0.38950103,9.80307648,-1.86366465,0.42782807,0.88921636,4
117.37860379,31.96334038,41.25955090,19.32380589,122.68879547,41.25855090,-159.70928217,1.87720907,0.19933164,2.26389037,-2.15440211,-0.69545693,-0.04049609,-0.31523766,0.42180933,9.59056185,-1.66804228,-0.01556816,0.77493500,4
117.37860341,31.96333954,41.26512997,19.23003187,122.65414981,41.26412997,-159.73683332,1.79189524,0.18024732,2.25214071,-2.14391049,-0.69082818,-0.04002890,-0.28502066,0.45412440,9.38675684,-1.45190318,-0.45010453,0.66006762,4
117.37860303,31.96333870,41.27182635,19.13624092,122.61955013,41.27082635,-159.76548168,1.74958202,0.12981478,2.24968571,-2.14168021,-0.68928890,-0.03780801,-0.18486344,0.42356016,9.51885400,-1.12438534,-0.47571170,0.60356946,4
117.37860265,31.96333786,41.27875331,19.04243240,122.58499829,41.27775331,-159.79526385,1.71640755,0.07321222,2.24935743,-2.14135227,-0.68845164,-0.03524137,-0.07136637,0.38005179,9.72018548,-0.78181008,-0.41383055,0.56062334,4
117.37860226,31.96333702,41.28541368,18.94860567,122.55049619,41.28441368,-159.82621005,1.68414226,0.03717871,2.25578407,-2.14755035,-0.68964769,-0.03380089,-0.02220988,0.35327784,9.83583878,-0.80931645,-0.31782586,0.56856600,4
117.37860188,31.96333618,41.29183383,18.85476009,122.51604578,41.29083383,-159.85834088,1.65262104,0.01897970,2.26798612,-2.15933422,-0.69257911,-0.03334020,-0.02901828,0.34101148,9.87462652,-1.15154969,-0.19600398,0.62030588,4
117.37860150,31.96333534,41.29805776,18.76089498,122.48164903,41.29705776,-159.89166717,1.62813700,-0.00455745,2.27881996,-2.16992357,-0.69502103,-0.03273049,-0.03299523,0.31651483,9.86190414,-1.21330740,-0.15754100,0.67235359,4
117.37860112,31.96333450,41.30359731,18.66700970,122.44730793,41.30259731,-159.92619101,1.62902994,-0.04930092,2.28408982,-2.17559731,-0.69550749,-0.03147754,-0.02077544,0.24623498,9.67103430,-0.22702029,-0.42335797,0.72085333,4
117.37860075,31.96333366,41.30913285,18.57310358,122.41302446,41.30813285,-159.96190808,1.63136593,-0.09379824,2.28917502,-2.18109836,-0.69593197,-0.03022133,-0.00885138,0.18081707,9.48409427,0.75709492,-0.68100080,0.76704595,4
117.37860038,31.96333282,41.31536653,18.47917597,122.37880059,41.31436653,-159.99881165,1.65903870,-0.10177674,2.29393032,-2.18592823,-0.69635749,-0.02964668,-0.02907556,0.36615434,9.67769146,0.33431262,-0.23068620,0.72606171,4
117.37860001,31.96333197,41.32172788,18.38522624,122.34463829,41.32072788,-160.03689625,1.69153408,-0.10209940,2.29857918,-2.19057918,-0.69677279,-0.02922198,-0.05601319,0.59928339,9.94585331,-0.37411896,0.35555524,0.66718367,4
117.37859965,31.96333113,41.32727754,18.29125374,122.31053950,41.32627754,-160.07615825,1.70215787,-0.10611857,2.30178867,-2.19378867,-0.69677610,-0.02900713,-0.07864812,0.61849870,9.96979592,-0.57314712,0.37718801,0.63223597,4
117.37859928,31.96333028,41.33200874,18.19725784,122.27650620,41.33100874,-160.11659545,1.69081584,-0.11416129,2.30353805,-2.19553979,-0.69635984,-0.02899479,-0.09634468,0.42130969,9.74604506,-0.24877932,-0.17141122,0.62206937,4
117.37859892,31.96332943,41.33695115,18.10323793,122.24254032,41.33595115,-160.15820718,1.69061835,-0.12511548,2.30487255,-2.19695025,-0.69577930,-0.02876687,-0.09702365,0.26684687,9.56896604,0.10485318,-0.55447047,0.61598320,4
117.37859856,31.96332858,41.34301344,18.00919336,122.20864382,41.34201344,-160.20099388,1.74612667,-0.14905373,2.30449904,-2.19700000,-0.69449712,-0.02749712,-0.01882151,0.34719577,9.65019960,0.51139917,-0.07086572,0.62502112,4
117.37859821,31.96332773,41.34910651,17.91512352,122.17481865,41.34810651,-160.24495633,1.80346137,-0.17158882,2.30425079,-2.19717780,-0.69325849,-0.02627825,0.06092711,0.43125487,9.73897555,0.90553862,0.43682175,0.63474975,4
117.37859785,31.96332689,41.35483736,17.82102780,122.14106678,41.35383736,-160.29009554,1.85327683,-0.12670852,2.31074158,-2.20373944,-0.69450409,-0.02825291,0.09269623,0.34035706,9.75954458,0.78491659,0.67184686,0.64943171,4
117.37859749,31.96332604,41.36046491,17.72690558,122.10739016,41.35946491,-160.33641099,1.90171483,-0.06882508,2.31840878,-2.21141549,-0.69617658,-0.03083203,0.11387020,0.22080135,9.76921782,0.57026691,0.85067907,0.66667768,4
117.37859714,31.96332519,41.36492081,17.63275625,122.07379076,41.36392081,-160.38389339,1.95291253,-0.01174106,2.32162039,-2.21487204,-0.69596495,-0.03296395,0.08814782,0.28385429,9.85997788,0.54866573,0.90563293,0.74094853,4
117.37859678,31.96332434,41.36845565,17.53857922,122.04027050,41.36745565,-160.43251873,2.00573209,0.04441261,2.32129621,-2.21498253,-0.69426169,-0.03473831,0.02599677,0.48833680,10.01104939,0.67311231,0.86558985,0.85925734,4
117.37859643,31.96332349,41.37170262,17.44437391,122.00683127,41.37070262,-160.48224894,2.03790147,0.10091218,2.32007820,-2.21433283,-0.69224839,-0.03675161,-0.03730517,0.62045852,10.04141940,0.53944098,0.84197627,0.96044452,4
117.37859608,31.96332263,41.37435752,17.35013976,121.97347488,41.37335752,-160.53303502,2.02150424,0.15829223,2.31708133,-2.21220047,-0.68964204,-0.03935691,-0.10001925,0.57013727,9.78335521,-0.21233873,0.86531367,1.01748780,4
117.37859573,31.96332178,41.37700549,17.25587626,121.94020304,41.37600549,-160.58482052,2.00421514,0.21363118,2.31371064,-2.20970719,-0.68691518,-0.04189441,-0.16281592,0.51238717,9.52250724,-0.92865097,0.86522676,1.06944980,4
117.37859539,31.96332094,41.38011093,17.16158293,121.90701738,41.37911093,-160.63754661,2.01633257,0.21422233,2.30244511,-2.19933395,-0.68166698,-0.04200000,-0.22832957,0.45778090,9.50266720,-0.03805506,0.19770659,1.03566882,4
117.37859503,31.96332009,41.38321670,17.06725932,121.87391943,41.38221670,-160.69115595,2.03066420,0.21039477,2.29095678,-2.18872854,-0.67636945,-0.04189640,-0.29003843,0.40710337,9.50289179,0.88014974,-0.48680659,0.99424518,4
117.37859468,31.96331924,41.38570290,16.97290500,121.84091061,41.38470290,-160.74559241,2.07447037,0.14233580,2.28325974,-2.18159770,-0.67297219,-0.03853325,-0.22823821,0.47581305,9.80517866,0.47058074,-0.79325209,0.82954864,4
117.37859432,31.96331839,41.38797548,16.87851959,121.80799227,41.38697548,-160.80079947,2.12611894,0.05294722,2.27699943,-2.17579453,-0.67027558,-0.03410288,-0.12425512,0.58009292,10.20164839,-0.39562385,-0.95886794,0.62464538,4
117.37859396,31.96331753,41.39022595,16.78410273,121.77516566,41.38922595,-160.85671975,2.10681517,-0.01316512,2.27488053,-2.17412572,-0.66905116,-0.03132412,-0.02877436,0.51490919,10.29895116,-1.26825816,-0.78752289,0.48702324,4
117.37859360,31.96331668,41.39246944,16.68965410,121.74243192,41.39146944,-160.91329366,2.02965869,-0.05885708,2.27621524,-2.17589912,-0.66903635,-0.02995740,0.05741587,0.31491776,10.14856374,-2.11074618,-0.34719495,0.40675550,4
117.37859324,31.96331583,41.39484283,16.59517342,121.70979211,41.39384283,-160.97045922,1.95068818,-0.07754921,2.28195702,-2.18179249,-0.67021125,-0.02979640,0.11076093,0.23295899,9.93393382,-2.30209289,0.09918496,0.37361078,4
117.37859288,31.96331498,41.39747701,16.50066043,121.67724717,41.39647701,-161.02815469,1.87329426,-0.04468296,2.29608442,-2.19550633,-0.67362465,-0.03189195,0.09983514,0.39519912,9.61501882,-1.21236592,0.53321572,0.42887085,4
117.37859253,31.96331413,41.40029794,16.40611492,121.64479794,41.39929794,-161.08631891,1.80397942,-0.00909341,2.30976452,-2.20878290,-0.67685294,-0.03398232,0.07587975,0.54791072,9.34729392,-0.15279879,0.91512000,0.50205742,4
117.37859219,31.96331329,41.40498726,16.31153669,121.61244518,41.40398726,-161.14488882,1.82030923,0.03025828,2.31453387,-2.21353387,-0.67700000,-0.03490678,-0.05581712,0.47857667,9.67840501,-0.04607234,0.74552216,0.72348191,4
117.37859185,31.96331244,41.40972167,16.21692560,121.58018952,41.40872167,-161.20379791,1.84116759,0.06905533,2.31869912,-2.21772156,-0.67693266,-0.03577574,-0.18794237,0.40161759,10.02404742,0.01364068,0.55224223,0.95117747,4
117.37859152,31.96331158,41.41324895,16.12228155,121.54803147,41.41224895,-161.26297563,1.87405740,0.08778113,2.31797810,-2.21763590,-0.67502660,-0.03664811,-0.19127997,0.40586217,9.98588624,0.03130282,0.43113182,1.15678250,4
117.37859119,31.96331072,41.41634742,16.02760445,121.51597146,41.41534742,-161.32234775,1.91026115,0.09974717,2.31553437,-2.21604899,-0.67244902,-0.03754308,-0.14575493,0.44039121,9.80487192,0.01892992,0.34438874,1.34932952,4
117.37859085,31.96330986,41.42000934,15.93289427,121.48400974,41.41900934,-161.38183768,1.91461361,0.13120266,2.31573166,-2.21691866,-0.67023052,-0.03902072,-0.07545769,0.47621324,9.62551416,-0.38601332,0.46231704,1.40985904,4
117.37859051,31.96330901,41.42435394,15.83815103,121.45214647,41.42335394,-161.44136850,1.88141537,0.18575483,2.31907934,-2.22071391,-0.66847263,-0.04118107,0.01965413,0.51099222,9.45816444,-1.23907449,0.81157829,1.31666556,4
117.37859017,31.96330816,41.42897554,15.74337478,121.42038168,41.42797554,-161.50086454,1.83279255,0.24631314,2.32265744,-2.22472864,-0.66706659,-0.04361954,0.07098375,0.51428050,9.38228742,-1.94446621,1.04235464,1.17746154,4
117.37858983,31.96330731,41.43458947,15.64856561,121.38871526,41.43358947,-161.56025229,1.72881377,0.32678703,2.32656195,-2.22906883,-0.66700000,-0.04705505,-0.06021619,0.38993524,9.67542103,-1.96376600,0.74742757,0.88119597,4
117.37858948,31.96330646,41.44021346,15.55372365,121.35714699,41.43921346,-161.61946123,1.62236945,0.40296255,2.32960956,-2.23256735,-0.66676223,-0.05030564,-0.19913618,0.27004463,9.97949448,-1.96316204,0.40363884,0.58768570,4
117.37858913,31.96330560,41.44488175,15.45884907,121.32567653,41.44388175,-161.67842466,1.52288996,0.35041927,2.31140531,-2.21518568,-0.66073694,-0.04784837,-0.30509086,0.41303092,10.10331727,-2.30838595,-0.49332564,0.55128012,4
117.37858878,31.96330475,41.44938173,15.36394205,121.29430344,41.44838173,-161.73708043,1.42256519,0.27048892,2.28935412,-2.19402818,-0.65367606,-0.04421235,-0.39980513,0.59867050,10.17983598,-2.71519201,-1.47484558,0.55900922,4
117.37858844,31.96330389,41.45420038,15.26900285,121.26302717,41.45320038,-161.79537156,1.27004197,0.11974616,2.27184766,-2.17742818,-0.64814272,-0.03829550,-0.37470037,0.60939027,9.94178888,-3.02354960,-1.96327411,0.45380552,4
117.37858809,31.96330304,41.45923354,15.17403172,121.23184709,41.45823354,-161.85324616,1.08813587,-0.07114534,2.25764298,-2.16410329,-0.64369034,-0.03109145,-0.27533136,0.51650092,9.52769112,-3.25187608,-2.14092801,0.28430123,4
117.37858775,31.96330218,41.46481595,15.07902894,121.20076250,41.46381595,-161.91065457,0.93978974,-0.23744557,2.25633071,-2.16288570,-0.64301451,-0.02466494,-0.08384982,0.43642463,9.31789940,-2.98441742,-1.88517237,0.19435567,4
117.37858741,31.96330133,41.47102904,14.98399483,121.16977258,41.47002904,-161.96754702,0.83413036,-0.36995662,2.27046036,-2.17616833,-0.64685248,-0.01932422,0.21175549,0.37815628,9.36569891,-2.13397075,-1.12284567,0.20557794,4
117.37858708,31.96330048,41.47683075,14.88892974,121.13887646,41.47583075,-162.02386951,0.74833010,-0.45027418,2.28891812,-2.19373839,-0.65187705,-0.01605825,0.45211040,0.33418886,9.47956652,-1.46727435,-0.24591670,0.27107658,4
117.37858675,31.96329962,41.48123046,14.79383403,121.10807316,41.48023046,-162.07939596,0.71857114,-0.37082163,2.31861324,-2.22256714,-0.65993788,-0.01918437,0.50107416,0.33200000,9.76148703,-1.47478156,0.91302426,0.49221447,4
117.37858643,31.96329876,41.48550333,14.69870831,121.07736106,41.48450333,-162.13398858,0.69006115,-0.27895818,2.34860360,-2.25170936,-0.66801936,-0.02283405,0.53202572,0.32793457,10.03929687,-1.52213978,2.05479888,0.72513578,4
117.37858612,31.96329790,41.48862684,14.60355311,121.04673873,41.48762684,-162.18768457,0.62521405,-0.10007321,2.37227878,-2.27490468,-0.67312118,-0.03054728,0.39103097,0.23632018,10.03902727,-1.66701931,2.50891894,1.03625128,4
117.37858582,31.96329704,41.49159524,14.50836898,121.01620465,41.49059524,-162.24044353,0.55414373,0.09100752,2.39413208,-2.29637421,-0.67750496,-0.03882188,0.21598328,0.13754681,10.00003991,-1.83269689,2.81641677,1.34793854,4
117.37858554,31.96329618,41.49516479,14.41315649,120.98575728,41.49416479,-162.29222859,0.47319609,0.24651368,2.39808085,-2.30076145,-0.67653661,-0.04525758,-0.10650109,0.18637432,10.08039496,-2.11448061,2.30617711,1.40047891,4
117.37858526,31.96329531,41.49931380,14.31791624,120.95539496,41.49831380,-162.34300411,0.38235185,0.36605092,2.38497114,-2.28886864,-0.67048601,-0.04986056,-0.56433874,0.37267988,10.27035006,-2.50965356,1.02463398,1.20751904,4
117.37858498,31.96329444,41.50367654,14.22264882,120.92511603,41.50267654,-162.39273830,0.26925872,0.42908864,2.36499766,-2.27030110,-0.66269345,-0.05221814,-0.95420558,0.50697681,10.34381899,-3.03494898,-0.41320599,0.97965864,4
117.37858468,31.96329357,41.50903359,14.12735486,120.89491875,41.50803359,-162.44140530,0.03852754,0.19645476,2.31266408,-2.22017807,-0.64689922,-0.04293842,-0.93826205,0.32123749,9.75612570,-4.23266462,-2.48054778,0.63179971,4
117.37858435,31.96329271,41.51454972,14.03203498,120.86480134,41.51354972,-162.48898447,-0.19517541,-0.05795912,2.26026790,-2.16996348,-0.63121493,-0.03282872,-0.87494533,0.12457860,9.14997722,-5.31775452,-4.46412806,0.28092973,4
117.37858402,31.96329185,41.52215017,13.93668983,120.83476200,41.52115017,-162.53545836,-0.35860806,-0.42168436,2.24229210,-2.15270308,-0.62654755,-0.01896171,-0.31231599,0.06254707,8.90391676,-3.41068723,-4.07998728,0.00211811,4
117.37858368,31.96329099,41.53001914,13.84132006,120.80479889,41.52901914,-162.58081309,-0.50322270,-0.79074154,2.23221508,-2.14301103,-0.62429943,-0.00490569,0.31665328,0.02794568,8.74646046,-1.09104636,-3.26895792,-0.24971100,4
117.37858335,31.96329014,41.53649656,13.74592630,120.77491017,41.53549656,-162.62503991,-0.50119326,-0.91331937,2.26783091,-2.17718478,-0.63451724,0.00079222,0.65203678,0.10337414,9.18541494,-0.23306028,-1.62363574,-0.19878758,4
117.37858304,31.96328928,41.54233228,13.65050921,120.74509396,41.54133228,-162.66813465,-0.44795075,-0.94439676,2.31934183,-2.22661983,-0.64904622,0.00333633,0.87121098,0.21519189,9.82478134,0.07819864,0.27769925,-0.03489207,4
117.37858272,31.96328843,41.54528481,13.55506944,120.71534841,41.54428481,-162.71009636,-0.41634904,-0.91016857,2.36338896,-2.26892230,-0.66108925,0.00261591,0.88012051,0.27241983,10.21706869,0.02190115,1.41476652,0.23046948,4
117.37858240,31.96328756,41.54428960,13.45960763,120.68567164,41.54328960,-162.75092784,-0.41813122,-0.79167882,2.39604070,-2.30033029,-0.66940271,-0.00241175,0.60578303,0.25165160,10.25394569,-0.50651543,1.47685067,0.62870558,4
117.37858211,31.96328670,41.54311020,13.36412443,120.65606180,41.54211020,-162.79063694,-0.42448864,-0.66845766,2.42619569,-2.32938056,-0.67691682,-0.00770295,0.31553823,0.22820474,10.24751131,-1.03453087,1.48927798,1.02180703,4
117.37858182,31.96328583,41.54261485,13.26862046,120.62651703,41.54161485,-162.82923594,-0.48185830,-0.54473759,2.42135222,-2.32552211,-0.67331082,-0.01342700,0.02361899,0.23634865,9.79960536,-1.05875316,1.69747743,1.17870016,4
117.37858154,31.96328495,41.54229582,13.17309633,120.59703552,41.54129582,-162.86673936,-0.54353961,-0.42283794,2.41214543,-2.31754662,-0.66834181,-0.01909862,-0.26154891,0.24554950,9.31978963,-1.01216560,1.89242051,1.29852577,4
117.37858129,31.96328407,41.54384377,13.07755267,120.56761547,41.54284377,-162.90316375,-0.57275090,-0.33739590,2.39792389,-2.30457926,-0.66223288,-0.02276699,-0.41183122,0.20328027,9.22602113,-0.73794507,1.38356260,1.23652841,4
117.37858106,31.96328319,41.54711816,12.98199007,120.53825511,41.54611816,-162.93853138,-0.57131739,-0.28729982,2.37916146,-2.28708244,-0.65511211,-0.02450844,-0.43463891,0.11305843,9.49405483,-0.25833083,0.22458264,1.00635471,4
117.37858082,31.96328231,41.55018984,12.88640910,120.50895271,41.54918984,-162.97287242,-0.56359904,-0.27077242,2.36067753,-2.26979198,-0.64829375,-0.02479702,-0.41117567,0.02384744,9.78933298,0.10820734,-0.80677517,0.78194550,4
117.37858053,31.96328144,41.55200789,12.79081031,120.47970660,41.55100789,-163.00622198,-0.53687382,-0.38605799,2.34442706,-2.25443099,-0.64297634,-0.01947437,-0.22461077,-0.04982927,10.11297285,-0.04583994,-1.15187426,0.62129019,4
117.37858023,31.96328058,41.55365642,12.69519424,120.45051517,41.55265642,-163.03861775,-0.51186828,-0.50666853,2.32917343,-2.24001102,-0.63799318,-0.01398047,-0.03203862,-0.11861326,10.40558160,-0.24341047,-1.40991277,0.46880923,4
117.37857992,31.96327972,41.55360871,12.59956139,120.42137686,41.55260871,-163.07010155,-0.53884277,-0.57932267,2.32952503,-2.24051829,-0.63741821,-0.01153240,0.09067451,-0.11581330,10.10502815,-0.65896215,-0.84299813,0.39447045,4
117.37857960,31.96327886,41.55328786,12.50391225,120.39229021,41.55228786,-163.10072161,-0.57663066,-0.63907362,2.33361269,-2.24460028,-0.63789824,-0.00982888,0.19338883,-0.09702585,9.68691428,-1.08625078,-0.11330867,0.34324862,4
117.37857929,31.96327800,41.55479153,12.40824726,120.36325382,41.55379153,-163.13053318,-0.60374184,-0.65454722,2.34355479,-2.25430036,-0.64002474,-0.00955126,0.20935600,-0.07267496,9.49862843,-0.84688490,0.28338390,0.40290544,4
117.37857897,31.96327714,41.55771950,12.31256683,120.33426639,41.55671950,-163.15959840,-0.62170325,-0.63639810,2.35773070,-2.26806847,-0.64333451,-0.01034019,0.15889158,-0.04496797,9.49534237,-0.10804923,0.41467861,0.54640214,4
117.37857867,31.96327627,41.56093952,12.21687133,120.30532674,41.55993952,-163.18798446,-0.62770603,-0.61664786,2.36919187,-2.27932981,-0.64572996,-0.01108132,0.09751633,-0.02472177,9.58469932,0.36700367,0.46112688,0.67991386,4
117.37857836,31.96327540,41.56471994,12.12116111,120.27643379,41.56371994,-163.21576067,-0.60296039,-0.59792472,2.37267106,-2.28319550,-0.64547556,-0.01152444,0.01730787,-0.02509776,9.89414635,0.05245871,0.32125112,0.77322978,4
117.37857806,31.96327454,41.56846016,12.02543644,120.24758659,41.56746016,-163.24299956,-0.57878805,-0.57929679,2.37523117,-2.28617987,-0.64493427,-0.01196820,-0.05927131,-0.03192487,10.19600107,-0.30969831,0.17885014,0.85861576,4
117.37857777,31.96327368,41.57087302,11.92969757,120.21878430,41.56987302,-163.26978143,-0.59900782,-0.56117548,2.37066267,-2.28203958,-0.64234431,-0.01275671,-0.05141810,-0.12839394,10.11921234,-0.62075362,0.20064636,0.85045567,4
117.37857748,31.96327282,41.57305472,11.83394472,120.19002622,41.57205472,-163.29619507,-0.62734714,-0.54355861,2.36481563,-2.27662161,-0.63938299,-0.01359954,-0.02796090,-0.23734222,9.96790075,-0.89280599,0.25061482,0.82329245,4
117.37857719,31.96327195,41.57567887,11.73817801,120.16131181,41.57467887,-163.32233340,-0.64790106,-0.53325562,2.36067408,-2.27291059,-0.63684072,-0.01422487,-0.01642713,-0.26012023,9.78826855,-0.64038397,0.23830135,0.77848824,4
117.37857691,31.96327108,41.57867277,11.64239755,120.13264069,41.57767277,-163.34829133,-0.66101036,-0.52917859,2.35791260,-2.27058647,-0.63464177,-0.01464620,-0.01619988,-0.21133182,9.59524525,0.03389297,0.17186669,0.72054480,4
117.37857663,31.96327021,41.58159311,11.54660337,120.10401262,41.58059311,-163.37416750,-0.65946002,-0.52937537,2.35366811,-2.26689312,-0.63212048,-0.01461132,-0.03416724,-0.16186046,9.54848111,0.51992843,0.07072173,0.67707055,4
117.37857633,31.96326935,41.58425042,11.45079546,120.07542755,41.58325042,-163.40006445,-0.61945153,-0.54008516,2.34516526,-2.25924873,-0.62866610,-0.01337479,-0.09951095,-0.12286889,9.90051891,0.42297810,-0.11519727,0.67508347,4
117.37857603,31.96326849,41.58677774,11.35497374,120.04688558,41.58577774,-163.42608698,-0.57734286,-0.55286570,2.33665875,-2.25159959,-0.62523662,-0.01205514,-0.16242209,-0.08950340,10.25292841,0.28067412,-0.29379577,0.67506749,4
117.37857572,31.96326762,41.58741782,11.25913809,120.01838701,41.58641782,-163.45234258,-0.54462817,-0.58835499,2.33305630,-2.24847757,-0.62331492,-0.01073361,-0.12898909,-0.13891016,10.14636188,0.05269878,-0.24990591,0.65992452,4
117.37857541,31.96326676,41.58789652,11.16328831,119.98993230,41.58689652,-163.47894304,-0.51317267,-0.62472533,2.32987467,-2.24573778,-0.62151412,-0.00949414,-0.08419849,-0.19497793,9.98309732,-0.15847401,-0.17806642,0.64318476,4
117.37857510,31.96326589,41.58895146,11.06742415,119.96152210,41.58795146,-163.50600446,-0.48666449,-0.63597010,2.32522031,-2.24153165,-0.61911451,-0.00966627,-0.01525231,-0.21865024,9.66029527,0.07058978,-0.02090732,0.62584893,4
117.37857479,31.96326503,41.59032412,10.97154529,119.93315728,41.58932412,-163.53364784,-0.46146179,-0.63506465,2.31999544,-2.23674680,-0.61646853,-0.01047935,0.06268292,-0.22242851,9.28215014,0.50193652,0.16563745,0.60900086,4
117.37857448,31.96326417,41.59233115,10.87565135,119.90483889,41.59133115,-163.56199992,-0.41706617,-0.63544064,2.31741738,-2.23440174,-0.61463450,-0.01050936,0.09415975,-0.15420083,9.28549371,0.72967170,0.14397344,0.60558173,4
117.37857416,31.96326331,41.59496577,10.77974187,119.87656821,41.59396577,-163.59119203,-0.35295455,-0.63807181,2.31749859,-2.23451184,-0.61362505,-0.00967807,0.07614789,-0.01491943,9.68881308,0.72437163,-0.09114480,0.61791479,4
117.37857385,31.96326245,41.59728491,10.68381635,119.84834674,41.59628491,-163.62135688,-0.29848263,-0.64253676,2.31459935,-2.23188083,-0.61177910,-0.00890503,0.05504664,0.06416726,10.01829590,0.60539530,-0.19383409,0.66296781,4
117.37857354,31.96326159,41.59873876,10.58787418,119.82017618,41.59773876,-163.65262709,-0.27079987,-0.65078215,2.30414608,-2.22230258,-0.60779710,-0.00843111,0.03538264,-0.01241024,10.09912888,0.25553868,0.05752766,0.78233592,4
117.37857324,31.96326074,41.60012544,10.49191472,119.79205850,41.59912544,-163.68513974,-0.25149892,-0.65366652,2.29449282,-2.21350520,-0.60397996,-0.00824321,0.02332509,-0.07567864,10.10096992,-0.07201485,0.32279075,0.87126664,4
117.37857295,31.96325987,41.60151008,10.39593723,119.76399585,41.60051008,-163.71904063,-0.26713433,-0.62527499,2.29248992,-2.21199328,-0.60198657,-0.00951008,0.05273844,0.00114145,9.77191068,-0.17763809,0.51384672,0.76007308,4
117.37857266,31.96325900,41.60294433,10.29994093,119.73599068,41.60194433,-163.75448255,-0.28418145,-0.59433741,2.29055259,-2.21054202,-0.60001833,-0.01087246,0.07922396,0.08636247,9.44477685,-0.25549758,0.67574848,0.63768068,4
117.37857236,31.96325813,41.60519385,10.20392492,119.70804566,41.60419385,-163.79162098,-0.27812407,-0.56309410,2.27956761,-2.20044554,-0.59604835,-0.01187406,0.00295618,0.12378634,9.58669931,-0.17264839,0.45882495,0.59669775,4
117.37857205,31.96325727,41.60755987,10.10788827,119.68016376,41.60655987,-163.83061163,-0.26922763,-0.53425146,2.26750099,-2.18930371,-0.59185593,-0.01273902,-0.08306383,0.15164857,9.78667421,-0.08854811,0.19577117,0.57055448,4
117.37857175,31.96325641,41.60992758,10.01182993,119.65234819,41.60892758,-163.87160921,-0.26790139,-0.54557178,2.25889098,-2.18127057,-0.58870467,-0.01220526,-0.08819868,0.13456843,9.83979468,-0.36109605,0.06369025,0.59719987,4
117.37857145,31.96325555,41.61227764,9.91574882,119.62460241,41.61127764,-163.91476601,-0.26979070,-0.56757853,2.25113851,-2.17399780,-0.58578783,-0.01130023,-0.07027105,0.10682996,9.85429834,-0.71521468,-0.02399116,0.64383738,4
117.37857115,31.96325468,41.61434641,9.81964376,119.59693015,41.61334641,-163.96022911,-0.28958833,-0.58183751,2.24147795,-2.16481710,-0.58191726,-0.01067102,-0.04479770,0.10817704,9.91563295,-0.77605726,0.01250166,0.78073379,4
117.37857084,31.96325382,41.61630319,9.72351351,119.56933538,41.61530319,-164.00813819,-0.31708675,-0.59237120,2.23122795,-2.15506637,-0.57765617,-0.01019524,-0.01755278,0.12205222,9.98981176,-0.69608497,0.09645191,0.96670648,4
117.37857053,31.96325295,41.61851955,9.62735678,119.54182230,41.61751955,-164.05862576,-0.33853960,-0.60452806,2.22603408,-2.15064986,-0.57423232,-0.01001328,-0.00741276,0.11912559,9.90472186,-0.53169717,0.04960125,1.29525105,4
117.37857022,31.96325209,41.62086667,9.53117220,119.51439533,41.61986667,-164.11181849,-0.35591799,-0.61810387,2.22368140,-2.14923963,-0.57122426,-0.00995668,-0.00854013,0.10636314,9.73815298,-0.34173160,-0.07509009,1.69898114,4
117.37856992,31.96325123,41.62273511,9.43495836,119.48705908,41.62173511,-164.16784061,-0.37076908,-0.63664609,2.21814718,-2.14465994,-0.56654809,-0.00917986,-0.02710258,0.10525112,9.80335375,-0.46437626,-0.16733457,1.97779639,4
117.37856962,31.96325038,41.62413991,9.33871380,119.45981839,41.62313991,-164.22681951,-0.38578873,-0.65883803,2.20989677,-2.13737533,-0.56049127,-0.00783611,-0.05785540,0.11252883,10.05486861,-0.84970280,-0.21946761,2.14540672,4
117.37856932,31.96324951,41.62447354,9.24243698,119.43267834,41.62347354,-164.28889040,-0.43511993,-0.67515434,2.20306458,-2.13171699,-0.55472742,-0.00706335,-0.06424933,0.08829659,10.14360015,-1.30702388,-0.12592145,2.24897610,4
117.37856903,31.96324864,41.62364338,9.14612633,119.40564420,41.62264338,-164.35419857,-0.52315862,-0.68325978,2.19818838,-2.12824231,-0.54944357,-0.00704749,-0.04165999,0.02947264,10.02086716,-1.79541699,0.12947037,2.29380191,4
117.37856874,31.96324777,41.62305064,9.04978021,119.37872155,41.62205064,-164.42290108,-0.60386703,-0.67064832,2.19468631,-2.12598828,-0.54438891,-0.00794480,-0.01859459,0.00920363,9.75758856,-1.82337037,0.37694966,2.40277163,4
117.37856845,31.96324691,41.62302659,8.95339691,119.35191621,41.62202659,-164.49516644,-0.66622167,-0.62693983,2.19302258,-2.12530984,-0.53959028,-0.01013838,0.00004608,0.05532074,9.31599607,-1.12390694,0.57847983,2.62687580,4
117.37856816,31.96324605,41.62356094,8.85697467,119.32523432,41.62256094,-164.57116851,-0.70361679,-0.59245492,2.19026743,-2.12376805,-0.53405783,-0.01156873,-0.00206467,0.11243728,9.14071938,-0.51227454,0.57751534,2.95558126,4
117.37856787,31.96324518,41.62532111,8.76051165,119.29868232,41.62432111,-164.65107960,-0.68433001,-0.58764089,2.18444217,-2.11977468,-0.52665860,-0.01084516,-0.05304767,0.18051959,9.65296687,-0.28807471,0.10019292,3.51381914,4
117.37856759,31.96324430,41.62694936,8.66400597,119.27226693,41.62594936,-164.73506783,-0.66469354,-0.58514164,2.17882371,-2.11604577,-0.51883907,-0.01016167,-0.08848205,0.23249069,10.11450217,-0.23260923,-0.22736818,4.08799111,4
117.37856730,31.96324344,41.62752584,8.56745570,119.24599517,41.62652584,-164.82329688,-0.66678027,-0.58011244,2.17532770,-2.11442909,-0.51002022,-0.01052981,-0.03906882,0.21256065,10.08265231,-0.72396619,0.26579610,4.63485583,4
117.37856701,31.96324258,41.62803001,8.47085885,119.21987434,41.62703001,-164.91592551,-0.67382996,-0.56912350,2.17225213,-2.11326551,-0.50103423,-0.01124333,0.00903748,0.18645928,9.97557820,-1.19587492,0.80816577,5.16051198,4
117.37856673,31.96324171,41.62892485,8.37421339,119.19391201,41.62792485,-165.01310788,-0.71261828,-0.49268828,2.17153757,-2.11484970,-0.49128906,-0.01469941,-0.05630020,0.17297694,9.57788076,-0.81017580,0.96283180,5.47455345,4
117.37856647,31.96324083,41.62988123,8.27751729,119.16811603,41.62888123,-165.11499328,-0.75193466,-0.40967057,2.17086195,-2.11651304,-0.48140307,-0.01837940,-0.13336130,0.16270561,9.18056821,-0.34792951,1.06510592,5.75868315,4
117.37856620,31.96323997,41.63119759,8.18076845,119.14249449,41.63019759,-165.22172237,-0.74288336,-0.33104513,2.16657956,-2.11456782,-0.47044244,-0.02097438,-0.20819906,0.18526843,9.31671620,-0.11221365,0.96132590,5.90768303,4
117.37856593,31.96323909,41.63250906,8.08396477,119.11705574,41.63150906,-165.33342718,-0.72162619,-0.25517139,2.16120826,-2.11155093,-0.45916901,-0.02327371,-0.27829078,0.21497195,9.57000896,0.07272487,0.80875568,6.02177218,4
117.37856567,31.96323822,41.63227818,7.98710414,119.09180836,41.63127818,-165.45024258,-0.67608159,-0.21104275,2.15080510,-2.10382114,-0.44659893,-0.02463644,-0.27195213,0.24055134,9.77646821,0.25915358,0.61045614,6.05353832,4
117.37856542,31.96323734,41.63137793,7.89018444,119.06676116,41.63037793,-165.57231931,-0.62189279,-0.18073441,2.13844366,-2.09424015,-0.43354199,-0.02559418,-0.23434396,0.26418924,9.95257325,0.42854953,0.40097004,6.04677692,4
117.37856517,31.96323648,41.63016095,7.79320353,119.04192328,41.62916095,-165.69982575,-0.59287557,-0.15886559,2.12879457,-2.08685830,-0.42148562,-0.02625768,-0.21483578,0.28741844,9.98368722,0.24236452,0.32286415,5.95471003,4
117.37856491,31.96323561,41.62879911,7.69615927,119.01730414,41.62779911,-165.83294496,-0.58203683,-0.14150154,2.12121866,-2.08119642,-0.41015508,-0.02676605,-0.20953781,0.30762440,9.91790316,-0.16475375,0.33863253,5.81366057,4
117.37856466,31.96323473,41.62806736,7.59904951,118.99291353,41.62706736,-165.97187091,-0.58620224,-0.11574854,2.11640994,-2.07826945,-0.39931757,-0.02768955,-0.21028742,0.27087296,9.83360642,-0.22119232,0.44990776,5.79917524,4
117.37856441,31.96323386,41.62799231,7.50187211,118.96876158,41.62699231,-166.11680214,-0.60288285,-0.08104652,2.11429718,-2.07803846,-0.38892299,-0.02904827,-0.21730897,0.17924059,9.74406500,0.09904744,0.64049200,5.91868597,4
117.37856416,31.96323298,41.62781928,7.40462491,118.94485881,41.62681928,-166.26793631,-0.59468009,-0.04851428,2.11329532,-2.07890365,-0.37865423,-0.03027551,-0.25486975,0.15952250,9.75100632,0.31671545,0.62008462,6.02259032,4
117.37856391,31.96323210,41.62737446,7.30730579,118.92121606,41.62637446,-166.42546990,-0.54588758,-0.02101057,2.11357570,-2.08102807,-0.36850792,-0.03121788,-0.33821890,0.26026523,9.90888961,0.30615591,0.26029223,6.08023511,4
117.37856368,31.96323122,41.62659518,7.20991264,118.89784456,41.62559518,-166.58960000,-0.50782344,0.00149153,2.11308033,-2.08237511,-0.35826834,-0.03192665,-0.39394046,0.33445157,10.03612194,0.11320487,0.00416417,6.12630056,4
117.37856345,31.96323035,41.62486260,7.11244341,118.87475591,41.62386260,-166.76052398,-0.51715026,0.01006443,2.10973263,-2.08087217,-0.34769371,-0.03200319,-0.34778292,0.28452508,10.01566395,-0.57112338,0.18689623,6.15161068,4
117.37856323,31.96322947,41.62314164,7.01489608,118.85196206,41.62214164,-166.93844193,-0.53286816,0.01839717,2.10657513,-2.07951688,-0.33717860,-0.03212508,-0.29781852,0.21707318,9.95877647,-1.19691319,0.38428992,6.16903937,4
117.37856301,31.96322860,41.62255025,6.91726867,118.82947535,41.62155025,-167.12355805,-0.55718613,0.03948762,2.10824876,-2.08259802,-0.32755520,-0.03334926,-0.32183193,0.11970520,9.72129187,-0.75056565,0.24679754,6.13542179,4
117.37856279,31.96322772,41.62212300,6.81955930,118.80730849,41.62112300,-167.31607614,-0.58115064,0.06118481,2.11034637,-2.08605463,-0.31801642,-0.03464388,-0.35142433,0.02193088,9.47587363,-0.18956146,0.07340137,6.09718014,4
117.37856258,31.96322684,41.62237203,6.72176614,118.78547459,41.62137203,-167.51619785,-0.56826188,0.05788952,2.10804483,-2.08511889,-0.30775147,-0.03424895,-0.28957971,0.00914641,9.60201206,-0.06230397,0.03312262,6.10148675,4
117.37856238,31.96322596,41.62281355,6.62388748,118.76398712,41.62181355,-167.72412629,-0.54538790,0.04841712,2.10476209,-2.08320273,-0.29732325,-0.03342525,-0.20209707,0.01714649,9.82991379,-0.05975728,0.03746217,6.11767060,4
117.37856217,31.96322508,41.62326164,6.52592169,118.74285997,41.62226164,-167.94006836,-0.53731905,0.06685991,2.10955796,-2.08934289,-0.28809859,-0.03415113,-0.12517807,-0.07664391,9.94125097,-0.09595329,0.24391059,6.12712839,4
117.37856196,31.96322419,41.62369558,6.42786727,118.72210739,41.62269558,-168.16423634,-0.53849228,0.10230480,2.11910372,-2.10021918,-0.27958292,-0.03582063,-0.05793084,-0.22759352,9.97766455,-0.14996439,0.56227193,6.13177402,4
117.37856176,31.96322332,41.62378855,6.32972285,118.70174407,41.62278855,-168.39684933,-0.53948139,0.14209441,2.12508662,-2.10752952,-0.27047678,-0.03759054,-0.07078247,-0.22544582,9.97488799,-0.20991093,0.65295461,6.12606300,4
117.37856157,31.96322244,41.62341061,6.23148720,118.68178510,41.62241061,-168.63813189,-0.53890826,0.18510822,2.12541898,-2.10918714,-0.26044580,-0.03934918,-0.19280368,-0.00383490,9.92864351,-0.27576105,0.41146807,6.10700068,4
117.37856138,31.96322155,41.62297005,6.13315926,118.66224602,41.62197005,-168.88831050,-0.54207131,0.21752402,2.12536728,-2.11045712,-0.25039078,-0.04072254,-0.30679588,0.17643075,9.85858866,-0.35825438,0.15154948,6.09938639,4
117.37856120,31.96322067,41.62253330,6.03473813,118.64314278,41.62153330,-169.14760931,-0.56133518,0.20499834,2.12686681,-2.11326693,-0.24073251,-0.04053330,-0.32800056,0.06732022,9.71532022,-0.50547999,-0.00067811,6.14580466,4
117.37856103,31.96321979,41.62209196,5.93622310,118.62449177,41.62109196,-169.41624811,-0.58291247,0.18579106,2.12857424,-2.11627731,-0.23113359,-0.04010249,-0.33403602,-0.08630147,9.56363693,-0.65527087,-0.13103137,6.20086606,4
117.37856085,31.96321891,41.62130990,5.83761367,118.60630979,41.62030990,-169.69444100,-0.59014482,0.19309246,2.12793284,-2.11661131,-0.22112491,-0.04000582,-0.30772795,-0.16516942,9.61087997,-0.31731888,0.04701551,6.26376505,4
117.37856068,31.96321803,41.62044460,5.73890956,118.58861405,41.61944460,-169.98239478,-0.59321197,0.20773335,2.12671283,-2.11627741,-0.21100732,-0.04000918,-0.27253115,-0.22309156,9.71251115,0.14906308,0.30795013,6.32993164,4
117.37856051,31.96321714,41.62053834,5.64011072,118.57142212,41.61953834,-170.28030835,-0.56847077,0.23683740,2.13168771,-2.12212542,-0.20096651,-0.04097604,-0.22629292,-0.21603147,9.85073507,0.19571990,0.47818830,6.51588244,4
117.37856036,31.96321626,41.62130612,5.54121736,118.55475197,41.62030612,-170.58837159,-0.52456267,0.27571277,2.14100171,-2.13230738,-0.19098299,-0.04261089,-0.17294799,-0.16467805,10.01184603,-0.05638217,0.58109448,6.78520288,4
117.37856021,31.96321537,41.62231092,5.44222995,118.53862191,41.62131092,-170.90676495,-0.49850512,0.31582823,2.14690295,-2.13907718,-0.18044962,-0.04421177,-0.18035390,-0.15430462,10.10684511,-0.30588153,0.59421959,7.02511384,4
117.37856007,31.96321449,41.62356817,5.34314927,118.52305059,41.62256817,-171.23566265,-0.51054471,0.35556253,2.14533650,-2.13838183,-0.16888730,-0.04556785,-0.30155404,-0.23147558,10.07387971,-0.46903789,0.46042715,7.18813467,4
117.37855992,31.96321361,41.62479906,5.24397640,118.50805698,41.62379906,-171.57523627,-0.52864308,0.39167320,2.14194828,-2.13586510,-0.15704664,-0.04679906,-0.43167808,-0.31713869,9.98669947,-0.59369956,0.30033383,7.32729374,4
117.37855978,31.96321272,41.62539272,5.14471273,118.49366039,41.62439272,-171.92565450,-0.53433542,0.39813952,2.13568479,-2.13047332,-0.14456475,-0.04739272,-0.44807862,-0.32890651,9.65772876,-0.53946195,0.16338258,7.39437714,4
117.37855964,31.96321184,41.62583010,5.04536001,118.47988041,41.62483010,-172.28708091,-0.53698061,0.39733980,2.12871837,-2.12437858,-0.13192704,-0.04783010,-0.43658725,-0.32254847,9.26954900,-0.44139695,0.03213929,7.44380153,4
117.37855950,31.96321096,41.62627078,4.94592035,118.46673696,41.62527078,-172.65967237,-0.53096013,0.39472554,2.12080114,-2.11734269,-0.11914751,-0.04740432,-0.41689098,-0.29398823,9.41395770,-0.38454971,-0.02107863,7.57648830,4
117.37855936,31.96321008,41.62671374,4.84639623,118.45425021,41.62571374,-173.04357813,-0.52086084,0.39128822,2.11243812,-2.10986559,-0.10630174,-0.04657157,-0.39344980,-0.25502605,9.81020097,-0.34737603,-0.03746934,7.74858478,4
117.37855922,31.96320920,41.62674941,4.74679053,118.44244061,41.62574941,-173.43894101,-0.51471104,0.38590561,2.10788584,-2.10599656,-0.09323320,-0.04609324,-0.34604798,-0.31707134,9.95167064,-0.41389297,-0.07173067,8.06361051,4
117.37855908,31.96320831,41.62639640,4.64710652,118.43132885,41.62539640,-173.84589682,-0.51282220,0.37876710,2.10702149,-2.10562170,-0.07995878,-0.04600226,-0.27624411,-0.47671693,9.81961363,-0.57691951,-0.12750860,8.51019987,4
117.37855895,31.96320742,41.62607854,4.54734793,118.42093585,41.62507854,-174.26457127,-0.51639926,0.37508205,2.10562753,-2.10467376,-0.06598943,-0.04600000,-0.23150717,-0.55369246,9.67609887,-0.66437744,-0.11384519,8.94701589,4
117.37855882,31.96320654,41.62600238,4.44751891,118.41128271,41.62500238,-174.69507817,-0.52883575,0.37897080,2.10155468,-2.10104733,-0.05074525,-0.04600000,-0.24603375,-0.42467565,9.63169441,-0.56033096,0.04603907,9.30622268,4
117.37855870,31.96320564,41.62610603,4.34762406,118.40239072,41.62510603,-175.13751970,-0.54137144,0.39157855,2.09692212,-2.09680937,-0.03503756,-0.04621207,-0.28133669,-0.25592483,9.64307325,-0.38413734,0.27363829,9.62826577,4
117.37855860,31.96320477,41.62679058,4.24766847,118.39428131,41.62579058,-175.59198928,-0.53993302,0.43930794,2.09367276,-2.09366871,-0.01891108,-0.04758117,-0.33250750,-0.20954274,9.79360401,-0.12963623,0.63032130,9.87568633,4
117.37855850,31.96320387,41.62768710,4.14765772,118.38697602,41.62668710,-176.05857365,-0.53334672,0.49987947,2.09093869,-2.09093869,-0.00263214,-0.04937421,-0.38928750,-0.20868710,9.99475466,0.15290684,1.03382223,10.09612252,4
117.37855840,31.96320298,41.62859907,4.04759786,118.38049653,41.62759907,-176.53735169,-0.51877084,0.55741464,2.08139500,-2.08139500,0.01409276,-0.05119815,-0.43745825,-0.28665074,10.08314074,0.11358323,0.84082464,10.17957238,4
117.37855832,31.96320209,41.62951460,3.94749551,118.37486455,41.62851460,-177.02839215,-0.50070335,0.61338862,2.06879152,-2.06879152,0.03102040,-0.05302921,-0.48169565,-0.39912822,10.12021492,-0.07028711,0.37999382,10.20221141,4
117.37855824,31.96320119,41.62966546,3.84735777,118.37010188,41.62866546,-177.53175432,-0.48955473,0.64043986,2.05172360,-2.05146115,0.04758990,-0.05385582,-0.47739382,-0.61288856,9.98996801,-0.01677841,0.16324893,10.18431262,4
117.37855815,31.96320029,41.62929232,3.74719232,118.36623034,41.62829232,-178.04748982,-0.48330535,0.64775662,2.03173486,-2.03103008,0.06390904,-0.05399420,-0.44002066,-0.89448810,9.74744361,0.20608390,0.12610975,10.14146356,4
117.37855807,31.96319940,41.62857473,3.64700738,118.36327175,41.62757473,-178.57564166,-0.44502734,0.65560083,2.01407176,-2.01264649,0.08034873,-0.05376146,-0.41776687,-0.95176139,9.68712962,0.42276638,0.12052551,10.12910843,4
117.37855799,31.96319851,41.62764863,3.54681172,118.36124791,41.62664863,-179.11624185,-0.37917372,0.66690507,1.99879513,-1.99644375,0.09693343,-0.05332314,-0.41321592,-0.81089975,9.79648047,0.60843974,0.11385180,10.14607769,4
117.37855792,31.96319763,41.62619549,3.44661473,118.36018055,41.62519549,-179.66931189,-0.34026609,0.66908663,1.98387566,-1.98053403,0.11357614,-0.05282919,-0.39679874,-0.73331592,9.88749692,0.34069255,0.07403532,10.21127516,4
117.37855786,31.96319672,41.62429749,3.34642633,118.36009135,41.62329749,179.76513271,-0.33211427,0.66206185,1.96877517,-1.96442685,0.13024437,-0.05232584,-0.36560335,-0.75621092,9.92555385,-0.33981261,0.00409429,10.31487677,4
117.37855781,31.96319582,41.62201743,3.24625707,118.36100187,41.62101743,179.18708015,-0.33364792,0.65322281,1.95419138,-1.94857815,0.14709427,-0.05181532,-0.36689779,-0.66221929,9.88224490,-0.66504971,-0.01585087,10.40803172,4
117.37855777,31.96319492,41.61949674,3.14611811,118.36293354,41.61849674,178.59652556,-0.33691798,0.64480763,1.94010686,-1.93300374,0.16410230,-0.05129993,-0.40014584,-0.44253706,9.77918229,-0.58652500,0.01490856,10.48365011,4
117.37855774,31.96319402,41.61739831,3.04602121,118.36590767,41.61639831,177.99347392,-0.35107840,0.63542086,1.91977334,-1.91107356,0.18113304,-0.05048442,-0.36864607,-0.25219923,9.80499905,-0.70496613,0.02590077,10.63148750,4
117.37855772,31.96319312,41.61566645,2.94597877,118.36994538,41.61466645,177.37793896,-0.37338014,0.62518427,1.89453952,-1.88420130,0.19815695,-0.04943885,-0.28153491,-0.10740044,9.94058528,-1.04904488,0.01243871,10.83815753,4
117.37855773,31.96319222,41.61399064,2.84600383,118.37506759,41.61299064,176.74994258,-0.40702093,0.61921589,1.87494026,-1.86257639,0.21578454,-0.04903609,-0.28676104,-0.11979545,9.75020779,-0.99301407,0.03576414,10.99817115,4
117.37855774,31.96319132,41.61236732,2.74611004,118.38129496,41.61136732,176.10951567,-0.44009018,0.61746026,1.85754829,-1.84294207,0.23356025,-0.04885740,-0.33955777,-0.18988309,9.47306054,-0.69994421,0.08346285,11.09652889,4
117.37855776,31.96319041,41.61104396,2.64631172,118.38864791,41.61004396,175.45669709,-0.44542129,0.62491102,1.83410449,-1.81717294,0.25048187,-0.04801474,-0.36032339,-0.16324381,9.66107280,-0.38935696,0.14336109,11.04288806,4
117.37855780,31.96318950,41.60985210,2.54662384,118.39714657,41.60885210,174.79153273,-0.44100287,0.62337684,1.80881152,-1.78932583,0.26688074,-0.04685210,-0.36683829,-0.11198288,9.91491885,-0.26666788,0.06913750,10.92884388,4
117.37855785,31.96318860,41.60866141,2.44706200,118.40681074,41.60766141,174.11407678,-0.44043931,0.60177023,1.78493530,-1.76258253,0.28306464,-0.04566141,-0.37612913,-0.09238687,9.94597952,-0.43409631,-0.22090883,10.82146393,4
117.37855790,31.96318770,41.60678661,2.34764249,118.41765988,41.60578661,173.42439108,-0.45997813,0.57897127,1.76116893,-1.73578033,0.29884048,-0.04477354,-0.33995530,-0.09580132,9.79928981,-0.51680392,-0.17233570,10.73536412,4
117.37855798,31.96318680,41.60441248,2.24838223,118.42971307,41.60341248,172.72254162,-0.48918812,0.56179237,1.73848937,-1.70993587,0.31461310,-0.04403172,-0.28662513,-0.09542810,9.63090546,-0.44858031,0.07832619,10.67812185,4
117.37855806,31.96318590,41.60192052,2.14929883,118.44298898,41.60092052,172.00859923,-0.50161623,0.55410325,1.72278638,-1.69065748,0.33158539,-0.04295059,-0.31169303,-0.03406247,9.71100186,-0.24631329,-0.09207285,10.70458663,4
117.37855818,31.96318499,41.59862890,2.05041057,118.45750587,41.59762890,171.28264347,-0.49588699,0.53375764,1.70438748,-1.66846034,0.34782060,-0.04143995,-0.35277345,0.01016704,9.82149585,-0.15075929,-0.29985075,10.81956849,4
117.37855830,31.96318409,41.59437800,1.95173639,118.47328154,41.59337800,170.54476216,-0.47861118,0.49349532,1.67935037,-1.63955138,0.36256829,-0.03958665,-0.37156876,0.00334330,9.84273751,-0.24729130,-0.32851101,10.99697567,4
117.37855846,31.96318319,41.58931997,1.85329592,118.49033327,41.58831997,169.79504803,-0.50607865,0.42631884,1.65408106,-1.61032892,0.37709117,-0.03715472,-0.36173460,-0.02092044,9.88802710,-0.89272067,-0.64392082,10.97338572,4
117.37855863,31.96318229,41.58468970,1.75510945,118.50867785,41.58368970,169.03359882,-0.56815437,0.33170615,1.62928277,-1.58151781,0.39133173,-0.03425347,-0.33200357,-0.02166137,9.86345941,-1.17440983,-0.94218832,10.83070359,4
117.37855883,31.96318139,41.58103629,1.65719795,118.52833153,41.58003629,168.26051914,-0.65021855,0.21184781,1.60444327,-1.55260188,0.40511428,-0.03099166,-0.28680737,0.01248349,9.71563588,-0.65630288,-1.01036911,10.64990817,4
117.37855904,31.96318051,41.58004518,1.55958306,118.54930995,41.57904518,167.47591973,-0.67087944,0.13925037,1.59043527,-1.53354717,0.42113901,-0.02856681,-0.22093120,0.01750098,9.79114966,-0.39320222,-0.54297869,10.67145742,4
117.37855928,31.96317962,41.57974605,1.46228709,118.57162817,41.57874605,166.67991559,-0.68446639,0.10278783,1.58282051,-1.52055706,0.43845617,-0.02703409,-0.15570387,-0.02782494,9.96083483,-0.52443993,-0.20523911,10.92230185,4
117.37855954,31.96317874,41.57917951,1.36533301,118.59530062,41.57817951,165.87262617,-0.72109565,0.08651403,1.57804922,-1.51044370,0.45628226,-0.02619815,-0.10137453,-0.11672605,10.11914659,-0.92054910,-0.24726048,11.35915984,4
117.37855984,31.96317788,41.57900671,1.26874445,118.62034104,41.57800671,165.05417652,-0.77754197,0.09547390,1.57209637,-1.49870057,0.47466168,-0.02650110,-0.17700611,-0.11923986,9.80645434,-0.88550041,0.20499305,11.69860432,4
117.37856015,31.96317700,41.57900000,1.17254565,118.64676250,41.57800000,164.22469683,-0.82719262,0.13684859,1.56284057,-1.48324356,0.49225344,-0.02763300,-0.28219343,-0.06214403,9.65500248,-0.76280287,0.54418361,12.01659902,4
117.37856047,31.96317614,41.57900000,1.07676154,118.67457736,41.57800000,163.38432208,-0.86070857,0.21336060,1.54986431,-1.46371591,0.50853885,-0.02944912,-0.36757257,0.03154211,9.95077456,-0.75367135,0.44565568,12.37214397,4
117.37856080,31.96317526,41.57801343,0.98141765,118.70379719,41.57701343,162.53319318,-0.89621845,0.22150559,1.53139499,-1.43855430,0.52363107,-0.02947906,-0.40862531,-0.01640830,9.80220976,-0.90963223,-0.14420650,12.83444616,4
117.37856114,31.96317439,41.57643712,0.88654011,118.73443281,41.57543712,161.67145654,-0.93467038,0.18095961,1.50926310,-1.40966689,0.53778122,-0.02810971,-0.40473324,-0.01966736,9.64638171,-0.90527986,-0.61066938,13.19845640,4
117.37856148,31.96317354,41.57447418,0.79215568,118.76649422,41.57347418,160.79926229,-0.97464603,0.10603622,1.48401418,-1.37760047,0.55098090,-0.02562936,-0.35405351,0.11481722,9.74501278,-0.59993381,-0.70878074,13.37138556,4
117.37856185,31.96317268,41.57401412,0.69829170,118.79999056,41.57301412,159.91676466,-0.99886005,0.03512828,1.46898808,-1.35454758,0.56742632,-0.02339693,-0.29392937,0.09562225,9.80638534,-0.36737859,-0.59939761,13.52222099,4
117.37856222,31.96317181,41.57342266,0.60497608,118.83493012,41.57242266,159.02412386,-1.01540280,-0.02168764,1.46266673,-1.33939316,0.58692671,-0.02161472,-0.22024259,0.10935054,9.92213188,-0.30505300,-0.48035266,13.81029070,4
117.37856263,31.96317097,41.57219247,0.51223730,118.87132029,41.57119247,158.12150553,-1.02922007,-0.06447909,1.46257537,-1.32990770,0.60874350,-0.02026029,-0.13952731,0.21370508,10.10355398,-0.39600952,-0.38132389,14.24787932,4
117.37856305,31.96317013,41.57084134,0.42010435,118.90916749,41.56984134,157.20907888,-1.06594491,-0.06848319,1.45777942,-1.31508886,0.62937811,-0.02058113,-0.26016479,0.25170631,9.70165623,-0.59505521,-0.07303129,14.71837879,4
117.37856349,31.96316929,41.56949611,0.32860676,118.94847722,41.56849611,156.28701671,-1.09013217,-0.05122135,1.45143099,-1.29804879,0.64955829,-0.02125194,-0.31647947,0.25080282,9.56626097,-0.43457370,0.09418113,15.07930811,4
117.37856393,31.96316848,41.56807379,0.23777455,118.98925396,41.56707379,155.35549491,-1.09507936,-0.02016385,1.44451519,-1.27989454,0.66949333,-0.02190042,-0.26191851,0.22518518,9.84208870,0.10262610,0.07142900,15.32075249,4
117.37856440,31.96316766,41.56440306,0.14763819,119.03150120,41.56340306,154.41468985,-1.08114114,0.00759238,1.43025030,-1.25523894,0.68581998,-0.02200879,-0.29430283,0.11924918,9.97453340,0.13552309,0.23523465,15.47729798,4
117.37856490,31.96316685,41.56066303,0.05822863,119.07522136,41.55966303,153.46477655,-1.07946458,0.05486835,1.42008139,-1.23365801,0.70359085,-0.02295907,-0.37792105,0.04778879,9.89065964,-0.15619705,0.35568930,15.69623482,4
117.37856540,31.96316604,41.55729295,-0.03042278,119.12041584,41.55629295,152.50592874,-1.09356471,0.11973430,1.41467661,-1.21568598,0.72316815,-0.02473523,-0.48553325,0.02754272,9.65182879,-0.63010673,0.36642140,16.00238256,4
117.37856591,31.96316525,41.55450364,-0.11828430,119.16708496,41.55350364,151.53831895,-1.12057364,0.14458038,1.40069682,-1.18936146,0.73889433,-0.02500000,-0.47507644,0.06187542,9.72856044,-0.54848593,-0.05184072,16.52229411,4
117.37856645,31.96316446,41.55248274,-0.20532384,119.21522797,41.55148274,150.56211895,-1.13132253,0.14692943,1.39119898,-1.16650276,0.75689814,-0.02500000,-0.45904462,0.07528699,9.82117836,-0.30446755,-0.21504090,17.02957340,4
117.37856698,31.96316367,41.55112298,-0.29150899,119.26484300,41.55012298,149.57750139,-1.12618926,0.13658894,1.38668689,-1.14766365,0.77737069,-0.02500000,-0.45488183,0.07015355,9.86508264,-0.03353207,-0.08468908,17.50411212,4
117.37856750,31.96316289,41.55041018,-0.37680704,119.31592710,41.54941018,148.58464135,-1.12880457,0.14964572,1.37559716,-1.12235624,0.79488898,-0.02502310,-0.43425976,0.17694602,9.71374542,-0.28164314,0.04812213,18.10737838,4
117.37856806,31.96316211,41.55066570,-0.46118507,119.36847617,41.54966570,147.58371533,-1.13422271,0.18250060,1.37531398,-1.10507404,0.81842159,-0.02562755,-0.39882212,0.22994723,9.68832000,-0.32497356,0.19990432,18.64559335,4
117.37856863,31.96316133,41.55189608,-0.54460995,119.42248498,41.55089608,146.57489995,-1.13970250,0.23392175,1.38636458,-1.09640286,0.84810512,-0.02687012,-0.35762989,0.21146638,9.81656489,-0.08382119,0.39051346,19.09258775,4
117.37856922,31.96316059,41.55471049,-0.62704841,119.47794717,41.55371049,145.55837363,-1.12101446,0.33062341,1.38527793,-1.07767302,0.87027661,-0.02917614,-0.43796348,0.19372877,9.90671225,0.12697367,0.83931423,19.43191058,4
117.37856983,31.96315984,41.55780212,-0.70846704,119.53485521,41.55680212,144.53431993,-1.10299741,0.43677944,1.38504633,-1.05904715,0.89263516,-0.03185016,-0.52194036,0.19058767,9.91138765,0.04063821,1.02960665,19.67913789,4
117.37857044,31.96315910,41.56083537,-0.78883236,119.59320039,41.55983537,143.50292893,-1.09835456,0.53952260,1.39080642,-1.04425024,0.91797419,-0.03468968,-0.56347585,0.21340693,9.77696038,-0.57061646,0.62159454,19.79073190,4
117.37857106,31.96315837,41.56390579,-0.86811087,119.65297281,41.56290579,142.46439551,-1.12791211,0.58179632,1.38067159,-1.01716879,0.93288972,-0.03548609,-0.60263684,0.26461299,9.65712101,-0.95307508,0.16926042,19.91725493,4
117.37857170,31.96315764,41.56711085,-0.94626911,119.71416137,41.56611085,141.41891723,-1.17122049,0.58788559,1.36330277,-0.98442320,0.94299953,-0.03513078,-0.62775805,0.32239040,9.58682318,-1.05710485,-0.19767783,20.06052624,4
117.37857236,31.96315692,41.57110972,-1.02327369,119.77675380,41.57010972,140.36669394,-1.16712380,0.59664167,1.36853170,-0.96804529,0.96686155,-0.03557816,-0.53047700,0.31038727,9.74842152,-0.41653530,-0.06185152,20.18906562,4
117.37857301,31.96315621,41.57462917,-1.09909135,119.84073662,41.57362917,139.30792871,-1.15376324,0.60815330,1.37223139,-0.95017174,0.98938991,-0.03595600,-0.46272173,0.27020953,9.90212849,-0.04697738,-0.01529693,20.41190350,4
117.37857366,31.96315549,41.57712216,-1.17368902,119.90609519,41.57612216,138.24282927,-1.13869402,0.62330688,1.36930834,-0.92675715,1.00734234,-0.03606543,-0.47327448,0.18710871,9.97878746,-0.28526608,-0.19770537,20.78683481,4
117.37857434,31.96315481,41.57909192,-1.24703389,119.97281366,41.57809192,137.17160966,-1.14719638,0.64436885,1.37958150,-0.91202880,1.03462170,-0.03678716,-0.49813693,-0.02140783,9.93891797,-0.45774451,-0.04794282,21.08061375,4
117.37857506,31.96315414,41.58088756,-1.31909347,120.04087508,41.57988756,136.09448997,-1.16736817,0.67497726,1.39610967,-0.90123717,1.06625764,-0.03804395,-0.51621246,-0.26417268,9.81856631,-0.53124405,0.32471430,21.33249669,4
117.37857580,31.96315347,41.58310313,-1.38983564,120.11026131,41.58210313,135.01169321,-1.16920417,0.75994595,1.39690142,-0.87785709,1.08624498,-0.04063770,-0.46338116,-0.21034004,9.55322240,-0.48514506,0.79059747,21.72372094,4
117.37857654,31.96315283,41.58540377,-1.45922872,120.18095313,41.58440377,133.92344446,-1.16094108,0.86522686,1.39695408,-0.85336872,1.10555841,-0.04350471,-0.46145413,-0.07936270,9.41224655,-0.43398559,1.10087512,22.13907245,4
117.37857731,31.96315220,41.58761443,-1.52724150,120.25293023,41.58661443,132.82997528,-1.13820545,0.98810203,1.40375737,-0.83299659,1.12936883,-0.04617419,-0.63888413,0.07117802,9.69654475,-0.45216670,0.89874082,22.51556532,4
117.37857809,31.96315157,41.58940815,-1.59384336,120.32617125,41.58840815,131.73152860,-1.12583288,1.06629306,1.39864057,-0.80470146,1.14343734,-0.04753337,-0.77476753,0.16410991,9.95410780,-0.60316857,0.36493199,22.76083311,4
117.37857888,31.96315096,41.59065445,-1.65900427,120.40065378,41.58965445,130.62835934,-1.12945723,1.07606020,1.37857852,-0.76642809,1.14529689,-0.04712337,-0.81130843,0.17727215,10.05337863,-0.83421008,-0.41782619,22.82010956,4
117.37857967,31.96315036,41.59180010,-1.72269488,120.47635440,41.59080010,129.52073308,-1.13094799,1.04461911,1.37191101,-0.73632116,1.15689918,-0.04618052,-0.77772553,0.18491095,9.87341702,-0.53488143,-0.60436410,22.74552196,4
117.37858048,31.96314975,41.59308409,-1.78488657,120.55324868,41.59208409,128.40892524,-1.12507106,1.00390077,1.37279406,-0.71080071,1.17388438,-0.04521405,-0.71159089,0.21096076,9.62306298,-0.03647462,-0.41120156,22.63810704,4
117.37858129,31.96314916,41.59515671,-1.84555148,120.63131126,41.59415671,127.29322099,-1.09239810,1.00969699,1.36990922,-0.68250985,1.18707860,-0.04507495,-0.63770889,0.30781488,9.75283776,-0.06470320,-0.03432743,22.67968916,4
117.37858212,31.96314857,41.59697891,-1.90466261,120.71051581,41.59597891,126.17391523,-1.05867174,1.03928935,1.37537349,-0.65810366,1.20715448,-0.04580359,-0.55446822,0.27526029,9.91935544,-0.21942864,0.31036051,22.78096225,4
117.37858299,31.96314803,41.59758279,-1.96219383,120.79083515,41.59658279,125.05131298,-1.03891354,1.10135242,1.40390145,-0.64509624,1.24646520,-0.04824522,-0.46066507,-0.12153364,9.93254538,-0.34395903,0.47198868,22.93624594,4
117.37858386,31.96314750,41.59752005,-2.01811994,120.87224122,41.59652005,123.92572967,-1.02180635,1.17206249,1.42346078,-0.62731112,1.27745895,-0.05073741,-0.44621884,-0.43809211,9.90786933,-0.37784083,0.55748825,23.06418055,4
117.37858475,31.96314698,41.59652782,-2.07241676,120.95470517,41.59552782,122.79749088,-1.00717938,1.24942810,1.42247931,-0.59875195,1.28976311,-0.05290487,-0.57310020,-0.51472432,9.85041411,-0.28192665,0.53061212,23.12808502,4
117.37858565,31.96314647,41.59544855,-2.12506112,121.03819739,41.59444855,121.66693382,-0.99722173,1.31716206,1.42282356,-0.57061770,1.30282539,-0.05480580,-0.69477083,-0.48047328,9.79329953,-0.30748188,0.40729704,23.16662757,4
117.37858657,31.96314599,41.59437509,-2.17603093,121.12268757,41.59337509,120.53440914,-0.98975220,1.36863341,1.42530820,-0.54344552,1.31718215,-0.05626559,-0.77766849,-0.35326125,9.73854751,-0.45346292,0.20953863,23.17560776,4
117.37858750,31.96314552,41.59327544,-2.22530526,121.20814471,41.59227544,119.40028078,-0.97009463,1.40119164,1.41913033,-0.51237132,1.32310050,-0.05696139,-0.79017015,-0.26061123,9.67449174,-0.42926066,0.12399262,23.14976258,4
117.37858845,31.96314507,41.59233085,-2.27286433,121.29453721,41.59133085,118.26492527,-0.93681340,1.42658667,1.41046974,-0.47957406,1.32620055,-0.05734255,-0.73703102,-0.19134802,9.63097586,-0.29951146,0.19561705,23.09505870,4
117.37858941,31.96314463,41.59201002,-2.31868960,121.38183289,41.59101002,117.12873192,-0.89435748,1.48147972,1.42053449,-0.45308438,1.34595032,-0.05888153,-0.66302234,-0.07293337,9.68860972,-0.35933471,0.44932868,23.03999772,4
117.37859038,31.96314419,41.59211424,-2.36276377,121.46999908,41.59111424,115.99210357,-0.85626659,1.55311272,1.43479037,-0.42796786,1.36902311,-0.06091538,-0.60853445,0.03406361,9.74644418,-0.53316713,0.70133820,23.03391960,4
117.37859134,31.96314377,41.59255834,-2.40507084,121.55900265,41.59155834,114.85545822,-0.84293527,1.62982810,1.43386418,-0.39756734,1.37736525,-0.06267839,-0.63546585,0.03512013,9.66053868,-0.75078274,0.69773754,23.16725349,4
117.37859234,31.96314336,41.59295569,-2.44559615,121.64881004,41.59195569,113.71923007,-0.82969627,1.70500370,1.43241352,-0.36656139,1.38466241,-0.06448311,-0.69788146,0.05876583,9.59995843,-0.67700172,0.63290136,23.26764677,4
117.37859334,31.96314297,41.59298506,-2.48432641,121.73938736,41.59198506,112.58386875,-0.79749186,1.77328358,1.44102603,-0.33813310,1.40046663,-0.06658446,-0.77917518,0.21159131,9.70661100,0.07153757,0.62096480,23.18939568,4
117.37859432,31.96314261,41.59258301,-2.52124972,121.83070039,41.59158301,111.44983741,-0.74804170,1.84270223,1.44282425,-0.30776691,1.40915399,-0.06836493,-0.84189196,0.32912019,9.85797923,0.42404535,0.59244652,23.10216028,4
117.37859534,31.96314225,41.59145822,-2.55635562,121.92271467,41.59045822,110.31761060,-0.67643262,1.91031554,1.43151406,-0.27372587,1.40442250,-0.06946573,-0.86421249,0.33562593,10.02635800,-0.07373251,0.47500454,23.04228827,4
117.37859636,31.96314191,41.59010001,-2.58963508,122.01539554,41.58910001,109.18767298,-0.63420855,1.94145703,1.42895767,-0.24200991,1.40766147,-0.07028221,-0.86601423,0.21610890,10.02509649,-0.51038264,0.04606249,23.00389604,4
117.37859738,31.96314160,41.58854135,-2.62108056,122.10870821,41.58754135,108.06051841,-0.62788898,1.92282429,1.43523340,-0.21285280,1.41868166,-0.07048218,-0.84061542,-0.01586038,9.83544660,-0.73007961,-0.62049638,22.97366779,4
117.37859841,31.96314129,41.58722915,-2.65068599,122.20261782,41.58622915,106.93664907,-0.61564641,1.88454029,1.43136446,-0.18173597,1.41911186,-0.06947807,-0.79685929,-0.09158873,9.73658382,-0.52876592,-0.69033931,22.87457190,4
117.37859946,31.96314099,41.58634793,-2.67844681,122.29708948,41.58534793,105.81657548,-0.59320672,1.84244617,1.42440397,-0.14963075,1.41581200,-0.06794616,-0.71489581,-0.05100997,9.73268165,-0.08152922,-0.24673780,22.74521628,4
117.37860050,31.96314073,41.58596613,-2.70435996,122.39208837,41.58496613,104.70081646,-0.55840146,1.83938354,1.43373590,-0.11962519,1.42818222,-0.06799208,-0.58559330,-0.08658932,9.75453543,-0.02157228,0.07851365,22.70651792,4
117.37860156,31.96314049,41.58565971,-2.72842390,122.48757978,41.58465971,103.58989965,-0.51592402,1.86590791,1.44930163,-0.09021035,1.44614426,-0.06907317,-0.48958445,-0.15930489,9.78114297,-0.20430733,0.29023750,22.73195257,4
117.37860263,31.96314025,41.58483578,-2.75063864,122.58352917,41.58383578,102.48436260,-0.47661960,1.90233890,1.45637751,-0.05926512,1.45504152,-0.07024655,-0.52769131,-0.19305571,9.77846714,-0.37692002,0.41728519,22.73269562,4
117.37860370,31.96314005,41.58375162,-2.77100569,122.67990221,41.58275162,101.38475268,-0.45214363,1.95150623,1.46248752,-0.02801909,1.46219294,-0.07191555,-0.64178069,-0.13415152,9.73647692,-0.60299700,0.44758056,22.52499178,4
117.37860479,31.96313987,41.58279998,-2.78952815,122.77666490,41.58179998,100.29162489,-0.44675604,2.00586567,1.47178830,0.00227493,1.47171096,-0.07398073,-0.75718350,0.02382127,9.66294407,-0.87546845,0.36007142,22.00330992,4
117.37860587,31.96313972,41.58242417,-2.80621063,122.87378353,41.58142417,99.20553912,-0.44199130,2.03195088,1.47179861,0.03144075,1.47125698,-0.07480416,-0.84020749,0.15719941,9.60396204,-0.95609229,0.05946930,21.32011166,4
117.37860695,31.96313959,41.58279062,-2.82105929,122.97122483,41.58179062,98.12705795,-0.42758302,2.01497772,1.46119746,0.05959111,1.45967083,-0.07384658,-0.86582254,0.21205584,9.61620193,-0.77112623,-0.39117568,20.60092588,4
117.37860803,31.96313947,41.58360183,-2.83408182,123.06895596,41.58260183,97.05674579,-0.40789598,1.97195957,1.45900827,0.08731145,1.45613224,-0.07250506,-0.82040915,0.25980231,9.78319145,-0.53694688,-0.63870191,19.91933845,4
117.37860912,31.96313937,41.58447253,-2.84528744,123.16694460,41.58347253,95.99516872,-0.38584577,1.91806946,1.46798109,0.11466050,1.46341329,-0.07138387,-0.72200039,0.28275854,10.00872915,-0.36537285,-0.63010309,19.29446949,4
117.37861021,31.96313929,41.58492247,-2.85468686,123.26515896,41.58392247,94.94289351,-0.36233271,1.86448154,1.47610559,0.14104832,1.46930017,-0.07030884,-0.61077352,0.16074469,10.01338813,-0.27477012,-0.57260482,18.70091195,4
117.37861130,31.96313922,41.58509149,-2.86229229,123.36356787,41.58409149,93.90048583,-0.34034786,1.82069850,1.48481890,0.16707230,1.47521853,-0.06959901,-0.51577529,-0.01809373,9.86136243,-0.25455745,-0.48997261,18.17817246,4
117.37861239,31.96313918,41.58543537,-2.86811741,123.46214084,41.58443537,92.86850865,-0.32446763,1.79732441,1.50314690,0.19398215,1.49021553,-0.06991720,-0.46432562,-0.05136736,9.79072008,-0.28650126,-0.30364910,17.81378412,4
117.37861349,31.96313918,41.58604862,-2.87217737,123.56084806,41.58504862,91.84752153,-0.30870935,1.78645588,1.52261518,0.22080573,1.50605186,-0.07065324,-0.46558069,-0.03219227,9.79484513,-0.29114884,-0.13239479,17.52285861,4
117.37861457,31.96313919,41.58695668,-2.87448871,123.65966050,41.58595668,90.83808084,-0.28459537,1.77800817,1.53063187,0.24599293,1.51034459,-0.07096510,-0.53267583,-0.12288740,9.80720027,-0.17460611,-0.14415247,17.19276540,4
117.37861567,31.96313923,41.58800291,-2.87506941,123.75854995,41.58700291,89.84073852,-0.26365339,1.77117818,1.53613487,0.27059888,1.51185800,-0.07113334,-0.59041648,-0.20598333,9.80322883,-0.13128140,-0.15581268,16.77528241,4
117.37861675,31.96313928,41.58905115,-2.87393882,123.85748902,41.58805115,88.85603960,-0.25806648,1.76692254,1.54908021,0.29578703,1.52033313,-0.07153402,-0.56680499,-0.14768345,9.76923526,-0.36075891,0.02704894,16.23598439,4
117.37861784,31.96313935,41.59040895,-2.87111761,123.95645121,41.58940895,87.88451941,-0.25573203,1.76261791,1.56060680,0.31985913,1.52716384,-0.07189397,-0.52313438,-0.06666016,9.73944401,-0.55234203,0.11100260,15.60936788,4
117.37861891,31.96313945,41.59232203,-2.86662780,124.05541097,41.59132203,86.92670181,-0.24790740,1.75644713,1.56383458,0.34148449,1.52563376,-0.07199466,-0.50429212,-0.05091568,9.73797447,-0.48001719,-0.12432099,14.91238913,4
117.37861998,31.96313957,41.59460150,-2.86049263,124.15434368,41.59360150,85.98309767,-0.24266532,1.74154711,1.56938778,0.36301162,1.52625888,-0.07182041,-0.48920619,-0.03532577,9.74815576,-0.37387000,-0.34596870,14.25345238,4
117.37862106,31.96313969,41.59716954,-2.85273660,124.25322573,41.59616954,85.05420215,-0.24393792,1.71498250,1.58277242,0.38562755,1.53449046,-0.07138731,-0.46520667,0.01353845,9.75998265,-0.35357702,-0.37287839,13.68576775,4
117.37862214,31.96313983,41.60042101,-2.84338536,124.35203452,41.59942101,84.14049265,-0.23575123,1.69637354,1.59603676,0.40749645,1.54270892,-0.07127821,-0.43019416,0.00705506,9.75417618,-0.25199166,-0.20980530,13.13227991,4
117.37862321,31.96313996,41.60424897,-2.83246568,124.45074852,41.60324897,83.24242901,-0.21286498,1.69439645,1.60713916,0.42817888,1.54892399,-0.07177720,-0.38513663,-0.07797773,9.72860391,-0.02699958,0.11791833,12.57787578,4
117.37862427,31.96314010,41.60633078,-2.82000542,124.54934724,41.60533078,82.36045482,-0.18684715,1.71422405,1.62482975,0.45026470,1.56123768,-0.07322247,-0.34651289,-0.12834767,9.73010053,0.09565819,0.37372489,12.13630229,4
117.37862531,31.96314027,41.60618290,-2.80603344,124.64781133,41.60518290,81.49499713,-0.16120873,1.75259860,1.64950959,0.47392457,1.57997032,-0.07549129,-0.32271562,-0.12540080,9.76140171,0.06858395,0.48344366,11.82512478,4
117.37862637,31.96314046,41.60470130,-2.79057959,124.74612252,41.60370130,80.64646451,-0.13474846,1.78285693,1.66731879,0.49523502,1.59190525,-0.07731126,-0.34164075,-0.16997961,9.74919015,0.00361979,0.39761492,11.56606515,4
117.37862741,31.96314066,41.60245466,-2.77367463,124.84426366,41.60145466,79.81524497,-0.10860802,1.79752330,1.67631699,0.51374451,1.59523590,-0.07834140,-0.39594281,-0.24819776,9.70703523,-0.08967661,0.14343850,11.32305584,4
117.37862845,31.96314086,41.60091892,-2.75535017,124.94221876,41.59991892,79.00170387,-0.09120051,1.79005076,1.68374924,0.53194004,1.59703025,-0.07833953,-0.41507159,-0.13758168,9.81397642,-0.34474189,-0.11763858,11.02257997,4
117.37862949,31.96314109,41.60036659,-2.73563864,125.03997295,41.59936659,78.20618269,-0.08361913,1.76108475,1.69099783,0.55007899,1.59866192,-0.07747661,-0.39452185,0.11818815,10.01609744,-0.67174300,-0.34592562,10.64600836,4
117.37863051,31.96314133,41.60067708,-2.71457317,125.13751253,41.59967708,77.42899952,-0.08464559,1.71323865,1.69602497,0.56657132,1.59825006,-0.07643739,-0.37773368,0.14887791,9.93063201,-0.58007556,-0.53813704,10.16936946,4
117.37863153,31.96314158,41.60148288,-2.69218759,125.23482495,41.60048288,76.67044981,-0.08658704,1.65570904,1.70103379,0.58214970,1.59792774,-0.07545425,-0.35993240,-0.00408118,9.64231393,-0.15701071,-0.62824957,9.61061968,4
117.37863255,31.96314184,41.60193167,-2.66851633,125.33189882,41.60093167,75.93080528,-0.07006177,1.61028739,1.71310107,0.59967398,1.60449702,-0.07470963,-0.30104424,-0.01178593,9.60033992,0.08319843,-0.43703415,9.02591469,4
117.37863356,31.96314210,41.60168746,-2.64359436,125.42872389,41.60068746,75.21031308,-0.03931039,1.57867283,1.73021437,0.61844699,1.61595297,-0.07423619,-0.22141261,0.08556641,9.75668107,0.08524449,-0.12808105,8.45770679,4
117.37863456,31.96314237,41.60043980,-2.61745713,125.52529107,41.59943980,74.50919733,-0.01037427,1.55522909,1.74561041,0.63591988,1.62565902,-0.07403083,-0.17710018,0.06983953,9.82970600,-0.04272383,-0.09146460,7.96411891,4
117.37863555,31.96314265,41.59859310,-2.59014052,125.62159242,41.59759310,73.82766037,0.01109776,1.53860535,1.76026591,0.65249432,1.63464163,-0.07409284,-0.15700612,0.01769127,9.80138496,-0.21279753,-0.16799018,7.51828474,4
117.37863654,31.96314295,41.59686986,-2.56168076,125.71762112,41.59586986,73.16588201,0.02213099,1.52843020,1.77786852,0.66962734,1.64662114,-0.07441435,-0.12554559,0.11585677,9.73976416,-0.32787453,0.01066121,7.05976668,4
117.37863753,31.96314325,41.59551929,-2.53211439,125.81337145,41.59451929,72.52401964,0.02956251,1.52987284,1.79664326,0.68657544,1.66001383,-0.07509365,-0.09677481,0.32342358,9.71276259,-0.34262098,0.29867009,6.57262137,4
117.37863852,31.96314358,41.59465477,-2.50147817,125.90883881,41.59365477,71.90220840,0.04303538,1.54942936,1.81328104,0.70198980,1.67174185,-0.07625174,-0.09842066,0.53455939,9.78798568,-0.22761520,0.40596103,6.05359351,4
117.37863950,31.96314391,41.59399022,-2.46980908,126.00401967,41.59299022,71.30055971,0.05977985,1.57635630,1.82790749,0.71600322,1.68176900,-0.07760732,-0.12425771,0.63825009,9.87088263,-0.02278244,0.35212891,5.56091526,4
117.37864046,31.96314425,41.59315406,-2.43714417,126.09891155,41.59215406,70.71915981,0.07401942,1.59614314,1.84156920,0.72915960,1.69088285,-0.07879244,-0.15915395,0.53461628,9.83335112,0.21424495,0.23850344,5.16277795,4
117.37864143,31.96314459,41.59205733,-2.40352059,126.19351299,41.59105733,70.15807049,0.08929325,1.60386351,1.85446945,0.74144233,1.69945269,-0.07960794,-0.17875215,0.36420126,9.74831121,0.26640131,0.10897701,4.81764013,4
117.37864239,31.96314494,41.59070684,-2.36897546,126.28782354,41.58970684,69.61733004,0.11072256,1.59832991,1.86663285,0.75276195,1.70772979,-0.07994724,-0.16114241,0.30699271,9.72777635,-0.07651241,-0.01149633,4.46115607,4
117.37864334,31.96314531,41.58956500,-2.33354586,126.38184372,41.58856500,69.09695156,0.12389523,1.58331915,1.87870708,0.76361625,1.71620729,-0.08000000,-0.12452843,0.33169886,9.71464293,-0.48738132,-0.08333336,4.09347004,4
117.37864429,31.96314567,41.58907606,-2.29726872,126.47557497,41.58807606,68.59692173,0.11392298,1.56356149,1.89133773,0.77455446,1.72530574,-0.08000000,-0.09329938,0.36138279,9.62674141,-0.58866198,-0.07616137,3.72977870,4
117.37864523,31.96314604,41.58959101,-2.26018081,126.56901964,41.58859101,68.11720244,0.10188089,1.54608239,1.90551147,0.78582285,1.73596123,-0.08011820,-0.06595646,0.41496982,9.57022340,-0.43797433,-0.01943108,3.43144978,4
117.37864617,31.96314641,41.59130502,-2.22231867,126.66218095,41.59030502,67.65773294,0.11083725,1.53639251,1.92195761,0.79752380,1.74890249,-0.08046100,-0.03575258,0.52562788,9.66110662,-0.17989102,0.05069772,3.25030899,4
117.37864711,31.96314679,41.59332269,-2.18371853,126.75506292,41.59232269,67.21842945,0.12800722,1.53641067,1.94081600,0.81005964,1.76394869,-0.08115904,-0.02531636,0.61472425,9.80940434,-0.04531425,0.13655687,3.18369522,4
117.37864805,31.96314717,41.59476947,-2.14441629,126.84767037,41.59376947,66.79918471,0.13664728,1.54679535,1.96207060,0.82378611,1.78078417,-0.08231277,-0.05721650,0.60193295,9.90701806,-0.21938425,0.24797535,3.21857729,4
117.37864898,31.96314757,41.59580936,-2.10444748,126.94000886,41.59480936,66.39986917,0.13500712,1.56036234,1.98271876,0.83743990,1.79697217,-0.08361397,-0.11049198,0.52685381,9.93067091,-0.49044236,0.29199610,3.29032208,4
117.37864991,31.96314797,41.59676887,-2.06384718,127.03208464,41.59576887,66.02033082,0.12408679,1.56996341,1.99964005,0.84964422,1.81003377,-0.08474061,-0.16079180,0.44189355,9.87381424,-0.61004062,0.16450759,3.33983752,4
117.37865084,31.96314839,41.59763644,-2.02264999,127.12390462,41.59663644,65.66039374,0.10774065,1.56786686,2.01465479,0.86108967,1.82147639,-0.08539050,-0.19664284,0.37609989,9.78895357,-0.60526183,-0.05716839,3.34908627,4
117.37865175,31.96314880,41.59829074,-1.98088999,127.21547632,41.59729074,65.31986032,0.08982088,1.54471118,2.03070326,0.87294168,1.83369922,-0.08520724,-0.20850200,0.35388634,9.74068508,-0.56470613,-0.25804263,3.30663061,4
117.37865267,31.96314920,41.59878621,-1.93860071,127.30680782,41.59778621,64.99851629,0.07126368,1.50916005,2.04804877,0.88528530,1.84697285,-0.08454270,-0.19377802,0.35057927,9.74704104,-0.52142901,-0.36504367,3.24037548,4
117.37865359,31.96314960,41.59924271,-1.89581509,127.39790771,41.59824271,64.69613015,0.05183368,1.47861578,2.06609779,0.89784484,1.86091336,-0.08409767,-0.14604021,0.31387544,9.82346980,-0.49392201,-0.27632548,3.20133903,4
117.37865453,31.96315001,41.59969573,-1.85256543,127.48878506,41.59869573,64.41244897,0.03268616,1.45885650,2.08513378,0.91076880,1.87580814,-0.08412823,-0.07830518,0.24330307,9.94270018,-0.48243315,-0.03087292,3.19668503,4
117.37865545,31.96315041,41.60014279,-1.80888340,127.57944936,41.59914279,64.14720041,0.01809673,1.45291783,2.10685199,0.92489173,1.89314607,-0.08484159,-0.04018312,0.18805055,9.99884331,-0.47029140,0.14708411,3.20178110,4
117.37865638,31.96315082,41.60059045,-1.76479998,127.66991046,41.59959045,63.90009869,0.00969280,1.46231854,2.13192812,0.94054732,1.91351760,-0.08633366,-0.05172434,0.16795797,9.94902424,-0.45229878,0.16959909,3.20756626,4
117.37865730,31.96315123,41.60135573,-1.72034546,127.76017857,41.60035573,63.67084508,-0.00277818,1.48043434,2.15642980,0.95601361,1.93322530,-0.08818674,-0.07335339,0.16099530,9.87425678,-0.49222666,0.23597026,3.23739567,4
117.37865822,31.96315164,41.60280206,-1.67554941,127.85026417,41.60180206,63.45912475,-0.02843703,1.50618445,2.17727314,0.96996595,1.94931748,-0.09025257,-0.08080206,0.15684640,9.82239909,-0.66066328,0.50857525,3.31832135,4
117.37865915,31.96315205,41.60437782,-1.63044069,127.94017795,41.60337782,63.26460780,-0.05680079,1.53972076,2.19665412,0.98333918,1.96404845,-0.09253893,-0.08631837,0.13266207,9.78012684,-0.78995357,0.79626095,3.37920414,4
117.37866008,31.96315246,41.60555549,-1.58504739,128.02993084,41.60455549,63.08695228,-0.07799875,1.58608676,2.21607076,0.99679674,1.97904542,-0.09519210,-0.10219404,0.05068078,9.73877506,-0.67061886,0.89761864,3.32900263,4
117.37866101,31.96315286,41.60649250,-1.53939687,128.11953387,41.60549250,62.92580342,-0.09304206,1.63682730,2.23475476,1.00987917,1.99357822,-0.09788418,-0.12867729,-0.05375449,9.71755599,-0.43361598,0.83341642,3.17156926,4
117.37866195,31.96315326,41.60751474,-1.49351571,128.20899823,41.60651474,62.78079177,-0.10233136,1.67126022,2.25040580,1.02123288,2.00554723,-0.09976487,-0.17029170,-0.09577308,9.77442664,-0.38071983,0.59774148,2.87786580,4
117.37866288,31.96315366,41.60870489,-1.44742972,128.29833512,41.60770489,62.65153793,-0.10607659,1.68304424,2.26230783,1.03041810,2.01431541,-0.10057481,-0.22723687,-0.05225810,9.92440789,-0.59914455,0.18893599,2.43397838,4
117.37866381,31.96315407,41.60977983,-1.40116392,128.38755582,41.60877983,62.53765954,-0.11601216,1.68459022,2.27365963,1.03882799,2.02281702,-0.10108858,-0.25188707,-0.02982296,10.01956720,-0.88224895,-0.11084100,1.93443375,4
117.37866475,31.96315447,41.61041214,-1.35474258,128.47667157,41.60941214,62.43877239,-0.14656478,1.68081800,2.28701253,1.04724267,2.03353973,-0.10182427,-0.18125125,-0.13791393,9.89226610,-1.08284700,0.02094293,1.43061594,4
117.37866569,31.96315486,41.61088629,-1.30818919,128.56569357,41.60988629,62.35448908,-0.18103347,1.67979682,2.30221748,1.05586333,2.04622317,-0.10288038,-0.07323937,-0.27270119,9.67702993,-1.11831490,0.30320787,0.94644113,4
117.37866663,31.96315525,41.61153696,-1.26152653,128.65463298,41.61053696,62.28442088,-0.19581967,1.69631803,2.32038657,1.06515556,2.06188368,-0.10464689,0.00773355,-0.28922623,9.52266778,-0.73700387,0.40077893,0.53436272,4
117.37866757,31.96315565,41.61228763,-1.21477662,128.74350082,41.61128763,62.22818072,-0.19118415,1.72550599,2.34066719,1.07479848,2.07971178,-0.10686289,0.06007764,-0.21371249,9.43999999,-0.04863389,0.34317687,0.18875977,4
117.37866851,31.96315604,41.61283469,-1.16796077,128.83230801,41.61183469,62.18538386,-0.16627319,1.74863889,2.35977680,1.08351303,2.09660693,-0.10850406,0.07445094,-0.14449645,9.48044917,0.52766737,0.23600369,-0.10685746,4
117.37866946,31.96315644,41.61300000,-1.12109959,128.92106532,41.61200000,62.15564749,-0.11521568,1.75650572,2.37606869,1.09052862,2.11106105,-0.10900000,0.03672523,-0.12299619,9.69834333,0.79208961,0.10837795,-0.34547506,4
117.37867040,31.96315683,41.61260868,-1.07421300,129.00978333,41.61160868,62.13859013,-0.05873434,1.75208566,2.39026978,1.09627726,2.12385092,-0.10886956,-0.01655724,-0.11524682,9.95291490,0.83647384,-0.05026906,-0.57213048,4
117.37867135,31.96315722,41.61093960,-1.02732028,129.09847243,41.60993960,62.13383077,-0.02153613,1.72913142,2.40162273,1.10028902,2.13465334,-0.10831320,-0.04694733,-0.08492808,10.07623605,0.60332592,-0.28124022,-0.84024743,4
117.37867229,31.96315762,41.60852847,-0.98044003,129.18714281,41.60752847,62.14098736,0.00184218,1.69131491,2.41083494,1.10296079,2.14387240,-0.10730968,-0.05550227,-0.04600799,10.09113321,0.23921420,-0.52745689,-1.12217837,4
117.37867322,31.96315802,41.60619662,-0.93359019,129.27580441,41.60519662,62.15967667,0.01551228,1.63763571,2.41819778,1.10436267,2.15142821,-0.10550324,-0.03000488,-0.02719081,9.98040230,0.01767494,-0.65807328,-1.35884724,4
117.37867417,31.96315842,41.60407950,-0.88678809,129.36446691,41.60307950,62.18951696,0.01987067,1.56806761,2.42409261,1.10460455,2.15766220,-0.10288228,0.02981970,-0.03120374,9.74834305,-0.01875597,-0.65397841,-1.54177720,4
117.37867511,31.96315882,41.60252022,-0.84005041,129.45313975,41.60152022,62.23012907,0.02675913,1.50133865,2.43280418,1.10578519,2.16657082,-0.10046967,0.08054071,-0.03803365,9.57424808,0.09407231,-0.59485869,-1.69989277,4
117.37867605,31.96315921,41.60200000,-0.79339323,129.54183205,41.60100000,62.28113591,0.04591487,1.45238478,2.44863473,1.10983156,2.18218616,-0.09910284,0.08650534,-0.03413121,9.61365767,0.39104042,-0.51669512,-1.84423747,4
117.37867701,31.96315961,41.60188961,-0.74683202,129.63055266,41.60088961,62.34216328,0.07441393,1.40926196,2.46630604,1.11449687,2.19965567,-0.09803697,0.07449627,-0.03035418,9.74952115,0.68242980,-0.46970087,-1.98187925,4
117.37867795,31.96316002,41.60136819,-0.70038169,129.71931013,41.60036819,62.41284201,0.11482492,1.35472868,2.47755198,1.11612214,2.21151861,-0.09614244,0.07900605,-0.04705676,9.84644938,0.60959081,-0.57431266,-2.12018201,4
117.37867889,31.96316042,41.60055031,-0.65405655,129.80811269,41.59955031,62.49281156,0.15989317,1.29368981,2.48484426,1.11578247,2.21998563,-0.09375044,0.09534391,-0.07943320,9.90453020,0.29144574,-0.74446415,-2.26846694,4
117.37867982,31.96316083,41.59969716,-0.60787040,129.89696824,41.59869716,62.58172334,0.18826409,1.23943890,2.49464947,1.11620703,2.23088804,-0.09173857,0.11271254,-0.11763451,9.91077768,0.02035449,-0.73034214,-2.45961159,4
117.37868077,31.96316124,41.59884734,-0.56183649,129.98588440,41.59784734,62.67924021,0.19576247,1.19545699,2.50792311,1.11774613,2.24510965,-0.09030489,0.13003025,-0.15874162,9.85763518,-0.14399115,-0.48469080,-2.69917891,4
117.37868171,31.96316164,41.59799452,-0.51596761,130.07486844,41.59699452,62.78503427,0.19845465,1.16229696,2.52056047,1.11863075,2.25891169,-0.08933752,0.15175391,-0.18719400,9.76748418,-0.19083673,-0.19377458,-2.93625348,4
117.37868265,31.96316204,41.59713168,-0.47027607,130.16392732,41.59613168,62.89878718,0.20759062,1.14648761,2.52864408,1.11696089,2.26881487,-0.08900000,0.18420602,-0.18242372,9.63908335,-0.04522670,0.00608745,-3.12524392,4
117.37868359,31.96316245,41.59631854,-0.42477370,130.25306767,41.59531854,63.02019279,0.22136401,1.13978098,2.53538356,1.11435282,2.27761366,-0.08894713,0.21369219,-0.15208175,9.55353543,0.14081216,0.10479841,-3.27996541,4
117.37868453,31.96316285,41.59572097,-0.37947194,130.34229583,41.59472097,63.14895910,0.23976945,1.13231205,2.54641093,1.11343020,2.29026482,-0.08868737,0.20907496,-0.09134823,9.71586803,0.08148738,-0.00136268,-3.40140009,4
117.37868548,31.96316326,41.59514456,-0.33438181,130.43161780,41.59414456,63.28480832,0.25731497,1.12274093,2.55908671,1.11302698,2.30442105,-0.08824398,0.18419134,-0.02065188,10.00985292,-0.15551724,-0.21291642,-3.50221782,4
117.37868643,31.96316366,41.59395587,-0.28951395,130.52103929,41.59295587,63.42747543,0.25553256,1.10581702,2.56534620,1.10949799,2.31292565,-0.08762141,0.17674976,-0.00351247,10.10357621,-0.41664576,-0.24291060,-3.61614143,4
117.37868738,31.96316406,41.59204073,-0.24487868,130.61056569,41.59104073,63.57670520,0.23011390,1.08213147,2.56416912,1.10232136,2.31490747,-0.08689022,0.19278532,-0.04903775,9.93888932,-0.66486098,-0.04246575,-3.74991577,4
117.37868833,31.96316445,41.59008230,-0.20048594,130.70020212,41.58908230,63.73225158,0.19767512,1.06832185,2.56480225,1.09563981,2.31869970,-0.08664454,0.21156011,-0.08624860,9.73072330,-0.79904008,0.18465155,-3.89525860,4
117.37868927,31.96316485,41.58856019,-0.15634537,130.78995337,41.58756019,63.89387943,0.16827976,1.07896355,2.57435996,1.09255635,2.33076161,-0.08744013,0.21890705,-0.06201134,9.62182740,-0.71611685,0.29923954,-4.04923985,4
117.37869021,31.96316524,41.58755571,-0.11246631,130.87982398,41.58655571,64.06136447,0.14519375,1.09902601,2.58584082,1.09006037,2.34468307,-0.08856890,0.21531610,-0.02150474,9.59842919,-0.52752511,0.33238794,-4.17960601,4
117.37869117,31.96316563,41.58773103,-0.06885778,130.96981819,41.58673103,64.23449241,0.14084829,1.10892415,2.58771033,1.08295860,2.35000000,-0.08900000,0.19102751,-0.03537941,9.71777286,-0.34342720,0.26399972,-4.20144818,4
117.37869213,31.96316602,41.58863308,-0.02552857,131.05993996,41.58763308,64.41305994,0.14366881,1.10964903,2.58488008,1.07360332,2.35113441,-0.08890546,0.15602890,-0.07711196,9.90111126,-0.24594645,0.12242636,-4.16688652,4
117.37869308,31.96316641,41.58952541,0.01751280,131.15019300,41.58852541,64.59687621,0.12788676,1.09818435,2.58727253,1.06674518,2.35704943,-0.08841255,0.12979460,-0.09463073,9.98242529,-0.50178794,-0.06315438,-4.17723034,4
117.37869404,31.96316678,41.59044570,0.06025805,131.24058075,41.58944570,64.78576326,0.09581740,1.07494917,2.59266081,1.06134405,2.36570432,-0.08748854,0.11735277,-0.09848923,9.96736211,-0.98071273,-0.26244241,-4.22252079,4
117.37869500,31.96316716,41.59153982,0.10269911,131.33110643,41.59053982,64.97955586,0.05649284,1.04161172,2.59240557,1.05336400,2.36918197,-0.08600835,0.13813124,-0.12963053,9.87817444,-1.17726529,-0.35799567,-4.26403887,4
117.37869596,31.96316755,41.59289349,0.14482810,131.42177298,41.59189349,65.17810142,0.01372789,0.99988790,2.58546301,1.04225966,2.36651362,-0.08403063,0.19494927,-0.19120550,9.73038453,-0.96965183,-0.31938571,-4.29267475,4
117.37869692,31.96316792,41.59457085,0.18663732,131.51258315,41.59357085,65.38126068,-0.01947810,0.96472489,2.58282795,1.03284495,2.36772238,-0.08248316,0.24702448,-0.22220156,9.63483466,-0.67352924,-0.24389709,-4.31774503,4
117.37869788,31.96316829,41.59662818,0.22811921,131.60353945,41.59562818,65.58890770,-0.03408735,0.94548671,2.59141109,1.02812937,2.37910715,-0.08194181,0.26708930,-0.18400493,9.66985698,-0.48999936,-0.19632780,-4.34446140,4
117.37869885,31.96316865,41.59869972,0.26926636,131.69464418,41.59769972,65.80092928,-0.04212071,0.92618664,2.60040484,1.02353173,2.39087976,-0.08133555,0.26501828,-0.14413874,9.78651777,-0.44229817,-0.22163687,-4.36881467,4
117.37869983,31.96316902,41.60034093,0.31007149,131.78589946,41.59934093,66.01722439,-0.05528055,0.88717658,2.59676152,1.01349383,2.39123047,-0.07932053,0.24250457,-0.18458621,9.96259735,-0.62325679,-0.40833313,-4.38491837,4
117.37870080,31.96316939,41.60167416,0.35052740,131.87730721,41.60067416,66.23770291,-0.07493815,0.83977541,2.58882464,1.00154601,2.38769460,-0.07678338,0.21734733,-0.25446906,10.10918840,-0.88258501,-0.59133721,-4.40599418,4
117.37870176,31.96316974,41.60274439,0.39062697,131.96886918,41.60174439,66.46228292,-0.10861406,0.80231860,2.59144388,0.99390586,2.39367705,-0.07525561,0.22582043,-0.26552931,10.01499268,-0.95352497,-0.41433007,-4.46387838,4
117.37870273,31.96317009,41.60371048,0.43036319,132.06058692,41.60271048,66.69088735,-0.14690389,0.77371185,2.59842043,0.98799869,2.40355188,-0.07439276,0.25621920,-0.23315418,9.78093227,-0.83892194,-0.06045140,-4.53959515,4
117.37870370,31.96317045,41.60492230,0.46972908,132.15246184,41.60392230,66.92344360,-0.16805328,0.75696883,2.59629419,0.97818347,2.40506109,-0.07372881,0.29225809,-0.16901188,9.58021403,-0.42261015,0.10470568,-4.59493111,4
117.37870467,31.96317080,41.60628061,0.50871778,132.24449518,41.60528061,67.15988719,-0.17061320,0.75135139,2.58913641,0.96614600,2.40197826,-0.07331423,0.32716449,-0.08861081,9.46985884,0.15260832,0.13276277,-4.62886018,4
117.37870565,31.96317115,41.60745074,0.54732244,132.33668799,41.60645074,67.40016418,-0.14897547,0.75471755,2.59071541,0.95758188,2.40706764,-0.07333058,0.33770613,-0.04449514,9.64828628,0.40321341,0.19575648,-4.63712698,4
117.37870663,31.96317150,41.60827941,0.58553627,132.42904123,41.60727941,67.64422959,-0.11327296,0.76596816,2.59905174,0.95177327,2.41847772,-0.07374991,0.32484107,-0.03796213,10.01955803,0.28581049,0.31732523,-4.62277578,4
117.37870760,31.96317185,41.60836800,0.62335250,132.52155567,41.60736800,67.89204405,-0.10073630,0.78445174,2.59896046,0.94279376,2.42208455,-0.07443777,0.30282268,-0.04572922,10.14360860,-0.10399816,0.47632712,-4.59453624,4
117.37870858,31.96317218,41.60769576,0.66076438,132.61423197,41.60669576,68.14357066,-0.11901950,0.81153003,2.58871348,0.92989645,2.41626670,-0.07549645,0.27656843,-0.05964796,9.92827005,-0.62381936,0.65464115,-4.56388113,4
117.37870956,31.96317252,41.60692877,0.69776521,132.70707064,41.60592877,68.39877304,-0.14386703,0.85123126,2.58352268,0.91868661,2.41510477,-0.07742677,0.25064171,-0.07200401,9.64480807,-0.73182954,0.79395364,-4.57055439,4
117.37871056,31.96317284,41.60642764,0.73434829,132.80007207,41.60542764,68.65761432,-0.15943104,0.90346714,2.58817041,0.91094591,2.42299983,-0.08024369,0.22636461,-0.07886837,9.45282278,-0.25473887,0.86441189,-4.62885884,4
117.37871154,31.96317317,41.60629346,0.77050696,132.89323653,41.60529346,68.92005608,-0.14921776,0.95707267,2.58833829,0.90150579,2.42658277,-0.08274892,0.19904414,-0.08047848,9.45505204,0.28770255,0.86984457,-4.70727961,4
117.37871252,31.96317350,41.60644831,0.80623460,132.98656413,41.60544831,69.18605660,-0.10403436,1.00408074,2.57632183,0.88753805,2.41867575,-0.08420103,0.16416465,-0.07197415,9.70593244,0.54356907,0.79777785,-4.78566037,4
117.37871351,31.96317382,41.60593186,0.84152463,133.08005490,41.60493186,69.45556990,-0.05300139,1.04183508,2.56510901,0.87357445,2.41157758,-0.08519030,0.11793489,-0.03402091,9.98543956,0.47595818,0.62747697,-4.85500557,4
117.37871450,31.96317415,41.60409654,0.87637054,133.17370870,41.60309654,69.72854548,-0.02067563,1.06499968,2.56264277,0.86241739,2.41283228,-0.08596285,0.06181539,0.04290827,10.11475943,0.07859781,0.34119361,-4.90961432,4
117.37871549,31.96317445,41.60178116,0.91076587,133.26752529,41.60078116,70.00492803,-0.01409501,1.06008161,2.55583999,0.84973820,2.41015154,-0.08548671,0.02196510,0.11955684,10.07927059,-0.43616603,-0.03787704,-4.95998527,4
117.37871649,31.96317475,41.59977280,0.94470426,133.36150431,41.59877280,70.28465829,-0.03963072,1.01296085,2.53576635,0.83255180,2.39512227,-0.08284486,0.02527652,0.16246611,9.86996217,-0.84272785,-0.47288411,-5.01936152,4
117.37871749,31.96317504,41.59860528,0.97817940,133.45564525,41.59760528,70.56767490,-0.07683810,0.93695088,2.51907022,0.81630099,2.38317162,-0.07909151,0.07427314,0.18053532,9.63807263,-0.88691354,-0.81538825,-5.10875296,4
117.37871850,31.96317533,41.59860647,1.01118511,133.54994750,41.59760647,70.85391620,-0.10547417,0.84606930,2.51736806,0.80478038,2.38508956,-0.07514825,0.16286753,0.18499492,9.52860918,-0.45639104,-0.94580980,-5.23810172,4
117.37871951,31.96317561,41.59911298,1.04371526,133.64441034,41.59811298,71.14331931,-0.11351599,0.75298185,2.51743955,0.79366098,2.38874618,-0.07109616,0.25081941,0.19313813,9.60571788,-0.06682281,-0.91125254,-5.36780904,4
117.37872051,31.96317589,41.59947416,1.07576384,133.73903292,41.59847416,71.43581712,-0.09613454,0.67086964,2.51166626,0.78041946,2.38719039,-0.06724924,0.31185712,0.21147623,9.86872623,-0.08348978,-0.73865278,-5.46382845,4
117.37872151,31.96317616,41.59903356,1.10732493,133.83381426,41.59803356,71.73133669,-0.07908050,0.61367398,2.51220849,0.76895926,2.39172017,-0.06471464,0.37117455,0.20763548,10.04645367,-0.29915810,-0.42382643,-5.51523441,4
117.37872253,31.96317644,41.59752084,1.13839276,133.92875330,41.59652084,72.02979996,-0.07976679,0.58979155,2.52460456,0.76110998,2.40739402,-0.06411313,0.43635494,0.17181363,9.97442173,-0.53180799,-0.00041535,-5.52226098,4
117.37872353,31.96317672,41.59572558,1.16896166,134.02384885,41.59472558,72.33112428,-0.09376789,0.59535446,2.53551879,0.75279133,2.42145939,-0.06484635,0.46045067,0.16097730,9.77350231,-0.65501668,0.38552817,-5.51528356,4
117.37872453,31.96317700,41.59425449,1.19902611,134.11909961,41.59325449,72.63522199,-0.11501739,0.62580205,2.53773587,0.74180900,2.42702963,-0.06644223,0.41863243,0.20470497,9.56096643,-0.58801255,0.62176715,-5.51589695,4
117.37872553,31.96317728,41.59347701,1.22858073,134.21450416,41.59247701,72.94200064,-0.12582777,0.66374166,2.54066317,0.73110698,2.43321730,-0.06823091,0.35730346,0.25159907,9.52980812,-0.39214796,0.66662594,-5.53131294,4
117.37872655,31.96317756,41.59354743,1.25762031,134.31006101,41.59254743,73.25136331,-0.11663345,0.69570175,2.54914800,0.72219609,2.44473117,-0.06966363,0.30682817,0.26590098,9.77567918,-0.15555995,0.50873810,-5.57224699,4
117.37872756,31.96317784,41.59372240,1.28613980,134.40576852,41.59272240,73.56320745,-0.10625436,0.71480018,2.55308219,0.71186680,2.45186653,-0.07034218,0.25642048,0.25287666,10.03177433,-0.13834443,0.29029702,-5.66399738,4
117.37872856,31.96317812,41.59343965,1.31413434,134.50162499,41.59243965,73.87742325,-0.11074075,0.71387531,2.54507161,0.69771042,2.44753608,-0.06991605,0.20279767,0.21870426,10.07913698,-0.52873333,0.11807844,-5.83086548,4
117.37872958,31.96317838,41.59295279,1.34159927,134.59762859,41.59195279,74.19389289,-0.13205701,0.70099862,2.53716066,0.68317830,2.44338053,-0.06922128,0.17862496,0.20586879,9.94580041,-0.88230937,-0.01191611,-6.02761716,4
117.37873060,31.96317864,41.59248537,1.36853013,134.69377744,41.59148537,74.51249041,-0.17207269,0.68186140,2.54022718,0.67132714,2.44991432,-0.06893951,0.21648836,0.25228697,9.65613807,-0.78495390,-0.10192469,-6.21191464,4
117.37873162,31.96317888,41.59212212,1.39492269,134.79006951,41.59112212,74.83308136,-0.20651313,0.65627656,2.54642348,0.66002801,2.45945176,-0.06836923,0.27687316,0.29732362,9.43996038,-0.47828293,-0.19874462,-6.35956341,4
117.37873264,31.96317912,41.59196938,1.42077296,134.88650274,41.59096938,75.15552213,-0.20474931,0.62140968,2.54779033,0.64702230,2.46417693,-0.06657553,0.32067541,0.26941942,9.59260543,-0.18259786,-0.35807697,-6.42878013,4
117.37873367,31.96317934,41.59156922,1.44607724,134.98307493,41.59056922,75.47965723,-0.18574165,0.57775642,2.54952672,0.63396228,2.46923133,-0.06413407,0.35410793,0.21362787,9.89994122,0.02254471,-0.52434642,-6.45535274,4
117.37873470,31.96317956,41.59006520,1.47083208,135.07978384,41.58906520,75.80531596,-0.17079047,0.52177593,2.55951710,0.62327939,2.48238669,-0.06161644,0.37922470,0.18550298,10.09904036,-0.03329530,-0.61237857,-6.47408273,4
117.37873572,31.96317978,41.58780074,1.49503436,135.17662712,41.58680074,76.13231483,-0.16422521,0.46078482,2.57070251,0.61294600,2.49663433,-0.05914422,0.38010261,0.17159628,10.15390390,-0.23438367,-0.63684862,-6.49838880,4
117.37873675,31.96318000,41.58506449,1.51868132,135.27360236,41.58406449,76.46046337,-0.17445175,0.40390281,2.57332257,0.60016119,2.50225808,-0.05690321,0.32758005,0.15648375,9.97486871,-0.45403399,-0.60183822,-6.54890371,4
117.37873778,31.96318022,41.58226596,1.54177050,135.37070704,41.58126596,76.78956606,-0.19126101,0.34623230,2.57294149,0.58648226,2.50487268,-0.05466486,0.26164852,0.13389714,9.70500467,-0.59958337,-0.59161160,-6.61358979,4
117.37873881,31.96318044,41.58023523,1.56429981,135.46793860,41.57923523,77.11941984,-0.19982974,0.27607391,2.57832052,0.57430062,2.51334084,-0.05192913,0.25480067,0.08131842,9.55370619,-0.38047924,-0.82071063,-6.68243151,4
117.37873984,31.96318065,41.57881731,1.58626754,135.56529440,41.57781731,77.44981234,-0.19827340,0.19483241,2.58746604,0.56306350,2.52560771,-0.04863912,0.29391512,0.01180167,9.52439160,0.05737620,-1.17174658,-6.75359154,4
117.37874087,31.96318086,41.57767262,1.60767236,135.66277174,41.57667262,77.78052370,-0.17684743,0.10382178,2.59469504,0.55116382,2.53578888,-0.04442130,0.34835394,-0.03497239,9.66784612,0.27990111,-1.27819486,-6.82146166,4
117.37874190,31.96318106,41.57660621,1.62851333,135.76036786,41.57560621,78.11132879,-0.13802896,0.00621249,2.59979595,0.53850130,2.54362402,-0.03945424,0.40629828,-0.05420054,9.94653064,0.21897286,-1.10578637,-6.88130924,4
117.37874295,31.96318126,41.57496739,1.64878993,135.85807994,41.57396739,78.44199720,-0.10762315,-0.08208159,2.60784875,0.52634405,2.55419729,-0.03516208,0.43863188,-0.06743136,10.09350622,0.02871523,-0.90915262,-6.91681292,4
117.37874398,31.96318145,41.57234013,1.66850203,135.95590512,41.57134013,78.77229236,-0.10000316,-0.15148082,2.62180507,0.51539723,2.57042981,-0.03237190,0.42693145,-0.08408086,9.95308138,-0.22905507,-0.81295972,-6.91551789,4
117.37874502,31.96318164,41.56951958,1.68764995,136.05384051,41.56851958,79.10197201,-0.09958981,-0.21415653,2.63567483,0.50447212,2.58655637,-0.03003806,0.41089856,-0.09219511,9.72884668,-0.38942513,-0.75869859,-6.89746160,4
117.37874606,31.96318182,41.56739606,1.70623445,136.15188314,41.56639606,79.43078879,-0.09237639,-0.27994952,2.64120295,0.49197049,2.59460885,-0.02719311,0.44031608,-0.06690655,9.61426819,-0.12975436,-0.70869377,-6.87313901,4
117.37874710,31.96318200,41.56572984,1.72425672,136.25003006,41.56472984,79.75849059,-0.07797597,-0.33633987,2.64465416,0.47907803,2.60065834,-0.02454932,0.48961812,-0.02909000,9.59144799,0.26255787,-0.57539684,-6.84721359,4
117.37874815,31.96318217,41.56450197,1.74171842,136.34827827,41.56350197,80.08482260,-0.04807870,-0.34755826,2.65684009,0.46784385,2.61519237,-0.02379286,0.52659964,-0.00891487,9.71916336,0.33052726,-0.09037738,-6.82767536,4
117.37874919,31.96318234,41.56347713,1.75862165,136.44662474,41.56247713,80.40952862,-0.00943572,-0.32392497,2.67405563,0.45757245,2.63457717,-0.02455143,0.54804037,-0.00474739,9.92967748,0.16019483,0.57806961,-6.81007296,4
117.37875022,31.96318250,41.56192144,1.77496898,136.54506644,41.56092144,80.73234787,0.01841120,-0.28421621,2.68569455,0.44628190,2.64836850,-0.02628082,0.53443522,-0.01903436,10.02435464,-0.06490001,0.92491646,-6.77954066,4
117.37875127,31.96318266,41.55960328,1.79076346,136.64360033,41.55860328,81.05301000,0.02888729,-0.23148848,2.68857796,0.43337821,2.65342297,-0.02894843,0.47692658,-0.05443343,9.94076702,-0.30005914,0.78802716,-6.73117756,4
117.37875233,31.96318282,41.55719904,1.80600862,136.74222338,41.55619904,81.37123505,0.02944647,-0.18174033,2.68980801,0.42014095,2.65681963,-0.03159030,0.41069826,-0.09248188,9.80803081,-0.45804070,0.51871061,-6.68113591,4
117.37875337,31.96318297,41.55528066,1.82070849,136.84093253,41.55428066,81.68673728,0.02024525,-0.15193805,2.69487737,0.40753476,2.66402655,-0.03328951,0.36259543,-0.11777245,9.71291020,-0.40455746,0.35393548,-6.64333247,4
117.37875441,31.96318311,41.55367953,1.83486764,136.93972475,41.55267953,81.99922587,0.01238427,-0.13621197,2.69905255,0.39481191,2.67028470,-0.03424567,0.33160255,-0.13237924,9.67171962,-0.24406850,0.22530423,-6.61970780,4
117.37875546,31.96318324,41.55246288,1.84849115,137.03859703,41.55146288,82.30840376,0.02692555,-0.14038083,2.69298229,0.38052280,2.66613538,-0.03395777,0.33555512,-0.12769802,9.77500498,-0.03757975,0.05395678,-6.62993554,4
117.37875652,31.96318337,41.55137560,1.86158463,137.13754636,41.55037560,82.61397004,0.05455036,-0.15890823,2.68148977,0.36536122,2.65644508,-0.03278353,0.36008290,-0.10659708,9.96533168,0.13392416,-0.12062595,-6.66339735,4
117.37875756,31.96318348,41.54968828,1.87415424,137.23656976,41.54868828,82.91562467,0.07203421,-0.18068588,2.67714683,0.35109664,2.65387009,-0.03145756,0.36953328,-0.07116252,10.10217598,0.00787941,-0.17873625,-6.69703026,4
117.37875861,31.96318359,41.54736532,1.88620666,137.33566428,41.54636532,83.21306975,0.07361300,-0.20258915,2.68162167,0.33798114,2.66010015,-0.03020757,0.35928305,-0.02726303,10.14375837,-0.42687852,-0.10640786,-6.72125243,4
117.37875968,31.96318368,41.54538163,1.89774911,137.43482700,41.54438163,83.50600762,0.06011910,-0.22048673,2.68532370,0.32479923,2.66556564,-0.02941417,0.35567238,-0.01113801,10.05167032,-0.78607768,-0.02036080,-6.71092531,4
117.37876074,31.96318377,41.54449242,1.90878936,137.53405506,41.54349242,83.79414048,0.02577978,-0.23010614,2.68189386,0.31075740,2.66392418,-0.02950758,0.37805343,-0.05719785,9.74589668,-0.79630900,0.01167437,-6.63579421,4
117.37876179,31.96318386,41.54455437,1.91933568,137.63334562,41.54355437,84.07717181,-0.00854156,-0.23578241,2.67868961,0.29674441,2.66243520,-0.02980917,0.40828469,-0.10441150,9.45435476,-0.64088077,0.03555130,-6.55165216,4
117.37876285,31.96318394,41.54636174,1.92939689,137.73269593,41.54536174,84.35480693,-0.01423935,-0.23935050,2.68602845,0.28400601,2.67120596,-0.02960575,0.42968525,-0.07034784,9.50417096,-0.39844237,0.10561749,-6.52556208,4
117.37876391,31.96318402,41.54870921,1.93898233,137.83210327,41.54770921,84.62675218,-0.00565816,-0.24008551,2.69542246,0.27153965,2.68190801,-0.02927624,0.43697943,-0.01598883,9.70007937,-0.18884506,0.18813668,-6.53096151,4
117.37876497,31.96318410,41.55009684,1.94810187,137.93156498,41.54909684,84.89271510,0.00792169,-0.23363656,2.69439850,0.25790163,2.68220985,-0.02933990,0.40561488,-0.02491146,9.86304063,-0.25575272,0.23822015,-6.55617712,4
117.37876603,31.96318417,41.55058115,1.95676590,138.03107848,41.54958115,85.15240427,0.02134997,-0.22231651,2.68654220,0.24352387,2.67565793,-0.02971653,0.35401165,-0.07321139,9.98186990,-0.50637044,0.25709770,-6.56864136,4
117.37876708,31.96318424,41.55027075,1.96498532,138.13064126,41.54927075,85.40552677,0.01710733,-0.21353010,2.68355624,0.22982442,2.67381454,-0.03016022,0.34337024,-0.08204565,10.01628079,-0.64050740,0.24587967,-6.45496187,4
117.37876813,31.96318431,41.54921254,1.97277159,138.23025086,41.54819998,85.65178649,-0.00922259,-0.20848284,2.68843578,0.21721238,2.67963579,-0.03063769,0.39093716,-0.03402524,9.95426997,-0.57702334,0.22151998,-6.18078511,4
117.37876919,31.96318438,41.54800903,1.98013667,138.32990490,41.54687619,85.89088546,-0.03810845,-0.19705504,2.69289050,0.20497727,2.68497305,-0.03143979,0.45548348,-0.01036933,9.85462847,-0.49054856,0.32893872,-5.83632920,4
117.37877024,31.96318443,41.54702232,1.98709307,138.42960107,41.54553348,86.12252567,-0.05664287,-0.16838166,2.69062276,0.19280132,2.68360044,-0.03295536,0.51603802,-0.08372112,9.73999093,-0.49643978,0.74560778,-5.44951068,4
117.37877130,31.96318448,41.54605585,1.99365382,138.52933713,41.54419113,86.34640937,-0.06938660,-0.12222508,2.68813440,0.18129278,2.68193540,-0.03517461,0.53972476,-0.16321318,9.66287691,-0.51296535,1.17589927,-5.04428282,4
117.37877236,31.96318453,41.54486754,1.99983252,138.62911090,41.54287470,86.56223844,-0.07659347,-0.04064624,2.69387069,0.17193041,2.68823863,-0.03879394,0.44559591,-0.13391237,9.73106400,-0.44187464,1.23955346,-4.63389477,4
117.37877342,31.96318457,41.54361510,2.00564326,138.72892028,41.54161510,86.76971584,-0.07874013,0.04769058,2.69967476,0.16357519,2.69448659,-0.04261232,0.29945041,-0.05440872,9.84292287,-0.32611349,1.07802907,-4.22582953,4
117.37877448,31.96318461,41.54252592,2.01110068,138.82876322,41.54052592,86.96854958,-0.07164697,0.09648575,2.69050695,0.15512166,2.68576370,-0.04460572,0.17106531,0.01703258,9.85394011,-0.20048910,0.72797713,-3.83610741,4
117.37877553,31.96318464,41.54165087,2.01621994,138.92863776,41.53965087,87.15845596,-0.05637382,0.10767883,2.66985015,0.14670692,2.66555874,-0.04489792,0.07634676,0.07865523,9.78134740,-0.07561594,0.26198220,-3.48083937,4
117.37877658,31.96318466,41.54112799,2.02101670,139.02854201,41.53912799,87.33916036,-0.03735734,0.09727826,2.65311188,0.13907004,2.64927258,-0.04432590,0.05756940,0.13692937,9.71618113,0.01840927,-0.07316100,-3.21513645,4
117.37877764,31.96318468,41.54101670,2.02550710,139.12847411,41.53901670,87.51039594,-0.01531715,0.07154118,2.64516008,0.13247683,2.64175455,-0.04318315,0.12790466,0.19178799,9.69352532,0.08184330,-0.18887388,-3.04821334,4
117.37877870,31.96318470,41.54115106,2.02970776,139.22843233,41.53915106,87.67190341,0.01271318,0.04701652,2.63925419,0.12642602,2.63616570,-0.04196333,0.22631923,0.23079335,9.72174946,0.20160896,-0.17225273,-2.85846210,4
117.37877976,31.96318471,41.54151388,2.03363576,139.32841495,41.53951388,87.82343226,0.05102900,0.03528875,2.63175022,0.12080561,2.62875177,-0.04097069,0.32236137,0.23988755,9.82601324,0.45570695,-0.02992551,-2.55511698,4
117.37878080,31.96318471,41.54180575,2.03730861,139.42842034,41.53980575,87.96474042,0.09057763,0.03074959,2.62649654,0.11585326,2.62357863,-0.04030641,0.38048262,0.26305638,9.93394416,0.64269129,0.13105217,-2.18616148,4
117.37878186,31.96318471,41.54158528,2.04074428,139.52844692,41.53958528,88.09559279,0.12129795,0.03339137,2.63046497,0.11251167,2.62787969,-0.04041472,0.31966099,0.36871057,9.95904670,0.44675861,0.19556547,-1.74756681,4
117.37878292,31.96318472,41.54125873,2.04396112,139.62849316,41.53925873,88.21576176,0.14635177,0.03897842,2.63540943,0.11002728,2.63320906,-0.04085796,0.21927232,0.48983490,9.92699739,0.13518188,0.23810013,-1.27684905,4
117.37878398,31.96318473,41.54136287,2.04697791,139.72855759,41.53936287,88.32502987,0.16441953,0.04400720,2.62909467,0.10815459,2.62706765,-0.04130882,0.16275067,0.53559777,9.81433111,0.00891272,0.35423299,-0.79802582,4
117.37878503,31.96318473,41.54184855,2.04981379,139.82863878,41.53984855,88.42319102,0.17762147,0.05317437,2.61668582,0.10696313,2.61468582,-0.04189096,0.13972607,0.53210925,9.68491203,0.00661527,0.50652192,-0.30585755,4
117.37878608,31.96318476,41.54274307,2.05248829,139.92873532,41.54074307,88.51004955,0.18979298,0.08142129,2.61001124,0.10694189,2.60801124,-0.04300733,0.13563594,0.53119594,9.71032062,0.01011767,0.60576289,0.22014472,4
117.37878713,31.96318479,41.54388455,2.05502126,140.02884584,41.54188455,88.58541939,0.20151437,0.12716833,2.60969975,0.10812518,2.60767568,-0.04461700,0.13678713,0.54292263,9.87811483,-0.01751960,0.64440119,0.78325422,4
117.37878819,31.96318481,41.54458714,2.05743288,140.12896901,41.54258714,88.64912297,0.21145109,0.17200793,2.60799050,0.11039882,2.60580933,-0.04623457,0.09893664,0.56230446,9.99105011,-0.12617419,0.66645518,1.38428053,4
117.37878925,31.96318482,41.54444765,2.05974366,140.22910349,41.54244765,88.70099087,0.21833589,0.20765700,2.60122552,0.11396528,2.59867910,-0.04765707,-0.00146777,0.58544188,9.94885081,-0.34693573,0.69172459,2.03285412,4
117.37879029,31.96318482,41.54391960,2.06197438,140.32924796,41.54191960,88.74086441,0.21981961,0.24400048,2.59472150,0.11862947,2.59173522,-0.04924120,-0.06905158,0.56826038,9.85455961,-0.51152517,0.75666570,2.72552654,4
117.37879134,31.96318485,41.54316060,2.06414612,140.42940109,41.54116060,88.76859913,0.20863171,0.29246246,2.59451820,0.12513490,2.59109850,-0.05151820,0.02904046,0.42745635,9.77549046,-0.38705600,0.93569992,3.49709746,4
117.37879239,31.96318487,41.54235019,2.06628019,140.52956153,41.54035019,88.78406682,0.19707904,0.34721744,2.59631795,0.13267911,2.59246876,-0.05409514,0.15912671,0.25860058,9.72781751,-0.13318857,1.10025741,4.25252208,4
117.37879344,31.96318487,41.54175212,2.06839810,140.62972795,41.53975212,88.78715636,0.20746580,0.40589017,2.59483629,0.14116459,2.59056207,-0.05664533,0.11636519,0.20120720,9.78341546,0.12721946,0.99291171,4.79434759,4
117.37879450,31.96318490,41.54135365,2.07052158,140.72989895,41.53935365,88.77777277,0.23212258,0.46220876,2.59094445,0.15040379,2.58622410,-0.05897677,-0.03886427,0.22145092,9.89519763,0.33797711,0.69399127,5.17678460,4
117.37879555,31.96318492,41.54125219,2.07267249,140.83007313,41.53925219,88.75583536,0.25297689,0.49123765,2.58612401,0.16024761,2.58082646,-0.06021987,-0.16437005,0.25027165,9.92944964,0.25500635,0.36228958,5.48518738,4
117.37879661,31.96318493,41.54152878,2.07487282,140.93024904,41.53952878,88.72127752,0.26455486,0.48133830,2.58058576,0.17077185,2.57452726,-0.05994244,-0.21725378,0.27091365,9.83693974,-0.23848729,0.03452034,5.72678102,4
117.37879766,31.96318494,41.54188332,2.07714468,141.03042517,41.53988332,88.67404773,0.27033701,0.46125064,2.57490829,0.18147719,2.56808122,-0.05923335,-0.23292267,0.26426520,9.72328340,-0.70556171,-0.19345117,5.88780575,4
117.37879872,31.96318495,41.54200000,2.07951022,141.13059997,41.54000000,88.61410985,0.26615006,0.45685452,2.56971822,0.19192038,2.56236141,-0.05900000,-0.20375493,0.15855116,9.70968610,-0.46232718,-0.02100732,5.81900136,4
117.37879976,31.96318496,41.54196834,2.08199168,141.23077182,41.53996834,88.54144248,0.26313396,0.46242953,2.56528137,0.20228242,2.55744929,-0.05909498,-0.16011300,0.02708640,9.75147708,0.08440241,0.31061456,5.68611799,4
117.37880081,31.96318496,41.54177468,2.08461128,141.33093901,41.53977468,88.45603762,0.29113335,0.47964225,2.56347632,0.21288564,2.55484829,-0.05967596,-0.15495265,0.01253103,9.82554574,0.40119640,0.45167475,5.80223324,4
117.37880187,31.96318497,41.54141739,2.08739126,141.43109976,41.53941739,88.35790028,0.34910086,0.50786354,2.56430150,0.22376672,2.55455367,-0.06072613,-0.18790281,0.11241165,9.92751277,0.47568384,0.39987920,6.16898458,4
117.37880291,31.96318498,41.54101401,2.09035384,141.53125220,41.53901401,88.24704861,0.40176042,0.53163554,2.56558499,0.23507050,2.55462702,-0.06168874,-0.22393204,0.20764642,9.98973477,0.37998366,0.28983920,6.59763027,4
117.37880396,31.96318499,41.54061321,2.09352114,141.63139433,41.53861321,88.12351264,0.41365089,0.53310370,2.56600000,0.24737746,2.55383962,-0.06200000,-0.23693398,0.19301834,9.91198000,-0.01082492,0.17125375,6.99687094,4
117.37880502,31.96318502,41.54033623,2.09691526,141.73152407,41.53833623,87.98733143,0.40829645,0.52654948,2.56581626,0.26025247,2.55242683,-0.06206125,-0.23914572,0.13273602,9.77337305,-0.43160337,0.09476593,7.37605257,4
117.37880607,31.96318505,41.54072500,2.10055818,141.83163921,41.53872500,87.83855200,0.41509234,0.53430977,2.56463491,0.27360462,2.54985220,-0.06245503,-0.24251793,0.10964491,9.66759946,-0.24926293,0.26904976,7.72249202,4
117.37880712,31.96318508,41.54174240,2.10447177,141.93173738,41.53974240,87.67723240,0.43443148,0.55656402,2.56258282,0.28744743,2.54624384,-0.06320668,-0.24833541,0.12189890,9.59738498,0.48987006,0.67278547,8.03984653,4
117.37880818,31.96318512,41.54285305,2.10867779,142.03181610,41.54085305,87.50344356,0.46671967,0.59109456,2.56113980,0.30177987,2.54313837,-0.06446594,-0.26849896,0.14174185,9.57964200,1.17986175,1.03446878,8.37190001,4
117.37880924,31.96318515,41.54374086,2.11319782,142.13187271,41.54174086,87.31726627,0.52786274,0.65089933,2.56222257,0.31718748,2.54237043,-0.06696341,-0.32978957,0.15611279,9.69106236,1.27693461,1.08631869,8.77128470,4
117.37881029,31.96318518,41.54439449,2.11805328,142.23190442,41.54239449,87.11878779,0.60314926,0.72000609,2.56398540,0.33314948,2.54216494,-0.06992456,-0.40329849,0.16242634,9.85726075,1.09209778,0.97921966,9.20394696,4
117.37881133,31.96318522,41.54430446,2.12326542,142.33190825,41.54230446,86.90810150,0.67759225,0.76985653,2.56232905,0.34923866,2.53839436,-0.07199041,-0.42798239,0.13664315,9.96856783,0.97629011,0.83839297,9.63617885,4
117.37881239,31.96318525,41.54339516,2.12885527,142.43188103,41.54139516,86.68530855,0.75101286,0.79847177,2.55690363,0.36547007,2.53069244,-0.07306915,-0.39913059,0.07583819,10.01898935,0.93574854,0.66057478,10.06722807,4
117.37881344,31.96318529,41.54223320,2.13484366,142.53181944,41.54023320,86.45051957,0.81878772,0.81935735,2.55018680,0.38186987,2.52156343,-0.07379965,-0.36838829,0.02370118,10.02695150,0.87340542,0.48084102,10.45730409,4
117.37881449,31.96318534,41.54107383,2.14125118,142.63171993,41.53907383,86.20385530,0.85937567,0.83426167,2.54282555,0.39889251,2.51135578,-0.07430873,-0.41222763,0.07081141,9.91444413,0.58172758,0.34964498,10.64033513,4
117.37881555,31.96318538,41.54000119,2.14809816,142.73157877,41.53800119,85.94544635,0.88534890,0.84519461,2.53503207,0.41620410,2.50047243,-0.07466054,-0.49212901,0.16319769,9.74395086,0.21040174,0.25245328,10.70053256,4
117.37881660,31.96318543,41.53952176,2.15540467,142.83139202,41.53752176,85.67543238,0.91476901,0.85163009,2.52673021,0.43310543,2.48906865,-0.07477476,-0.53446789,0.18676688,9.63599558,0.17168701,0.20410698,10.70696090,4
117.37881766,31.96318548,41.53994535,2.16319047,142.93115555,41.53794535,85.39396196,0.94943124,0.85121862,2.51765585,0.44937958,2.47687447,-0.07452733,-0.51962342,0.10558075,9.62325106,0.63927042,0.23011953,10.63154232,4
117.37881871,31.96318553,41.54062556,2.17147504,143.03086500,41.53862556,85.10119347,0.98988201,0.84960401,2.50902406,0.46548599,2.46508607,-0.07417046,-0.48405707,0.00049784,9.67900886,1.21635560,0.28474987,10.52677912,4
117.37881976,31.96318559,41.54070364,2.18027749,143.13051579,41.53870364,84.79729669,1.05227306,0.85695098,2.50483770,0.48205708,2.45757009,-0.07401537,-0.46011651,0.00007630,9.91685673,1.25201305,0.33416046,10.44057155,4
117.37882082,31.96318565,41.54028916,2.18961661,143.23010313,41.53828916,84.48245311,1.12647501,0.86953748,2.50351360,0.49890166,2.45279541,-0.07397843,-0.44528887,0.06835747,10.26332802,0.89516327,0.36736443,10.37261347,4
117.37882187,31.96318572,41.53919693,2.19951078,143.32962201,41.53719693,84.15685340,1.17401223,0.87472004,2.50072348,0.51536381,2.44653479,-0.07377654,-0.44024360,0.11303190,10.47735664,0.35026361,0.29486195,10.35127954,4
117.37882293,31.96318579,41.53673580,2.20997803,143.42906721,41.53473580,83.82069264,1.16011722,0.86237466,2.49402345,0.53091299,2.43635121,-0.07318395,-0.45448152,0.08924436,10.37419158,-0.51253799,-0.00583458,10.42793599,4
117.37882398,31.96318587,41.53374146,2.22103595,143.52843328,41.53174146,83.47416712,1.11747952,0.84073854,2.48600219,0.54613657,2.42481478,-0.07238207,-0.47595313,0.04006272,10.11242353,-1.38707675,-0.36586755,10.53760550,4
117.37882504,31.96318597,41.53142179,2.23270176,143.62771452,41.52942179,83.11747546,1.07495019,0.81232011,2.48116982,0.56198853,2.41630940,-0.07141547,-0.48619703,0.03253013,9.78745048,-1.40356374,-0.42864714,10.56678314,4
117.37882610,31.96318607,41.52975253,2.24499226,143.72690504,41.52775253,82.75082075,1.03330116,0.77781966,2.47922218,0.57840418,2.41054202,-0.07029186,-0.48583123,0.06294074,9.41431737,-0.63695126,-0.22109261,10.52190863,4
117.37882715,31.96318617,41.52858231,2.25792381,143.82599867,41.52658231,82.37441079,1.00273859,0.74477902,2.47694384,0.59468806,2.40440435,-0.06907180,-0.48020387,0.09281868,9.17564785,0.13848653,-0.02401119,10.46781641,4
117.37882820,31.96318628,41.52868241,2.27151235,143.92498905,41.52668241,81.98845669,1.01263763,0.72266938,2.47083469,0.60996580,2.39442263,-0.06763518,-0.46457491,0.08648045,9.48072645,0.24012212,-0.10979400,10.44624674,4
117.37882925,31.96318639,41.52937797,2.28577340,144.02386956,41.52737797,81.59317164,1.04029256,0.70336459,2.46309517,0.62478713,2.38276921,-0.06600618,-0.44688494,0.06085080,10.03636382,-0.03813957,-0.35035571,10.44301582,4
117.37883029,31.96318652,41.52953746,2.30072200,144.12263336,41.52753746,81.18877142,1.04280003,0.66399415,2.45807683,0.64012842,2.37360969,-0.06386335,-0.45093819,0.03506935,10.33362043,-0.45919713,-0.61945420,10.44669830,4
117.37883134,31.96318665,41.52901731,2.31637274,144.22127338,41.52701731,80.77547540,1.01342601,0.59918759,2.45650865,0.65612787,2.36761251,-0.06106923,-0.48255669,0.00909714,10.30328862,-1.06125983,-0.92471311,10.45914518,4
117.37883238,31.96318681,41.52849805,2.33273977,144.31978233,41.52649805,80.35350591,0.97114468,0.52436912,2.45552311,0.67217058,2.36209340,-0.05801309,-0.51036622,-0.01258161,10.15010295,-1.61899032,-1.19477296,10.47652563,4
117.37883343,31.96318697,41.52935555,2.34983674,144.41815270,41.52735555,79.92308745,0.91775676,0.44238095,2.45098289,0.68713057,2.35299131,-0.05474074,-0.46028171,-0.00876741,9.93977628,-1.55211217,-1.18598742,10.50505442,4
117.37883448,31.96318713,41.53116419,2.36767684,144.51637675,41.52916419,79.48444758,0.85810000,0.35688427,2.44435440,0.70145872,2.34175464,-0.05136909,-0.35931652,0.01101380,9.70198565,-1.07415991,-0.98648280,10.54716075,4
117.37883551,31.96318729,41.53315939,2.38627277,144.61444655,41.53115939,79.03781862,0.80922532,0.28306930,2.44045596,0.71664892,2.33301220,-0.04840705,-0.27342571,0.01988158,9.56146838,-0.69006426,-0.76594963,10.64209851,4
117.37883655,31.96318748,41.53533328,2.40563673,144.71235397,41.53333328,78.58343747,0.78766690,0.23794524,2.44361095,0.73405510,2.33077776,-0.04644448,-0.23738922,-0.00155468,9.65927262,-0.64244178,-0.54839428,10.85854877,4
117.37883758,31.96318767,41.53747502,2.42578041,144.81009068,41.53547502,78.12154402,0.77756010,0.20756166,2.44947623,0.75241554,2.33097841,-0.04500899,-0.22677637,-0.03118648,9.85193858,-0.74891226,-0.33155653,11.13657486,4
117.37883863,31.96318786,41.53889774,2.44671498,144.90764818,41.53689774,77.65238209,0.76064111,0.18709926,2.45202694,0.77037465,2.32770995,-0.04400465,-0.23219113,-0.02487475,9.95329220,-0.85340194,-0.11072266,11.45108663,4
117.37883967,31.96318805,41.53951927,2.46845112,145.00501777,41.53751927,77.17620420,0.73613188,0.17769169,2.45088438,0.78788639,2.32057608,-0.04348073,-0.25546446,0.02148674,9.95290065,-0.95568343,0.11456156,11.80624900,4
117.37884070,31.96318827,41.53989655,2.49099892,145.10219063,41.53789655,76.69327490,0.70815566,0.17812265,2.44925258,0.80553858,2.31279630,-0.04343797,-0.28398899,0.06747617,9.90664452,-1.02204671,0.35103898,12.14498149,4
117.37884173,31.96318850,41.54027111,2.51436793,145.19915777,41.53827111,76.20386732,0.67379173,0.21438076,2.45113321,0.82471082,2.30795553,-0.04524881,-0.31148413,0.04394447,9.77794172,-0.89333599,0.64182146,12.32415332,4
117.37884275,31.96318873,41.54067294,2.53856712,145.29591010,41.53867294,75.70825697,0.63683084,0.27112833,2.45465588,0.84463541,2.30443460,-0.04809643,-0.34071040,-0.01799326,9.61020413,-0.65177679,0.94468175,12.40706839,4
117.37884378,31.96318897,41.54132772,2.56360488,145.39243839,41.53932772,75.20671904,0.60987684,0.32380940,2.45456497,0.86334933,2.29741978,-0.05052947,-0.39037897,-0.06020712,9.52303568,-0.42103185,1.07476728,12.46396951,4
117.37884480,31.96318922,41.54258240,2.58948902,145.48873332,41.54058240,74.69952997,0.60730761,0.36320843,2.44554959,0.87903281,2.28182438,-0.05179120,-0.48861410,-0.04860477,9.63529458,-0.23572705,0.78959838,12.47529680,4
117.37884582,31.96318948,41.54404572,2.61622678,145.58478547,41.54204572,74.18696911,0.61482849,0.39242472,2.43298713,0.89345621,2.26280674,-0.05239861,-0.60187467,-0.01355678,9.82119877,-0.09147330,0.34451558,12.47067806,4
117.37884684,31.96318974,41.54521092,2.64382480,145.68058534,41.54321092,73.66931902,0.61982448,0.39514834,2.42222045,0.90814817,2.24544918,-0.05211868,-0.67991961,0.02290300,9.93364559,-0.07480534,0.01339906,12.48807521,4
117.37884785,31.96319000,41.54605640,2.67228914,145.77612338,41.54405640,73.14686425,0.62211281,0.36946184,2.41337956,0.92312807,2.22987193,-0.05088719,-0.72019974,0.06087658,9.96731785,-0.19495753,-0.19550099,12.52908162,4
117.37884887,31.96319027,41.54685436,2.70162526,145.87138998,41.54485436,72.61988985,0.62129558,0.33655948,2.40455966,0.93798654,2.21425141,-0.04941828,-0.73548655,0.08899879,9.95439694,-0.32877465,-0.33220515,12.56368562,4
117.37884988,31.96319055,41.54787945,2.73183802,145.96637551,41.54587945,72.08868004,0.60867061,0.30871007,2.39302623,0.95179438,2.19580931,-0.04814048,-0.67917541,0.06481304,9.82032080,-0.33111531,-0.28129276,12.53107313,4
117.37885089,31.96319082,41.54903018,2.76293171,146.06107029,41.54703018,71.55351653,0.58985327,0.28440756,2.38059216,0.96524328,2.17633776,-0.04701379,-0.58695017,0.01665165,9.62901945,-0.26503585,-0.13338085,12.47229607,4
117.37885191,31.96319111,41.55018580,2.79491004,146.15546466,41.54818580,71.01467667,0.57317993,0.26557983,2.37236951,0.98024248,2.16058697,-0.04621483,-0.51933835,0.00255462,9.50460950,-0.22654253,-0.02937803,12.49032171,4
117.37885291,31.96319140,41.55133033,2.82777613,146.24954896,41.54933033,70.47243147,0.56147042,0.25634833,2.37210411,0.99817226,2.15190488,-0.04600000,-0.50310411,0.05546281,9.51340366,-0.25010030,-0.02225838,12.65498094,4
117.37885392,31.96319170,41.55233636,2.86153255,146.34331353,41.55033636,69.92704414,0.55447048,0.25015707,2.37367741,1.01680627,2.14478632,-0.04589755,-0.50286740,0.12069643,9.58990925,-0.28082355,-0.04491596,12.86244180,4
117.37885492,31.96319200,41.55265897,2.89618134,146.43674874,41.55065897,69.37876985,0.56213149,0.24148043,2.36972108,1.03354018,2.13240111,-0.04527429,-0.48790016,0.12331250,9.76158465,-0.23196311,-0.03781510,13.01333120,4
117.37885592,31.96319232,41.55240003,2.93172400,146.52984497,41.55040003,68.82785790,0.58167711,0.23077942,2.36118642,1.04869880,2.11564779,-0.04422151,-0.46146241,0.07476439,10.00959925,-0.12193456,-0.00596703,13.11590726,4
117.37885691,31.96319265,41.55194438,2.96816151,146.62259265,41.54994438,68.27455591,0.59460334,0.22102021,2.35338803,1.06407903,2.09945526,-0.04326912,-0.45031230,0.04707654,10.19984680,-0.10925322,0.02390064,13.19902307,4
117.37885790,31.96319298,41.55127236,3.00549434,146.71498228,41.54927236,67.71911295,0.57543932,0.21608946,2.35172764,1.08146325,2.08863220,-0.04300000,-0.50067209,0.13133420,10.13164586,-0.47888550,0.02745129,13.25347521,4
117.37885888,31.96319334,41.55058376,3.04372243,146.80700442,41.54858376,67.16178049,0.54119293,0.21324244,2.35179111,1.09933254,2.07926623,-0.04302315,-0.56712175,0.24398886,9.96014178,-0.97276902,0.02685682,13.29779594,4
117.37885986,31.96319370,41.55028296,3.08284523,146.89864973,41.54828296,66.60281187,0.49314018,0.21142323,2.34793407,1.11548365,2.06618226,-0.04317715,-0.58758877,0.26794995,9.78011706,-1.31786606,0.06141624,13.34866689,4
117.37886082,31.96319407,41.55050886,3.12286163,146.98990896,41.54850886,66.04246090,0.42633395,0.21100000,2.33875186,1.12930131,2.04804804,-0.04350886,-0.54559981,0.17144262,9.58851584,-1.46087874,0.14372436,13.40843564,4
117.37886179,31.96319444,41.55089337,3.16377006,147.08077300,41.54889337,65.48097957,0.35437226,0.21472366,2.33008019,1.14339859,2.03020686,-0.04393991,-0.49457558,0.06010526,9.45911869,-1.54244099,0.24721772,13.45964808,4
117.37886276,31.96319483,41.55127326,3.20556842,147.17123288,41.54927326,64.91861455,0.28466134,0.23425347,2.33042873,1.16168563,2.02010901,-0.04456393,-0.48557421,0.04085054,9.60866486,-1.62322231,0.37918913,13.46308946,4
117.37886372,31.96319523,41.55161076,3.24825412,147.26127978,41.54961076,64.35560406,0.21625731,0.26254600,2.33560600,1.18218658,2.01415175,-0.04529324,-0.50324444,0.07547797,9.91167595,-1.70745050,0.51526065,13.43938311,4
117.37886468,31.96319562,41.55152385,3.29182413,147.35090504,41.54952385,63.79217775,0.14791006,0.28697114,2.33673561,1.20050392,2.00466709,-0.04595740,-0.54667031,0.11779852,10.13379154,-1.83335155,0.51951606,13.42029000,4
117.37886564,31.96319602,41.55035095,3.33627497,147.44010013,41.54835095,63.22855904,0.07920506,0.29800846,2.32550951,1.21230656,1.98443974,-0.04641226,-0.64680130,0.15952432,10.08723465,-2.06617131,0.17988150,13.42354335,4
117.37886659,31.96319642,41.54891316,3.38160271,147.52885675,41.54691316,62.66496759,0.00669892,0.29906921,2.31148483,1.22253717,1.96175253,-0.04657099,-0.74585045,0.19349558,9.95416499,-2.31666296,-0.24419592,13.42378112,4
117.37886753,31.96319683,41.54794245,3.42780301,147.61716675,41.54594245,62.10161904,-0.08299055,0.27458950,2.30377877,1.23565306,1.94443272,-0.04567674,-0.75095421,0.19223637,9.83884862,-2.48197347,-0.52297514,13.37491189,4
117.37886847,31.96319726,41.54745052,3.47487113,147.70502219,41.54545052,61.53872202,-0.19029536,0.22392913,2.30254948,1.25172673,1.93261448,-0.04370310,-0.65975929,0.15486413,9.74172827,-2.55997190,-0.65282122,13.27570464,4
117.37886941,31.96319769,41.54724049,3.52280193,147.79241534,41.54524049,60.97647555,-0.30567841,0.16692969,2.30116767,1.26749032,1.92064088,-0.04145491,-0.56548530,0.11614120,9.65681723,-2.66864276,-0.76165515,13.18156437,4
117.37887035,31.96319811,41.54764740,3.57158991,147.87933867,41.54564740,60.41506872,-0.43511073,0.11045239,2.29315975,1.27932173,1.90294055,-0.03917844,-0.54953685,0.10605093,9.60099050,-2.97467096,-0.93030409,13.15356646,4
117.37887129,31.96319856,41.54833239,3.62122923,147.96578486,41.54633239,59.85468309,-0.57139683,0.05274771,2.28239142,1.28949432,1.88283066,-0.03682872,-0.57316142,0.10927455,9.56700968,-3.35611598,-1.13491139,13.16245060,4
117.37887221,31.96319899,41.54875790,3.67171371,148.05174685,41.54675790,59.29549454,-0.70590394,-0.01664430,2.27618008,1.30221724,1.86646752,-0.03401654,-0.59716674,0.10362238,9.58907599,-3.54867796,-1.38476991,13.19874389,4
117.37887313,31.96319946,41.54856928,3.72303686,148.13721775,41.54656928,58.73767328,-0.83489183,-0.11001827,2.28018375,1.32068980,1.85853915,-0.03026204,-0.61135243,0.07594271,9.72182564,-3.32828847,-1.71910916,13.28214176,4
117.37887403,31.96319993,41.54814091,3.77519190,148.22219093,41.54614091,58.18138381,-0.96629939,-0.21040638,2.28557445,1.33983411,1.85174318,-0.02626025,-0.62679313,0.04620225,9.86678890,-3.06626256,-2.03357797,13.35218103,4
117.37887493,31.96320041,41.54742506,3.82817175,148.30666001,41.54542506,57.62678665,-1.11625849,-0.31120619,2.28374731,1.35441663,1.83892518,-0.02237298,-0.66111918,0.03631412,9.92057336,-3.16262053,-2.14380918,13.29780219,4
117.37887582,31.96320090,41.54638451,3.88196906,148.39061882,41.54438451,57.07404103,-1.28716994,-0.41247081,2.27376814,1.36384690,1.81930575,-0.01861504,-0.71677479,0.04884779,9.87137786,-3.66374697,-2.02336856,13.10290219,4
117.37887672,31.96320140,41.54542828,3.93657624,148.47406148,41.54342828,56.52330580,-1.45906265,-0.52536886,2.26424011,1.37333971,1.80005214,-0.01449744,-0.75255555,0.04270205,9.76067310,-4.05925883,-2.00041422,12.91293796,4
117.37887759,31.96320191,41.54505027,3.99198539,148.55698235,41.54305027,55.97473735,-1.61661814,-0.67946769,2.26328053,1.38745625,1.78790683,-0.00898323,-0.69911813,-0.04933265,9.51805195,-3.73195467,-2.52271013,12.86051515,4
117.37887847,31.96320243,41.54500000,4.04818840,148.63937605,41.54300000,55.42848688,-1.76604324,-0.85691306,2.26717725,1.40419295,1.77979058,-0.00267764,-0.59511679,-0.19004324,9.20067272,-2.99499553,-3.35401785,12.88604709,4
117.37887932,31.96320295,41.54520386,4.10517693,148.72123749,41.54320386,54.88470004,-1.89263691,-1.02958189,2.27108717,1.42098180,1.77151960,0.00370312,-0.47435072,-0.27960211,9.01117404,-2.21566135,-3.79821378,12.94629318,4
117.37888018,31.96320349,41.54606062,4.16294242,148.80256186,41.54406062,54.34351913,-1.95012342,-1.17550661,2.27265398,1.43665262,1.76077250,0.00993666,-0.32472081,-0.18144393,9.26791938,-1.50177695,-2.85091723,13.07942176,4
117.37888103,31.96320403,41.54706540,4.22147610,148.88334460,41.54506540,53.80508456,-1.98422238,-1.30569397,2.27450719,1.45262269,1.75001621,0.01584520,-0.17144833,-0.02799334,9.66553540,-0.85069429,-1.47413296,13.23905121,4
117.37888186,31.96320459,41.54749736,4.28076902,148.96358146,41.54549736,53.26953410,-2.01747871,-1.38231238,2.28494390,1.47399898,1.74583149,0.01956157,-0.06654759,0.06225836,9.98816725,-0.52419331,-0.40907090,13.41438800,4
117.37888269,31.96320516,41.54677395,4.34081202,149.04326848,41.54477395,52.73700250,-2.05168579,-1.35420184,2.31241631,1.50609448,1.75471263,0.01895658,-0.05820815,0.02068079,10.14599605,-0.83593182,-0.01168606,13.61801894,4
117.37888352,31.96320573,41.54574636,4.40159581,149.12240197,41.54374636,52.20762195,-2.08812765,-1.29998607,2.34280773,1.54002263,1.76578111,0.01722502,-0.07988713,-0.05184532,10.23998083,-1.28922749,0.21065333,13.82421051,4
117.37888433,31.96320631,41.54461568,4.46311091,149.20097857,41.54261568,51.68152266,-2.13870358,-1.24682311,2.36366047,1.56793020,1.76916195,0.01518794,-0.14262317,-0.10953653,10.17484837,-1.61226621,0.37917915,13.99849580,4
117.37888514,31.96320690,41.54329719,4.52534768,149.27899517,41.54129719,51.15883252,-2.21501977,-1.19557048,2.36714860,1.58487946,1.75854623,0.01259439,-0.28011989,-0.14022481,9.82000161,-1.69818463,0.44974681,14.11471045,4
117.37888595,31.96320749,41.54191525,4.58829638,149.35644901,41.53991525,50.63967574,-2.29496284,-1.14573882,2.36633640,1.59908217,1.74446055,0.00994239,-0.43010862,-0.16315514,9.42400437,-1.68058682,0.47510978,14.20696151,4
117.37888674,31.96320809,41.54042487,4.65194710,149.43333760,41.53842487,50.12417176,-2.35998358,-1.10151607,2.36475938,1.61261954,1.72972809,0.00772949,-0.54818177,-0.17863549,9.19435043,-1.38998502,0.37340603,14.24054719,4
117.37888754,31.96320869,41.53876296,4.71628983,149.50965876,41.53676296,49.61243490,-2.40142523,-1.06615403,2.36197333,1.62510669,1.71397183,0.00621037,-0.61582230,-0.18234222,9.22758976,-0.66785217,0.07085433,14.18141173,4
117.37888832,31.96320929,41.53693642,4.78131446,149.58541059,41.53493642,49.10457638,-2.43339789,-1.04049081,2.35750853,1.63636009,1.69697054,0.00518152,-0.66874755,-0.17510284,9.33868556,0.07070383,-0.30343641,14.10668131,4
117.37888911,31.96320990,41.53446503,4.84701078,149.66059151,41.53246503,48.60070721,-2.44439660,-1.05421741,2.34584170,1.64251643,1.67477061,0.00585603,-0.70522590,-0.12546817,9.54158724,0.38860407,-0.81090399,14.06044692,4
117.37888991,31.96321051,41.53109437,4.91336849,149.73520022,41.52909437,48.10093916,-2.42615112,-1.12286734,2.32413224,1.64156605,1.64532098,0.00890563,-0.71877353,-0.01671786,9.87250686,0.11998397,-1.50408907,14.05394338,4
117.37889069,31.96321110,41.52735324,4.98037719,149.80923571,41.52535324,47.60538289,-2.41211963,-1.20612680,2.30413248,1.64173632,1.61700413,0.01249499,-0.70748890,0.07178907,10.14906610,-0.25662825,-2.10001693,14.06043805,4
117.37889147,31.96321172,41.52293780,5.04802643,149.88269730,41.52093780,47.11414551,-2.43875157,-1.29966324,2.29909865,1.65216157,1.59909381,0.01617485,-0.61988768,0.03303863,10.10962295,-0.55804996,-2.16687406,14.08368320,4
117.37889224,31.96321233,41.51790290,5.11630565,149.95558460,41.51590290,46.62732935,-2.50273984,-1.40264083,2.30781360,1.67200778,1.59074369,0.01993787,-0.46217660,-0.12261952,9.77987745,-0.79039624,-1.74768904,14.12231653,4
117.37889301,31.96321295,41.51305844,5.18520428,150.02789749,41.51105844,46.14503222,-2.56648712,-1.48776288,2.31830793,1.69305391,1.58356889,0.02304239,-0.30504620,-0.26229104,9.47850187,-0.93585274,-1.18126001,14.13657481,4
117.37889378,31.96321357,41.50930250,5.25471169,150.09963618,41.50730250,45.66734782,-2.60423474,-1.50345807,2.32582973,1.71199996,1.57410281,0.02376507,-0.19715124,-0.26674632,9.47287992,-0.82086261,-0.42180736,14.05433436,4
117.37889454,31.96321420,41.50637044,5.32481720,150.17080114,41.50437044,45.19436452,-2.62230524,-1.46661209,2.33110175,1.72935612,1.56290303,0.02268521,-0.12651988,-0.16887284,9.69107785,-0.50877591,0.48369772,13.89906840,4
117.37889530,31.96321483,41.50328725,5.39551014,150.24139315,41.50128725,44.72616339,-2.64121286,-1.41093180,2.33832007,1.74793678,1.55307757,0.02082662,-0.09533785,-0.08419190,9.90731886,-0.31533817,1.21905999,13.74482238,4
117.37889605,31.96321546,41.49925381,5.46677981,150.31141322,41.49725381,44.26281777,-2.67387392,-1.32408528,2.35307276,1.77135924,1.54864995,0.01747179,-0.17027940,-0.09945713,9.99159697,-0.61471179,1.32456528,13.63483879,4
117.37889679,31.96321612,41.49469295,5.53861555,150.38086267,41.49269295,43.80439388,-2.71417012,-1.21993777,2.37200830,1.79746888,1.54721992,0.01328631,-0.30414522,-0.17021991,10.00259336,-1.18771779,1.08031537,13.54943984,4
117.37889752,31.96321678,41.49003791,5.61100668,150.44974305,41.48803791,43.35095200,-2.76193607,-1.12611922,2.38657936,1.82017901,1.54296314,0.00943689,-0.43671278,-0.24357300,9.99467257,-1.68272821,0.78810324,13.45217186,4
117.37889823,31.96321745,41.48532473,5.68394259,150.51805616,41.48332473,42.90254640,-2.83051057,-1.07429359,2.38488873,1.83049745,1.52803335,0.00708100,-0.53702091,-0.29900049,9.95976061,-1.79252738,0.50543088,13.30435812,4
117.37889892,31.96321812,41.48057780,5.75741270,150.58580405,41.47857780,42.45922454,-2.91118534,-1.04688900,2.37374133,1.83360952,1.50689693,0.00559365,-0.61856791,-0.34400298,9.90915262,-1.67831018,0.22830918,13.12715160,4
117.37889963,31.96321880,41.47595687,5.83140649,150.65298899,41.47395687,42.02102692,-2.98576751,-1.02796297,2.36431724,1.83789127,1.48691144,0.00446190,-0.67398322,-0.37856972,9.84131723,-1.51141169,-0.03581659,12.94696910,4
117.37890033,31.96321947,41.47175267,5.90591350,150.71961347,41.46975267,41.58798904,-3.03522157,-1.02441691,2.36486705,1.84931745,1.47353443,0.00404904,-0.65516123,-0.38488314,9.72611429,-1.28325617,-0.26124236,12.77126410,4
117.37890102,31.96322016,41.46775976,5.98092335,150.78568022,41.46575976,41.16014318,-3.07195543,-1.02865365,2.37046371,1.86435760,1.46350276,0.00400000,-0.59877632,-0.37689940,9.58695481,-1.02412756,-0.46706217,12.59784296,4
117.37890171,31.96322084,41.46383379,6.05642574,150.85119215,41.46183379,40.73751725,-3.10246036,-1.03790949,2.37470980,1.87826919,1.45264004,0.00427048,-0.54200808,-0.38009480,9.49994026,-0.74479981,-0.65427063,12.44498216,4
117.37890240,31.96322152,41.46003150,6.13241046,150.91615238,41.45803150,40.32013308,-3.11829366,-1.06008098,2.37235176,1.88693048,1.43760358,0.00542083,-0.50044272,-0.42592057,9.59300224,-0.41325481,-0.78960787,12.35793894,4
117.37890310,31.96322220,41.45629641,6.20886740,150.98056420,41.45429641,39.90800664,-3.12618835,-1.08923813,2.36642107,1.89275068,1.42031030,0.00704709,-0.46710536,-0.49480588,9.78347861,-0.05348586,-0.89687227,12.30650984,4
117.37890378,31.96322289,41.45259907,6.28578654,151.04443111,41.45059907,39.50114909,-3.12919002,-1.11712845,2.36441213,1.90152109,1.40540367,0.00856355,-0.43719832,-0.54752243,9.93926752,0.23347676,-0.95933650,12.23846484,4
117.37890445,31.96322358,41.44899107,6.36315798,151.10775674,41.44699107,39.09956727,-3.12011627,-1.13781385,2.37657277,1.92102339,1.39915334,0.00951382,-0.41454490,-0.53806817,9.94002038,0.27468328,-0.89108384,12.10110580,4
117.37890512,31.96322428,41.44542576,6.44097193,151.17054491,41.44342576,38.70326292,-3.10531243,-1.15507820,2.39545713,1.94561730,1.39701171,0.01019532,-0.39533585,-0.49910918,9.86719493,0.19925349,-0.76080015,11.93086248,4
117.37890578,31.96322499,41.44180877,6.51921873,151.23279957,41.43980877,38.31223251,-3.08477994,-1.17306555,2.41203487,1.96824484,1.39363862,0.01084411,-0.37321323,-0.46246653,9.75751015,0.22111069,-0.63984308,11.72624421,4
117.37890644,31.96322569,41.43799520,6.59788884,151.29452482,41.43599520,37.92646727,-3.04713743,-1.19502377,2.41779349,1.98193082,1.38425938,0.01149837,-0.33961276,-0.44660244,9.55374774,0.62671885,-0.57780771,11.41827865,4
117.37890709,31.96322639,41.43406465,6.67697285,151.35572488,41.43206465,37.54595410,-2.99930822,-1.21934589,2.41711027,1.99029274,1.37130424,0.01215589,-0.29917890,-0.44311027,9.29397465,1.26080675,-0.55085562,11.04878505,4
117.37890773,31.96322711,41.43017803,6.75646151,151.41640410,41.42817803,37.17067702,-2.94021298,-1.23987344,2.41823784,1.99997700,1.35949903,0.01281098,-0.26295621,-0.42883128,9.12785002,1.89479460,-0.51699154,10.68380979,4
117.37890837,31.96322783,41.42650984,6.83634569,151.47656694,41.42450984,36.80061790,-2.84634237,-1.24560736,2.42925696,2.01721616,1.35369926,0.01345576,-0.24539169,-0.36947727,9.32563454,2.40681918,-0.43977613,10.36767309,4
117.37890899,31.96322856,41.42298381,6.91661642,151.53621797,41.42098381,36.43575557,-2.72980896,-1.24170226,2.44672169,2.03937866,1.35181230,0.01409385,-0.23998381,-0.28075073,9.76054411,2.83939520,-0.33431058,10.08334603,4
117.37890961,31.96322929,41.41922641,6.99726486,151.59536187,41.41722641,36.07606337,-2.61357186,-1.23676244,2.46300796,2.06045025,1.34938197,0.01462774,-0.24076825,-0.20381153,10.16618112,3.11353110,-0.23569934,9.81519041,4
117.37891022,31.96323003,41.41444440,7.07828236,151.65400338,41.41244440,35.72150801,-2.51290611,-1.23374413,2.47044565,2.07399015,1.34227806,0.01474450,-0.25888757,-0.19313680,10.30325625,2.79742132,-0.18270436,9.59232107,4
117.37891082,31.96323076,41.40873954,7.15966040,151.71214736,41.40673954,35.37205114,-2.42626672,-1.23245659,2.46991318,2.08074599,1.33096461,0.01448553,-0.29262065,-0.24214803,10.19843059,1.94966708,-0.17079743,9.41024405,4
117.37891141,31.96323150,41.40278676,7.24139066,151.76979871,41.40078676,35.02765367,-2.34757127,-1.23216605,2.46909326,2.08717912,1.31953939,0.01421950,-0.32552031,-0.29665224,10.06404157,1.12446256,-0.17835820,9.24347240,4
117.37891202,31.96323224,41.39647193,7.32346495,151.82696240,41.39447193,34.68827920,-2.29264140,-1.23488020,2.47323930,2.09749744,1.31091324,0.01421596,-0.34258679,-0.32855613,9.98934311,0.81288070,-0.23889504,9.11174341,4
117.37891260,31.96323298,41.38977865,7.40587526,151.88364348,41.38777865,34.35389425,-2.26254826,-1.24073462,2.48257539,2.11187636,1.30521230,0.01448673,-0.34310615,-0.33684077,9.97702654,1.03808499,-0.35479853,9.01663572,4
117.37891319,31.96323374,41.38309486,7.48861375,151.93984705,41.38109486,34.02446710,-2.23575947,-1.24730701,2.49212836,2.12638798,1.29964909,0.01480948,-0.33817573,-0.33963347,9.97370381,1.30947734,-0.45931112,8.93019876,4
117.37891377,31.96323449,41.37681935,7.57167269,151.99557829,41.37481935,33.69996712,-2.20218042,-1.25453772,2.49786119,2.13772178,1.29201400,0.01513543,-0.32133331,-0.33699683,9.95682421,1.30620017,-0.45370227,8.85298864,4
117.37891434,31.96323525,41.37108481,7.65504453,152.05084245,41.36908481,33.38036479,-2.15960971,-1.26263997,2.49853439,2.14484639,1.28163523,0.01546561,-0.28871530,-0.32716963,9.92199050,0.93914994,-0.30224846,8.78800176,4
117.37891491,31.96323601,41.36553887,7.73872185,152.10564480,41.36353887,33.06563208,-2.11682476,-1.26952519,2.49965146,2.15233141,1.27146046,0.01575359,-0.25301966,-0.31880395,9.89034511,0.53649744,-0.13023633,8.72881108,4
117.37891547,31.96323677,41.36042052,7.82269738,152.15999072,41.35842052,32.75574245,-2.08229638,-1.26910686,2.50837565,2.16609752,1.26521979,0.01581554,-0.21761036,-0.32561497,9.89417452,0.32617148,-0.00231847,8.68733486,4
117.37891603,31.96323754,41.35589541,7.90696399,152.21388563,41.35389541,32.45067024,-2.05922124,-1.25855833,2.52765084,2.18857521,1.26443604,0.01556396,-0.18259937,-0.35347626,9.94720835,0.38261461,0.06443522,8.67043042,4
117.37891658,31.96323831,41.35148793,7.99151467,152.26733497,41.34948793,32.15039096,-2.03813732,-1.24521587,2.54846681,2.21231334,1.26445495,0.01520968,-0.15031750,-0.38492707,10.00807147,0.49402488,0.12284465,8.65857574,4
117.37891713,31.96323908,41.34706420,8.07634255,152.32034429,41.34506420,31.85488161,-2.01430523,-1.22527738,2.56419098,2.23174573,1.26188965,0.01450953,-0.14117508,-0.41072231,10.05081066,0.61652760,0.21592644,8.64762492,4
117.37891768,31.96323985,41.34260578,8.16144088,152.37291916,41.34060578,31.56412058,-1.98462574,-1.19130500,2.56908242,2.24201784,1.25382625,0.01307349,-0.18126297,-0.42448555,10.05499108,0.76263300,0.38277786,8.63859685,4
117.37891822,31.96324062,41.33814333,8.24680304,152.42506520,41.33614333,31.27808737,-1.95373444,-1.15430679,2.57169042,2.25036002,1.24460125,0.01147880,-0.23187329,-0.43504840,10.05041303,0.91078562,0.56414801,8.63019403,4
117.37891876,31.96324139,41.33383581,8.33242252,152.47678808,41.33183581,30.99676243,-1.92522197,-1.11745353,2.57700583,2.26105302,1.23659520,0.00989315,-0.27733562,-0.41664428,10.02505563,0.91239625,0.67792580,8.63188504,4
117.37891930,31.96324216,41.33000411,8.41829294,152.52809354,41.32800411,30.72012734,-1.90402160,-1.08104012,2.59064952,2.27897840,1.23233710,0.00833504,-0.30697119,-0.30914093,9.93578119,0.46327495,0.58382234,8.66462278,4
117.37891984,31.96324294,41.32627993,8.50440801,152.57898733,41.32427993,30.44816262,-1.88446963,-1.04472929,2.60616696,2.29853037,1.22892327,0.00678330,-0.33304050,-0.18158753,9.83212467,-0.08728397,0.44292395,8.70434744,4
117.37892037,31.96324372,41.32269329,8.59076158,152.62947526,41.32069329,30.18084441,-1.88031244,-1.01445035,2.61873464,2.31539635,1.22414700,0.00547650,-0.35279324,-0.09693422,9.76314301,-0.64054900,0.29034294,8.70227699,4
117.37892089,31.96324451,41.31959761,8.67734760,152.67956318,41.31759761,29.91814245,-1.93122641,-1.00574002,2.62075388,2.32265884,1.21449531,0.00504554,-0.34995564,-0.16572264,9.81818362,-1.20366822,0.09592137,8.55069043,4
117.37892142,31.96324529,41.31671809,8.76416015,152.72925694,41.31471809,29.66002130,-2.00637228,-1.00652127,2.61813120,2.32569503,1.20269859,0.00500000,-0.33717732,-0.30203004,9.92779779,-1.77110065,-0.11690410,8.33331577,4
117.37892193,31.96324608,41.31383031,8.85119344,152.77856239,41.31183031,29.40644357,-2.08256838,-1.00905165,2.61682145,2.32980561,1.19161964,0.00503946,-0.31966059,-0.42862219,10.01422486,-2.18074986,-0.28829798,8.08525036,4
117.37892245,31.96324687,41.31080924,8.93844178,152.82748541,41.30880924,29.15737175,-2.15166175,-1.01404739,2.62282035,2.34009651,1.18435209,0.00523392,-0.28814585,-0.48576655,9.98430165,-1.96890928,-0.28849769,7.74714260,4
117.37892297,31.96324765,41.30770089,9.02589963,152.87603187,41.30570089,28.91276808,-2.21610182,-1.02065804,2.63360671,2.35443572,1.17958125,0.00552991,-0.24746203,-0.49741875,9.87816377,-1.34996524,-0.17655707,7.35005603,4
117.37892348,31.96324843,41.30457353,9.11356155,152.92420764,41.30257353,28.67259351,-2.27458316,-1.02594043,2.64440659,2.36867571,1.17503765,0.00576001,-0.20648231,-0.49645264,9.77894822,-0.72016003,-0.05618338,6.94565571,4
117.37892399,31.96324921,41.30142235,9.20142223,152.97201859,41.29942235,28.43680651,-2.30875922,-1.02382501,2.65169795,2.37943338,1.16968999,0.00560712,-0.17096136,-0.47060024,9.76887462,-0.34345264,0.01983768,6.55112786,4
117.37892450,31.96325000,41.29824588,9.28947647,153.01947058,41.29624588,28.20536205,-2.31722954,-1.01388513,2.65527871,2.38650826,1.16349174,0.00504917,-0.14121284,-0.41842568,9.85308295,-0.23442568,0.04895101,6.16702911,4
117.37892501,31.96325079,41.29507123,9.37771921,153.06656945,41.29307123,27.97821110,-2.32017622,-1.00282003,2.65913586,2.39373025,1.15763334,0.00445061,-0.11531366,-0.36951815,9.95063397,-0.17517304,0.05915161,5.79511749,4
117.37892550,31.96325159,41.29193557,9.46614550,153.11332101,41.28993557,27.75530190,-2.31998029,-0.99396177,2.66864070,2.40583377,1.15464267,0.00406649,-0.10495396,-0.36811797,10.02037531,-0.10463675,0.01341524,5.48110045,4
117.37892600,31.96325238,41.28885780,9.55475052,153.15973104,41.28685780,27.53658274,-2.31512982,-0.98837248,2.68651008,2.42516695,1.15589954,0.00400000,-0.11761053,-0.43708205,10.04892430,-0.01739089,-0.11516870,5.25284511,4
117.37892649,31.96325318,41.28579164,9.64352956,153.20580531,41.28379164,27.32200437,-2.30905904,-0.98370450,2.70596411,2.44586186,1.15797377,0.00400721,-0.13490023,-0.51829778,10.06782717,0.07418554,-0.25913924,5.04380766,4
117.37892698,31.96325398,41.28271894,9.73247805,153.25154952,41.28071894,27.11152203,-2.29853045,-0.98334070,2.72238743,2.46379017,1.15874510,0.00414516,-0.14882778,-0.55451898,10.06814112,0.18079528,-0.36753100,4.85792148,4
117.37892747,31.96325478,41.27962700,9.82159150,153.29696939,41.27762700,26.90509667,-2.27465484,-0.99586504,2.72973411,2.47343252,1.15561509,0.00467460,-0.15268650,-0.45600828,10.01279383,0.33240829,-0.36937705,4.74137726,4
117.37892795,31.96325558,41.27653064,9.91086552,153.34207060,41.27453064,26.70269525,-2.24771654,-1.01134682,2.73499791,2.48117341,1.15158983,0.00529387,-0.15423468,-0.32658062,9.94467400,0.49434770,-0.34677365,4.64074569,4
117.37892843,31.96325638,41.27357424,10.00029585,153.38685885,41.27157424,26.50429027,-2.22386082,-1.03337851,2.74089466,2.48945351,1.14784227,0.00623168,-0.15915537,-0.21766716,9.88405623,0.57076534,-0.41383503,4.54559773,4
117.37892891,31.96325719,41.27117308,10.08987826,153.43133980,41.26917308,26.30985673,-2.21223468,-1.08139828,2.74930285,2.49987322,1.14519642,0.00843333,-0.17745692,-0.19014196,9.85320147,0.30787095,-0.83665083,4.47220331,4
117.37892938,31.96325800,41.26899682,10.17960864,153.47551913,41.26699682,26.11936850,-2.20556234,-1.13994530,2.75872837,2.51115967,1.14299682,0.01114695,-0.20117876,-0.19558461,9.83440267,-0.09247011,-1.40357445,4.40762022,4
117.37892984,31.96325881,41.26680740,10.26948295,153.51940253,41.26480740,25.93279521,-2.20068694,-1.20098699,2.76802416,2.52230450,1.14080740,0.01398492,-0.20324070,-0.20770966,9.78698543,-0.41787048,-1.83524450,4.33410312,4
117.37893030,31.96325961,41.26445028,10.35949725,153.56299563,41.26245028,25.75010075,-2.20161413,-1.26833033,2.77624088,2.53238837,1.13845028,0.01714319,-0.10411215,-0.23443298,9.60352263,-0.33620209,-1.58211801,4.21569634,4
117.37893076,31.96326042,41.26196147,10.44964767,153.60630406,41.25996147,25.57124335,-2.20709633,-1.34062219,2.78361077,2.54163967,1.13596147,0.02055298,0.07445235,-0.27261648,9.31326082,0.06501244,-0.79142785,4.06204854,4
117.37893120,31.96326124,41.25940925,10.53993045,153.64933341,41.25740925,25.39617674,-2.20671752,-1.40264089,2.79199040,2.55177150,1.13394913,0.02352780,0.25403045,-0.30444675,9.05295881,0.54599442,0.07715408,3.90435493,4
117.37893164,31.96326206,41.25664067,10.63034192,153.69208922,41.25464067,25.22485292,-2.17053587,-1.40474690,2.80659456,2.56741927,1.13462329,0.02392628,0.36423337,-0.29131915,9.05435636,1.15494832,0.85828464,3.75812145,4
117.37893210,31.96326288,41.25360704,10.72087851,153.73457699,41.25160704,25.05722581,-2.09048265,-1.33343632,2.82882583,2.58982583,1.13858945,0.02116774,0.38942171,-0.22310084,9.37643833,1.92070250,1.53223320,3.62593483,4
117.37893254,31.96326370,41.25040163,10.81153672,153.77680218,41.24840163,24.89325301,-2.00327934,-1.24632988,2.85215209,2.61319754,1.14303849,0.01769907,0.39347605,-0.14428621,9.75561449,2.64448496,2.15434919,3.50715182,4
117.37893298,31.96326451,41.24616994,10.90231316,153.81877019,41.24416994,24.73289433,-1.93091910,-1.15077697,2.87160967,2.63309530,1.14590853,0.01359884,0.36303025,-0.07005138,10.06831272,2.72862627,2.51403675,3.48018613,4
117.37893342,31.96326533,41.23959501,10.99320449,153.86048641,41.23759501,24.57610894,-1.89245658,-1.03594238,2.88223216,2.64505933,1.14517283,0.00805674,0.25380652,-0.00627859,10.22919348,1.35216842,2.27445914,3.66288308,4
117.37893385,31.96326615,41.23249474,11.08420747,153.90195618,41.23049474,24.42285375,-1.86158583,-0.91678127,2.89087597,2.65524668,1.14362930,0.00219131,0.12692771,0.05515422,10.35607229,-0.35158857,1.90061428,3.89256149,4
117.37893428,31.96326697,41.22528753,11.17531893,153.94318479,41.22328753,24.27308469,-1.84742382,-0.80334242,2.89886091,2.66482554,1.14169928,-0.00349110,0.01248101,0.08321705,10.43796679,-1.72706583,1.60863139,4.07895007,4
117.37893472,31.96326779,41.21763354,11.26653580,153.98417748,41.21563354,24.12675999,-1.90334160,-0.71393009,2.90408058,2.67185006,1.13814889,-0.00840452,-0.04979799,-0.02868026,10.33117780,-1.72540910,1.66004724,4.08373644,4
117.37893515,31.96326861,41.20984766,11.35785504,154.02493947,41.20784766,23.98384251,-1.97991734,-0.63159734,2.90848531,2.67812188,1.13412078,-0.01309141,-0.09670188,-0.18183469,10.16877031,-1.31783327,1.81268344,4.03499453,4
117.37893557,31.96326944,41.20230069,11.44927373,154.06547591,41.20030069,23.84430015,-2.05197217,-0.54971980,2.91210324,2.68369030,1.12983164,-0.01770283,-0.13958054,-0.30649763,10.01848279,-0.96443910,1.91252996,3.97704264,4
117.37893599,31.96327027,41.19587143,11.54078896,154.10579196,41.19387143,23.70810570,-2.09873512,-0.46830483,2.91232807,2.68623068,1.12446478,-0.02202220,-0.16765782,-0.29212371,9.93604866,-0.95027614,1.74912007,3.88943443,4
117.37893640,31.96327110,41.19005722,11.63239792,154.14589271,41.18805722,23.57523666,-2.13158058,-0.38714383,2.91068574,2.68710475,1.11850483,-0.02618091,-0.18759025,-0.20123931,9.89095286,-1.12278810,1.44084203,3.78550603,4
117.37893682,31.96327193,41.18439970,11.72409781,154.18578329,41.18239970,23.44567438,-2.16467549,-0.31435190,2.90928503,2.68818550,1.11267822,-0.02989396,-0.20828939,-0.11819869,9.86402392,-1.30779840,1.08003172,3.68616778,4
117.37893724,31.96327276,41.17908206,11.81588590,154.22546878,41.17708206,23.31940244,-2.20878014,-0.28260700,2.91038708,2.69145539,1.10792558,-0.03152476,-0.23848888,-0.12757862,9.90032966,-1.42313742,0.56233193,3.62091573,4
117.37893766,31.96327359,41.17403429,11.90775951,154.26495426,41.17203429,23.19640457,-2.26162710,-0.28345500,2.91347642,2.69646357,1.10402571,-0.03150215,-0.27623212,-0.21034423,9.98684637,-1.48315496,-0.07994597,3.58272931,4
117.37893808,31.96327441,41.16906910,11.99971598,154.30424479,41.16706910,23.07666327,-2.31528072,-0.29384054,2.91667880,2.70154280,1.10017261,-0.03101043,-0.30869411,-0.29896754,10.05786316,-1.52167010,-0.69548845,3.54613787,4
117.37893850,31.96327523,41.16430929,12.09175271,154.34334545,41.16230929,22.96016004,-2.36470569,-0.32646484,2.91851118,2.70526175,1.09572183,-0.02947625,-0.30273143,-0.34679928,9.98747143,-1.49151862,-1.02835349,3.49121619,4
117.37893893,31.96327606,41.15981718,12.18386713,154.38226125,41.15781718,22.84687578,-2.40862008,-0.38806724,2.91855837,2.70720815,1.09049228,-0.02658369,-0.24669928,-0.34147686,9.73281693,-1.37189085,-0.99287105,3.41240962,4
117.37893935,31.96327688,41.15544287,12.27605674,154.42099722,41.15344287,22.73679089,-2.44985256,-0.45432653,2.91885215,2.70935483,1.08536761,-0.02346422,-0.18095528,-0.32499940,9.45995952,-1.22623933,-0.88549698,3.32530605,4
117.37893977,31.96327770,41.15154024,12.36831904,154.45955835,41.14954024,22.62988488,-2.47946040,-0.51122607,2.92370322,2.71569398,1.08221093,-0.02071920,-0.11895538,-0.30619206,9.33174967,-1.02259655,-0.80235068,3.21264736,4
117.37894019,31.96327853,41.14856175,12.46065160,154.49794963,41.14656175,22.52613615,-2.48629217,-0.54978705,2.93748339,2.73024744,1.08291014,-0.01870783,-0.06429131,-0.28281985,9.48694719,-0.70533176,-0.76667376,3.04991866,4
117.37894060,31.96327937,41.14578526,12.55305201,154.53617600,41.14378526,22.42552256,-2.48815222,-0.58433525,2.95321351,2.74659452,1.08445191,-0.01685719,-0.01125753,-0.25850272,9.70398318,-0.36354561,-0.74135829,2.87622055,4
117.37894101,31.96328020,41.14296354,12.64551792,154.57424239,41.14096354,22.32802146,-2.49336249,-0.61808419,2.96797083,2.76196823,1.08575277,-0.01510409,0.03233983,-0.25369837,9.87048333,-0.14065191,-0.70883633,2.69493143,4
117.37894142,31.96328103,41.13994397,12.73804701,154.61215369,41.13794397,22.23360908,-2.51322586,-0.64833793,2.97847370,2.77308491,1.08600000,-0.01377758,0.03466551,-0.33423791,9.81595562,-0.43775984,-0.64479441,2.48043754,4
117.37894183,31.96328186,41.13687797,12.83063698,154.64991478,41.13487797,22.14225917,-2.53652746,-0.67777153,2.98797830,2.78320271,1.08600000,-0.01255118,0.02730711,-0.43480270,9.70956542,-0.85688202,-0.57335662,2.25815255,4
117.37894222,31.96328270,41.13374508,12.92328559,154.68753048,41.13174508,22.05394221,-2.55361425,-0.70385906,2.99792568,2.79369358,1.08631158,-0.01146420,0.02552816,-0.51368764,9.61305418,-1.08967044,-0.46610736,2.03499929,4
117.37894262,31.96328353,41.13028905,13.01599064,154.72500559,41.12828905,21.96862656,-2.54068140,-0.71378415,3.01001192,2.80598659,1.08812820,-0.01105066,0.05069989,-0.48785173,9.56426091,-0.42240148,-0.18587478,1.80764986,4
117.37894301,31.96328437,41.12665893,13.10874997,154.76234485,41.12465893,21.88628078,-2.51157246,-0.71500000,3.02325060,2.81925060,1.09075580,-0.01100000,0.09039392,-0.40558687,9.54118094,0.72986160,0.18756849,1.57804081,4
117.37894339,31.96328521,41.12304669,13.20156145,154.79955297,41.12104669,21.80687551,-2.47573409,-0.71125535,3.03635364,2.83235364,1.09341179,-0.01117021,0.12705570,-0.31979694,9.54251834,1.82857169,0.54563767,1.36602938,4
117.37894378,31.96328605,41.11967533,13.29442300,154.83663461,41.11767533,21.73038308,-2.41434515,-0.68611318,3.04776292,2.84376292,1.09558318,-0.01231304,0.13480804,-0.25887440,9.66286736,2.23444206,0.74151971,1.25636471,4
117.37894416,31.96328689,41.11657290,13.38733257,154.87359441,41.11457290,21.65677517,-2.32443172,-0.63708301,3.05728131,2.85328131,1.09721355,-0.01454168,0.11028627,-0.22571337,9.91607979,1.86683546,0.75633842,1.26095849,4
117.37894453,31.96328773,41.11347228,13.48028813,154.91043695,41.11147228,21.58602012,-2.23081920,-0.58468311,3.06636404,2.86238090,1.09870487,-0.01692273,0.08046679,-0.19685387,10.18620931,1.34780575,0.72695286,1.29004071,4
117.37894492,31.96328858,41.10991642,13.57328772,154.94716678,41.10791642,21.51808179,-2.15390005,-0.54381676,3.07483971,2.87102518,1.09989267,-0.01877263,0.05952505,-0.15805466,10.37575623,0.82134274,0.61698621,1.33930603,4
117.37894529,31.96328942,41.10527643,13.66632938,154.98378838,41.10327643,21.45291949,-2.11673178,-0.53041465,3.08186990,2.87858535,1.10035772,-0.01935772,0.05972357,-0.09558553,10.37341474,0.27717206,0.31513092,1.43663389,4
117.37894567,31.96329025,41.10039634,13.75941123,155.02030617,41.09839634,21.39048819,-2.08836622,-0.52309451,3.08858003,2.88590549,1.10066273,-0.01966273,0.06460366,-0.02787420,10.32857886,-0.27092368,-0.02922083,1.54460600,4
117.37894606,31.96329109,41.09567420,13.85253143,155.05672451,41.09367420,21.33073870,-2.07602721,-0.51678977,3.09480665,2.89270190,1.10080422,-0.02000908,0.06379459,0.00734671,10.24861653,-0.74872197,-0.30364215,1.62173451,4
117.37894643,31.96329194,41.09171482,13.94568817,155.09304766,41.08971482,21.27361763,-2.14105671,-0.51538716,3.09869886,2.89696965,1.10015633,-0.02055499,0.03552112,-0.11428122,9.99908492,-0.88713902,-0.24046289,1.54996242,4
117.37894680,31.96329279,41.08800409,14.03887969,155.12927983,41.08600409,21.21906798,-2.23131493,-0.51558299,3.10182993,2.90041292,1.09925103,-0.02116599,-0.00170814,-0.28705504,9.69425794,-0.91489454,-0.06720007,1.42963678,4
117.37894716,31.96329362,41.08439829,14.13210430,155.16542510,41.08239829,21.16702999,-2.30972265,-0.51509346,3.10517439,2.90406525,1.09844556,-0.02175219,-0.03555920,-0.43717793,9.41559181,-0.86068891,0.09205940,1.30997960,4
117.37894754,31.96329447,41.08125764,14.22536036,155.20148749,41.07925764,21.11744170,-2.31578785,-0.51036859,3.10993536,2.90913454,1.09826624,-0.02218242,-0.04813060,-0.44793835,9.29648621,-0.41227028,0.13596609,1.21194520,4
117.37894791,31.96329531,41.07842967,14.31864626,155.23747090,41.07642967,21.07023908,-2.27322623,-0.50279683,3.11564848,2.91515630,1.09850782,-0.02250782,-0.04639840,-0.36502279,9.28463284,0.30113000,0.10233563,1.12844477,4
117.37894829,31.96329616,41.07555788,14.41196045,155.27337914,41.07355788,21.02535608,-2.22360059,-0.49630428,3.12140151,2.92123672,1.09877911,-0.02272301,-0.04266588,-0.27410435,9.31116385,0.97110805,0.04762452,1.05597269,4
117.37894867,31.96329701,41.07210279,14.50530146,155.30921591,41.07010279,20.98272461,-2.17827205,-0.49936338,3.12645709,2.92673629,1.09881747,-0.02235572,-0.04067991,-0.22638439,9.47028488,1.10732691,-0.06139293,1.03777212,4
117.37894905,31.96329785,41.06792150,14.59866784,155.34498480,41.06592150,20.94227443,-2.13829348,-0.51431401,3.13064433,2.93151268,1.09856582,-0.02126329,-0.04086836,-0.23244565,9.79447642,0.57902844,-0.23801991,1.08713828,4
117.37894942,31.96329869,41.06358949,14.69205820,155.38068931,41.06158949,20.90393287,-2.10051273,-0.53132388,3.13479800,2.93626773,1.09829776,-0.02005238,-0.04012375,-0.25200294,10.13646148,-0.05582070,-0.41288535,1.14784365,4
117.37894980,31.96329953,41.05919012,14.78547123,155.41633278,41.05719012,20.86762496,-2.07327209,-0.54566601,3.14022464,2.94214399,1.09840684,-0.01906967,-0.02680065,-0.29811526,10.34177475,-0.46291495,-0.44822235,1.19005730,4
117.37895017,31.96330037,41.05462701,14.87890564,155.45191846,41.05262701,20.83327468,-2.07165659,-0.55352219,3.14874598,2.95074598,1.09943280,-0.01864180,0.01710288,-0.40878710,10.21481228,-0.31629204,-0.14434031,1.18731383,4
117.37895054,31.96330121,41.05002808,14.97236023,155.48744947,41.04802808,20.80080768,-2.07564233,-0.55996070,3.15794385,2.95994385,1.10065918,-0.01833520,0.06769116,-0.53357152,10.01521852,-0.04863405,0.23369211,1.17474341,4
117.37895091,31.96330205,41.04558859,15.06583384,155.52292883,41.04358859,20.77015285,-2.07887879,-0.55892140,3.16698019,2.96898019,1.10188501,-0.01846151,0.10755568,-0.62076772,9.83271054,0.12357843,0.57862476,1.16229670,4
117.37895128,31.96330291,41.04196720,15.15932534,155.55835943,41.03996720,20.74124164,-2.07827149,-0.51952364,3.17518756,2.97718756,1.10310794,-0.02080840,0.09240920,-0.51514545,9.73785487,-0.19381918,0.75375156,1.15048512,4
117.37895165,31.96330375,41.03859251,15.25283368,155.59374405,41.03659251,20.71400643,-2.07650501,-0.46855760,3.18314498,2.98514498,1.10433000,-0.02382500,0.06067256,-0.35137281,9.66943262,-0.65887412,0.87766977,1.13886502,4
117.37895201,31.96330459,41.03525816,15.34635784,155.62908538,41.03325816,20.68837964,-2.07784827,-0.41917085,3.19045605,2.99251131,1.10530389,-0.02674320,0.01973696,-0.21391743,9.61062105,-1.06903756,0.94654151,1.12598010,4
117.37895238,31.96330545,41.03207183,15.43989686,155.66438598,41.03007183,20.66429443,-2.09713324,-0.38245701,3.19419689,2.99661950,1.10487624,-0.02888844,-0.06778053,-0.24397539,9.59752908,-1.12125551,0.72107473,1.10588901,4
117.37895275,31.96330629,41.02898640,15.53344981,155.69964833,41.02698640,20.64168583,-2.12864828,-0.35438165,3.19550408,2.99850680,1.10349320,-0.03050680,-0.18705094,-0.38821963,9.61560203,-0.92947836,0.29497034,1.08088574,4
117.37895311,31.96330713,41.02586507,15.62701582,155.73487479,41.02386507,20.62049097,-2.15978711,-0.33139281,3.19642537,3.00004227,1.10195773,-0.03184074,-0.29723279,-0.53226575,9.64073336,-0.70011040,-0.13338710,1.05984264,4
117.37895348,31.96330798,41.02239633,15.72059406,155.77006763,41.02039633,20.60064823,-2.17540657,-0.33327822,3.19734968,3.00158279,1.10041721,-0.03183042,-0.31281021,-0.55360974,9.67999562,-0.47841741,-0.36355420,1.07053575,4
117.37895384,31.96330882,41.01846181,15.81418374,155.80522900,41.01646181,20.58209525,-2.17021957,-0.36851191,3.19827804,3.00313007,1.09886993,-0.03001790,-0.20155375,-0.41044995,9.73820284,-0.26701440,-0.32801197,1.12377683,4
117.37895421,31.96330967,41.01444259,15.90778410,155.84036098,41.01244259,20.56476690,-2.16135163,-0.40907484,3.19928622,3.00475769,1.09735004,-0.02790730,-0.06869427,-0.24162411,9.80233811,-0.07821157,-0.23923175,1.18478691,4
117.37895457,31.96331052,41.01049566,16.00139445,155.87546553,41.00849566,20.54859503,-2.15673340,-0.43710373,3.20108653,3.00717741,1.09611833,-0.02637299,0.02987518,-0.14086760,9.88843477,-0.09568365,-0.14224745,1.23952718,4
117.37895495,31.96331136,41.00673902,16.09501413,155.91054448,41.00473902,20.53350937,-2.16329734,-0.43215184,3.20497113,3.01168129,1.09564492,-0.02635508,0.03821708,-0.21922061,10.03231590,-0.65591719,-0.02367777,1.27776907,4
117.37895532,31.96331220,41.00302348,16.18864255,155.94559957,41.00102348,20.51943859,-2.17227658,-0.42007632,3.20930594,3.01663536,1.09533529,-0.02666471,0.02707044,-0.33626033,10.18867848,-1.33338519,0.09955452,1.31244751,4
117.37895570,31.96331304,40.99908049,16.28227913,155.98063242,40.99708049,20.50631074,-2.19124649,-0.40785524,3.21394440,3.02185439,1.09506415,-0.02712735,0.01853527,-0.44074008,10.27741879,-1.90551999,0.21455086,1.34518898,4
117.37895608,31.96331389,40.99389860,16.37592338,156.01564452,40.99189860,20.49405117,-2.26463368,-0.39484127,3.22023685,3.02851665,1.09500270,-0.02842336,0.02422423,-0.47680873,9.99783462,-1.90392889,0.28468812,1.36738034,4
117.37895646,31.96331473,40.98836965,16.46957483,156.05063724,40.98636965,20.48258008,-2.35326668,-0.38160528,3.22699265,3.03558322,1.09500000,-0.02995287,0.03389839,-0.49370989,9.61505696,-1.74159331,0.34225633,1.38661563,4
117.37895684,31.96331556,40.98296302,16.56323309,156.08561184,40.98096302,20.47181173,-2.43382642,-0.36626872,3.23346305,3.04238998,1.09491550,-0.03149383,0.04226774,-0.50128604,9.28458476,-1.51409510,0.41341130,1.40493490,4
117.37895721,31.96331640,40.97837201,16.65689779,156.12056941,40.97637201,20.46165532,-2.46262328,-0.33860029,3.23812425,3.04755455,1.09433253,-0.03303901,0.04185771,-0.45905881,9.29068418,-0.94584250,0.56813312,1.41865400,4
117.37895758,31.96331724,40.97427447,16.75056867,156.15551088,40.97227447,20.45201695,-2.46010099,-0.30347024,3.24169083,3.05172553,1.09344795,-0.03458675,0.03613568,-0.38669760,9.50042764,-0.17141157,0.77341833,1.42958985,4
117.37895795,31.96331808,40.97019280,16.84424549,156.19043707,40.96819280,20.44280078,-2.45483661,-0.26609730,3.24505940,3.05571339,1.09250026,-0.03622878,0.02655615,-0.32335812,9.73161232,0.52175836,0.96653796,1.43978006,4
117.37895833,31.96331893,40.96573368,16.93792811,156.22534860,40.96373368,20.43390863,-2.46196513,-0.22106998,3.24817909,3.05945265,1.09142693,-0.03849757,-0.00356131,-0.34976192,9.90630879,0.47052273,1.02890569,1.44772117,4
117.37895870,31.96331978,40.96085250,17.03161642,156.26024595,40.95885250,20.42523864,-2.48295062,-0.16748408,3.25102047,3.06291391,1.09021313,-0.04146719,-0.05664295,-0.47651105,10.01784341,-0.41306078,0.94507472,1.45314750,4
117.37895907,31.96332062,40.95586145,17.12531040,156.29512942,40.95386145,20.41668418,-2.50721606,-0.11269983,3.25369335,3.06621682,1.08892358,-0.04455833,-0.11041223,-0.61393311,10.10513876,-1.40231495,0.84720582,1.45815821,4
117.37895944,31.96332147,40.95059712,17.21901010,156.32999915,40.94859712,20.40813346,-2.53762082,-0.06130519,3.25535232,3.06859329,1.08720315,-0.04757501,-0.13316001,-0.68233916,10.08384661,-1.96781725,0.86300376,1.46361283,4
117.37895981,31.96332231,40.94475177,17.31271564,156.36485509,40.94275177,20.39947015,-2.58107841,-0.01711793,3.25485555,3.06900000,1.08456663,-0.05043337,-0.08995107,-0.60400591,9.83168107,-1.63235209,1.12047460,1.47001120,4
117.37896018,31.96332316,40.93880655,17.40642721,156.39969698,40.93680655,20.39057371,-2.62696115,0.02585012,3.25393355,3.06901738,1.08175348,-0.05327135,-0.03416615,-0.49668961,9.53515204,-1.11478401,1.42267134,1.47609520,4
117.37896055,31.96332400,40.93327139,17.50014508,156.43452438,40.93127139,20.38131934,-2.66733497,0.07430858,3.25341770,3.06938949,1.07919591,-0.05636051,0.00034139,-0.41621467,9.30610316,-0.67733489,1.61927394,1.47178554,4
117.37896092,31.96332485,40.92945989,17.59386963,156.46933663,40.92745989,20.37157746,-2.68455130,0.14584790,3.25460914,3.07125280,1.07771268,-0.06050560,-0.05459510,-0.44857272,9.36072006,-0.57667912,1.37198905,1.42378363,4
117.37896129,31.96332569,40.92602286,17.68760127,156.50413287,40.92402286,20.36121377,-2.69673714,0.22240000,3.25617143,3.07343999,1.07646286,-0.06488000,-0.12895998,-0.50544000,9.47695427,-0.54918286,1.02828575,1.36629144,4
117.37896166,31.96332654,40.92247790,17.78134055,156.53891202,40.92047790,20.35009115,-2.70600386,0.28709132,3.25662070,3.07458299,1.07477105,-0.06855249,-0.19944084,-0.55220169,9.59489558,-0.50973110,0.65552799,1.31761859,4
117.37896203,31.96332738,40.91828480,17.87508807,156.57367275,40.91628480,20.33807165,-2.69774953,0.28059440,3.25038917,3.06945829,1.07042615,-0.06801209,-0.24661364,-0.53830917,9.72309298,-0.39851431,0.10834363,1.32187932,4
117.37896240,31.96332823,40.91385412,17.96884453,156.60841352,40.91185412,20.32501751,-2.68307129,0.24799671,3.24170826,3.06203565,1.06510859,-0.06592706,-0.28523992,-0.50217823,9.85504879,-0.26098685,-0.50278527,1.34554785,4
117.37896278,31.96332907,40.90934432,18.06261071,156.64313258,40.90734432,20.31079113,-2.66911523,0.20771657,3.23308016,3.05465211,1.05981216,-0.06344843,-0.31339395,-0.47337049,9.95637916,-0.12254600,-1.07449377,1.35723970,4
117.37896314,31.96332991,40.90447079,18.15638749,156.67782793,40.90247079,20.29525393,-2.66343716,0.13393153,3.22620061,3.04884314,1.05521102,-0.05937309,-0.28026331,-0.50372440,9.86187136,0.00648238,-1.36001854,1.28197456,4
117.37896352,31.96333075,40.89939069,18.25017581,156.71249735,40.89739069,20.27826526,-2.66246192,0.04111348,3.22031453,3.04392877,1.05100493,-0.05439069,-0.21231730,-0.56768762,9.65610918,0.13016157,-1.48295775,1.15731022,4
117.37896389,31.96333160,40.89434849,18.34397672,156.74713840,40.89234849,20.25968182,-2.65892130,-0.05213868,3.21513261,3.03968234,1.04707970,-0.04937117,-0.13795357,-0.62401625,9.45412116,0.24180750,-1.55341621,1.03472689,4
117.37896426,31.96333245,40.88975440,18.43779134,156.78174840,40.88775440,20.23935780,-2.63370113,-0.13046137,3.21375627,3.03909068,1.04467311,-0.04495245,-0.05306751,-0.59742598,9.38193134,0.27750963,-1.42330943,0.97249847,4
117.37896463,31.96333328,40.88552608,18.53162090,156.81632440,40.88352608,20.21714584,-2.59078693,-0.19659869,3.21548596,3.04148194,1.04350602,-0.04102408,0.04040605,-0.50316016,9.41567895,0.25122874,-1.12950858,0.95953009,4
117.37896500,31.96333413,40.88134427,18.62546667,156.85086324,40.87934427,20.19289840,-2.54700957,-0.25791113,3.21815154,3.04475289,1.04268617,-0.03732135,0.12895910,-0.40744088,9.48411076,0.20836211,-0.81833975,0.95938201,4
117.37896536,31.96333497,40.87705965,18.71933006,156.88536151,40.87505965,20.16646874,-2.51822987,-0.29886726,3.22387569,3.05082252,1.04289617,-0.03466590,0.17149680,-0.38250591,9.67690971,0.11963444,-0.57784912,0.99305638,4
117.37896573,31.96333582,40.87265940,18.81321253,156.91981555,40.87065940,20.13770990,-2.50631879,-0.31692762,3.23303992,3.06003992,1.04426450,-0.03318839,0.16227888,-0.43718517,10.00958898,-0.02067476,-0.41685424,1.06477219,4
117.37896609,31.96333667,40.86818915,18.90711563,156.95422145,40.86618915,20.10647208,-2.49875299,-0.33004621,3.24242013,3.06945479,1.04568279,-0.03200525,0.14286073,-0.50368662,10.34151666,-0.18287856,-0.26813800,1.14359552,4
117.37896645,31.96333751,40.86330196,19.00104100,156.98857507,40.86130196,20.07260146,-2.50201814,-0.33657726,3.24832649,3.07568988,1.04573761,-0.03150118,0.11677027,-0.54763913,10.45127631,-0.45129917,-0.10085601,1.22403703,4
117.37896681,31.96333836,40.85766182,19.09499035,157.02287198,40.85566182,20.03594000,-2.52483718,-0.33121575,3.24796162,3.07618465,1.04333090,-0.03222303,0.07863270,-0.55088484,10.15994846,-0.91149163,0.09995164,1.30740369,4
117.37896717,31.96333921,40.85191788,19.18896548,157.05710751,40.84991788,19.99632584,-2.55166913,-0.32290469,3.24640562,3.07558598,1.04045152,-0.03321001,0.03795062,-0.54586838,9.79799856,-1.38571298,0.30373699,1.38883711,4
117.37896751,31.96334006,40.84663876,19.28296827,157.09127670,40.84463876,19.95359362,-2.57991665,-0.30850233,3.24538547,3.07544569,1.03772829,-0.03442457,-0.00435853,-0.53887514,9.52734047,-1.61344275,0.46989452,1.44446526,4
117.37896785,31.96334092,40.84255265,19.37700070,157.12537431,40.84055265,19.90757332,-2.61180247,-0.27845631,3.24574123,3.07648245,1.03540571,-0.03622367,-0.05085064,-0.52680489,9.49108327,-1.20822420,0.53944492,1.43383346,4
117.37896818,31.96334178,40.83870999,19.47106480,157.15939481,40.83670999,19.85809046,-2.64410529,-0.24544542,3.24630122,3.07768832,1.03314220,-0.03812279,-0.09811219,-0.51402646,9.50585717,-0.67863273,0.58481230,1.40938209,4
117.37896852,31.96334262,40.83481067,19.56516272,157.19333238,40.83281067,19.80496771,-2.67057565,-0.21707096,3.24545887,3.07759655,1.03046021,-0.03966049,-0.14376863,-0.50720828,9.56653330,-0.26011694,0.55603054,1.38256247,4
117.37896885,31.96334347,40.83067009,19.65929667,157.22718089,40.82867009,19.74802731,-2.67233623,-0.20833703,3.23867326,3.07200553,1.02600395,-0.03966693,-0.18263609,-0.52564717,9.82175728,-0.31220815,0.21300215,1.34569855,4
117.37896919,31.96334433,40.82647799,19.75346894,157.26093390,40.82447799,19.68709370,-2.66878907,-0.20382246,3.23061152,3.06523368,1.02116692,-0.03934446,-0.22004253,-0.54950989,10.11875146,-0.46538105,-0.19750121,1.30667978,4
117.37896955,31.96334518,40.82208100,19.84768187,157.29458469,40.82008100,19.62199491,-2.67064510,-0.20637624,3.22309174,3.05893610,1.01653269,-0.03871603,-0.24267299,-0.56923161,10.36690567,-0.65257645,-0.56374489,1.27305607,4
117.37896988,31.96334603,40.81627097,19.94193792,157.32812622,40.81427097,19.55256276,-2.70970410,-0.25759833,3.21929933,3.05590056,1.01329238,-0.03598066,-0.16358046,-0.56045247,10.27892291,-1.07412481,-0.62545203,1.27656013,4
117.37897022,31.96334688,40.81013128,20.03623954,157.36155120,40.80813128,19.47863157,-2.75745113,-0.32018594,3.21637797,3.05362731,1.01037797,-0.03275330,-0.06073034,-0.54501585,10.11242105,-1.55038794,-0.61601056,1.28873745,4
117.37897057,31.96334773,40.80407736,20.13058930,157.39485201,40.80207736,19.40003643,-2.80806586,-0.37725271,3.21385739,3.05175345,1.00758763,-0.02987939,0.03588714,-0.53135294,9.92184147,-1.97980547,-0.57290229,1.29565989,4
117.37897091,31.96334859,40.79867092,20.22498977,157.42802078,40.79667092,19.31661220,-2.87866415,-0.39335355,3.21415533,3.05269846,1.00566343,-0.02960689,0.08526958,-0.53113134,9.56413445,-2.06542908,-0.29268305,1.26375838,4
117.37897125,31.96334943,40.79347777,20.31944360,157.46104933,40.79147777,19.22819406,-2.95583340,-0.39597569,3.21538056,3.05457084,1.00402431,-0.03019028,0.11910905,-0.53533195,9.15146077,-2.03793955,0.06553154,1.21908538,4
117.37897161,31.96335028,40.78840993,20.41395347,157.49392918,40.78640993,19.13461879,-3.02953205,-0.39486026,3.21703403,3.05687067,1.00243416,-0.03088818,0.14481905,-0.54135101,8.79660551,-1.94478554,0.39592332,1.21448673,4
117.37897196,31.96335113,40.78417608,20.50852209,157.52665159,40.78217608,19.03572561,-3.07298774,-0.37284509,3.22143449,3.06191176,1.00105538,-0.03197441,0.11723778,-0.55875779,8.91497110,-1.41394702,0.46931194,1.52357368,4
117.37897230,31.96335198,40.78030792,20.60315221,157.55920752,40.77830792,18.93135664,-3.10319058,-0.34167502,3.22703811,3.06815347,0.99976931,-0.03323069,0.06631092,-0.58115246,9.24065206,-0.69139097,0.43009928,1.97006833,4
117.37897265,31.96335283,40.77641707,20.69784658,157.59158763,40.77441707,18.82135652,-3.12901547,-0.31198550,3.23204834,3.07390627,0.99807502,-0.03438126,0.01089791,-0.59901843,9.58455107,-0.04352357,0.36235337,2.43162303,4
117.37897300,31.96335369,40.77199576,20.79260799,157.62378234,40.76999576,18.70557167,-3.13121385,-0.30298535,3.23106051,3.07452339,0.99293603,-0.03450468,-0.05968120,-0.57500487,9.88522474,-0.18813786,0.16489986,2.88924990,4
117.37897334,31.96335454,40.76723170,20.88743923,157.65578176,40.76523170,18.58384986,-3.11814144,-0.30735774,3.22619593,3.07182113,0.98557072,-0.03396422,-0.14006113,-0.52392347,10.15795335,-0.84496073,-0.11638429,3.34432768,4
117.37897368,31.96335539,40.76239810,20.98234309,157.68757572,40.76039810,18.45603892,-3.10631396,-0.31534586,3.22066958,3.06855945,0.97776288,-0.03328831,-0.21702981,-0.47451670,10.38734694,-1.52677953,-0.39055974,3.78296782,4
117.37897402,31.96335623,40.75741044,21.07732236,157.71915380,40.75541044,18.32198575,-3.12642515,-0.33729014,3.21453861,3.06484503,0.96904851,-0.03231185,-0.25026526,-0.47696604,10.26894884,-1.73219367,-0.48707399,4.07888395,4
117.37897434,31.96335709,40.75228785,21.17237981,157.75050527,40.75028785,18.18153631,-3.17453157,-0.37146708,3.20787780,3.06073387,0.95953971,-0.03107196,-0.24516565,-0.52486965,9.84569789,-1.52001154,-0.42785743,4.24968839,4
117.37897466,31.96335795,40.74717735,21.26751821,157.78161911,40.74517735,18.03453637,-3.22419346,-0.40565285,3.20095594,3.05641434,0.94977430,-0.02985150,-0.23306605,-0.57845094,9.39418117,-1.20112638,-0.33371535,4.41434150,4
117.37897499,31.96335880,40.74241457,21.36274030,157.81248402,40.74041457,17.88083252,-3.24055810,-0.41874445,3.19239579,3.05074265,0.93887012,-0.02927653,-0.21901873,-0.60874989,9.19463337,-0.56329788,-0.16820926,4.73595288,4
117.37897531,31.96335966,40.73805867,21.45804878,157.84308842,40.73605867,17.72027364,-3.21795360,-0.40714870,3.18191814,3.04348840,0.92663302,-0.02945702,-0.20269167,-0.61180082,9.28997412,0.44781472,0.08081998,5.24126480,4
117.37897563,31.96336051,40.73371187,21.55344632,157.87342044,40.73171187,17.55271264,-3.18520667,-0.39090230,3.17114581,3.03604074,0.91402758,-0.02977418,-0.18926104,-0.60687181,9.44909854,1.48056502,0.32148784,5.79147413,4
117.37897596,31.96336137,40.72861139,21.64893553,157.90346792,40.72661139,17.37800845,-3.12612906,-0.37674996,3.16122983,3.02982792,0.90028278,-0.02996723,-0.21118740,-0.57415766,9.67023780,1.96759787,0.30041967,6.43540630,4
117.37897628,31.96336223,40.72253719,21.74451897,157.93321845,40.72053719,17.19602747,-3.03304041,-0.36530144,3.15241931,3.02520966,0.88506567,-0.03000000,-0.27878080,-0.50555543,9.97148554,1.74982936,-0.05869829,7.20042352,4
117.37897661,31.96336309,40.71623966,21.84019912,157.96265936,40.71423966,17.00664396,-2.93540878,-0.35572039,3.14359820,3.02071461,0.86936028,-0.02995775,-0.35270797,-0.43347469,10.26823332,1.38984929,-0.46590850,7.98603929,4
117.37897693,31.96336393,40.70965780,21.93597838,157.99177774,40.70765780,16.80973910,-2.86554255,-0.36131077,3.13203919,3.01387516,0.85148194,-0.02942778,-0.39201435,-0.40589775,10.32413765,1.05143469,-0.63067176,8.72419454,4
117.37897726,31.96336478,40.70268375,22.03185906,158.02056045,40.70068375,16.60519997,-2.83394581,-0.38781407,3.11670570,3.00380380,0.83060760,-0.02822547,-0.38360028,-0.43966474,10.04805986,0.74273192,-0.46124732,9.39696078,4
117.37897756,31.96336564,40.69569916,22.12784338,158.04899414,40.69369916,16.39291890,-2.80915099,-0.41590783,3.10075128,2.99322610,0.80906968,-0.02702603,-0.36635841,-0.48475190,9.70991439,0.47342610,-0.21525245,10.04647583,4
117.37897786,31.96336651,40.68961570,22.22393344,158.07706522,40.68761570,16.17279378,-2.76843296,-0.40871012,3.08698589,2.98484070,0.78713072,-0.02763656,-0.36462630,-0.50956075,9.47141101,0.61847606,0.10668154,10.57791292,4
117.37897816,31.96336737,40.68466586,22.32013122,158.10475992,40.68266586,15.94473019,-2.70767939,-0.35710865,3.07597440,2.97921343,0.76468662,-0.03052439,-0.38240849,-0.50885611,9.35827089,1.28487053,0.52416993,10.96079814,4
117.37897846,31.96336823,40.67994240,22.41643859,158.13206428,40.67794240,15.70864344,-2.64129900,-0.29655524,3.06533576,2.97396148,0.74206924,-0.03384060,-0.40556403,-0.49974715,9.28401996,2.02859574,0.93335921,11.30942677,4
117.37897875,31.96336910,40.67506135,22.51285726,158.15896414,40.67306135,15.46445916,-2.55531257,-0.24105503,3.05187186,2.96590527,0.71852857,-0.03647378,-0.44634769,-0.44856748,9.38332726,2.32995240,0.95148976,11.61543022,4
117.37897904,31.96336996,40.67000154,22.60938879,158.18544523,40.66800154,15.21211182,-2.44710080,-0.19128137,3.03520524,2.95467027,0.69394083,-0.03833282,-0.50711370,-0.34969956,9.67936479,2.12989190,0.52635636,11.87312506,4
117.37897932,31.96337084,40.66482028,22.70603460,158.21149312,40.66282028,14.95154194,-2.33625069,-0.14494959,3.01763195,2.94252608,0.66904196,-0.03993027,-0.57103261,-0.24473026,10.00753384,1.81816983,0.02159126,12.12362633,4
117.37897960,31.96337169,40.65834827,22.80279593,158.23709324,40.65634827,14.68269379,-2.25557631,-0.13331020,2.99632968,2.92653257,0.64271929,-0.03996876,-0.61984248,-0.19760367,10.20401914,1.38473069,-0.29774111,12.41678796,4
117.37897988,31.96337255,40.65065648,22.89967385,158.26223091,40.64865648,14.40551540,-2.20341846,-0.15445573,2.97150344,2.90690140,0.61505108,-0.03853402,-0.65437409,-0.20513942,10.27606113,0.83626642,-0.44183652,12.75026464,4
117.37898016,31.96337342,40.64273282,22.99666924,158.28689134,40.64073282,14.11996067,-2.15864108,-0.18108677,2.94619023,2.88675204,0.58714039,-0.03687360,-0.68471509,-0.22385279,10.31302094,0.28537995,-0.54196602,13.08945781,4
117.37898042,31.96337429,40.63495375,23.09378280,158.31105961,40.63295375,13.82599142,-2.14457715,-0.19117848,2.92445278,2.87001971,0.55964222,-0.03631641,-0.69112421,-0.25007388,10.16654805,0.08334462,-0.47751631,13.39018524,4
117.37898068,31.96337517,40.62727558,23.19101502,158.33472073,40.62527558,13.52357878,-2.15205370,-0.18967071,2.90522188,2.85568287,0.53243159,-0.03653293,-0.68074873,-0.28156232,9.89141222,0.12596863,-0.29763213,13.66395352,4
117.37898095,31.96337603,40.61966723,23.28836619,158.35785965,40.61766723,13.21270345,-2.16161264,-0.18579213,2.88647612,2.84179212,0.50523413,-0.03687005,-0.66702485,-0.30899100,9.61158206,0.20918689,-0.10026724,13.93834885,4
117.37898121,31.96337690,40.61311721,23.38583637,158.38046124,40.61111721,12.89335583,-2.13994802,-0.17412097,2.86893565,2.82869552,0.47740990,-0.03698754,-0.64366696,-0.23874642,9.67137302,0.27144072,0.05382353,14.31466689,4
117.37898147,31.96337777,40.60707229,23.48342539,158.40251036,40.60507229,12.56553660,-2.10334581,-0.15872075,2.85196880,2.81597660,0.44928133,-0.03700000,-0.61569734,-0.12177379,9.89361259,0.32367759,0.18724181,14.73979566,4
117.37898172,31.96337865,40.60106771,23.58113287,158.42399186,40.59906771,12.22925797,-2.06746305,-0.14150280,2.83534525,2.80356374,0.42113312,-0.03709231,-0.59001259,-0.00935574,10.13059900,0.35116988,0.31913482,15.16787874,4
117.37898196,31.96337953,40.59466262,23.67895817,158.44489057,40.59266262,11.88454531,-2.08755321,-0.09362018,2.82498435,2.79707380,0.39352920,-0.03924934,-0.62785299,-0.12358587,10.26484375,-0.14857053,0.47095070,15.52982185,4
117.37898219,31.96338040,40.58813958,23.77690040,158.46519140,40.58613958,11.53143793,-2.12355489,-0.03706021,2.81635945,2.79222300,0.36606274,-0.04199115,-0.68363805,-0.30145092,10.36856344,-0.79566069,0.62743670,15.87281036,4
117.37898241,31.96338129,40.58154088,23.87495843,158.48487928,40.57954088,11.16998759,-2.16038931,0.01818171,2.80645463,2.78603235,0.33832651,-0.04467402,-0.73631032,-0.45514223,10.42374387,-1.36067230,0.74862286,16.20524601,4
117.37898262,31.96338217,40.57439507,23.97313085,158.50393927,40.57239507,10.80025609,-2.20294414,0.06305701,2.78687066,2.76970136,0.30863669,-0.04688712,-0.76481481,-0.42408762,10.11323643,-1.30021463,0.60285191,16.45752728,4
117.37898283,31.96338304,40.56711587,24.07141603,158.52235649,40.56511587,10.42231354,-2.24704269,0.10524876,2.76473554,2.75068682,0.27842115,-0.04897619,-0.78671314,-0.34331018,9.70618150,-1.07089032,0.38817569,16.68614743,4
117.37898304,31.96338393,40.56036181,24.16981202,158.54011620,40.55836181,10.03623902,-2.29016110,0.15155723,2.74560448,2.73447788,0.24869673,-0.05118118,-0.80877368,-0.28786256,9.40474790,-0.91191845,0.29506047,16.86403061,4
117.37898323,31.96338482,40.55546265,24.26831663,158.55720380,40.55346265,9.64212291,-2.32978906,0.21231509,2.73706654,2.72816071,0.22072883,-0.05379222,-0.83138480,-0.32163651,9.47541925,-1.00076012,0.62997027,16.86313624,4
117.37898342,31.96338570,40.55104282,24.36692738,158.57360485,40.54904282,9.24006805,-2.36829600,0.27701584,2.73116574,2.72429285,0.19320467,-0.05651604,-0.85428257,-0.37878863,9.64141434,-1.15028242,1.07058192,16.81678457,4
117.37898360,31.96338659,40.54652747,24.46564150,158.58930508,40.54452747,8.83018723,-2.40080497,0.34591429,2.72185258,2.71686717,0.16548818,-0.05940526,-0.88089491,-0.43810504,9.75782947,-1.19033320,1.34504416,16.80326809,4
117.37898377,31.96338749,40.54175184,24.56445597,158.60429046,40.53975184,8.41259856,-2.41674554,0.42634338,2.70313300,2.69963248,0.13726075,-0.06274869,-0.91773505,-0.50334968,9.73739586,-0.92837830,1.16098874,16.88033709,4
117.37898394,31.96338839,40.53691133,24.66336744,158.61854714,40.53491133,7.98742204,-2.42809390,0.50927443,2.68221085,2.68008099,0.10891744,-0.06618975,-0.95740559,-0.56740215,9.68449845,-0.59553561,0.86309846,16.97974489,4
117.37898411,31.96338929,40.53211405,24.76237231,158.63206148,40.53011405,7.55477968,-2.42939462,0.58181994,2.66559471,2.66452187,0.08102819,-0.06919820,-1.00295082,-0.56547817,9.68280960,-0.39516823,0.61368184,17.06570644,4
117.37898425,31.96339018,40.52739835,24.86146667,158.64482010,40.52539835,7.11479765,-2.41199237,0.63501704,2.65699765,2.65639777,0.05399060,-0.07140070,-1.05942068,-0.44074617,9.77644066,-0.44143655,0.45455169,17.12661927,4
117.37898439,31.96339107,40.52271382,24.96064635,158.65680982,40.52071382,6.66760775,-2.39076674,0.68317395,2.65008989,2.64981611,0.02715452,-0.07339068,-1.11651115,-0.29183585,9.88860306,-0.54178052,0.31766002,17.18052478,4
117.37898453,31.96339197,40.51831430,25.05990685,158.66801774,40.51631430,6.21334715,-2.38259218,0.72028900,2.63876420,2.63860591,0.00044018,-0.07486276,-1.12971331,-0.24940538,9.91286745,-0.55254167,0.20329858,17.20937117,4
117.37898466,31.96339286,40.51442097,25.15924343,158.67843118,40.51242097,5.75215610,-2.39756026,0.73781847,2.61960719,2.61919092,-0.02605322,-0.07541628,-1.06509387,-0.39578408,9.78127383,-0.40446005,0.12890765,17.19377934,4
117.37898479,31.96339376,40.51062616,25.25865104,158.68803778,40.50862616,5.28417590,-2.41643731,0.75188707,2.59907585,2.59830388,-0.05248664,-0.07580920,-0.98443471,-0.57909614,9.61746561,-0.20833268,0.07385570,17.16838609,4
117.37898491,31.96339466,40.50649688,25.35812435,158.69682541,40.50449688,4.80954835,-2.40764689,0.78624582,2.58691520,2.58554339,-0.07866274,-0.07718869,-0.93910104,-0.63719468,9.52259942,0.22098268,0.22237246,17.15029665,4
117.37898501,31.96339556,40.50191160,25.45765776,158.70478224,40.49991160,4.32841681,-2.36111364,0.84828180,2.58617443,2.58386977,-0.10448620,-0.07991397,-0.94196054,-0.52447586,9.52178849,0.96838154,0.64858425,17.14217206,4
117.37898509,31.96339646,40.49718510,25.55724539,158.71189672,40.49518510,3.84092816,-2.30707822,0.91638843,2.58741974,2.58409726,-0.13020854,-0.08291137,-0.95637027,-0.37766008,9.54738849,1.73932261,1.11557044,17.13675219,4
117.37898517,31.96339736,40.49165468,25.65688108,158.71815758,40.48965468,3.34723399,-2.26175345,0.98838137,2.58090868,2.57630511,-0.15538439,-0.08567946,-0.99560311,-0.26741892,9.69174568,1.71500818,1.25622049,17.14223657,4
117.37898525,31.96339826,40.48503693,25.75655841,158.72355390,40.48303693,2.84749079,-2.22821804,1.06562714,2.56390340,2.55766264,-0.17981889,-0.08813708,-1.06841975,-0.20667329,9.99677558,0.61467962,0.95531249,17.16247444,4
117.37898531,31.96339917,40.47818983,25.85627068,158.72807503,40.47618983,2.34185921,-2.19838314,1.14249755,2.54508910,2.53711246,-0.20412127,-0.09050420,-1.14577268,-0.15911943,10.31238173,-0.65846903,0.57149513,17.18611038,4
117.37898536,31.96340008,40.47124330,25.95601096,158.73171069,40.46924330,1.83050317,-2.18949990,1.19570450,2.53179701,2.52166866,-0.22869845,-0.09242985,-1.18509417,-0.16135791,10.26561122,-1.16103780,0.30912076,17.21585662,4
117.37898540,31.96340099,40.46418750,26.05577202,158.73445093,40.46218750,1.31359056,-2.20369941,1.22283929,2.52458928,2.51185119,-0.25357738,-0.09386905,-1.18251489,-0.21845238,9.81961312,-0.81463990,0.18055060,17.25233334,4
117.37898543,31.96340189,40.45717727,26.15554644,158.73628614,40.45517727,0.79129471,-2.21951869,1.24522309,2.51816680,2.50272023,-0.27846282,-0.09517675,-1.17168723,-0.28176896,9.32286374,-0.30751090,0.08566607,17.28880419,4
117.37898543,31.96340279,40.45114521,26.25532651,158.73720709,40.44914521,0.26379446,-2.19538378,1.26970770,2.50649446,2.48815394,-0.30259038,-0.09589225,-1.15525127,-0.28503375,9.18270389,0.21894633,0.11690329,17.30656240,4
117.37898543,31.96340370,40.44611696,26.35510433,158.73720493,40.44411696,-0.26872786,-2.13024605,1.29634836,2.48943442,2.46800961,-0.32594026,-0.09600000,-1.13305974,-0.22667086,9.40849074,0.76524173,0.27757223,17.30511696,4
117.37898541,31.96340461,40.44123657,26.45487173,158.73627118,40.43923657,-0.80608996,-2.05942317,1.32411019,2.47232771,2.44773878,-0.34924027,-0.09607736,-1.11326691,-0.16141039,9.69806767,1.25223193,0.44262064,17.30517500,4
117.37898539,31.96340551,40.43596328,26.55462035,158.73439777,40.43396328,-1.34811174,-2.00953137,1.36158183,2.46720229,2.43884491,-0.37368056,-0.09717369,-1.13852676,-0.14927317,9.97301486,0.91134501,0.36294985,17.36988388,4
117.37898534,31.96340641,40.43039416,26.65434162,158.73157699,40.42839416,-1.89461492,-1.97540234,1.40636535,2.47109961,2.43851868,-0.39897937,-0.09903735,-1.19771398,-0.17714123,10.23694310,-0.05298407,0.09899038,17.48327856,4
117.37898527,31.96340731,40.42474866,26.75402675,158.72780154,40.42274866,-2.44542090,-1.94632781,1.44904446,2.47545269,2.43856961,-0.42425009,-0.10086483,-1.25804472,-0.21736346,10.47053597,-1.04847895,-0.19093167,17.60009634,4
117.37898522,31.96340823,40.41872792,26.85366676,158.72306450,40.41672792,-3.00034846,-1.94939947,1.45228086,2.46843184,2.42714292,-0.44755562,-0.10080914,-1.26862493,-0.33333659,10.35426627,-1.25379973,-0.45182978,17.66727316,4
117.37898515,31.96340913,40.41239230,26.95325249,158.71735935,40.41039230,-3.55921362,-1.97942938,1.42244029,2.45187241,2.40609052,-0.46921401,-0.09917421,-1.23748418,-0.51283969,9.94459353,-0.79647957,-0.68839803,17.69282307,4
117.37898507,31.96341003,40.40611403,27.05277460,158.71067998,40.40411403,-4.12183193,-2.00805915,1.39188462,2.43539528,2.38504466,-0.49088481,-0.09752594,-1.19693957,-0.67481777,9.52491248,-0.25688075,-0.86442784,17.70851181,4
117.37898498,31.96341094,40.40096050,27.15222357,158.70302071,40.39896050,-4.68802112,-1.97792395,1.40764502,2.43533728,2.37976020,-0.51535513,-0.09830959,-1.12471994,-0.54749686,9.47733115,0.07500940,-0.43842804,17.68748869,4
117.37898487,31.96341184,40.39612246,27.25158975,158.69437625,40.39412246,-5.25760239,-1.93133426,1.43637495,2.43987754,2.37889031,-0.54060710,-0.09977423,-1.04363660,-0.33916870,9.53396292,0.34869728,0.15613172,17.65618628,4
117.37898475,31.96341275,40.39129500,27.35086332,158.68474171,40.38929500,-5.83039956,-1.88432134,1.47021066,2.44425188,2.37780055,-0.56579890,-0.10141269,-0.96602878,-0.14090916,9.60938181,0.59940012,0.75387585,17.63391330,4
117.37898463,31.96341365,40.38637221,27.45003430,158.67411261,40.38437221,-6.40623747,-1.84321032,1.54900022,2.44401041,2.37164253,-0.58990728,-0.10443134,-0.93002885,-0.09808165,9.81455633,0.64816790,1.27935249,17.71195287,4
117.37898450,31.96341455,40.38136904,27.54909260,158.66248488,40.37936904,-6.98494189,-1.80707456,1.66568663,2.43987778,2.36121189,-0.61310241,-0.10861349,-0.92910477,-0.18628503,10.12911699,0.52670223,1.74390840,17.87455732,4
117.37898435,31.96341544,40.37628591,27.64802799,158.64985486,40.37428591,-7.56634081,-1.77193920,1.78839436,2.43590832,2.35084095,-0.63635744,-0.11309318,-0.93629171,-0.28613408,10.42160431,0.36628433,2.17211732,18.04794771,4
117.37898419,31.96341633,40.37052787,27.74683014,158.63621928,40.36852787,-8.15026608,-1.73970759,1.91793354,2.43887841,2.34691759,-0.66147278,-0.11888361,-0.97450381,-0.31971636,10.34835027,0.05922032,2.32936798,18.21060699,4
117.37898402,31.96341722,40.36420135,27.84548858,158.62157529,40.36220135,-8.73655439,-1.70992619,2.05322141,2.44769799,2.34842953,-0.68815435,-0.12577852,-1.03886574,-0.29743625,9.96679886,-0.37143602,2.25820139,18.36420798,4
117.37898383,31.96341813,40.35787135,27.94399279,158.60592041,40.35587135,-9.32504696,-1.68142125,2.18883710,2.45625491,2.34962900,-0.71474298,-0.13269660,-1.10605092,-0.26816164,9.56850384,-0.78862959,2.16192242,18.50682619,4
117.37898363,31.96341902,40.35224617,28.04233213,158.58925256,40.35024617,-9.91558880,-1.66219428,2.32033717,2.45451879,2.34057849,-0.73839739,-0.13839709,-1.16662354,-0.24373842,9.41171581,-0.91087991,2.11985515,18.55355391,4
117.37898342,31.96341990,40.34750836,28.14049589,158.57157003,40.34550836,-10.50802805,-1.65465360,2.44666530,2.43981557,2.31861443,-0.75835763,-0.14256426,-1.21887171,-0.22542451,9.55915717,-0.66157982,2.14607836,18.47948568,4
117.37898319,31.96342078,40.34289889,28.23847332,158.55287151,40.34089889,-11.10221594,-1.64695667,2.57264713,2.42420252,2.29568614,-0.77803447,-0.14661094,-1.26782366,-0.20951754,9.73660163,-0.36400342,2.18568051,18.39445723,4
117.37898296,31.96342168,40.33834664,28.33625357,158.53315604,40.33634664,-11.69800807,-1.62200678,2.70234008,2.41710586,2.28066173,-0.79992869,-0.15154515,-1.29577178,-0.20892935,9.79872661,-0.09333024,2.26441133,18.36452244,4
117.37898273,31.96342256,40.33387594,28.43382577,158.51242304,40.33187594,-12.29526557,-1.57238615,2.83734637,2.42218609,2.27693797,-0.82499462,-0.15774866,-1.29368878,-0.23024490,9.69596377,0.13888958,2.39909502,18.41336250,4
117.37898249,31.96342343,40.32938931,28.53117902,158.49067229,40.32738931,-12.89385567,-1.52001426,2.97226098,2.42824009,2.27409777,-0.85025981,-0.16402938,-1.29028829,-0.25398198,9.58032561,0.35345114,2.51604356,18.47143800,4
117.37898225,31.96342431,40.32459817,28.62830237,158.46790390,40.32259817,-13.49365007,-1.47324271,3.09853539,2.42721976,2.26445505,-0.87311256,-0.16931062,-1.31642908,-0.27247647,9.56388964,0.42824939,2.35320154,18.51648361,4
117.37898201,31.96342520,40.31909219,28.72518486,158.44411835,40.31709219,-14.09452254,-1.43958482,3.20459140,2.40961947,2.23886727,-0.89031710,-0.17225074,-1.41181043,-0.27868879,9.77994386,0.17551117,1.53459104,18.53100295,4
117.37898177,31.96342607,40.31350349,28.82181554,158.41931642,40.31150349,-14.69634820,-1.40767901,3.30531105,2.39026903,2.21157303,-0.90690775,-0.17481329,-1.51290276,-0.28252815,10.01670322,-0.11085112,0.64758266,18.54069611,4
117.37898151,31.96342694,40.30803179,28.91818343,158.39349927,40.30603179,-15.29900409,-1.37623424,3.37397212,2.37579641,2.18867948,-0.92498242,-0.17651675,-1.57459874,-0.27717081,10.13927158,-0.28938580,-0.03684483,18.54030956,4
117.37898123,31.96342781,40.30288126,29.01427758,158.36666836,40.30088126,-15.90237095,-1.34605240,3.35428756,2.37476485,2.17790978,-0.94715191,-0.17585274,-1.52772237,-0.24646334,9.94712700,-0.17076084,-0.16307099,18.51214029,4
117.37898094,31.96342868,40.29777852,29.11008707,158.33882549,40.29577852,-16.50633443,-1.31601527,3.32415347,2.37532777,2.16857433,-0.96979277,-0.17490880,-1.46747032,-0.21313902,9.71766263,-0.01740892,-0.21593996,18.48019604,4
117.37898064,31.96342955,40.29284072,29.20560100,158.30997277,40.29084072,-17.11078401,-1.28558170,3.30626864,2.37412124,2.15751352,-0.99164179,-0.17429524,-1.40972971,-0.19214308,9.52915340,0.08510550,-0.17596299,18.44061211,4
117.37898033,31.96343042,40.28876300,29.30080851,158.28011262,40.28676300,-17.71561108,-1.25304478,3.35255253,2.36364209,2.13740268,-1.00936032,-0.17541233,-1.36509920,-0.23572787,9.55508096,-0.07867209,0.35054467,18.36096382,4
117.37898002,31.96343129,40.28478749,29.39569877,158.24924776,40.28278749,-18.32070780,-1.22019984,3.40640812,2.35214405,2.11629117,-1.02661691,-0.17673789,-1.32263020,-0.28671320,9.60715683,-0.27274835,0.92969172,18.27715724,4
117.37897970,31.96343215,40.28076213,29.49026104,158.21738122,40.27876213,-18.92596774,-1.18533044,3.45595494,2.34384000,2.09804737,-1.04509861,-0.17809333,-1.30020184,-0.32580146,9.67342406,-0.41026615,1.31293050,18.21541481,4
117.37897937,31.96343300,40.27643078,29.58448463,158.18451631,40.27443078,-19.53128823,-1.13808588,3.47921422,2.35503402,2.09730549,-1.07106804,-0.17963186,-1.40012599,-0.29226607,9.82636647,-0.20251294,0.50017470,18.28836343,4
117.37897901,31.96343386,40.27206490,29.67835892,158.15065664,40.27006490,-20.13657271,-1.08943749,3.49948438,2.36844351,2.09855288,-1.09788702,-0.18119111,-1.51395074,-0.25047836,9.98915147,0.04447119,-0.44846887,18.37661660,4
117.37897864,31.96343469,40.26771352,29.77187338,158.11580610,40.26571352,-20.74173173,-1.04197553,3.51385695,2.37964460,2.09771928,-1.12375449,-0.18237582,-1.60882765,-0.21479697,10.12316691,0.24871518,-1.27338871,18.46141501,4
117.37897826,31.96343553,40.26347828,29.86501756,158.07996881,40.26147828,-21.34668158,-1.00420421,3.47992586,2.37276146,2.07983792,-1.14184284,-0.18049319,-1.54854322,-0.22911650,10.02158644,0.10296005,-1.08527482,18.51796349,4
117.37897786,31.96343637,40.25927924,29.95778109,158.04314917,40.25727924,-21.95134281,-0.96945224,3.43094484,2.36024383,2.05664499,-1.15750741,-0.17765486,-1.43991523,-0.25901481,9.84660143,-0.15184416,-0.58152996,18.56571003,4
117.37897745,31.96343720,40.25516356,30.05015370,158.00535178,40.25316356,-22.55563929,-0.93515654,3.38873822,2.34959921,2.03504419,-1.17403252,-0.17523115,-1.33399224,-0.28410308,9.68715446,-0.36736795,-0.07077471,18.60792200,4
117.37897704,31.96343803,40.25173535,30.14212524,157.96658151,40.24973535,-23.15949799,-0.90295066,3.41300232,2.35820840,2.03012470,-1.19929804,-0.17689612,-1.27981556,-0.25908747,9.70331212,-0.18452721,0.31162626,18.60837101,4
117.37897660,31.96343886,40.24862455,30.23368563,157.92684342,40.24662455,-23.76284882,-0.87170799,3.46798330,2.37571513,2.03291299,-1.22860428,-0.18045054,-1.24954589,-0.21091777,9.80061500,0.18240513,0.63474603,18.58952206,4
117.37897616,31.96343968,40.24550378,30.32482493,157.88614281,40.24350378,-24.36562402,-0.83883218,3.52628608,2.39266465,2.03518215,-1.25759848,-0.18409772,-1.22629285,-0.16186409,9.89797140,0.53366117,0.93585057,18.57262373,4
117.37897572,31.96344050,40.24206219,30.41553333,157.84448516,40.24006219,-24.96775795,-0.79017142,3.59292965,2.39797369,2.02703968,-1.28074459,-0.18722580,-1.25057697,-0.12151358,9.93671743,0.60570416,1.07619015,18.58782279,4
117.37897526,31.96344131,40.23828463,30.50580112,157.80187618,40.23628463,-25.56918702,-0.72498101,3.66830742,2.39109298,2.00799431,-1.29776661,-0.18981025,-1.32464139,-0.09027703,9.91408728,0.38535857,1.04817835,18.63663379,4
117.37897480,31.96344212,40.23448202,30.59561873,157.75832174,40.23248202,-26.16985043,-0.66009678,3.74261856,2.38367824,1.98842856,-1.31451315,-0.19231547,-1.40261319,-0.06293016,9.88829062,0.13313700,0.99567838,18.68683339,4
117.37897433,31.96344293,40.23072252,30.68497675,157.71382792,40.22872252,-26.76969013,-0.61303371,3.79818325,2.38156536,1.97317697,-1.33383229,-0.19448538,-1.47663203,-0.06750710,9.88427148,-0.18774109,0.84054225,18.72152678,4
117.37897383,31.96344374,40.22703889,30.77386588,157.66840095,40.22503889,-27.36864941,-0.59722270,3.82087266,2.38874906,1.96549122,-1.35766061,-0.19606712,-1.54371332,-0.12805963,9.91843791,-0.62897571,0.50545470,18.72902823,4
117.37897333,31.96344453,40.22336520,30.86227699,157.62204725,40.22136520,-27.96667102,-0.58401758,3.84072086,2.39659681,1.95833761,-1.38180225,-0.19758664,-1.60957763,-0.19328640,9.95438835,-1.07519286,0.15791683,18.73373057,4
117.37897282,31.96344533,40.21980378,30.95020109,157.57477339,40.21780378,-28.56369566,-0.57010408,3.85858097,2.40117215,1.94835884,-1.40402676,-0.19875646,-1.65803038,-0.25702519,9.95134440,-1.37965323,-0.11447380,18.72468764,4
117.37897232,31.96344613,40.21687665,31.03762937,157.52658611,40.21487665,-29.15966122,-0.55221879,3.86524669,2.38734215,1.92250172,-1.41545227,-0.19795889,-1.60853305,-0.31234360,9.72902694,-0.88672349,0.03593537,18.63835879,4
117.37897180,31.96344692,40.21400096,31.12455318,157.47749233,40.21200096,-29.75450208,-0.53400610,3.87099807,2.37200514,1.89534244,-1.42599647,-0.19700032,-1.55101929,-0.36698168,9.48874723,-0.32852048,0.22093797,18.54569773,4
117.37897128,31.96344770,40.21116778,31.21096404,157.42749912,40.20916778,-30.34814895,-0.50948836,3.87939205,2.35955243,1.87048950,-1.43817325,-0.19637564,-1.49969074,-0.40055022,9.29393464,0.18501904,0.38960867,18.46285187,4
117.37897074,31.96344849,40.20866873,31.29685365,157.37661373,40.20666873,-30.94053013,-0.43589055,3.90835876,2.36957827,1.86362743,-1.46305211,-0.19835214,-1.49659359,-0.26997934,9.45346423,0.35011934,0.43088838,18.45654508,4
117.37897018,31.96344925,40.20622652,31.38221394,157.32484357,40.20422652,-31.53157419,-0.35389511,3.94084527,2.38344750,1.85983979,-1.49010495,-0.20077348,-1.50174033,-0.11133717,9.67357989,0.45567946,0.45039777,18.46332044,4
117.37896962,31.96345002,40.20366803,31.46703699,157.27219620,40.20166803,-32.12121292,-0.27692037,3.97003257,2.39555762,1.85463181,-1.51601431,-0.20290864,-1.50807065,0.03254908,9.88299643,0.50419283,0.43646084,18.46662898,4
117.37896906,31.96345079,40.20016624,31.55131509,157.21867935,40.19816624,-32.70938243,-0.24277331,3.97175397,2.39237390,1.83709546,-1.53207713,-0.20261549,-1.52109283,0.04949863,9.98697116,0.11800376,0.16333575,18.43798642,4
117.37896850,31.96345155,40.19607451,31.63504072,157.16430087,40.19407451,-33.29602162,-0.23541087,3.95629806,2.37962535,1.81184890,-1.54198188,-0.20080363,-1.53830013,-0.01293867,10.02500207,-0.54005029,-0.27188682,18.38936146,4
117.37896793,31.96345232,40.19203797,31.71820656,157.10906874,40.19003797,-33.88106985,-0.22901901,3.93822544,2.36750296,1.78703056,-1.55226086,-0.19896895,-1.55068997,-0.07589320,10.03702104,-1.15010690,-0.68745003,18.34387249,4
117.37896734,31.96345308,40.18875073,31.80080546,157.05299107,40.18675073,-34.46446431,-0.21709547,3.90738609,2.36531965,1.76960151,-1.56869790,-0.19771209,-1.52154882,-0.10312447,9.86935273,-1.23046191,-0.86048164,18.33411049,4
117.37896673,31.96345382,40.18625151,31.88283050,156.99607610,40.18425151,-35.04613927,-0.19935490,3.86312151,2.37358828,1.75994317,-1.59161065,-0.19706287,-1.44873396,-0.09278900,9.51272663,-0.75378282,-0.77846611,18.36191899,4
117.37896612,31.96345456,40.18385630,31.96427496,156.93833220,40.18185630,-35.62602797,-0.18120730,3.81838139,2.38203322,1.75040394,-1.61461036,-0.19639722,-1.37499188,-0.07795803,9.16246247,-0.26982811,-0.68190647,18.38801407,4
117.37896550,31.96345529,40.18209351,32.04513234,156.87976785,40.18009351,-36.20406485,-0.16238732,3.77721633,2.38555831,1.73707874,-1.63431126,-0.19515075,-1.31971206,-0.03812528,9.00673572,-0.07152882,-0.59218057,18.37048326,4
117.37896487,31.96345602,40.18200000,32.12539633,156.82039164,40.18000000,-36.78018729,-0.14179280,3.74548760,2.37609799,1.71376092,-1.64530519,-0.19237131,-1.31316174,0.06769658,9.36446991,-0.62718657,-0.52049233,18.23780696,4
117.37896423,31.96345675,40.18199298,32.20506084,156.76021227,40.17999298,-37.35433511,-0.12105661,3.71445155,2.36603360,1.68997382,-1.65588716,-0.18952640,-1.30939427,0.17621651,9.74910123,-1.21922464,-0.44912311,18.09844877,4
117.37896359,31.96345748,40.18174854,32.28412002,156.69923854,40.17974854,-37.92644799,-0.09885846,3.68891655,2.36012818,1.66921198,-1.66905091,-0.18736743,-1.30741196,0.25111571,10.07114467,-1.61401121,-0.35424681,17.95104644,4
117.37896293,31.96345818,40.18029272,32.36256820,156.63747933,40.17829272,-38.49646239,-0.06919598,3.69143890,2.37543856,1.66387817,-1.69538948,-0.18870728,-1.31453637,0.15451520,10.07397600,-1.00260431,-0.13942096,17.76256642,4
117.37896225,31.96345888,40.17877574,32.44039994,156.57494363,40.17677574,-39.06431006,-0.03915969,3.69538307,2.39182199,1.65932723,-1.72239180,-0.19022426,-1.32212129,0.04923650,10.06062653,-0.34028895,0.08145197,17.57203319,4
117.37896158,31.96345957,40.17731634,32.51761004,156.51164052,40.17531634,-39.62991833,-0.00868559,3.69806098,2.40548140,1.65285947,-1.74738972,-0.19146535,-1.33069695,-0.03672611,10.04052962,0.21576983,0.24311017,17.37877816,4
117.37896091,31.96346026,40.17622575,32.59419353,156.44757918,40.17422575,-40.19321137,0.02463479,3.69259979,2.40163969,1.63406030,-1.75952524,-0.19093367,-1.34565176,0.00142353,9.97702683,0.08918092,0.02419049,17.16782449,4
117.37896023,31.96346095,40.17527997,32.67014568,156.38276889,40.17327997,-40.75411108,0.05906769,3.68394641,2.39093301,1.61042597,-1.76661353,-0.18970664,-1.36310719,0.08825595,9.89650427,-0.30518529,-0.34399771,16.94995356,4
117.37895954,31.96346163,40.17440944,32.74546200,156.31721902,40.17240944,-41.31253703,0.09192353,3.67399323,2.38213686,1.58812730,-1.77502633,-0.18859052,-1.37536616,0.15706546,9.82170526,-0.65706176,-0.66157314,16.73619625,4
117.37895884,31.96346232,40.17401360,32.82013825,156.25093903,40.17201360,-41.86840574,0.11376372,3.65599550,2.38815893,1.57618060,-1.79380224,-0.18841159,-1.35153231,0.09027200,9.79032191,-0.64948704,-0.59519267,16.55208809,4
117.37895811,31.96346298,40.17400000,32.89417045,156.18393850,40.17200000,-42.42163069,0.12673380,3.63151973,2.40611337,1.57256972,-1.82092322,-0.18898733,-1.29863453,-0.08571612,9.79389858,-0.35246492,-0.21963186,16.39185289,4
117.37895738,31.96346364,40.17399105,32.96755488,156.11622706,40.17199105,-42.97212458,0.13965755,3.60907663,2.42388907,1.56884121,-1.84787007,-0.18962618,-1.24605712,-0.25496182,9.80172129,-0.06683328,0.15939803,16.22968614,4
117.37895665,31.96346429,40.17389451,33.04028807,156.04781446,40.17189451,-43.51980305,0.15522525,3.60876835,2.43577113,1.56105609,-1.87022369,-0.19062036,-1.20670302,-0.32030199,9.83892843,0.00670359,0.46494726,16.04019750,4
117.37895592,31.96346495,40.17359096,33.11236683,155.97871049,40.17159096,-44.06458766,0.17704186,3.66076394,2.43372767,1.54368471,-1.88172545,-0.19245424,-1.19859208,-0.14012168,9.94557308,-0.42092737,0.59688837,15.78613286,4
117.37895517,31.96346558,40.17328092,33.18378822,155.90892502,40.17128092,-44.60640508,0.19905426,3.71439982,2.43124741,1.52601278,-1.89288666,-0.19431444,-1.19146130,0.04775889,10.05439500,-0.86427594,0.72338223,15.53004481,4
117.37895442,31.96346622,40.17293069,33.25454952,155.83846796,40.17093069,-45.14518350,0.21451848,3.75401272,2.43049325,1.50960109,-1.90516119,-0.19578904,-1.18875504,0.19497937,10.11234453,-1.25086801,0.70425432,15.28245014,4
117.37895366,31.96346685,40.17234618,33.32464830,155.76734926,40.17034618,-45.68084907,0.19184668,3.71195772,2.43979226,1.50052741,-1.92392118,-0.19501794,-1.21181770,0.10540486,9.87401044,-1.30694416,-0.16300400,15.08429405,4
117.37895289,31.96346748,40.17174885,33.39408236,155.69557892,40.16974885,-46.21332540,0.16707679,3.66540939,2.44964416,1.49185816,-1.94303718,-0.19412326,-1.23629762,0.00280020,9.61937957,-1.34482318,-1.07690286,14.88887015,4
117.37895211,31.96346809,40.17123313,33.46284979,155.62316698,40.16923313,-46.74253622,0.14554883,3.61546921,2.45791541,1.48215464,-1.96091173,-0.19294374,-1.24996670,-0.07884687,9.38132940,-1.33296654,-1.85187734,14.70811040,4
117.37895133,31.96346870,40.17123800,33.53094890,155.55012348,40.16923800,-47.26840840,0.14482350,3.54430046,2.45608224,1.46583295,-1.97085907,-0.18996125,-1.19471272,-0.02604646,9.25010629,-1.00604727,-1.73893939,14.62042418,4
117.37895054,31.96346931,40.17154317,33.59837830,155.47645852,40.16954317,-47.79087199,0.15609747,3.46088598,2.44842064,1.44569364,-1.97623397,-0.18593872,-1.09970217,0.10430610,9.18050154,-0.49739112,-1.11383709,14.58642347,4
117.37894975,31.96346991,40.17183595,33.66513684,155.40218218,40.16983595,-48.30985748,0.16971020,3.38323289,2.44265504,1.42666286,-1.98309325,-0.18225343,-1.00676301,0.22492303,9.14179885,-0.02060219,-0.49717535,14.55317862,4
117.37894895,31.96347050,40.17199754,33.73122361,155.32730456,40.16999754,-48.82529259,0.19852029,3.34884246,2.45137835,1.41615986,-2.00129750,-0.18114551,-0.93430529,0.26450566,9.31740565,0.20099942,-0.01278802,14.51789893,4
117.37894815,31.96347109,40.17200000,33.79663799,155.25183576,40.17000000,-49.33710137,0.24576218,3.36692409,2.47767451,1.41600000,-2.03326134,-0.18316357,-0.88668977,0.20580446,9.75293709,0.11309117,0.31116151,14.48015181,4
117.37894734,31.96347167,40.17199863,33.86137961,155.17578590,40.16999863,-49.84520571,0.29326174,3.38582811,2.50422698,1.41599254,-2.06542424,-0.18522994,-0.83955116,0.14559022,10.19215756,0.02015713,0.63241600,14.44229993,4
117.37894653,31.96347224,40.17158509,33.92544838,155.09916507,40.16958509,-50.34952710,0.33390547,3.40868490,2.52692539,1.41374104,-2.09439205,-0.18734867,-0.81905347,0.08550517,10.54489124,-0.14817802,0.89785855,14.38335308,4
117.37894571,31.96347281,40.16889849,33.98884448,155.02198340,40.16689849,-50.84998708,0.33675690,3.45334719,2.52837844,1.39911401,-2.10575064,-0.18975690,-0.94546007,0.02611145,10.42081687,-0.73237174,0.85561898,14.20805740,4
117.37894488,31.96347338,40.16618566,34.05156834,154.94425099,40.16418566,-51.34650563,0.33916830,3.49825957,2.52958415,1.38434417,-2.11690338,-0.19216830,-1.07356587,-0.03326936,10.29120394,-1.32135699,0.80980232,14.03142211,4
117.37894405,31.96347394,40.16360083,34.11362068,154.86597791,40.16160083,-51.83899855,0.33650582,3.54365363,2.53196294,1.37021756,-2.12899114,-0.19469382,-1.19119019,-0.08102755,10.14559363,-1.80423368,0.76055048,13.86313747,4
117.37894321,31.96347449,40.16178987,34.17500250,154.78717427,40.15978987,-52.32737616,0.30310888,3.59198994,2.54144852,1.35997944,-2.14674899,-0.19791198,-1.24539095,-0.05841233,9.90300642,-1.64466248,0.69046459,13.74534211,4
117.37894236,31.96347503,40.16031906,34.23571508,154.70785013,40.15831906,-52.81154431,0.25620994,3.64161576,2.55405608,1.35145054,-2.16699697,-0.20143425,-1.27172073,-0.00487762,9.61782537,-1.20282009,0.61122926,13.64973894,4
117.37894150,31.96347557,40.15893639,34.29575999,154.62801556,40.15693639,-53.29140666,0.21264179,3.68890900,2.56587426,1.34249572,-2.18656171,-0.20475014,-1.29548703,0.04779925,9.36122562,-0.77347625,0.52531830,13.55794740,4
117.37894065,31.96347609,40.15826063,34.35513912,154.54768062,40.15626063,-53.76686723,0.19728060,3.71692313,2.57101313,1.32992345,-2.20036451,-0.20634879,-1.29969804,0.09169385,9.34262088,-0.46285015,0.38478434,13.49627602,4
117.37893978,31.96347662,40.15886323,34.41385461,154.46685535,40.15686323,-54.23783174,0.23293067,3.71007283,2.56407283,1.31080821,-2.20374777,-0.20484192,-1.26854357,0.11970866,9.75442917,-0.36690424,0.14545509,13.48907283,4
117.37893892,31.96347714,40.15947080,34.47190892,154.38554977,40.15747080,-54.70420785,0.26877745,3.70308575,2.55708575,1.29166967,-2.20708942,-0.20332298,-1.23725358,0.14765700,10.16788229,-0.27181914,-0.09423228,13.48208575,4
117.37893805,31.96347766,40.15990190,34.52930477,154.30377385,40.15790190,-55.16590496,0.29551261,3.69188512,2.55303862,1.27405824,-2.21284209,-0.20198512,-1.20828896,0.16154774,10.48946534,-0.28191416,-0.32404125,13.45891928,4
117.37893717,31.96347817,40.15933700,34.58604518,154.22153755,40.15733700,-55.62283445,0.27082776,3.65688873,2.56558601,1.26505522,-2.23221038,-0.20166852,-1.19243088,0.09608652,10.29263184,-0.88581126,-0.49825040,13.34439507,4
117.37893630,31.96347866,40.15874980,34.64213344,154.13885078,40.15674980,-56.07491088,0.24499118,3.62136186,2.57850442,1.25624665,-2.25188191,-0.20137486,-1.17686897,0.02885094,10.08417386,-1.50294970,-0.67118374,13.22783129,4
117.37893542,31.96347916,40.15826506,34.69757310,154.05572340,40.15626506,-56.52205246,0.22207887,3.58471554,2.59002546,1.24674341,-2.27030121,-0.20092486,-1.15942934,-0.03633380,9.87422101,-1.99506430,-0.82307929,13.10469456,4
117.37893454,31.96347966,40.15843625,34.75236798,153.97216519,40.15643625,-56.96418007,0.21788927,3.54088246,2.59260067,1.23278520,-2.28070806,-0.19947315,-1.12995295,-0.08840948,9.65462709,-1.68658566,-0.84030524,12.93940232,4
117.37893365,31.96348016,40.15903960,34.80652218,153.88818591,40.15703960,-57.40121513,0.22603863,3.49231764,2.58928459,1.21589354,-2.28583807,-0.19736175,-1.09254811,-0.13183114,9.42872643,-0.85078611,-0.76881270,12.74634639,4
117.37893277,31.96348066,40.15966466,34.86004005,153.80379521,40.15766466,-57.83307792,0.23626528,3.44451343,2.58692209,1.19946727,-2.29179622,-0.19533252,-1.05533400,-0.16780269,9.22032554,-0.05405400,-0.69723372,12.55487423,4
117.37893188,31.96348114,40.16047446,34.91292618,153.71900270,40.15847446,-58.25968841,0.26414674,3.40313833,2.59265901,1.18698352,-2.30479412,-0.19400000,-1.01971492,-0.14050548,9.16045347,0.41132093,-0.62487137,12.37672623,4
117.37893098,31.96348162,40.16163776,34.96518546,153.63381790,40.15963776,-58.68096902,0.32580142,3.37405593,2.61388917,1.18203951,-2.33125910,-0.19400000,-0.98714264,0.00781474,9.38467875,0.24293386,-0.55100208,12.22404366,4
117.37893008,31.96348209,40.16280005,35.01682299,153.54825026,40.16080005,-59.09684734,0.38743674,3.34499019,2.63510878,1.17709133,-2.35771409,-0.19400000,-0.95459862,0.15596148,9.60884769,0.07465181,-0.47700538,12.07140524,4
117.37892917,31.96348255,40.16375006,35.06784414,153.46230915,40.16175006,-59.50725647,0.44532081,3.31932946,2.65419470,1.17119746,-2.38219246,-0.19400000,-0.92796218,0.26746442,9.82243863,-0.07203612,-0.37472361,11.92723377,4
117.37892825,31.96348300,40.16342419,35.11825450,153.37600384,40.16142419,-59.91213207,0.48065437,3.31413628,2.66045488,1.15962002,-2.39478882,-0.19400000,-0.93683486,0.15871282,9.97243698,-0.08892328,-0.10244099,11.83396200,4
117.37892734,31.96348345,40.16282992,35.16805990,153.28934350,40.16082992,-60.31140850,0.51123448,3.31325931,2.66402312,1.14684966,-2.40489104,-0.19400117,-0.95317276,0.00382649,10.10887985,-0.07866539,0.20541326,11.75139224,4
117.37892642,31.96348390,40.16219734,35.21726639,153.20233719,40.16019734,-60.70501697,0.53961546,3.31472248,2.66824998,1.13434748,-2.41556636,-0.19419727,-0.96978413,-0.12456517,10.21417114,-0.09130391,0.48696603,11.66924948,4
117.37892550,31.96348434,40.16129623,35.26588026,153.11499390,40.15929623,-61.09288640,0.55259245,3.33258535,2.67709338,1.12372170,-2.43026037,-0.19575943,-0.98831603,-0.06731902,10.10118416,-0.26439932,0.58427269,11.59007882,4
117.37892457,31.96348477,40.16012821,35.31390804,153.02732250,40.15812821,-61.47494639,0.55025684,3.36675016,2.69052585,1.11496078,-2.44894928,-0.19867951,-1.00875720,0.17446169,9.77121325,-0.59697844,0.49841114,11.51385343,4
117.37892363,31.96348519,40.15897390,35.36135649,152.93933177,40.15697390,-61.85112947,0.54801648,3.40059431,2.70385645,1.10615989,-2.46754255,-0.20157404,-1.02912396,0.41381743,9.44380020,-0.92364532,0.41141789,11.43639550,4
117.37892269,31.96348560,40.15821437,35.40823259,152.85103038,40.15621437,-62.22137131,0.54851878,3.42519501,2.71424972,1.09621325,-2.48337513,-0.20373205,-1.04733978,0.58327394,9.19015034,-1.08000791,0.29189211,11.32349873,4
117.37892175,31.96348602,40.15941754,35.45454354,152.76242689,40.15741754,-62.58560987,0.56265608,3.40383869,2.71003861,1.08057200,-2.48548069,-0.20222808,-1.05485961,0.40520429,9.30324863,-0.38968723,0.01065035,11.03443635,4
117.37892080,31.96348641,40.16061991,35.50029674,152.67352977,40.15861991,-62.94378420,0.57681872,3.38248387,2.70584260,1.06493763,-2.48759935,-0.20072518,-1.06234396,0.22736338,9.41649653,0.29997495,-0.27019509,10.74532632,4
117.37891985,31.96348681,40.16173062,35.54549980,152.58434734,40.15973062,-63.29583419,0.59397124,3.36126701,2.70340451,1.05007997,-2.49125398,-0.19934425,-1.06569232,0.07594763,9.54744102,0.91388469,-0.50520705,10.45012447,4
117.37891891,31.96348721,40.16225096,35.59016054,152.49488783,40.16025096,-63.64170068,0.63039261,3.34093492,2.71229307,1.04022416,-2.50480646,-0.19874904,-1.04239089,0.09477372,9.79243985,1.03980093,-0.44493532,10.11561203,4
117.37891796,31.96348760,40.16254449,35.63428698,152.40515937,40.16054449,-63.98132587,0.67418851,3.32094561,2.72551945,1.03228479,-2.52214912,-0.19845502,-1.00888384,0.17881332,10.08097313,0.97837053,-0.27154745,9.76600068,4
117.37891701,31.96348799,40.16278505,35.67788733,152.31516995,40.16078505,-64.31465406,0.71660414,3.30137532,2.73826657,1.02424399,-2.53901675,-0.19816070,-0.97656784,0.25745111,10.34851628,0.88671792,-0.10715933,9.41356505,4
117.37891605,31.96348838,40.16259184,35.72096998,152.22492745,40.16059184,-64.64163170,0.74771429,3.28523810,2.74708844,1.01537415,-2.55199319,-0.19786395,-0.95400681,0.29185713,10.44419044,0.54767330,-0.01646939,9.03806114,4
117.37891510,31.96348877,40.16168966,35.76354352,152.13443965,40.15968966,-64.96220732,0.76034470,3.27471276,2.74949422,1.00514953,-2.55860912,-0.19756322,-0.94739088,0.25396592,10.25894450,-0.19571621,-0.04624106,8.62486647,4
117.37891414,31.96348916,40.16078835,35.80561669,152.04371418,40.15878835,-65.27633071,0.77290335,3.26418511,2.75192133,0.99493510,-2.56524369,-0.19726448,-0.94074302,0.21606594,10.07364581,-0.93771266,-0.07606083,8.21174281,4
117.37891319,31.96348954,40.15996992,35.84719842,151.95275857,40.15796992,-65.58395328,0.77823018,3.25338123,2.75652151,0.98571307,-2.57379675,-0.19716532,-0.93082749,0.17712387,9.88224720,-1.54128539,-0.11088297,7.80416550,4
117.37891223,31.96348992,40.15967078,35.88829781,151.86158026,40.15767078,-65.88502952,0.73823720,3.24084317,2.77474142,0.98270771,-2.59437524,-0.19831692,-0.90043098,0.13164031,9.65256771,-1.27753725,-0.17706417,7.43123328,4
117.37891126,31.96349028,40.15937955,35.92892411,151.77018652,40.15737955,-66.17951836,0.69771167,3.22827029,2.79313598,0.97978421,-2.61510704,-0.19948361,-0.86974661,0.08611680,9.42273452,-1.00145903,-0.24363486,7.05890706,4
117.37891029,31.96349064,40.15917966,35.96908670,151.67858453,40.15717966,-66.46738431,0.66523075,3.21451617,2.81061031,0.97662862,-2.63494390,-0.20046824,-0.83788526,0.04540278,9.22924785,-0.66377280,-0.30686094,6.69962098,4
117.37890932,31.96349098,40.15962511,36.00879512,151.58678134,40.15762511,-66.74859661,0.68959108,3.19241326,2.82158413,0.97183261,-2.64845945,-0.20016652,-0.79770271,0.03866870,9.29257096,0.10929775,-0.34646120,6.43243339,4
117.37890835,31.96349133,40.16051314,36.04805903,151.49478386,40.15851314,-67.02312780,0.75293915,3.16459402,2.82810127,0.96591280,-2.65764082,-0.19898301,-0.75182108,0.05527678,9.53206696,1.18036218,-0.36978410,6.22845941,4
117.37890737,31.96349168,40.16138520,36.08688820,151.40259891,40.15938520,-67.29095396,0.81534402,3.13788877,2.83502575,0.96014275,-2.66719692,-0.19787680,-0.70676204,0.07495769,9.76977938,2.17937135,-0.38606170,6.02571424,4
117.37890639,31.96349203,40.16209403,36.12529251,151.31023314,40.16009403,-67.55205657,0.86812054,3.12260728,2.84614599,0.95590597,-2.68061612,-0.19756416,-0.67011064,0.12625203,9.98941570,2.43867478,-0.32992400,5.83537964,4
117.37890541,31.96349236,40.16238257,36.16328194,151.21769310,40.16038257,-67.80642537,0.89610918,3.13674587,2.86807523,0.95561743,-2.70398807,-0.19929541,-0.65510642,0.25898167,10.16254131,0.79282733,-0.08725960,5.67696970,4
117.37890443,31.96349269,40.16267010,36.20086655,151.12498521,40.16067010,-68.05405920,0.92401466,3.15084856,2.88998954,0.95532521,-2.72734551,-0.20102483,-0.64010610,0.39142203,10.33520761,-0.85071931,0.15484569,5.51845267,4
117.37890345,31.96349302,40.16284773,36.23805647,151.03211573,40.16084773,-68.29496276,0.94285724,3.16105363,2.91041145,0.95461940,-2.74926714,-0.20256320,-0.62542069,0.49261947,10.45796537,-2.25047180,0.33645255,5.34671010,4
117.37890246,31.96349335,40.16224701,36.27486186,150.93909080,40.16024701,-68.52914073,0.89751788,3.14365735,2.92027091,0.95098406,-2.76102789,-0.20274900,-0.61296015,0.37257359,10.22728664,-1.92405522,0.08964120,5.08123090,4
117.37890147,31.96349367,40.16137210,36.31129295,150.84591643,40.15937210,-68.75659411,0.82955624,3.11652082,2.92640200,0.94631553,-2.76920166,-0.20245733,-0.60127749,0.17453201,9.87196814,-0.98829638,-0.30818052,4.78267745,4
117.37890048,31.96349398,40.16057723,36.34736003,150.75259851,40.15857723,-68.97732109,0.76656952,3.09009401,2.93280719,0.94178435,-2.77761516,-0.20218854,-0.58852077,-0.00779632,9.53625519,-0.07873741,-0.67300970,4.48548397,4
117.37889948,31.96349430,40.16050659,36.38307346,150.65914280,40.15850659,-69.19132007,0.74858256,3.07007397,2.94169908,0.93849341,-2.78820567,-0.20212665,-0.56602940,-0.04798083,9.37781656,0.59426130,-0.73937099,4.20038510,4
117.37889849,31.96349460,40.16167531,36.41844365,150.56555494,40.15967531,-69.39859216,0.80760316,3.06101634,2.95484724,0.93732469,-2.80252255,-0.20241883,-0.52687712,0.15508513,9.52273845,0.86248367,-0.29496335,3.93596109,4
117.37889750,31.96349491,40.16284296,36.45348103,150.47184047,40.16084296,-69.59914213,0.86656843,3.05196476,2.96799245,0.93615599,-2.81683625,-0.20271080,-0.48776766,0.35787093,9.66774830,1.12982331,0.14887748,3.67152520,4
117.37889651,31.96349521,40.16385555,36.48819611,150.37800481,40.16185555,-69.79297915,0.91750020,3.04377956,2.98074236,0.93498637,-2.83072436,-0.20297179,-0.45489788,0.51966890,9.82631591,1.26679046,0.50989899,3.40445028,4
117.37889552,31.96349551,40.16370244,36.52259940,150.28405325,40.16170244,-69.98011813,0.90803916,3.04210732,2.99052188,0.93380976,-2.84141455,-0.20300000,-0.46893643,0.37332340,10.08683688,0.42357830,0.24829533,3.11749984,4
117.37889452,31.96349582,40.16340801,36.55670144,150.18999100,40.16140801,-70.16058069,0.89125679,3.04121567,2.99994300,0.93263330,-2.85171844,-0.20300018,-0.48863165,0.18969449,10.35939216,-0.53785041,-0.08857985,2.82818935,4
117.37889353,31.96349613,40.16309701,36.59051275,150.09582311,40.16109701,-70.33439540,0.87364737,3.03875460,3.00972706,0.93162438,-2.86233475,-0.20303376,-0.50357463,0.01410202,10.57635632,-1.40820709,-0.39757270,2.54496138,4
117.37889254,31.96349643,40.16264149,36.62404385,150.00155456,40.16064149,-70.50159664,0.84882005,3.02261256,3.02267959,0.93207552,-2.87567959,-0.20335851,-0.47710234,-0.09152928,10.30887101,-1.48517445,-0.46368529,2.31460907,4
117.37889154,31.96349672,40.16205724,36.65730526,149.90719018,40.16005724,-70.66222386,0.81755905,2.99427237,3.03845756,0.93382866,-2.89145756,-0.20394289,-0.41370125,-0.13476406,9.60943489,-0.85466326,-0.31320852,2.13140627,4
117.37889055,31.96349702,40.16150331,36.69030742,149.81273471,40.15950331,-70.81632234,0.78700430,2.96637671,3.05422383,0.93558999,-2.90722383,-0.20453000,-0.35108492,-0.17585483,8.92385145,-0.23037768,-0.16243278,1.94759205,4
117.37888955,31.96349730,40.16150236,36.72306076,149.71819276,40.15950236,-70.96394464,0.76931674,2.94657229,3.06979086,0.93750236,-2.92279086,-0.20516746,-0.30273975,-0.17783525,8.49057560,0.28080902,-0.00605851,1.75244387,4
117.37888854,31.96349759,40.16413419,36.75557563,149.62356884,40.16213419,-71.10515298,0.81288824,2.96528757,3.08441216,0.94013419,-2.93741216,-0.20604474,-0.32233230,0.00639322,9.25848669,0.25361338,0.17700026,1.50329678,4
117.37888754,31.96349787,40.16676567,36.78786232,149.52886733,40.16476567,-71.24002049,0.85644513,2.98400305,3.09903333,0.94276614,-2.95203328,-0.20692230,-0.34191414,0.19055640,10.02619759,0.22632155,0.36002281,1.25419195,4
117.37888653,31.96349816,40.16927835,36.81993099,149.43409251,40.16727835,-71.36863044,0.89437548,3.00301767,3.11376145,0.94547428,-2.96674186,-0.20793579,-0.35723144,0.34945709,10.71877265,0.15842929,0.52995187,1.01996157,4
117.37888552,31.96349844,40.17066965,36.85179170,149.33924850,40.16866965,-71.49107382,0.87919592,3.02485743,3.12950020,0.94890184,-2.98227700,-0.21023218,-0.33229408,0.26989935,10.70213841,-0.29272236,0.57629450,0.92612464,4
117.37888452,31.96349872,40.17153807,36.88345439,149.24433932,40.16953807,-71.60744623,0.83924943,3.04801534,3.14571073,0.95266497,-2.99819804,-0.21312691,-0.28858524,0.07914207,10.35477378,-0.92258830,0.56500283,0.89775544,4
117.37888351,31.96349899,40.17239430,36.91492884,149.14936886,40.17039430,-71.71784544,0.80048891,3.07100365,3.16179396,0.95638554,-3.01399176,-0.21599738,-0.24688368,-0.10432336,10.01382224,-1.51908679,0.55163148,0.86882567,4
117.37888251,31.96349926,40.17309184,36.94622472,149.05434089,40.17109184,-71.82236976,0.77714297,3.09177562,3.17621435,0.95955104,-3.02812252,-0.21855104,-0.23125546,-0.19304993,9.75631602,-1.68222802,0.51128494,0.83264247,4
117.37888151,31.96349952,40.17338181,36.97735153,148.95925905,40.17138181,-71.92111766,0.79338168,3.10685442,3.18636355,0.96129089,-3.03798173,-0.22029089,-0.28258137,-0.03849228,9.71310947,-0.73255387,0.40167370,0.77783684,4
117.37888050,31.96349978,40.17367180,37.00831865,148.86412689,40.17167180,-72.01418844,0.80962078,3.12193359,3.19651299,0.96303080,-3.04784119,-0.22203080,-0.33390856,0.11606929,9.66990183,0.21714434,0.29205967,0.72302984,4
117.37887949,31.96350004,40.17404187,37.03913529,148.76894783,40.17204187,-72.10168382,0.82594452,3.13865699,3.20684532,0.96485120,-3.05788346,-0.22385120,-0.38099058,0.25715550,9.63108168,1.04507854,0.21525298,0.67244702,4
117.37887848,31.96350031,40.17526397,37.06981054,148.67372519,40.17326397,-72.18371069,0.84316369,3.17287217,3.21912060,0.96752759,-3.06986786,-0.22652759,-0.38288278,0.25479971,9.63896313,0.57700369,0.48758902,0.66683175,4
117.37887746,31.96350057,40.17671906,37.10035329,148.57846218,40.17471906,-72.26038313,0.86062860,3.21187055,3.23192765,0.97043810,-3.08238382,-0.22943810,-0.37242284,0.21323516,9.65961051,-0.24535105,0.85537592,0.67350763,4
117.37887645,31.96350084,40.17810596,37.13077226,148.48316190,40.17610596,-72.33182250,0.87716008,3.25139288,3.24469330,0.97332340,-3.09486697,-0.23238343,-0.36266345,0.17060411,9.67898396,-1.02088663,1.20786896,0.68161793,4
117.37887544,31.96350110,40.17861856,37.16107599,148.38782733,40.17661856,-72.39815604,0.88177964,3.29745978,3.25690947,0.97588024,-3.10690992,-0.23576499,-0.36208312,0.11520233,9.68185649,-1.19220940,1.36330345,0.70775153,4
117.37887443,31.96350137,40.17774949,37.19127279,148.29246135,40.17574949,-72.45951433,0.86757498,3.35386637,3.26825664,0.97791785,-3.11825664,-0.23983572,-0.37600817,0.03962239,9.65865304,-0.40870649,1.20732487,0.76236535,4
117.37887342,31.96350163,40.17687677,37.22137080,148.19706673,40.17487677,-72.51603011,0.85332060,3.41030211,3.27960198,0.97995420,-3.12960198,-0.24390840,-0.38997165,-0.03601314,9.63538058,0.37732116,1.05052661,0.81705566,4
117.37887241,31.96350189,40.17602437,37.25137792,148.10164613,40.17402437,-72.56783920,0.84203889,3.46103904,3.28993573,0.98171535,-3.13997843,-0.24758017,-0.41112648,-0.09815708,9.62262933,1.05881167,0.85032317,0.85942543,4
117.37887140,31.96350215,40.17541171,37.28130183,148.00620210,40.17341171,-72.61508277,0.86578189,3.44462071,3.28834856,0.98023387,-3.13893710,-0.24652759,-0.51699374,-0.00133624,9.73383170,0.50851902,0.13884273,0.75663366,4
117.37887039,31.96350242,40.17482051,37.31114999,147.91073710,40.17282051,-72.65790930,0.89266662,3.42217952,3.28569231,0.97846154,-3.13687180,-0.24505128,-0.63046136,0.10974341,9.85615365,-0.15225536,-0.61851161,0.64082070,4
117.37886938,31.96350269,40.17424119,37.34092962,147.81525346,40.17224119,-72.69647447,0.91559808,3.39599095,3.28313994,0.97674784,-3.13488663,-0.24337848,-0.73431448,0.21033277,9.96714350,-0.79926745,-1.34682477,0.52738190,4
117.37886838,31.96350296,40.17381718,37.37064768,147.71975342,40.17181718,-72.73093873,0.88638006,3.32080846,3.28200468,0.97581926,-3.13400364,-0.23914173,-0.71131848,0.17224686,9.92852773,-1.25985848,-1.69073009,0.44582362,4
117.37886738,31.96350323,40.17351711,37.40031084,147.62423910,40.17151711,-72.76146445,0.81555513,3.20653612,3.28200000,0.97551711,-3.13400000,-0.23285932,-0.58711787,0.02352091,9.77055133,-1.57172244,-1.72794677,0.38969962,4
117.37886637,31.96350350,40.17322642,37.42992555,147.52871251,40.17122642,-72.78821569,0.74584130,3.09313608,3.28215642,0.97526218,-3.13415195,-0.22662986,-0.46305255,-0.12312892,9.61482333,-1.85968501,-1.75446228,0.33363497,4
117.37886536,31.96350377,40.17308472,37.45949795,147.43317555,40.17108472,-72.81136093,0.69766707,2.99713961,3.28493138,0.97575475,-3.13684763,-0.22143393,-0.34836304,-0.22723914,9.50513077,-1.75757379,-1.62304680,0.27684799,4
117.37886435,31.96350404,40.17338501,37.48903394,147.33763004,40.17138501,-72.83107583,0.71340509,2.95278976,3.29547507,0.97846502,-3.14709006,-0.21930499,-0.26150452,-0.20512488,9.53203515,-0.49815303,-1.02307668,0.21792467,4
117.37886334,31.96350431,40.17368725,37.51853908,147.24207763,40.17168725,-72.84754177,0.72942402,2.90866214,3.30605360,0.98118521,-3.15736636,-0.21718928,-0.17476050,-0.18245657,9.55953936,0.76643572,-0.42100670,0.15898710,4
117.37886233,31.96350458,40.17395330,37.54801867,147.14651992,40.17195330,-72.86094072,0.74773962,2.87164759,3.31732041,0.98411776,-3.16829538,-0.21552419,-0.09298655,-0.15428826,9.60970228,1.89861801,0.17970921,0.11117776,4
117.37886132,31.96350486,40.17371345,37.57747769,147.05095837,40.17171345,-72.87145009,0.79812529,2.93405348,3.33819222,0.99001412,-3.18833303,-0.22015669,-0.08073714,-0.04930348,9.97639773,1.17968003,0.76089095,0.21889926,4
117.37886032,31.96350513,40.17341705,37.60692085,146.95539433,40.17141705,-72.87924160,0.85209683,3.00757150,3.36013827,0.99624194,-3.20938942,-0.22549310,-0.07625575,0.06426970,10.37847966,0.25386544,1.33991762,0.34400474,4
117.37885931,31.96350540,40.17307929,37.63635255,146.85982908,40.17107929,-72.88448487,0.90263119,3.08144460,3.38152072,1.00225753,-3.22992277,-0.23085452,-0.07686353,0.16966268,10.74756263,-0.64481005,1.88704440,0.47158951,4
117.37885831,31.96350567,40.17211027,37.66577694,146.76426377,40.17011027,-72.88735192,0.90013227,3.16001480,3.39416724,1.00498933,-3.24234681,-0.23655178,-0.15511383,0.14884781,10.60751527,-1.11311167,1.94415956,0.63604991,4
117.37885730,31.96350594,40.17061815,37.69519788,146.66869949,40.16861815,-72.88801848,0.85368627,3.24247813,3.39957466,1.00500000,-3.24805103,-0.24252739,-0.29770488,0.02344821,10.04556610,-1.22478054,1.59521795,0.83106964,4
117.37885628,31.96350620,40.16915545,37.72461891,146.57313720,40.16715545,-72.88666180,0.80778483,3.32414926,3.40485927,1.00496850,-3.25363798,-0.24844118,-0.43974847,-0.09990621,9.48933668,-1.32255827,1.24465887,1.02397517,4
117.37885527,31.96350646,40.16830234,37.75404330,146.47757777,40.16630234,-72.88345773,0.77577680,3.39014466,3.40831453,1.00432843,-3.25746299,-0.25313379,-0.56621084,-0.17570698,9.07609671,-1.17886067,0.89393063,1.17354029,4
117.37885425,31.96350671,40.16948711,37.78347403,146.38202199,40.16748711,-72.87857991,0.79021706,3.40372995,3.40565401,1.00165401,-3.25539757,-0.25374355,-0.64057240,-0.09253076,9.14090620,-0.22794279,0.54267527,1.17820488,4
117.37885324,31.96350695,40.17067885,37.81291378,146.28647055,40.16867885,-72.87220124,0.80481596,3.41713711,3.40297259,0.99897259,-3.25331200,-0.25433943,-0.71475866,-0.00881051,9.20734611,0.72575285,0.19140782,1.18237599,4
117.37885223,31.96350721,40.17187284,37.84236494,146.19092403,40.16987284,-72.86449570,0.82256362,3.42842260,3.39993592,0.99619475,-3.25088756,-0.25475372,-0.78131910,0.07253953,9.29046143,1.60978527,-0.14433455,1.17513550,4
117.37885121,31.96350747,40.17310244,37.87182964,146.09538295,40.17110244,-72.85563812,0.89102819,3.40552542,3.39117788,0.99186517,-3.24300481,-0.25224254,-0.72500779,0.11567620,9.64217241,1.37125587,-0.22984962,0.98406589,4
117.37885019,31.96350774,40.17433910,37.90130968,145.99984771,40.17233910,-72.84580248,0.96953331,3.37586142,3.38128714,0.98722835,-3.23404147,-0.24915223,-0.64437324,0.15124934,10.04705764,0.91051298,-0.26583412,0.75660425,4
117.37884918,31.96350801,40.17547003,37.93080659,145.90431864,40.17347003,-72.83516050,1.04609175,3.34597171,3.37184876,0.98277075,-3.22549883,-0.24611358,-0.56448832,0.18244770,10.42783335,0.46899136,-0.30234010,0.53658365,4
117.37884817,31.96350829,40.17478252,37.96032162,145.80879597,40.17278252,-72.82388255,1.08874122,3.31249502,3.37023672,0.98140842,-3.22423615,-0.24398798,-0.49853411,0.13875060,10.39181767,0.36732837,-0.34987115,0.44607018,4
117.37884717,31.96350856,40.17293424,37.98985573,145.71327984,40.17093424,-72.81214065,1.10974530,3.27672861,3.37362056,0.98202192,-3.22762056,-0.24244520,-0.44147234,0.04724479,10.08974795,0.48261012,-0.40443997,0.43822599,4
117.37884618,31.96350884,40.17110813,38.01940958,145.61777032,40.16910813,-72.80011206,1.13060026,3.24118317,3.37693286,0.98260761,-3.23093914,-0.24090251,-0.38503335,-0.03945647,9.79303706,0.59022592,-0.45438049,0.43136632,4
117.37884518,31.96350912,40.16973800,38.04898356,145.52226736,40.16773800,-72.78797979,1.14929854,3.20989708,3.37873562,0.98260547,-3.23286704,-0.23934361,-0.34011824,-0.03369489,9.60606361,0.54596266,-0.41646110,0.44059092,4
117.37884417,31.96350940,40.16910342,38.07857771,145.42677085,40.16710342,-72.77593033,1.16451793,3.18548166,3.37810342,0.98165513,-3.23255171,-0.23775855,-0.31379193,0.12121383,9.59610300,0.25671120,-0.23681955,0.47576020,4
117.37884316,31.96350967,40.16847976,38.10819179,145.33128054,40.16647976,-72.76415128,1.17951636,3.16147276,3.37756526,0.98072820,-3.23232708,-0.23620455,-0.28785051,0.27269321,9.58805215,-0.02984130,-0.05750579,0.51124319,4
117.37884215,31.96350995,40.16808094,38.13782522,145.23579614,40.16608094,-72.75283017,1.18978596,3.14615648,3.37910432,0.98032374,-3.23410432,-0.23532374,-0.26994244,0.34745680,9.61849644,-0.25396044,0.11242090,0.55310613,4
117.37884115,31.96351023,40.16839263,38.16747713,145.14031722,40.16639263,-72.74215339,1.18511055,3.15831257,3.38720838,0.98157052,-3.24220838,-0.23657052,-0.27742312,0.17976506,9.77060343,-0.28076618,0.25268350,0.61513336,4
117.37884014,31.96351051,40.16870429,38.19714633,145.04484328,40.16670429,-72.73230426,1.18043522,3.17047071,3.39531183,0.98281712,-3.25031185,-0.23781737,-0.28490462,0.01208737,9.92270104,-0.30756593,0.39295272,0.67715578,4
117.37883914,31.96351079,40.16898361,38.22683133,144.94937372,40.16698361,-72.72346161,1.17578692,3.18503224,3.40288527,0.98388527,-3.25790166,-0.23916391,-0.29339319,-0.14304989,10.06703278,-0.32831232,0.54257080,0.73493462,4
117.37883813,31.96351106,40.16866443,38.25653033,144.85390787,40.16666443,-72.71579913,1.17163758,3.24408058,3.40065100,0.98165100,-3.25598657,-0.24235571,-0.32052351,-0.06612746,10.06767114,-0.23702678,0.86526197,0.71418790,4
117.37883712,31.96351132,40.16834532,38.28624127,144.75844496,40.16634532,-72.70948580,1.16748848,3.30312471,3.39841671,0.97941680,-3.25407147,-0.24554732,-0.34766132,0.01078860,10.06829275,-0.14577708,1.18786570,0.69344845,4
117.37883611,31.96351159,40.16806726,38.31596178,144.66298415,40.16606726,-72.70468736,1.16343629,3.36027962,3.39612858,0.97718333,-3.25211608,-0.24865598,-0.38004347,0.08466323,10.05805245,-0.07648607,1.45827681,0.67712340,4
117.37883510,31.96351185,40.16858189,38.34568923,144.56752451,40.16658189,-72.70156659,1.16125431,3.38096542,3.39279959,0.97496337,-3.24938149,-0.25016378,-0.51374470,0.09981893,9.83798873,-0.43133990,0.72060502,0.74606412,4
117.37883408,31.96351210,40.16921563,38.37542073,144.47206504,40.16721563,-72.70028273,1.15935186,3.39616466,3.38931369,0.97274528,-3.24652928,-0.25143050,-0.66263531,0.10614928,9.58644846,-0.84983108,-0.16836613,0.82779552,4
117.37883307,31.96351237,40.16987225,38.40515310,144.37660468,40.16787225,-72.70099077,1.15681235,3.40729927,3.38553474,0.97043596,-3.24339580,-0.25240864,-0.80056575,0.10959914,9.34887010,-1.24357320,-1.01984614,0.90349646,4
117.37883206,31.96351263,40.17099289,38.43488293,144.28114226,40.16899289,-72.70384006,1.14136198,3.33606524,3.37581577,0.96627666,-3.23456043,-0.24753910,-0.71643494,0.05467481,9.39414682,-1.13591192,-1.11187513,0.85701547,4
117.37883106,31.96351289,40.17229562,38.46460654,144.18567658,40.17029562,-72.70897349,1.12084552,3.23250307,3.36376626,0.96139157,-3.22348795,-0.24037437,-0.54513138,-0.02315917,9.55049596,-0.83137799,-0.90566115,0.76255461,4
117.37883005,31.96351316,40.17355957,38.49432004,144.09020636,40.17155957,-72.71652764,1.10149364,3.13378109,3.35234282,0.95670924,-3.21300289,-0.23352800,-0.38089515,-0.09718635,9.70983552,-0.52856209,-0.68533180,0.66631507,4
117.37882904,31.96351344,40.17400000,38.52401928,143.99473026,40.17200000,-72.72663386,1.10687146,3.13783361,3.35421382,0.95633154,-3.21499188,-0.23344113,-0.36671589,-0.09038020,9.93275935,-0.26212024,-0.16508199,0.53225562,4
117.37882803,31.96351371,40.17399995,38.55369993,143.89924687,40.17199995,-72.73941981,1.12547120,3.19684812,3.36319404,0.95825576,-3.22365143,-0.23696921,-0.43278581,-0.04034509,10.18963145,-0.01524076,0.51545153,0.37801254,4
117.37882701,31.96351398,40.17398479,38.58335742,143.80375474,40.17198479,-72.75501076,1.14276658,3.25433023,3.37186584,0.96008205,-3.23202516,-0.24041470,-0.49693149,0.00872296,10.42947352,0.19939649,1.16043181,0.23661400,4
117.37882601,31.96351425,40.17362869,38.61298699,143.70825238,40.17162869,-72.77353058,1.13064996,3.27728695,3.37358652,0.95970044,-3.23395783,-0.24200000,-0.51771738,0.03601262,10.28531869,-0.31315497,1.00386052,0.38486733,4
117.37882500,31.96351452,40.17298223,38.64258363,143.61273821,40.17098223,-72.79510262,1.09346682,3.27081784,3.36938366,0.95743712,-3.23040162,-0.24199981,-0.50155334,0.04473322,9.81395705,-1.44527261,0.16427492,0.77995556,4
117.37882399,31.96351479,40.17238289,38.67214218,143.51721063,40.17038289,-72.81984913,1.05583954,3.26356884,3.36525809,0.95515081,-3.22692844,-0.24194676,-0.48592160,0.05090231,9.35287444,-2.53693407,-0.65498101,1.17318819,4
117.37882299,31.96351506,40.17292476,38.70165722,143.42166797,40.17092476,-72.84788949,1.00740748,3.23741846,3.36300000,0.95230459,-3.22546239,-0.24061284,-0.48316511,-0.00472997,9.14023098,-2.64990530,-0.98276577,1.52195159,4
117.37882198,31.96351532,40.17484656,38.73112317,143.32610854,40.17284656,-72.87933823,0.94591345,3.18841439,3.36299961,0.94878109,-3.22642294,-0.23773021,-0.49597619,-0.13508229,9.22800186,-1.57951366,-0.71627903,1.81694414,4
117.37882097,31.96351559,40.17676482,38.76053422,143.23053058,40.17476482,-72.91430331,0.88545324,3.13995875,3.36289234,0.94520723,-3.22728924,-0.23486727,-0.50852394,-0.26264167,9.31802673,-0.52411654,-0.45086345,2.11059458,4
117.37881996,31.96351585,40.17859042,38.78988442,143.13493231,40.17659042,-72.95288617,0.85255744,3.10611064,3.35992980,0.94028404,-3.22563829,-0.23252766,-0.51404788,-0.31570005,9.46835730,0.13165539,-0.21381712,2.36866266,4
117.37881895,31.96351612,40.18023466,38.81916761,143.03931192,40.17823466,-72.99518329,0.87360564,3.10085023,3.35137970,0.93272021,-3.21906139,-0.23121233,-0.50582911,-0.22296512,9.73669830,0.00538985,-0.03228508,2.55710702,4
117.37881793,31.96351638,40.18185225,38.84837751,142.94366755,40.17985225,-73.04128874,0.89486394,3.09597256,3.34293977,0.92517750,-3.21259099,-0.22993346,-0.49837874,-0.13162950,10.00142575,-0.11582675,0.14872994,2.74667220,4
117.37881691,31.96351663,40.18269056,38.87750764,142.84799733,40.18069056,-73.09129624,0.92230582,3.10231459,3.33772202,0.91824652,-3.20923775,-0.22972202,-0.51345434,-0.08123413,10.16046006,-0.08910429,0.31477408,2.96930677,4
117.37881590,31.96351689,40.18171821,38.90655137,142.75229935,40.17971821,-73.14529805,0.96411682,3.13472502,3.33999038,0.91273628,-3.21312675,-0.23199074,-0.58086937,-0.12596035,10.07391379,0.28134638,0.44602569,3.26879252,4
117.37881490,31.96351715,40.18074790,38.93550192,142.65657169,40.17874790,-73.20338128,1.00575942,3.16668296,3.34212633,0.90717744,-3.21689227,-0.23422496,-0.64770175,-0.17001383,9.98576108,0.64646252,0.57256526,3.56770748,4
117.37881389,31.96351740,40.17984523,38.96435235,142.56081241,40.17784523,-73.26562552,1.04179197,3.18348742,3.33982109,0.89998190,-3.21651758,-0.23530352,-0.69504723,-0.19153464,9.84361290,0.83292038,0.54110221,3.84775991,4
117.37881287,31.96351766,40.17918076,38.99309560,142.46501955,40.17718076,-73.33210424,1.05807260,3.14693854,3.32187900,0.88702357,-3.20156586,-0.23231314,-0.67378194,-0.13372096,9.51136430,0.39035019,-0.04664961,4.06140583,4
117.37881187,31.96351792,40.17853497,39.02172447,142.36919114,40.17653497,-73.40288876,1.07423150,3.11051746,3.30401945,0.87408421,-3.18669289,-0.22932843,-0.65245367,-0.07610837,9.18419567,-0.04969885,-0.62655819,4.27462678,4
117.37881085,31.96351818,40.17859223,39.05023165,142.27332520,40.17659223,-73.47804996,1.08581553,3.07889076,3.28925970,0.86185315,-3.17477791,-0.22655582,-0.62874511,-0.02604003,9.04810855,-0.39503762,-0.91147861,4.47194431,4
117.37880984,31.96351845,40.18124510,39.07860967,142.17741976,40.17924510,-73.55765658,1.08050984,3.06496404,3.28594342,0.85223633,-3.17378291,-0.22456622,-0.59624880,-0.00382304,9.61747555,-0.39073141,-0.10733654,4.61055775,4
117.37880883,31.96351871,40.18388580,39.10685097,142.08147283,40.18188580,-73.64177146,1.07523778,3.05134630,3.28257873,0.84260465,-3.17274129,-0.22259659,-0.56428315,0.01806398,10.18310509,-0.38787535,0.69099076,4.74894974,4
117.37880781,31.96351898,40.18600000,39.13494788,141.98548243,40.18400000,-73.73044970,1.07142117,3.05109087,3.27712199,0.83233257,-3.16968355,-0.22149137,-0.55526807,0.02568127,10.58703815,-0.44772016,1.23776210,4.87774217,4
117.37880680,31.96351923,40.18600002,39.16289261,141.88944658,40.18400002,-73.82374038,1.07344843,3.10448877,3.26326511,0.81948960,-3.15853045,-0.22385708,-0.63840893,-0.02399896,10.34166848,-0.75931978,0.77439882,4.96798199,4
117.37880579,31.96351948,40.18600661,39.19067732,141.79336334,40.18400661,-73.92168900,1.07527691,3.15726218,3.24941110,0.80664459,-3.14738196,-0.22619000,-0.72138135,-0.07306939,10.09586431,-1.06702270,0.31024291,5.05857285,4
117.37880478,31.96351974,40.18633823,39.21829405,141.69723075,40.18433823,-74.02433753,1.06727602,3.17914395,3.23570230,0.79370230,-3.13646331,-0.22690077,-0.79600699,-0.09197483,9.82862749,-1.18197060,-0.19300636,5.16650246,4
117.37880376,31.96352000,40.18769721,39.24573478,141.60104688,40.18569721,-74.13172050,1.02820730,3.10338142,3.22245234,0.78045235,-3.12627102,-0.22248410,-0.84424800,-0.01553413,9.49365110,-0.68764511,-0.81981432,5.32923877,4
117.37880275,31.96352026,40.18906698,39.27299143,141.50480984,40.18706698,-74.24386119,0.98975781,3.02757147,3.20918616,0.76719323,-3.11606302,-0.21805617,-0.89157605,0.06043748,9.16221397,-0.19280720,-1.44048923,5.49198565,4
117.37880174,31.96352051,40.19106113,39.30005588,141.40851775,40.18906113,-74.36077432,0.98757322,2.94921456,3.19501269,0.75343715,-3.10496770,-0.21298386,-0.88546486,0.10880046,9.03837360,0.33049811,-1.70128967,5.65487309,4
117.37880073,31.96352077,40.19453350,39.32691997,141.31216879,40.19253350,-74.48247467,1.07125779,2.86483591,3.17869255,0.73850581,-3.09177273,-0.20638634,-0.75282052,0.09178709,9.40610171,0.92113532,-1.10994469,5.81807547,4
117.37879972,31.96352102,40.19798345,39.35357552,141.21576115,40.19598345,-74.60898432,1.15466674,2.78093530,3.16247036,0.72359616,-3.07867135,-0.19982360,-0.62106619,0.07547269,9.77364519,1.50196799,-0.52194595,5.98079520,4
117.37879870,31.96352127,40.19985369,39.38001426,141.11929307,40.19785369,-74.74033458,1.21880114,2.73068323,3.15314631,0.71017187,-3.07217045,-0.19570738,-0.55204688,0.10874578,10.12940496,1.38852374,-0.16949005,6.10982106,4
117.37879768,31.96352152,40.19950997,39.40622788,141.02276282,40.19750997,-74.87656260,1.25592254,2.72758993,3.15348997,0.69882900,-3.07492018,-0.19501995,-0.57095155,0.21151739,10.46865236,0.30202407,-0.14714331,6.19162749,4
117.37879666,31.96352177,40.19916805,39.43220797,140.92616872,40.19716805,-75.01770778,1.29258836,2.72462905,3.15379609,0.68747584,-3.07763405,-0.19434508,-0.58979112,0.31325516,10.80318087,-0.77871376,-0.12169552,6.27366852,4
117.37879564,31.96352201,40.19900000,39.45794604,140.82950913,40.19700000,-75.16381087,1.28490870,2.73461599,3.15042584,0.67503040,-3.07685551,-0.19489353,-0.60239545,0.31449802,10.67802610,-1.30320912,0.20767357,6.37930050,4
117.37879463,31.96352224,40.19900001,39.48343353,140.73278242,40.19700001,-75.31491326,1.23436593,2.75711809,3.14350218,0.66152923,-3.07270130,-0.19662446,-0.60897300,0.21860549,10.10855462,-1.29005268,0.83080138,6.50773441,4
117.37879362,31.96352247,40.19901079,39.50866177,140.63598705,40.19701079,-75.47105585,1.18391748,2.77976763,3.13658033,0.64802929,-3.06854868,-0.19836121,-0.61560735,0.12314509,9.54018639,-1.27540125,1.45059051,6.63583368,4
117.37879259,31.96352269,40.20094177,39.53362203,140.53912151,40.19894177,-75.63227742,1.14968163,2.82899285,3.12990071,0.63458568,-3.06462673,-0.20115752,-0.63245537,0.10361289,9.16173412,-0.99389593,1.48233030,6.70579093,4
117.37879156,31.96352291,40.20403627,39.55830549,140.44218433,40.20203627,-75.79861328,1.12526936,2.89432144,3.12336786,0.62117613,-3.06084455,-0.20459587,-0.65549231,0.13008816,8.89835677,-0.55069288,1.15775025,6.74051824,4
117.37879053,31.96352312,40.20713083,39.58270326,140.34517413,40.20513083,-75.97009541,1.10089618,2.95962183,3.11682972,0.60776529,-3.05705712,-0.20803187,-0.67855002,0.15655502,8.63535390,-0.10744434,0.83308023,6.77523935,4
117.37878950,31.96352333,40.21025939,39.60680637,140.24808956,40.20825939,-76.14675317,1.14649900,2.97396046,3.10093751,0.59220010,-3.04394585,-0.20724082,-0.73848829,0.16775876,9.04330000,0.41292633,0.35080732,6.79855109,4
117.37878847,31.96352354,40.21340136,39.63060580,140.15092935,40.21140136,-76.32861324,1.21943187,2.96839755,3.08139147,0.57579284,-3.02719267,-0.20479893,-0.81283247,0.17300228,9.71329271,0.96344038,-0.19303749,6.81740823,4
117.37878744,31.96352375,40.21654367,39.65409248,140.05369230,40.21454367,-76.51569808,1.29240309,2.96281125,3.06183936,0.55938303,-3.01043374,-0.20235492,-0.88720028,0.17823946,10.38365046,1.51404153,-0.73700491,6.83626204,4
117.37878643,31.96352396,40.21609292,39.67725725,139.95637728,40.21409292,-76.70802264,1.32314671,2.90199679,3.04755650,0.54434787,-2.99866514,-0.19808182,-0.85632880,0.11597291,10.48861961,0.75648086,-0.64550466,6.79737204,4
117.37878539,31.96352416,40.21503864,39.70009097,139.85898322,40.21303864,-76.90559180,1.34680381,2.83189601,3.03415603,0.52954087,-2.98773256,-0.19350075,-0.80777710,0.04235812,10.49865191,-0.22091825,-0.44726275,6.74877713,4
117.37878436,31.96352437,40.21399880,39.72258444,139.76150916,40.21199880,-77.10840275,1.36830914,2.76371772,3.02092768,0.51477568,-2.97696356,-0.18905197,-0.75805889,-0.02778525,10.49376166,-1.17319631,-0.24479025,6.70043958,4
117.37878333,31.96352456,40.21363947,39.74472847,139.66395421,40.21163947,-77.31645248,1.30942956,2.77093241,3.01414990,0.50166025,-2.97231311,-0.18972112,-0.66806344,0.03670000,9.94195660,-1.11961877,0.09483504,6.66422562,4
117.37878230,31.96352476,40.21328533,39.76651387,139.56631758,40.21128533,-77.52974505,1.24993568,2.77872271,3.00742130,0.48855727,-2.96770931,-0.19042934,-0.57775952,0.10221369,9.38597032,-1.05836234,0.43551118,6.62810380,4
117.37878127,31.96352496,40.21370987,39.78793139,139.46859855,40.21170987,-77.74829342,1.20049754,2.79031091,3.00198327,0.47563051,-2.96431973,-0.19120642,-0.51746099,0.14662650,9.00566789,-0.96056522,0.66364383,6.63647932,4
117.37878024,31.96352516,40.21717435,39.80897175,139.37079652,40.21517435,-77.97211677,1.19031264,2.81672496,3.00158266,0.46338995,-2.96566980,-0.19225230,-0.57429548,0.10866380,9.31119465,-0.72013570,0.45243784,6.81857139,4
117.37877921,31.96352536,40.22066941,39.82962561,139.27291099,40.21866941,-78.20123799,1.18052563,2.84328757,3.00123306,0.45115704,-2.96706777,-0.19330083,-0.63231232,0.06986947,9.62364585,-0.47827636,0.23679699,7.00241132,4
117.37877817,31.96352555,40.22369223,39.84988357,139.17494152,40.22169223,-78.43568346,1.19658822,2.84572997,2.99630949,0.43768890,-2.96401665,-0.19278759,-0.70793212,0.03843432,9.86050154,-0.08523340,-0.05980293,7.20490430,4
117.37877714,31.96352573,40.22581708,39.86973617,139.07688783,40.22381708,-78.67548440,1.26180121,2.80230896,2.98268857,0.42187166,-2.95250567,-0.18930474,-0.81702087,0.02099408,9.95360062,0.59528066,-0.51033428,7.44286423,4
117.37877610,31.96352590,40.22792983,39.88917387,138.97874971,40.22592983,-78.92067687,1.32764640,2.75829519,2.96895610,0.40602626,-2.94088593,-0.18578362,-0.92652958,0.00373971,10.04480438,1.27944364,-0.96280550,7.68124928,4
117.37877506,31.96352606,40.22986652,39.90818704,138.88052707,40.22786652,-79.17129910,1.39316445,2.70665862,2.95804778,0.39035164,-2.93209114,-0.18243791,-0.91599837,-0.01705784,10.01171143,1.30421718,-0.89497768,7.87905014,4
117.37877403,31.96352622,40.23163142,39.92676597,138.78221993,40.22963142,-79.42738849,1.45836260,2.64758384,2.94989560,0.37484350,-2.92605331,-0.17926345,-0.78832138,-0.04131380,9.85732356,0.68549707,-0.31939466,8.03724712,4
117.37877299,31.96352638,40.23339317,39.94490088,138.68382844,40.23139317,-79.68898006,1.52354690,2.58838984,2.94179146,0.35934019,-2.92006326,-0.17609232,-0.65866347,-0.06562561,9.70088745,0.05588481,0.26477166,8.19474846,4
117.37877194,31.96352653,40.23538583,39.96258190,138.58535287,40.23338583,-79.95610728,1.54528928,2.58312052,2.93486314,0.34338989,-2.91501327,-0.17548948,-0.65318236,-0.02579832,9.61714072,-0.41142445,0.40157375,8.43457841,4
117.37877090,31.96352668,40.23749335,39.97979909,138.48679362,40.23549335,-80.22880328,1.54541599,2.60468219,2.92852005,0.32721778,-2.91043116,-0.17616455,-0.70948950,0.04594033,9.56956748,-0.79794401,0.31576837,8.71536307,4
117.37876987,31.96352683,40.23960323,39.99654245,138.38815122,40.23760323,-80.50710071,1.54506613,2.62683400,2.92219029,0.31104184,-2.90585965,-0.17686774,-0.76715518,0.11837784,9.52279488,-1.18265710,0.22506076,8.99703230,4
117.37876882,31.96352697,40.24171596,40.01280190,138.28942634,40.23971596,-80.79103006,1.54039918,2.63693609,2.91642742,0.29398131,-2.90156974,-0.17699668,-0.76248175,0.18343572,9.55362980,-0.95718468,0.35053053,9.26757496,4
117.37876778,31.96352710,40.24382939,40.02856730,138.19061979,40.24182939,-81.08061731,1.53478818,2.64440255,2.91078831,0.27672663,-2.89734123,-0.17699998,-0.74417209,0.24688148,9.60143975,-0.59824377,0.52329203,9.53569386,4
117.37876673,31.96352723,40.24593904,40.04382845,138.09173252,40.24393904,-81.37588399,1.52920788,2.65196454,2.90511993,0.25945723,-2.89308394,-0.17700400,-0.72558515,0.30993520,9.65056881,-0.23926781,0.69717786,9.80350094,4
117.37876569,31.96352735,40.24737991,40.05857511,137.99276563,40.24537991,-81.67685066,1.53314179,2.68754077,2.89395879,0.24071435,-2.88368388,-0.17769014,-0.72086240,0.31267921,9.84837086,-0.47485685,0.84965931,10.02627653,4
117.37876464,31.96352747,40.24879832,40.07279701,137.89372038,40.24679832,-81.98354151,1.53739494,2.72405653,2.88261351,0.22192237,-2.87411140,-0.17839915,-0.71660506,0.31339915,10.05115858,-0.73039570,1.00141935,10.24753663,4
117.37876359,31.96352759,40.24995540,40.08648378,137.79459820,40.24795540,-82.29598535,1.53488040,2.76976980,2.87177813,0.20303894,-2.86491971,-0.17976703,-0.71780403,0.30779458,10.15722472,-0.97106047,1.18370437,10.43448862,4
117.37876254,31.96352771,40.24999972,40.09962504,137.69540065,40.24799972,-82.61421235,1.50352110,2.85465960,2.86311795,0.18376403,-2.85735313,-0.18394202,-0.74224196,0.27528627,9.85106186,-1.14793006,1.49610136,10.47531672,4
117.37876150,31.96352782,40.25000000,40.11221031,137.59612949,40.24800000,-82.93824995,1.47101941,2.94110224,2.85454358,0.16447305,-2.84985064,-0.18822821,-0.76760024,0.24171236,9.52857717,-1.32228055,1.81365658,10.51036371,4
117.37876045,31.96352793,40.24986565,40.12422908,137.49678665,40.24786565,-83.26812282,1.45101751,3.02461266,2.84587404,0.14513452,-2.84211362,-0.19209274,-0.84081508,0.23810976,9.41031739,-1.25828898,1.84323406,10.60460085,4
117.37875940,31.96352803,40.24952217,40.13567080,137.39737422,40.24752217,-83.60385708,1.45048452,3.10353831,2.83705601,0.12572332,-2.83401145,-0.19529959,-0.98850604,0.28116915,9.61010920,-0.82334168,1.42451408,10.79102102,4
117.37875835,31.96352813,40.24916927,40.14652485,137.29789449,40.24716927,-83.94548500,1.45083073,3.18225234,2.82823180,0.10630996,-2.82589326,-0.19847656,-1.13955157,0.32633318,9.82425190,-0.37166817,0.98557438,10.98159311,4
117.37875730,31.96352822,40.24861907,40.15678057,137.19834995,40.24661907,-84.29304604,1.41736441,3.15624758,2.80942275,0.08635075,-2.80779586,-0.19584759,-1.22186841,0.26069352,10.00972081,-0.64027643,-0.00017170,11.10998267,4
117.37875625,31.96352832,40.24791058,40.16642720,137.09874326,40.24591058,-84.64658394,1.35675863,3.04621003,2.78260094,0.06595323,-2.78169029,-0.18855968,-1.24901301,0.10612322,10.17209406,-1.48699664,-1.42460349,11.18844884,4
117.37875521,31.96352841,40.24719417,40.17545393,136.99907729,40.24519417,-85.00614347,1.29479549,2.93196972,2.75537836,0.04553378,-2.75518420,-0.18103876,-1.27339830,-0.05289480,10.33331230,-2.36263018,-2.87097575,11.26441824,4
117.37875415,31.96352850,40.24754542,40.18384986,136.89935513,40.24554542,-85.37176986,1.20693785,2.76786787,2.73789218,0.02631939,-2.73788300,-0.17239338,-1.10835881,0.00282972,10.01404402,-2.36596798,-2.68221466,11.10492229,4
117.37875310,31.96352857,40.24825001,40.19160403,136.79958006,40.24625001,-85.74351083,1.11051988,2.58728701,2.72363027,0.00750495,-2.72363017,-0.16337709,-0.88064997,0.12962983,9.53578827,-2.08054746,-1.95227884,10.86751953,4
117.37875205,31.96352865,40.24905387,40.19870540,136.69975559,40.24705387,-86.12141802,1.01508214,2.40977076,2.70991961,-0.01126775,-2.70991147,-0.15453961,-0.65222425,0.25647185,9.06520424,-1.77874031,-1.19754324,10.63678090,4
117.37875100,31.96352873,40.25314538,40.20514285,136.59988547,40.25114538,-86.50554604,0.97655562,2.38945395,2.71177384,-0.02926128,-2.71142835,-0.15366087,-0.52335038,0.23865092,9.23138117,-1.40990159,-0.55536127,10.83551969,4
117.37874995,31.96352880,40.25744883,40.21090517,136.49997365,40.25544883,-86.89595007,0.94170529,2.37928607,2.71463255,-0.04720345,-2.71392848,-0.15329593,-0.40091243,0.21149074,9.43865601,-1.03676812,0.07949826,11.06197167,4
117.37874890,31.96352886,40.26124137,40.21598110,136.40002435,40.25924137,-87.29268484,0.92140370,2.39435052,2.72130283,-0.06589725,-2.72016549,-0.15426936,-0.31896937,0.16269794,9.65560215,-0.64329518,0.74552982,11.40644500,4
117.37874784,31.96352890,40.26341415,40.22035929,136.30004202,40.26141415,-87.69580652,0.94686491,2.48864302,2.73996117,-0.08696491,-2.73815570,-0.15944605,-0.36454393,0.04600280,9.90152698,-0.18579977,1.51020476,12.12224769,4
117.37874679,31.96352893,40.26547110,40.22402831,136.20003135,40.26347110,-88.10537536,0.97559549,2.58859386,2.75947551,-0.10820144,-2.75698515,-0.16492296,-0.41922951,-0.07554048,10.14951355,0.27625383,2.28190060,12.86455991,4
117.37874573,31.96352894,40.26699761,40.22697667,136.09999731,40.26499761,-88.52145660,1.00574639,2.71361138,2.77256637,-0.13021179,-2.76918392,-0.17153698,-0.51411291,-0.13030485,10.17080042,0.51433483,2.86832816,13.50108025,4
117.37874468,31.96352894,40.26742475,40.22919278,135.99994513,40.26542475,-88.94411788,1.03876076,2.89059780,2.77227934,-0.15382858,-2.76757444,-0.18050742,-0.69232300,-0.04609825,9.72070214,0.28665318,3.06943054,13.91696661,4
117.37874363,31.96352894,40.26776536,40.23066497,135.89988030,40.26576536,-89.37342391,1.07200442,3.07169758,2.77093860,-0.17757459,-2.76487719,-0.18966449,-0.87711644,0.04906371,9.23342488,0.02226066,3.24020634,14.31552239,4
117.37874257,31.96352893,40.26785920,40.23138152,135.79980861,40.26585920,-89.80943283,1.11457009,3.25565658,2.76625364,-0.20150553,-2.75858553,-0.19835497,-1.06136904,0.12616555,9.04896787,-0.05571648,3.36858563,14.67024027,4
117.37874151,31.96352891,40.26755249,40.23133066,135.69973613,40.26555249,-90.25219715,1.17233816,3.44414893,2.75613773,-0.22573117,-2.74645566,-0.20627784,-1.24454315,0.17350157,9.35973073,0.17150542,3.42851116,14.95378749,4
117.37874045,31.96352889,40.26721153,40.23050057,135.59966921,40.26521153,-90.70176735,1.23140403,3.63301981,2.74555765,-0.24998084,-2.73382688,-0.21413463,-1.42761595,0.21828860,9.71284726,0.42482771,3.48257709,15.23123164,4
117.37873940,31.96352887,40.26626229,40.22887941,135.49961450,40.26426229,-91.15819297,1.28274451,3.77208117,2.72488355,-0.27331224,-2.71092817,-0.21891469,-1.58615466,0.23458953,9.91667488,0.25952540,2.87529441,15.50055293,4
117.37873835,31.96352884,40.26457557,40.22645534,135.39957898,40.26257557,-91.62152079,1.32468598,3.85070000,2.69196954,-0.29553000,-2.67557673,-0.21996286,-1.71493234,0.21637810,9.93847236,-0.41431031,1.46559186,15.76015822,4
117.37873730,31.96352880,40.26282170,40.22321646,135.29956992,40.26082170,-92.09179357,1.36577231,3.92381744,2.65794090,-0.31764664,-2.63909128,-0.22067133,-1.84100221,0.19502469,9.94369926,-1.13444716,-0.01717361,16.01888196,4
117.37873624,31.96352877,40.26124620,40.21915093,135.19959493,40.25924620,-92.56905077,1.38692833,3.81883851,2.62175654,-0.33905665,-2.59979878,-0.21338468,-1.83553446,0.14110081,9.83936696,-1.09699873,-1.48305677,16.24770560,4
117.37873519,31.96352874,40.25979462,40.21424690,135.09966192,40.25779462,-93.05333049,1.39434819,3.59108666,2.58409981,-0.35998054,-2.55858493,-0.20058773,-1.73937181,0.06475196,9.65968033,-0.53639175,-2.93634090,16.45591606,4
117.37873413,31.96352872,40.25835456,40.20849253,134.99977915,40.25635456,-93.54467070,1.40049309,3.35194672,2.54630738,-0.38085878,-2.51719379,-0.18727975,-1.63479473,-0.01367611,9.47300503,0.07275233,-4.38841941,16.66220831,4
117.37873307,31.96352871,40.25917163,40.20187602,134.89995521,40.25717163,-94.04310774,1.44204780,3.16112082,2.52272803,-0.40400069,-2.48963436,-0.17676932,-1.37875862,-0.00556952,9.54345595,0.13348805,-3.29797718,16.89190247,4
117.37873202,31.96352870,40.26061142,40.19438562,134.80019903,40.25861142,-94.54867334,1.49338131,2.98367941,2.50306981,-0.42776849,-2.46589085,-0.16703311,-1.08096894,0.02642439,9.68489154,0.04264795,-1.50599537,17.12807476,4
117.37873097,31.96352867,40.26202797,40.18600964,134.70051988,40.26002797,-95.06139329,1.54347308,2.83855260,2.48974236,-0.45258873,-2.44823994,-0.15921822,-0.83506727,0.05593235,9.82562677,-0.05218479,0.04596902,17.37123577,4
117.37872991,31.96352862,40.26310773,40.17673644,134.60092738,40.26110773,-95.58128848,1.58410308,2.84194015,2.50503222,-0.48216341,-2.45811654,-0.16024095,-0.85058934,0.06496648,9.93722062,-0.11092173,0.20402504,17.64509007,4
117.37872885,31.96352854,40.26414818,40.16655449,134.50143149,40.26214818,-96.10837697,1.62363084,2.86267965,2.52366725,-0.51229721,-2.47121027,-0.16229637,-0.89666809,0.07160514,10.04541073,-0.16542141,0.19909850,17.92256406,4
117.37872780,31.96352844,40.26537035,40.15545237,134.40204252,40.26337035,-96.64267520,1.64961588,2.86436353,2.53388500,-0.54107330,-2.47570128,-0.16309680,-0.96901837,0.08266384,10.06146136,-0.34430362,0.10312578,18.18541130,4
117.37872675,31.96352834,40.26704635,40.14341874,134.30277113,40.26504635,-97.18419696,1.64199788,2.81769255,2.52298841,-0.56643909,-2.45862492,-0.16071885,-1.10492068,0.10484444,9.84867630,-0.83257838,-0.20985819,18.41166286,4
117.37872570,31.96352822,40.26877758,40.13044242,134.20362833,40.26677758,-97.73295073,1.63031244,2.76516147,2.50953486,-0.59139720,-2.43893555,-0.15795587,-1.24853940,0.12837513,9.60816044,-1.35838526,-0.54916180,18.63353063,4
117.37872466,31.96352809,40.27125328,40.11651235,134.10462546,40.26925328,-98.28893727,1.62097002,2.73305001,2.49896965,-0.61647273,-2.42178824,-0.15607456,-1.33474661,0.12939422,9.49372518,-1.47314926,-0.48835703,18.74657389,4
117.37872362,31.96352795,40.27486989,40.10161765,134.00577424,40.27286989,-98.85214953,1.61537450,2.73251514,2.49293434,-0.64173957,-2.40864202,-0.15556152,-1.33249085,0.09579176,9.57394091,-0.95527156,0.18786437,18.69262924,4
117.37872258,31.96352779,40.27862668,40.08574760,133.90708669,40.27662668,-99.42257352,1.61023634,2.73584244,2.48745210,-0.66703400,-2.39598300,-0.15521576,-1.31941451,0.05794900,9.67797845,-0.35992696,0.93947224,18.61825072,4
117.37872154,31.96352764,40.28212268,40.06889173,133.80857518,40.28012268,-100.00018820,1.62551224,2.76278311,2.47616811,-0.69077294,-2.37744625,-0.15547650,-1.30609667,0.04158478,9.83654489,-0.09993263,1.24759303,18.70126586,4
117.37872050,31.96352747,40.28531095,40.05103974,133.71025241,40.28331095,-100.58496366,1.66455674,2.81712584,2.45811037,-0.71269848,-2.35204925,-0.15643922,-1.29279466,0.05035889,10.05797805,-0.23273887,1.03699441,18.96819687,4
117.37871947,31.96352729,40.28846234,40.03218163,133.61213141,40.28646234,-101.17685939,1.70649793,2.87480966,2.43922594,-0.73440727,-2.32581378,-0.15748744,-1.27949232,0.06219109,10.28709290,-0.41332858,0.76328851,19.25753576,4
117.37871843,31.96352710,40.29098965,40.01230764,133.51422552,40.28898965,-101.77582389,1.71877210,2.90882047,2.42974969,-0.75895864,-2.30797589,-0.15832988,-1.31248942,0.04943074,10.23979286,-0.58902427,0.65632223,19.66731038,4
117.37871740,31.96352691,40.29307654,39.99140833,133.41654838,40.29107654,-102.38179648,1.71002252,2.92604153,2.42693846,-0.78552659,-2.29608754,-0.15902551,-1.37823025,0.01922929,9.99690177,-0.76050824,0.66826955,20.16193636,4
117.37871637,31.96352671,40.29511376,39.96947456,133.31911393,40.29311376,-102.99470988,1.69887432,2.94135320,2.42488624,-0.81233117,-2.28487432,-0.15970459,-1.44772012,-0.01296786,9.73165437,-0.93155581,0.69377429,20.66636008,4
117.37871534,31.96352651,40.29804194,39.94649753,133.22193639,40.29604194,-103.61449080,1.72056268,2.95163681,2.40921874,-0.83566908,-2.25963950,-0.15912362,-1.48753745,0.00613531,9.65399717,-0.67601797,0.62243874,21.15524993,4
117.37871430,31.96352631,40.30149599,39.92246881,133.12503026,40.29949599,-104.24105850,1.76162672,2.95898394,2.38551929,-0.85696547,-2.22613300,-0.15780053,-1.50983527,0.05548494,9.68710791,-0.16916488,0.49387929,21.63494055,4
117.37871327,31.96352610,40.30500811,39.89738032,133.02841032,40.30300811,-104.87432171,1.80479972,2.96601622,2.36094325,-0.87804864,-2.19172054,-0.15639676,-1.53024702,0.10812161,9.73220458,0.36503393,0.35908868,22.11380503,4
117.37871224,31.96352588,40.30819961,39.87122437,132.93209156,40.30619961,-105.51417619,1.85600034,2.94790301,2.34996691,-0.90351115,-2.16908058,-0.15476661,-1.53279736,0.08023275,9.85971789,0.34196736,0.20133092,22.42564471,4
117.37871122,31.96352565,40.31128710,39.84399372,132.83608923,40.30928710,-106.16050587,1.90982345,2.92157992,2.34343092,-0.93041188,-2.15028126,-0.15306255,-1.52953078,0.02603557,10.01409383,0.13686133,0.03606790,22.68307452,4
117.37871020,31.96352541,40.31436699,39.81568153,132.74041878,40.31236699,-106.81318696,1.96388721,2.89455640,2.33726601,-0.95744360,-2.13179804,-0.15135167,-1.52577368,-0.03039487,10.17078697,-0.08363448,-0.12988794,22.93602307,4
117.37870916,31.96352517,40.31611160,39.78628146,132.64509588,40.31439829,-107.47209072,1.99387765,2.87784104,2.31227502,-0.97616580,-2.09552825,-0.14901270,-1.55629223,0.00136154,10.09800201,-0.22051447,0.01764985,22.87703040,4
117.37870814,31.96352492,40.31755382,39.75578760,132.55013637,40.31619235,-108.13708258,2.01841470,2.86346145,2.28300241,-0.99300827,-2.05520915,-0.14653044,-1.59460047,0.05314716,9.97311216,-0.33841617,0.23637705,22.74724726,4
117.37870712,31.96352466,40.31902728,39.72419455,132.45555625,40.31799427,-108.80801794,2.04457887,2.84854138,2.25555384,-1.01043998,-2.01648848,-0.14417796,-1.62477311,0.10014346,9.84662546,-0.39174221,0.42377061,22.62248832,4
117.37870612,31.96352439,40.32102924,39.69149739,132.36137170,40.32002906,-109.48473996,2.09170661,2.82633940,2.25064659,-1.03536596,-1.99778082,-0.14332460,-1.56225561,0.08227560,9.73784542,0.23662474,0.22673697,22.59888780,4
117.37870512,31.96352409,40.32309057,39.65769173,132.26759899,40.32209057,-110.16708108,2.14117361,2.80332201,2.24822768,-1.06113209,-1.98127546,-0.14263647,-1.48946665,0.05723144,9.63097229,0.94061025,-0.01286925,22.58645660,4
117.37870412,31.96352379,40.32526970,39.62277371,132.17425453,40.32426970,-110.85486687,2.19917829,2.78350725,2.24298096,-1.08554479,-1.96216739,-0.14173562,-1.42538173,0.05235371,9.59369089,1.51789555,-0.13642533,22.58615348,4
117.37870311,31.96352349,40.32807064,39.58674003,132.08135478,40.32707064,-111.54791853,2.30253311,2.78084850,2.22258631,-1.10265622,-1.92915223,-0.13969701,-1.40818208,0.15529058,9.92772968,1.41567011,0.36070560,22.65023087,4
117.37870211,31.96352317,40.33092517,39.54958793,131.98891632,40.32992517,-112.24605175,2.40996330,2.77983712,2.20083639,-1.11912202,-1.89488226,-0.13756065,-1.39555074,0.26786000,10.29486377,1.24875632,0.91333146,22.72016019,4
117.37870112,31.96352284,40.33308117,39.51131522,131.89695573,40.33208117,-112.94907389,2.49494278,2.78699967,2.18653557,-1.13857345,-1.86689965,-0.13655467,-1.41473342,0.32813621,10.47242563,0.84556715,1.17606001,22.77209307,4
117.37870013,31.96352248,40.33387551,39.47192026,131.80548963,40.33287551,-113.65678337,2.53615339,2.81008083,2.18675104,-1.16383187,-1.85117640,-0.13775104,-1.49587728,0.28652507,10.28064601,-0.01767731,0.87398879,22.78894808,4
117.37869916,31.96352212,40.33458086,39.43140202,131.71453466,40.33358086,-114.36897301,2.57380163,2.83381463,2.18789270,-1.18943642,-1.83621984,-0.13908641,-1.58103999,0.23726362,10.05838537,-0.90403969,0.52792035,22.80183526,4
117.37869819,31.96352174,40.33626483,39.38976003,131.62410740,40.33526483,-115.08543442,2.60648063,2.82528469,2.17719048,-1.20833434,-1.81091906,-0.13851468,-1.61671127,0.21331574,9.78805798,-1.07069248,0.24272256,22.75411649,4
117.37869721,31.96352137,40.33940328,39.34699442,131.53422441,40.33840328,-115.80595792,2.63175852,2.76878386,2.14888119,-1.21725284,-1.77024656,-0.13510746,-1.57877879,0.22701642,9.44635931,-0.16712212,0.04814173,22.61629847,4
117.37869625,31.96352099,40.34265623,39.30310586,131.44490219,40.34165623,-116.53032757,2.65777216,2.70965615,2.12001480,-1.22582678,-1.72906032,-0.13154835,-1.53553332,0.24513816,9.11579563,0.78616930,-0.13323020,22.47533996,4
117.37869529,31.96352058,40.34643347,39.25809563,131.35615714,40.34543347,-117.25831603,2.71934475,2.66642705,2.10902013,-1.24339829,-1.70285659,-0.12902907,-1.47847654,0.32039380,9.25343189,1.12805743,-0.09910129,22.41724891,4
117.37869434,31.96352016,40.35058675,39.21196561,131.26800553,40.34958675,-117.98968244,2.80641968,2.63459934,2.11084227,-1.26742275,-1.68739746,-0.12725552,-1.41151411,0.43662476,9.72684605,1.03147304,0.08957754,22.41858675,4
117.37869339,31.96351974,40.35468122,39.16471826,131.18046352,40.35368122,-118.72417459,2.89317118,2.60315852,2.11243388,-1.29122178,-1.67173629,-0.12549095,-1.34779510,0.54585114,10.19418060,0.90887988,0.27450358,22.41846587,4
117.37869245,31.96351931,40.35725045,39.11635670,131.09354708,40.35625045,-119.46153169,2.94931918,2.56873524,2.09744387,-1.30444306,-1.64205757,-0.12320893,-1.35747075,0.47827620,10.22491800,0.68616385,0.23977468,22.33380702,4
117.37869150,31.96351887,40.35908694,39.06688464,131.00727196,40.35808694,-120.20148512,2.99076457,2.53287883,2.07448733,-1.31258248,-1.60564406,-0.12067830,-1.40240796,0.32575898,10.04589859,0.41534345,0.09951533,22.20853244,4
117.37869057,31.96351844,40.36089518,39.01630642,130.92165374,40.35989518,-120.94375877,3.03228223,2.49705502,2.05292865,-1.32147473,-1.57035842,-0.11822813,-1.44282385,0.18908040,9.86923792,0.17723327,-0.03749294,22.07389286,4
117.37868965,31.96351796,40.36263309,38.96462703,130.83670772,40.36163309,-121.68806910,3.08137922,2.46233770,2.05462088,-1.34323839,-1.55397305,-0.11702263,-1.40379958,0.31344737,9.81955653,0.42133999,-0.08153350,21.82553535,4
117.37868874,31.96351748,40.36436156,38.91185207,130.75244893,40.36336156,-122.43412636,3.13148549,2.42776862,2.05941240,-1.36671733,-1.54010745,-0.11598306,-1.35418682,0.47260895,9.78680251,0.72972080,-0.11318055,21.56202461,4
117.37868784,31.96351698,40.36630264,38.85798775,130.66889211,40.36530264,-123.18163608,3.18033728,2.39081436,2.06204354,-1.38863453,-1.52457883,-0.11473542,-1.31113535,0.61489175,9.76754842,0.96383329,-0.15030429,21.31309672,4
117.37868695,31.96351648,40.37052491,38.80304091,130.58605168,40.36952491,-123.93030040,3.21557256,2.32825849,2.04099691,-1.39352261,-1.49080070,-0.11122920,-1.34018930,0.57043614,9.89024794,0.39096225,-0.24820514,21.22303435,4
117.37868606,31.96351599,40.37481781,38.74701901,130.50394171,40.37381781,-124.67981853,3.24940439,2.26485298,2.01961504,-1.39813391,-1.45674687,-0.10767950,-1.37024589,0.51787274,10.01424988,-0.19998470,-0.34717951,21.14007976,4
117.37868519,31.96351547,40.37899226,38.68993009,130.42257591,40.37799226,-125.42988742,3.26932482,2.20194349,2.00534533,-1.40731436,-1.42793303,-0.10463919,-1.37840226,0.44023503,10.08511888,-0.64731708,-0.43102051,21.08168292,4
117.37868431,31.96351494,40.38277908,38.63178278,130.34196759,40.38177908,-126.18020348,3.24386697,2.14066967,2.01428584,-1.43140310,-1.41622279,-0.10326169,-1.31509778,0.28096996,9.98253683,-0.62560900,-0.46543716,21.10334250,4
117.37868346,31.96351438,40.38660390,38.57258629,130.26212965,40.38560390,-126.93046541,3.21969956,2.07912741,2.02239936,-1.45490207,-1.40389745,-0.10182875,-1.25465256,0.13144987,9.87950310,-0.60188538,-0.49938707,21.12264063,4
117.37868260,31.96351383,40.39079810,38.51235038,130.18307458,40.38979810,-127.68037722,3.20855022,2.01508349,2.02219291,-1.47241279,-1.38544079,-0.09984407,-1.22307295,0.08013537,9.77225841,-0.55801953,-0.52855022,21.11819342,4
117.37868176,31.96351327,40.39582493,38.45108530,130.10481442,40.39482493,-128.42964751,3.22683456,1.94541314,2.00321427,-1.47639902,-1.35315921,-0.09661365,-1.25671540,0.25060286,9.65608818,-0.46867515,-0.54702850,21.06015763,4
117.37868091,31.96351270,40.40083503,38.38880185,130.02736073,40.39983503,-129.17798423,3.24391862,1.87545073,1.98641811,-1.48187597,-1.32237520,-0.09343955,-1.28575663,0.40220405,9.56186208,-0.38215778,-0.57228157,21.00773860,4
117.37868009,31.96351212,40.40572241,38.32551129,129.95072461,40.40472241,-129.92508948,3.25319446,1.80380254,1.98377833,-1.49697329,-1.30136071,-0.09063879,-1.28497078,0.43141212,9.60975864,-0.31416474,-0.64125489,20.99177884,4
117.37867928,31.96351152,40.41046801,38.26122536,129.87491665,40.40946801,-130.67065861,3.25352108,1.73025427,1.99724995,-1.52300907,-1.29146827,-0.08826430,-1.25000660,0.32115156,9.81894291,-0.26900265,-0.75868481,21.01750042,4
117.37867848,31.96351091,40.41519985,38.19595629,129.79994692,40.41419985,-131.41438328,3.25352085,1.65714283,2.00838214,-1.54725472,-1.27996229,-0.08585196,-1.21382103,0.22658704,9.99279128,-0.26658837,-0.83492319,21.04208672,4
117.37867768,31.96351029,40.41985672,38.12971678,129.72582492,40.41885672,-132.15595415,3.25180252,1.58636900,2.00721011,-1.56207647,-1.25998071,-0.08324202,-1.17123536,0.21458645,9.98078852,-0.48889138,-0.69458371,21.06069116,4
117.37867689,31.96350968,40.42443053,38.06251996,129.65255962,40.42343053,-132.89506163,3.24813095,1.51829656,1.99333278,-1.56716051,-1.23123456,-0.08044159,-1.12219783,0.28896376,9.77560908,-0.94275369,-0.32984240,21.07220899,4
117.37867611,31.96350905,40.42892982,37.99437941,129.58015939,40.42792982,-133.63139464,3.24162816,1.45478379,1.98337783,-1.57514977,-1.20491975,-0.07795521,-1.07808893,0.35814830,9.60579751,-1.31620076,-0.01954527,21.06851801,4
117.37867536,31.96350841,40.43312851,37.92530910,129.50863202,40.43212851,-134.36463999,3.22366469,1.40971122,1.98929616,-1.59489957,-1.18843944,-0.07673929,-1.05391802,0.40633162,9.57909530,-1.36425991,0.07046526,21.00326954,4
117.37867462,31.96350775,40.43712489,37.85532344,129.43798469,40.43612489,-135.09448404,3.19756228,1.37748853,2.00596756,-1.62258951,-1.17863113,-0.07639477,-1.04400218,0.43985746,9.65101169,-1.19233520,0.00949024,20.89317013,4
117.37867389,31.96350709,40.44123401,37.78443719,129.36822395,40.44023401,-135.82061497,3.16879760,1.34560267,2.01831724,-1.64670416,-1.16624567,-0.07586474,-1.04005076,0.47263996,9.70938843,-1.11623108,-0.01800228,20.75144993,4
117.37867316,31.96350642,40.44575892,37.71266550,129.29935573,40.44475892,-136.54272478,3.13029016,1.31490942,2.01491773,-1.65780549,-1.14444642,-0.07465753,-1.05784951,0.50274810,9.71844642,-1.38953720,0.07659829,20.49423647,4
117.37867242,31.96350575,40.45059717,37.64002384,129.23138532,40.44959717,-137.26051000,3.08405035,1.28552692,1.99978121,-1.65917759,-1.11563994,-0.07296235,-1.09116131,0.52885764,9.68858093,-1.91984520,0.26363033,20.14537192,4
117.37867171,31.96350506,40.45533656,37.56652802,129.16431735,40.45433656,-137.97367196,3.03521761,1.26106977,1.99026235,-1.66481148,-1.09027402,-0.07172099,-1.10783992,0.53034420,9.64863045,-2.28240963,0.42561549,19.76614692,4
117.37867102,31.96350438,40.45977760,37.49219413,129.09815580,40.45877760,-138.68191761,2.97837002,1.25170941,1.99798217,-1.68353739,-1.07544479,-0.07187175,-1.07346418,0.45622707,9.57767030,-2.13030926,0.51087020,19.29328641,4
117.37867033,31.96350368,40.46405097,37.41703851,129.03290399,40.46305097,-139.38496124,2.91737513,1.25152945,2.01565718,-1.70978228,-1.06673149,-0.07283728,-1.00939738,0.33997315,9.49050183,-1.67645526,0.54979641,18.76779300,4
117.37866966,31.96350296,40.46845665,37.34107777,128.96856460,40.46745665,-140.08252650,2.86384717,1.25307349,2.02917483,-1.73240409,-1.05581196,-0.07359270,-0.95520574,0.25965582,9.43054200,-1.29390661,0.58387847,18.28106569,4
117.37866899,31.96350226,40.47326457,37.26432871,128.90513962,40.47226457,-140.77434666,2.83277490,1.25981344,2.03017668,-1.74412735,-1.03823589,-0.07371570,-0.93072556,0.28755599,9.45251745,-1.12590225,0.60339192,17.91075262,4
117.37866832,31.96350154,40.47835067,37.18680829,128.84263042,40.47735067,-141.46016315,2.81829522,1.27011095,2.02253281,-1.74829420,-1.01607266,-0.07339239,-0.92783662,0.39171862,9.53625315,-1.11139864,0.60856958,17.62366862,4
117.37866766,31.96350083,40.48327023,37.10853365,128.78103768,40.48227023,-142.13972356,2.80534301,1.27783000,2.02031762,-1.75690714,-0.99689562,-0.07324498,-0.92319311,0.46473332,9.63841829,-1.05906426,0.57542968,17.31514845,4
117.37866702,31.96350010,40.48774093,37.02952203,128.72036145,40.48674093,-142.81278165,2.79653249,1.27854683,2.03285571,-1.77761099,-0.98582025,-0.07357553,-0.91377721,0.45314509,9.79075205,-0.90386732,0.43811882,16.94812962,4
117.37866639,31.96349936,40.49191077,36.94979081,128.66060111,40.49091077,-143.47909993,2.79044319,1.27403751,2.05458482,-1.80580281,-0.97983526,-0.07418072,-0.90199948,0.38720667,9.96992095,-0.68548484,0.23306404,16.54037871,4
117.37866578,31.96349864,40.49600436,36.86935739,128.60175541,40.49500436,-144.13845196,2.78451854,1.26269056,2.07169143,-1.82975259,-0.97174438,-0.07439421,-0.89810708,0.33063885,10.08725534,-0.50863106,0.03080367,16.10574273,4
117.37866516,31.96349789,40.49987265,36.78823928,128.54382246,40.49887265,-144.79062247,2.77908276,1.23082753,2.07494896,-1.84100000,-0.95733101,-0.07343310,-0.91786028,0.30212735,10.01923973,-0.45617892,-0.16324389,15.59011519,4
117.37866455,31.96349715,40.50355387,36.70645395,128.48679974,40.50255387,-145.43540545,2.77452076,1.18054676,2.06635314,-1.84134667,-0.93753263,-0.07143786,-0.95664555,0.29919726,9.79128206,-0.50403941,-0.35128361,15.00231748,4
117.37866396,31.96349639,40.50736168,36.62401890,128.43068411,40.50636168,-146.07260239,2.77437596,1.12771481,2.06185651,-1.84516862,-0.91986084,-0.06950082,-0.97635613,0.30367034,9.60506992,-0.45329202,-0.55210419,14.40961606,4
117.37866338,31.96349564,40.51154665,36.54095158,128.37547185,40.51054665,-146.70202266,2.78725322,1.06730698,2.06943992,-1.85923988,-0.90844003,-0.06773335,-0.93985374,0.32997312,9.54173311,-0.11178951,-0.79081205,13.80184293,4
117.37866281,31.96349486,40.51607119,36.45726941,128.32115860,40.51507119,-147.32348526,2.81229184,0.99984494,2.08768658,-1.88233791,-0.90256452,-0.06609560,-0.85337279,0.37538087,9.58990840,0.48253045,-1.05835459,13.18271547,4
117.37866224,31.96349409,40.52060994,36.37298972,128.26773945,40.51960994,-147.93681986,2.84264501,0.92953310,2.10407203,-1.90362994,-0.89603106,-0.06421289,-0.77161637,0.41561534,9.65266376,0.98986584,-1.26938189,12.58746368,4
117.37866169,31.96349332,40.52520326,36.28812977,128.21520891,40.52420326,-148.54186630,2.89136255,0.84930755,2.11405925,-1.91872011,-0.88722064,-0.06148314,-0.70605214,0.43805925,9.76577511,1.19785916,-1.28577650,12.07381655,4
117.37866114,31.96349255,40.52984763,36.20270666,128.16356093,40.52884763,-149.13847288,2.95973885,0.75883194,2.11732137,-1.92727405,-0.87603719,-0.05785927,-0.65824557,0.44146422,9.93032741,1.07860693,-1.08883897,11.65224371,4
117.37866061,31.96349177,40.53439540,36.11673738,128.11278893,40.53339540,-149.72649628,3.02343617,0.67490535,2.12357874,-1.93853554,-0.86614684,-0.05459069,-0.61103491,0.44944416,10.05480250,0.96009072,-0.88625896,11.26225852,4
117.37866009,31.96349099,40.53861170,36.03023877,128.06288579,40.53761170,-150.30580290,3.07080542,0.61384174,2.14037014,-1.95932892,-0.86078237,-0.05256471,-0.56583597,0.47351110,10.03869096,0.84395473,-0.66350386,10.98257306,4
117.37865958,31.96349019,40.54246577,35.94322747,128.01384391,40.54146577,-150.87627058,3.09997105,0.57835926,2.16881062,-1.99066151,-0.86041980,-0.05192496,-0.52301569,0.51495339,9.86692598,0.73050965,-0.41911719,10.82678339,4
117.37865910,31.96348938,40.54642931,35.85571996,127.96565518,40.54542931,-151.43778901,3.12893938,0.54468528,2.19564245,-2.02049366,-0.85935154,-0.05131049,-0.48262125,0.54696813,9.71290844,0.61804074,-0.18979811,10.68779545,4
117.37865861,31.96348857,40.55093070,35.76773247,127.91831103,40.54993070,-151.99025742,3.15701987,0.51967324,2.21476240,-2.04314360,-0.85487126,-0.05081683,-0.45385640,0.53350476,9.64429220,0.51003439,-0.03276223,10.62967340,4
117.37865814,31.96348777,40.55616944,35.67928101,127.87180244,40.55516944,-152.53358183,3.18393085,0.50657288,2.22331170,-2.05595024,-0.84570913,-0.05048994,-0.44113590,0.45772394,9.69290434,0.40980827,0.02463996,10.68235577,4
117.37865769,31.96348696,40.56131483,35.59038136,127.82611996,40.56031483,-153.06767416,3.21214028,0.49360548,2.23274328,-2.06958844,-0.83687095,-0.05018394,-0.43003321,0.38843611,9.73571347,0.35693523,0.07465115,10.72386406,4
117.37865725,31.96348614,40.56592685,35.50104904,127.78125372,40.56492685,-153.59245357,3.24808556,0.48138004,2.24740049,-2.08816677,-0.82991259,-0.05000000,-0.42842282,0.35716677,9.74448357,0.58276066,0.08129449,10.69969870,4
117.37865681,31.96348532,40.56973657,35.41129932,127.73719346,40.56873657,-154.10785006,3.29570711,0.47026834,2.26994136,-2.11419988,-0.82578538,-0.05000000,-0.44112190,0.38319988,9.70194165,1.22882638,0.02256124,10.57651762,4
117.37865638,31.96348450,40.57350780,35.32114718,127.69392853,40.57250780,-154.61380648,3.34307899,0.45977766,2.29170362,-2.13948576,-0.82138764,-0.05000000,-0.45192440,0.41416944,9.67228460,1.80087157,-0.01847484,10.44251227,4
117.37865596,31.96348367,40.57699464,35.23060730,127.65144793,40.57599464,-155.11027701,3.38866395,0.45400039,2.30757788,-2.15913189,-0.81491403,-0.05000000,-0.44827882,0.48289254,9.74089340,1.80940809,0.07545499,10.22555821,4
117.37865555,31.96348285,40.58004995,35.13969407,127.60974036,40.57904995,-155.59722406,3.42859314,0.45608479,2.31280578,-2.16838341,-0.80523313,-0.04999016,-0.42084081,0.61084982,9.96876197,0.88572128,0.38803700,9.87782273,4
117.37865514,31.96348202,40.58353605,35.04842155,127.56879417,40.58253605,-156.07461687,3.44857814,0.45635672,2.31394196,-2.17219280,-0.79832905,-0.04990484,-0.40135545,0.69535411,10.12279601,0.23914151,0.59853812,9.62081658,4
117.37865473,31.96348120,40.58783981,34.95680349,127.52859745,40.58683981,-156.54243230,3.43528945,0.45213252,2.30991725,-2.16847739,-0.79675777,-0.04969147,-0.39970965,0.69480849,10.12202103,0.23231925,0.59527457,9.54260677,4
117.37865433,31.96348037,40.59214199,34.86485331,127.48913803,40.59114199,-157.00065500,3.42200563,0.44790987,2.30589403,-2.16476334,-0.79518706,-0.04947818,-0.39806446,0.69426308,10.12124633,0.22549949,0.59201222,9.46442562,4
117.37865391,31.96347954,40.59644259,34.77258409,127.45040345,40.59544259,-157.44927714,3.40872671,0.44368878,2.30187228,-2.16105066,-0.79361694,-0.04926497,-0.39641987,0.69371787,10.12047192,0.21868225,0.58875108,9.38627334,4
117.37865350,31.96347871,40.60074159,34.68000860,127.41238105,40.59974159,-157.88829702,3.39545273,0.43946925,2.29785202,-2.15733937,-0.79204740,-0.04905183,-0.39477590,0.69317286,10.11969779,0.21186754,0.58549114,9.30815010,4
117.37865309,31.96347788,40.60503898,34.58713923,127.37505797,40.60403898,-158.31771819,3.38218369,0.43525130,2.29383327,-2.15362946,-0.79047845,-0.04883878,-0.39313253,0.69262805,10.11892396,0.20505537,0.58223243,9.23005599,4
117.37865267,31.96347705,40.60933478,34.49398807,127.33842112,40.60833478,-158.73754942,3.36891961,0.43103491,2.28981601,-2.14992093,-0.78891008,-0.04862581,-0.39148978,0.69208344,10.11815041,0.19824574,0.57897493,9.15199095,4
117.37865226,31.96347622,40.61362898,34.40056684,127.30245726,40.61262898,-159.14780524,3.35566041,0.42682009,2.28580024,-2.14621377,-0.78734230,-0.04841291,-0.38984764,0.69153904,10.11737715,0.19143863,0.57571862,9.07395477,4
117.37865184,31.96347539,40.61792162,34.30688693,127.26715296,40.61692162,-159.54850646,3.34240608,0.42260681,2.28178594,-2.14250796,-0.78577508,-0.04820009,-0.38820610,0.69099484,10.11660417,0.18463400,0.57246352,8.99594715,4
117.37865143,31.96347456,40.62221270,34.21295940,127.23249468,40.62121270,-159.93967933,3.32915655,0.41839506,2.27777309,-2.13880350,-0.78420843,-0.04798735,-0.38656515,0.69045083,10.11583147,0.17783185,0.56920959,8.91796783,4
117.37865101,31.96347373,40.62650222,34.11879496,127.19846874,40.62550222,-160.32135391,3.31591182,0.41418484,2.27376170,-2.13510038,-0.78264235,-0.04777469,-0.38492480,0.68990702,10.11505905,0.17103216,0.56595684,8.84001671,4
117.37865059,31.96347291,40.63079020,34.02440398,127.16506134,40.62979020,-160.69356336,3.30267186,0.40997613,2.26975175,-2.13139860,-0.78107683,-0.04756210,-0.38328503,0.68936341,10.11428691,0.16423492,0.56270527,8.76209372,4
117.37865018,31.96347207,40.63507663,33.92979651,127.13225859,40.63407663,-161.05634369,3.28943667,0.40576894,2.26574325,-2.12769815,-0.77951188,-0.04734959,-0.38164586,0.68881999,10.11351505,0.15744013,0.55945486,8.68419883,4
117.37864977,31.96347124,40.63936152,33.83498225,127.10004650,40.63836152,-161.40973457,3.27620626,0.40156326,2.26173620,-2.12399903,-0.77794750,-0.04713716,-0.38000729,0.68827677,10.11274347,0.15064779,0.55620563,8.60633201,4
117.37864935,31.96347040,40.64364486,33.73997062,127.06841102,40.64264486,-161.75378002,3.26298061,0.39735911,2.25773058,-2.12030125,-0.77638368,-0.04692481,-0.37836930,0.68773374,10.11197216,0.14385790,0.55295757,8.52849325,4
117.37864893,31.96346958,40.64792666,33.64477068,127.03733804,40.64692666,-162.08852768,3.24975974,0.39315646,2.25372641,-2.11660481,-0.77482042,-0.04671253,-0.37673190,0.68719092,10.11120113,0.13707046,0.54971068,8.45068258,4
117.37864852,31.96346875,40.65220691,33.54939120,127.00681340,40.65120691,-162.41402777,3.23654365,0.38895534,2.24972370,-2.11290970,-0.77325772,-0.04650033,-0.37509510,0.68664828,10.11043038,0.13028548,0.54646496,8.37290008,4
117.37864810,31.96346791,40.65648560,33.45384062,126.97682290,40.65548560,-162.73033276,3.22333237,0.38475575,2.24572243,-2.10921594,-0.77169560,-0.04628821,-0.37345889,0.68610584,10.10965992,0.12350296,0.54322043,8.29514584,4
117.37864769,31.96346708,40.66076274,33.35812710,126.94735233,40.65976274,-163.03749760,3.21012589,0.38055768,2.24172263,-2.10552352,-0.77013404,-0.04607616,-0.37182327,0.68556360,10.10888973,0.11672290,0.53997708,8.21741992,4
117.37864727,31.96346624,40.66503831,33.26225849,126.91838744,40.66403831,-163.33558026,3.19692425,0.37636115,2.23772428,-2.10183244,-0.76857305,-0.04586419,-0.37018825,0.68502157,10.10811982,0.10994533,0.53673491,8.13972238,4
117.37864685,31.96346541,40.66931232,33.16624236,126.88991401,40.66831232,-163.62464203,3.18372742,0.37216615,2.23372740,-2.09814271,-0.76701264,-0.04565229,-0.36855383,0.68447972,10.10735020,0.10317024,0.53349393,8.06205325,4
117.37864645,31.96346458,40.67358476,33.07008599,126.86191780,40.67258476,-163.90474651,3.17053542,0.36797269,2.22973198,-2.09445434,-0.76545279,-0.04544048,-0.36692001,0.68393807,10.10658085,0.09639762,0.53025413,7.98441251,4
117.37864603,31.96346374,40.67785565,32.97379637,126.83438460,40.67685565,-164.17595809,3.15734824,0.36378075,2.22573801,-2.09076732,-0.76389353,-0.04522874,-0.36528679,0.68339663,10.10581179,0.08962747,0.52701551,7.90680012,4
117.37864563,31.96346290,40.68212498,32.87738023,126.80730022,40.68112498,-164.43834154,3.14416585,0.35959035,2.22174550,-2.08708163,-0.76233482,-0.04501708,-0.36365416,0.68285538,10.10504300,0.08285978,0.52377808,7.82921595,4
117.37864521,31.96346207,40.68639277,32.78084403,126.78065050,40.68539277,-164.69196242,3.13098823,0.35540145,2.21775443,-2.08339727,-0.76077667,-0.04480549,-0.36202211,0.68231433,10.10427450,0.07609454,0.52054181,7.75165979,4
117.37864481,31.96346123,40.69065904,32.68419400,126.75442132,40.68965904,-164.93688783,3.11781531,0.35121405,2.21376479,-2.07971423,-0.75921908,-0.04459398,-0.36039065,0.68177346,10.10350627,0.06933172,0.51730669,7.67413137,4
117.37864439,31.96346039,40.69492380,32.58743610,126.72859859,40.69392380,-165.17318715,3.10464705,0.34702814,2.20977655,-2.07603249,-0.75766204,-0.04438254,-0.35875977,0.68123279,10.10273832,0.06257130,0.51407273,7.59663038,4
117.37864399,31.96345956,40.69918706,32.49057605,126.70316830,40.69818706,-165.40093117,3.09148340,0.34284369,2.20578972,-2.07235205,-0.75610555,-0.04417118,-0.35712946,0.68069232,10.10197062,0.05581323,0.51083990,7.51915650,4
117.37864358,31.96345872,40.70344885,32.39361933,126.67811647,40.70244885,-165.62019037,3.07832430,0.33866068,2.20180426,-2.06867287,-0.75454959,-0.04395990,-0.35549972,0.68015202,10.10120320,0.04905750,0.50760817,7.44170935,4
117.37864318,31.96345788,40.70770920,32.29657123,126.65342920,40.70670920,-165.83103352,3.06516965,0.33447909,2.19782015,-2.06499494,-0.75299417,-0.04374868,-0.35387052,0.67961191,10.10043603,0.04230405,0.50437755,7.36428842,4
117.37864278,31.96345704,40.71196814,32.19943677,126.62909263,40.71096814,-166.03352790,3.05201935,0.33029888,2.19383736,-2.06131822,-0.75143926,-0.04353753,-0.35224187,0.67907197,10.09966912,0.03555285,0.50114799,7.28689316,4
117.37864238,31.96345621,40.71622571,32.10222082,126.60509298,40.71522571,-166.22774071,3.03887331,0.32612002,2.18985585,-2.05764270,-0.74988484,-0.04332645,-0.35061373,0.67853222,10.09890245,0.02880383,0.49791947,7.20952288,4
117.37864198,31.96345537,40.72048193,32.00492802,126.58141654,40.71948193,-166.41373980,3.02573138,0.32194248,2.18587560,-2.05396833,-0.74833092,-0.04311544,-0.34898611,0.67799263,10.09813603,0.02205691,0.49469198,7.13217688,4
117.37864159,31.96345453,40.72473687,31.90756283,126.55804966,40.72373687,-166.59159251,3.01259346,0.31776620,2.18189655,-2.05029507,-0.74677747,-0.04290449,-0.34735899,0.67745320,10.09736984,0.01531205,0.49146546,7.05485437,4
117.37864120,31.96345369,40.72899054,31.81012951,126.53497878,40.72799054,-166.76136407,2.99945943,0.31359116,2.17791868,-2.04662290,-0.74522448,-0.04269361,-0.34573235,0.67691394,10.09660387,0.00856919,0.48823989,6.97755480,4
117.37864080,31.96345286,40.73324302,31.71263218,126.51219039,40.73224302,-166.92311661,2.98632907,0.30941730,2.17394194,-2.04295177,-0.74367192,-0.04248278,-0.34410616,0.67637483,10.09583813,0.00182822,0.48501524,6.90027685,4
117.37864041,31.96345202,40.73749438,31.61507476,126.48967107,40.73649438,-167.07690945,2.97320220,0.30524454,2.16996624,-2.03928160,-0.74211978,-0.04227201,-0.34248041,0.67583586,10.09507259,-0.00491096,0.48179144,6.82301945,4
117.37864002,31.96345117,40.74174466,31.51746105,126.46740745,40.74074466,-167.22280016,2.96007863,0.30107283,2.16599154,-2.03561235,-0.74056803,-0.04206129,-0.34085505,0.67529702,10.09430724,-0.01164845,0.47856844,6.74578146,4
117.37863963,31.96345033,40.74599394,31.41979468,126.44538624,40.74499394,-167.36084471,2.94695816,0.29690210,2.16201778,-2.03194398,-0.73901664,-0.04185063,-0.33923009,0.67475831,10.09354206,-0.01838435,0.47534621,6.66856166,4
117.37863924,31.96344949,40.75024230,31.32207916,126.42359421,40.74924230,-167.49109599,2.93384055,0.29273228,2.15804488,-2.02827640,-0.73746559,-0.04164000,-0.33760548,0.67421973,10.09277705,-0.02511877,0.47212468,6.59135873,4
117.37863887,31.96344865,40.75448980,31.22431786,126.40201820,40.75348980,-167.61360199,2.92072556,0.28856330,2.15407279,-2.02460956,-0.73591485,-0.04142942,-0.33598120,0.67368124,10.09201220,-0.03185185,0.46890379,6.51417126,4
117.37863849,31.96344781,40.75873654,31.12651403,126.38064509,40.75773654,-167.72840511,2.90761294,0.28439507,2.15010141,-2.02094339,-0.73436439,-0.04121888,-0.33435721,0.67314286,10.09124749,-0.03858373,0.46568349,6.43699770,4
117.37863811,31.96344696,40.76298260,31.02867083,126.35946184,40.76198260,-167.83554374,2.89450241,0.28022750,2.14613066,-2.01727778,-0.73281418,-0.04100837,-0.33273348,0.67260455,10.09048289,-0.04531452,0.46246370,6.35983641,4
117.37863774,31.96344611,40.76722809,30.93079130,126.33845542,40.76622809,-167.93505384,2.88139365,0.27606050,2.14216045,-2.01361268,-0.73126418,-0.04079789,-0.33110997,0.67206633,10.08971840,-0.05204440,0.45924434,6.28268562,4
117.37863736,31.96344528,40.77147309,30.83287840,126.31761285,40.77047309,-168.02696968,2.86828638,0.27189396,2.13819069,-2.00994800,-0.72971436,-0.04058744,-0.32948663,0.67152817,10.08895400,-0.05877352,0.45602536,6.20554357,4
117.37863700,31.96344443,40.77571772,30.73493500,126.29692122,40.77471772,-168.11132313,2.85518028,0.26772780,2.13422128,-2.00628364,-0.72816467,-0.04037700,-0.32786345,0.67099005,10.08818967,-0.06550204,0.45280666,6.12840837,4
117.37863664,31.96344359,40.77996208,30.63696390,126.27636763,40.77896208,-168.18814281,2.84207500,0.26356191,2.13025213,-2.00261952,-0.72661508,-0.04016658,-0.32624037,0.67045196,10.08742538,-0.07223014,0.44958815,6.05127806,4
117.37863627,31.96344274,40.78420628,30.53896781,126.25593922,40.78320628,-168.25745371,2.82897022,0.25939617,2.12628311,-1.99895552,-0.72506554,-0.03995616,-0.32461735,0.66991390,10.08666112,-0.07895798,0.44636977,5.97415056,4
117.37863592,31.96344190,40.78845045,30.44094939,126.23562315,40.78745045,-168.31927717,2.81586552,0.25523046,2.12231414,-1.99529155,-0.72351602,-0.03974575,-0.32299434,0.66937584,10.08589688,-0.08568578,0.44315142,5.89702366,4
117.37863556,31.96344104,40.79269472,30.34291124,126.21540664,40.79169472,-168.37363159,2.80276054,0.25106466,2.11834507,-1.99162751,-0.72196646,-0.03953533,-0.32137130,0.66883777,10.08513261,-0.09241372,0.43993299,5.81989505,4
117.37863521,31.96344019,40.79693921,30.24485592,126.19527689,40.79593921,-168.42053217,2.78965485,0.24689863,2.11437578,-1.98796327,-0.72041682,-0.03932490,-0.31974816,0.66829966,10.08436829,-0.09914203,0.43671439,5.74276232,4
117.37863485,31.96343935,40.80118406,30.14678594,126.17522114,40.80018406,-168.45999058,2.77654805,0.24273225,2.11040617,-1.98429872,-0.71886706,-0.03911445,-0.31812489,0.66776152,10.08360392,-0.10587091,0.43349551,5.66562298,4
117.37863451,31.96343849,40.80542942,30.04870376,126.15522662,40.80442942,-168.49201450,2.76343969,0.23856537,2.10643608,-1.98063373,-0.71731710,-0.03890398,-0.31650143,0.66722331,10.08283946,-0.11260059,0.43027625,5.58847451,4
117.37863417,31.96343765,40.80967542,29.95061185,126.13528059,40.80867542,-168.51660745,2.75032934,0.23439786,2.10246538,-1.97696818,-0.71576691,-0.03869347,-0.31487772,0.66668502,10.08207487,-0.11933129,0.42705651,5.51131432,4
117.37863383,31.96343679,40.81392221,29.85251262,126.11537030,40.81292221,-168.53376867,2.73721656,0.23022958,2.09849395,-1.97330195,-0.71421643,-0.03848293,-0.31325371,0.66614662,10.08131015,-0.12606323,0.42383616,5.43413984,4
117.37863349,31.96343594,40.81816993,29.75440849,126.09548298,40.81716993,-168.54349258,2.72410091,0.22606039,2.09452166,-1.96963493,-0.71266562,-0.03827234,-0.31162935,0.66560812,10.08054526,-0.13279666,0.42061512,5.35694848,4
117.37863316,31.96343509,40.82241872,29.65630189,126.07560586,40.82141872,-168.54576777,2.71098196,0.22189014,2.09054835,-1.96596698,-0.71111441,-0.03806169,-0.31000458,0.66506947,10.07978018,-0.13953178,0.41739326,5.27973763,4
117.37863284,31.96343423,40.82666873,29.55819521,126.05572613,40.82566873,-168.54057575,2.69785925,0.21771870,2.08657392,-1.96229798,-0.70956275,-0.03785099,-0.30837933,0.66453067,10.07901487,-0.14626882,0.41417047,5.20250466,4
117.37863251,31.96343338,40.83092010,29.46009091,126.03583096,40.82992010,-168.52789155,2.68473233,0.21354592,2.08259821,-1.95862780,-0.70801061,-0.03764022,-0.30675357,0.66399170,10.07824932,-0.15300803,0.41094666,5.12524695,4
117.37863219,31.96343252,40.83517297,29.36199142,126.01590747,40.83417297,-168.50768547,2.67160076,0.20937167,2.07862109,-1.95495632,-0.70645791,-0.03742937,-0.30512723,0.66345254,10.07748350,-0.15974963,0.40772170,5.04796188,4
117.37863188,31.96343167,40.83942750,29.26389925,125.99594272,40.83842750,-168.47992501,2.65846409,0.20519580,2.07464242,-1.95128341,-0.70490461,-0.03721844,-0.30350026,0.66291317,10.07671739,-0.16649384,0.40449549,4.97064680,4
117.37863156,31.96343081,40.84368382,29.16581690,125.97592373,40.84268382,-168.44457559,2.64532188,0.20101816,2.07066208,-1.94760896,-0.70335065,-0.03700743,-0.30187261,0.66237356,10.07595095,-0.17324090,0.40126792,4.89329907,4
117.37863125,31.96342994,40.84794208,29.06774694,125.95583745,40.84694208,-168.39222925,2.63217367,0.19683862,2.06667992,-1.94393283,-0.70179598,-0.03679631,-0.30024421,0.66183371,10.07518415,-0.17999103,0.39803888,4.81591607,4
117.37863095,31.96342909,40.85220243,28.96976510,125.93565236,40.85120243,-168.33043031,2.61901902,0.19265703,2.06269581,-1.94025490,-0.70024055,-0.03658510,-0.29861502,0.66129361,10.07441699,-0.18674447,0.39480825,4.73849519,4
117.37863065,31.96342823,40.85646501,28.87181114,125.91536961,40.85546501,-168.26850032,2.60585750,0.18847325,2.05870961,-1.93657504,-0.69868431,-0.03637377,-0.29698497,0.66075321,10.07364943,-0.19350145,0.39157594,4.66103381,4
117.37863036,31.96342737,40.86072995,28.77388867,125.89497599,40.85972995,-168.19874099,2.59268866,0.18428715,2.05472121,-1.93289314,-0.69712721,-0.03616233,-0.29535401,0.66021252,10.07288143,-0.20026218,0.38834183,4.58352935,4
117.37863006,31.96342650,40.86499741,28.67600132,125.87445832,40.86399741,-168.12114870,2.57951205,0.18009858,2.05073045,-1.92920907,-0.69556919,-0.03595076,-0.29372210,0.65967150,10.07211298,-0.20702690,0.38510581,4.50597922,4
117.37862978,31.96342564,40.86926753,28.57815270,125.85380340,40.86826753,-168.03571963,2.56632726,0.17590741,2.04673720,-1.92552271,-0.69401019,-0.03573906,-0.29208917,0.65913016,10.07134406,-0.21379581,0.38186778,4.42838087,4
117.37862951,31.96342477,40.87354043,28.48034642,125.83299805,40.87254043,-167.94244972,2.55313383,0.17171349,2.04274135,-1.92183394,-0.69245018,-0.03552722,-0.29045517,0.65858846,10.07057464,-0.22056916,0.37862763,4.35073177,4
117.37862923,31.96342390,40.87781627,28.38258611,125.81202909,40.87681627,-167.84133478,2.53993137,0.16751670,2.03874276,-1.91814264,-0.69088910,-0.03531523,-0.28882005,0.65804638,10.06980468,-0.22734716,0.37538526,4.27302942,4
117.37862895,31.96342304,40.88209517,28.28487538,125.79088331,40.88109517,-167.73237052,2.52671944,0.16331689,2.03474130,-1.91444869,-0.68932689,-0.03510310,-0.28718376,0.65750391,10.06903417,-0.23413001,0.37214057,4.19527136,4
117.37862869,31.96342216,40.88637728,28.18721785,125.76954753,40.88537728,-167.61555261,2.51349762,0.15911395,2.03073685,-1.91075198,-0.68776352,-0.03489080,-0.28554624,0.65696105,10.06826309,-0.24091794,0.36889345,4.11745514,4
117.37862843,31.96342129,40.89066271,28.08961713,125.74800856,40.88966271,-167.49087673,2.50026552,0.15490774,2.02672928,-1.90705239,-0.68619893,-0.03467834,-0.28390746,0.65641776,10.06749141,-0.24771114,0.36564380,4.03957839,4
117.37862818,31.96342043,40.89495160,27.99207685,125.72625321,40.89395160,-167.35833866,2.48702273,0.15069813,2.02271848,-1.90334982,-0.68463309,-0.03446571,-0.28226735,0.65587403,10.06671910,-0.25450984,0.36239153,3.96163875,4
117.37862793,31.96341955,40.89924408,27.89460061,125.70426829,40.89824408,-167.21793431,2.47376887,0.14648500,2.01870432,-1.89964415,-0.68306593,-0.03425290,-0.28062586,0.65532984,10.06594615,-0.26131422,0.35913654,3.88363392,4
117.37862769,31.96341867,40.90354027,27.79719204,125.68204061,40.90254027,-167.06965985,2.46050355,0.14226823,2.01468669,-1.89593528,-0.68149742,-0.03403991,-0.27898296,0.65478519,10.06517254,-0.26812448,0.35587874,3.80556166,4
117.37862745,31.96341780,40.90784029,27.69985475,125.65955698,40.90684029,-166.91351174,2.44722640,0.13804770,2.01066548,-1.89222310,-0.67992750,-0.03382672,-0.27733860,0.65424005,10.06439822,-0.27494081,0.35261802,3.72741979,4
117.37862721,31.96341692,40.91214426,27.60259236,125.63680422,40.91114426,-166.74948685,2.43393707,0.13382330,2.00664058,-1.88850750,-0.67835615,-0.03361334,-0.27569272,0.65369441,10.06362320,-0.28176339,0.34935432,3.64920620,4
117.37862699,31.96341603,40.91645229,27.50540849,125.61376913,40.91545229,-166.57758250,2.42063520,0.12959491,2.00261188,-1.88478841,-0.67678331,-0.03339976,-0.27404528,0.65314825,10.06284745,-0.28859242,0.34608754,3.57091882,4
117.37862677,31.96341515,40.92076449,27.40830675,125.59043852,40.91976449,-166.39779662,2.40732046,0.12536243,1.99857928,-1.88106572,-0.67520895,-0.03318598,-0.27239626,0.65260157,10.06207095,-0.29542806,0.34281760,3.49255569,4
117.37862655,31.96341427,40.92508096,27.31129076,125.56679921,40.92408096,-166.21012779,2.39399252,0.12112576,1.99454269,-1.87733934,-0.67363304,-0.03297198,-0.27074561,0.65205434,10.06129368,-0.30227046,0.33954442,3.41411491,4
117.37862634,31.96341339,40.92940180,27.21436413,125.54283799,40.92840180,-166.01457539,2.38065108,0.11688479,1.99050200,-1.87360918,-0.67205553,-0.03275777,-0.26909328,0.65150656,10.06051562,-0.30911980,0.33626792,3.33559468,4
117.37862614,31.96341250,40.93372712,27.11753049,125.51854170,40.93272712,-165.81113966,2.36729585,0.11263943,1.98645715,-1.86987517,-0.67047638,-0.03254334,-0.26743924,0.65095821,10.05973676,-0.31597622,0.33298803,3.25699325,4
117.37862595,31.96341161,40.93805698,27.02079345,125.49389713,40.93705698,-165.59982184,2.35392655,0.10838961,1.98240802,-1.86613722,-0.66889557,-0.03232867,-0.26578346,0.65040929,10.05895708,-0.32283986,0.32970469,3.17830904,4
117.37862575,31.96341072,40.94239149,26.92415663,125.46889109,40.94139149,-165.38062428,2.34054294,0.10413523,1.97835457,-1.86239528,-0.66731307,-0.03211378,-0.26412590,0.64985978,10.05817656,-0.32971086,0.32641783,3.09954052,4
117.37862557,31.96340983,40.94673071,26.82762365,125.44351040,40.94573071,-165.15355056,2.32714475,0.09987623,1.97429670,-1.85864925,-0.66572884,-0.03189865,-0.26246654,0.64930967,10.05739519,-0.33658933,0.32312740,3.02068629,4
117.37862539,31.96340894,40.95107472,26.73119811,125.41774186,40.95007472,-164.91860562,2.31373178,0.09561252,1.97023435,-1.85489910,-0.66414287,-0.03168329,-0.26080536,0.64875895,10.05661296,-0.34347539,0.31983334,2.94174507,4
117.37862522,31.96340804,40.95542358,26.63488365,125.39157229,40.95442358,-164.67579585,2.30030384,0.09134406,1.96616747,-1.85114476,-0.66255513,-0.03146768,-0.25914232,0.64820762,10.05582986,-0.35036914,0.31653559,2.86271571,4
117.37862506,31.96340714,40.95977735,26.53868387,125.36498850,40.95877735,-164.42512929,2.28686075,0.08707078,1.96209600,-1.84738618,-0.66096560,-0.03125184,-0.25747740,0.64765567,10.05504587,-0.35727067,0.31323413,2.78359719,4
117.37862491,31.96340625,40.96413607,26.44260239,125.33797730,40.96313607,-164.16661571,2.27340236,0.08279264,1.95801990,-1.84362332,-0.65937425,-0.03103574,-0.25581059,0.64710308,10.05426099,-0.36418005,0.30992891,2.70438862,4
117.37862475,31.96340535,40.96849979,26.34664283,125.31052549,40.96749979,-163.90026677,2.25992855,0.07850959,1.95393912,-1.83985616,-0.65778108,-0.03081940,-0.25414186,0.64654986,10.05347521,-0.37109734,0.30661990,2.62508928,4
117.37862461,31.96340444,40.97286853,26.25080881,125.28261989,40.97186853,-163.62609616,2.24643921,0.07422161,1.94985365,-1.83608465,-0.65618608,-0.03060281,-0.25247121,0.64599601,10.05268853,-0.37802261,0.30330708,2.54569860,4
117.37862448,31.96340354,40.97724232,26.15510394,125.25424731,40.97624232,-163.34411973,2.23293429,0.06992868,1.94576345,-1.83230879,-0.65458923,-0.03038597,-0.25079863,0.64544152,10.05190093,-0.38495588,0.29999043,2.46621617,4
117.37862436,31.96340263,40.98162117,26.05953185,125.22539456,40.98062117,-163.05435567,2.21941374,0.06563077,1.94166852,-1.82852855,-0.65299054,-0.03016888,-0.24912412,0.64488639,10.05111243,-0.39189717,0.29666994,2.38664178,4
117.37862423,31.96340173,40.98600509,25.96409613,125.19604845,40.98500509,-162.75682465,2.20587756,0.06132790,1.93756885,-1.82474394,-0.65139000,-0.02995154,-0.24744767,0.64433061,10.05032301,-0.39884649,0.29334562,2.30697537,4
117.37862412,31.96340081,40.99039406,25.86880043,125.16619579,40.98939406,-162.45154993,2.19232577,0.05702006,1.93346446,-1.82095498,-0.64978762,-0.02973394,-0.24576929,0.64377419,10.04953268,-0.40580382,0.29001746,2.22721710,4
117.37862402,31.96339990,40.99478807,25.77364834,125.13582339,40.99378807,-162.13855758,2.17875842,0.05270728,1.92935536,-1.81716166,-0.64818339,-0.02951610,-0.24408898,0.64321714,10.04874145,-0.41276914,0.28668548,2.14736731,4
117.37862393,31.96339899,40.99918708,25.67864349,125.10491806,40.99818708,-161.81787660,2.16517563,0.04838959,1.92524158,-1.81336403,-0.64657734,-0.02929801,-0.24240676,0.64265945,10.04794932,-0.41974239,0.28334971,2.06742659,4
117.37862384,31.96339808,41.00359105,25.58378950,125.07346661,41.00259105,-161.48953906,2.15157753,0.04406704,1.92112316,-1.80956210,-0.64496947,-0.02907967,-0.24072264,0.64210113,10.04715629,-0.42672350,0.28001018,1.98739570,4
117.37862376,31.96339716,41.00799993,25.48908998,125.04145586,41.00699993,-161.15358029,2.13796427,0.03973966,1.91700015,-1.80575594,-0.64335982,-0.02886109,-0.23903665,0.64154219,10.04636238,-0.43371238,0.27666692,1.90727568,4
117.37862369,31.96339624,41.01241364,25.39454855,125.00887260,41.01141364,-160.81003902,2.12433608,0.03540755,1.91287263,-1.80194562,-0.64174839,-0.02864227,-0.23734881,0.64098264,10.04556759,-0.44070893,0.27332000,1.82706778,4
117.37862363,31.96339532,41.01683211,25.30016882,124.97570366,41.01583211,-160.45895754,2.11069322,0.03107076,1.90874065,-1.79813119,-0.64013524,-0.02842322,-0.23565915,0.64042248,10.04477196,-0.44771302,0.26996948,1.74677352,4
117.37862357,31.96339440,41.02125523,25.20595442,124.94193585,41.02025523,-160.10038186,2.09703599,0.02672941,1.90460432,-1.79431274,-0.63852039,-0.02820393,-0.23396771,0.63986173,10.04397549,-0.45472449,0.26661542,1.66639468,4
117.37862353,31.96339348,41.02568289,25.11190895,124.90755596,41.02468289,-159.73436182,2.08336473,0.02238360,1.90046375,-1.79049037,-0.63690388,-0.02798442,-0.23227453,0.63930041,10.04317819,-0.46174315,0.26325792,1.58593329,4
117.37862350,31.96339255,41.03011496,25.01803604,124.87255082,41.02911496,-159.36095131,2.06967983,0.01803346,1.89631905,-1.78666418,-0.63528575,-0.02776469,-0.23057966,0.63873853,10.04238010,-0.46876881,0.25989708,1.50539168,4
117.37862347,31.96339163,41.03455131,24.92433931,124.83690724,41.03355131,-158.98020835,2.05598175,0.01367912,1.89217035,-1.78283431,-0.63366607,-0.02754475,-0.22888316,0.63817611,10.04158125,-0.47580124,0.25653299,1.42477246,4
117.37862345,31.96339070,41.03899177,24.83082237,124.80061201,41.03799177,-158.59219527,2.04227099,0.00932075,1.88801781,-1.77900090,-0.63204488,-0.02732460,-0.22718509,0.63761316,10.04078165,-0.48284020,0.25316579,1.34407854,4
117.37862344,31.96338978,41.04343616,24.73748883,124.76365197,41.04243616,-158.19697886,2.02854808,0.00495852,1.88386159,-1.77516408,-0.63042226,-0.02710426,-0.22548552,0.63704972,10.03998134,-0.48988538,0.24979561,1.26331316,4
117.37862345,31.96338884,41.04788429,24.64434231,124.72601391,41.04688429,-157.79463043,2.01481363,0.00059262,1.87970188,-1.77132405,-0.62879827,-0.02688373,-0.22378451,0.63648580,10.03918036,-0.49693649,0.24642258,1.18247983,4
117.37862346,31.96338791,41.05233594,24.55138644,124.68768465,41.05133594,-157.38522601,2.00106828,-0.00377674,1.87553887,-1.76748096,-0.62717301,-0.02666303,-0.22208215,0.63592144,10.03837875,-0.50399318,0.24304689,1.10158244,4
117.37862348,31.96338697,41.05679089,24.45862483,124.64865099,41.05579089,-156.96884646,1.98731278,-0.00814933,1.87137277,-1.76363503,-0.62554653,-0.02644217,-0.22037854,0.63535665,10.03757655,-0.51105511,0.23966871,1.02062518,4
117.37862351,31.96338604,41.06124889,24.36606109,124.60889975,41.06024889,-156.54557752,1.97354786,-0.01252491,1.86720384,-1.75978647,-0.62391894,-0.02622115,-0.21867377,0.63479149,10.03677378,-0.51812185,0.23628820,0.93961258,4
117.37862355,31.96338510,41.06570966,24.27369884,124.56841774,41.06470966,-156.33234875,1.95977437,-0.01690322,1.86303230,-1.75593552,-0.62229034,-0.02600000,-0.21696793,0.63422597,10.03597053,-0.52519300,0.23290560,0.85854952,4
