longtitude,latitude,altitude,north,east,up,yaw,pitch,roll,vel_speed,vel_north,vel_east,vel_up,acc_x,acc_y,acc_z,gyro_x,gyro_y,gyro_z,rtk_status
117.37896543,31.96336063,40.69300000,21.55521120,156.92241052,40.69100000,-163.89890209,0.34500000,1.71900000,0.17100000,-0.16600000,-0.04300000,-0.00500000,-0.01800000,1.13100000,9.86700000,-0.42500000,-0.22300000,-0.11200000,4
117.37896528,31.96335973,40.69498225,21.45915710,156.89468393,40.69298225,-163.88037512,0.34402385,1.70217937,0.26907650,-0.26011490,-0.06776799,-0.00797193,-0.01399104,0.93096851,9.80967997,-0.17953522,-0.08731870,-0.27319638,4
117.37896508,31.96335884,40.69721451,21.36312057,156.86689512,40.69521451,-163.84391054,0.35430953,1.70496810,0.34514951,-0.33393815,-0.08789175,-0.01021030,0.02421642,0.83992332,9.87076785,-0.15813509,-0.01287269,-0.18319375,4
117.37896485,31.96335797,40.70082788,21.26710104,156.83904606,40.69882788,-163.80862450,0.36163674,1.71569508,0.41279715,-0.39918146,-0.10550217,-0.01221183,0.02224305,0.78701207,9.88045083,-0.25230709,0.12484054,-0.21097357,4
117.37896461,31.96335709,40.70525978,21.17109796,156.81113874,40.70325978,-163.77451701,0.36759756,1.73072735,0.47528569,-0.45920777,-0.12157141,-0.01407793,-0.00284452,0.75953434,9.85352941,-0.38443231,0.28209822,-0.29837420,4
117.37896434,31.96335621,40.71086897,21.07511076,156.78317512,40.70886897,-163.74158807,0.38057570,1.74639886,0.52465792,-0.50689670,-0.13391557,-0.01576034,-0.04256377,0.83596171,9.67129583,-0.00661936,0.11152774,-0.24178147,4
117.37896406,31.96335534,40.71611327,20.97913889,156.75515719,40.71411327,-163.70983765,0.40489141,1.75563368,0.57255039,-0.55313290,-0.14606157,-0.01727831,-0.06295274,0.93013215,9.59960702,0.13133727,-0.05672277,-0.19805284,4
117.37896376,31.96335447,40.72032540,20.88318177,156.72708693,40.71832540,-163.67926575,0.46099594,1.74660192,0.61626911,-0.59527209,-0.15764938,-0.01833135,-0.02891252,1.07356964,9.83941679,-0.40608869,-0.21731625,-0.19079844,4
117.37896348,31.96335360,40.72439731,20.78723886,156.69896631,40.72239731,-163.64987235,0.48896257,1.72859792,0.66059317,-0.63806918,-0.16936663,-0.01934932,-0.01660876,1.11848125,9.98076343,-0.67254806,-0.25374157,-0.19717990,4
117.37896321,31.96335274,40.72821983,20.69130959,156.67079731,40.72621983,-163.62165743,0.46702055,1.69480829,0.70596288,-0.68200678,-0.18130798,-0.02030496,-0.04291159,0.98895921,9.94705791,-0.45899565,-0.07010546,-0.22730924,4
117.37896294,31.96335187,40.73198972,20.59539340,156.64258191,40.72998972,-163.59462098,0.44850989,1.67374305,0.74867728,-0.72342761,-0.19272694,-0.02124971,-0.07099223,0.90027181,9.88985150,-0.33587901,0.08292879,-0.21649832,4
117.37896267,31.96335100,40.73579677,20.49948973,156.61432208,40.73379677,-163.56876296,0.43754661,1.69044580,0.78822645,-0.76182796,-0.20365614,-0.02239848,-0.09208778,0.88964261,9.80441757,-0.48289347,0.16669747,-0.12138321,4
117.37896240,31.96335012,40.74056664,20.40359801,156.58601981,40.73856664,-163.54408335,0.41687091,1.72276825,0.84873885,-0.81998171,-0.21937400,-0.02475715,-0.05253209,0.70464537,9.90614257,-0.74405643,0.32100173,-0.17093149,4
117.37896213,31.96334925,40.74606930,20.30771770,156.55767708,40.74406930,-163.52058213,0.39264897,1.74157484,0.87189827,-0.84216653,-0.22541320,-0.02572415,-0.12365311,0.66415975,9.86315615,-0.54547397,0.13049598,-0.19404030,4
117.37896185,31.96334839,40.75144650,20.21184822,156.52929585,40.74944650,-163.49825926,0.37509994,1.73559843,0.90501931,-0.87403713,-0.23436826,-0.02648923,-0.06216341,0.56160217,9.81747446,-0.60194012,-0.16674319,-0.25385914,4
117.37896155,31.96334751,40.75636924,20.11598902,156.50087812,40.75436924,-163.47711473,0.36006484,1.71249835,0.93984330,-0.90761522,-0.24382483,-0.02699986,0.02866420,0.46057175,9.78789647,-0.62396057,-0.36807338,-0.28266539,4
117.37896125,31.96334664,40.76056184,20.02013953,156.47242585,40.75856184,-163.45714850,0.34249437,1.68083315,0.96131791,-0.92837571,-0.24955058,-0.02703913,0.00757168,0.46055045,9.77183177,-0.19981981,-0.28017874,-0.19659446,4
117.37896094,31.96334577,40.76452190,19.92429920,156.44394103,40.76252190,-163.43836055,0.35702839,1.67601526,1.00777561,-0.97337022,-0.26189445,-0.02909102,0.05163124,0.53188746,9.58454536,-0.01251439,-0.05159500,-0.14441136,4
117.37896063,31.96334492,40.76865281,19.82846747,156.41542563,40.76665281,-163.42075084,0.38281004,1.69595482,1.04516842,-1.00928516,-0.27187581,-0.03044854,0.09340857,0.52882356,9.81540900,0.02832043,0.37208621,-0.14761517,4
117.37896032,31.96334406,40.77260858,19.73264377,156.38688164,40.77060858,-163.40431935,0.40057903,1.73571870,1.07454908,-1.03739708,-0.27982778,-0.03145745,0.09024836,0.45777947,10.18994524,-0.19680577,0.75507117,-0.16157406,4
117.37896000,31.96334320,40.77542768,19.63682754,156.35831102,40.77342768,-163.38906606,0.37019551,1.79740720,1.10405238,-1.06621425,-0.28805763,-0.03352692,-0.05348431,0.33913936,10.01320524,-1.12772404,0.54423349,-0.09326233,4
117.37895970,31.96334234,40.77939368,19.54101822,156.32971576,40.77739368,-163.37499093,0.29339129,1.81039833,1.11165506,-1.07364883,-0.29002406,-0.03455162,-0.13668738,0.28114730,9.67231228,-1.21874091,0.04994042,-0.11707666,4
117.37895938,31.96334147,40.78398712,19.44521525,156.30109783,40.78198712,-163.36209395,0.23022256,1.78868877,1.11654620,-1.07826204,-0.29113664,-0.03471551,-0.14870121,0.27363637,9.49693886,-0.83481197,-0.42522467,-0.16289961,4
117.37895905,31.96334062,40.78897680,19.34941808,156.27245922,40.78697680,-163.35037509,0.21347874,1.73445547,1.12816495,-1.08916038,-0.29407341,-0.03397705,-0.07123921,0.31725349,9.67922494,-0.12527606,-0.71336558,-0.19870162,4
117.37895870,31.96333977,40.79196256,19.25362613,156.24380190,40.78996256,-163.33983432,0.21825098,1.67244976,1.14377175,-1.10402238,-0.29921075,-0.03255940,0.12912538,0.32325155,9.97343977,-0.50067030,-0.52139557,-0.25045802,4
117.37895837,31.96333891,40.79531272,19.15783886,156.21512786,40.79331272,-163.33047163,0.19891505,1.64519563,1.16956618,-1.12865622,-0.30603110,-0.03246715,0.18138527,0.35903078,9.92169357,-0.66274890,-0.06051068,-0.19417135,4
117.37895804,31.96333806,40.79958168,19.06205569,156.18643905,40.79758168,-163.32228700,0.16320394,1.65109844,1.19777598,-1.15577720,-0.31310262,-0.03347480,0.13111522,0.40047783,9.71917792,-0.69769535,0.42941413,-0.07923545,4
117.37895771,31.96333720,40.80608519,18.96627608,156.15773748,40.80408519,-163.31528041,0.12326965,1.69592789,1.21303275,-1.17103275,-0.31754714,-0.03539132,0.04379866,0.39813593,9.72421721,-0.77806340,0.47530463,0.00820194,4
117.37895739,31.96333633,40.81211953,18.87049944,156.12902511,40.81011953,-163.30945184,0.09981383,1.71393671,1.21438332,-1.17238332,-0.31781267,-0.03597765,-0.08542379,0.38317640,9.77347626,-0.56230997,0.11585808,0.00778458,4
117.37895708,31.96333547,40.81807949,18.77472524,156.10030391,40.81607949,-163.30480129,0.08317019,1.69423644,1.20666788,-1.16466788,-0.31585925,-0.03522807,-0.16001584,0.43615382,9.76697282,-0.44051628,-0.32918923,-0.04536232,4
117.37895678,31.96333461,40.82407783,18.67895290,156.07157588,40.82207783,-163.30132873,0.06685096,1.63922609,1.19847843,-1.15647843,-0.31415790,-0.03369178,-0.12048074,0.54126707,9.68410164,-0.48781123,-0.67628701,-0.11900646,4
117.37895647,31.96333375,40.82951183,18.58318187,156.04284299,40.82751183,-163.29903417,0.05650785,1.54966863,1.20120842,-1.15918627,-0.31504733,-0.03212682,0.06688306,0.52518588,9.64092654,-0.18645956,-1.04682577,-0.22021602,4
117.37895615,31.96333289,40.83358582,18.48741158,156.01410721,40.83158582,-163.29791760,0.06422442,1.47378203,1.21621634,-1.17349896,-0.31933448,-0.03061115,0.19763965,0.55820580,9.96442535,-0.23140604,-0.45605905,-0.16115720,4
117.37895583,31.96333203,40.83745713,18.39164147,155.98537053,40.83545713,-163.29797900,0.04981199,1.46310854,1.23709148,-1.19360282,-0.32488956,-0.03051111,0.24161386,0.50048820,9.99529971,-0.57103847,0.26127066,0.01340209,4
117.37895553,31.96333117,40.84160890,18.29587099,155.95663492,40.83960890,-163.29921839,0.03273014,1.50617141,1.25804090,-1.21381135,-0.33014468,-0.03192128,0.17828887,0.42484944,9.78501341,-0.57867675,0.79176081,0.20427131,4
117.37895525,31.96333029,40.84642325,18.20009957,155.92790236,40.84442325,-163.30163575,0.04436284,1.57817401,1.27254189,-1.22767063,-0.33343112,-0.03460981,-0.00673832,0.45078000,9.53258351,0.42146928,0.90284092,0.29236092,4
117.37895495,31.96332943,40.85143896,18.10432665,155.89917482,40.84943896,-163.30523109,0.07368211,1.64756502,1.26967786,-1.22540423,-0.33247968,-0.03572525,-0.14462535,0.63745287,9.65188644,-0.30190695,0.85344931,0.20864629,4
117.37895466,31.96332857,40.85547570,18.00855167,155.87045430,40.85347570,-163.31000442,0.05419928,1.67885297,1.26109562,-1.21710304,-0.33002732,-0.03599132,-0.13701054,0.51410987,9.91317782,-0.57893498,0.31574734,0.11934235,4
117.37895436,31.96332770,40.85901813,17.91277408,155.84174275,40.85701813,-163.31595574,0.02226357,1.67666767,1.25230808,-1.20855530,-0.32751407,-0.03574923,-0.05239953,0.35447813,10.06760093,-0.42949638,-0.19574698,0.06636534,4
117.37895404,31.96332684,40.86274672,17.81699330,155.81304217,40.86074672,-163.32308506,0.02347601,1.63933905,1.24864775,-1.20552012,-0.32638098,-0.03500191,0.05446560,0.51677059,9.82146717,-0.24856958,-0.01442818,0.08277197,4
117.37895372,31.96332598,40.86749590,17.72120878,155.78435453,40.86549590,-163.33139239,0.00875023,1.63598157,1.25916252,-1.21524653,-0.32882437,-0.03505094,0.13837121,0.46568717,9.52574773,-0.66450390,0.21654598,0.13398168,4
117.37895341,31.96332512,40.87212544,17.62541996,155.75568181,40.87012544,-163.34087774,0.02182093,1.67152680,1.27582565,-1.23114660,-0.33310928,-0.03640982,0.15394331,0.35792250,9.72506390,0.10110648,0.71373479,0.24113867,4
117.37895311,31.96332425,40.87540094,17.52962628,155.72702598,40.87340094,-163.35154112,0.05074580,1.74606712,1.28840727,-1.24341641,-0.33588277,-0.03839638,0.04819148,0.41568107,10.02829527,-0.01201754,1.06744554,0.38047677,4
117.37895282,31.96332339,40.87771278,17.43382717,155.69838903,40.87571278,-163.36338256,0.05786973,1.83512488,1.29211053,-1.24734972,-0.33604004,-0.04047359,-0.11035429,0.49232277,10.15456267,-0.72097008,1.02471967,0.43758108,4
117.37895253,31.96332251,40.88013637,17.33802208,155.66977293,40.87813637,-163.37640207,-0.00728654,1.89793042,1.28258011,-1.23859418,-0.33291236,-0.04193394,-0.19680127,0.31155174,9.80094700,-0.91281833,0.34048524,0.24919504,4
117.37895224,31.96332164,40.88483324,17.24221044,155.64117966,40.88283324,-163.39059966,-0.00318938,1.88425388,1.26749935,-1.22427784,-0.32910751,-0.04119820,-0.18823015,0.45178885,9.56256437,0.08636095,-0.08141141,0.12592767,4
117.37895194,31.96332078,40.89009369,17.14639170,155.61261119,40.88809369,-163.40597537,0.02545135,1.85739132,1.26510547,-1.22209037,-0.32808987,-0.04043789,-0.04068159,0.43437739,9.71649191,0.07743605,-0.19037266,0.14157060,4
117.37895162,31.96331992,40.89449277,17.05056529,155.58406952,40.89249277,-163.42252920,0.05039517,1.84161793,1.27531325,-1.23194367,-0.33023698,-0.04038070,0.08263377,0.41641038,9.85733417,-0.11534340,0.04779152,0.24406629,4
117.37895129,31.96331906,40.89772402,16.95473066,155.55555661,40.89572402,-163.44026118,0.05885328,1.85662100,1.29329052,-1.24929268,-0.33457317,-0.04129090,0.09683727,0.47634965,9.79495420,-0.07656625,0.53588995,0.35503225,4
117.37895098,31.96331820,40.90157879,16.85888723,155.52707444,40.89957879,-163.45917133,0.06348431,1.92675175,1.30484790,-1.26084790,-0.33741715,-0.04281103,0.04568324,0.52019792,9.74930902,-0.27379781,0.89664730,0.32984332,4
117.37895068,31.96331734,40.90624565,16.76303446,155.49862499,40.90424565,-163.49133949,0.06919393,1.98086799,1.30130770,-1.25732354,-0.33551895,-0.04418337,-0.08952264,0.43790822,9.75912479,-0.21426777,0.55900012,0.37405725,4
117.37895038,31.96331647,40.91016749,16.66715975,155.47025064,40.90816749,-163.52772682,0.08163234,2.00822239,1.29105440,-1.24743801,-0.33206987,-0.04460453,-0.14537159,0.36627433,9.78622827,-0.17613101,0.18896377,0.35236810,4
117.37895008,31.96331560,40.91268702,16.57127152,155.44192314,40.91068702,-163.55626429,0.09833059,1.99553078,1.27865341,-1.23565112,-0.32854885,-0.04377100,-0.08897905,0.37736546,9.79817159,-0.20016198,-0.06828503,0.20274232,4
117.37894978,31.96331474,40.91492290,16.47536920,155.41364450,40.91292290,-163.58597512,0.10375526,1.96464152,1.27444526,-1.23144526,-0.32714842,-0.04300144,-0.08636438,0.46780580,9.76679829,-0.12496021,-0.39702802,0.02320735,4
117.37894948,31.96331389,40.91830230,16.37945225,155.38541664,40.91630230,-163.61680223,0.12776807,1.91079804,1.27446086,-1.23146086,-0.32712811,-0.04141249,-0.04280418,0.46366367,10.07599683,-0.00464131,-0.55392811,0.07026011,4
117.37894917,31.96331303,40.92188756,16.28352015,155.35724138,40.91988756,-163.64868318,0.10377638,1.88164687,1.28454033,-1.24152547,-0.32990557,-0.04106102,0.13093617,0.37675198,9.86488696,-0.76281415,0.03900146,0.27254733,4
117.37894885,31.96331217,40.92575715,16.18757243,155.32912045,40.92375715,-163.68155733,0.06613318,1.90434440,1.30126850,-1.25792457,-0.33404847,-0.04238884,0.21674089,0.30255260,9.42545094,-0.83811716,0.80432209,0.42719141,4
117.37894856,31.96331130,40.93017302,16.09160862,155.30105546,40.92817302,-163.71536711,0.06627037,1.99538754,1.31926908,-1.27527166,-0.33781507,-0.04532850,0.06177985,0.34050041,9.19322891,0.45082176,1.18223227,0.44278398,4
117.37894829,31.96331042,40.93497901,15.99562831,155.27304794,40.93297901,-163.75005252,0.18566206,2.07583637,1.31937864,-1.27544488,-0.33683356,-0.04660418,-0.20106781,0.56034159,9.97389319,0.89706405,0.50630334,0.47673563,4
117.37894799,31.96330956,40.93883375,15.89963111,155.24509931,40.93683375,-163.78555038,0.23309545,2.07207466,1.29405778,-1.25141324,-0.33007051,-0.04556682,-0.27628756,0.50259146,10.18201692,-0.25361174,-0.33975922,0.46251224,4
117.37894769,31.96330869,40.94273864,15.80361665,155.21721088,40.94073864,-163.82179840,0.22251991,1.99783753,1.27161385,-1.22961127,-0.32387380,-0.04337589,-0.17416632,0.43686041,9.74545629,-0.33367275,-0.84617453,0.27341024,4
117.37894739,31.96330783,40.94747572,15.70758460,155.18938386,40.94547572,-163.85873632,0.23733731,1.89803318,1.26397712,-1.22197712,-0.32140677,-0.04094508,0.01410491,0.46153671,9.43608066,0.33833815,-0.92420685,0.07962330,4
117.37894708,31.96330696,40.95261429,15.61153466,155.16161937,40.95061429,-163.89630337,0.32144202,1.81109591,1.27157395,-1.22957395,-0.32310460,-0.03884973,0.17834547,0.53573173,9.77633377,0.57170278,-0.62218503,0.09395029,4
117.37894675,31.96330609,40.95550700,15.51546656,155.13391841,40.95350700,-163.93443899,0.39816487,1.77721405,1.29259527,-1.25055759,-0.32811840,-0.03825511,0.14565237,0.56557689,10.24118978,0.26996665,0.10562508,0.39793012,4
117.37894647,31.96330523,40.95760039,15.41938007,155.10628190,40.95560039,-163.97308406,0.37700727,1.82275717,1.30926975,-1.26658247,-0.33105782,-0.04018912,0.08248789,0.61755844,9.97808037,-0.96048070,0.84823894,0.60875036,4
117.37894621,31.96330436,40.96150926,15.32327496,155.07871063,40.95950926,-164.01218010,0.31519892,1.88545492,1.30967851,-1.26718306,-0.33041395,-0.04195498,-0.12726385,0.52009953,9.66240463,-0.90066719,0.60959294,0.52621007,4
117.37894594,31.96330349,40.96657692,15.22715105,155.05120534,40.96457692,-164.05166860,0.26844665,1.91659905,1.29664772,-1.25490625,-0.32664957,-0.04245788,-0.32026506,0.45502983,9.54162483,-0.30058092,-0.10766152,0.36582128,4
117.37894566,31.96330261,40.97168552,15.13100819,155.02376662,40.96968552,-164.09148861,0.27788268,1.86054548,1.27225314,-1.23125009,-0.31974596,-0.04058380,-0.23941673,0.64299662,9.74035884,-0.42405509,-0.64227100,0.35766852,4
117.37894537,31.96330175,40.97538329,15.03484626,154.99639499,40.97338329,-164.13157426,0.24631962,1.78035726,1.26892805,-1.22792805,-0.31854966,-0.03846570,-0.00111250,0.55142063,9.78380028,-0.72856705,-0.65790297,0.26266232,4
117.37894508,31.96330089,40.97896038,14.93866516,154.96909084,40.97696038,-164.17185749,0.21675373,1.73367539,1.28540238,-1.24437328,-0.32240295,-0.03806011,0.12451403,0.58375654,9.74765257,-0.43619846,-0.16326537,0.27050712,4
117.37894479,31.96330002,40.98269350,14.84246484,154.94185446,40.98069350,-164.21227517,0.20074897,1.75033228,1.30618455,-1.26466035,-0.32713781,-0.03907936,0.16190140,0.57457985,9.81838865,-0.43189864,0.45422781,0.38147301,4
117.37894449,31.96329915,40.98651718,14.74624526,154.91468602,40.98451718,-164.25277192,0.18565543,1.80338108,1.32014989,-1.27815302,-0.32998234,-0.04060528,0.08849916,0.49297500,9.86556846,-0.59160989,0.77391270,0.52594928,4
117.37894422,31.96329829,40.99035429,14.65000642,154.88758562,40.98835429,-164.29329718,0.16056243,1.86620442,1.32231182,-1.28037331,-0.32969253,-0.04205562,-0.11425438,0.37674234,9.76294408,-0.60665424,0.57967326,0.63932068,4
117.37894397,31.96329740,40.99458006,14.55374834,154.86055328,40.99258006,-164.33380671,0.14241488,1.89274687,1.31469727,-1.27342927,-0.32627733,-0.04270064,-0.17958659,0.48663335,9.81218795,-0.59016065,0.31383446,0.53485448,4
117.37894371,31.96329654,40.99935969,14.45747105,154.83358893,40.99735969,-164.37426792,0.11449967,1.89402079,1.30781420,-1.26683160,-0.32393293,-0.04244396,-0.17170187,0.51351259,9.84304866,-0.70569300,-0.00205750,0.41535308,4
117.37894343,31.96329566,41.00470577,14.36117461,154.80669249,41.00270577,-164.41465726,0.08622984,1.87208642,1.30571447,-1.26505419,-0.32300398,-0.04166227,-0.07474122,0.44392641,9.84136373,-0.69859159,-0.12796054,0.37637009,4
117.37894313,31.96329479,41.01028540,14.26485908,154.77986381,41.00828540,-164.45495215,0.06509180,1.84460244,1.31005204,-1.26999363,-0.32321506,-0.04105842,0.06764092,0.32862940,9.82384201,-0.47175269,0.05025794,0.45614604,4
117.37894284,31.96329392,41.01532819,14.16852454,154.75310274,41.01332819,-164.49512736,0.03117383,1.86724807,1.32642977,-1.28558309,-0.32645759,-0.04191760,0.07322815,0.33689933,9.94432566,-0.97827991,0.40915283,0.55498522,4
117.37894254,31.96329306,41.02014658,14.07217108,154.72640905,41.01814658,-164.53515337,-0.03077999,1.90561361,1.33687140,-1.29589017,-0.32809269,-0.04316711,-0.00041663,0.29762849,9.86228899,-0.97506063,0.45204779,0.57370035,4
117.37894225,31.96329219,41.02530170,13.97579880,154.69978248,41.02330170,-164.57499575,-0.08439782,1.93900828,1.33997885,-1.29930188,-0.32800024,-0.04430582,-0.06862754,0.28169114,9.77297982,-0.76674143,0.34342604,0.56870687,4
117.37894196,31.96329132,41.03119210,13.87940783,154.67322269,41.02919210,-164.61462040,-0.10538184,1.94810318,1.33205556,-1.29205250,-0.32540241,-0.04469355,-0.10602775,0.31642296,9.76057829,-0.44118073,0.05595295,0.53002908,4
117.37894167,31.96329045,41.03718549,13.78299831,154.64672930,41.03518549,-164.65399883,-0.09906773,1.91208623,1.32231288,-1.28235572,-0.32240726,-0.04318220,-0.18931143,0.29875468,9.77113060,-0.30231923,-0.41254787,0.37450704,4
117.37894139,31.96328958,41.04210936,13.68657038,154.62030189,41.04010936,-164.69310743,-0.10756363,1.84739346,1.31474890,-1.27540241,-0.32006953,-0.04163901,-0.10644929,0.34049456,9.81132889,-0.44041784,-0.65083548,0.28372355,4
117.37894110,31.96328872,41.04717747,13.59012422,154.59393999,41.04517747,-164.73192809,-0.10370240,1.77798540,1.31564818,-1.27663457,-0.31948245,-0.04012000,-0.01063599,0.43613599,9.68684603,-0.06950183,-0.64273692,0.32513862,4
117.37894081,31.96328786,41.05279208,13.49365999,154.56764311,41.05079208,-164.77044854,-0.06689110,1.72769640,1.32504758,-1.28582124,-0.32067638,-0.03900536,0.08696431,0.56951478,9.59107023,0.60046348,-0.29844768,0.47869504,4
117.37894053,31.96328699,41.05893336,13.39717787,154.54141075,41.05693336,-164.80865831,0.02273045,1.73242319,1.33872268,-1.29877155,-0.32294606,-0.03909265,0.22996321,0.69188965,9.98513666,0.63919648,0.47843314,0.65475155,4
117.37894027,31.96328612,41.06384402,13.30067805,154.51524239,41.06184402,-164.84654638,0.06379685,1.78078091,1.34710198,-1.30713363,-0.32412796,-0.04038003,0.07836493,0.57720369,9.96546366,0.03777005,0.49289246,0.73598072,4
117.37894001,31.96328524,41.06804434,13.20416071,154.48913749,41.06604434,-164.88410096,0.08547932,1.81247224,1.34167208,-1.30216732,-0.32156740,-0.04143589,-0.06248354,0.54586433,9.70276224,0.01832867,0.33590112,0.75152719,4
117.37893977,31.96328437,41.07246484,13.10762605,154.46309548,41.07046484,-164.92130792,0.12731763,1.81359913,1.32610528,-1.28741204,-0.31647158,-0.04137841,-0.10568383,0.63654366,9.52303995,0.58750235,0.05708373,0.66004645,4
117.37893953,31.96328348,41.07806676,13.01107427,154.43711579,41.07606676,-164.95815132,0.22777588,1.79331566,1.31592196,-1.27789925,-0.31317558,-0.03998330,-0.03579302,0.76493620,9.80440896,1.08021031,-0.21516244,0.49830846,4
117.37893926,31.96328260,41.08151156,12.91450558,154.41119780,41.07951156,-164.99462240,0.32053974,1.76562910,1.32387361,-1.28587351,-0.31409745,-0.03927842,0.01779014,0.76520843,9.90268307,0.54088752,-0.09467301,0.55816553,4
117.37893900,31.96328173,41.08384881,12.81792021,154.38534089,41.08184881,-165.03072556,0.36044249,1.78833966,1.34207714,-1.30407714,-0.31759428,-0.04083107,0.11965571,0.82306577,9.80291595,0.19360117,0.56761138,0.65265872,4
117.37893874,31.96328086,41.08639161,12.72131834,154.35954446,41.08439161,-165.06646989,0.38343575,1.84716551,1.36072581,-1.32272581,-0.32099204,-0.04303083,0.14030625,0.86675209,9.72801404,-0.03529601,1.09271448,0.66234440,4
117.37893848,31.96327998,41.08965632,12.62470021,154.33380792,41.08765632,-165.10186368,0.39673448,1.93902958,1.37311969,-1.33511969,-0.32258601,-0.04525729,0.00481483,0.86554824,9.79690392,-0.14933774,1.09041961,0.55799210,4
117.37893823,31.96327912,41.09295842,12.52806599,154.30813071,41.09095842,-165.13691913,0.40196968,1.99667221,1.36909084,-1.33109084,-0.32060223,-0.04648488,-0.15834930,0.86164455,10.00291221,-0.20148458,0.54286002,0.60714139,4
117.37893797,31.96327824,41.09621505,12.43141591,154.28251229,41.09421505,-165.17165215,0.42233441,2.00161770,1.36325996,-1.32528006,-0.31838790,-0.04641156,-0.21627490,0.78382389,9.96515078,-0.00404809,-0.15389612,0.64542970,4
117.37893772,31.96327737,41.09986207,12.33475014,154.25695213,41.09786207,-165.20607807,0.45294553,1.95136642,1.35871350,-1.32102575,-0.31638408,-0.04506611,-0.13905564,0.75668916,9.84788787,0.09998966,-0.69008132,0.67200414,4
117.37893746,31.96327649,41.10412349,12.23806889,154.23144974,41.10212349,-165.24021277,0.48280713,1.86733717,1.36053446,-1.32345913,-0.31556925,-0.04312138,0.04880196,0.85482298,9.84895081,-0.17984074,-0.73931893,0.68003587,4
117.37893719,31.96327562,41.10747551,12.14137232,154.20600467,41.10547551,-165.27407435,0.48083548,1.84854567,1.39156673,-1.35386187,-0.32197646,-0.04375260,0.13591265,0.60942297,9.94152766,-0.29329669,0.08639913,0.57284771,4
117.37893692,31.96327475,41.11001791,12.04466061,154.18061648,41.10801791,-165.30768154,0.46489930,1.86995810,1.41858205,-1.38024140,-0.32737851,-0.04502606,0.12515171,0.52508316,9.98492884,-0.55269337,0.55932560,0.57990427,4
117.37893665,31.96327388,41.11189096,11.94793393,154.15528478,41.10989096,-165.34105249,0.43697159,1.92581560,1.44026556,-1.40136507,-0.33144555,-0.04684359,0.02480136,0.58772267,9.95791876,-0.89505761,0.64157973,0.70710996,4
117.37893639,31.96327301,41.11456120,11.85119244,154.13000919,41.11256120,-165.37457111,0.41162358,1.96316796,1.45509143,-1.41611154,-0.33375247,-0.04881342,-0.07439951,0.46355241,9.71325778,-0.56972598,0.41527563,0.91325452,4
117.37893614,31.96327214,41.11769131,11.75443592,154.10479060,41.11569131,-165.40837045,0.39242236,1.97776187,1.46124512,-1.42252878,-0.33385746,-0.04970841,-0.13373343,0.41528643,9.65812444,-0.44996351,0.13021925,0.98485084,4
117.37893591,31.96327126,41.12124674,11.65766441,154.07962910,41.11924674,-165.44222623,0.37904205,1.96689257,1.45861007,-1.42044372,-0.33170617,-0.04912554,-0.13813021,0.50909511,9.89424839,-0.77055508,-0.12795643,0.85085442,4
117.37893565,31.96327038,41.12524971,11.56087793,154.05452482,41.12324971,-165.47617756,0.34779971,1.95032270,1.46512003,-1.42711887,-0.33156180,-0.04847274,-0.11431659,0.47297150,9.88904265,-0.84975931,-0.17676512,0.66737392,4
117.37893538,31.96326950,41.12931821,11.46407646,154.02947797,41.12731821,-165.51026961,0.31237428,1.93139874,1.47484925,-1.43684925,-0.33244282,-0.04800342,-0.07275948,0.42465268,9.86659823,-0.82586768,-0.16394635,0.52144863,4
117.37893510,31.96326863,41.13317963,11.36726000,154.00448885,41.13117963,-165.54455173,0.28281337,1.91188536,1.48353523,-1.44549915,-0.33381074,-0.04800000,-0.02230731,0.46385066,10.00839421,-0.82765154,-0.21658010,0.51377490,4
117.37893483,31.96326776,41.13777727,11.27042849,153.97955782,41.13577727,-165.57907475,0.23466324,1.88626714,1.49723326,-1.45876673,-0.33634766,-0.04799704,-0.02089250,0.40739835,9.85457056,-1.10392211,-0.33066289,0.60691084,4
117.37893456,31.96326689,41.14279475,11.17358188,153.95468535,41.14079475,-165.61388357,0.18066640,1.85722336,1.51213499,-1.47322181,-0.33906234,-0.04791726,-0.03356599,0.33465201,9.59939455,-1.37065812,-0.42443187,0.71970699,4
117.37893429,31.96326602,41.14839883,11.07672008,153.92987198,41.14639883,-165.64900963,0.14326623,1.82520081,1.52098856,-1.48259917,-0.33972446,-0.04740565,0.00429115,0.42333932,9.53921942,-0.81266099,-0.20439507,0.68131666,4
117.37893402,31.96326515,41.15392194,10.97984299,153.90511827,41.15192194,-165.68447947,0.12501030,1.81437462,1.53473751,-1.49649061,-0.34146070,-0.04749085,0.07237923,0.44946926,9.55698482,-0.29042961,0.20783053,0.68901456,4
117.37893376,31.96326427,41.15910608,10.88295053,153.88042484,41.15710608,-165.72032583,0.14662319,1.85334790,1.55861812,-1.51975570,-0.34542257,-0.04901423,0.18891407,0.36047964,9.71996290,0.11097727,1.00110893,0.79737755,4
117.37893350,31.96326340,41.16258157,10.78604256,153.85579237,41.16058157,-165.75658473,0.17458827,1.95527358,1.58148068,-1.54248178,-0.34906021,-0.05262432,0.16526424,0.44689914,9.75150701,0.16185772,1.66973842,0.93672457,4
117.37893325,31.96326252,41.16557801,10.68911897,153.83122160,41.16357801,-165.79329388,0.20845205,2.07867275,1.60104162,-1.56204162,-0.35185579,-0.05680922,0.08175374,0.56604099,9.78267400,0.18031146,2.14393727,1.07393997,4
117.37893299,31.96326165,41.16857095,10.59217959,153.80671335,41.16657095,-165.83049698,0.25937326,2.21631546,1.60596893,-1.56701237,-0.35105122,-0.06081685,-0.09462047,0.60367926,9.96716290,0.45234385,1.86179638,1.15196429,4
117.37893274,31.96326077,41.17172460,10.49522427,153.78226850,41.16972460,-165.86823992,0.28849985,2.30892921,1.59780744,-1.55938676,-0.34752673,-0.06298127,-0.26768061,0.55372159,10.02503047,0.28675661,1.10890811,1.09652708,4
117.37893249,31.96325990,41.17503692,10.39825282,153.75788802,41.17303692,-165.90655827,0.29108284,2.34041781,1.57445114,-1.53711628,-0.34088466,-0.06279259,-0.41737934,0.42323351,9.92799404,-0.34585383,-0.14621891,0.88406765,4
117.37893220,31.96325903,41.17806711,10.30126504,153.73357291,41.17606711,-165.94547609,0.28441265,2.28303826,1.55078155,-1.51427865,-0.33455390,-0.06046030,-0.37020824,0.50187998,9.77588338,-0.49449217,-0.97445788,0.65438025,4
117.37893191,31.96325816,41.18111968,10.20426074,153.70932423,41.17911968,-165.98501832,0.28811811,2.18375079,1.53657137,-1.50056685,-0.33060953,-0.05745371,-0.17828271,0.61929821,9.68676833,-0.18360386,-1.21998729,0.49403546,4
117.37893161,31.96325729,41.18465117,10.10723971,153.68514307,41.18265117,-166.02521603,0.33172448,2.10532367,1.54819742,-1.51216469,-0.33255473,-0.05583809,0.09521847,0.54978394,9.82991756,0.55845436,-0.57470113,0.54189521,4
117.37893132,31.96325643,41.18844911,10.01020172,153.66103059,41.18644911,-166.06610083,0.38258446,2.07790815,1.57389168,-1.53748295,-0.33708492,-0.05583235,0.21444356,0.55283882,9.92705292,0.62118583,0.06979315,0.67751038,4
117.37893105,31.96325556,41.19243975,9.91314653,153.63698798,41.19043975,-166.10770630,0.43326908,2.09830835,1.60864793,-1.57165351,-0.34314699,-0.05732687,0.18702974,0.59616248,9.94036980,0.16388479,0.65264570,0.88366968,4
117.37893079,31.96325469,41.19625636,9.81607390,153.61301652,41.19425636,-166.15006915,0.44063408,2.15731996,1.62408608,-1.58709769,-0.34471467,-0.05998551,0.03601921,0.48119078,9.63948866,0.11563576,0.82386949,1.07268518,4
117.37893054,31.96325380,41.20045464,9.71898357,153.58911753,41.19845464,-166.19321821,0.46136960,2.21483481,1.63329367,-1.59647890,-0.34487688,-0.06216576,-0.11083763,0.44448982,9.46494041,0.28175287,0.87304196,1.17224615,4
117.37893030,31.96325292,41.20574963,9.62187527,153.56529239,41.20374963,-166.23717168,0.52617501,2.26266167,1.62403401,-1.58788285,-0.34094805,-0.06276664,-0.22900247,0.63071318,9.68263674,1.00434731,0.55178157,1.00764508,4
117.37893007,31.96325204,41.21034698,9.52474873,153.54154247,41.20834698,-166.28194755,0.61049836,2.27142579,1.61439257,-1.57886779,-0.33761459,-0.06251366,-0.22624022,0.62098108,9.88012950,0.90604654,0.13102594,0.92032102,4
117.37892985,31.96325117,41.21455138,9.42760369,153.51786923,41.21255138,-166.32756722,0.69332218,2.25899291,1.60608348,-1.57107827,-0.33473214,-0.06180925,-0.16822176,0.53815870,10.03519985,0.47174617,-0.28144030,0.87192134,4
117.37892959,31.96325029,41.21828197,9.33043984,153.49427411,41.21628197,-166.37405068,0.72055085,2.22153835,1.60636065,-1.57136065,-0.33300327,-0.06061275,-0.09145742,0.52820615,9.99546428,0.18733926,-0.38992194,0.85041414,4
117.37892932,31.96324941,41.22235302,9.23325692,153.47075861,41.22035302,-166.42141850,0.75558798,2.18837207,1.61044798,-1.57544798,-0.33260267,-0.05970988,-0.01418259,0.53184003,9.86077148,0.23359798,-0.32725736,0.83852230,4
117.37892905,31.96324854,41.22682959,9.13605462,153.44732428,41.22482959,-166.46969415,0.80192657,2.16395204,1.61948672,-1.58448672,-0.33376104,-0.05926969,0.05698556,0.55206560,9.64165856,0.62520156,-0.05342609,0.84101538,4
117.37892878,31.96324767,41.23140396,9.03883265,153.42397270,41.22940396,-166.51889867,0.86432398,2.17361676,1.63504691,-1.60005511,-0.33544042,-0.05998922,0.06621830,0.58999740,9.62808314,0.72816249,0.39706742,0.87865080,4
117.37892852,31.96324680,41.23580554,8.94159070,153.40070546,41.23380554,-166.56904993,0.92770963,2.20727218,1.65181119,-1.61695175,-0.33698380,-0.06141087,0.03036486,0.62620013,9.75457030,0.56660883,0.82032141,0.93405062,4
117.37892827,31.96324593,41.23933835,8.84432846,153.37752422,41.23733835,-166.62017001,0.96071438,2.26215572,1.65947564,-1.62517592,-0.33686327,-0.06312816,-0.05346890,0.62042304,9.97883447,0.01727840,0.77392622,0.98402329,4
117.37892802,31.96324505,41.24260774,8.74704563,153.35443065,41.24060774,-166.67229145,0.97165886,2.30076003,1.66005260,-1.62604948,-0.33537349,-0.06431593,-0.14683618,0.61119994,10.00628044,-0.23792540,0.55560297,1.00714335,4
117.37892778,31.96324417,41.24570046,8.64974187,153.33142652,41.24370046,-166.72545448,0.96026476,2.31743367,1.65270911,-1.61875803,-0.33234845,-0.06482270,-0.24046822,0.59338620,9.82003283,-0.18205756,0.15922086,0.98189545,4
117.37892753,31.96324329,41.24969448,8.55241686,153.30851365,41.24769448,-166.77969942,0.96209994,2.29965460,1.64320393,-1.60972366,-0.32888818,-0.06444749,-0.24870076,0.53068204,9.66551764,-0.25456813,-0.19691183,0.79177506,4
117.37892729,31.96324241,41.25406361,8.45507025,153.28569393,41.25206361,-166.83505947,0.97282598,2.26328758,1.63549961,-1.60249447,-0.32603080,-0.06345536,-0.21899607,0.48089479,9.60457826,-0.24192260,-0.56697505,0.58792974,4
117.37892704,31.96324154,41.25882340,8.35770169,153.26296931,41.25682340,-166.89155688,1.00164237,2.19362469,1.63754775,-1.60454775,-0.32602599,-0.06108830,-0.13919796,0.54042865,9.86215739,0.19249381,-1.00504653,0.52636161,4
117.37892678,31.96324067,41.26336417,8.26031084,153.24034174,41.26136417,-166.94920484,1.02211382,2.11796640,1.64306834,-1.61006834,-0.32629870,-0.05881792,-0.04627711,0.67111864,10.06812772,0.05099492,-1.11397893,0.52092056,4
117.37892651,31.96323979,41.26764156,8.16289733,153.21781323,41.26564156,-167.00800966,1.02849137,2.04001540,1.65278968,-1.61978968,-0.32696547,-0.05680409,0.05411321,0.83437175,10.17661017,-0.67019000,-0.84932456,0.57938067,4
117.37892625,31.96323891,41.27169170,8.06546084,153.19538577,41.26969170,-167.06797125,0.99072056,1.99490187,1.66800058,-1.63500058,-0.32879232,-0.05601426,0.10203513,0.63238448,9.94341012,-1.06315028,-0.38221016,0.68932881,4
117.37892601,31.96323804,41.27571610,7.96800103,153.17306134,41.27371610,-167.12908753,0.92952116,1.97781616,1.68583146,-1.65283146,-0.33114310,-0.05616715,0.10375229,0.28162654,9.55776681,-1.16619602,0.14407304,0.80631055,4
117.37892577,31.96323716,41.28044579,7.87051755,153.15084194,41.27844579,-167.19135694,0.89709977,1.99964495,1.69823923,-1.66524932,-0.33216977,-0.05718997,0.03441225,0.43425829,9.56451813,-0.85566020,0.26454769,0.77658796,4
117.37892554,31.96323628,41.28541833,7.77301011,153.12872956,41.28341833,-167.25477536,0.86354889,2.01778306,1.70724667,-1.67440865,-0.33266725,-0.05799122,-0.04074150,0.56829528,9.59891594,-0.70986078,0.27941278,0.77600829,4
117.37892532,31.96323540,41.29120070,7.67547837,153.10672617,41.28920070,-167.31933244,0.82360540,2.01919575,1.70465563,-1.67241288,-0.33131029,-0.05792992,-0.12714906,0.60432675,9.70162308,-1.09486911,-0.05053792,0.86960109,4
117.37892511,31.96323451,41.29702678,7.57792204,153.08483372,41.29502678,-167.38501072,0.77154953,1.99831502,1.70069662,-1.66869402,-0.32916421,-0.05726360,-0.16272999,0.51145022,9.70729599,-1.06371402,-0.36846139,0.86791400,4
117.37892489,31.96323363,41.30287672,7.48034082,153.06305415,41.30087672,-167.45179055,0.71423135,1.96079171,1.69619969,-1.66425200,-0.32661998,-0.05613288,-0.15812959,0.37842596,9.67714289,-0.78779693,-0.65704094,0.79489018,4
117.37892466,31.96323275,41.30875411,7.38273445,153.04138934,41.30675411,-167.51965087,0.67819822,1.90636122,1.69407410,-1.66258957,-0.32498687,-0.05441612,-0.10076067,0.59174217,9.87567430,-0.78490545,-0.79282825,0.65967976,4
117.37892443,31.96323187,41.31488350,7.28510266,153.01984114,41.31288350,-167.58856685,0.64688755,1.84363187,1.69434750,-1.66334221,-0.32415913,-0.05242168,-0.03046985,0.82237581,10.13451243,-0.93719892,-0.86739768,0.51725796,4
117.37892420,31.96323100,41.32172763,7.18744520,152.99841136,41.31972763,-167.65851353,0.60150347,1.77696431,1.69928628,-1.66828628,-0.32469847,-0.05037201,0.01282785,0.66245766,10.25782451,-1.21446563,-0.92766087,0.43404325,4
117.37892397,31.96323011,41.32821006,7.08976184,152.97710176,41.32621006,-167.72946798,0.54042418,1.71615050,1.70648347,-1.67548347,-0.32549816,-0.04901491,0.05123789,0.48233222,10.06673639,-1.42334824,-0.80498894,0.38437540,4
117.37892374,31.96322922,41.33410327,6.99205237,152.95591409,41.33210327,-167.80140363,0.45664155,1.67183864,1.71829415,-1.68725034,-0.32683967,-0.04904380,0.08020967,0.30579248,9.35529199,-1.43838929,-0.34079023,0.41185919,4
117.37892353,31.96322834,41.34097063,6.89431659,152.93485002,41.33897063,-167.87426568,0.42983412,1.66711739,1.73279653,-1.70136889,-0.32870692,-0.04942762,0.10473327,0.39494652,9.30071652,-0.99579808,0.03104820,0.54463960,4
117.37892332,31.96322746,41.34812755,6.79655434,152.91391109,41.34612755,-167.94800011,0.42436578,1.67692776,1.74740046,-1.71556347,-0.33052418,-0.04983699,0.11589678,0.55779833,9.53951922,-0.45818042,0.29942944,0.71306569,4
117.37892311,31.96322658,41.35453033,6.69876547,152.89309881,41.35253033,-168.02257174,0.41129010,1.67990025,1.75485521,-1.72340192,-0.33040522,-0.04946448,0.04155133,0.49511765,10.01222823,-0.53214154,0.08527796,0.84043501,4
117.37892291,31.96322569,41.36018161,6.60094986,152.87241461,41.35818161,-168.09794333,0.39904693,1.67868124,1.75864738,-1.72764241,-0.32938930,-0.04915890,-0.03134798,0.38924849,10.28371921,-0.61930431,-0.11728422,0.93444888,4
117.37892272,31.96322480,41.36433901,6.50310739,152.85185985,41.36233901,-168.17408305,0.39494016,1.67154865,1.75772228,-1.72673982,-0.32737436,-0.04964764,-0.02982264,0.34598561,9.81602388,-0.28941234,0.08468948,0.96289138,4
117.37892253,31.96322392,41.36894736,6.40523798,152.83143587,41.36694736,-168.25095601,0.38643309,1.66935468,1.75722750,-1.72644729,-0.32557581,-0.04999615,0.00239087,0.37198937,9.50167535,-0.26637313,0.19723383,0.95401567,4
117.37892232,31.96322303,41.37468063,6.30734154,152.81114391,41.37268063,-168.32852187,0.37140940,1.67629386,1.75792305,-1.72772074,-0.32432105,-0.04991643,0.09074769,0.54139494,9.57983781,-0.82279427,0.08564615,0.85506531,4
117.37892211,31.96322215,41.38075764,6.20941803,152.79098516,41.37875764,-168.40674240,0.38535913,1.66504318,1.75919214,-1.72918996,-0.32320815,-0.04920379,0.08306180,0.59916550,9.80509004,-0.32898972,-0.08072662,0.71371795,4
117.37892189,31.96322126,41.38696211,6.11146739,152.77096074,41.38496211,-168.48558335,0.41392301,1.64416773,1.76031729,-1.73037567,-0.32214379,-0.04820217,0.03169986,0.59337034,10.06546182,0.54410546,-0.24451231,0.57966962,4
117.37892168,31.96322038,41.39284645,6.01348961,152.75107172,41.39084645,-168.56500832,0.43805393,1.62267414,1.75858312,-1.72911045,-0.32095881,-0.04749679,0.02726249,0.54843268,10.03830705,0.21346300,-0.19144037,0.65412562,4
117.37892148,31.96321950,41.39859595,5.91548466,152.73131912,41.39659595,-168.64497647,0.44410745,1.60722776,1.75916236,-1.73015715,-0.32015977,-0.04730391,0.05013455,0.45330605,9.82982687,-0.42114227,-0.03824288,0.80641538,4
117.37892126,31.96321862,41.40429917,5.81745255,152.71170384,41.40229917,-168.72544514,0.40260579,1.61122099,1.76976005,-1.74076005,-0.32062896,-0.04831501,0.10044813,0.27020011,9.41654321,-0.60375958,0.17537682,0.95172572,4
117.37892105,31.96321773,41.41002544,5.71939331,152.69222675,41.40802544,-168.80636924,0.38060042,1.62124479,1.77875701,-1.74975701,-0.32076636,-0.04922204,0.12879342,0.29629462,9.22309813,-0.55690260,0.38715703,1.00018398,4
117.37892085,31.96321684,41.41566461,5.62130696,152.67288862,41.41366461,-168.88769949,0.39388346,1.64543167,1.78330781,-1.75435328,-0.32005240,-0.04985667,0.10164411,0.73730042,9.53481337,-0.19930548,0.56357706,0.84565825,4
117.37892065,31.96321595,41.42030635,5.52319356,152.65369015,41.41830635,-168.96938280,0.34101782,1.67843314,1.78332138,-1.75473697,-0.31875529,-0.05041354,0.03200447,0.80265053,9.92572745,-1.18605842,0.52729502,0.77858934,4
117.37892045,31.96321507,41.42432780,5.42505317,152.63463191,41.42232780,-169.05136402,0.25104255,1.71114740,1.78070162,-1.75258587,-0.31709345,-0.05088425,-0.04712842,0.66778827,10.26799524,-2.56884716,0.37246737,0.76672268,4
117.37892024,31.96321418,41.42730361,5.32688587,152.61571440,41.42530361,-169.13359218,0.11881953,1.71530873,1.77473882,-1.74673758,-0.31481161,-0.05103923,-0.05452091,0.38179946,10.05157236,-2.41176754,0.11035871,0.84358527,4
117.37892004,31.96321331,41.43051205,5.22869175,152.59693804,41.42851205,-169.21602674,-0.01130135,1.72111434,1.77297497,-1.74497497,-0.31301995,-0.05151066,-0.00120961,0.22279494,9.77609129,-2.04829362,0.15776747,0.88818390,4
117.37891984,31.96321242,41.43520284,5.13047090,152.57830318,41.43320284,-169.29863423,-0.10346642,1.75678150,1.78500596,-1.75700596,-0.31308814,-0.05313372,0.13936842,0.48975683,9.79978494,-2.40826907,1.04823665,0.78318539,4
117.37891965,31.96321154,41.44017832,5.03222342,152.55981011,41.43817832,-169.38137748,-0.21163073,1.81284436,1.79928664,-1.77128664,-0.31398276,-0.05546318,0.18392931,0.54006365,9.77097734,-2.68414141,1.55119146,0.73165935,4
117.37891945,31.96321065,41.44553153,4.93394939,152.54145906,41.44353153,-169.46421086,-0.34815587,1.90359021,1.81607387,-1.78811568,-0.31607328,-0.05896528,0.04740329,0.20275187,9.64399342,-2.70217348,1.29275331,0.79852421,4
117.37891926,31.96320976,41.44998088,4.83564893,152.52325016,41.44798088,-169.54708321,-0.46551415,1.97129448,1.82268510,-1.79506015,-0.31586619,-0.06148720,-0.07088269,0.08708104,9.57047894,-2.14143956,0.96813429,0.96245303,4
117.37891906,31.96320887,41.45401374,4.73732213,152.50518346,41.45201374,-169.62993323,-0.56794129,2.02078543,1.82249760,-1.79537433,-0.31416891,-0.06320547,-0.17467198,0.11904349,9.56995341,-1.41850326,0.58767908,1.14339611,4
117.37891886,31.96320799,41.45858860,4.63896910,152.48725886,41.45658860,-169.71267944,-0.64023394,2.03223270,1.81363578,-1.78708435,-0.31085246,-0.06309157,-0.25434025,0.32264389,9.87102451,-1.74911655,0.03672227,1.07986701,4
117.37891866,31.96320710,41.46344907,4.54058996,152.46947613,41.46144907,-169.79522212,-0.70896687,2.01039928,1.79983582,-1.77381581,-0.30673398,-0.06163390,-0.29639274,0.56922186,10.25588391,-2.60851626,-0.59719665,0.85910726,4
117.37891845,31.96320622,41.46803604,4.44218485,152.45183485,41.46603604,-169.87745353,-0.86858173,1.92297642,1.78759056,-1.76159040,-0.30364699,-0.05864408,-0.19314367,0.44289827,10.02963093,-2.79440487,-1.10831653,0.57750108,4
117.37891825,31.96320534,41.47284904,4.34375391,152.43433437,41.47084904,-169.95926304,-1.02584824,1.83684368,1.77890247,-1.75290247,-0.30129704,-0.05585063,-0.06539934,0.29788425,9.79360900,-2.82648752,-1.41182522,0.34559495,4
117.37891804,31.96320444,41.47909195,4.24529731,152.41697390,41.47709195,-170.04054170,-1.14717066,1.77834008,1.79173814,-1.76573814,-0.30315806,-0.05473680,0.15739547,0.13048270,9.65154563,-2.15567677,-0.54573769,0.42987048,4
117.37891784,31.96320356,41.48543327,4.14681521,152.39975243,41.48343327,-170.12118582,-1.26114089,1.75717265,1.80920384,-1.78320384,-0.30532354,-0.05480778,0.24143734,-0.01045801,9.59683066,-1.95088257,-0.01815553,0.55345499,4
117.37891763,31.96320268,41.49185018,4.04830779,152.38266878,41.48985018,-170.20108868,-1.36649311,1.77985601,1.83100299,-1.80500299,-0.30763214,-0.05619864,0.15588628,-0.09907560,9.65605877,-2.27986624,0.08935877,0.71336913,4
117.37891744,31.96320179,41.49808993,3.94977521,152.36572157,41.49608993,-170.28013061,-1.46961389,1.79842749,1.84567926,-1.81967926,-0.30867234,-0.05699111,0.05519502,-0.03150870,9.79609037,-2.34418094,0.20891705,0.82315165,4
117.37891726,31.96320090,41.50414410,3.85121766,152.34890920,41.50214410,-170.35818021,-1.57135273,1.81098719,1.85009245,-1.82414255,-0.30790023,-0.05710020,-0.04219305,0.20853084,9.98174837,-2.10727182,0.34009013,0.85507965,4
117.37891710,31.96320001,41.51046400,3.75263532,152.33222983,41.50846400,-170.43509335,-1.68168720,1.82266158,1.84734764,-1.82176923,-0.30589374,-0.05784317,-0.01011349,0.28184688,9.80941825,-2.15274381,0.40855265,0.80110006,4
117.37891694,31.96319912,41.51679842,3.65402839,152.31568135,41.51479842,-170.51070950,-1.78825642,1.84013977,1.84314829,-1.81801378,-0.30367257,-0.05897412,0.06396041,0.26869575,9.49925858,-2.11923750,0.50730941,0.72481616,4
117.37891677,31.96319823,41.52256384,3.55539707,152.29926136,41.52056384,-170.58485628,-1.84867238,1.89633217,1.84660494,-1.82160343,-0.30300260,-0.06102139,0.09304567,0.11330344,9.18257095,-0.90758925,0.93883376,0.71131938,4
117.37891660,31.96319734,41.52779123,3.45674158,152.28296715,41.52579123,-170.65735337,-1.86630677,1.96042402,1.85267416,-1.82767416,-0.30289456,-0.06308220,0.07636960,-0.02072836,9.06319835,0.45761315,1.26352659,0.73047306,4
117.37891642,31.96319645,41.53175528,3.35806215,152.26679569,41.52975528,-170.72801349,-1.78678348,1.98950004,1.85607453,-1.83107917,-0.30238416,-0.06359267,-0.04994081,0.18027222,9.77130782,0.38880367,0.56764262,0.77561901,4
117.37891624,31.96319556,41.53532628,3.25935904,152.25074361,41.53332628,-170.79664746,-1.72031910,2.01600544,1.85701552,-1.83213740,-0.30139553,-0.06399508,-0.13609391,0.32215097,10.34445755,0.15260599,0.11100387,0.82959039,4
117.37891606,31.96319468,41.53729431,3.16063251,152.23480721,41.53529431,-170.86306678,-1.71990517,2.03598732,1.84804816,-1.82374705,-0.29843963,-0.06416469,-0.04342315,0.19670195,10.25268843,-0.64736081,0.71608925,0.90845472,4
117.37891588,31.96319379,41.53978093,3.06188283,152.21898247,41.53778093,-170.92707058,-1.74050841,2.07723607,1.84515099,-1.82114724,-0.29642138,-0.06549350,0.01295371,0.16159638,10.00340949,-0.72356305,0.94001474,0.89611979,4
117.37891570,31.96319290,41.54287305,2.96311027,152.20326499,41.54087305,-170.98843225,-1.77651865,2.13707220,1.84780412,-1.82384817,-0.29528754,-0.06784060,0.02338127,0.20913888,9.63969088,-0.10677732,0.74494303,0.80275382,4
117.37891552,31.96319201,41.54632715,2.86431516,152.18764994,41.54432715,-171.04690988,-1.77586000,2.17400113,1.84489699,-1.82128789,-0.29344248,-0.06898478,-0.01022363,0.16375477,9.54297824,0.11555980,0.45297086,0.79828960,4
117.37891535,31.96319112,41.54988561,2.76549784,152.17213208,41.54788561,-171.10225503,-1.74663116,2.18765724,1.83742942,-1.81436497,-0.29098547,-0.06900000,-0.07119333,0.04383091,9.70074954,-0.05428598,0.14617577,0.86592835,4
117.37891518,31.96319023,41.55213422,2.66665868,152.15670573,41.55013422,-171.15420215,-1.75006763,2.19058470,1.83380193,-1.81080111,-0.28886414,-0.06900000,-0.05676847,-0.00279621,9.89241196,-0.33288046,0.24899568,0.86794380,4
117.37891501,31.96318934,41.55409741,2.56779811,152.14136471,41.55209741,-171.20246878,-1.75976238,2.19573649,1.83094433,-1.80803479,-0.28690259,-0.06918091,-0.03163920,-0.02556293,10.02910461,-0.57990145,0.39970182,0.86109544,4
117.37891483,31.96318845,41.55550327,2.46891659,152.12610236,41.55350327,-171.24676781,-1.77916284,2.22166244,1.83000047,-1.80766372,-0.28564476,-0.07038574,-0.00293681,0.03406069,9.83979444,-0.55846251,0.51356784,0.85486070,4
117.37891465,31.96318756,41.55763058,2.37001463,152.11091150,41.55563058,-171.28680692,-1.78726251,2.25046187,1.83201963,-1.81001430,-0.28473713,-0.07153640,0.01493216,0.10295577,9.72108617,-0.44850740,0.57544959,0.86274645,4
117.37891448,31.96318669,41.56064530,2.27109281,152.09578445,41.55864530,-171.32228389,-1.78071887,2.28184910,1.83697555,-1.81497555,-0.28409059,-0.07253491,0.01187920,0.16117018,9.72143710,-0.27156524,0.57810156,0.88737278,4
117.37891430,31.96318580,41.56343104,2.17215177,152.08071298,41.56143104,-171.35289170,-1.77295623,2.31513555,1.83776557,-1.81576557,-0.28254699,-0.07335556,-0.04279642,0.09885851,9.81303295,-0.27717593,0.59832719,0.90788903,4
117.37891413,31.96318491,41.56570612,2.07319221,152.06568834,41.56370612,-171.37831961,-1.76983701,2.34815945,1.83421791,-1.81228160,-0.28016650,-0.07397429,-0.13791065,-0.06777354,9.95544597,-0.51587137,0.60334563,0.91386791,4
117.37891395,31.96318402,41.56649632,1.97421491,152.05070123,41.56449632,-171.39824737,-1.80021273,2.36800137,1.83149625,-1.80999891,-0.27849839,-0.07450107,-0.15020456,-0.09552110,9.83816135,-0.97810082,0.40265471,0.86163223,4
117.37891378,31.96318313,41.56710976,1.87522072,152.03574177,41.56510976,-171.41234846,-1.83632530,2.38230749,1.82845120,-1.80739623,-0.27683545,-0.07494503,-0.14194876,-0.07333404,9.69710400,-1.31792694,0.18091497,0.80376844,4
117.37891360,31.96318224,41.56833354,1.77621060,152.02079954,41.56633354,-171.42029398,-1.86815737,2.37943091,1.82311519,-1.80213788,-0.27452375,-0.07502269,-0.10287162,0.07918380,9.71312809,-0.74865850,0.07965363,0.77892552,4
117.37891342,31.96318136,41.56992144,1.67718559,152.00586352,41.56792144,-171.42174585,-1.88753979,2.38166246,1.82214070,-1.80137547,-0.27303540,-0.07523479,-0.04965346,0.17566880,9.84467325,-0.44611476,0.14917490,0.78046669,4
117.37891324,31.96318047,41.57194902,1.57814687,151.99092211,41.56994902,-171.41635348,-1.89096555,2.39768605,1.82869140,-1.80840393,-0.27300000,-0.07581139,0.01297301,0.14462448,10.09564995,-0.76015585,0.46061085,0.81745386,4
117.37891306,31.96317958,41.57391298,1.47909570,151.97596307,41.57191298,-171.40375863,-1.91629534,2.42888324,1.83598898,-1.81598143,-0.27300000,-0.07693563,0.02599254,0.03268101,10.11562224,-1.06171070,0.74277836,0.85871405,4
117.37891289,31.96317870,41.57584579,1.38003352,151.96097357,41.57384579,-171.38359754,-1.97011682,2.48219618,1.84370886,-1.82370886,-0.27289322,-0.07889917,-0.02823265,-0.14436712,9.84158580,-1.29363670,0.96503316,0.90361556,4
117.37891273,31.96317781,41.57820128,1.28096190,151.94594013,41.57620128,-171.35550443,-2.01703972,2.55073781,1.84937521,-1.82937521,-0.27211480,-0.08164388,-0.08941980,-0.08148415,9.67083165,-1.31739098,1.10366941,0.94290584,4
117.37891256,31.96317693,41.58062648,1.18188258,151.93084864,41.57862648,-171.31912158,-2.05626708,2.62095800,1.85261667,-1.83268213,-0.27083525,-0.08438160,-0.15257684,0.03252107,9.57217470,-1.18669669,1.15655921,0.97736812,4
117.37891238,31.96317604,41.58259350,1.08279744,151.91568439,41.58059350,-171.27409614,-2.06150695,2.67114728,1.84456428,-1.82510142,-0.26771148,-0.08550350,-0.21632726,-0.01365670,9.70903745,-0.51315123,0.82634710,0.99257916,4
117.37891221,31.96317515,41.58394810,0.98370858,151.90043206,41.58194810,-171.22006683,-2.05379431,2.70375438,1.83383648,-1.81481918,-0.26416922,-0.08582694,-0.26214123,-0.06853269,9.91218920,0.01855660,0.38667558,1.00296343,4
117.37891204,31.96317427,41.58400000,0.88461828,151.88507570,41.58200000,-171.15666543,-2.04083139,2.70372569,1.82546972,-1.80648962,-0.26108350,-0.08532070,-0.25577535,-0.01079488,10.07840342,-0.31400914,-0.01546294,1.00583241,4
117.37891187,31.96317339,41.58400000,0.78552904,151.86959874,41.58200000,-171.08352398,-2.03892410,2.69030009,1.81679798,-1.79802766,-0.25817248,-0.08455584,-0.23114779,0.00101357,10.08506066,-0.63807136,-0.33711747,0.90523396,4
117.37891167,31.96317250,41.58413262,0.68644360,151.85398399,41.58213262,-171.00027018,-2.05984001,2.65243736,1.80868291,-1.79047865,-0.25590549,-0.08336432,-0.16896155,-0.08130498,9.77965612,-0.81494186,-0.44295540,0.57026499,4
117.37891149,31.96317163,41.58521147,0.58736494,151.83821359,41.58321147,-170.90652556,-2.07029879,2.62663906,1.81078961,-1.79278054,-0.25584393,-0.08261432,-0.08800924,-0.05735061,9.68109383,-0.60766085,-0.22216631,0.15259944,4
117.37891131,31.96317074,41.58660105,0.48829635,151.82226908,41.58460105,-170.80191774,-2.07300508,2.61038129,1.81826203,-1.80020584,-0.25707117,-0.08218917,-0.00874790,0.00813786,9.70481327,-0.23990340,0.12676510,-0.29635827,4
117.37891113,31.96316985,41.58696254,0.38924139,151.80613138,41.58496254,-170.68608560,-2.05944969,2.61791277,1.82929496,-1.81077347,-0.26012551,-0.08254631,-0.00166678,-0.00713347,9.84453282,-0.02268177,0.30435545,-0.72462269,4
117.37891096,31.96316899,41.58673621,0.29020392,151.78978081,41.58473621,-170.55867093,-2.04347771,2.63438936,1.84039805,-1.82129518,-0.26374914,-0.08336666,-0.02399239,-0.03139404,9.95087980,0.05817122,0.38436316,-1.15826495,4
117.37891080,31.96316810,41.58578346,0.19118815,151.77319709,41.58378346,-170.41931695,-2.03755802,2.65329247,1.84779583,-1.82818757,-0.26724657,-0.08477954,-0.06026944,0.00727732,9.83051382,-0.11614678,0.34843683,-1.63856707,4
117.37891063,31.96316721,41.58472390,0.09219863,151.75635938,41.58272390,-170.26767317,-2.03510488,2.66812525,1.85129441,-1.83115637,-0.27080163,-0.08575535,-0.09524786,0.05237797,9.70905956,-0.25018179,0.29174877,-2.18088269,4
117.37891047,31.96316633,41.58355152,-0.00675973,151.73924628,41.58155152,-170.10339030,-2.04013796,2.66791333,1.84395267,-1.82316704,-0.27480587,-0.08521437,-0.11904291,0.10123500,9.65200928,-0.20468586,0.18137963,-2.90882972,4
117.37891030,31.96316545,41.58303763,-0.10568160,151.72183582,41.58103763,-169.92611805,-2.03476582,2.65025507,1.84126645,-1.81961658,-0.28090223,-0.08435013,-0.10241273,0.12377564,9.77771834,-0.14161991,-0.03822872,-3.65436321,4
117.37891014,31.96316457,41.58295989,-0.20456126,151.70410548,41.58095989,-169.73551703,-2.02216007,2.61951249,1.84215925,-1.81947908,-0.28856115,-0.08327972,-0.05362371,0.11608909,10.00439831,-0.08000407,-0.31402243,-4.38884914,4
117.37890997,31.96316368,41.58254889,-0.30339254,151.68603224,41.58054889,-169.53126245,-2.01453019,2.57454126,1.84049242,-1.81658367,-0.29728953,-0.08168299,0.03366678,0.00169075,9.99467238,-0.05495219,-0.41257504,-4.99224021,4
117.37890979,31.96316281,41.58204958,-0.40216880,151.66759260,41.58004958,-169.31303696,-2.00869714,2.52762874,1.84131625,-1.81582442,-0.30749718,-0.08026695,0.13138578,-0.15665922,9.83874048,-0.00603554,-0.34351991,-5.47008702,4
117.37890961,31.96316192,41.58198693,-0.50088293,151.64876258,41.57998693,-169.08053333,-1.99739975,2.50199255,1.85714047,-1.82915288,-0.32118265,-0.08058968,0.19022751,-0.24842489,9.66570155,0.20230929,-0.03985545,-5.75945202,4
117.37890944,31.96316105,41.58180019,-0.59952735,151.62951779,41.57980019,-168.83346104,-1.98026735,2.48659228,1.87107261,-1.84066820,-0.33494309,-0.08096100,0.22379472,-0.21124956,9.61024992,0.34383073,0.24074921,-6.05544410,4
117.37890926,31.96316017,41.58115429,-0.69809392,151.60983343,41.57915429,-168.57154062,-1.95032490,2.49177810,1.87704957,-1.84461617,-0.34811030,-0.08107779,0.20350762,0.09830756,9.82562706,0.31150708,0.41365109,-6.40900272,4
117.37890908,31.96315930,41.57990062,-0.79657399,151.58968435,41.57790062,-168.29449995,-1.91582903,2.51867790,1.88756052,-1.85275423,-0.36242574,-0.08211889,0.13429508,0.20429259,9.91337412,0.59954284,0.63671981,-6.71156711,4
117.37890891,31.96315841,41.57835868,-0.89495837,151.56904506,41.57635868,-168.00208318,-1.87974996,2.55228291,1.89908330,-1.86171283,-0.37708862,-0.08348272,0.04280614,0.19230005,9.92805743,0.98225155,0.82293519,-6.98777060,4
117.37890873,31.96315754,41.57648401,-0.99323726,151.54788976,41.57448401,-167.69405145,-1.84346079,2.54838496,1.88801692,-1.84800051,-0.38845572,-0.08290581,-0.07061143,0.10816947,9.98541480,0.40354426,0.07474538,-7.28183251,4
117.37890856,31.96315665,41.57438148,-1.09140032,151.52619242,41.57238148,-167.37017095,-1.83216604,2.50748806,1.87344399,-1.83048657,-0.39988895,-0.08112312,-0.11337106,0.03071849,9.99620283,-0.29644863,-0.70630415,-7.57986605,4
117.37890837,31.96315578,41.57206478,-1.18943656,151.50392676,41.57006478,-167.03020930,-1.87018506,2.41921622,1.86787240,-1.82141538,-0.41384610,-0.07830388,0.00085014,0.01250663,9.88172315,-0.53322051,-0.88220092,-7.87136338,4
117.37890818,31.96315490,41.57035935,-1.28733437,151.48106628,41.56835935,-166.67394158,-1.88823812,2.33780181,1.86511267,-1.81501336,-0.42877784,-0.07563413,0.13156489,0.06125901,9.83627797,-0.27226228,-0.70775955,-8.15850213,4
117.37890797,31.96315402,41.56908841,-1.38508148,151.45758430,41.56708841,-166.30115202,-1.88967824,2.26674647,1.86481066,-1.81094345,-0.44451300,-0.07326515,0.24722222,0.13074923,9.85021914,0.18340898,-0.39901043,-8.43080055,4
117.37890775,31.96315315,41.56800568,-1.48266492,151.43345398,41.56600568,-165.91163624,-1.90310210,2.20986837,1.88043244,-1.82191332,-0.46457012,-0.07199291,0.25849367,0.03222137,9.88467426,-0.16337690,-0.39801523,-8.57406161,4
117.37890752,31.96315229,41.56727964,-1.58007107,151.40864839,41.56527964,-165.50521009,-1.91992954,2.15948240,1.89415012,-1.83094707,-0.48446236,-0.07086209,0.25149669,-0.05683761,9.89068182,-0.49531934,-0.34243156,-8.67750642,4
117.37890728,31.96315142,41.56775883,-1.67728557,151.38314054,41.56575883,-165.08171089,-1.93926346,2.12408558,1.89084757,-1.82340759,-0.50098490,-0.06954691,0.24712530,0.00123157,9.78796207,-0.22648164,0.11485965,-8.72437749,4
117.37890707,31.96315055,41.56939698,-1.77429338,151.35690344,41.56739698,-164.64099137,-1.95473893,2.11056070,1.89326685,-1.82087222,-0.51846902,-0.06905591,0.20436361,0.04275251,9.70846441,-0.15101872,0.18473431,-8.76290771,4
117.37890684,31.96314968,41.57150182,-1.87107870,151.32991016,41.56950182,-164.18292058,-1.96795141,2.10623421,1.90003311,-1.82228747,-0.53671490,-0.06898214,0.14230248,0.06105628,9.65368125,-0.23062686,0.01920684,-8.80245331,4
117.37890658,31.96314882,41.57360943,-1.96762502,151.30213385,41.57160943,-163.70738766,-1.97525177,2.06841588,1.88725284,-1.80503213,-0.55009901,-0.06736538,0.11145454,0.04638385,9.80214467,-0.15317157,-0.16060435,-8.81262321,4
117.37890632,31.96314795,41.57480449,-2.06391507,151.27354784,41.57280449,-163.21430003,-1.98517365,2.02188996,1.87867247,-1.79143332,-0.56526086,-0.06547820,0.12262677,0.03895438,9.92473075,-0.16537441,-0.28072719,-9.02408843,4
117.37890606,31.96314709,41.57499977,-2.15993087,151.24412566,41.57299977,-162.70358213,-1.99973666,1.97627479,1.88092706,-1.78778074,-0.58392028,-0.06377838,0.17032349,0.04877749,9.95723258,-0.33167460,-0.33919216,-9.46892772,4
117.37890577,31.96314624,41.57500000,-2.25565365,151.21384108,41.57300000,-162.17518017,-2.01811033,1.91560353,1.87874371,-1.77949354,-0.60188650,-0.06189534,0.19884412,0.00582088,9.95796927,-0.47106193,-0.49756009,-10.21526285,4
117.37890547,31.96314538,41.57487987,-2.35106392,151.18266820,41.57287987,-161.62906434,-2.04276870,1.84578066,1.87675644,-1.77084376,-0.62108074,-0.05985567,0.22814629,-0.04228596,9.92457100,-0.54442476,-0.62337359,-11.12401843,4
117.37890515,31.96314453,41.57443273,-2.44614147,151.15058152,41.57243273,-161.06522370,-2.08005431,1.77475699,1.88549940,-1.77144055,-0.64574771,-0.05773674,0.30003244,-0.01754677,9.81941833,-0.52660362,-0.48765510,-12.07901038,4
117.37890482,31.96314368,41.57495217,-2.54086530,151.11755593,41.57295217,-160.48366618,-2.12033153,1.71270873,1.89485216,-1.77157117,-0.67223395,-0.05586765,0.37987274,0.04272190,9.76233807,-0.52651675,-0.20148692,-13.03324005,4
117.37890447,31.96314284,41.57716591,-2.63521374,151.08356685,41.57516591,-159.88442209,-2.16031574,1.66504658,1.90049521,-1.76686957,-0.69933800,-0.05442560,0.45392093,0.12799685,9.81198824,-0.59064678,0.21476964,-13.97684627,4
117.37890412,31.96314199,41.58015062,-2.72916436,151.04859021,41.57815062,-159.26754008,-2.18829812,1.64058784,1.91332240,-1.76808863,-0.73059699,-0.05403086,0.40415492,0.14233441,9.82682051,-0.43086271,0.17104348,-14.43816226,4
117.37890377,31.96314114,41.58328459,-2.82269402,151.01260255,41.58128459,-158.63308293,-2.21145398,1.62171178,1.92837353,-1.77117116,-0.76306309,-0.05389649,0.30979498,0.12931536,9.81882147,-0.18675821,-0.07175047,-14.70158117,4
117.37890341,31.96314030,41.58660152,-2.91577887,150.97558105,41.58460152,-157.98113151,-2.22731953,1.54603899,1.91815191,-1.74984347,-0.78544127,-0.05084701,0.28693727,0.17832440,9.82186703,-0.16529275,-0.60302527,-14.58103375,4
117.37890304,31.96313946,41.58981640,-3.00839438,150.93750359,41.58781640,-157.31178801,-2.24298721,1.43989522,1.90983000,-1.72923816,-0.80950989,-0.04702031,0.33343570,0.21050606,9.82533225,-0.20904568,-0.88873219,-14.53967678,4
117.37890266,31.96313861,41.59285484,-3.10051531,150.89834878,41.59085484,-156.62517527,-2.26093070,1.31999922,1.91281583,-1.71829027,-0.83915733,-0.04337420,0.43113452,0.20062506,9.82464799,-0.24377465,-0.79922896,-14.72052384,4
117.37890227,31.96313778,41.59469771,-3.19211577,150.85809606,41.59269771,-155.92143709,-2.28516686,1.23100705,1.91192542,-1.70475661,-0.86483923,-0.04051257,0.52726057,0.13366335,9.90696717,-0.40310346,-0.46796857,-14.92880283,4
117.37890187,31.96313695,41.59575151,-3.28316923,150.81672573,41.59375151,-155.20073706,-2.31318967,1.16541001,1.91226639,-1.69219866,-0.89047592,-0.03827425,0.58578257,0.08256140,9.97720455,-0.55416077,-0.13137542,-15.08610365,4
117.37890145,31.96313612,41.59599174,-3.37364853,150.77421899,41.59399174,-154.46325617,-2.34479917,1.12439475,1.92506905,-1.68910740,-0.92302681,-0.03691716,0.54934399,0.14235535,9.89853178,-0.50955594,0.01315573,-15.12369885,4
117.37890101,31.96313530,41.59600000,-3.46352590,150.73055800,41.59400000,-153.70919339,-2.37598447,1.08188898,1.93318803,-1.68127951,-0.95350504,-0.03552405,0.47261536,0.20712439,9.83095986,-0.55590882,-0.04142019,-15.17561205,4
117.37890056,31.96313448,41.59600000,-3.55277301,150.68572592,41.59400000,-152.93876628,-2.40480897,1.02553034,1.92715278,-1.66075077,-0.97695207,-0.03365084,0.37602736,0.22370333,9.85813974,-0.85386494,-0.32698242,-15.31018936,4
117.37890013,31.96313365,41.59526315,-3.64136100,150.63970696,41.59326315,-152.15220772,-2.44059759,0.94811041,1.92534309,-1.64362326,-1.00228236,-0.03120543,0.36051528,0.21646280,9.82766265,-0.72452475,-0.45946127,-15.48620725,4
117.37889968,31.96313283,41.59422538,-3.72926047,150.59248641,41.59222538,-151.34976280,-2.47880692,0.86358911,1.92650011,-1.62895042,-1.02903977,-0.02856427,0.38045534,0.20418232,9.76558301,-0.40724947,-0.50610107,-15.67197855,4
117.37889920,31.96313202,41.59295572,-3.81644153,150.54405071,41.59095572,-150.53169065,-2.49201398,0.77824775,1.92174647,-1.60770535,-1.05323532,-0.02538931,0.44790119,0.17320325,9.74716131,-0.41216250,-0.47693677,-15.91368392,4
117.37889868,31.96313121,41.59132010,-3.90287384,150.49438742,41.58932010,-149.69826654,-2.50410047,0.69252687,1.92312057,-1.59089843,-1.08065640,-0.02233505,0.51746470,0.12623334,9.78066136,-0.47948575,-0.49049653,-16.08561531,4
117.37889818,31.96313041,41.58930178,-3.98852661,150.44348532,41.58730178,-148.84978019,-2.52433950,0.60640193,1.93455292,-1.58224873,-1.11316964,-0.01962880,0.57273530,0.06605024,9.86210604,-0.49766939,-0.58412033,-16.14869600,4
117.37889765,31.96312960,41.58725829,-4.07336867,150.39133444,41.58525829,-147.98653345,-2.53277164,0.52597531,1.94123971,-1.56908308,-1.14280749,-0.01699685,0.62632461,0.08531132,9.88829487,-0.37928831,-0.38787252,-16.15902700,4
117.37889709,31.96312882,41.58528423,-4.15736846,150.33792604,41.58328423,-147.10884169,-2.52840987,0.45477911,1.94203799,-1.55047447,-1.16905023,-0.01449211,0.67722322,0.18425971,9.85537661,-0.15706593,0.09627003,-16.14657673,4
117.37889655,31.96312805,41.58353160,-4.24049412,150.28325272,41.58153160,-146.21703546,-2.52802471,0.44087162,1.95464135,-1.54100401,-1.20190120,-0.01399702,0.66350283,0.29522974,9.88000123,-0.18926940,0.47299740,-16.21231438,4
117.37889598,31.96312727,41.58208680,-4.32271347,150.22730838,41.58008680,-145.31145799,-2.53108222,0.43499844,1.96521233,-1.52962479,-1.23328205,-0.01386043,0.61449242,0.35734359,9.86178646,-0.27967653,0.61733951,-16.30356609,4
117.37889538,31.96312651,41.58136632,-4.40399411,150.17008832,41.57936632,-144.39245954,-2.53876377,0.41231897,1.96129009,-1.50601330,-1.25556337,-0.01331823,0.51336656,0.28945883,9.68446866,-0.33445302,0.23084649,-16.40961434,4
117.37889479,31.96312573,41.58104572,-4.48430342,150.11158917,41.57904572,-143.46039482,-2.53481995,0.36386742,1.95488362,-1.48018598,-1.27609075,-0.01183436,0.44005839,0.27860693,9.62999476,-0.17503902,-0.18883075,-16.53578616,4
117.37889419,31.96312497,41.58100000,-4.56360860,150.05180898,41.57900000,-142.51562320,-2.51636162,0.28897339,1.94877589,-1.45445930,-1.29656557,-0.00933965,0.41302151,0.35314871,9.74715424,0.18832555,-0.52938923,-16.68157480,4
117.37889356,31.96312423,41.58100006,-4.64187675,149.99074715,41.57900006,-141.55850877,-2.48688911,0.18269357,1.93806335,-1.42464489,-1.31358316,-0.00574475,0.44557745,0.32184782,9.87350413,0.20428654,-0.96297112,-16.84140693,4
117.37889290,31.96312351,41.58108195,-4.71907486,149.92840453,41.57908195,-140.58942034,-2.45299207,0.05024252,1.92471872,-1.39216569,-1.32854123,-0.00124491,0.52845245,0.19097933,9.96285746,-0.12816539,-1.43736189,-17.01156377,4
117.37889222,31.96312279,41.58198944,-4.79516988,149.86478335,41.57998944,-139.60873136,-2.45675685,-0.08815243,1.92944761,-1.37207224,-1.35584511,0.00347259,0.62223046,0.20433814,9.86427460,-0.32349467,-1.30396840,-17.18177847,4
117.37889154,31.96312207,41.58288841,-4.87012876,149.79988727,41.58088841,-138.61682064,-2.46185364,-0.22229383,1.93694951,-1.35375128,-1.38500428,0.00808767,0.70826543,0.21876874,9.76536046,-0.42710315,-1.06063645,-17.31416373,4
117.37889082,31.96312138,41.58300000,-4.94391849,149.73372140,41.58100000,-137.61407428,-2.43984048,-0.32916319,1.94305574,-1.33373029,-1.41286028,0.01196369,0.74959263,0.11294254,9.82189196,-0.23484524,-0.78413081,-17.25105724,4
117.37889011,31.96312069,41.58300000,-5.01650616,149.66629226,41.58100000,-136.60088602,-2.41885302,-0.41430331,1.95401493,-1.31669611,-1.44378308,0.01493635,0.78469078,0.13544986,9.82975690,-0.17363072,-0.45268232,-17.19982450,4
117.37888939,31.96312000,41.58308546,-5.08785899,149.59760785,41.58108546,-135.57765349,-2.40149100,-0.47673298,1.96901554,-1.30206371,-1.47716355,0.01697443,0.81423851,0.26973410,9.77551426,-0.25726435,-0.05682536,-17.18861955,4
117.37888864,31.96311933,41.58374825,-5.15794440,149.52767759,41.58174825,-134.54477433,-2.37450478,-0.51093812,1.97586732,-1.28103960,-1.50428706,0.01829702,0.80548782,0.13921500,9.79766114,-0.10602575,0.42113713,-17.17023463,4
117.37888787,31.96311868,41.58502299,-5.22673004,149.45651236,41.58302299,-133.50264410,-2.33855553,-0.51633963,1.97493840,-1.25393290,-1.52539423,0.01882220,0.75468026,-0.16294659,9.88036942,0.17090473,0.85550985,-17.17132678,4
117.37888711,31.96311801,41.58651605,-5.29418384,149.38412445,41.58451605,-132.45165513,-2.30726287,-0.50727988,1.97757203,-1.22929912,-1.54875275,0.01848800,0.68261785,0.02286255,9.85959297,-0.13246514,0.73215634,-17.31748672,4
117.37888633,31.96311737,41.58767186,-5.36027406,149.31052754,41.58567186,-131.39219763,-2.27528318,-0.50271724,1.97829800,-1.20339548,-1.57032995,0.01818245,0.61853867,0.20150885,9.80981943,-0.35672609,0.49701475,-17.45524714,4
117.37888552,31.96311676,41.58734279,-5.42496932,149.23573672,41.58534279,-130.32466171,-2.23436814,-0.52581888,1.96897856,-1.17058499,-1.58329522,0.01868102,0.60826942,-0.03853182,9.74391980,0.17757404,0.31110621,-17.44131863,4
117.37888469,31.96311617,41.58676922,-5.48823868,149.15976843,41.58476922,-129.24943849,-2.18111657,-0.55116690,1.96507878,-1.14072210,-1.60014542,0.01947229,0.65243493,-0.14300672,9.72838362,0.49631992,0.32296861,-17.41719662,4
117.37888387,31.96311556,41.58625152,-5.55005168,149.08264049,41.58425152,-128.16692043,-2.11364500,-0.56858991,1.97245473,-1.11731816,-1.62542842,0.02038532,0.75697760,0.07576617,9.80274192,0.21766930,0.63651876,-17.42950791,4
117.37888301,31.96311501,41.58568938,-5.61037839,149.00437201,41.58368938,-127.07750000,-2.06275748,-0.56630323,1.97759546,-1.09202207,-1.64859242,0.02068385,0.80120626,0.17122527,9.91310574,-0.22265748,0.98319748,-17.48196756,4
117.37888212,31.96311449,41.58516812,-5.66918946,148.92498345,41.58316812,-125.98156763,-2.04102586,-0.53245422,1.97910067,-1.06384681,-1.66828354,0.01981859,0.74206391,0.10146282,10.00230375,-0.66081843,1.26145476,-17.59962550,4
117.37888122,31.96311396,41.58500582,-5.72645615,148.84449655,41.58300582,-124.87951281,-2.03120191,-0.49076845,1.98118355,-1.03633773,-1.68814311,0.01818530,0.64857446,0.13867359,9.86481347,-0.40609332,1.20262031,-17.73962782,4
117.37888033,31.96311345,41.58537530,-5.78215040,148.76293430,41.58337530,-123.77172508,-2.01748446,-0.45997201,1.97767176,-1.00566423,-1.70290891,0.01668409,0.53344324,0.20036638,9.68151905,0.01803404,0.86009471,-17.88559548,4
117.37887939,31.96311296,41.58677497,-5.83624487,148.68032092,41.58477497,-122.65859105,-1.97746954,-0.47153237,1.95763518,-0.96515860,-1.70309662,0.01663142,0.40639180,0.18597847,9.67533317,-0.01682755,0.17555494,-18.02018994,4
117.37887845,31.96311251,41.58877039,-5.88871300,148.59668182,41.58677039,-121.54049189,-1.94147495,-0.53048707,1.93471929,-0.92239881,-1.70043456,0.01837227,0.37597151,0.15200745,9.76573355,-0.32494603,-0.45304273,-18.18369534,4
117.37887752,31.96311203,41.59079532,-5.93952904,148.51204352,41.58879532,-120.41780610,-1.93907673,-0.63482781,1.92309341,-0.88526508,-1.70709955,0.02198696,0.53559976,0.15461540,9.85339355,-0.68061070,-0.62094693,-18.40552157,4
117.37887657,31.96311160,41.59200629,-5.98866812,148.42643368,41.59000629,-119.29091346,-1.94398798,-0.72577839,1.91822405,-0.85105589,-1.71905432,0.02517201,0.69097243,0.14516579,9.83634568,-0.89156519,-0.50510096,-18.55630576,4
117.37887559,31.96311119,41.59211036,-6.03610627,148.33988097,41.59011036,-118.16019439,-1.95674477,-0.78808519,1.92501911,-0.82178540,-1.74028173,0.02741955,0.79556231,0.10854765,9.70562752,-0.82439882,-0.06129827,-18.57880947,4
117.37887463,31.96311078,41.59245062,-6.08182046,148.25241511,41.59045062,-117.02603057,-1.96296194,-0.82764531,1.93691718,-0.79445695,-1.76586203,0.02891164,0.78838803,0.05017320,9.68779832,-0.59324247,0.16888377,-18.54089578,4
117.37887366,31.96311037,41.59284639,-6.12578872,148.16406676,41.59084639,-115.88880690,-1.96107360,-0.84895324,1.94849559,-0.76681431,-1.79076906,0.02984130,0.72383981,0.00657083,9.77141570,-0.42999138,0.34119862,-18.49637420,4
117.37887267,31.96311001,41.59297919,-6.16799009,148.07486751,41.59097919,-114.74890732,-1.95227040,-0.86022135,1.95112913,-0.73529548,-1.80698568,0.03052007,0.69307155,0.03186312,9.91499622,-0.68485178,0.68690526,-18.52982370,4
117.37887166,31.96310964,41.59277395,-6.20840471,147.98484982,41.59077395,-113.60671093,-1.96149654,-0.85489627,1.94864263,-0.70154531,-1.81765634,0.03048376,0.65573133,0.07707645,10.00860244,-1.08262625,0.92454243,-18.58922038,4
117.37887067,31.96310926,41.59237688,-6.24701385,147.89404699,41.59037688,-112.46259523,-2.00112927,-0.83730485,1.94624809,-0.66783946,-1.82758988,0.02969071,0.58051183,0.07588889,9.96477230,-1.25300677,0.82815602,-18.61117165,4
117.37886967,31.96310892,41.59236665,-6.28379992,147.80249306,41.59036665,-111.31693630,-2.03120722,-0.83611180,1.93882405,-0.63211697,-1.83246861,0.02912880,0.51837757,-0.01683526,9.82822889,-1.02689748,0.54282665,-18.60343170,4
117.37886864,31.96310862,41.59308080,-6.31874652,147.71022277,41.59108080,-110.17010569,-2.03729205,-0.86188311,1.92628905,-0.59429069,-1.83213828,0.02931778,0.49236519,-0.16519305,9.67630005,-0.49227725,0.17826431,-18.59184474,4
117.37886762,31.96310831,41.59455368,-6.35183848,147.61727151,41.59255368,-109.02247294,-2.02567869,-0.90252665,1.91785419,-0.55790305,-1.83480715,0.03057675,0.50853438,-0.14462199,9.76360683,-0.41470651,0.07582641,-18.66817174,4
117.37886660,31.96310802,41.59606426,-6.38306184,147.52367524,41.59406426,-107.87440856,-2.01075531,-0.94663530,1.91432797,-0.52323327,-1.84125808,0.03239036,0.56058368,-0.01151270,9.98272883,-0.77649059,0.22649569,-18.80308158,4
117.37886557,31.96310776,41.59599185,-6.41240395,147.42947043,41.59399185,-106.72628112,-2.01805659,-0.97604285,1.91286943,-0.48905195,-1.84895133,0.03347917,0.63093106,-0.00966643,9.96153775,-1.05324785,0.42525875,-18.87259942,4
117.37886452,31.96310753,41.59484052,-6.43985344,147.33469398,41.59284052,-105.57845626,-2.03141583,-0.98790237,1.91492326,-0.45581251,-1.85923982,0.03387954,0.67650994,-0.06510743,9.81454398,-0.88117919,0.58720435,-18.84142585,4
117.37886348,31.96310728,41.59385038,-6.46540022,147.23938320,41.59185038,-104.43130057,-2.02465252,-0.98863154,1.91966770,-0.42337709,-1.87166953,0.03400000,0.65629775,-0.06104972,9.75880904,-0.14562932,0.62719212,-18.73247525,4
117.37886244,31.96310705,41.59320045,-6.48903559,147.14357567,41.59120045,-103.28518027,-1.99260162,-0.98793592,1.92166318,-0.39023496,-1.88109349,0.03400000,0.60106226,-0.05404058,9.79548819,0.33199668,0.61258226,-18.65889924,4
117.37886138,31.96310685,41.59289582,-6.51075213,147.04730925,41.59089582,-102.14045783,-1.93809657,-0.99273455,1.91726545,-0.35540968,-1.88389582,0.03400000,0.54112238,-0.07397141,9.90228669,0.07448523,0.59385704,-18.70046388,4
117.37886033,31.96310667,41.59235471,-6.53054380,146.95062199,41.59035471,-100.99749413,-1.89281287,-0.99964750,1.91035250,-0.32005810,-1.88335471,0.03400000,0.50315601,-0.06600029,9.97270232,-0.15386823,0.57100347,-18.79673855,4
117.37885927,31.96310647,41.59153838,-6.54840592,146.85355205,41.58953838,-99.85664947,-1.86262766,-1.00863657,1.90236127,-0.28456692,-1.88089907,0.03407127,0.48598074,-0.03266495,9.94789230,-0.05439791,0.50418249,-18.89571038,4
117.37885820,31.96310632,41.59110480,-6.56433514,146.75613764,41.58910480,-98.71828102,-1.82087002,-1.02744476,1.88930202,-0.24778981,-1.87276668,0.03443972,0.46406119,-0.04406487,9.81102498,0.01838980,0.28588878,-18.98999143,4
117.37885714,31.96310620,41.59127769,-6.57832950,146.65841698,41.58927769,-97.58274452,-1.76664675,-1.05972875,1.87444633,-0.21036692,-1.86225774,0.03525075,0.45535986,-0.07954678,9.66843325,0.06059288,0.02028198,-19.05565997,4
117.37885608,31.96310608,41.59203184,-6.59038838,146.56042816,41.59003184,-96.45039937,-1.71114195,-1.10519992,1.86529428,-0.17396327,-1.85689556,0.03655795,0.49627272,-0.06791254,9.70398372,0.20004641,-0.06289273,-19.06450075,4
117.37885501,31.96310598,41.59295606,-6.60051252,146.46220915,41.59095606,-95.32160793,-1.65261390,-1.15267134,1.85994493,-0.13826289,-1.85469225,0.03803300,0.55537479,-0.00096478,9.82391441,0.30339549,-0.02030630,-19.06607755,4
117.37885393,31.96310591,41.59367106,-6.60870403,146.36379766,41.59167106,-94.19673228,-1.58922534,-1.19119361,1.85553096,-0.10279279,-1.85248704,0.03934211,0.58780261,0.09641865,9.88724992,0.23643171,0.03329350,-19.10105527,4
117.37885286,31.96310586,41.59424372,-6.61496638,146.26523117,41.59224372,-93.07613642,-1.53339412,-1.22397884,1.85255354,-0.06788812,-1.85096980,0.04048743,0.58389599,0.13815885,9.87657340,0.19273393,0.03168686,-19.11053997,4
117.37885179,31.96310580,41.59478585,-6.61930437,146.16654675,41.59278585,-91.96018921,-1.48533773,-1.25880170,1.84871503,-0.03331116,-1.84812613,0.04157172,0.55390768,0.10820009,9.82673537,0.24997243,-0.07335408,-19.08530743,4
117.37885070,31.96310577,41.59536798,-6.62172413,146.06778111,41.59336798,-90.84926176,-1.42950327,-1.30515472,1.83879307,0.00170930,-1.83868375,0.04274197,0.51844102,0.08001002,9.80660418,0.28420164,-0.31071150,-19.08582020,4
117.37884962,31.96310576,41.59584835,-6.62223314,145.96897047,41.59384835,-89.74372438,-1.36476652,-1.36511850,1.82594644,0.03707886,-1.82556373,0.04420698,0.52339581,0.06895602,9.82371021,0.22674354,-0.49957094,-19.10261681,4
117.37884854,31.96310574,41.59598737,-6.62084015,145.87015051,41.59398737,-88.64394748,-1.30043141,-1.43253287,1.81839967,0.07217108,-1.81678205,0.04610212,0.61351840,0.05283178,9.84254601,0.06477138,-0.36446592,-19.08568762,4
117.37884746,31.96310574,41.59579777,-6.61755522,145.77135632,41.59379777,-87.55030277,-1.24246368,-1.48300460,1.81656439,0.10718185,-1.81307096,0.04778156,0.71291075,0.05616944,9.85923869,-0.17008404,0.04569760,-19.07082251,4
117.37884637,31.96310579,41.59536676,-6.61238963,145.67262237,41.59336676,-86.46316369,-1.19630090,-1.49214581,1.81959488,0.14232432,-1.81359910,0.04843490,0.74551514,0.08026521,9.86023855,-0.39594058,0.56727033,-19.07046749,4
117.37884529,31.96310585,41.59506448,-6.60535593,145.57398239,41.59306448,-85.38290663,-1.16133395,-1.46997643,1.82417901,0.17735982,-1.81507893,0.04792495,0.71560937,0.04326668,9.80150793,-0.42503486,0.82619863,-19.00537270,4
117.37884422,31.96310592,41.59508966,-6.59646788,145.47546938,41.59308966,-84.30991007,-1.12976506,-1.44213319,1.82510971,0.21168985,-1.81240744,0.04691482,0.63845314,-0.01559677,9.71015196,-0.32759578,0.68073998,-18.89903040,4
117.37884315,31.96310602,41.59543941,-6.58574040,145.37711552,41.59343941,-83.24455247,-1.08975214,-1.43990733,1.81644988,0.24440518,-1.79969579,0.04657733,0.52553006,0.05574431,9.67389084,-0.40324298,0.21890904,-18.86999706,4
117.37884208,31.96310613,41.59613067,-6.57318959,145.27895216,41.59413067,-82.18721273,-1.04729507,-1.47750016,1.79997760,0.27562845,-1.77849600,0.04741938,0.45275974,0.14212012,9.71661177,-0.48267893,-0.27237057,-18.94788071,4
117.37884101,31.96310626,41.59708746,-6.55883266,145.18100976,41.59508746,-81.13827008,-1.01440972,-1.54654428,1.78222480,0.30628759,-1.75526245,0.04918733,0.48694888,0.05216103,9.80664267,-0.25886940,-0.50794624,-19.08691587,4
117.37883994,31.96310641,41.59779947,-6.54268793,145.08331785,41.59579947,-80.09810102,-0.97826182,-1.61454755,1.77133003,0.33821356,-1.73818631,0.05100741,0.59588450,0.00734744,9.84865717,-0.13054614,-0.41258922,-19.19853459,4
117.37883888,31.96310661,41.59786367,-6.52477476,144.98590496,41.59586367,-79.06707783,-0.93226803,-1.65982912,1.77169437,0.37231842,-1.73154510,0.05235111,0.72320995,0.10722950,9.81544223,-0.28669262,-0.04363133,-19.21076777,4
117.37883783,31.96310682,41.59731707,-6.50511351,144.88879865,41.59531707,-78.04556957,-0.89137368,-1.68097971,1.77855700,0.40727882,-1.73069261,0.05323255,0.76717224,0.07745752,9.82088712,-0.26665933,0.23801067,-19.09521188,4
117.37883677,31.96310701,41.59660240,-6.48372553,144.79202540,41.59460240,-77.03394055,-0.85312985,-1.68338555,1.78685082,0.44195429,-1.73074544,0.05365506,0.71959019,-0.08917170,9.85187262,-0.06315003,0.37809133,-18.92438481,4
117.37883572,31.96310724,41.59651944,-6.46063307,144.69561064,41.59451944,-76.03254866,-0.79879843,-1.67521013,1.79127100,0.47529494,-1.72660263,0.05351701,0.64155764,-0.16368647,9.77923989,-0.07689882,0.57431037,-18.85710824,4
117.37883468,31.96310750,41.59714872,-6.43585928,144.59957869,41.59514872,-75.04174833,-0.74511857,-1.65873842,1.78907792,0.50650997,-1.71553384,0.05285128,0.55248774,-0.17760032,9.69873756,-0.24597663,0.67585103,-18.89093217,4
117.37883363,31.96310775,41.59808193,-6.40942813,144.50395273,41.59608193,-74.06189213,-0.71285039,-1.63713121,1.78157273,0.53593363,-1.69891370,0.05191807,0.45803494,-0.24712639,9.73962890,-0.34190308,0.52029928,-18.94238777,4
117.37883261,31.96310802,41.59897115,-6.38136442,144.40875479,41.59697115,-73.09332670,-0.68003194,-1.63780208,1.76947736,0.56365492,-1.67730042,0.05164454,0.39526093,-0.22646967,9.77733863,-0.33030318,0.10622638,-18.96832099,4
117.37883159,31.96310832,41.59971961,-6.35169366,144.31400576,41.59771961,-72.13639152,-0.63352168,-1.67578523,1.75387771,0.58996601,-1.65163087,0.05250277,0.38716057,-0.05593735,9.73641763,-0.23160002,-0.48348459,-18.96397422,4
117.37883058,31.96310864,41.60063964,-6.32044213,144.21972534,41.59863964,-71.19142199,-0.58934371,-1.74751087,1.74101247,0.61705893,-1.62785307,0.05427928,0.44812147,-0.01754451,9.71316921,-0.10987862,-0.81089754,-18.98761206,4
117.37882957,31.96310897,41.60135712,-6.28763673,144.12593204,41.59935712,-70.25874910,-0.54545807,-1.82755904,1.73522723,0.64640484,-1.61019387,0.05642413,0.55302757,-0.11025748,9.76096072,-0.02027568,-0.72480293,-19.04326717,4
117.37882857,31.96310932,41.60100997,-6.25330502,144.03264318,41.59900997,-69.33869805,-0.48473534,-1.88152230,1.73932018,0.67885420,-1.60137650,0.05833603,0.65862450,-0.11933920,9.88723363,-0.00455524,-0.27772225,-19.09456632,4
117.37882758,31.96310967,41.59940520,-6.21747515,143.93987488,41.59740520,-68.43159287,-0.42294443,-1.90021420,1.74889854,0.71273771,-1.59710296,0.05941732,0.71761179,-0.08300276,9.95140141,-0.05554082,0.20338960,-19.02359063,4
117.37882659,31.96311003,41.59680712,-6.18017584,143.84764200,41.59480712,-67.53775874,-0.37682688,-1.88906249,1.75842983,0.74613929,-1.59216165,0.05942970,0.70617845,-0.07964212,9.84521553,-0.14528351,0.43516207,-18.76246954,4
117.37882562,31.96311040,41.59396545,-6.14143633,143.75595819,41.59196545,-66.65751677,-0.33004207,-1.86116815,1.76388735,0.77693284,-1.58340503,0.05874198,0.63173637,-0.08858302,9.71975333,-0.10205563,0.55480375,-18.18277917,4
117.37882464,31.96311080,41.59135248,-6.10128634,143.66483586,41.58935248,-65.79118039,-0.27081290,-1.82560001,1.76347998,0.80410819,-1.56955985,0.05765972,0.50560121,-0.08899930,9.68188954,0.17137914,0.68211224,-17.23176258,4
117.37882367,31.96311119,41.58881891,-6.05975606,143.57428616,41.58681891,-64.93905640,-0.20824233,-1.80166436,1.75502533,0.82527033,-1.54895076,0.05680692,0.42499291,-0.03717075,9.76643356,0.20470529,0.47578919,-16.19697555,4
117.37882271,31.96311157,41.58626656,-6.01687608,143.48431901,41.58426656,-64.10144245,-0.14715420,-1.78936572,1.74182249,0.84262578,-1.52439884,0.05625454,0.39734384,0.05427115,9.92119113,-0.03303457,-0.01066786,-15.20961868,4
117.37882175,31.96311199,41.58372392,-5.97267734,143.39494312,41.58172392,-63.27862258,-0.09188067,-1.79895539,1.72727997,0.85755650,-1.49921798,0.05602118,0.36539008,0.05412004,10.02286277,-0.14142634,-0.23073120,-14.41908268,4
117.37882083,31.96311244,41.58161977,-5.92719112,143.30616595,41.57961977,-62.47086998,-0.04716956,-1.82281683,1.71226051,0.87050237,-1.47428861,0.05600041,0.34928044,0.00824419,10.01445877,-0.15592675,-0.22799565,-13.74799377,4
117.37881991,31.96311288,41.58054507,-5.88044895,143.21799374,41.57854507,-61.67845050,-0.01807215,-1.84527476,1.69745837,0.88212883,-1.45024971,0.05600000,0.39041410,0.02088174,9.84881176,-0.23055583,-0.21554074,-13.03280661,4
117.37881900,31.96311336,41.57963153,-5.83248261,143.13043153,41.57763153,-60.90161834,0.00810830,-1.86347040,1.68596623,0.89409616,-1.42951373,0.05616604,0.44044695,0.07678286,9.69407159,-0.33125494,-0.17137012,-12.22440431,4
117.37881810,31.96311385,41.57805617,-5.78332408,143.04348318,41.57605617,-60.14061332,0.04306483,-1.87617403,1.68055675,0.90782844,-1.41425462,0.05664980,0.45273340,0.15386599,9.70455581,-0.41417380,-0.05571399,-11.29194871,4
117.37881721,31.96311434,41.57554737,-5.73300547,142.95715136,41.57354737,-59.39566607,0.07300624,-1.87675068,1.67334982,0.91838396,-1.39864198,0.05668850,0.40696354,0.18111960,9.79365727,-0.31430044,0.05135778,-10.22919195,4
117.37881633,31.96311484,41.57251459,-5.68155901,142.87143756,41.57051459,-58.66700128,0.09558996,-1.86925566,1.66254327,0.92569439,-1.38083869,0.05625024,0.32729373,0.16064568,9.88798204,-0.07120616,0.12618009,-9.10274651,4
117.37881546,31.96311535,41.57010789,-5.62901705,142.78634214,41.56810789,-57.95483495,0.12864859,-1.86366685,1.65509406,0.93280999,-1.36696665,0.05568067,0.26298071,0.20827444,9.87096071,-0.11710497,0.08063097,-8.20110503,4
117.37881460,31.96311587,41.56836285,-5.57541194,142.70186433,41.56636285,-57.25937273,0.16029692,-1.86519043,1.64803354,0.93871848,-1.35420839,0.05518234,0.21864567,0.27691178,9.78464953,-0.34772303,-0.07897735,-7.60870471,4
117.37881373,31.96311639,41.56710621,-5.52077611,142.61800223,41.56510621,-56.58080971,0.16403179,-1.88105027,1.63405548,0.94046316,-1.33592387,0.05500666,0.19070098,0.25238001,9.72423076,-0.48139584,-0.33618486,-7.43952409,4
117.37881288,31.96311692,41.56628811,-5.46514193,142.53475289,41.56428811,-55.91932641,0.16226935,-1.90645388,1.62053874,0.94237995,-1.31805651,0.05524843,0.18703973,0.19438672,9.76572845,-0.46982769,-0.53509946,-7.52081776,4
117.37881205,31.96311747,41.56601077,-5.40854174,142.45211226,41.56401077,-55.27508564,0.18358622,-1.93777635,1.61743585,0.95011827,-1.30873163,0.05612365,0.22539279,0.17856072,10.02116164,-0.24420066,-0.47156123,-7.71032659,4
117.37881123,31.96311803,41.56600000,-5.35100778,142.37007529,41.56400000,-54.64823304,0.19925103,-1.95578195,1.61662653,0.95925575,-1.30104754,0.05662251,0.27824680,0.21270040,10.11176658,-0.35465669,-0.24728471,-7.80121078,4
117.37881041,31.96311860,41.56600000,-5.29257217,142.28863595,41.56400000,-54.03889567,0.19583543,-1.95587586,1.61268207,0.96676686,-1.29052577,0.05636290,0.32478001,0.27879127,9.90328354,-0.95448996,0.01386348,-7.72805014,4
117.37880961,31.96311919,41.56623356,-5.23326684,142.20778722,41.56423356,-53.44717953,0.18411086,-1.95749179,1.61418364,0.97726208,-1.28464977,0.05630815,0.31562603,0.25756336,9.72720877,-1.11731785,-0.05954358,-7.58510969,4
117.37880880,31.96311978,41.56673081,-5.17312351,142.12752119,41.56473081,-52.87317415,0.16932740,-1.96665040,1.62291647,0.99168817,-1.28499488,0.05673392,0.24590934,0.12770822,9.68581413,-0.62713262,-0.52088611,-7.41707520,4
117.37880802,31.96312036,41.56780089,-5.11217366,142.04782906,41.56580089,-52.31695870,0.17801522,-2.00247352,1.62085156,0.99907695,-1.27665713,0.05780089,0.21365557,0.14282690,9.79157530,-0.34960530,-0.72808423,-7.37106139,4
117.37880722,31.96312094,41.56923586,-5.05044851,141.96870116,41.56723586,-51.77859713,0.20449292,-2.05622192,1.60936096,1.00048398,-1.26065639,0.05923586,0.22143651,0.28686282,9.97643909,-0.36494969,-0.66825240,-7.41930262,4
117.37880643,31.96312152,41.57050850,-4.98797899,141.89012704,41.56850850,-51.25813116,0.21934345,-2.09590304,1.61206005,1.01055990,-1.25604033,0.06050850,0.26373009,0.27392523,10.04424111,-0.51636537,-0.63043164,-7.34679627,4
117.37880565,31.96312211,41.57169320,-4.92479568,141.81209546,41.56969320,-50.75558635,0.22213785,-2.12370808,1.62546363,1.02710651,-1.26006701,0.06161541,0.32534108,0.14848362,10.00797393,-0.71776587,-0.61356472,-7.15660136,4
117.37880487,31.96312270,41.57325374,-4.86092882,141.73459446,41.57125374,-50.27098001,0.21304651,-2.15280373,1.63254025,1.03929268,-1.25931219,0.06261232,0.35153441,0.13855549,9.92509775,-0.66414916,-0.52593028,-6.85867116,4
117.37880409,31.96312330,41.57507993,-4.79640829,141.65761137,41.57307993,-49.80431477,0.19680222,-2.18365976,1.63444391,1.04796476,-1.25461162,0.06354522,0.35050652,0.21676036,9.81770586,-0.42608771,-0.38980463,-6.49609462,4
117.37880331,31.96312389,41.57651647,-4.73126356,141.58113290,41.57451647,-49.35557076,0.19942802,-2.21159272,1.64283306,1.06016388,-1.25510554,0.06455022,0.31358581,0.17531840,9.74305675,-0.18677697,-0.42779081,-6.28068631,4
117.37880253,31.96312448,41.57743539,-4.66552369,141.50514513,41.57543539,-48.92470955,0.21759498,-2.23906563,1.65425101,1.07382653,-1.25812125,0.06564652,0.25412327,0.04998360,9.71398815,-0.00086577,-0.59645327,-6.17902327,4
117.37880176,31.96312509,41.57733319,-4.59921729,141.42963358,41.57533319,-48.51167706,0.23527502,-2.27743621,1.65205595,1.07886826,-1.25081492,0.06690340,0.22082552,0.02110710,9.78151087,-0.05226094,-0.69685747,-6.03012278,4
117.37880099,31.96312569,41.57649883,-4.53237251,141.35458327,41.57449883,-48.11639825,0.25149722,-2.32388211,1.63980748,1.07756235,-1.23588705,0.06827148,0.20972043,0.06922431,9.91490321,-0.27542683,-0.73666988,-5.83521922,4
117.37880022,31.96312630,41.57604515,-4.46501699,141.27997875,41.57404515,-47.73877729,0.26559931,-2.36278724,1.64184476,1.08500256,-1.23223500,0.06948788,0.21808643,0.06109646,9.91749330,-0.33863871,-0.77707640,-5.57460206,4
117.37879947,31.96312691,41.57600000,-4.39717786,141.20580413,41.57400000,-47.37870429,0.27991743,-2.39564192,1.65630293,1.09998172,-1.23842305,0.07058877,0.24850819,0.00428005,9.80870819,-0.21388149,-0.81703441,-5.25614468,4
117.37879870,31.96312751,41.57600000,-4.32888175,141.13204319,41.57400000,-47.03605534,0.30623623,-2.43667013,1.66384871,1.11023438,-1.23953531,0.07186512,0.31925036,-0.00460817,9.76391475,0.09948171,-0.81964219,-4.91722908,4
117.37879793,31.96312811,41.57605574,-4.26015474,141.05867932,41.57405574,-46.71068990,0.34285360,-2.48037563,1.66590558,1.11669760,-1.23661564,0.07327204,0.41785652,0.03185110,9.80252880,0.48407684,-0.72806250,-4.56002392,4
117.37879717,31.96312873,41.57653619,-4.19102237,140.98569566,41.57453619,-46.40245374,0.38028969,-2.48714352,1.67984522,1.13032378,-1.24292804,0.07445319,0.48316748,0.06825972,9.98205704,0.32333554,-0.16063261,-4.15478836,4
117.37879642,31.96312934,41.57740811,-4.12150961,140.91307510,41.57540811,-46.11117871,0.41732441,-2.45901208,1.70553925,1.15109059,-1.25834599,0.07540811,0.51413114,0.09946764,10.28409400,-0.35627342,0.84180660,-3.70661783,4
117.37879567,31.96312995,41.57792829,-4.05164089,140.84080031,41.57592829,-45.83667766,0.41714036,-2.39500252,1.72144674,1.16500155,-1.26695949,0.07424150,0.45042684,0.09189393,10.29592819,-0.81854731,1.48069213,-3.22649323,4
117.37879491,31.96313057,41.57799942,-3.98144006,140.76885382,41.57599942,-45.57874818,0.37568443,-2.29635989,1.72473169,1.17023299,-1.26665764,0.07075272,0.28672047,0.04202918,9.96721005,-0.96203080,1.65091493,-2.71730984,4
117.37879416,31.96313120,41.57770184,-3.91093038,140.69721804,41.57570184,-45.33718014,0.33918581,-2.20142886,1.72536112,1.17327600,-1.26485798,0.06742584,0.12634221,0.00005358,9.68941384,-0.87062807,1.60491717,-2.17964483,4
117.37879342,31.96313182,41.57692214,-3.84013454,140.62587530,41.57492214,-45.11175169,0.32110892,-2.12122876,1.72488810,1.17497575,-1.26288965,0.06494638,-0.00342782,-0.01850843,9.57980226,-0.48034787,1.32801979,-1.60328717,4
117.37879267,31.96313246,41.57582876,-3.76907466,140.55480788,41.57382876,-44.90222370,0.31790728,-2.06836657,1.71488330,1.16942774,-1.25446451,0.06320801,-0.08956325,-0.01355724,9.63198547,-0.23030494,0.88352892,-1.06742832,4
117.37879194,31.96313309,41.57455920,-3.69777226,140.48399807,41.57255920,-44.70834602,0.32585906,-2.04829508,1.69084178,1.15353075,-1.23616018,0.06207023,-0.12794517,0.01269887,9.82619171,-0.38830539,0.32759121,-0.61897208,4
117.37879121,31.96313372,41.57308447,-3.62624829,140.41342822,41.57108447,-44.52986253,0.32936032,-2.04402916,1.66982867,1.13933272,-1.22039817,0.06144752,-0.12156456,0.04732592,9.99026742,-0.69988110,-0.09589519,-0.23764238,4
117.37879048,31.96313436,41.57128932,-3.55452312,140.34308070,41.56928932,-44.36650307,0.31505719,-2.04779875,1.66669949,1.13714666,-1.21813537,0.06148410,-0.05625052,0.08372247,9.98171148,-0.99656958,-0.15417559,0.07203181,4
117.37878976,31.96313501,41.56945615,-3.48261655,140.27293803,41.56745615,-44.21798029,0.28700578,-2.04555153,1.67338966,1.14149777,-1.22341269,0.06152845,0.05274513,0.09415093,9.87050780,-1.13350814,0.10271377,0.29968925,4
117.37878906,31.96313568,41.56792752,-3.41054778,140.20298287,41.56592752,-44.08400151,0.25291736,-2.02291527,1.67769124,1.14407343,-1.22719076,0.06081538,0.18253685,0.04998278,9.76600286,-0.98345853,0.55817458,0.44044744,4
117.37878835,31.96313635,41.56673529,-3.33833546,140.13319803,41.56473529,-43.96427593,0.21907592,-1.98300387,1.68111906,1.14595772,-1.23042290,0.05953482,0.28960770,-0.02415376,9.68981951,-0.69696791,1.03252959,0.52902303,4
117.37878764,31.96313700,41.56610369,-3.26599767,140.06356652,41.56410369,-43.85850808,0.19596238,-1.92312363,1.69101490,1.15217749,-1.23827581,0.05790168,0.27085714,-0.09061611,9.66882495,-0.52576477,1.20723467,0.59557635,4
117.37878692,31.96313764,41.56592342,-3.19355197,139.99407157,41.56392342,-43.76639139,0.18486346,-1.85002495,1.70431482,1.16062380,-1.24848940,0.05605783,0.12978852,-0.12898106,9.70999612,-0.49193299,1.06015569,0.65062575,4
117.37878621,31.96313829,41.56550907,-3.12101537,139.92469665,41.56350907,-43.68760948,0.17985542,-1.79416312,1.70363533,1.15938236,-1.24845673,0.05443470,-0.01457484,-0.09804998,9.80300586,-0.46267819,0.82186904,0.71507233,4
117.37878549,31.96313894,41.56473546,-3.04840433,139.85542551,41.56273546,-43.62183934,0.17900000,-1.76037351,1.68665114,1.14687062,-1.23650289,0.05310319,-0.13587367,0.00387367,9.94013242,-0.40848250,0.55239360,0.79249863,4
117.37878477,31.96313960,41.56384002,-2.97573480,139.78624220,41.56184002,-43.56875387,0.17459172,-1.74302050,1.67256016,1.13639587,-1.22679074,0.05223235,-0.19822557,0.07362518,9.98911222,-0.40310923,0.25730637,0.85350205,4
117.37878404,31.96314026,41.56286676,-2.90302219,139.71713107,41.56086676,-43.52802369,0.16299806,-1.74505183,1.66866249,1.13302763,-1.22473724,0.05201463,-0.17222314,0.06708354,9.87958133,-0.48569803,-0.06901611,0.88336707,4
117.37878333,31.96314091,41.56203173,-2.83028142,139.64807682,41.56003173,-43.49931222,0.15055065,-1.77012343,1.66153730,1.12741483,-1.22044170,0.05229787,-0.13543113,0.05035563,9.76078373,-0.42672639,-0.43653827,0.87737117,4
117.37878261,31.96314157,41.56146506,-2.75752688,139.57906450,41.55946506,-43.48226760,0.14023799,-1.82391125,1.64400505,1.11455582,-1.20863097,0.05309092,-0.12440161,0.05442742,9.70498069,-0.08890934,-0.85709786,0.82715802,4
117.37878191,31.96314222,41.56098875,-2.68477246,139.51007954,41.55898875,-43.47652960,0.14059701,-1.87818263,1.63433418,1.10706930,-1.20246960,0.05427437,-0.09551051,0.05481839,9.72661534,0.14490449,-1.00171429,0.80779840,4
117.37878119,31.96314288,41.56053083,-2.61203151,139.44110778,41.55853083,-43.48174344,0.15901536,-1.91812193,1.64459090,1.11327525,-1.21065202,0.05589730,-0.01943394,0.03646398,9.85249237,0.03979019,-0.61932120,0.86759984,4
117.37878046,31.96314354,41.55973667,-2.53931694,139.37213546,41.55773667,-43.49755575,0.17981377,-1.93927406,1.65921583,1.12244601,-1.22202178,0.05713835,0.06774988,-0.00039692,9.94803143,-0.12746671,-0.11509202,0.97598177,4
117.37877975,31.96314420,41.55818531,-2.46664113,139.30314925,41.55618531,-43.52360551,0.19102169,-1.93101262,1.66690659,1.12676936,-1.22849545,0.05717667,0.14016113,-0.06249309,9.89123339,-0.14813782,0.22359568,1.12613483,4
117.37877905,31.96314485,41.55630286,-2.39401603,139.23413623,41.55430286,-43.55952959,0.19662770,-1.90403676,1.67090315,1.12845500,-1.23243354,0.05649702,0.18702860,-0.12902413,9.75436834,-0.06933175,0.42233422,1.29865620,4
117.37877831,31.96314550,41.55494710,-2.32145308,139.16508395,41.55294710,-43.60496717,0.20450046,-1.86889543,1.67899328,1.13272187,-1.23962752,0.05582003,0.16214301,-0.15001396,9.67328673,0.03029137,0.48695020,1.47023824,4
117.37877757,31.96314614,41.55432950,-2.24896329,139.09598039,41.55232950,-43.65955172,0.21885604,-1.82963927,1.69044497,1.13904219,-1.24954884,0.05527245,0.06050017,-0.11626537,9.68357169,0.15143272,0.42510180,1.62675689,4
117.37877683,31.96314678,41.55405282,-2.17655720,139.02681401,41.55205282,-43.72290834,0.24813016,-1.79894436,1.69037369,1.13739818,-1.25103825,0.05462776,-0.03516933,-0.07608687,9.75260417,0.36750585,0.36626932,1.73158875,4
117.37877607,31.96314743,41.55400000,-2.10424489,138.95757375,41.55200000,-43.79466088,0.29498650,-1.78070405,1.67419695,1.12470405,-1.24066182,0.05381689,-0.09985981,-0.04399965,9.87101558,0.70141262,0.34953513,1.77326791,4
117.37877532,31.96314806,41.55346947,-2.03203599,138.88824901,41.55146947,-43.87443293,0.34350874,-1.76227449,1.66390421,1.11595672,-1.23465468,0.05306566,-0.11933267,-0.01951945,9.94762269,0.88159690,0.40135341,1.79752849,4
117.37877459,31.96314870,41.55193848,-1.95993967,138.81882970,41.54993848,-43.96184628,0.38734112,-1.73794858,1.67187658,1.11957130,-1.24216881,0.05250098,-0.06731198,-0.00578853,9.92340544,0.71941158,0.56371339,1.81703836,4
117.37877384,31.96314934,41.54988346,-1.88796466,138.74930623,41.54788346,-44.05652778,0.42609595,-1.70881002,1.68034755,1.12339670,-1.25007136,0.05181063,-0.02526374,0.00364553,9.88146264,0.51596918,0.67867175,1.85314131,4
117.37877310,31.96314998,41.54750592,-1.81611926,138.67966947,41.54550592,-44.15811320,0.45816725,-1.67437302,1.67683038,1.11885902,-1.24913728,0.05074010,-0.05364853,0.01224068,9.87617450,0.47432828,0.62167029,1.92532780,4
117.37877237,31.96315062,41.54514640,-1.74441137,138.60991080,41.54314640,-44.26624290,0.48694899,-1.64059059,1.67049801,1.11233922,-1.24613429,0.04960556,-0.11235248,0.02451502,9.88096679,0.47166152,0.47065650,2.02552181,4
117.37877162,31.96315126,41.54320904,-1.67284846,138.54002205,41.54120904,-44.38056237,0.51387387,-1.61536131,1.67169837,1.11100004,-1.24870547,0.04876961,-0.17125363,0.04875757,9.86513541,0.36576991,0.25408946,2.16602512,4
117.37877088,31.96315191,41.54168875,-1.60143763,138.46999555,41.53973742,-44.50072530,0.53789374,-1.59966056,1.67716172,1.11261172,-1.25449679,0.04822959,-0.21627603,0.07792058,9.83064761,0.19459958,0.04578256,2.31303170,4
117.37877014,31.96315255,41.54032569,-1.53018558,138.39982408,41.53859275,-44.62638992,0.55627866,-1.59101788,1.67316272,1.10776432,-1.25352018,0.04777523,-0.22372079,0.08866408,9.79859696,0.12930778,0.03331509,2.36877502,4
117.37876939,31.96315320,41.53903517,-1.45909864,138.32950088,41.53768883,-44.75721420,0.56929232,-1.58767277,1.65823312,1.09544577,-1.24468788,0.04734505,-0.19442130,0.07870246,9.77351014,0.18957942,0.22583607,2.32645826,4
117.37876864,31.96315384,41.53769572,-1.38818277,138.25901965,41.53663840,-44.89285856,0.57612530,-1.57898443,1.65047712,1.08795497,-1.24108389,0.04689857,-0.16205888,0.05990034,9.77149630,0.08538660,0.32402346,2.30265573,4
117.37876789,31.96315448,41.53624463,-1.31744354,138.18837456,41.53524463,-45.03298953,0.57431900,-1.55908425,1.65921325,1.09160663,-1.24945787,0.04641487,-0.13825450,0.03364787,9.80666125,-0.34979608,0.18226901,2.34772574,4
117.37876714,31.96315510,41.53469610,-1.24688616,138.11756023,41.53369610,-45.17727727,0.56764591,-1.54893570,1.66333623,1.09208928,-1.25453215,0.04620569,-0.12207739,0.01869852,9.87719433,-0.63619481,0.02811266,2.43513075,4
117.37876638,31.96315573,41.53302459,-1.17651548,138.04657171,41.53202459,-45.32539144,0.55616269,-1.56085792,1.65214190,1.08213123,-1.24857104,0.04649647,-0.11561113,0.02691459,9.99384302,-0.51614123,-0.04331105,2.56711326,4
117.37876562,31.96315636,41.53136735,-1.10633597,137.97540450,41.53036735,-45.47700226,0.53619796,-1.56756270,1.64422956,1.07428947,-1.24507238,0.04664000,-0.09961314,0.03702575,10.05800835,-0.47313777,0.04685818,2.67950885,4
117.37876485,31.96315697,41.52981871,-1.03635176,137.90405455,41.52881871,-45.63178511,0.49944761,-1.54863381,1.65331909,1.07775591,-1.25405034,0.04613526,-0.05550648,0.03737826,9.97188305,-0.85791667,0.46231408,2.71907095,4
117.37876409,31.96315759,41.52845481,-0.96656660,137.83251823,41.52745481,-45.78942201,0.45285947,-1.50913641,1.66748315,1.08455474,-1.26676585,0.04501732,-0.01515066,0.03316198,9.80862801,-1.25197090,0.93481802,2.72934458,4
117.37876333,31.96315822,41.52738770,-0.89698388,137.76079234,41.52638770,-45.94959812,0.40592665,-1.45580137,1.66989272,1.08342899,-1.27089052,0.04332175,-0.02375791,0.03176089,9.66974664,-1.06090036,1.08760076,2.77136619,4
117.37876257,31.96315885,41.52653615,-0.82760665,137.68887408,41.52553615,-46.11199838,0.36301415,-1.39589136,1.66480868,1.07720570,-1.26957343,0.04138560,-0.06801344,0.03714859,9.58029634,-0.50104870,1.00812499,2.83770985,4
117.37876180,31.96315946,41.52585224,-0.75843759,137.61676109,41.52485224,-46.27630873,0.33792724,-1.33995737,1.66780031,1.07610120,-1.27438089,0.03998304,-0.12171101,0.06718922,9.62390166,-0.19771437,0.92697059,2.89499153,4
117.37876103,31.96316009,41.52531460,-0.68947904,137.54445140,41.52431460,-46.44221938,0.33416380,-1.29097409,1.68215029,1.08227606,-1.28773713,0.03930197,-0.17759209,0.12119555,9.82144436,-0.32053350,0.89716151,2.93231201,4
117.37876026,31.96316072,41.52455184,-0.62073296,137.47194345,41.52355184,-46.60942583,0.32247098,-1.24555606,1.68787530,1.08298021,-1.29444283,0.03838415,-0.21357211,0.10514463,9.95133734,-0.56686008,0.86768621,2.93927770,4
117.37875949,31.96316134,41.52340130,-0.55220098,137.39923608,41.52240130,-46.77762845,0.29170347,-1.20317706,1.67681558,1.07301299,-1.28827619,0.03686840,-0.21886840,-0.02437054,9.92786105,-0.85635277,0.82151906,2.90724286,4
117.37875872,31.96316196,41.52211811,-0.48388437,137.32632848,41.52111811,-46.94653253,0.25880118,-1.15809192,1.66811745,1.06457806,-1.28399593,0.03526217,-0.21946066,-0.12698953,9.85645401,-1.06166259,0.79269078,2.89745610,4
117.37875793,31.96316257,41.52073701,-0.41578405,137.25322025,41.51973701,-47.11584849,0.23067150,-1.10559367,1.67288081,1.06476916,-1.29020369,0.03375408,-0.22495365,-0.11472617,9.75620307,-1.06171167,0.80999747,2.95556237,4
117.37875716,31.96316319,41.51925849,-0.34790062,137.17991134,41.51825849,-47.28529204,0.20586802,-1.05603261,1.67971676,1.06620346,-1.29803044,0.03241859,-0.22576379,-0.05216057,9.68930518,-0.93309388,0.77885056,3.03426629,4
117.37875639,31.96316381,41.51767022,-0.28023432,137.10640205,41.51667022,-47.45458741,0.18302951,-1.02271432,1.67469168,1.05983517,-1.29662617,0.03137165,-0.20930932,-0.01316303,9.73780960,-0.75422186,0.57477264,3.07730359,4
117.37875563,31.96316443,41.51611416,-0.21278507,137.03269302,41.51511416,-47.62347068,0.16102879,-1.00142015,1.66265516,1.04886299,-1.28975562,0.03055708,-0.18217025,0.00117495,9.84642937,-0.55947155,0.27355415,3.08891266,4
117.37875485,31.96316505,41.51516416,-0.14555248,136.95878523,41.51416416,-47.79168665,0.13809686,-0.98812284,1.65867007,1.04316049,-1.28909548,0.03008209,-0.15863821,-0.00512706,9.86140113,-0.39436734,0.06941172,3.06938865,4
117.37875407,31.96316566,41.51504350,-0.07853585,136.88467993,41.51404350,-47.95898470,0.11574047,-0.98358880,1.66564974,1.04467221,-1.29689625,0.03000000,-0.14679296,-0.02705183,9.74635937,-0.26169654,0.00222583,3.01710178,4
117.37875329,31.96316626,41.51553720,-0.01173417,136.81037872,41.51453720,-48.12512318,0.11357258,-0.99061556,1.66356462,1.04060768,-1.29760877,0.03000000,-0.18408083,0.00787324,9.66302196,-0.03576187,-0.15331897,2.96831347,4
117.37875251,31.96316688,41.51666692,0.05485387,136.73588345,41.51566692,-48.28987737,0.14034007,-1.01167159,1.64510662,1.02632997,-1.28555253,0.03000000,-0.28869102,0.12947310,9.66455952,0.33441543,-0.47751816,2.93443814,4
117.37875173,31.96316748,41.51785824,0.12122986,136.66119624,41.51685824,-48.45304038,0.17155001,-1.04526540,1.63172367,1.01520277,-1.27746707,0.03058918,-0.37392611,0.23829498,9.70831831,0.52682479,-0.84323847,2.89975398,4
117.37875093,31.96316808,41.51890482,0.18739562,136.58631944,41.51790482,-48.61442049,0.19947021,-1.09813336,1.63545359,1.01471963,-1.28275346,0.03236246,-0.39179683,0.28483938,9.80108983,0.30106780,-1.22119698,2.85714564,4
117.37875013,31.96316867,41.51994431,0.25335322,136.51125564,41.51894431,-48.77384015,0.22436418,-1.16430591,1.64267491,1.01633133,-1.29076213,0.03463046,-0.33928450,0.27685111,9.87533131,0.04161094,-1.45589437,2.83354061,4
117.37874933,31.96316927,41.52110863,0.31910496,136.43600760,41.52010863,-48.93113112,0.24593705,-1.24042382,1.64084153,1.01214605,-1.29168286,0.03681599,-0.20068098,0.21191668,9.86231993,0.11435124,-1.37083729,2.85844717,4
117.37874854,31.96316987,41.52228183,0.38465336,136.36057828,41.52128183,-49.08612660,0.26596362,-1.31414303,1.63661794,1.00641645,-1.29073011,0.03877636,-0.02874885,0.12838191,9.80344350,0.34493186,-1.08829115,2.90728216,4
117.37874774,31.96317046,41.52316101,0.45000115,136.28497082,41.52216101,-49.23866027,0.28658549,-1.35502643,1.64671070,1.00973631,-1.30096904,0.04009114,0.09358149,0.09075976,9.75783790,0.40959139,-0.69084399,2.94458735,4
117.37874692,31.96317103,41.52365976,0.51515130,136.20918856,41.52265976,-49.38857057,0.30846131,-1.35782963,1.67220795,1.02279602,-1.32325190,0.04065976,0.14444162,0.10736033,9.73805817,0.27868841,-0.21525103,2.96666076,4
117.37874610,31.96317159,41.52376784,0.58010699,136.13323500,41.52276784,-49.53570172,0.33300726,-1.34869652,1.68823712,1.02984555,-1.33813963,0.04076784,0.11323189,0.11827974,9.74441341,0.29722371,0.10882007,3.00351745,4
117.37874528,31.96317216,41.52344504,0.64487161,136.05711382,41.52244504,-49.67990414,0.36084677,-1.33324690,1.68745046,1.02623065,-1.33989009,0.04044504,-0.01067890,0.10746670,9.77949539,0.56885860,0.20736382,3.06434757,4
117.37874445,31.96317273,41.52302498,0.70944875,135.98082883,41.52202498,-49.82103961,0.38821606,-1.31559577,1.68849858,1.02356327,-1.34312043,0.04013210,-0.12921665,0.12202438,9.82835738,0.74475478,0.27104360,3.12148046,4
117.37874363,31.96317329,41.52257750,0.77384221,135.90438399,41.52157750,-49.95898435,0.41327198,-1.29592945,1.70018819,1.02719510,-1.35476115,0.04001450,-0.19895775,0.19816558,9.89421834,0.61882340,0.35376838,3.16119624,4
117.37874280,31.96317386,41.52205512,0.83805594,135.82778338,41.52105512,-50.09362409,0.43206314,-1.27540290,1.71265122,1.03134035,-1.36695703,0.03978617,-0.22154672,0.26773586,9.94232346,0.33510113,0.43999288,3.12774289,4
117.37874197,31.96317441,41.52137743,0.90209405,135.75103120,41.52037743,-50.22484994,0.43788859,-1.25524205,1.71362140,1.02882334,-1.36992735,0.03902994,-0.18622920,0.24277445,9.92389729,0.03275419,0.51101553,2.93071307,4
117.37874114,31.96317497,41.52058885,0.96596082,135.67413172,41.51958885,-50.35256209,0.43448616,-1.23528606,1.70603812,1.02135529,-1.36603118,0.03789112,-0.11291161,0.14784585,9.85769563,-0.26489014,0.56900472,2.61617155,4
117.37874031,31.96317553,41.51974168,1.02966068,135.59708932,41.51874168,-50.47667245,0.42740471,-1.20853505,1.70761975,1.01978733,-1.36918418,0.03695341,-0.07182525,0.08720525,9.81854276,-0.47969735,0.57869512,2.23556937,4
117.37873947,31.96317609,41.51883252,1.09319817,135.51990845,41.51783252,-50.59709962,0.41699024,-1.17138210,1.72526830,1.02842602,-1.38476586,0.03641626,-0.08919188,0.09601952,9.83235448,-0.56947483,0.51801785,1.78325510,4
117.37873863,31.96317666,41.51806680,1.15657797,135.44259363,41.51706680,-50.71376307,0.40484317,-1.14150138,1.73675783,1.03385929,-1.39514156,0.03597424,-0.11328433,0.12481040,9.83250132,-0.62960834,0.41135051,1.35958820,4
117.37873781,31.96317722,41.51757149,1.21980489,135.36514943,41.51657149,-50.82658284,0.39078946,-1.12774986,1.73216878,1.03030989,-1.39231060,0.03556438,-0.12961204,0.16524506,9.79120431,-0.67978303,0.24804369,1.00969623,4
117.37873699,31.96317778,41.51726489,1.28288386,135.28758052,41.51626489,-50.93548152,0.37516355,-1.12003305,1.72667880,1.02645165,-1.38856109,0.03526489,-0.13988840,0.19332627,9.75477583,-0.69313884,0.08313039,0.67882481,4
117.37873616,31.96317833,41.51731825,1.34581993,135.20989161,41.51631825,-51.04038660,0.35614464,-1.11537485,1.73617729,1.03165291,-1.39649323,0.03531825,-0.13759695,0.16468642,9.78233903,-0.58789279,-0.02347782,0.33163151,4
117.37873534,31.96317889,41.51769234,1.40861827,135.13208747,41.51669234,-51.14123182,0.33481644,-1.11340654,1.75952766,1.04525693,-1.41520705,0.03569234,-0.12222905,0.08422138,9.86594907,-0.37993809,-0.07017321,-0.03060061,4
117.37873450,31.96317945,41.51795897,1.47128416,135.05417292,41.51695897,-51.23795614,0.32276180,-1.11450128,1.77537144,1.05489794,-1.42769682,0.03595897,-0.08993666,0.02331579,9.89120719,-0.26587577,-0.07615038,-0.36635839,4
117.37873369,31.96318002,41.51800000,1.53382296,134.97615283,41.51700000,-51.33050421,0.32415634,-1.11921887,1.77748437,1.05703126,-1.42896874,0.03600000,-0.03720188,0.00192156,9.82198246,-0.30681403,-0.03970215,-0.66172511,4
117.37873287,31.96318058,41.51807609,1.59624014,134.89803208,41.51707609,-51.41883209,0.32657737,-1.12314090,1.78173120,1.06063490,-1.43183220,0.03607609,0.01565830,-0.00642760,9.77024817,-0.36895705,-0.00691481,-0.92029931,4
117.37873202,31.96318114,41.51835069,1.65854122,134.81981560,41.51735069,-51.50291095,0.32529553,-1.12326856,1.79806099,1.07163728,-1.44417113,0.03635069,0.05915032,0.00051202,9.80897521,-0.41288727,-0.00380669,-1.10206042,4
117.37873118,31.96318168,41.51879770,1.72073179,134.74150830,41.51779770,-51.58271942,0.32164852,-1.11935283,1.82142160,1.08695222,-1.46197316,0.03670387,0.09259290,0.01805112,9.89886902,-0.43476347,0.00229121,-1.21063469,4
117.37873034,31.96318224,41.51939321,1.78281748,134.66311510,41.51839321,-51.65823498,0.31933980,-1.10898524,1.83709715,1.09759714,-1.47350489,0.03675242,0.10978640,0.03409237,9.92412068,-0.41289241,0.12511946,-1.23046520,4
117.37872951,31.96318280,41.52012900,1.84480396,134.58464091,41.51912900,-51.72943855,0.31900000,-1.09190417,1.84264497,1.10208047,-1.47682248,0.03643550,0.11004852,0.04649939,9.86561667,-0.34453619,0.38203394,-1.16111728,4
117.37872867,31.96318335,41.52082079,1.90669696,134.50609065,41.51982079,-51.79632217,0.31853727,-1.07085900,1.85082375,1.10810872,-1.48230006,0.03595079,0.09508731,0.06189570,9.79087567,-0.28533010,0.54260837,-1.07912399,4
117.37872783,31.96318390,41.52136091,1.96850222,134.42746922,41.52036091,-51.85888349,0.31704533,-1.04357354,1.86874212,1.11993847,-1.49573507,0.03523315,0.05276534,0.08533613,9.71216939,-0.26431845,0.43743554,-1.00323542,4
117.37872699,31.96318444,41.52180407,2.03022550,134.34878149,41.52080407,-51.91711555,0.31576812,-1.01530608,1.88941372,1.13341121,-1.51145874,0.03447485,-0.00069945,0.10867000,9.65036983,-0.25252352,0.23142158,-0.94732052,4
117.37872614,31.96318498,41.52220796,2.09187259,134.27003233,41.52120796,-51.97100878,0.31747375,-0.99661731,1.89967978,1.14069702,-1.51882696,0.03405919,-0.03762602,0.11454453,9.65994317,-0.19403249,0.21356175,-0.95283967,4
117.37872531,31.96318553,41.52258572,2.15344931,134.19122659,41.52158572,-52.02055741,0.32220008,-0.98787132,1.89889996,1.14141428,-1.51731424,0.03400000,-0.05601452,0.10257120,9.74008710,-0.08642682,0.40284623,-1.01831542,4
117.37872447,31.96318607,41.52297409,2.21496152,134.11236911,41.52197409,-52.06575842,0.33118570,-0.97162116,1.90170121,1.14427866,-1.51864287,0.03370430,-0.05685667,0.08437510,9.82695181,0.03672742,0.62798795,-1.07448947,4
117.37872362,31.96318662,41.52339439,2.27641506,134.03346474,41.52239439,-52.10661019,0.34819847,-0.93581412,1.91607007,1.15405948,-1.52919105,0.03277692,-0.02679307,0.05921653,9.90314386,0.17567748,0.85625719,-1.08952886,4
117.37872277,31.96318717,41.52377561,2.33781580,133.95451827,41.52277561,-52.14311683,0.36682817,-0.89042657,1.93376499,1.16581935,-1.54240981,0.03148147,0.00864351,0.03796463,9.94920839,0.23408273,1.01508717,-1.08146833,4
117.37872194,31.96318772,41.52397259,2.39916963,133.87553449,41.52297259,-52.17529013,0.37688359,-0.84732875,1.94238766,1.17212301,-1.54846264,0.03006666,0.00825648,0.04165521,9.91442493,-0.00045101,0.93954371,-1.06850212,4
117.37872111,31.96318827,41.52400000,2.46048242,133.79651817,41.52300000,-52.20314630,0.37860347,-0.80763502,1.94198262,1.17300000,-1.54737915,0.02858610,-0.02677888,0.06848503,9.80688768,-0.50228195,0.65078630,-1.05386095,4
117.37872027,31.96318882,41.52410521,2.52176001,133.71747401,41.52310521,-52.22670492,0.37415236,-0.77828616,1.94309015,1.17478864,-1.54746666,0.02745201,-0.07020314,0.06658762,9.69890585,-0.77338308,0.35689074,-1.04767560,4
117.37871944,31.96318937,41.52442497,2.58300825,133.63840671,41.52342497,-52.24598899,0.35986484,-0.76890967,1.95025688,1.18022448,-1.55229361,0.02704609,-0.11931550,-0.00151252,9.61399199,-0.48592153,0.12277836,-1.05928438,4
117.37871860,31.96318993,41.52489577,2.64423294,133.55932090,41.52389577,-52.26102325,0.34974014,-0.76996040,1.95794101,1.18601815,-1.55747913,0.02705390,-0.14829839,-0.07120780,9.57422053,-0.01484438,-0.03957224,-1.08609721,4
117.37871777,31.96319048,41.52551640,2.70543988,133.48022120,41.52451640,-52.27183641,0.36629929,-0.77396204,1.95851338,1.18767141,-1.55696226,0.02727091,-0.10822199,-0.05092030,9.63801751,0.21194279,-0.07038212,-1.13343542,4
117.37871694,31.96319103,41.52625265,2.76663481,133.40111217,41.52525265,-52.27846635,0.40602777,-0.77939493,1.95272609,1.18561570,-1.55135242,0.02762633,-0.00924373,0.04927221,9.78845288,0.20145629,0.00720844,-1.19723381,4
117.37871611,31.96319159,41.52668985,2.82782344,133.32199832,41.52568985,-52.28095936,0.43558231,-0.78108433,1.95279470,1.18708806,-1.55040328,0.02790381,0.07203970,0.10338874,9.92599185,0.04693894,0.05978097,-1.26208285,4
117.37871528,31.96319214,41.52652228,2.88901140,133.24288407,41.52552228,-52.27936538,0.43877884,-0.77520808,1.96593707,1.19640023,-1.55986894,0.02799111,0.10188709,0.04565834,10.01290217,-0.31078057,0.03207821,-1.32398563,4
117.37871444,31.96319271,41.52618483,2.95020427,133.16377382,41.52518483,-52.27373858,0.42893321,-0.76848640,1.98044721,1.20657255,-1.57041320,0.02800000,0.09886104,-0.02104019,10.04122394,-0.66497357,-0.00463139,-1.35968198,4
117.37871361,31.96319326,41.52602114,3.01140756,133.08467187,41.52502114,-52.26413870,0.41233131,-0.76719068,1.98534435,1.21108187,-1.57327164,0.02800000,0.06378715,0.00144667,9.97133788,-0.80676437,0.01613767,-1.33172766,4
117.37871279,31.96319381,41.52600000,3.07262668,133.00558246,41.52500000,-52.25062608,0.39183123,-0.76997355,1.98302645,1.21133628,-1.57036272,0.02800000,0.00779470,0.09056046,9.83381863,-0.79196348,0.08011713,-1.25895340,4
117.37871195,31.96319437,41.52626679,3.13386699,132.92650976,41.52526679,-52.23325794,0.36955816,-0.76741693,1.98491609,1.21414005,-1.57065406,0.02786660,-0.02823699,0.13486925,9.73299977,-0.77847165,0.12621328,-1.19637504,4
117.37871111,31.96319493,41.52700419,3.19513376,132.84745786,41.52600419,-52.21209280,0.34517718,-0.75437508,1.99611444,1.22255348,-1.57809873,0.02749790,-0.02358814,0.08272023,9.71460615,-0.80823888,0.12946387,-1.16350304,4
117.37871028,31.96319548,41.52777561,3.25643217,132.76843079,41.52677561,-52.18719245,0.32205046,-0.74241083,2.00619124,1.23022808,-1.58472403,0.02715328,-0.01899413,0.01798375,9.72832649,-0.81010898,0.10013994,-1.15812826,4
117.37870944,31.96319604,41.52831260,3.31776735,132.68943253,41.52731260,-52.15861444,0.30306973,-0.73970878,2.00768230,1.23259009,-1.58484509,0.02701628,-0.04125448,-0.01106515,9.75855485,-0.72215633,0.02728456,-1.19374627,4
117.37870861,31.96319659,41.52871021,3.37914433,132.61046696,41.52771021,-52.12640585,0.28646073,-0.74239194,2.00418763,1.23186935,-1.58118763,0.02700000,-0.07928286,-0.01852259,9.79686243,-0.58285675,-0.06949693,-1.25205494,4
117.37870777,31.96319714,41.52911228,3.44056809,132.53153797,41.52811228,-52.09060663,0.27482179,-0.74769036,2.00526228,1.23386998,-1.58104063,0.02730541,-0.10495201,-0.00685512,9.84157933,-0.44445478,-0.14327006,-1.29061959,4
117.37870694,31.96319769,41.52955199,3.50204355,132.45264936,41.52855199,-52.05125559,0.27070958,-0.75604636,2.01482091,1.24094819,-1.58740027,0.02810516,-0.10717533,0.03105468,9.89490676,-0.31871281,-0.17458034,-1.29227464,4
117.37870611,31.96319825,41.52998133,3.56357558,132.37380492,41.52898133,-52.00839097,0.26447572,-0.76747676,2.02219196,1.24679677,-1.59202922,0.02886439,-0.07600321,0.04026807,9.91124338,-0.26914208,-0.17933953,-1.29449650,4
117.37870527,31.96319881,41.53037688,3.62516899,132.29500840,41.52937688,-51.96204747,0.25139240,-0.78378202,2.02223890,1.24841682,-1.59093803,0.02936602,0.01165497,-0.01583447,9.85250533,-0.36317339,-0.14780487,-1.31117008,4
117.37870444,31.96319937,41.53076064,3.68682854,132.21626353,41.52976064,-51.91225471,0.23690744,-0.80144672,2.01987583,1.24866889,-1.58796056,0.02974346,0.11752730,-0.09334879,9.76725407,-0.48595974,-0.10510499,-1.33654791,4
117.37870362,31.96319993,41.53116735,3.74855895,132.13757400,41.53016735,-51.85903870,0.23655487,-0.81262516,2.02387190,1.25281958,-1.58990926,0.02996787,0.17176740,-0.11393088,9.72891827,-0.30829704,-0.10044346,-1.38710290,4
117.37870279,31.96320050,41.53160768,3.81036491,132.05894351,41.53060768,-51.80242441,0.25599205,-0.81460768,2.03705367,1.26258449,-1.59897681,0.03000000,0.15163884,-0.05230087,9.75973028,0.28992301,-0.15021470,-1.47114512,4
117.37870197,31.96320106,41.53214683,3.87225104,131.98037571,41.53114683,-51.74243709,0.27700657,-0.81810360,2.04597533,1.26983801,-1.60455395,0.03011372,0.10648105,0.00776948,9.77876629,0.58499652,-0.18624250,-1.56211490,4
117.37870114,31.96320163,41.53285026,3.93422194,131.90187427,41.53185026,-51.67909773,0.29497265,-0.82697579,2.04468197,1.27101098,-1.60188167,0.03042791,0.03910790,0.04087580,9.75667754,0.22183174,-0.18201162,-1.65543271,4
117.37870032,31.96320219,41.53354407,3.99628216,131.82344282,41.53254407,-51.61241757,0.31228336,-0.83637713,2.04159215,1.27114118,-1.59773972,0.03077203,-0.02401995,0.05770663,9.72307651,-0.23987766,-0.16239317,-1.73970117,4
117.37869950,31.96320275,41.53394455,4.05843624,131.74508502,41.53294455,-51.54240143,0.33075646,-0.84051194,2.04444609,1.27494617,-1.59830073,0.03097227,-0.03234685,0.03098063,9.69141724,-0.23015497,-0.12352358,-1.77400077,4
117.37869868,31.96320332,41.53400000,4.12068871,131.66680455,41.53300000,-51.46905251,0.35066213,-0.83838589,2.05447896,1.28318317,-1.60454654,0.03100000,0.02355545,-0.04558095,9.66313217,0.34482780,-0.06339950,-1.75022228,4
117.37869786,31.96320388,41.53374210,4.18304406,131.58860508,41.53274210,-51.39236966,0.37875631,-0.83129346,2.06223540,1.28998148,-1.60900518,0.03087106,0.06228347,-0.05461625,9.67928444,0.70919257,0.04822015,-1.72866617,4
117.37869704,31.96320445,41.53306309,4.24550680,131.51049033,41.53206309,-51.31234503,0.41984577,-0.81773447,2.06439088,1.29326758,-1.60905383,0.03053156,0.05611319,0.05968857,9.76711222,0.58131089,0.23834960,-1.72597975,4
117.37869622,31.96320501,41.53234434,4.30808141,131.43246404,41.53134434,-51.22896950,0.46122642,-0.80289643,2.06672420,1.29666593,-1.60924188,0.03019858,0.03694618,0.17019121,9.86643497,0.39101102,0.40732691,-1.73114335,4
117.37869540,31.96320558,41.53175308,4.37077237,131.35452997,41.53075308,-51.14223816,0.49534430,-0.78763506,2.07326896,1.30270788,-1.61274355,0.03002332,0.00019164,0.18836891,9.96089734,0.29295595,0.45085542,-1.75219923,4
117.37869457,31.96320615,41.53125830,4.43358417,131.27669192,41.53025830,-51.05214828,0.52154518,-0.77163289,2.08332801,1.31097497,-1.61900816,0.02995557,-0.04784058,0.12104706,10.03935684,0.27990889,0.38491755,-1.78958665,4
117.37869375,31.96320673,41.53052831,4.49652126,131.19895371,41.52952831,-50.95869524,0.53803188,-0.75227552,2.08888361,1.31659598,-1.62170921,0.02949115,-0.04636015,0.07251318,10.01144026,0.23649895,0.40606406,-1.83982642,4
117.37869293,31.96320730,41.52944832,4.55958809,131.12131920,41.52844832,-50.86187042,0.54262057,-0.72838040,2.08737943,1.31803445,-1.61882775,0.02844832,0.02685834,0.06865502,9.83804315,0.13231536,0.57264681,-1.90454878,4
117.37869211,31.96320787,41.52849739,4.62278909,131.04379227,41.52749739,-50.76165870,0.54970560,-0.70593366,2.08619281,1.31970062,-1.61610037,0.02742366,0.07905992,0.07305615,9.67468988,0.09942855,0.63746823,-1.98992452,4
117.37869130,31.96320844,41.52805558,4.68612871,130.96637687,41.52705558,-50.65803853,0.56892403,-0.68947173,2.08901987,1.32385313,-1.61628105,0.02670628,0.04177895,0.08016854,9.60361961,0.28878171,0.35894677,-2.12539245,4
117.37869049,31.96320902,41.52793240,4.74961141,130.88907699,41.52693240,-50.55098379,0.59796270,-0.68260218,2.09338773,1.32902991,-1.61744872,0.02643085,-0.04535316,0.08897436,9.62802527,0.59760689,-0.14166831,-2.30538737,4
117.37868968,31.96320959,41.52755901,4.81324165,130.81189669,41.52655901,-50.44046220,0.63110995,-0.69923909,2.09138960,1.33057903,-1.61341852,0.02713366,-0.06067379,0.09643222,9.77770256,0.70845532,-0.50614800,-2.52037074,4
117.37868888,31.96321016,41.52684710,4.87702392,130.73484009,41.52584710,-50.32643215,0.66733904,-0.74117380,2.08185945,1.32781196,-1.60328300,0.02888224,0.01431246,0.10207027,10.05490036,0.57329245,-0.67843878,-2.76803235,4
117.37868807,31.96321075,41.52595076,4.94096273,130.65791141,41.52495076,-50.20884522,0.69516200,-0.77715266,2.07711149,1.32832894,-1.59673670,0.03037303,0.11158642,0.10274404,10.25476442,0.30121253,-0.66733828,-3.02162098,4
117.37868726,31.96321132,41.52476472,5.00506266,130.58111496,41.52376472,-50.08765090,0.70341647,-0.79131354,2.08548511,1.33756236,-1.60019415,0.03093638,0.22686327,0.09311328,10.24047508,-0.18769790,-0.31856758,-3.27702744,4
117.37868645,31.96321191,41.52362819,5.06932830,130.50445514,41.52262819,-49.96279608,0.69591814,-0.79198520,2.09903174,1.35032532,-1.60743168,0.03088600,0.30856270,0.07856186,10.09969883,-0.68624622,0.08077027,-3.50951119,4
117.37868565,31.96321250,41.52307111,5.13376428,130.42793645,41.52207111,-49.83422148,0.67189311,-0.78610801,2.10794828,1.36028440,-1.61066171,0.03043968,0.26534063,0.06514458,9.91188357,-0.88719732,0.12030351,-3.67244957,4
117.37868485,31.96321309,41.52300000,5.19837529,130.35156351,41.52200000,-49.70186241,0.63555582,-0.77613429,2.11238061,1.36748510,-1.61008581,0.02972388,0.11982398,0.05322011,9.69783868,-0.83477949,-0.15069530,-3.77889591,4
117.37868405,31.96321368,41.52312164,5.26316607,130.27534104,41.52212164,-49.56565347,0.60772758,-0.77389324,2.11781192,1.37536391,-1.61023234,0.02953773,0.01744316,0.04358402,9.56075438,-0.69503695,-0.39107485,-3.86731906,4
117.37868325,31.96321427,41.52347726,5.32814140,130.19927390,41.52247726,-49.42553067,0.59973249,-0.78767979,2.12642721,1.38532371,-1.61283984,0.03044628,0.02683080,0.03792948,9.57909153,-0.45863538,-0.48514880,-3.93697633,4
117.37868245,31.96321486,41.52368401,5.39330612,130.12336704,41.52268401,-49.28142916,0.60179222,-0.80434876,2.13435476,1.39504539,-1.61483946,0.03149290,0.06779617,0.04613104,9.65723785,-0.23706809,-0.46642459,-4.01721219,4
117.37868165,31.96321544,41.52333338,5.45866511,130.04762554,41.52233338,-49.13328093,0.61132250,-0.81440266,2.13792684,1.40243058,-1.61328844,0.03194580,0.09032681,0.08439820,9.74811439,-0.13313917,-0.29938209,-4.13886598,4
117.37868085,31.96321603,41.52262688,5.52422329,129.97205462,41.52162688,-48.98101602,0.62508920,-0.81992525,2.13868656,1.40829837,-1.60944787,0.03200000,0.09867148,0.14147612,9.84338566,-0.10541834,-0.04248433,-4.28699620,4
117.37868005,31.96321661,41.52196677,5.58998563,129.89665961,41.52096677,-48.82456566,0.62776223,-0.82259465,2.14232985,1.41599854,-1.60772056,0.03214099,0.11154342,0.16556874,9.90663639,-0.26788155,0.07815362,-4.40699111,4
117.37867925,31.96321719,41.52147407,5.65595716,129.82144599,41.52047407,-48.66386440,0.60981554,-0.82131089,2.15174388,1.42730101,-1.61027725,0.03253111,0.13582225,0.12685931,9.91225261,-0.74809323,-0.06355672,-4.47091350,4
117.37867845,31.96321778,41.52140102,5.72214292,129.74641933,41.52040102,-48.49884975,0.58593740,-0.82118667,2.16036499,1.43815893,-1.61215341,0.03287130,0.15999952,0.08308578,9.89310165,-1.10434471,-0.16181068,-4.52460079,4
117.37867765,31.96321838,41.52212799,5.78854801,129.67158535,41.52112799,-48.32945917,0.55947785,-0.82538374,2.16456463,1.44636248,-1.61055461,0.03298771,0.17851075,0.05871402,9.84956406,-1.04875268,-0.04352591,-4.58362793,4
117.37867685,31.96321899,41.52322649,5.85517753,129.59694990,41.52222649,-48.15562694,0.53190283,-0.83087899,2.16697594,1.45350879,-1.60752804,0.03298847,0.19280325,0.04424318,9.79627392,-0.81372210,0.16798108,-4.64569158,4
117.37867606,31.96321958,41.52444071,5.92203664,129.52251895,41.52344071,-47.97728608,0.50353868,-0.82695299,2.17288327,1.46298922,-1.60692472,0.03281962,0.18558934,0.03956779,9.75687046,-0.71175648,0.28688264,-4.71173148,4
117.37867527,31.96322018,41.52576519,5.98913050,129.44829861,41.52476519,-47.79437272,0.47416592,-0.80834543,2.18447506,1.47624024,-1.61029556,0.03241161,0.14616050,0.04812148,9.74052494,-0.84629726,0.24691754,-4.78331999,4
117.37867449,31.96322078,41.52704617,6.05646431,129.37429514,41.52604617,-47.60682774,0.45531856,-0.80369388,2.19234061,1.48706482,-1.61088727,0.03240412,0.10985877,0.05574735,9.71640325,-0.82581151,0.04255631,-4.87315390,4
117.37867372,31.96322138,41.52820945,6.12404328,129.30051490,41.52720945,-47.41459460,0.45686789,-0.83029841,2.19130442,1.49207130,-1.60492332,0.03323621,0.08968533,0.05742958,9.67017046,-0.43495670,-0.42530992,-4.99604847,4
117.37867294,31.96322199,41.52929635,6.19187263,129.22696440,41.52829635,-47.21761811,0.46580987,-0.86743419,2.18822127,1.49578218,-1.59740270,0.03440034,0.07922876,0.06098663,9.62917338,0.03087237,-0.92181404,-5.13377436,4
117.37867217,31.96322261,41.53012947,6.25995756,129.15365027,41.52912947,-47.01584720,0.48114776,-0.90924245,2.18993162,1.50289772,-1.59309621,0.03600617,0.09872753,0.08859125,9.66645587,0.23169111,-1.07088963,-5.30018199,4
117.37867140,31.96322322,41.53063259,6.32830329,129.08057927,41.52963259,-46.80923718,0.50416005,-0.95605492,2.19828446,1.51471262,-1.59326519,0.03816297,0.15709347,0.14809347,9.80767293,0.06976397,-0.75258286,-5.50315601,4
117.37867063,31.96322384,41.53094172,6.39691502,129.00775826,41.52994172,-46.59774767,0.52457189,-0.98870622,2.20791401,1.52766823,-1.59411588,0.03970860,0.24437584,0.16762110,9.89556669,-0.07825916,-0.39261125,-5.68199795,4
117.37866986,31.96322446,41.53099789,6.46579791,128.93519424,41.52999789,-46.38133742,0.53803386,-0.99433427,2.21789289,1.54129930,-1.59488002,0.03998945,0.37239567,0.10564083,9.85667617,-0.09448794,-0.09495826,-5.80653869,4
117.37866909,31.96322508,41.53096098,6.53495711,128.86289430,41.52996098,-46.15996004,0.54900226,-0.99211276,2.22854555,1.55550264,-1.59602846,0.03996098,0.48587822,0.03866313,9.80906854,-0.10227055,0.16794915,-5.91591205,4
117.37866832,31.96322570,41.53074743,6.60439775,128.79086569,41.52974743,-45.93356318,0.55540184,-0.98038736,2.24188017,1.57162463,-1.59897777,0.03974743,0.49572665,0.02657163,9.84261039,-0.19715772,0.33447404,-6.00888892,4
117.37866757,31.96322632,41.53033557,6.67412496,128.71911578,41.52933557,-45.70209148,0.55654277,-0.95811192,2.25816263,1.58985413,-1.60390104,0.03933107,0.38791310,0.07674482,9.96768390,-0.39190245,0.39182549,-6.08397739,4
117.37866681,31.96322695,41.52991648,6.74414384,128.64765209,41.52891648,-45.46549081,0.55027057,-0.93498568,2.26937917,1.60460570,-1.60496485,0.03866415,0.30084435,0.08253520,9.99547396,-0.57131299,0.43103008,-6.17057994,4
117.37866605,31.96322758,41.52953967,6.81445948,128.57648228,41.52853967,-45.22371102,0.53260268,-0.91330105,2.27100000,1.61274621,-1.59879346,0.03761902,0.28225379,-0.00581213,9.82934425,-0.69654258,0.46895332,-6.28208225,4
117.37866529,31.96322821,41.52925356,6.88507694,128.50561413,41.52825356,-44.97670683,0.51661302,-0.89335807,2.27109174,1.61992536,-1.59141994,0.03662307,0.27241429,-0.09227565,9.65660899,-0.72987295,0.45722265,-6.41800855,4
117.37866455,31.96322884,41.52929803,6.95600121,128.43505559,41.52829803,-44.72443898,0.51487812,-0.87934283,2.27154638,1.62771866,-1.58412575,0.03607452,0.25143633,-0.10837774,9.58733178,-0.43584909,0.24991576,-6.63391180,4
117.37866380,31.96322947,41.52969057,7.02723728,128.36481468,41.52869057,-44.46687527,0.52856799,-0.87317610,2.27231294,1.63613228,-1.57682576,0.03605684,0.22191795,-0.05015672,9.63333912,0.17008096,-0.15460951,-6.93274805,4
117.37866306,31.96323011,41.53011291,7.09879004,128.29489958,41.52911291,-44.20398895,0.54830549,-0.88595555,2.27230808,1.64429832,-1.56851085,0.03676478,0.22791006,0.01714412,9.76144970,0.43010774,-0.47700154,-7.22414282,4
117.37866231,31.96323075,41.53049612,7.17066431,128.22531856,41.52949612,-43.93575468,0.57372825,-0.92653414,2.27101553,1.65192235,-1.55860482,0.03848059,0.29174297,0.08035556,9.98997269,0.07027121,-0.62181205,-7.48338340,4
117.37866157,31.96323140,41.53081966,7.24286486,128.15608001,41.52981966,-43.66214679,0.59516257,-0.96542314,2.27195705,1.66126767,-1.54999692,0.04009830,0.36364881,0.12103275,10.16846892,-0.32359403,-0.63132460,-7.72399972,4
117.37866083,31.96323205,41.53097930,7.31539636,128.08719243,41.52997930,-43.38314153,0.60138195,-0.98484135,2.28044750,1.67619789,-1.54620817,0.04089653,0.43077401,0.09432462,10.14120057,-0.50440864,-0.31475401,-7.92367313,4
117.37866010,31.96323270,41.53102733,7.38826343,128.01866444,41.53002733,-43.09872075,0.59580419,-0.98531446,2.29517473,1.69577423,-1.54635596,0.04091803,0.48569223,0.01817840,9.94513097,-0.48436673,0.22328990,-8.07474498,4
117.37865936,31.96323336,41.53119487,7.46147055,127.95050474,41.53019487,-42.80887225,0.59396014,-0.97081795,2.31001725,1.71559944,-1.54634726,0.04041541,0.49816002,-0.02700755,9.75205183,-0.33358664,0.52035820,-8.14935611,4
117.37865865,31.96323402,41.53153577,7.53502214,127.88272215,41.53053577,-42.51358797,0.59910820,-0.94085166,2.32382374,1.73486039,-1.54539267,0.03939267,0.45888481,-0.02339092,9.59479580,-0.05441358,0.46855321,-8.13581675,4
117.37865794,31.96323468,41.53206620,7.60892251,127.81532557,41.53106620,-42.21286466,0.60968530,-0.91044180,2.33646705,1.75330592,-1.54365284,0.03839565,0.41348711,-0.01006756,9.51265079,0.17046957,0.38074481,-8.13220961,4
117.37865723,31.96323535,41.53304192,7.68317583,127.74832397,41.53204192,-41.90670690,0.63212676,-0.88563188,2.34636311,1.76975305,-1.54016814,0.03769874,0.37404194,0.00847075,9.62152080,0.18927391,0.34757484,-8.19479678,4
117.37865652,31.96323601,41.53414934,7.75778615,127.68172640,41.53314934,-41.59512792,0.66083018,-0.86558196,2.35353125,1.78417410,-1.53484863,0.03722684,0.33779893,0.03036329,9.84343488,0.05671182,0.34240738,-8.29591219,4
117.37865581,31.96323668,41.53447831,7.83275742,127.61554196,41.53347831,-41.27814598,0.68063499,-0.84909872,2.35726002,1.79591295,-1.52690563,0.03681643,0.29735576,0.05093300,9.97471322,-0.10461055,0.29267666,-8.36283686,4
117.37865511,31.96323736,41.53388105,7.90809339,127.54977982,41.53288105,-40.95578103,0.68907056,-0.83597785,2.35744053,1.80486793,-1.51621574,0.03644053,0.25150613,0.06941428,9.98209679,-0.27447751,0.18656272,-8.38370058,4
117.37865441,31.96323803,41.53319332,7.98379769,127.48444917,41.53219332,-40.62805713,0.69243658,-0.82411538,2.35790949,1.81418853,-1.50555761,0.03596832,0.23487433,0.08040267,9.92386365,-0.45541693,0.10623230,-8.41409181,4
117.37865371,31.96323872,41.53264105,8.05987380,127.41955929,41.53164105,-40.29500733,0.68742306,-0.81412161,2.36050753,1.82553169,-1.49606330,0.03523836,0.29447510,0.07320906,9.74802232,-0.66104911,0.11351104,-8.48678447,4
117.37865302,31.96323939,41.53237224,8.13632501,127.35511945,41.53137224,-39.95667219,0.67915662,-0.80530693,2.36429731,1.83799038,-1.48711865,0.03446206,0.37212869,0.04916327,9.56346799,-0.81349887,0.13849994,-8.58709256,4
117.37865235,31.96324008,41.53278436,8.21315445,127.29113895,41.53178436,-39.61309054,0.67691049,-0.79668028,2.36778813,1.85010785,-1.47766916,0.03405203,0.35611572,0.00517170,9.58793131,-0.73663417,0.04561851,-8.69472866,4
117.37865168,31.96324078,41.53381496,8.29036506,127.22762714,41.53281496,-39.26429321,0.68086484,-0.78808529,2.37083990,1.86175461,-1.46766534,0.03400000,0.24777406,-0.05584788,9.81441647,-0.44610572,-0.16280749,-8.80589128,4
117.37865101,31.96324149,41.53467879,8.36795964,127.16459340,41.53367879,-38.91030733,0.68227120,-0.78985419,2.37229366,1.87216797,-1.45659796,0.03431867,0.17674243,-0.09109551,9.99816737,-0.32969028,-0.37828909,-8.89974060,4
117.37865035,31.96324221,41.53497046,8.44594079,127.10204714,41.53397046,-38.55116458,0.67598784,-0.81471956,2.37032698,1.87998464,-1.44333822,0.03534784,0.21880539,-0.06336887,10.02119591,-0.67068667,-0.57207798,-8.95385297,4
117.37864969,31.96324291,41.53506757,8.52431095,127.03999783,41.53406757,-38.18690256,0.66496523,-0.84766921,2.36820002,1.88774821,-1.42982034,0.03658888,0.30167538,-0.02276034,9.95625878,-1.02748412,-0.68399667,-8.99992482,4
117.37864904,31.96324362,41.53531244,8.60307234,126.97845495,41.53431244,-37.81756052,0.65035390,-0.87526038,2.36958740,1.89835973,-1.41814722,0.03756845,0.36151190,-0.02079771,9.84540970,-0.89953260,-0.60605683,-9.07061332,4
117.37864840,31.96324433,41.53567499,8.68222704,126.91742801,41.53467499,-37.44317857,0.63362505,-0.89849994,2.37342499,1.91094997,-1.40777503,0.03835001,0.40217490,-0.04664992,9.70960036,-0.43410133,-0.40282557,-9.15899976,4
117.37864776,31.96324504,41.53607749,8.76177690,126.85692653,41.53507749,-37.06380393,0.62824015,-0.91222402,2.37947721,1.92531180,-1.39853243,0.03901960,0.43944198,-0.06071363,9.68821448,-0.11128841,-0.16965281,-9.21484388,4
117.37864712,31.96324575,41.53652725,8.84172358,126.79696004,41.53552725,-36.67949697,0.64513265,-0.90879320,2.38916476,1.94257867,-1.39112916,0.03952409,0.47499216,-0.04523258,9.89243956,-0.14612707,0.08968177,-9.20388570,4
117.37864649,31.96324648,41.53678761,8.92206851,126.73753805,41.53578761,-36.29033280,0.65453547,-0.89202110,2.39988108,1.96063023,-1.38421831,0.03942791,0.49081178,-0.03783512,10.06712809,-0.37014181,0.35171048,-9.19812812,4
117.37864586,31.96324721,41.53661531,9.00281290,126.67867001,41.53561531,-35.89640193,0.63643891,-0.85519887,2.41096691,1.97889709,-1.37743285,0.03811986,0.46493982,-0.06291850,10.06324547,-0.82021871,0.60625268,-9.23760005,4
117.37864524,31.96324794,41.53626896,9.08395772,126.62036530,41.53526896,-35.49781034,0.60655444,-0.81054469,2.42186796,1.99697901,-1.37048300,0.03631319,0.42003618,-0.09961396,9.97790448,-1.33324198,0.83973060,-9.29961701,4
117.37864463,31.96324867,41.53603155,9.16550368,126.56263319,41.53503155,-35.09467679,0.57450517,-0.77271948,2.42797550,2.01114845,-1.36046016,0.03461885,0.35106332,-0.10377755,9.81189078,-1.40300823,0.80516820,-9.40984517,4
117.37864402,31.96324941,41.53600000,9.24745124,126.50548282,41.53500000,-34.68712839,0.54100953,-0.74726692,2.42638434,2.01903914,-1.34551129,0.03319217,0.24657902,-0.05346864,9.52990665,-0.74706618,0.34201251,-9.59390368,4
117.37864341,31.96325015,41.53644891,9.32980058,126.44892322,41.53544891,-34.27529778,0.52553679,-0.73862336,2.42274660,2.02538391,-1.32916207,0.03266393,0.18106588,-0.01670345,9.43321092,-0.23870239,-0.09378541,-9.81293662,4
117.37864280,31.96325088,41.53774820,9.41255164,126.39296323,41.53674820,-33.85932297,0.54463402,-0.75823479,2.41746825,2.03062162,-1.31159471,0.03376022,0.19971723,-0.02142750,9.72126433,-0.22083119,-0.35316498,-10.07673167,4
117.37864219,31.96325163,41.53912328,9.49570409,126.33761158,41.53812328,-33.43934834,0.56836569,-0.78522661,2.41241255,2.03614949,-1.29392807,0.03520651,0.24507822,-0.04342042,10.06184111,-0.34967698,-0.54122823,-10.33771822,4
117.37864161,31.96325238,41.53990450,9.57925730,126.28287677,41.53890450,-33.01552522,0.57501112,-0.81447774,2.41017185,2.04419932,-1.27717132,0.03644697,0.31855871,-0.09781109,10.21643644,-0.60214658,-0.60077103,-10.53652337,4
117.37864104,31.96325315,41.54000000,9.66321042,126.22876715,41.53900000,-32.58800895,0.56177364,-0.84435663,2.41172379,2.05559365,-1.26174595,0.03738273,0.41930696,-0.17952945,10.14570916,-0.94532280,-0.50727563,-10.65734890,4
117.37864048,31.96325393,41.54000000,9.74756229,126.17529086,41.53900000,-32.15695108,0.54593619,-0.86312583,2.41839155,2.07120290,-1.24870998,0.03793358,0.50021943,-0.19806388,9.97679065,-0.98468939,-0.30636545,-10.71278543,4
117.37863991,31.96325469,41.54000000,9.83231149,126.12245587,41.53900000,-31.72249027,0.53034244,-0.86605646,2.43154463,2.09210929,-1.23879417,0.03800000,0.54769034,-0.12186522,9.71344631,-0.57657567,0.01624038,-10.69110019,4
117.37863937,31.96325546,41.54007845,9.91745639,126.07026998,41.53907845,-31.28474981,0.52068088,-0.86245222,2.44417842,2.11255383,-1.22861887,0.03792155,0.56488549,-0.03740426,9.54042322,-0.20630255,0.30863864,-10.66423927,4
117.37863881,31.96325623,41.54037281,10.00299508,126.01874084,41.53937281,-30.84384328,0.52725386,-0.84683923,2.45293597,2.12972867,-1.21655187,0.03762719,0.51137472,0.03404982,9.65161278,-0.10902686,0.47198096,-10.65223535,4
117.37863826,31.96325701,41.54067504,10.08892545,125.96787599,41.53967504,-30.39988100,0.53732727,-0.82382983,2.45829685,2.14402146,-1.20268445,0.03714091,0.42075407,0.07500716,9.92126300,-0.29380395,0.51850023,-10.67681302,4
117.37863772,31.96325779,41.54046694,10.17524514,125.91768281,41.53946694,-29.95297244,0.51936499,-0.80446812,2.46124879,2.15622325,-1.18713224,0.03651067,0.37450593,0.03998894,10.04557408,-0.80055177,0.47152971,-10.79439059,4
117.37863718,31.96325857,41.53976193,10.26195159,125.86816857,41.53876193,-29.50322745,0.47376362,-0.78947670,2.46223807,2.16671393,-1.17014346,0.03576193,0.37552358,-0.06547221,10.01095425,-1.58878074,0.34671897,-10.99827821,4
117.37863665,31.96325935,41.53895353,10.34904200,125.81934036,41.53795353,-29.05075824,0.42535585,-0.77792283,2.46197609,2.17596234,-1.15243010,0.03507246,0.38786585,-0.15274253,9.92194514,-1.97236047,0.23945313,-11.13012828,4
117.37863614,31.96326014,41.53805069,10.43651336,125.77120514,41.53705069,-28.59568084,0.37773749,-0.77238402,2.45961219,2.18306903,-1.13356815,0.03453259,0.41223666,-0.18599616,9.75901781,-1.45898465,0.18662998,-11.09372271,4
117.37863563,31.96326093,41.53738889,10.52436246,125.72376968,41.53638889,-28.13811626,0.33961143,-0.76444712,2.45941536,2.19194310,-1.11558202,0.03399306,0.45494329,-0.17372306,9.64153966,-0.88985221,0.23636301,-11.01975514,4
117.37863512,31.96326173,41.53737273,10.61258586,125.67704059,41.53637273,-27.67819145,0.32276364,-0.74541850,2.46617559,2.20688474,-1.10068139,0.03331666,0.52910070,-0.10557494,9.69739804,-1.01626381,0.47379785,-11.01342871,4
117.37863464,31.96326253,41.53771971,10.70117992,125.63102428,41.53671971,-27.21603910,0.31780287,-0.72005954,2.47687167,2.22526592,-1.08752977,0.03256058,0.62060988,-0.00727616,9.85175670,-1.55028860,0.81513558,-11.04841068,4
117.37863416,31.96326334,41.53780492,10.79014078,125.58572692,41.53680492,-26.75179740,0.28623345,-0.68175057,2.48538823,2.24169552,-1.07319529,0.03124642,0.61738313,0.02216723,9.98798024,-1.97261955,1.07669017,-11.08602227,4
117.37863368,31.96326415,41.53740560,10.87946437,125.54115450,41.53640560,-26.28561051,0.20933849,-0.62328350,2.48972736,2.25439794,-1.05665432,0.02903327,0.45670074,-0.06558249,10.07912721,-2.14855826,1.19163074,-11.12144673,4
117.37863322,31.96326496,41.53685035,10.96914644,125.49731274,41.53585035,-25.81762754,0.12367728,-0.57771569,2.49109786,2.26418456,-1.03902305,0.02717006,0.32764514,-0.12543392,10.06357367,-2.25287743,1.03982945,-11.04648065,4
117.37863276,31.96326577,41.53613461,11.05918251,125.45420713,41.53513461,-25.34799737,0.03343062,-0.56018545,2.48817565,2.26966145,-1.01998276,0.02615377,0.29378214,-0.10663623,9.86801722,-2.28926677,0.44636078,-10.77441526,4
117.37863230,31.96326658,41.53539467,11.14956794,125.41184290,41.53439467,-24.87686299,-0.05454571,-0.55473498,2.48357256,2.27343625,-1.00036345,0.02556557,0.28915521,-0.07509008,9.64634267,-2.26011684,-0.21455922,-10.47904112,4
117.37863186,31.96326741,41.53476808,11.24029789,125.37022505,41.53376808,-24.40436257,-0.12232634,-0.57431040,2.47607371,2.27421938,-0.97963801,0.02609686,0.30097948,-0.09577694,9.56021195,-1.95922253,-0.56249765,-10.36291735,4
117.37863142,31.96326824,41.53426417,11.33136735,125.32935834,41.53326417,-23.93063497,-0.16751836,-0.62125157,2.46591246,2.27218677,-0.95787092,0.02788462,0.33291121,-0.17387642,9.63747917,-1.40729567,-0.54062488,-10.45386084,4
117.37863101,31.96326907,41.53365393,11.42277114,125.28924729,41.53265393,-23.45582252,-0.21850790,-0.66210994,2.46153647,2.27547339,-0.93810372,0.02964772,0.40084310,-0.21091795,9.76596403,-1.46221853,-0.48539376,-10.52673615,4
117.37863058,31.96326991,41.53288846,11.51450393,125.24989614,41.53188846,-22.98006918,-0.27992336,-0.69157129,2.46511348,2.28611736,-0.92110185,0.03122309,0.51373132,-0.18676140,9.94176622,-2.34786411,-0.43185937,-10.55023278,4
117.37863016,31.96327073,41.53226515,11.60656020,125.21130890,41.53126515,-22.50351777,-0.34840797,-0.71413295,2.47109366,2.29893603,-0.90495972,0.03237518,0.63350336,-0.18245193,10.02488051,-2.91849095,-0.25059942,-10.59556053,4
117.37862977,31.96327158,41.53201713,11.69893432,125.17348930,41.53101713,-22.02631009,-0.43165873,-0.72254182,2.48114838,2.31540728,-0.89029297,0.03254934,0.76018721,-0.23901169,9.87488485,-2.55313614,0.23825872,-10.70399325,4
117.37862938,31.96327242,41.53211471,11.79162048,125.13644083,41.53111471,-21.54858915,-0.51098651,-0.69829818,2.49611335,2.33639058,-0.87720049,0.03116184,0.86800443,-0.29516971,9.63116349,-1.71650008,1.05440000,-10.82746976,4
117.37862898,31.96327325,41.53257395,11.88461274,125.10016667,41.53157395,-21.07049948,-0.55192303,-0.60149441,2.51848254,2.36434246,-0.86617749,0.02684657,0.90670395,-0.24043518,9.52602413,-1.15112415,2.29915449,-10.88241065,4
117.37862859,31.96327410,41.53330244,11.97790505,125.06466977,41.53230244,-20.59218387,-0.56232689,-0.44848677,2.54649287,2.39760998,-0.85671945,0.02027800,0.89113646,-0.09686000,9.53751477,-0.83116143,3.86790314,-10.88153411,4
117.37862821,31.96327494,41.53371455,12.07149120,125.02995277,41.53271455,-20.11377921,-0.57024987,-0.27192582,2.56993691,2.42644973,-0.84585564,0.01267703,0.80258095,0.01219505,9.63801523,-0.73722144,4.84985528,-10.83359478,4
117.37862783,31.96327579,41.53351013,12.16536491,124.99601807,41.53251013,-19.63541605,-0.57761861,-0.05946024,2.58425335,2.44645920,-0.83220389,0.00347468,0.58705441,0.04618950,9.88674384,-1.02632170,4.71137168,-10.70651495,4
117.37862747,31.96327665,41.53268719,12.25951977,124.96286782,41.53168719,-19.15722181,-0.59848536,0.14949116,2.59278129,2.46079344,-0.81680779,-0.00571654,0.37333811,0.02634109,10.05146156,-1.39837850,4.22267560,-10.55803358,4
117.37862710,31.96327749,41.53084829,12.35394929,124.93050388,41.52984829,-18.67932409,-0.65467643,0.31566299,2.59495382,2.46878503,-0.79953199,-0.01337523,0.28351506,-0.06186132,9.86037466,-1.62467061,3.88301211,-10.42868184,4
117.37862675,31.96327834,41.52833871,12.44864691,124.89892787,41.52733871,-18.20185111,-0.73449561,0.45271464,2.59300460,2.47265900,-0.78103912,-0.01998620,0.27833410,-0.19471464,9.42927072,-1.74808556,3.65879205,-10.31324164,4
117.37862642,31.96327920,41.52544617,12.54360597,124.86814115,41.52444617,-17.72493019,-0.79325847,0.59105758,2.58538767,2.47107631,-0.76067693,-0.02640430,0.23200946,-0.28753100,9.15377857,-1.45334359,3.37739812,-10.31898407,4
117.37862612,31.96328007,41.52193561,12.63881975,124.83814479,41.52093561,-17.24868749,-0.81188039,0.73469174,2.56803379,2.46013479,-0.73708785,-0.03258398,0.10331788,-0.30404961,9.18161683,-0.41971398,2.98175638,-10.54047512,4
117.37862583,31.96328094,41.51782064,12.73428148,124.80893961,41.51682064,-16.77325044,-0.80813080,0.83456530,2.54612499,2.44477188,-0.71183496,-0.03655679,-0.04049680,-0.26091312,9.40529501,0.37077315,2.14010574,-10.83137528,4
117.37862556,31.96328182,41.51288442,12.82998434,124.78052617,41.51188442,-16.29874974,-0.78722664,0.83662172,2.52192220,2.42711134,-0.68549078,-0.03598403,-0.15356112,-0.14846057,9.81600295,0.07375440,0.43040636,-11.10556915,4
117.37862530,31.96328269,41.50751987,12.92592143,124.75290471,41.50651987,-15.82531734,-0.75761072,0.78694163,2.49659368,2.40831955,-0.65859936,-0.03301135,-0.24964797,-0.00005359,10.32286354,-0.80441570,-1.73692613,-11.36902909,4
117.37862506,31.96328357,41.50172241,13.02208584,124.72607523,41.50072241,-15.35308304,-0.77874981,0.67222044,2.46931924,2.38753440,-0.63060008,-0.02780712,-0.24340663,-0.00220168,10.40782412,-1.67553396,-3.18024448,-11.67200942,4
117.37862485,31.96328446,41.49535858,13.11847061,124.70003742,41.49435858,-14.88217398,-0.86974515,0.47167889,2.43945198,2.36409205,-0.60111896,-0.01969510,-0.09835898,-0.21215889,9.91071395,-2.50284800,-3.60749050,-12.02962004,4
117.37862464,31.96328536,41.49019389,13.21506878,124.67479073,41.48919389,-14.41271741,-0.96445173,0.23749416,2.42110335,2.35169344,-0.57428832,-0.01003911,0.10580690,-0.34424876,9.56963599,-2.67274032,-3.99207520,-12.20910547,4
117.37862443,31.96328624,41.48676348,13.31187334,124.65033428,41.48576348,-13.94484187,-1.05528492,-0.03223705,2.41904832,2.35493910,-0.55131980,0.00138125,0.37397211,-0.34161911,9.51990069,-1.93739607,-4.44879197,-12.13474193,4
117.37862422,31.96328713,41.48395106,13.40887730,124.62666696,41.48295106,-13.47867425,-1.13255364,-0.28121424,2.42671331,2.36756607,-0.53073518,0.01203448,0.66232701,-0.30799431,9.54855063,-1.25574082,-4.37991104,-12.01049786,4
117.37862400,31.96328802,41.48223929,13.50607363,124.60378736,41.48123929,-13.01433614,-1.17439907,-0.46226991,2.45532776,2.40043954,-0.51533146,0.02002808,0.98433680,-0.23507106,9.69286251,-1.01882847,-2.86224519,-11.83506081,4
117.37862377,31.96328890,41.48104143,13.60345533,124.58169380,41.48004143,-12.55194410,-1.19599105,-0.56305944,2.49926721,2.44804860,-0.50367656,0.02470363,1.27058339,-0.16757575,9.86636999,-1.08468157,-0.47666167,-11.62233666,4
117.37862353,31.96328978,41.47895724,13.70101542,124.56038435,41.47795724,-12.09161357,-1.23223108,-0.53297451,2.54752737,2.49954417,-0.49292822,0.02358451,1.33192123,-0.22256968,9.85223187,-1.14567301,1.46050219,-11.39800465,4
117.37862328,31.96329066,41.47610457,13.79874692,124.53985681,41.47510457,-11.63346157,-1.28144621,-0.39306418,2.59911778,2.55401321,-0.48286599,0.01759721,1.20213854,-0.38197999,9.67725934,-1.19544621,2.99469836,-11.16463420,4
117.37862303,31.96329154,41.47320489,13.89664289,124.52010872,41.47220489,-11.17760445,-1.31748367,-0.23676338,2.64265101,2.60044612,-0.47138110,0.01077890,1.02209859,-0.48448830,9.51773879,-1.03126657,4.13501886,-10.93038878,4
117.37862280,31.96329242,41.47023750,13.99469641,124.50113735,41.46923750,-10.72415319,-1.32247336,-0.04852244,2.66744726,2.62820976,-0.45658096,0.00230411,0.73640806,-0.45035412,9.40235360,-0.37472277,4.38936594,-10.69458769,4
117.37862256,31.96329330,41.46728920,14.09290064,124.48293974,41.46628920,-10.27321144,-1.30741604,0.14951844,2.67914278,2.64292419,-0.43953371,-0.00671622,0.39849226,-0.34121820,9.34625545,0.48642477,4.05639677,-10.48305736,4
117.37862230,31.96329417,41.46474788,14.19124875,124.46551267,41.46374788,-9.82487952,-1.27784255,0.28687484,2.67507357,2.64196038,-0.42019077,-0.01284984,0.12290491,-0.26061616,9.52594599,0.78602849,3.20257623,-10.44740674,4
117.37862204,31.96329504,41.46261459,14.28973400,124.44885269,41.46161459,-9.37926003,-1.23403483,0.36318210,2.65540283,2.62548095,-0.39858166,-0.01607812,-0.08928417,-0.20987860,9.94123329,0.51884620,1.83584559,-10.58782254,4
117.37862181,31.96329592,41.46011877,14.38834969,124.43295611,41.45911877,-8.93645813,-1.19752759,0.41996784,2.63328184,2.60649445,-0.37629879,-0.01846799,-0.24349212,-0.19011820,10.23866813,0.19028341,0.61978086,-10.75605810,4
117.37862162,31.96329682,41.45640079,14.48708920,124.41781901,41.45540079,-8.49657604,-1.18586556,0.41438356,2.60365429,2.57980950,-0.35186631,-0.01819080,-0.20760660,-0.27209154,10.13474188,-0.31906035,-0.07459718,-11.00955337,4
117.37862148,31.96329772,41.45178703,14.58594598,124.40343722,41.45078703,-8.05970767,-1.19286246,0.36344961,2.57158466,2.55052404,-0.32622769,-0.01599497,-0.02393333,-0.41254154,9.74981457,-0.84983587,-0.31779605,-11.30386135,4
117.37862137,31.96329861,41.44740523,14.68491355,124.38980636,41.44640523,-7.62593874,-1.19788263,0.32664130,2.55976609,2.54141750,-0.30326554,-0.01452986,0.17557660,-0.43462555,9.52241971,-0.66283237,-0.23717675,-11.44859408,4
117.37862127,31.96329951,41.44324953,14.78398554,124.37692185,41.44224953,-7.19535037,-1.20089496,0.30357184,2.56727432,2.55156986,-0.28286199,-0.01377272,0.38926825,-0.34350593,9.44696183,0.20863001,0.14950664,-11.45036223,4
117.37862118,31.96330040,41.43899271,14.88315563,124.36477891,41.43799271,-6.76801979,-1.18728109,0.28721068,2.57586633,2.56261307,-0.26273791,-0.01308795,0.52255214,-0.26871625,9.46696967,0.87626837,0.39831497,-11.34511050,4
117.37862111,31.96330130,41.43451982,14.98241763,124.35337258,41.43351982,-6.34401750,-1.13863748,0.28489186,2.58663647,2.57542757,-0.24318916,-0.01255101,0.48617923,-0.22895973,9.68740741,1.10997561,0.35446536,-11.01496601,4
117.37862104,31.96330222,41.42961632,15.08176545,124.34269772,41.42861632,-5.92340503,-1.07888882,0.28134979,2.59643352,2.58694666,-0.22405341,-0.01182130,0.36269749,-0.20999373,9.97663984,0.98735074,0.08835901,-10.59341971,4
117.37862098,31.96330313,41.42370010,15.18119308,124.33274906,41.42270010,-5.50623701,-1.04180584,0.25066182,2.59952781,2.59141112,-0.20527804,-0.01023337,0.24295720,-0.19917229,10.15290425,0.44938407,-0.40039084,-10.25340393,4
117.37862091,31.96330403,41.41704084,15.28069465,124.32352116,41.41604084,-5.09256615,-1.02160931,0.19984032,2.59764272,2.59063725,-0.18676933,-0.00800867,0.12653379,-0.19460563,10.24448186,-0.39204507,-1.05140297,-9.97380174,4
117.37862085,31.96330493,41.41083239,15.38026438,124.31500846,41.40983239,-4.68244628,-1.02065899,0.13624309,2.59171325,2.58590105,-0.16824026,-0.00535035,0.07517159,-0.21905783,10.17826699,-0.88719084,-1.46972723,-9.72337409,4
117.37862078,31.96330583,41.40541614,15.47989660,124.30720522,41.40441614,-4.27593116,-1.05313269,0.05044016,2.57877408,2.57429704,-0.14967775,-0.00193732,0.13728940,-0.29371929,9.83822586,-0.77861147,-1.48160456,-9.52396668,4
117.37862070,31.96330673,41.40085923,15.57958579,124.30010561,41.39985923,-3.87307220,-1.08271084,-0.03449909,2.56780747,2.56458074,-0.13148774,0.00153497,0.23563582,-0.34645799,9.54169092,-0.49936059,-1.30664074,-9.35557930,4
117.37862062,31.96330762,41.39753784,15.67932649,124.29370362,41.39653784,-3.47391883,-1.07561972,-0.09748450,2.56762780,2.56533126,-0.11417183,0.00446216,0.31396092,-0.30425185,9.59044295,-0.37669541,-1.07391500,-9.21159552,4
117.37862054,31.96330852,41.39491945,15.77911340,124.28799314,41.39391945,-3.07852026,-1.04774932,-0.14781186,2.57363538,2.57208469,-0.09736428,0.00707148,0.38065144,-0.20922034,9.83545986,-0.34462293,-0.80852173,-9.08119490,4
117.37862047,31.96330942,41.39211935,15.87894132,124.28296792,41.39111935,-2.68692558,-1.03116893,-0.18938719,2.58169246,2.58077612,-0.08118622,0.00920882,0.43286853,-0.21371326,10.01748231,-0.39799555,-0.56503665,-8.92525577,4
117.37862044,31.96331032,41.38906186,15.97880519,124.27862158,41.38806186,-2.29918105,-1.03055727,-0.21858962,2.59261076,2.59217115,-0.06588931,0.01067836,0.46479595,-0.35640843,10.11067675,-0.57206642,-0.35165600,-8.73379253,4
117.37862040,31.96331122,41.38574572,16.07870006,124.27494764,41.38474572,-1.91532866,-1.04520939,-0.23623253,2.60384712,2.60373801,-0.05091517,0.01148758,0.48865969,-0.46883176,10.13575956,-0.85092557,-0.11226068,-8.54684106,4
117.37862036,31.96331213,41.38202874,16.17862113,124.27193949,41.38102874,-1.53540779,-1.08318222,-0.23633545,2.61446967,2.61446967,-0.03619806,0.01127795,0.50535785,-0.46112765,10.06441828,-1.28506817,0.19180582,-8.38428722,4
117.37862032,31.96331303,41.37811976,16.27856371,124.26959042,41.37711976,-1.15945779,-1.13284308,-0.22770301,2.62472994,2.62472994,-0.02160919,0.01056522,0.51784483,-0.39449724,9.94554722,-1.79205137,0.52499472,-8.23415636,4
117.37862030,31.96331393,41.37450100,16.37852326,124.26789364,41.37350100,-0.78751764,-1.19311856,-0.21412277,2.63179093,2.63179093,-0.00708002,0.00979768,0.49377155,-0.34238877,9.82580578,-2.10182499,0.71097862,-8.10527224,4
117.37862030,31.96331483,41.37131561,16.47849535,124.26684224,41.37031561,-0.41962198,-1.26905067,-0.19323173,2.63404415,2.63404269,0.00735886,0.00895148,0.41515262,-0.31253593,9.70546575,-2.11279752,0.67584693,-8.00876959,4
117.37862031,31.96331573,41.36815813,16.57847569,124.26642921,41.36715813,-0.05579739,-1.33608997,-0.17582912,2.63451198,2.63443637,0.02171445,0.00826120,0.33603075,-0.31238718,9.62019437,-1.89217612,0.56373659,-7.94681142,4
117.37862031,31.96331664,41.36476673,16.67846012,124.26664750,41.36376673,0.30393929,-1.37090304,-0.17187992,2.63403002,2.63370670,0.03593307,0.00800000,0.29357039,-0.36812495,9.61955903,-1.32280160,0.42026977,-7.94533266,4
117.37862031,31.96331754,41.36123630,16.77844462,124.26749000,41.36023630,0.65958006,-1.38606687,-0.17612650,2.63296558,2.63228837,0.05006599,0.00800279,0.27342425,-0.45583621,9.67169216,-0.55181344,0.25893474,-7.97869141,4
117.37862032,31.96331844,41.35784892,16.87842527,124.26894957,41.35684892,1.01112376,-1.39986885,-0.18064210,2.63171147,2.63065796,0.06411634,0.00812800,0.25310201,-0.45400579,9.77846606,-0.24793435,0.15081890,-7.92542153,4
117.37862036,31.96331933,41.35471125,16.97839832,124.27101904,41.35371125,1.35857455,-1.41147475,-0.18567961,2.63014299,2.62867384,0.07801662,0.00847031,0.23271016,-0.29540152,9.98049662,-0.76588167,0.13620453,-7.71871367,4
117.37862040,31.96332023,41.35156196,17.07836011,124.27369123,41.35056196,1.70193976,-1.43099635,-0.19290856,2.62931997,2.62742985,0.09163936,0.00894192,0.22258070,-0.12925160,10.16925770,-1.49487844,0.14017890,-7.42926453,4
117.37862044,31.96332114,41.34800769,17.17830714,124.27695897,41.34700769,2.04122881,-1.48112581,-0.20696153,2.63153636,2.62926433,0.10452097,0.00954406,0.24807618,-0.16588726,10.17300501,-1.75447980,0.07197423,-7.07743250,4
117.37862050,31.96332204,41.34414204,17.27823602,124.28081506,41.34314204,2.37645515,-1.55477244,-0.22617271,2.63610378,2.63347728,0.11681970,0.01024104,0.30078067,-0.35808345,10.03304230,-1.65004563,-0.04943794,-6.67868998,4
117.37862056,31.96332294,41.34036989,17.37814349,124.28525233,41.33936989,2.70763901,-1.62086230,-0.24047850,2.64051953,2.63743180,0.12877976,0.01069871,0.33854222,-0.49109837,9.87949320,-1.53248389,-0.06779591,-6.33423824,4
117.37862062,31.96332385,41.33681544,17.47802641,124.29026363,41.33581544,3.03480497,-1.66941153,-0.24341159,2.64457736,2.64078170,0.13995418,0.01060241,0.34163153,-0.48711399,9.69506802,-1.38465066,0.15187423,-6.11585410,4
117.37862069,31.96332475,41.33342841,17.57788177,124.29584184,41.33242841,3.35797266,-1.70634779,-0.23934600,2.64815382,2.64353267,0.15064495,0.01020030,0.32216766,-0.40760828,9.51789072,-1.22491003,0.48033806,-5.98323114,4
117.37862076,31.96332564,41.33034107,17.67770667,124.30197985,41.32934107,3.67714886,-1.73419775,-0.23364532,2.64958527,2.64437791,0.16122097,0.01000000,0.28796881,-0.37885668,9.54672766,-1.11471100,0.54086160,-5.93432184,4
117.37862084,31.96332654,41.32754902,17.77749836,124.30867052,41.32654902,3.99232862,-1.75295197,-0.22636753,2.64887819,2.64332032,0.17168209,0.01000000,0.23931179,-0.40098573,9.77835106,-1.05163294,0.33634489,-5.96824662,4
117.37862092,31.96332744,41.32468019,17.87725416,124.31590672,41.32368019,4.30350130,-1.76909732,-0.22063119,2.64784433,2.64187508,0.18212358,0.01000000,0.19623182,-0.44037122,9.95318549,-0.91889698,0.16175289,-5.99367920,4
117.37862101,31.96332834,41.32150388,17.97697155,124.32368125,41.32050388,4.61065336,-1.77481589,-0.22105620,2.64550388,2.63887985,0.19248836,0.01000000,0.17543992,-0.54874990,9.90102340,-0.50766511,0.10676160,-5.98516669,4
117.37862111,31.96332924,41.31807508,18.07664809,124.33198689,41.31707508,4.91376586,-1.77057854,-0.22695966,2.64211115,2.63462606,0.20279020,0.01002061,0.17375869,-0.70959259,9.66307761,0.13584993,0.14667359,-5.94905291,4
117.37862120,31.96333013,41.31477296,18.17628147,124.34081637,41.31377296,5.21281268,-1.73141489,-0.24205035,2.63986649,2.63144256,0.21314974,0.01062487,0.18523400,-0.72198813,9.54123516,0.76090429,0.04074349,-5.93542173,4
117.37862130,31.96333104,41.31162602,18.27586949,124.35016238,41.31062602,5.50776408,-1.64947440,-0.26839092,2.63902940,2.62957147,0.22358003,0.01194397,0.21281835,-0.55266903,9.56177107,1.36278586,-0.24349400,-5.94923863,4
117.37862140,31.96333193,41.30850019,18.37541006,124.36001751,41.30750019,5.79859273,-1.56344837,-0.29564088,2.63842671,2.62793089,0.23400760,0.01333188,0.24163587,-0.37222561,9.60784706,1.92491427,-0.52425665,-5.96000361,4
117.37862150,31.96333282,41.30545038,18.47490118,124.37037434,41.30445038,6.08528022,-1.48126705,-0.31918324,2.63932825,2.62788550,0.24431300,0.01466413,0.26396949,-0.31130545,9.83658847,1.87410572,-0.45147255,-5.87482412,4
117.37862163,31.96333372,41.30246692,18.57434098,124.38122540,41.30146692,6.36782400,-1.40393655,-0.33825771,2.64192626,2.62963378,0.25448350,0.01590681,0.27904688,-0.37999594,10.25425055,1.16314816,0.00302445,-5.68550920,4
117.37862176,31.96333461,41.29901078,18.67372768,124.39256325,41.29801078,6.64624137,-1.34560390,-0.34515159,2.64610298,2.63290292,0.26459157,0.01631750,0.28889641,-0.42500269,10.37145518,0.70432025,0.33889873,-5.51274420,4
117.37862188,31.96333551,41.29479924,18.77305960,124.40438047,41.29379924,6.92056755,-1.31759701,-0.33259671,2.65280129,2.63860111,0.27460170,0.01539977,0.29039977,-0.43219900,10.00890996,0.64801408,0.48541385,-5.36637659,4
117.37862201,31.96333641,41.29032466,18.87233516,124.41666974,41.28932466,7.19085023,-1.29926927,-0.31329357,2.66023568,2.64500560,0.28456577,0.01402989,0.28866018,-0.42577001,9.48935836,0.73822034,0.56623144,-5.23110805,4
117.37862214,31.96333730,41.28577346,18.97155287,124.42942380,41.28477346,7.45714442,-1.25716663,-0.29280904,2.66361333,2.64741729,0.29416436,0.01284634,0.27588871,-0.40171381,9.22754657,1.06040933,0.63590425,-5.15619055,4
117.37862228,31.96333819,41.28110437,19.07071132,124.44263552,41.28010437,7.71950941,-1.18107396,-0.27048504,2.66120649,2.64413259,0.30324129,0.01192609,0.24743900,-0.35316200,9.33598258,1.70566491,0.69042262,-5.16739821,4
117.37862242,31.96333909,41.27615104,19.16980921,124.45629785,41.27515104,7.97801012,-1.09848462,-0.24296204,2.65816922,2.64012835,0.31222642,0.01095912,0.21901669,-0.32279651,9.57390964,2.13415731,0.76714044,-5.19034503,4
117.37862256,31.96333997,41.27057655,19.26884531,124.47040389,41.26957655,8.23272125,-1.02009029,-0.20388851,2.65700000,2.63772390,0.32129469,0.00972390,0.19987700,-0.35101989,9.90886184,1.84604446,0.90670349,-5.19119603,4
117.37862271,31.96334086,41.26460122,19.36781848,124.48494686,41.26360122,8.48372735,-0.94480694,-0.15771656,2.65696433,2.63628941,0.33041202,0.00831794,0.18689133,-0.41555329,10.29819097,1.11233509,1.08135146,-5.17764519,4
117.37862287,31.96334175,41.25826996,19.46672767,124.49992016,41.25726996,8.73111413,-0.88558726,-0.11602628,2.65577860,2.63385111,0.33938369,0.00682822,0.18507071,-0.46808922,10.48054958,0.47715009,1.11797417,-5.14572368,4
117.37862304,31.96334264,41.25129061,19.56557189,124.51531730,41.25029061,8.97495592,-0.85628053,-0.08274150,2.65245577,2.62954566,0.34807962,0.00518736,0.20360253,-0.49814612,10.27998465,0.02677129,0.89909990,-5.07990735,4
117.37862321,31.96334353,41.24434393,19.66435023,124.53113195,41.24334393,9.21531031,-0.84323193,-0.05567419,2.64804756,2.62421202,0.35658956,0.00359921,0.21921176,-0.51153117,9.94581391,-0.28248313,0.58556972,-5.00473268,4
117.37862338,31.96334442,41.23868792,19.76306187,124.54735786,41.23768792,9.45222272,-0.84084074,-0.03812106,2.64317837,2.61815926,0.36485984,0.00249045,0.18675192,-0.49928678,9.76993650,-0.36500050,0.35584148,-4.95332498,4
117.37862355,31.96334531,41.23412991,19.86170603,124.56398883,41.23312991,9.68573208,-0.84749552,-0.02905895,2.63786230,2.61144093,0.37291689,0.00181182,0.11377965,-0.46582939,9.73047498,-0.25792706,0.19329740,-4.92258474,4
117.37862373,31.96334620,41.22961311,19.96028202,124.58101877,41.22861311,9.91587344,-0.85387822,-0.03245602,2.63085550,2.60305079,0.38068294,0.00183112,0.05084686,-0.44957644,9.74984749,-0.24422746,-0.09216594,-4.90633826,4
117.37862393,31.96334709,41.22520147,20.05878921,124.59844162,41.22420147,10.14268041,-0.85962552,-0.06816255,2.61948459,2.59034577,0.38769853,0.00365873,0.01413407,-0.47784328,9.92093425,-0.47189823,-0.69431922,-4.92762892,4
117.37862413,31.96334797,41.22080698,20.15722701,124.61625140,41.21980698,10.36618863,-0.86759880,-0.12705018,2.60577515,2.57534732,0.39431960,0.00672509,0.00348568,-0.53444036,10.16800914,-0.84329946,-1.44378802,-4.97403366,4
117.37862434,31.96334886,41.21594491,20.25559493,124.63444219,41.21494491,10.58643778,-0.89877290,-0.19949241,2.59716695,2.56555593,0.40188814,0.01003672,0.06726532,-0.57810849,10.19120385,-1.05831048,-1.62712890,-5.02027375,4
117.37862455,31.96334973,41.21059716,20.35389249,124.65300816,41.20959716,10.80347154,-0.95432025,-0.28588873,2.59402084,2.56133556,0.41046853,0.01359140,0.20903983,-0.60751147,9.97837269,-1.10688852,-1.21148590,-5.06618414,4
117.37862476,31.96335061,41.20552153,20.45211928,124.67194356,41.20452153,11.01733673,-1.00491201,-0.36059420,2.59295829,2.55910823,0.41935026,0.01664261,0.32897469,-0.61867565,9.78761761,-1.12292486,-0.78579743,-5.10729058,4
117.37862498,31.96335149,41.20136042,20.55027495,124.69124272,41.20036042,11.22808326,-1.03883750,-0.39596953,2.59890859,2.56358880,0.42924870,0.01800000,0.37543151,-0.56845212,9.67111695,-1.02943209,-0.32617933,-5.13223854,4
117.37862520,31.96335237,41.19794188,20.64835918,124.71090007,41.19694188,11.43576637,-1.05931238,-0.39959217,2.61043576,2.57340152,0.43995238,0.01799481,0.36283169,-0.47207614,9.61642244,-0.84826695,0.15282119,-5.14250081,4
117.37862542,31.96335325,41.19480546,20.74637169,124.73091016,41.19380546,11.64044981,-1.07705033,-0.39648300,2.62071245,2.58195562,0.45037114,0.01784044,0.34528763,-0.46324153,9.62787736,-0.67023416,0.40693580,-5.10284697,4
117.37862564,31.96335414,41.19201712,20.84431224,124.75126765,41.19101712,11.84220524,-1.09138020,-0.38505577,2.62943796,2.58894854,0.46043659,0.01750106,0.32164666,-0.56212075,9.72060277,-0.49603334,0.38426597,-5.00169748,4
117.37862586,31.96335502,41.18925433,20.94218064,124.77196734,41.18825433,12.04110556,-1.10417403,-0.37258766,2.63770859,2.59548731,0.47039547,0.01710969,0.29777150,-0.65561985,9.80416454,-0.32089829,0.37195974,-4.90044514,4
117.37862607,31.96335590,41.18658889,21.03997672,124.79300415,41.18558889,12.23721860,-1.10353332,-0.35365368,2.64223518,2.59829444,0.47946853,0.01629444,0.27429998,-0.64973508,9.76316280,-0.13510908,0.58129671,-4.82512959,4
117.37862629,31.96335679,41.18403159,21.13770033,124.81437315,41.18303159,12.43060809,-1.08841588,-0.32719860,2.64268026,2.59703726,0.48757768,0.01499824,0.25115945,-0.53685397,9.59041606,0.05719439,1.02856806,-4.77835641,4
117.37862650,31.96335767,41.18151842,21.23535138,124.83606949,41.18051842,12.62133931,-1.08019369,-0.28783587,2.64367053,2.59643089,0.49587101,0.01320966,0.22475785,-0.47783294,9.55429148,0.09860218,1.33570057,-4.73563124,4
117.37862672,31.96335855,41.17907383,21.33292977,124.85808845,41.17807383,12.80948187,-1.08268838,-0.22841163,2.64550814,2.59683604,0.50445058,0.01065582,0.19328779,-0.50252326,9.73050991,-0.09451748,1.42502384,-4.69919767,4
117.37862694,31.96335942,41.17663484,21.43043544,124.88042545,41.17563484,12.99510707,-1.08807370,-0.16387428,2.64737745,2.59732059,0.51306693,0.00790337,0.15970067,-0.55050605,9.96081327,-0.34717150,1.44233290,-4.66391233,4
117.37862717,31.96336030,41.17379566,21.52786835,124.90307603,41.17279566,13.17828465,-1.08889158,-0.11656450,2.64319003,2.59177853,0.52038320,0.00570529,0.10661237,-0.58343461,10.00821871,-0.39200611,1.16863992,-4.61011052,4
117.37862742,31.96336118,41.17040690,21.62522846,124.92603586,41.16940690,13.35908372,-1.08309177,-0.09374686,2.63059366,2.57786815,0.52589582,0.00430844,0.02721883,-0.59465907,9.80411740,-0.14901633,0.49460033,-4.53277694,4
117.37862767,31.96336206,41.16707803,21.72251578,124.94930073,41.16607803,13.53757583,-1.06787011,-0.09270140,2.61624921,2.56218185,0.53107622,0.00399553,-0.03526559,-0.57800554,9.61832222,0.13321498,-0.15589175,-4.51387343,4
117.37862793,31.96336294,41.16404456,21.81973028,124.97286655,41.16304456,13.71383577,-1.03599323,-0.12719798,2.60111449,2.54563678,0.53617203,0.00558602,-0.05563057,-0.51275070,9.54954765,0.40146757,-0.63124591,-4.61893796,4
117.37862819,31.96336381,41.16114712,21.91687199,124.99672939,41.16014712,13.88793821,-0.99574617,-0.17984725,2.58555199,2.52862555,0.54122567,0.00813816,-0.05433410,-0.42483988,9.54128051,0.65833379,-1.02249254,-4.78532711,4
117.37862846,31.96336468,41.15798875,22.01394092,125.02088544,41.15698875,14.05995395,-0.95061135,-0.25113533,2.56890390,2.51039827,0.54626062,0.01139392,-0.02670492,-0.37244255,9.61533875,0.78814239,-1.47187140,-4.96069876,4
117.37862874,31.96336555,41.15443425,22.11093708,125.04533100,41.15343425,14.22995011,-0.89846007,-0.35027178,2.55084459,2.49056171,0.55131426,0.01570372,0.04104574,-0.37185500,9.81030237,0.72599055,-1.99889949,-5.14701154,4
117.37862903,31.96336642,41.15057877,22.20786050,125.07006251,41.14957877,14.39799330,-0.85204230,-0.45815104,2.53818886,2.47597824,0.55767353,0.02042231,0.14294043,-0.35260208,9.98472622,0.54510187,-2.29463998,-5.26796615,4
117.37862932,31.96336728,41.14632197,22.30471120,125.09507650,41.14532197,14.56415138,-0.81971148,-0.57045933,2.53650853,2.47216951,0.56652558,0.02545770,0.29249407,-0.27467641,10.06632262,0.22167219,-2.11297712,-5.25888034,4
117.37862961,31.96336815,41.14188742,22.40148921,125.12036966,41.14088742,14.72849229,-0.79491592,-0.68325968,2.54001320,2.47345363,0.57655414,0.03056902,0.46270627,-0.17351465,10.10209290,-0.16962727,-1.70217113,-5.18851192,4
117.37862989,31.96336901,41.13760029,22.49819456,125.14593876,41.13660029,14.89108243,-0.79965857,-0.75512269,2.54818703,2.47939292,0.58761040,0.03384202,0.60350762,-0.16725790,10.04561485,-0.63564166,-0.99188970,-5.06687451,4
117.37863016,31.96336988,41.13352326,22.59482726,125.17178072,41.13252326,15.05198771,-0.84399260,-0.77025142,2.56270998,2.49165933,0.60005080,0.03456839,0.70126639,-0.28861801,9.86514506,-1.18676178,0.11465482,-4.87574984,4
117.37863042,31.96337075,41.12971469,22.69138733,125.19789254,41.12871469,15.21127687,-0.87566803,-0.75333087,2.57765214,2.50426392,0.61223222,0.03388309,0.71527064,-0.38024978,9.71495351,-1.30573348,0.95633204,-4.68608686,4
117.37863068,31.96337163,41.12632234,22.78787479,125.22427137,41.12532234,15.36902411,-0.87696702,-0.69359655,2.59193653,2.51607613,0.62366750,0.03132234,0.59453575,-0.39302033,9.64378178,-0.66277022,1.25627652,-4.51403067,4
117.37863094,31.96337250,41.12307665,22.88428962,125.25091449,41.12207665,15.52530714,-0.86668369,-0.61856014,2.60569321,2.52732337,0.63475567,0.02809014,0.42657084,-0.37753767,9.60311475,0.24203923,1.35704588,-4.34954191,4
117.37863119,31.96337338,41.11972011,22.98063181,125.27781932,41.11872011,15.68020302,-0.84213359,-0.54951267,2.61207432,2.53149111,0.64389374,0.02509114,0.30108712,-0.37133775,9.60914293,0.77311132,1.39165990,-4.21515003,4
117.37863145,31.96337425,41.11620024,23.07690133,125.30498340,41.11520024,15.83378700,-0.79770964,-0.48876245,2.60838038,2.52599023,0.65036550,0.02241479,0.23331423,-0.37700785,9.67862321,0.79977931,1.33547780,-4.12476970,4
117.37863171,31.96337513,41.11234367,23.17309814,125.33240441,41.11134367,15.98613562,-0.73929787,-0.43271391,2.60254763,2.51848771,0.65620971,0.01991012,0.16970945,-0.36466802,9.75312358,0.87452278,1.24918140,-4.11717656,4
117.37863197,31.96337601,41.10790693,23.26922218,125.36008016,41.10690693,16.13732912,-0.65962344,-0.38346107,2.59498918,2.50942209,0.66148484,0.01764936,0.10121217,-0.31683121,9.82304541,1.14650623,1.12751742,-4.25138297,4
117.37863223,31.96337688,41.10323084,23.36527335,125.38800859,41.10223084,16.28744906,-0.57174367,-0.33763859,2.58663155,2.49961245,0.66652221,0.01552287,0.03312100,-0.25473033,9.89235176,1.48065787,0.98665417,-4.44193697,4
117.37863250,31.96337774,41.09861338,23.46125155,125.41618782,41.09761338,16.43657485,-0.49968250,-0.30644027,2.57632577,2.48755209,0.67153493,0.01419289,0.02439189,-0.20522511,9.99291763,1.33008118,0.73739145,-4.56687200,4
117.37863280,31.96337860,41.09408517,23.55715667,125.44461605,41.09308517,16.58478510,-0.45075869,-0.29634457,2.56337144,2.47241617,0.67654023,0.01400000,0.09960963,-0.17396112,10.13255115,0.49974322,0.33915136,-4.59741748,4
117.37863311,31.96337947,41.08969921,23.65298853,125.47329166,41.08869921,16.73216490,-0.41893193,-0.29519035,2.55311389,2.46001935,0.68221342,0.01400000,0.17014172,-0.15194761,10.14643549,-0.15529328,0.05278900,-4.59499213,4
117.37863343,31.96338033,41.08554403,23.74874697,125.50221315,41.08454403,16.87881064,-0.41102544,-0.30377300,2.54856948,2.45354403,0.68910177,0.01400000,0.20630530,-0.14111350,9.91992742,-0.28258900,0.01548535,-4.56176905,4
117.37863375,31.96338119,41.08149059,23.84443175,125.53137923,41.08049059,17.02482698,-0.41314450,-0.31568425,2.54643387,2.44954693,0.69650750,0.01399195,0.22929520,-0.13577763,9.60427295,-0.20132703,0.08635187,-4.51752598,4
117.37863408,31.96338205,41.07760861,23.94004260,125.56078875,41.07660861,17.17031963,-0.42142913,-0.31312501,2.54609307,2.44699312,0.70441084,0.01380221,0.27122007,-0.15166708,9.48860102,-0.26914291,0.30684448,-4.50795287,4
117.37863441,31.96338290,41.07394519,24.03557921,125.59044076,41.07294519,17.31539260,-0.43771042,-0.29123166,2.54813599,2.44636039,0.71297673,0.01336039,0.33660739,-0.19595396,9.63630265,-0.52693460,0.71527871,-4.54389445,4
117.37863474,31.96338376,41.07006179,24.13104121,125.62033449,41.06906179,17.46015319,-0.44915848,-0.26804070,2.55002016,2.44569398,0.72153620,0.01269398,0.36267496,-0.24299670,9.71653334,-0.59245553,0.86970406,-4.56489920,4
117.37863509,31.96338462,41.06578762,24.22642820,125.65046932,41.06478762,17.60471813,-0.45156563,-0.24550371,2.55130310,2.44469690,0.72999040,0.01169690,0.32115787,-0.29046751,9.64878107,-0.31669430,0.58230790,-4.55497863,4
117.37863542,31.96338547,41.06139250,24.32173968,125.68084488,41.06039250,17.74921356,-0.45026869,-0.22366076,2.55237060,2.44355792,0.73838607,0.01062940,0.26085646,-0.33434356,9.54532339,0.05968691,0.17389115,-4.53508592,4
117.37863576,31.96338633,41.05697340,24.41697511,125.71146099,41.05597340,17.89376893,-0.42922909,-0.21227682,2.55278082,2.44156014,0.74622761,0.01021918,0.24184422,-0.29920107,9.64734027,0.34986531,0.07310907,-4.50488527,4
117.37863609,31.96338718,41.05252596,24.51213388,125.74231767,41.05152596,18.03851088,-0.38424438,-0.21353026,2.55243587,2.43855255,0.75339572,0.01060796,0.27404780,-0.16630723,10.00587175,0.51000227,0.36125324,-4.46280689,4
117.37863641,31.96338803,41.04812556,24.60721530,125.77341517,41.04712556,18.18356332,-0.36510975,-0.20007138,2.55384094,2.43734165,0.76126180,0.01017400,0.27625160,-0.09641555,10.24983818,0.24380098,0.58097418,-4.44743231,4
117.37863674,31.96338890,41.04380097,24.70221862,125.80475394,41.04280097,18.32905189,-0.38802554,-0.16270989,2.55806554,2.43903277,0.77026458,0.00840048,0.22891374,-0.13025252,10.30270024,-0.69937910,0.67911903,-4.47509108,4
117.37863706,31.96338975,41.03949597,24.79714301,125.83633461,41.03849597,18.47510540,-0.42396449,-0.11976207,2.56288796,2.44135130,0.77951558,0.00630095,0.16842814,-0.19358968,10.29637616,-1.80683958,0.72851450,-4.51208319,4
117.37863739,31.96339060,41.03515392,24.89198755,125.86815806,41.03415392,18.62185244,-0.48342341,-0.10043403,2.56367877,2.43976641,0.78728883,0.00526151,0.12494234,-0.26148511,10.18316859,-2.36878067,0.48393365,-4.49180118,4
117.37863774,31.96339145,41.03078468,24.98675125,125.90022535,41.02978468,18.76941789,-0.57377110,-0.11205554,2.55926081,2.43313757,0.79314538,0.00561218,0.10530384,-0.33394173,9.93229663,-2.21266633,-0.12897550,-4.39772140,4
117.37863809,31.96339230,41.02685902,25.08143304,125.93253775,41.02585902,18.91792369,-0.66157453,-0.11966511,2.55704375,2.42862238,0.79965695,0.00580357,0.11502051,-0.37668081,9.74851924,-2.08260194,-0.34586028,-4.33899618,4
117.37863845,31.96339315,41.02370188,25.17603176,125.96509671,41.02270188,19.06749317,-0.74204910,-0.11740376,2.55912264,2.42823679,0.80748208,0.00558773,0.17316325,-0.36766791,9.69369339,-2.06579718,0.15616740,-4.34834059,4
117.37863880,31.96339400,41.02081544,25.27054616,125.99790390,41.01981544,19.21825345,-0.81960590,-0.11099365,2.56281664,2.42939782,0.81581311,0.00520072,0.24568849,-0.34083776,9.68793377,-2.08666819,0.88956726,-4.38128872,4
117.37863915,31.96339485,41.01788004,25.36497491,126.03096118,41.01688004,19.37033322,-0.89099505,-0.09183705,2.56827773,2.43213746,0.82492978,0.00428751,0.26226188,-0.32527581,9.74674112,-2.05669770,1.14645989,-4.40276062,4
117.37863951,31.96339570,41.01486606,25.45931655,126.06427061,41.01386606,19.52386018,-0.95402661,-0.05553825,2.57609004,2.43697361,0.83509599,0.00266526,0.20163707,-0.32501531,9.88978224,-1.95990144,0.74719142,-4.40836258,4
117.37863987,31.96339655,41.01163067,25.55356957,126.09783445,41.01063067,19.67896302,-1.02027605,-0.02866316,2.58207956,2.44010182,0.84453212,0.00140430,0.14256038,-0.31944924,9.93215423,-1.93221317,0.38726729,-4.41353774,4
117.37864024,31.96339739,41.00797597,25.64773232,126.13165518,41.00697597,19.83577632,-1.09457808,-0.02385313,2.58400000,2.43943925,0.85231642,0.00100000,0.10244193,-0.30029506,9.75919635,-2.05420154,0.23997999,-4.42114553,4
117.37864062,31.96339823,41.00413744,25.74180306,126.16573548,41.00313744,19.99444209,-1.17205195,-0.02925648,2.58405959,2.43703929,0.85935035,0.00099338,0.07297131,-0.27598945,9.49038662,-2.22784793,0.19602211,-4.43077051,4
117.37864099,31.96339907,41.00057566,25.83577990,126.20007825,40.99957566,20.15510609,-1.23703833,-0.03065622,2.58531150,2.43567053,0.86697706,0.00085427,0.07748707,-0.27689729,9.33680838,-2.02187744,0.21151106,-4.45779593,4
117.37864137,31.96339992,40.99746773,25.92966086,126.23468662,40.99646773,20.31791370,-1.28090103,-0.02546015,2.58853918,2.43600961,0.87558603,0.00050193,0.13770610,-0.31879922,9.37540359,-1.19776244,0.32258168,-4.51341181,4
117.37864175,31.96340076,40.99441402,26.02344383,126.26956395,40.99341402,20.48301005,-1.30858271,-0.01891209,2.59241329,2.43689078,0.88450409,0.00021327,0.20317195,-0.35748078,9.50335348,-0.40236742,0.40295503,-4.57321028,4
117.37864213,31.96340159,40.99112801,26.11712656,126.30471382,40.99012801,20.65054289,-1.30819368,-0.01412801,2.59644638,2.43786160,0.89346717,0.00028720,0.23617997,-0.35212094,9.72208783,-0.21457909,0.31464953,-4.62059187,4
117.37864251,31.96340243,40.98765599,26.21070666,126.34014002,40.98665599,20.82066364,-1.28728219,-0.01055153,2.60064123,2.43893956,0.90248356,0.00061727,0.24548049,-0.31490225,10.00386444,-0.48375465,0.10738980,-4.65761419,4
117.37864289,31.96340327,40.98393397,26.30418163,126.37584658,40.98293397,20.99352440,-1.27798710,-0.00448892,2.60574429,2.44087069,0.91191739,0.00060561,0.26868869,-0.30318234,10.17676823,-0.77431779,0.06341592,-4.67234171,4
117.37864327,31.96340411,40.97964120,26.39754879,126.41183776,40.97864120,21.16927244,-1.29527043,0.00735983,2.61292648,2.44475436,0.92230597,-0.00019204,0.32340663,-0.34962573,10.10023157,-1.11115285,0.39209084,-4.63609661,4
117.37864366,31.96340494,40.97508185,26.49080535,126.44811803,40.97408185,21.34804610,-1.32701605,0.02509135,2.62125766,2.44970748,0.93318209,-0.00153290,0.38644051,-0.42268790,9.87824901,-1.39756939,0.89660741,-4.57319179,4
117.37864405,31.96340577,40.97104707,26.58394835,126.48469204,40.97004707,21.52997537,-1.34846819,0.05946562,2.62890585,2.45395293,0.94346819,-0.00336705,0.37629458,-0.43848730,9.68577488,-1.14400424,1.07082452,-4.53746120,4
117.37864445,31.96340661,40.96761447,26.67697472,126.52156463,40.96661447,21.71518431,-1.35787853,0.11263539,2.63569542,2.45731646,0.95304956,-0.00575129,0.28180169,-0.38840972,9.52953322,-0.27390105,0.86179779,-4.53345878,4
117.37864484,31.96340745,40.96414425,26.76988125,126.55874081,40.96314425,21.90379218,-1.36227683,0.15674354,2.64063388,2.45895878,0.96197409,-0.00768866,0.18382452,-0.33876286,9.43126175,0.47308662,0.57232981,-4.54112044,4
117.37864524,31.96340829,40.96050392,26.86266456,126.59622575,40.95950392,22.09591320,-1.34409782,0.16003922,2.63723442,2.45284771,0.96794139,-0.00761329,0.07013334,-0.29104706,9.59411548,0.66560304,-0.07956234,-4.60132767,4
117.37864563,31.96340913,40.95665192,26.95532118,126.63402475,40.95565192,22.29165531,-1.30420313,0.12083368,2.62542452,2.43890869,0.97094827,-0.00545696,-0.05500772,-0.24720062,10.01266330,0.29283672,-1.08202742,-4.71917097,4
117.37864603,31.96340995,40.95191228,27.04784745,126.67214328,40.95091228,22.49111875,-1.29165009,0.05714615,2.61481639,2.42592602,0.97489325,-0.00243595,-0.07768113,-0.24682662,10.21821711,-0.13640453,-1.69060422,-4.93490993,4
117.37864643,31.96341079,40.94580015,27.14023963,126.71058690,40.94480015,22.69439589,-1.32137517,-0.04439210,2.60607026,2.41442535,0.98029069,0.00192192,0.05810269,-0.31365757,10.09438822,-0.65279061,-1.68999382,-5.30204727,4
117.37864683,31.96341163,40.93949937,27.23249380,126.74936130,40.93849937,22.90157364,-1.35754564,-0.15078267,2.59812453,2.40360780,0.98614889,0.00644654,0.21963166,-0.38855798,9.91584275,-1.15728930,-1.57940468,-5.69471922,4
117.37864725,31.96341245,40.93388290,27.32460595,126.78847225,40.93288290,23.11273896,-1.38512114,-0.23120863,2.60012114,2.40161912,0.99650607,0.00996232,0.38075108,-0.40628531,9.71433773,-1.14103874,-1.25096207,-6.10604459,4
117.37864767,31.96341327,40.92922056,27.41657189,126.82792564,40.92822056,23.32798365,-1.40022218,-0.27521089,2.61591190,2.41187095,1.01312286,0.01205990,0.53935202,-0.34613209,9.48719098,-0.41237606,-0.62638264,-6.54154654,4
117.37864809,31.96341410,40.92481872,27.50838732,126.86772744,40.92381872,23.54740425,-1.39950366,-0.30382513,2.63361089,2.42359635,1.03104362,0.01348217,0.64751249,-0.31203613,9.41561067,0.15716207,-0.11762618,-6.93625114,4
117.37864851,31.96341492,40.92090904,27.60004776,126.90788378,40.91990904,23.77109965,-1.36888373,-0.30335521,2.65491766,2.43810764,1.05143004,0.01362810,0.66033853,-0.32719053,9.63807063,0.42596077,0.17223420,-7.25386340,4
117.37864893,31.96341575,40.91717830,27.69154859,126.94840086,40.91617830,23.99916996,-1.32713150,-0.29169136,2.67751307,2.45359355,1.07272437,0.01328466,0.63669728,-0.36081151,9.96830723,0.57305888,0.37843008,-7.54073664,4
117.37864935,31.96341657,40.91323437,27.78288504,126.98928501,40.91223437,24.23171778,-1.29135784,-0.27570888,2.69786540,2.46678353,1.09323279,0.01280379,0.60510775,-0.38822489,10.19300830,0.51085110,0.56801684,-7.78639430,4
117.37864976,31.96341740,40.90890733,27.87405216,127.03054268,40.90790733,24.46884958,-1.26653252,-0.25186474,2.71412232,2.47578241,1.11230942,0.01206928,0.55908828,-0.40451192,10.22540428,0.07159236,0.72658072,-7.95745262,4
117.37865017,31.96341822,40.90458303,27.96504484,127.07218044,40.90358303,24.71067512,-1.24797227,-0.22493964,2.72842091,2.48279529,1.13080863,0.01112755,0.50863359,-0.42189760,10.17711118,-0.39117778,0.84866907,-8.11298294,4
117.37865058,31.96341905,40.90077351,28.05585780,127.11420497,40.89977351,24.95730435,-1.24089444,-0.19562570,2.74001152,2.48711325,1.14880040,0.00966411,0.45882530,-0.45840503,10.04828585,-0.45624162,0.86098650,-8.30228806,4
117.37865101,31.96341988,40.89747107,28.14648557,127.15662309,40.89647107,25.20884141,-1.24502007,-0.16403763,2.74890018,2.48874262,1.16628390,0.00768993,0.40997711,-0.51333360,9.84055512,-0.12736122,0.76444967,-8.52474618,4
117.37865142,31.96342070,40.89408782,28.23692253,127.19944170,40.89308782,25.46537747,-1.24367638,-0.13551124,2.75707795,2.48968529,1.18354936,0.00590963,0.37184114,-0.55124046,9.66043657,0.20815362,0.66203905,-8.73747055,4
117.37865185,31.96342152,40.89034501,28.32716290,127.24266778,40.88934501,25.72698578,-1.21781268,-0.12073449,2.76206199,2.48754852,1.19982345,0.00500000,0.38176279,-0.51280192,9.60425874,0.57314413,0.53337604,-8.90638407,4
117.37865231,31.96342235,40.88622056,28.41720074,127.28630834,40.88522056,25.99372189,-1.16612768,-0.12044914,2.76376706,2.48223770,1.21509185,0.00501077,0.44071476,-0.39624217,9.67767701,0.96467109,0.37600207,-9.02918272,4
117.37865275,31.96342317,40.88192103,28.50703000,127.33037043,40.88092103,26.26562776,-1.10844490,-0.12389224,2.76717176,2.47820191,1.23124079,0.00533900,0.46493240,-0.32807502,9.75429611,1.23054838,0.18084023,-9.14180874,4
117.37865321,31.96342399,40.87731931,28.59664447,127.37486105,40.87631931,26.54273806,-1.04038396,-0.13379595,2.77352103,2.47637695,1.24891121,0.00621729,0.42894704,-0.34379361,9.83644080,1.27859424,-0.07975466,-9.23677336,4
117.37865367,31.96342479,40.87264206,28.68603785,127.41978723,40.87164206,26.82508606,-0.97023789,-0.14585145,2.78041087,2.47493459,1.26687528,0.00724436,0.38043127,-0.37752165,9.91837398,1.27659511,-0.35832253,-9.32848165,4
117.37865413,31.96342559,40.86774563,28.77520367,127.46515594,40.86674563,27.11270439,-0.90631248,-0.17756169,2.78416878,2.47051927,1.28357660,0.00899934,0.35511999,-0.39410353,9.96058446,1.22886369,-0.73063324,-9.43824131,4
117.37865461,31.96342640,40.86247239,28.86413534,127.51097415,40.86147239,27.40562047,-0.85319817,-0.24338050,2.78256908,2.46101075,1.29812572,0.01201960,0.37098371,-0.38097664,9.93343437,1.10304947,-1.25898089,-9.57927449,4
117.37865509,31.96342719,40.85721798,28.95282613,127.55724879,40.85621798,27.70385308,-0.80232165,-0.31539611,2.78214192,2.45238961,1.31339893,0.01532776,0.41904948,-0.36382436,9.88222132,0.99823297,-1.63391708,-9.72472154,4
117.37865558,31.96342799,40.85227303,29.04126919,127.60398670,40.85127303,28.00741508,-0.75100328,-0.38337900,2.78884986,2.44986349,1.33230381,0.01866212,0.53716426,-0.35433788,9.80446733,1.00925964,-1.43961270,-9.86262149,4
117.37865607,31.96342879,40.84757947,29.12945754,127.65119470,40.84657947,28.31631918,-0.69927862,-0.44754601,2.80129964,2.45223868,1.35413295,0.02198846,0.71009737,-0.35109937,9.70777032,1.11170163,-0.79083746,-9.99317312,4
117.37865657,31.96342959,40.84298189,29.21738403,127.69887949,40.84198189,28.63058058,-0.64614330,-0.49653414,2.81466708,2.45529914,1.37648780,0.02457011,0.85202756,-0.35087200,9.66993761,1.18231393,-0.16245775,-10.08998601,4
117.37865707,31.96343038,40.83866145,29.30504143,127.74704775,40.83766145,28.95021461,-0.58892334,-0.50163016,2.83068961,2.46034168,1.40036515,0.02499843,0.90431196,-0.35935263,9.80233479,1.16088267,0.40699874,-10.08923687,4
117.37865758,31.96343118,40.83453102,29.39242233,127.79570607,40.83353102,29.27523388,-0.52872027,-0.47254186,2.84876375,2.46690685,1.42541379,0.02374922,0.88519885,-0.37290506,10.05926224,1.06818395,0.92160856,-10.01495523,4
117.37865809,31.96343197,40.82986290,29.47951920,127.84486096,40.82886290,29.60564687,-0.47243508,-0.43566391,2.86691008,2.47333191,1.45036287,0.02210690,0.81382531,-0.34868757,10.16119573,0.96881655,1.21908035,-9.97970907,4
117.37865860,31.96343276,40.82435994,29.56632440,127.89451887,40.82335994,29.94145628,-0.42223944,-0.38668885,2.88516727,2.47953889,1.47515558,0.01985409,0.66128059,-0.26580374,10.02237007,0.85909758,1.17925113,-10.00509915,4
117.37865912,31.96343355,40.81882566,29.65283015,127.94468611,40.81782566,30.28265721,-0.37313863,-0.33753547,2.90303395,2.48538737,1.49975521,0.01758799,0.50647218,-0.18263361,9.87394107,0.74110542,1.11935471,-10.03595483,4
117.37865965,31.96343434,40.81351655,29.73902856,127.99536892,40.81251655,30.62923568,-0.34143428,-0.29755293,2.91225629,2.48366757,1.52026750,0.01569087,0.38959014,-0.15612226,9.77448471,0.45476223,0.98406295,-10.12067513,4
117.37866018,31.96343512,40.80857835,29.82491165,128.04657338,40.80757835,30.98116879,-0.33816965,-0.27286314,2.90748523,2.46968712,1.53416635,0.01441443,0.33519543,-0.22113065,9.75619788,-0.10062253,0.72468025,-10.29194991,4
117.37866071,31.96343589,40.80378658,29.91047133,128.09830545,40.80278658,31.33842690,-0.34206225,-0.25849958,2.90218446,2.45502592,1.54790709,0.01367167,0.30698123,-0.28529825,9.78238381,-0.59060036,0.41553825,-10.45267719,4
117.37866125,31.96343667,40.79926605,29.99569943,128.15057093,40.79826605,31.70097629,-0.35580808,-0.26668035,2.90000000,2.44252150,1.56336136,0.01414890,0.32825416,-0.31761681,9.90068769,-0.81935011,0.01416926,-10.55729651,4
117.37866178,31.96343745,40.79494081,30.08058769,128.20337546,40.79394081,32.06877994,-0.37669506,-0.29082550,2.90001822,2.43154149,1.58002743,0.01548788,0.38479683,-0.32791589,10.08096666,-0.87042546,-0.44440935,-10.62306625,4
117.37866233,31.96343821,40.79072005,30.16512775,128.25672451,40.78972005,32.44179459,-0.40238824,-0.31828424,2.90040959,2.42081523,1.59691739,0.01696119,0.45325053,-0.34448393,10.20809399,-1.03295381,-0.75072735,-10.69870215,4
117.37866290,31.96343897,40.78677691,30.24931120,128.31062338,40.78577691,32.81996802,-0.44083725,-0.35451143,2.90179550,2.41076677,1.61440250,0.01878958,0.55323393,-0.37767434,10.19416289,-1.49062196,-0.65328565,-10.80048073,4
117.37866347,31.96343972,40.78303304,30.33312953,128.36507715,40.78203304,33.20324033,-0.48914650,-0.39564888,2.90425165,2.40147105,1.63254574,0.02079104,0.67142869,-0.42239769,10.07519706,-2.12326585,-0.27895318,-10.91946995,4
117.37866407,31.96344047,40.77932827,30.41657419,128.42009073,40.77832827,33.59154668,-0.54910645,-0.41863222,2.91183892,2.39600000,1.65400610,0.02169605,0.73212156,-0.46386933,9.88343744,-2.28078984,-0.02902122,-11.02034657,4
117.37866468,31.96344122,40.77567954,30.49963659,128.47566877,40.77467954,33.98481795,-0.62572962,-0.41564690,2.92676551,2.39600000,1.68021056,0.02103264,0.71056093,-0.50068826,9.58755921,-1.75869081,0.04295813,-11.09531123,4
117.37866528,31.96344197,40.77206855,30.58230805,128.53181574,40.77106855,34.38297808,-0.70053694,-0.41306376,2.94140660,2.39575630,1.70624243,0.02041421,0.68907259,-0.53577681,9.30890880,-1.24909148,0.10934220,-11.16946439,4
117.37866590,31.96344270,40.76909126,30.66457990,128.58853585,40.76809126,34.78594204,-0.74488195,-0.41722224,2.95125710,2.39142820,1.72937173,0.02054964,0.66880400,-0.54185057,9.31910541,-0.94918172,0.08192329,-11.22998880,4
117.37866652,31.96344343,40.76702610,30.74644343,128.64583308,40.76602610,35.19361772,-0.74550642,-0.43125261,2.95425378,2.38124457,1.74834799,0.02177613,0.65051324,-0.50672154,9.74116385,-0.95718218,-0.07887510,-11.27124631,4
117.37866714,31.96344416,40.76482850,30.82788992,128.70371115,40.76382850,35.60590937,-0.75458507,-0.44673615,2.95894987,2.37230128,1.76835332,0.02294746,0.63572394,-0.48708427,10.03748339,-1.02474525,-0.19254208,-11.32126939,4
117.37866776,31.96344490,40.76234510,30.90891063,128.76217352,40.76134510,36.02271790,-0.78183677,-0.46524363,2.96728775,2.36602205,1.79056226,0.02399559,0.62834951,-0.50053137,10.06482155,-1.21685741,-0.20550391,-11.38998335,4
117.37866837,31.96344564,40.75971844,30.98949684,128.82122339,40.75871844,36.44393780,-0.81825223,-0.48506601,2.97733019,2.36096402,1.81381081,0.02496798,0.62563001,-0.52965109,9.95458840,-1.46226981,-0.16177035,-11.46763620,4
117.37866901,31.96344636,40.75712104,31.06963983,128.88086367,40.75612104,36.86945581,-0.85378450,-0.50132510,2.98505520,2.35380226,1.83577716,0.02572490,0.63742472,-0.54080195,9.82566510,-1.54744408,-0.02684560,-11.53646574,4
117.37866965,31.96344707,40.75459260,31.14933090,128.94109701,40.75359260,37.29915343,-0.88722593,-0.50950438,2.98763315,2.34196515,1.85489447,0.02599555,0.68141398,-0.51189152,9.65577337,-1.27466484,0.31049564,-11.58562455,4
117.37867030,31.96344778,40.75217787,31.22856139,129.00192575,40.75117787,37.73291058,-0.91684922,-0.51044057,2.98809616,2.32808811,1.87287196,0.02588364,0.73784996,-0.46273358,9.48127913,-0.80423070,0.72967452,-11.62507565,4
117.37867095,31.96344849,40.75025845,31.30732268,129.06335195,40.74925845,38.17060597,-0.92899457,-0.49386597,2.99404468,2.31840459,1.89408935,0.02507307,0.75475908,-0.43106763,9.43191358,-0.37862585,0.92417577,-11.67466723,4
117.37867161,31.96344920,40.74893465,31.38560616,129.12537739,40.74793465,38.61211415,-0.92002094,-0.45633834,3.00653754,2.31372265,1.91916996,0.02342736,0.72363680,-0.42060109,9.53318320,-0.00831992,0.84551974,-11.73650113,4
117.37867227,31.96344991,40.74756696,31.46340332,129.18800353,40.74656696,39.05730335,-0.90965414,-0.42335164,3.01704473,2.30748261,1.94301852,0.02198796,0.68156405,-0.41335837,9.62824015,0.32577974,0.70062294,-11.79883761,4
117.37867294,31.96345061,40.74586283,31.54070569,129.25123156,40.74486283,39.50603697,-0.88857790,-0.42533537,3.01226374,2.28926020,1.95736460,0.02213717,0.55527629,-0.43092739,9.67540443,0.38098077,0.04619483,-11.86498136,4
117.37867363,31.96345131,40.74373444,31.61750489,129.31506233,40.74273444,39.95817603,-0.85459975,-0.47391599,2.98880288,2.25637051,1.96009479,0.02442921,0.33398249,-0.47664472,9.66624389,0.09557636,-1.22582698,-11.93644537,4
117.37867433,31.96345199,40.74151773,31.69379261,129.37949642,40.74051773,40.41357972,-0.82585556,-0.56466371,2.96936173,2.22626336,1.96526977,0.02898280,0.23953886,-0.48705800,9.69885605,-0.11414562,-2.29826723,-12.01584705,4
117.37867502,31.96345267,40.73915036,31.76956066,129.44453409,40.73815036,40.87210367,-0.80605252,-0.72742227,2.95678726,2.20091070,1.97461983,0.03739855,0.36174991,-0.43717463,9.80280964,-0.19459424,-3.02976453,-12.10879978,4
117.37867572,31.96345335,40.73673961,31.84480095,129.51017531,40.73573961,41.33359898,-0.78916494,-0.91218773,2.94671946,2.17727429,1.98554065,0.04697996,0.55684334,-0.37161765,9.91598394,-0.22854634,-3.59241312,-12.20571622,4
117.37867643,31.96345402,40.73439514,31.91950549,129.57641972,40.73339514,41.79791479,-0.77259056,-1.08129288,2.94016729,2.15584241,1.99916248,0.05554220,0.78664731,-0.35283932,9.85965853,-0.20488591,-3.43711735,-12.29748480,4
117.37867715,31.96345468,40.73214901,31.99366644,129.64326668,40.73114901,42.26490270,-0.75580449,-1.22309629,2.93969118,2.13828970,2.01737245,0.06240535,1.06332318,-0.40458526,9.55706557,-0.08775852,-2.19820299,-12.37684981,4
117.37867789,31.96345534,40.72988369,32.06727607,129.71071523,40.72888369,42.73441872,-0.73056772,-1.31884809,2.94892242,2.12766469,2.04206528,0.06722957,1.27397224,-0.45799157,9.36293836,0.11311266,-0.91822824,-12.39873634,4
117.37867861,31.96345599,40.72753566,32.14032677,129.77876414,40.72653566,43.20632142,-0.68819268,-1.33277995,2.97526102,2.12944917,2.07794995,0.06864795,1.32930044,-0.48361761,9.49878776,0.44343274,-0.03336677,-12.30891493,4
117.37867934,31.96345665,40.72510053,32.21281106,129.84741190,40.72410053,43.68047027,-0.63686878,-1.30355005,3.00969328,2.13710158,2.11909096,0.06824407,1.30027884,-0.49319585,9.80024109,0.82229963,0.63627088,-12.15868427,4
117.37868007,31.96345731,40.72215690,32.28472161,129.91665671,40.72115690,44.15672769,-0.58450218,-1.26419756,3.03553157,2.13849236,2.15415705,0.06712383,1.22427863,-0.48331834,10.04514477,0.99017254,1.17857892,-11.97766640,4
117.37868079,31.96345796,40.71828882,32.35605119,129.98649651,40.71728882,44.63496202,-0.53082068,-1.20682271,3.04570172,2.12848141,2.17813275,0.06471291,1.06380497,-0.43845326,10.18438176,0.77658220,1.48100106,-11.74302352,4
117.37868152,31.96345862,40.71399648,32.42679274,130.05692898,40.71299648,45.11504578,-0.48408080,-1.14615988,3.04816036,2.11303094,2.19646801,0.06186412,0.87690434,-0.38260945,10.23824115,0.41671133,1.56467052,-11.51439509,4
117.37868225,31.96345929,40.70963566,32.49693931,130.12795155,40.70863566,45.59684857,-0.46303518,-1.10119086,3.04767084,2.09602507,2.21209301,0.05944723,0.72590417,-0.34152002,10.15815771,0.12683099,1.25906594,-11.38646219,4
117.37868298,31.96345996,40.70522598,32.56648411,130.19956142,40.70422598,46.08023258,-0.46435388,-1.07081346,3.04425536,2.07740246,2.22509787,0.05745147,0.60964578,-0.31404480,9.96339303,-0.09828014,0.62188213,-11.34856342,4
117.37868370,31.96346061,40.70094875,32.63542052,130.27175549,40.69994875,46.56505599,-0.46516771,-1.05147370,3.03651689,2.05561159,2.23497586,0.05599756,0.53523111,-0.29568113,9.79444678,-0.27787883,0.08062497,-11.33776947,4
117.37868446,31.96346125,40.69705602,32.70374209,130.34453045,40.69605602,47.05117953,-0.46445270,-1.06384884,3.01642523,2.02476411,2.23591668,0.05610304,0.58108019,-0.30355467,9.70027430,-0.32629782,-0.18359474,-11.40488877,4
117.37868523,31.96346186,40.69351998,32.77144253,130.41788271,40.69251998,47.53846835,-0.46063146,-1.09926198,2.98902000,1.98838915,2.23159989,0.05740307,0.71511418,-0.33192101,9.67479023,-0.26956584,-0.21261731,-11.52961342,4
117.37868601,31.96346247,40.69031683,32.83851574,130.49180848,40.68931683,48.02678718,-0.44453711,-1.12078713,2.97778713,1.96279455,2.23920298,0.05842079,0.80182922,-0.35809655,9.70975253,-0.20634155,-0.14280189,-11.62676489,4
117.37868680,31.96346308,40.68746256,32.90495580,130.56630372,40.68646256,48.51599594,-0.41538000,-1.12704617,2.98404096,1.94884804,2.25969162,0.05911740,0.83699229,-0.38093986,9.80989717,-0.14200550,0.03404793,-11.69158477,4
117.37868760,31.96346367,40.68443946,32.97075699,130.64136414,40.68343946,49.00595172,-0.39001040,-1.13170398,2.98863015,1.93369014,2.27891604,0.05965018,0.87231907,-0.39230406,9.90167639,-0.15012039,0.20271665,-11.72865591,4
117.37868840,31.96346426,40.68086943,33.03591379,130.71698526,40.67986943,49.49651454,-0.37691295,-1.13117374,2.98782590,1.91460791,2.29404389,0.05965216,0.90817518,-0.36647625,9.96634928,-0.39297194,0.34487374,-11.67582159,4
117.37868922,31.96346483,40.67686459,33.10042087,130.79316234,40.67586459,49.98755053,-0.37521518,-1.12489081,2.98352723,1.89293375,2.30644336,0.05915282,0.94243123,-0.31373742,9.99967337,-0.80262485,0.47522377,-11.54975543,4
117.37869006,31.96346539,40.67309718,33.16427312,130.86989046,40.67209718,50.47892985,-0.38167309,-1.10747810,2.98811008,1.87730823,2.32498484,0.05823270,0.95984561,-0.29908221,9.96424311,-0.94687833,0.69346722,-11.44846820,4
117.37869089,31.96346596,40.66959927,33.22746559,130.94716449,40.66859927,50.97052334,-0.39721341,-1.07733797,3.00250513,1.86836866,2.35029706,0.05682386,0.95769174,-0.32698617,9.85193782,-0.79289530,1.00890351,-11.37572283,4
117.37869172,31.96346652,40.66614138,33.28999359,131.02497911,40.66514138,51.46220322,-0.41129813,-1.04405817,3.01410669,1.85759778,2.37343354,0.05518057,0.94598239,-0.35041822,9.74713542,-0.64463350,1.29790784,-11.31327319,4
117.37869255,31.96346707,40.66284453,33.35185260,131.10332881,40.66184453,51.95384639,-0.41861585,-0.99766193,3.01307020,1.83852455,2.38677131,0.05253661,0.89349139,-0.35237511,9.67859776,-0.53511627,1.46718260,-11.29439621,4
117.37869339,31.96346762,40.65969877,33.41303830,131.18220793,40.65869877,52.44533548,-0.41866633,-0.93991620,3.00093661,1.81214064,2.39149397,0.04903985,0.80546618,-0.33416803,9.65011603,-0.45269594,1.50335391,-11.31725149,4
117.37869423,31.96346818,40.65654043,33.47354660,131.26161062,40.65554043,52.93655601,-0.41214924,-0.89064838,2.99571342,1.79013946,2.40148563,0.04629087,0.74187744,-0.31757634,9.66543591,-0.29547662,1.38828164,-11.34318360,4
117.37869508,31.96346873,40.65336582,33.53337359,131.34153089,40.65236582,53.42739296,-0.39785562,-0.85152161,2.99859660,1.77327845,2.41765548,0.04443073,0.70724565,-0.30280378,9.73239502,-0.05131558,1.09465538,-11.37248287,4
117.37869592,31.96346927,40.65015265,33.59251559,131.42196260,40.64915265,53.91773010,-0.38240029,-0.81709983,3.00040804,1.75573351,2.43290436,0.04281125,0.67774819,-0.28549956,9.80029849,0.15652977,0.79033898,-11.39390273,4
117.37869679,31.96346979,40.64672750,33.65096912,131.50289947,40.64572750,54.40745273,-0.36535342,-0.80326094,2.99064904,1.73083152,2.43872750,0.04200000,0.65888687,-0.25232119,9.83953346,0.09633831,0.54212537,-11.36741365,4
117.37869767,31.96347031,40.64311230,33.70873094,131.58433510,40.64211230,54.89644969,-0.34776041,-0.80920655,2.97090314,1.69954068,2.43637499,0.04198057,0.65182596,-0.20467188,9.85123112,-0.21550011,0.36672663,-11.29764385,4
117.37869855,31.96347082,40.63966306,33.76579801,131.66626294,40.63866306,55.38461039,-0.33781069,-0.80878925,2.96298300,1.67549216,2.44336308,0.04182000,0.65293690,-0.16766133,9.87192623,-0.40088285,0.31127165,-11.26282279,4
117.37869942,31.96347132,40.63641287,33.82216753,131.74867635,40.63541287,55.87182064,-0.33705632,-0.80076924,2.96919023,1.66009524,2.46150762,0.04149097,0.66389191,-0.14353215,9.90303919,-0.43557919,0.39890630,-11.27002702,4
117.37870031,31.96347182,40.63319663,33.87783694,131.83156857,40.63219663,56.35796409,-0.33943132,-0.79242011,2.97587414,1.64493792,2.47996740,0.04116266,0.67878198,-0.12732379,9.92004859,-0.48211422,0.48272608,-11.29067570,4
117.37870120,31.96347231,40.62998894,33.93280390,131.91493272,40.62898894,56.84292830,-0.35121553,-0.78943647,2.97180658,1.62290047,2.48957459,0.04100000,0.70714377,-0.14488966,9.84499949,-0.74176388,0.40734182,-11.34933179,4
117.37870211,31.96347278,40.62680848,33.98706631,131.99876181,40.62580848,57.32660887,-0.37141046,-0.79316510,2.95816744,1.59470936,2.49125658,0.04106496,0.74266536,-0.19664654,9.69106260,-1.14326315,0.17147362,-11.43682096,4
117.37870302,31.96347325,40.62375156,34.04062229,132.08304880,40.62275156,57.80890702,-0.38610253,-0.80649611,2.95108027,1.57051059,2.49804691,0.04156198,0.73783896,-0.25525030,9.61361225,-1.09652250,-0.09211038,-11.46789177,4
117.37870391,31.96347372,40.62083837,34.09347016,132.16778651,40.61983837,58.28972475,-0.39426479,-0.83115032,2.95151754,1.55089762,2.51069900,0.04257088,0.68661592,-0.32109297,9.62540924,-0.53352078,-0.38784013,-11.43386413,4
117.37870483,31.96347418,40.61796012,34.14560846,132.25296774,40.61696012,58.76896260,-0.39784656,-0.86196641,2.95115045,1.53084539,2.52258692,0.04391663,0.63891597,-0.37043091,9.66294339,0.01091517,-0.68764281,-11.39916477,4
117.37870576,31.96347463,40.61513270,34.19703599,132.33858516,40.61413270,59.24652010,-0.38439333,-0.91361620,2.94061767,1.50483724,2.52588783,0.04648974,0.64683578,-0.33295088,9.75274267,0.03756341,-0.98095455,-11.41501430,4
117.37870668,31.96347508,40.61231918,34.24775173,132.42463140,40.61131918,59.72229827,-0.35769939,-0.98329092,2.92295084,1.47453149,2.52315589,0.05014073,0.70994410,-0.22681812,9.88517899,-0.38767836,-1.21883940,-11.47552073,4
117.37870761,31.96347553,40.60930334,34.29775491,132.51109903,40.60830334,60.19620155,-0.34636582,-1.04541549,2.91916207,1.45163800,2.53210265,0.05344528,0.79631659,-0.19176461,9.98283499,-0.64961336,-1.15320064,-11.52340264,4
117.37870852,31.96347597,40.60607244,34.34704498,132.59798054,40.60507244,60.66813803,-0.35138272,-1.09896527,2.93005761,1.43657775,2.55340124,0.05634995,0.90620586,-0.23281202,10.04006251,-0.73452763,-0.76363017,-11.55785324,4
117.37870945,31.96347641,40.60282676,34.39562161,132.68526842,40.60182676,61.13801967,-0.35794100,-1.14433469,2.94112917,1.42148855,2.57476856,0.05879101,1.00123930,-0.28703543,10.04693616,-0.75916271,-0.33213029,-11.59111468,4
117.37871039,31.96347684,40.59961603,34.44348469,132.77295509,40.59861603,61.60576351,-0.36340567,-1.16259433,2.94668113,1.40299334,2.59119531,0.05965943,1.03058766,-0.35870780,9.88173309,-0.63194174,0.12048717,-11.62556425,4
117.37871132,31.96347726,40.59656942,34.49063430,132.86103297,40.59556942,62.07129272,-0.36476037,-1.15678539,2.94835275,1.38207755,2.60408883,0.05918587,0.99938187,-0.42831855,9.60545265,-0.36109459,0.53409705,-11.64720743,4
117.37871226,31.96347768,40.59429773,34.53707074,132.94949445,40.59329773,62.53453663,-0.34775375,-1.14369903,2.95441439,1.36371704,2.62056856,0.05860236,0.93766073,-0.40159040,9.52293570,0.00123853,0.62100405,-11.58938938,4
117.37871320,31.96347810,40.59280929,34.58279450,133.03833191,40.59180929,62.99543075,-0.31199057,-1.12362138,2.96476045,1.34787174,2.64053062,0.05792367,0.84522314,-0.27747735,9.63757161,0.44880193,0.37379386,-11.45083357,4
117.37871414,31.96347852,40.59129698,34.62780624,133.12753777,40.59029698,63.45391728,-0.27284995,-1.11109540,2.97189609,1.33059470,2.65751347,0.05756852,0.75633117,-0.15625417,9.77224366,0.74800019,0.05870145,-11.30636597,4
117.37871509,31.96347891,40.58937757,34.67210679,133.21710444,40.58837757,63.90994570,-0.22668409,-1.13331591,2.96374915,1.30625943,2.66051027,0.05862243,0.69441867,-0.08520634,9.91508045,0.38488292,-0.41413600,-11.16825003,4
117.37871604,31.96347930,40.58714206,34.71569717,133.30702434,40.58614206,64.36347113,-0.18371298,-1.18582956,2.94446286,1.27676971,2.65324090,0.06094021,0.66916576,-0.06923057,10.03172075,-0.49369231,-0.94975467,-11.05124207,4
117.37871699,31.96347968,40.58510351,34.75857852,133.39728996,40.58410351,64.81445083,-0.19217717,-1.23990458,2.93662226,1.25250824,2.65604905,0.06351788,0.71807576,-0.11840095,9.96373134,-1.05785010,-1.07740867,-11.02096779,4
117.37871795,31.96348008,40.58327030,34.80075215,133.48789378,40.58227030,65.26284270,-0.25363752,-1.29506820,2.94064650,1.23365836,2.66930187,0.06633869,0.84324925,-0.23414996,9.70660452,-1.28394770,-0.77697150,-11.08091410,4
117.37871892,31.96348047,40.58146177,34.84221952,133.57882834,40.58046177,65.70860647,-0.31076549,-1.34152016,2.94489341,1.21479689,2.68271085,0.06873082,0.95968147,-0.33544766,9.48302094,-1.30473025,-0.38370078,-11.14761420,4
117.37871988,31.96348083,40.57963728,34.88298224,133.67008621,40.57863728,66.15170545,-0.32224049,-1.35339479,2.94357114,1.19294389,2.69106613,0.06931864,1.00064730,-0.34423849,9.49294387,-0.70752916,0.13977750,-11.19173747,4
117.37872086,31.96348119,40.57777318,34.92304205,133.76166000,40.57674360,66.59210672,-0.29527028,-1.33752720,2.93862193,1.16911714,2.69604410,0.06847532,0.97289537,-0.27792126,9.68887122,0.25112574,0.66479245,-11.19517205,4
117.37872183,31.96348154,40.57576791,34.96240082,133.85354237,40.57455000,67.02977883,-0.26657048,-1.32773599,2.93916734,1.14810314,2.70554683,0.06803768,0.91455519,-0.22309412,9.83656037,0.37997707,0.61445160,-11.08139946,4
117.37872280,31.96348188,40.57361654,35.00106057,133.94572603,40.57205780,67.46469034,-0.23700803,-1.32464306,2.94481968,1.12975280,2.71921538,0.06802583,0.82747190,-0.18065219,9.93268557,-0.30290917,0.00445208,-10.84932867,4
117.37872379,31.96348222,40.57136746,35.03902343,134.03820373,40.56950309,67.89681250,-0.21774401,-1.33089095,2.94713688,1.11031826,2.72964076,0.06837193,0.75510327,-0.15240998,9.97459648,-0.98403441,-0.56494847,-10.57241993,4
117.37872477,31.96348255,40.56882933,35.07629165,134.13096829,40.56682933,68.32612454,-0.23409248,-1.36703116,2.93635820,1.08629331,2.72759377,0.06980889,0.74249514,-0.16888093,9.84714821,-1.39692640,-0.81429688,-10.17977112,4
117.37872576,31.96348288,40.56623894,35.11286762,134.22401256,40.56423894,68.75261748,-0.27605413,-1.42085391,2.91836134,1.06004409,2.71849316,0.07194662,0.78813682,-0.21902700,9.63243825,-1.52464958,-0.71764917,-9.71102530,4
117.37872675,31.96348320,40.56459413,35.14875376,134.31732949,40.56259413,69.17629411,-0.30317259,-1.44198707,2.91748647,1.04142038,2.72474919,0.07318543,0.88979965,-0.25857493,9.67140699,-1.27518298,-0.14057152,-9.32843420,4
117.37872772,31.96348352,40.56381662,35.18395259,134.41091210,40.56181662,69.59716740,-0.31605496,-1.43067337,2.93243220,1.02985834,2.74518117,0.07346532,1.03826318,-0.28655549,9.94014708,-0.69231749,0.87433926,-9.03018713,4
117.37872871,31.96348384,40.56290363,35.21846667,134.50475350,40.56090363,70.01525896,-0.32498258,-1.39999538,2.94602902,1.01787002,2.76426352,0.07255995,1.13368073,-0.29797648,10.14361687,-0.28730864,1.79127591,-8.77189462,4
117.37872972,31.96348415,40.56148420,35.25229859,134.59884691,40.55948420,70.43059625,-0.32417891,-1.31692567,2.95365265,1.00373676,2.77757900,0.06831575,1.06811481,-0.26250489,10.12690430,-0.44470831,2.36553851,-8.61961015,4
117.37873071,31.96348444,40.55962590,35.28545098,134.69318564,40.55762590,70.84320858,-0.32323556,-1.19980005,2.95636808,0.98788880,2.78612393,0.06188373,0.88080455,-0.20722759,9.95735137,-0.98649158,2.56805864,-8.55410103,4
117.37873171,31.96348474,40.55745520,35.31792648,134.78776312,40.55545520,71.25312422,-0.35982685,-1.10992332,2.95681375,0.97147073,2.79231231,0.05709666,0.68752973,-0.23238654,9.85143410,-1.33420447,2.16715813,-8.52712570,4
117.37873271,31.96348503,40.55499988,35.34972776,134.88257287,40.55299988,71.66037074,-0.43065124,-1.04738277,2.95464155,0.95435536,2.79582742,0.05392849,0.49094456,-0.33123994,9.80384534,-1.48535325,1.20142279,-8.53792680,4
117.37873372,31.96348530,40.55262144,35.38085753,134.97760848,40.55062144,72.06497699,-0.49266901,-1.00835045,2.94640939,0.93524032,2.79358879,0.05180237,0.32139749,-0.41523619,9.74482781,-1.44655847,0.20285751,-8.57136640,4
117.37873473,31.96348556,40.55054062,35.41131850,135.07286369,40.54854062,72.46697354,-0.52036485,-1.04379338,2.91833966,0.90955533,2.77254203,0.05291876,0.24252731,-0.43902801,9.63926266,-0.80250600,-0.82365929,-8.67487179,4
117.37873574,31.96348582,40.54869595,35.44111340,135.16833229,40.54669595,72.86639152,-0.51771544,-1.13855520,2.87861305,0.87990309,2.74044898,0.05674011,0.25995810,-0.41356223,9.53330538,0.16830144,-1.72669032,-8.83017044,4
117.37873676,31.96348607,40.54685091,35.47024498,135.26400818,40.54485091,73.26326190,-0.49900618,-1.23448640,2.85996422,0.85667706,2.72837031,0.06124379,0.40309813,-0.38042369,9.61599163,0.34673399,-1.87788565,-8.96586311,4
117.37873777,31.96348631,40.54499545,35.49871598,135.35988536,40.54299545,73.65761684,-0.46625064,-1.32927005,2.86126975,0.83951736,2.73523032,0.06627480,0.66025788,-0.33967736,9.86929564,-0.19433801,-1.32079131,-9.07674761,4
117.37873881,31.96348655,40.54305865,35.52652917,135.45595790,40.54105865,74.04949207,-0.44057391,-1.40590496,2.86562425,0.82314941,2.74491170,0.07044064,0.89505787,-0.29503683,10.08514183,-0.60126163,-0.68323541,-9.13406875,4
117.37873983,31.96348677,40.54092087,35.55368730,135.55221998,40.53892087,74.43892834,-0.43380501,-1.43736455,2.87551619,0.80813249,2.75966929,0.07238926,1.06149953,-0.24190170,10.18860180,-0.60559107,0.07809424,-9.06209287,4
117.37874085,31.96348697,40.53862454,35.58019309,135.64866586,40.53662454,74.82597170,-0.43983579,-1.42702959,2.89029152,0.79445211,2.77891260,0.07220856,1.14735431,-0.19077227,10.15998413,-0.38411860,0.86709175,-8.91121699,4
117.37874188,31.96348720,40.53624603,35.60604926,135.74528988,40.53424603,75.21067217,-0.44450567,-1.37184791,2.90953745,0.78248298,2.80229369,0.06949206,1.09096001,-0.17351929,9.89925319,-0.39208311,1.40652663,-8.80664502,4
117.37874291,31.96348742,40.53380878,35.63125849,135.84208650,40.53180878,75.59308274,-0.44756264,-1.27941625,2.93173918,0.77175129,2.82836412,0.06466684,0.91163617,-0.18583028,9.45490851,-0.57981749,1.70169592,-8.74211467,4
117.37874394,31.96348763,40.53148245,35.65582340,135.93905024,40.52948245,75.97325879,-0.44656220,-1.19930919,2.94575418,0.75886694,2.84642893,0.06051584,0.72751708,-0.20194308,9.15860689,-0.60546938,1.72572300,-8.67943871,4
117.37874496,31.96348784,40.52946328,35.67974659,136.03617573,40.52746328,76.35125644,-0.43432777,-1.15332777,2.93710180,0.74002269,2.84232777,0.05823164,0.53012514,-0.22858178,9.27220734,-0.18235337,0.99902218,-8.62189852,4
117.37874599,31.96348804,40.52757217,35.70303062,136.13345769,40.52557217,76.72712986,-0.41277636,-1.14225317,2.91264162,0.71697695,2.82277351,0.05777718,0.35205512,-0.25005634,9.67244700,0.44248121,-0.19086206,-8.58890152,4
117.37874701,31.96348826,40.52516816,35.72567798,136.23089093,40.52316816,77.10092858,-0.38632912,-1.17974817,2.89357071,0.69511629,2.80851525,0.05957247,0.32296545,-0.20521591,9.97921570,0.39294080,-0.89426614,-8.66165025,4
117.37874804,31.96348849,40.52225590,35.74769115,136.32847034,40.52025590,77.47269715,-0.35688942,-1.26211729,2.87979051,0.67439942,2.79944854,0.06343792,0.43721017,-0.10298021,10.18147493,-0.28306128,-1.11745371,-8.83307821,4
117.37874907,31.96348869,40.51911045,35.76907259,136.42619088,40.51711045,77.84247798,-0.34158328,-1.33797505,2.86803440,0.65395908,2.79230269,0.06692774,0.58158373,-0.04372611,10.23644980,-0.89866122,-1.13499585,-8.99894987,4
117.37875010,31.96348888,40.51539837,35.78982470,136.52404761,40.51339837,78.21031512,-0.36420649,-1.39165624,2.86128691,0.63417408,2.78989389,0.06919697,0.79146713,-0.10488860,9.90979083,-1.28457104,-0.65090314,-9.13906781,4
117.37875114,31.96348905,40.51152070,35.80994989,136.62203565,40.50952070,78.57625680,-0.40564447,-1.42224394,2.86090645,0.61553166,2.79355110,0.07038287,1.01590307,-0.23511923,9.40220657,-1.34913125,0.11551122,-9.23077234,4
117.37875218,31.96348921,40.50875813,35.82945050,136.72015021,40.50675813,78.94035522,-0.40665940,-1.42286874,2.87239915,0.59981018,2.80863452,0.07075163,1.09101188,-0.27840452,9.33849053,-0.73903363,0.49582433,-9.19195756,4
117.37875321,31.96348936,40.50696438,35.84832881,136.81838655,40.50496438,79.30266557,-0.37176037,-1.39709761,2.89382330,0.58656828,2.83326119,0.07038538,1.03157910,-0.24401434,9.66476616,0.40928698,0.53328093,-9.03842951,4
117.37875425,31.96348951,40.50501098,35.86658706,136.91674002,40.50301098,79.66324507,-0.33592279,-1.37253559,2.91028989,0.57241480,2.85299544,0.06992371,0.95281332,-0.20397135,9.96435012,1.05462867,0.56326425,-8.89244237,4
117.37875530,31.96348966,40.50264277,35.88422742,137.01520604,40.50064277,80.02215127,-0.29764147,-1.35110648,2.91389266,0.55589223,2.86003564,0.06921425,0.82385142,-0.14924773,10.19472051,0.39462276,0.57385702,-8.76599612,4
117.37875634,31.96348981,40.49989424,35.90125200,137.11378011,40.49789424,80.37943949,-0.26514733,-1.33507710,2.90882262,0.53779309,2.85845968,0.06843671,0.67730857,-0.10212770,10.32295972,-1.02104978,0.54077030,-8.66712970,4
117.37875738,31.96348997,40.49675018,35.91766286,137.21245776,40.49475018,80.73516157,-0.27126932,-1.33492479,2.90741035,0.52047246,2.86019854,0.06823446,0.62797784,-0.14844901,10.18796341,-1.43106405,0.35708228,-8.63618013,4
117.37875842,31.96349013,40.49324870,35.93346200,137.31123462,40.49124870,81.08936733,-0.31302897,-1.34956106,2.90927818,0.50384252,2.86489770,0.06856589,0.67070678,-0.28053173,9.81119522,-0.89160746,0.04427357,-8.67178537,4
117.37875945,31.96349028,40.48992598,35.94865138,137.41010637,40.48792598,81.44210529,-0.34547611,-1.36184344,2.90923004,0.48673089,2.86772651,0.06878877,0.71541690,-0.38494785,9.51050997,-0.36293916,-0.12532820,-8.73300561,4
117.37876050,31.96349043,40.48718842,35.96323291,137.50906874,40.48518842,81.79342099,-0.34643496,-1.36582610,2.90294211,0.46805812,2.86447832,0.06863768,0.76095617,-0.39700048,9.46417271,0.07575085,0.16461819,-8.87114341,4
117.37876154,31.96349055,40.48493367,35.97720844,137.60811753,40.48293367,82.14335519,-0.32070359,-1.36022603,2.89337809,0.44836282,2.85802821,0.06813178,0.79686564,-0.33405479,9.63029697,0.38532784,0.74101280,-9.05839171,4
117.37876259,31.96349068,40.48273322,35.99057981,137.70724861,40.48073322,82.49194390,-0.28834950,-1.33957093,2.89301734,0.42991098,2.86048206,0.06734964,0.77896993,-0.26887571,9.83356759,0.39989833,0.87558039,-9.17777493,4
117.37876364,31.96349080,40.48056775,36.00334881,137.80645789,40.47856775,82.83922106,-0.25006417,-1.30492551,2.90149764,0.41266586,2.87148227,0.06631926,0.70830292,-0.20244688,10.06640903,0.12322923,0.56748193,-9.22478873,4
117.37876469,31.96349091,40.47819863,36.01551724,137.90574135,40.47619863,83.18522198,-0.21847420,-1.27990863,2.90726643,0.39519631,2.87977958,0.06555853,0.64159636,-0.14653907,10.22109612,-0.15265343,0.18935848,-9.21296403,4
117.37876574,31.96349101,40.47517142,36.02708682,138.00509499,40.47317142,83.52998616,-0.20942504,-1.28828588,2.90274637,0.37679633,2.87786781,0.06570715,0.59713916,-0.12459646,10.11991279,-0.37330799,-0.33308523,-9.02564840,4
117.37876679,31.96349110,40.47178072,36.03805925,138.10451491,40.46978072,83.87355897,-0.22035374,-1.32495452,2.89159143,0.35798162,2.86931343,0.06675620,0.58572555,-0.13659346,9.83234453,-0.54967793,-0.87610220,-8.70756562,4
117.37876783,31.96349119,40.46931194,36.04843618,138.20399724,40.46731194,84.21599115,-0.23962262,-1.36705620,2.88980722,0.34099336,2.86974358,0.06864315,0.65322744,-0.18150978,9.66436093,-0.73039989,-0.90316397,-8.45591229,4
117.37876889,31.96349128,40.46779733,36.05821918,138.30353816,40.46579733,84.55733651,-0.26688013,-1.41417730,2.89768316,0.32588588,2.87943302,0.07136705,0.80105238,-0.25957849,9.62261874,-0.90428019,-0.39582457,-8.27709073,4
117.37876994,31.96349137,40.46633148,36.06740975,138.40313389,40.46433148,84.89764904,-0.28455354,-1.45217947,2.90545898,0.31072534,2.88898341,0.07366361,0.93198480,-0.32508164,9.62578302,-0.90152596,0.14513527,-8.16536465,4
117.37877100,31.96349145,40.46470306,36.07600934,138.50278072,40.46270306,85.23698102,-0.26282201,-1.45362771,2.90932424,0.29467903,2.89462118,0.07402729,0.96925215,-0.33063097,9.75379056,-0.22887245,0.61880925,-8.28247731,4
117.37877205,31.96349153,40.46283110,36.08401933,138.60247498,40.46083110,85.57538164,-0.20870943,-1.42214469,2.91045832,0.27786540,2.89749789,0.07264272,0.91963754,-0.28882304,9.96024472,0.85836824,0.97437841,-8.57357966,4
117.37877311,31.96349160,40.46041197,36.09144102,138.70221303,40.45841197,85.91289607,-0.16596566,-1.38558851,2.91532619,0.26109214,2.90395709,0.07095254,0.84353047,-0.27463173,10.00031137,1.01848660,1.01024086,-8.72273901,4
117.37877416,31.96349166,40.45738071,36.09827570,138.80199128,40.45538071,86.24956604,-0.13593960,-1.34335639,2.92437113,0.24436376,2.91442416,0.06892047,0.73778493,-0.29133506,9.85423999,0.14143038,0.68844610,-8.71310823,4
117.37877522,31.96349173,40.45428617,36.10452457,138.90180619,40.45228617,86.58543077,-0.11092317,-1.30829386,2.93160969,0.22747836,2.92301264,0.06720053,0.63984271,-0.30502958,9.70366135,-0.75056473,0.28750632,-8.67292636,4
117.37877627,31.96349178,40.45140459,36.11018881,139.00165424,40.44940459,86.92052614,-0.10081974,-1.31575706,2.92569706,0.20973584,2.91822245,0.06741615,0.60901171,-0.27558245,9.69468671,-0.80032143,-0.20981503,-8.61390528,4
117.37877732,31.96349183,40.44879135,36.11526957,139.10153196,40.44679135,87.25488300,-0.10566265,-1.36412948,2.90846725,0.19127176,2.90189988,0.06952580,0.64952319,-0.20740528,9.81706124,-0.11365654,-0.72698784,-8.54706684,4
117.37877837,31.96349188,40.44650420,36.11976795,139.20143588,40.44450420,87.58852683,-0.11185470,-1.40677877,2.90047007,0.17349694,2.89486118,0.07155431,0.71893952,-0.16053706,9.89311904,0.04677494,-0.82361579,-8.54040974,4
117.37877943,31.96349192,40.44462187,36.12368504,139.30136258,40.44262187,87.92148000,-0.11898817,-1.43990390,2.90493941,0.15664554,2.90036630,0.07337813,0.82172495,-0.14310933,9.90268245,-0.50820768,-0.37867815,-8.61151674,4
117.37878049,31.96349198,40.44278777,36.12702192,139.40130868,40.44078777,88.25376395,-0.12807399,-1.46414806,2.91290379,0.14000953,2.90937554,0.07479536,0.92988848,-0.14661881,9.89086909,-1.17457583,0.21835843,-8.67945072,4
117.37878155,31.96349201,40.44058387,36.12977964,139.50127081,40.43858387,88.58539911,-0.14602584,-1.45613077,2.92007040,0.12309442,2.91751493,0.07437750,1.01482870,-0.21534427,9.86882677,-1.32329091,0.78201488,-8.61029157,4
117.37878261,31.96349202,40.43797570,36.13195925,139.60124564,40.43597570,88.91640310,-0.17091499,-1.41225482,2.92677764,0.10597552,2.92508730,0.07195664,1.06021755,-0.34278178,9.83198591,-0.91650979,1.27132571,-8.40187357,4
117.37878367,31.96349204,40.43528217,36.13356179,139.70122985,40.43328217,89.24679018,-0.18199975,-1.35761675,2.93567819,0.08936804,2.93467130,0.06913448,1.01892800,-0.41281434,9.77201414,-0.45141204,1.53566938,-8.22312404,4
117.37878472,31.96349205,40.43254124,36.13458827,139.80122018,40.43054124,89.57657377,-0.17165338,-1.29412512,2.94786144,0.07354449,2.94729379,0.06610890,0.85889019,-0.38804263,9.68116126,-0.00708390,1.48642170,-8.11410195,4
117.37878577,31.96349206,40.42981801,36.13503973,139.90121338,40.42781801,89.90576899,-0.14941465,-1.23378228,2.95845462,0.05791386,2.95820941,0.06329304,0.65989567,-0.32185566,9.59578764,0.40977689,1.22798754,-8.05181004,4
117.37878683,31.96349207,40.42729176,36.13491717,140.00120621,40.42529176,90.23439170,-0.10751231,-1.20921748,2.95348604,0.04169070,2.95344093,0.06204753,0.49860756,-0.22959767,9.60520396,0.72064511,0.49034991,-8.09729532,4
117.37878790,31.96349207,40.42497512,36.13422161,140.10119547,40.42297512,90.56245428,-0.04431541,-1.23274557,2.92997036,0.02472508,2.92997036,0.06295295,0.39971995,-0.11060120,9.73612665,0.84651948,-0.76779517,-8.27500195,4
117.37878897,31.96349206,40.42247943,36.13295405,140.20117799,40.42047943,90.88996354,0.00348275,-1.28692528,2.90800951,0.00758294,2.90800951,0.06545543,0.40666495,-0.02139401,9.91116541,0.61460686,-1.66031815,-8.46561727,4
117.37879002,31.96349206,40.41953402,36.13111550,140.30115060,40.41753402,91.21692291,0.01082545,-1.37229632,2.89907446,-0.00948520,2.89907446,0.06977662,0.57782487,-0.00256607,10.10258623,-0.18662541,-1.58415402,-8.60831555,4
117.37879107,31.96349204,40.41639676,36.12870699,140.40111018,40.41439676,91.54333543,-0.00521384,-1.46754982,2.89789912,-0.02659087,2.89787306,0.07468396,0.83036821,-0.02891242,10.25471176,-1.18786218,-0.95080537,-8.71516572,4
117.37879213,31.96349201,40.41356536,36.12572956,140.50105360,40.41156536,91.86920336,-0.02755320,-1.52266362,2.90002949,-0.04412908,2.89983338,0.07730564,1.03375390,-0.09106494,10.13998882,-1.56485068,-0.18143750,-8.76951154,4
117.37879318,31.96349197,40.41120553,36.12218425,140.60097777,40.40920553,92.19452399,-0.05627951,-1.51925096,2.90736514,-0.06223261,2.90678871,0.07666928,1.16011499,-0.19413528,9.68541218,-1.08500001,0.74279652,-8.74585769,4
117.37879425,31.96349193,40.40929214,36.11807214,140.70087960,40.40729214,92.51928676,-0.07257944,-1.47908090,2.92023314,-0.08030779,2.91914256,0.07442484,1.20668802,-0.25659996,9.30650756,-0.38037549,1.50908362,-8.66473112,4
117.37879530,31.96349188,40.40792693,36.11339436,140.80075604,40.40592693,92.84347552,-0.05837713,-1.40914671,2.94039599,-0.09788450,2.93868062,0.07142310,1.14959691,-0.20373540,9.34839427,0.11658992,1.83015735,-8.52651264,4
117.37879635,31.96349183,40.40687756,36.10815207,140.90060403,40.40487756,93.16707357,-0.02616964,-1.32270566,2.96319254,-0.11508858,2.96077759,0.06798637,1.02665690,-0.09092110,9.62975700,0.44930520,1.86744132,-8.35622825,4
117.37879741,31.96349177,40.40575386,36.10234648,141.00042055,40.40375386,93.49006714,0.00441870,-1.24408905,2.97578394,-0.13185652,2.97261985,0.06466078,0.88188820,-0.03193389,9.83649060,0.54838633,1.80512370,-8.19858536,4
117.37879848,31.96349171,40.40449365,36.09597883,141.10020261,40.40249365,93.81244597,0.03196254,-1.17910185,2.97171530,-0.14790016,2.96771735,0.06154806,0.70496492,-0.06047331,9.91760798,0.27462397,1.57677061,-8.06605872,4
117.37879953,31.96349165,40.40304151,36.08905040,141.19994722,40.40104151,94.13420336,0.05468172,-1.12746487,2.96050378,-0.16352757,2.95560196,0.05880197,0.54480213,-0.12349424,9.91166011,-0.08377798,1.24703938,-7.98361435,4
117.37880058,31.96349160,40.40122713,36.08156248,141.29965140,40.39922713,94.45533803,0.06772764,-1.09493064,2.95286331,-0.17900102,2.94697688,0.05681809,0.48115981,-0.15881910,9.83519589,-0.14155667,0.86429018,-8.01114379,4
117.37880164,31.96349155,40.39912796,36.07351639,141.39931220,40.39712796,94.77585382,0.07366082,-1.07957455,2.94728032,-0.19435721,2.94035138,0.05555089,0.49288650,-0.16923793,9.71307344,0.01756735,0.42754913,-8.12451770,4
117.37880269,31.96349148,40.39699280,36.06491344,141.49892668,40.39499280,95.09575488,0.08199538,-1.08100866,2.93690509,-0.20971745,2.92896436,0.05516890,0.51085491,-0.15531605,9.65109558,0.07342193,-0.09901215,-8.24475787,4
117.37880374,31.96349139,40.39477201,36.05575495,141.59849191,40.39277201,95.41503996,0.09496153,-1.11820496,2.91670030,-0.22510236,2.90780401,0.05667431,0.54288729,-0.09164655,9.71474120,-0.08991010,-0.80282394,-8.37802597,4
117.37880479,31.96349128,40.39236794,36.04604227,141.69800499,40.39036794,95.73369966,0.10507190,-1.18128220,2.89422469,-0.24074898,2.88429242,0.05956982,0.59505617,-0.01896862,9.83716171,-0.40176613,-1.45494164,-8.50043171,4
117.37880585,31.96349117,40.38951250,36.03577679,141.79746301,40.38751250,96.05171628,0.09444165,-1.25363476,2.88631667,-0.25726667,2.87493472,0.06304028,0.68607784,-0.02880559,9.87854721,-0.73475573,-1.51695116,-8.55451250,4
117.37880690,31.96349105,40.38633876,36.02495995,141.89686312,40.38433876,96.36906718,0.06645983,-1.33121504,2.89054832,-0.27453953,2.87736952,0.06686640,0.80645232,-0.10946839,9.83921802,-1.06272436,-1.08020243,-8.55233419,4
117.37880794,31.96349093,40.38357413,36.01359323,141.99620246,40.38157413,96.68573123,0.03879838,-1.39149106,2.89423449,-0.29197609,2.87925808,0.06983412,0.90486926,-0.20101350,9.71359626,-1.23653669,-0.61815140,-8.55730878,4
117.37880899,31.96349080,40.38168094,36.00167818,142.09547821,40.37968094,97.00169301,0.01242511,-1.41515638,2.89691541,-0.30976079,2.88013665,0.07099333,0.95636439,-0.31264358,9.41619458,-1.08532023,-0.10796235,-8.57431287,4
117.37881003,31.96349068,40.38052728,35.98921637,142.19468757,40.37852728,97.31694325,-0.00460301,-1.41116689,2.90087220,-0.32781882,2.88224649,0.07089041,0.96602063,-0.39913329,9.13700059,-0.70419086,0.36435614,-8.55790844,4
117.37881109,31.96349055,40.38000000,35.97620940,142.29382774,40.37800000,97.63147913,0.00871850,-1.39303571,2.91169790,-0.34604875,2.89107689,0.07045966,0.93474872,-0.34964197,9.31905142,-0.25314734,0.59058908,-8.39462346,4
117.37881214,31.96349043,40.37997615,35.96265888,142.39289596,40.37797615,97.94530390,0.04694996,-1.36332948,2.92760940,-0.36429985,2.90486553,0.06973614,0.87044263,-0.19287647,9.86492412,0.22506095,0.60999311,-8.10898229,4
117.37881318,31.96349031,40.37977630,35.94856642,142.49188948,40.37777630,98.25842333,0.08046715,-1.33605813,2.93838032,-0.38163595,2.91349393,0.06888873,0.81661506,-0.08920837,10.23032035,0.46939037,0.63177392,-7.83288414,4
117.37881422,31.96349017,40.37917088,35.93393365,142.59080555,40.37717088,98.57084395,0.10310655,-1.31440476,2.93729581,-0.39686043,2.91022168,0.06775566,0.78695028,-0.10803262,10.17937920,0.17491146,0.65891982,-7.57906394,4
117.37881527,31.96349003,40.37837809,35.91876217,142.68964144,40.37637809,98.88257352,0.11854047,-1.29636671,2.92923482,-0.41069131,2.89995296,0.06645360,0.77078950,-0.20515398,9.86415057,-0.34153577,0.66981257,-7.38224314,4
117.37881632,31.96348990,40.37800000,35.90305362,142.78839446,40.37600000,99.19361964,0.13547715,-1.27708317,2.92667962,-0.42483776,2.89523995,0.06528016,0.74024679,-0.27283365,9.65709687,-0.18783894,0.59250453,-7.36885607,4
117.37881736,31.96348978,40.37799219,35.88680960,142.88706189,40.37599219,99.50399111,0.15511868,-1.25702251,2.92876560,-0.43925075,2.89521080,0.06424214,0.69708384,-0.30900810,9.55883430,0.56055706,0.43761004,-7.52123404,4
117.37881841,31.96348965,40.37790961,35.87003173,142.98564107,40.37590961,99.81369915,0.18752594,-1.24039220,2.92723196,-0.45345970,2.89153537,0.06337768,0.65862787,-0.30056845,9.55786011,1.15331349,0.30975599,-7.65954325,4
117.37881946,31.96348949,40.37761733,35.85272162,143.08412932,40.37561733,100.12275439,0.25574452,-1.23338267,2.91554496,-0.46709759,2.87763158,0.06300000,0.63337172,-0.16698353,9.82978403,1.30954713,0.25774013,-7.75840132,4
117.37882050,31.96348933,40.37691668,35.83488087,143.18252398,40.37491668,100.43116708,0.33807705,-1.23379154,2.89829181,-0.48059605,2.85804230,0.06300000,0.62148378,0.01952434,10.25547690,1.01936052,0.23710267,-7.81641283,4
117.37882153,31.96348915,40.37511332,35.81651107,143.28082240,40.37311332,100.73894985,0.35905054,-1.23399341,2.89141327,-0.49545853,2.84855295,0.06300000,0.62363042,0.00776394,10.42101421,0.24556782,0.09319394,-7.82847569,4
117.37882258,31.96348897,40.37228081,35.79761382,143.37902196,40.37028081,101.04611849,0.32275894,-1.23509958,2.89384904,-0.51151704,2.84812985,0.06302726,0.63865111,-0.18575081,10.32904436,-0.92385064,-0.16937754,-7.79749075,4
117.37882361,31.96348878,40.36951139,35.77819068,143.47712002,40.36751139,101.35269114,0.28995303,-1.24586348,2.89246115,-0.52681706,2.84397253,0.06329414,0.65090286,-0.33910487,10.12254745,-1.57584928,-0.45667578,-7.76766762,4
117.37882464,31.96348859,40.36700874,35.75824320,143.57511396,40.36500874,101.65868678,0.27180034,-1.28226265,2.88009534,-0.53999893,2.82909481,0.06420125,0.65478101,-0.36861211,9.63665333,-0.81710377,-0.79693614,-7.74502027,4
117.37882567,31.96348841,40.36496635,35.73777292,143.67300119,40.36296635,101.96412538,0.27320368,-1.33510319,2.86248209,-0.55217430,2.80901234,0.06572546,0.66018377,-0.29247994,9.07959489,0.73542826,-1.07186988,-7.73658342,4
117.37882670,31.96348820,40.36400000,35.71678133,143.77077910,40.36200000,102.26903025,0.30986730,-1.37558809,2.85763232,-0.56683815,2.80105881,0.06780146,0.69835260,-0.16684644,9.10731340,1.14542221,-0.90756898,-7.76472028,4
117.37882773,31.96348799,40.36395675,35.69526990,143.86844510,40.36195675,102.57342937,0.37660606,-1.40379974,2.86404952,-0.58370545,2.80381797,0.07027700,0.76484133,-0.00924693,9.63957083,0.54800312,-0.36833692,-7.82160526,4
117.37882876,31.96348779,40.36362164,35.67324008,143.96599662,40.36162164,102.87735233,0.43259733,-1.42406126,2.86914733,-0.60035736,2.80536380,0.07210435,0.82385311,0.06404866,10.03256033,0.07653837,0.03902630,-7.85083271,4
117.37882979,31.96348758,40.36266261,35.65069326,144.06343108,40.36066261,103.18082420,0.46560706,-1.42739633,2.87154502,-0.61656396,2.80442696,0.07255672,0.86532264,-0.03750910,10.13220941,-0.12846714,0.16659690,-7.82140926,4
117.37883081,31.96348737,40.36123779,35.62763081,144.16074592,40.35923779,103.48386355,0.48138900,-1.41896308,2.87343914,-0.63262993,2.80303243,0.07211771,0.87413468,-0.20219611,10.06790231,-0.16975183,0.11182840,-7.75415650,4
117.37883184,31.96348716,40.35962288,35.60405407,144.25793859,40.35762288,103.78648684,0.48992796,-1.40836018,2.87971186,-0.64922033,2.80568220,0.07172458,0.81032632,-0.18830514,10.10354233,-0.25096183,0.06312290,-7.68952544,4
117.37883288,31.96348696,40.35784773,35.57996440,144.35500654,40.35584773,104.08871224,0.49231081,-1.39683655,2.88882570,-0.66606780,2.81091496,0.07138032,0.69077253,-0.03638622,10.21164230,-0.37109942,0.01762786,-7.63094352,4
117.37883391,31.96348675,40.35606372,35.55536310,144.45194725,40.35406372,104.39055905,0.49399226,-1.39154368,2.89222235,-0.68164788,2.81058009,0.07110943,0.60589248,0.03689000,10.24230739,-0.52990435,-0.04082105,-7.59926825,4
117.37883493,31.96348653,40.35426662,35.53025146,144.54875820,40.35226662,104.69205104,0.49387990,-1.39988721,2.88322162,-0.69448111,2.79817033,0.07100311,0.59728819,-0.06099275,10.10375436,-0.76847139,-0.12601421,-7.62645714,4
117.37883594,31.96348629,40.35255437,35.50463074,144.64543686,40.35055437,104.99321011,0.48881337,-1.41636211,2.86855487,-0.70609782,2.78021008,0.07105477,0.63995607,-0.24656974,9.86806486,-0.98177435,-0.20311422,-7.68839165,4
117.37883696,31.96348606,40.35117920,35.47850218,144.74198073,40.34917920,105.29406919,0.47029128,-1.42883997,2.86373600,-0.72003836,2.77172640,0.07127360,0.68109590,-0.33026400,9.69553309,-0.90960078,-0.18585465,-7.73179353,4
117.37883798,31.96348583,40.35009888,35.45186694,144.83838729,40.34809888,105.59473599,0.44255646,-1.43801539,2.86694587,-0.73587800,2.77094970,0.07163879,0.71797444,-0.32272562,9.58087199,-0.59617331,-0.09810633,-7.76123957,4
117.37883901,31.96348559,40.34905774,35.42472595,144.93465388,40.34705774,105.89536609,0.43002019,-1.44799606,2.86746191,-0.75110960,2.76745640,0.07202420,0.73550686,-0.28951922,9.49075506,-0.30509418,-0.07837789,-7.80330788,4
117.37884001,31.96348534,40.34808170,35.39707990,145.03077774,40.34608170,106.19611328,0.44873769,-1.45963505,2.86266432,-0.76514386,2.75859515,0.07246366,0.71501118,-0.20518878,9.45558137,-0.06249666,-0.19197909,-7.86898390,4
117.37884102,31.96348508,40.34697487,35.36892926,145.12675597,40.34497487,106.49697108,0.48681755,-1.47232236,2.85707823,-0.77901500,2.74883070,0.07307439,0.69039219,-0.10759268,9.50401810,0.12193523,-0.31566663,-7.92324189,4
117.37884203,31.96348481,40.34529757,35.34027477,145.22258588,40.34329757,106.79765856,0.52210390,-1.48493083,2.86022840,-0.79490316,2.74753981,0.07413495,0.73331169,-0.07530802,9.71113240,0.21787550,-0.18813750,-7.88944608,4
117.37884304,31.96348454,40.34315908,35.31111776,145.31826519,40.34115908,107.09803411,0.55324133,-1.49663855,2.86996861,-0.81227951,2.75264141,0.07547253,0.82576020,-0.09354149,10.02385197,0.20044153,0.13513562,-7.78571578,4
117.37884405,31.96348427,40.34109694,35.28145941,145.41379155,40.33909694,107.39815992,0.57250749,-1.50293638,2.87548223,-0.82846199,2.75364834,0.07618896,0.87635583,-0.08828969,10.16856723,-0.07601176,0.37728318,-7.70184551,4
117.37884506,31.96348399,40.33921708,35.25130086,145.50916264,40.33721708,107.69806642,0.56724968,-1.49848903,2.87255452,-0.84225663,2.74647046,0.07566392,0.84255205,-0.03853222,9.97656695,-0.85346252,0.45055818,-7.65845704,4
117.37884606,31.96348371,40.33775355,35.22064320,145.60437611,40.33575355,107.99779267,0.54195839,-1.48997107,2.86590126,-0.85496393,2.73560039,0.07458049,0.76232904,0.00375622,9.62261549,-1.66778713,0.37191842,-7.64215512,4
117.37884707,31.96348344,40.33728226,35.18948747,145.69942962,40.33528226,108.29737787,0.50235431,-1.49077428,2.86482262,-0.86913726,2.72987095,0.07428226,0.70746740,-0.07315503,9.44683037,-1.54095033,0.14846422,-7.62966120,4
117.37884808,31.96348316,40.33764372,35.15783464,145.79432081,40.33564372,108.59686617,0.45600388,-1.50051827,2.86767823,-0.88433945,2.72774351,0.07469020,0.67361364,-0.23679610,9.42692358,-0.62238567,-0.18705835,-7.62532849,4
117.37884907,31.96348287,40.33802704,35.12568562,145.88904731,40.33602704,108.89630838,0.44364036,-1.51774892,2.86580801,-0.89826110,2.72108892,0.07542269,0.63851365,-0.31635726,9.45229871,0.32890033,-0.46408386,-7.65342339,4
117.37885007,31.96348258,40.33843241,35.09304122,145.98360670,40.33643241,109.19576253,0.49990897,-1.55011332,2.85465587,-0.90967810,2.70553479,0.07682567,0.60393300,-0.22452085,9.57366982,1.30419854,-0.61542561,-7.74430301,4
117.37885107,31.96348228,40.33862874,35.05990220,146.07799655,40.33662874,109.49529373,0.59039130,-1.59018439,2.84148467,-0.92066337,2.68796197,0.07871386,0.59991580,-0.03119188,9.78840447,1.87178138,-0.62875435,-7.83954771,4
117.37885206,31.96348198,40.33811741,35.02626917,146.17221439,40.33611741,109.79497533,0.64859498,-1.62365303,2.84094327,-0.93541556,2.68223615,0.08076518,0.69168334,0.13238256,10.10220176,1.09818903,-0.46240376,-7.81991691,4
117.37885305,31.96348167,40.33701412,34.99214267,146.26625769,40.33501412,110.09489073,0.67431803,-1.64919336,2.85052342,-0.95317851,2.68600564,0.08276942,0.85309167,0.24792590,10.45327229,-0.68946110,-0.14244756,-7.70901889,4
117.37885404,31.96348135,40.33584721,34.95752307,146.36012385,40.33384721,110.39513289,0.66428445,-1.65971600,2.85858103,-0.97043677,2.68835437,0.08368795,0.96024803,0.22204589,10.53988131,-1.95104288,0.21343079,-7.61673498,4
117.37885504,31.96348103,40.33460138,34.92241063,146.45381024,40.33260138,110.69580000,0.59083136,-1.64224851,2.86394896,-0.98679311,2.68819000,0.08260756,0.96643136,-0.05145563,10.15227801,-2.22908903,0.62496519,-7.56127948,4
117.37885602,31.96348071,40.33363117,34.88680544,146.54731413,40.33163117,110.99699019,0.50116708,-1.60579806,2.86872858,-1.00286973,2.68744449,0.08037668,0.90535928,-0.36015781,9.59851803,-1.81530223,0.98049827,-7.54851775,4
117.37885702,31.96348039,40.33359881,34.85070747,146.64063271,40.33159881,111.29879918,0.47246719,-1.56178411,2.87638330,-1.01967077,2.68929344,0.07820358,0.82057418,-0.34894441,9.36965288,-1.06351439,1.07787955,-7.59733596,4
117.37885800,31.96348007,40.33433154,34.81411652,146.73376311,40.33233154,111.60132203,0.49272539,-1.51325965,2.88529519,-1.03671684,2.69223474,0.07613835,0.72290341,-0.09908081,9.41296546,-0.10595331,0.95903462,-7.69761304,4
117.37885898,31.96347974,40.33521151,34.77703230,146.82670238,40.33321151,111.90465530,0.51770648,-1.47389628,2.88787133,-1.05172035,2.68919562,0.07446076,0.66178979,0.06168634,9.55171457,0.46834359,0.76458979,-7.81518077,4
117.37885996,31.96347941,40.33634558,34.73945436,146.91944747,40.33434558,112.20889807,0.55115740,-1.45263419,2.87837826,-1.06285981,2.67474894,0.07354651,0.67148536,0.04908949,9.86842623,0.29900286,0.42917062,-7.96600487,4
117.37886093,31.96347907,40.33729512,34.70138212,147.01199524,40.33529512,112.51415261,0.58214806,-1.44476668,2.86450620,-1.07287017,2.65600730,0.07317122,0.71915096,-0.06460282,10.20941405,-0.28219711,0.07455674,-8.13215484,4
117.37886191,31.96347873,40.33714394,34.66281485,147.10434245,40.33514394,112.82052496,0.58830054,-1.44370958,2.86070958,-1.08698227,2.64628789,0.07300000,0.74713128,-0.15621192,10.27245753,-0.69871894,-0.05976530,-8.28100721,4
117.37886289,31.96347837,40.33609113,34.62375167,147.19648575,40.33409113,113.12812587,0.57377911,-1.44869736,2.86483554,-1.10433249,2.64362367,0.07300000,0.75892519,-0.22512194,10.09239338,-0.94311686,-0.02132718,-8.41000734,4
117.37886387,31.96347801,40.33517768,34.58419157,147.28842169,40.33317768,113.43707243,0.56031528,-1.45579153,2.86557958,-1.12038898,2.63768094,0.07300000,0.77282372,-0.26748086,9.84925780,-0.97132316,-0.05977055,-8.50502109,4
117.37886484,31.96347765,40.33456642,34.54413336,147.38014669,40.33256642,113.74748966,0.55043026,-1.46710577,2.85983703,-1.13396365,2.62543708,0.07302577,0.79157323,-0.25513236,9.49414237,-0.56920190,-0.24317744,-8.53240552,4
117.37886580,31.96347729,40.33436606,34.50357567,147.47165703,40.33236606,114.05951052,0.55716447,-1.48096225,2.85303592,-1.14711467,2.61203791,0.07332210,0.81951791,-0.19473608,9.21392387,0.06506187,-0.42438522,-8.52342878,4
117.37886675,31.96347692,40.33485698,34.46251697,147.56294887,40.33285698,114.37327495,0.60955767,-1.49428377,2.85614112,-1.16399697,2.60785661,0.07442830,0.86684751,-0.09316349,9.40176902,0.55837180,-0.30177159,-8.53699507,4
117.37886770,31.96347653,40.33587624,34.42095552,147.65401819,40.33387624,114.68892907,0.69681801,-1.50653082,2.86681761,-1.18373192,2.61072002,0.07612178,0.92358495,0.03245965,9.95784022,0.84997886,0.04835520,-8.57169409,4
117.37886865,31.96347613,40.33655471,34.37888940,147.74486084,40.33455471,115.00662344,0.76136874,-1.51478957,2.87260971,-1.20162943,2.60903744,0.07721351,0.93623176,0.09039121,10.35008478,0.61103935,0.21870315,-8.62019552,4
117.37886960,31.96347575,40.33655734,34.33631646,147.83547247,40.33455734,115.32650889,0.77975860,-1.51632896,2.86866049,-1.21586279,2.59827851,0.07715691,0.86234934,0.01505634,10.40658804,-0.64349920,0.02425113,-8.69529241,4
117.37887056,31.96347535,40.33623876,34.29323441,147.92584859,40.33423876,115.64873146,0.76511564,-1.52640013,2.85953907,-1.22815270,2.58260385,0.07699818,0.75628833,-0.11402166,10.19652289,-2.02059957,-0.42516078,-8.77537142,4
117.37887151,31.96347495,40.33628760,34.24964073,148.01598452,40.33428760,115.97343050,0.74025376,-1.57744737,2.85398684,-1.24179135,2.56994736,0.07887594,0.72574624,-0.14010902,9.82838159,-1.69924063,-0.93593420,-8.81661466,4
117.37887245,31.96347455,40.33666902,34.20553278,148.10587542,40.33466902,116.30074214,0.71160592,-1.66080205,2.85159122,-1.25662394,2.55995331,0.08241585,0.76482013,-0.07257405,9.37207562,-0.02844081,-1.41787398,-8.82346691,4
117.37887339,31.96347415,40.33718013,34.16090773,148.19551626,40.33518013,116.63080394,0.71328803,-1.72890193,2.84999198,-1.27176737,2.55058863,0.08554839,0.83832023,0.03372725,9.20109982,1.07364170,-1.39748066,-8.82137292,4
117.37887434,31.96347375,40.33785170,34.11576260,148.28490184,40.33585170,116.96375589,0.77108460,-1.76556754,2.85037853,-1.28771199,2.54284253,0.08779851,0.97369668,0.20492434,9.56735257,1.06588440,-0.43794257,-8.79988915,4
117.37887528,31.96347333,40.33791453,34.07009427,148.37402676,40.33591453,117.29973855,0.84115319,-1.76930483,2.85535037,-1.30565223,2.53913535,0.08881053,1.10784062,0.33494618,10.12678958,0.34779790,0.80604801,-8.75118002,4
117.37887621,31.96347291,40.33596828,34.02389944,148.46288544,40.33396828,117.63889185,0.84658766,-1.73542906,2.86979666,-1.32782837,2.54400467,0.08787779,1.12888149,0.23334031,10.28190289,-0.41686521,1.19233564,-8.65967716,4
117.37887713,31.96347249,40.33248529,33.97717467,148.55147210,40.33048529,117.98135527,0.80136109,-1.67275260,2.89046936,-1.35273484,2.55451733,0.08538382,1.05759335,-0.03159079,10.09503141,-1.13965650,0.91827119,-8.53322938,4
117.37887806,31.96347207,40.32941039,33.92991637,148.63978074,40.32741039,118.32726795,0.76176118,-1.61752899,2.90295481,-1.37365304,2.55766192,0.08283267,0.97358478,-0.16450419,9.78950960,-1.37741423,0.79205668,-8.40189987,4
117.37887899,31.96347164,40.32717109,33.88212082,148.72780517,40.32517109,118.67676806,0.73486625,-1.57613965,2.90002144,-1.38705556,2.54692870,0.08018969,0.86593228,-0.05225166,9.28547677,-0.71097658,0.93480446,-8.26784144,4
117.37887992,31.96347121,40.32589122,33.83378415,148.81553899,40.32389122,119.02999260,0.73129348,-1.54010727,2.88938330,-1.39664411,2.52925794,0.07763184,0.74911598,0.15464117,8.88318422,0.33228463,1.13570228,-8.18452314,4
117.37888084,31.96347078,40.32590953,33.78490236,148.90297559,40.32390953,119.38707879,0.77278895,-1.49503964,2.88378730,-1.40852065,2.51611745,0.07548412,0.64772215,0.20054120,9.12852281,0.86234611,1.02752194,-8.25319856,4
117.37888177,31.96347035,40.32691165,33.73547135,148.99010814,40.32491165,119.74816627,0.84894809,-1.44639743,2.88135386,-1.42184023,2.50579943,0.07378811,0.56246810,0.11872430,9.87148115,0.91903122,0.64560427,-8.44305656,4
117.37888269,31.96346989,40.32741194,33.68548685,149.07692959,40.32541194,120.11339843,0.91072506,-1.42077732,2.87304163,-1.43253957,2.49008571,0.07277440,0.49782056,0.06506104,10.40479995,0.67011617,0.14741127,-8.60994208,4
117.37888359,31.96346943,40.32703814,33.63494449,149.16343263,40.32503814,120.48292124,0.94475443,-1.43697445,2.85493951,-1.43891302,2.46535149,0.07302203,0.47490433,0.06042532,10.54507082,-0.09172878,-0.52412762,-8.73497880,4
117.37888450,31.96346897,40.32639824,33.58383977,149.24960976,40.32439824,120.85687967,0.95194878,-1.47759464,2.83692966,-1.44558866,2.44045558,0.07415029,0.50448293,0.07064513,10.37555919,-0.87744804,-1.04931511,-8.83471608,4
117.37888539,31.96346850,40.32633654,33.53216807,149.33545319,40.32433654,121.23542340,0.93164417,-1.51971162,2.83305770,-1.45916350,2.42797114,0.07568270,0.60568296,0.04825953,9.99192214,-0.99401857,-0.96328753,-8.93081747,4
117.37888628,31.96346802,40.32675546,33.47992464,149.42095488,40.32475546,121.61868542,0.89447607,-1.56002638,2.83926511,-1.47771924,2.42427231,0.07739640,0.75826555,0.00924507,9.49785521,-0.62858448,-0.44084391,-9.03968868,4
117.37888717,31.96346754,40.32746993,33.42710465,149.50610661,40.32546993,122.00686569,0.87691346,-1.58400790,2.84330507,-1.49557122,2.41831456,0.07844860,0.90170646,0.01238300,9.27366284,-0.33793485,-0.00832205,-9.23542560,4
117.37888805,31.96346705,40.32857561,33.37370305,149.59089963,40.32657561,122.40039032,0.89000422,-1.58137384,2.84452569,-1.51266936,2.40924657,0.07843879,1.02270881,0.07816565,9.46701847,-0.17885092,0.27189584,-9.56068519,4
117.37888892,31.96346655,40.32939282,33.31971430,149.67532418,40.32739282,122.79948848,0.91345940,-1.56334647,2.84816264,-1.53154708,2.40163080,0.07790502,1.08776240,0.14578180,9.77546587,-0.15115111,0.43093163,-9.89220865,4
117.37888980,31.96346606,40.32925544,33.26513301,149.75937067,40.32725544,123.20418189,0.93040201,-1.53772863,2.85938024,-1.55480403,2.39986139,0.07725544,1.05741957,0.16001381,9.94115664,-0.27548375,0.47803559,-10.11852518,4
117.37889067,31.96346556,40.32854945,33.20995373,149.84302920,40.32654945,123.61459542,0.94125437,-1.50881406,2.87374285,-1.57996559,2.40036818,0.07652403,0.97599650,0.14263374,9.99530986,-0.50294326,0.45361214,-10.27798360,4
117.37889154,31.96346506,40.32792430,33.15417099,149.92628965,40.32592430,124.03083533,0.94023331,-1.48743362,2.87976201,-1.60078967,2.39360843,0.07573075,0.93491550,0.13081168,9.91263526,-0.78801893,0.41137928,-10.42267764,4
117.37889242,31.96346455,40.32749855,33.09777932,150.00914169,40.32549855,124.45301122,0.92303388,-1.47656030,2.87397574,-1.61552603,2.37650703,0.07483703,0.95045854,0.12854631,9.64281254,-1.10924552,0.34605567,-10.55438242,4
117.37889330,31.96346404,40.32759191,33.04077319,150.09157472,40.32559191,124.88123278,0.91097616,-1.46393615,2.86908777,-1.63102498,2.35982366,0.07387060,0.95882939,0.13618757,9.42788147,-1.14256891,0.29576617,-10.73660683,4
117.37889416,31.96346353,40.32855903,32.98314709,150.17357789,40.32655903,125.31561497,0.91982637,-1.44081947,2.87391319,-1.65211370,2.35093317,0.07283073,0.91504866,0.15662150,9.44590268,-0.59224539,0.29026735,-11.02572545,4
117.37889503,31.96346303,40.32999487,32.92489549,150.25514012,40.32799487,125.75627834,0.94270901,-1.41603164,2.88248432,-1.67544326,2.34493365,0.07191330,0.85004310,0.17915708,9.59941102,0.21863866,0.25726998,-11.36592022,4
117.37889588,31.96346252,40.33141089,32.86601284,150.33625003,40.32941089,126.20334699,0.98154179,-1.41456713,2.88228190,-1.69423516,2.33121973,0.07194122,0.82562948,0.17362511,9.80885090,0.70965263,-0.07746024,-11.66724683,4
117.37889672,31.96346199,40.33274030,32.80649359,150.41689597,40.33074030,126.65694597,1.04145953,-1.44839686,2.87006342,-1.70687666,2.30683803,0.07342582,0.86530665,0.12884483,10.07956828,0.68746202,-0.80354205,-11.89779822,4
117.37889755,31.96346145,40.33369708,32.74633217,150.49706602,40.33169708,127.11719981,1.08861509,-1.49219183,2.86216261,-1.72213791,2.28561600,0.07548145,0.93940409,0.09271670,10.22443867,0.34143617,-1.24061974,-12.03484863,4
117.37889839,31.96346091,40.33400000,32.68552303,150.57674796,40.33200000,127.58423181,1.10130357,-1.53692862,2.86837501,-1.74539288,2.27566071,0.07787500,1.04576797,0.09248216,10.10299977,-0.35317937,-0.94032084,-12.03242851,4
117.37889923,31.96346036,40.33402555,32.62406065,150.65592925,40.33202555,128.05816373,1.09670014,-1.57810447,2.88059430,-1.77205058,2.27044766,0.08020644,1.15881700,0.10114151,9.86594705,-1.11820445,-0.32290336,-11.97015202,4
117.37890005,31.96345981,40.33420997,32.56193955,150.73459705,40.33220997,128.53911773,1.08386098,-1.59438724,2.88950040,-1.79681906,2.26227090,0.08117621,1.22038858,0.06169134,9.67731907,-1.31617095,0.14179503,-11.93749511,4
117.37890088,31.96345924,40.33465874,32.49915428,150.81273821,40.33265874,129.02721951,1.06061778,-1.57248671,2.89403344,-1.81910126,2.25011800,0.08008410,1.20051035,-0.04215058,9.57390237,-0.71399978,0.37675735,-11.95514510,4
117.37890169,31.96345868,40.33531637,32.43569947,150.89033922,40.33331637,129.52260025,1.04876813,-1.53971106,2.90190353,-1.84335966,2.24049693,0.07857789,1.14141007,-0.10375225,9.56509995,-0.33321725,0.57588649,-12.01855069,4
117.37890250,31.96345811,40.33627858,32.37156981,150.96738623,40.33427858,130.02539776,1.06001447,-1.49744719,2.91688350,-1.87180028,2.23644284,0.07686903,1.03340597,-0.07298989,9.70330891,-0.55725167,0.77084943,-12.15067289,4
117.37890331,31.96345754,40.33731503,32.30676003,151.04386501,40.33531503,130.53575900,1.07725274,-1.45324070,2.93247958,-1.90056528,2.23281260,0.07511062,0.91065339,-0.01236285,9.87537157,-0.96126806,0.92549993,-12.30724811,4
117.37890411,31.96345696,40.33814233,32.24126495,151.11976094,40.33614233,131.05384101,1.08105900,-1.41806358,2.93557332,-1.92173079,2.21898244,0.07348948,0.80222855,0.03477903,9.93275916,-1.17078758,0.81522736,-12.46910412,4
117.37890491,31.96345638,40.33871874,32.17507944,151.19505901,40.33671874,131.57980708,1.06499178,-1.39907645,2.91975373,-1.93143048,2.18962743,0.07219562,0.72415842,0.05702782,9.81664205,-1.05333720,0.29785171,-12.64713542,4
117.37890570,31.96345579,40.33985673,32.10819848,151.26974375,40.33785673,132.11382297,1.05722144,-1.39551948,2.90858171,-1.94415226,2.16338827,0.07173878,0.70519090,0.05095491,9.74291622,-0.76553369,-0.16766210,-12.88357569,4
117.37890649,31.96345521,40.34207984,32.04061711,151.34379926,40.34007984,132.65605617,1.06868197,-1.41719521,2.90971858,-1.96471827,2.14595961,0.07275978,0.78915011,-0.00236989,9.78168587,-0.22854171,-0.45692175,-13.22451813,4
117.37890728,31.96345462,40.34460816,31.97233054,151.41720919,40.34260816,133.20667493,1.08670512,-1.44509355,2.91403236,-1.98738486,2.13069347,0.07416353,0.90169605,-0.06037647,9.85642354,0.32993528,-0.64537388,-13.58824996,4
117.37890805,31.96345402,40.34705880,31.90333410,151.48995670,40.34505880,133.76584806,1.11215255,-1.46454112,2.91530592,-2.00868216,2.11241200,0.07521176,1.00417559,-0.04946009,9.95616327,0.50039300,-0.45590240,-13.89413902,4
117.37890881,31.96345340,40.34933491,31.83362329,151.56202447,40.34733491,134.33374743,1.14837158,-1.46742975,2.91263731,-2.02843290,2.08991457,0.07554039,1.08508202,0.06477643,10.08418212,0.05506393,0.32473690,-14.09986886,4
117.37890956,31.96345276,40.35122106,31.76319382,151.63339466,40.34922106,134.91054813,1.17277840,-1.44775868,2.91876805,-2.05411389,2.07353247,0.07472756,1.12375417,0.09679533,10.10528591,-0.21354301,0.86177657,-14.26227922,4
117.37891030,31.96345212,40.35239052,31.69204162,151.70404891,40.35039052,135.49642703,1.17560313,-1.38681819,2.94090870,-2.09058012,2.06827250,0.07182704,1.08470747,-0.02090850,9.93178711,-0.15925995,0.95147632,-14.34547159,4
117.37891103,31.96345149,40.35341990,31.62016286,151.77396833,40.35141990,136.09156434,1.17666953,-1.32140682,2.96303605,-2.12697718,2.06288575,0.06870911,1.02817269,-0.14102302,9.75704919,-0.07852600,0.95945720,-14.42093209,4
117.37891176,31.96345086,40.35422918,31.54755398,151.84313346,40.35222918,136.69614242,1.18577121,-1.26468676,2.97135394,-2.15372937,2.04718695,0.06608330,0.93391402,-0.14705951,9.74187906,-0.11706640,0.86366220,-14.51831477,4
117.37891249,31.96345020,40.35470066,31.47421172,151.91152428,40.35270066,137.31034311,1.20668030,-1.22489181,2.95812094,-2.16542383,2.01534934,0.06437106,0.78408617,0.01910488,9.96894933,-0.33443236,0.57106231,-14.65538606,4
117.37891321,31.96344956,40.35525811,31.40013318,151.97912019,40.35325811,137.93434837,1.21912667,-1.21762166,2.94679413,-2.17834137,1.98452612,0.06405152,0.67274806,0.11111395,10.10603234,-0.46197381,-0.05528832,-14.84393334,4
117.37891394,31.96344891,40.35598102,31.32531581,152.04590001,40.35398102,138.56833937,1.21491854,-1.27428363,2.93903519,-2.19354885,1.95556086,0.06647398,0.63891107,0.05990950,10.06712405,-0.42138013,-1.31683470,-15.13149011,4
117.37891466,31.96344824,40.35669139,31.24975748,152.11184195,40.35469139,139.21249490,1.20676209,-1.34500818,2.92963496,-2.20768360,1.92519466,0.06956051,0.64742305,0.01186234,10.00149049,-0.45859018,-2.43285524,-15.41088214,4
117.37891535,31.96344757,40.35731137,31.17345653,152.17692364,40.35531137,139.86699109,1.18756147,-1.45345280,2.91296359,-2.21707871,1.88891324,0.07451160,0.80416273,0.01565912,9.87832274,-0.84595011,-2.77704615,-15.62928028,4
117.37891604,31.96344689,40.35793007,31.09641176,152.24112211,40.35593007,140.53200081,1.15741232,-1.59530181,2.89217353,-2.22420738,1.84842961,0.08121239,1.13138907,0.06496644,9.69366209,-1.50774587,-2.11543182,-15.77596918,4
117.37891671,31.96344621,40.35908294,31.01862251,152.30441378,40.35708294,141.20769300,1.14043318,-1.67301845,2.89492616,-2.24872336,1.82296776,0.08521659,1.39509623,0.02400050,9.55611544,-1.40170395,-1.21751986,-15.94167683,4
117.37891737,31.96344551,40.36094165,30.94008872,152.36677450,40.35894165,141.89423107,1.14249970,-1.66336716,2.92895360,-2.29632435,1.81744486,0.08553418,1.56728439,-0.13314705,9.48829534,-0.28168662,-0.02007210,-16.13135701,4
117.37891804,31.96344482,40.36263023,30.86081091,152.42817954,40.36063023,142.59177103,1.16192755,-1.63999096,2.95757429,-2.33980783,1.80820237,0.08510425,1.66055759,-0.22035127,9.50341921,0.58240983,0.93552726,-16.29996356,4
117.37891870,31.96344411,40.36384884,30.78079028,152.48860361,40.36184884,143.30046009,1.22832919,-1.57935958,2.97124786,-2.37187069,1.78870673,0.08263779,1.53674455,-0.11791298,9.74229758,0.73601343,1.21633511,-16.41002014,4
117.37891934,31.96344340,40.36480653,30.70002874,152.54802087,40.36280653,144.02043718,1.31054224,-1.50443156,2.97609125,-2.39701398,1.76311207,0.07930155,1.29411851,0.05127955,10.04629828,0.42256117,1.01099864,-16.48247112,4
117.37891998,31.96344269,40.36583682,30.61852894,152.60640497,40.36383682,144.75183498,1.35078940,-1.45686892,2.98146304,-2.42196790,1.73775315,0.07716318,1.09112986,0.06097640,10.11607124,-0.02507761,0.53467286,-16.54679353,4
117.37892063,31.96344198,40.36693746,30.53629433,152.66372905,40.36493746,145.49477995,1.35450956,-1.43457026,2.98646896,-2.44610304,1.71206181,0.07611387,0.92702934,-0.06654585,9.98378912,-0.56636580,-0.16772794,-16.60839837,4
117.37892126,31.96344125,40.36812584,30.45332914,152.71996581,40.36612584,146.24938875,1.35916055,-1.42962891,2.98119654,-2.46211890,1.67967110,0.07561522,0.81655562,-0.17061495,9.87923226,-0.81705253,-0.74259277,-16.72438906,4
117.37892187,31.96344051,40.36955461,30.36963848,152.77508750,40.36755461,147.01576509,1.36713533,-1.46896011,2.95036174,-2.45793121,1.63056589,0.07654746,0.84569818,-0.21226373,9.84550705,-0.33164510,-0.98008206,-16.97477215,4
117.37892247,31.96343977,40.37125591,30.28522836,152.82906598,40.36925591,147.79399984,1.38692075,-1.52012842,2.92004154,-2.45432989,1.58073577,0.07815798,0.94308130,-0.20900866,9.83055320,0.28939843,-0.99761262,-17.21364903,4
117.37892308,31.96343902,40.37341922,30.20010568,152.88187279,40.37141922,148.58416689,1.43439889,-1.55453029,2.91881987,-2.47419194,1.54712401,0.08000880,1.06981462,-0.15439772,9.78928200,0.46901153,-0.79625355,-17.27596169,4
117.37892365,31.96343826,40.37575047,30.11427834,152.93347917,40.37375047,149.38632849,1.49106839,-1.58019805,2.92799484,-2.50237868,1.51922927,0.08180898,1.20137680,-0.08367416,9.75093927,0.43759239,-0.49833200,-17.27167387,4
117.37892421,31.96343750,40.37796396,30.02775520,152.98385610,40.37596396,150.20052290,1.53635797,-1.59400689,2.92979789,-2.52420950,1.48689093,0.08274267,1.29218710,-0.03983704,9.78886695,0.21888220,-0.15157238,-17.29269910,4
117.37892473,31.96343674,40.37986309,29.94054617,153.03297442,40.37786309,151.02669910,1.56160836,-1.58352419,2.92088503,-2.53646551,1.44829518,0.08201680,1.30990501,-0.04947354,9.93707620,-0.24710464,0.28359568,-17.35765926,4
117.37892525,31.96343598,40.38117981,29.85266242,153.08080498,40.37917981,151.73968976,1.58452985,-1.54877964,2.92270966,-2.55690200,1.41585187,0.08020191,1.30809800,-0.10401183,9.97327851,-0.30352744,0.76775994,-17.42953576,4
117.37892573,31.96343524,40.38154773,29.76432878,153.12770031,40.37954773,152.43897584,1.60402949,-1.47262070,2.94257721,-2.59148625,1.39304098,0.07652274,1.27351375,-0.23499049,9.82243231,0.32561162,1.34428678,-17.51452473,4
117.37892622,31.96343448,40.38200372,29.67546735,153.17328690,40.38000372,153.24977225,1.63470859,-1.39241976,2.95438280,-2.61913233,1.36593494,0.07257975,1.19500778,-0.31404104,9.71848419,0.84186758,1.77477308,-17.58455774,4
117.37892672,31.96343369,40.38282838,29.58609002,153.21754093,40.38082838,154.07198867,1.71138693,-1.29355529,2.93401424,-2.61960333,1.32070557,0.06745663,0.93701654,-0.18594228,9.80066260,0.91794305,1.62880228,-17.59631906,4
117.37892719,31.96343289,40.38384382,29.49620865,153.26043857,40.38184382,154.90585945,1.79580262,-1.21510001,2.89566533,-2.60415140,1.26616014,0.06309515,0.63014069,0.00962117,9.96376544,0.59158168,0.86122690,-17.51893428,4
117.37892765,31.96343208,40.38473499,29.40583513,153.30195601,40.38273499,155.75160772,1.80286159,-1.24983950,2.86751846,-2.59605576,1.21756267,0.06402110,0.55911053,-0.04013667,9.97911604,-0.14665098,-0.81746502,-17.25394292,4
117.37892811,31.96343127,40.38567167,29.31498132,153.34206942,40.38367167,156.60944417,1.78054251,-1.34212099,2.84150239,-2.58906828,1.17034466,0.06760942,0.61565283,-0.18514907,9.91710011,-0.90893205,-2.66122803,-16.94116663,4
117.37892855,31.96343044,40.38720074,29.22365911,153.38075496,40.38520074,157.47956569,1.78618248,-1.48046295,2.80081272,-2.56870770,1.11572355,0.07319460,0.80931141,-0.25068033,9.78733848,-0.76305045,-3.13776234,-16.83035863,4
117.37892894,31.96342959,40.38948782,29.13188036,153.41798883,40.38748782,158.36215398,1.83162846,-1.64312546,2.75243876,-2.54115860,1.05621204,0.07998666,1.14607347,-0.21828133,9.63805629,0.38744172,-1.68753468,-16.95069382,4
117.37892931,31.96342872,40.39148508,29.03965697,153.45374719,40.38948508,159.25737407,1.87207278,-1.66923097,2.75111042,-2.55583652,1.01659678,0.08142336,1.31839984,-0.25673786,9.74909695,0.50108430,-0.35425465,-16.85982354,4
117.37892966,31.96342786,40.39329711,28.94700079,153.48800623,40.39129711,160.16537275,1.90516065,-1.61044089,2.77328006,-2.59136506,0.98709030,0.07931309,1.36903387,-0.30920843,9.95801380,-0.02849296,0.76003140,-16.59851847,4
117.37893002,31.96342698,40.39509678,28.85392372,153.52074210,40.39309678,161.08627697,1.92132147,-1.52875337,2.77678413,-2.60893432,0.95048469,0.07532098,1.31236630,-0.22631415,9.91670212,-0.64691731,1.35476631,-16.13985617,4
117.37893037,31.96342611,40.39715587,28.76043762,153.55193101,40.39515587,162.02019218,1.91081750,-1.42221783,2.76180654,-2.60817365,0.90772275,0.06947724,1.12632665,-0.06728338,9.68937484,-1.14051688,1.41630517,-15.53030682,4
117.37893072,31.96342523,40.39998546,28.66655436,153.58154910,40.39798546,162.96720064,1.87663053,-1.30864188,2.75382984,-2.61250724,0.87004983,0.06388836,0.89486426,-0.11205710,9.71713443,-1.05944286,1.55102585,-15.08910687,4
117.37893107,31.96342434,40.40320147,28.57228584,153.60957257,40.40120147,163.92735961,1.84123928,-1.20002689,2.73719370,-2.60792327,0.83052425,0.05861233,0.66131373,-0.23298000,9.85495869,-0.69063387,1.52750052,-14.79272304,4
117.37893138,31.96342344,40.40649383,28.47764391,153.63597759,40.40449383,164.90069968,1.83921703,-1.12197255,2.67961800,-2.56450006,0.77654238,0.05408894,0.49955695,-0.28311260,9.95191121,-0.29111525,0.84223589,-14.72238436,4
117.37893166,31.96342253,40.40978280,28.38264046,153.66074034,40.40778280,165.88722293,1.84778997,-1.09069053,2.60933601,-2.50858929,0.71747904,0.05144907,0.47749753,-0.27407632,9.97749950,-0.34596691,0.00366525,-14.78121203,4
117.37893194,31.96342162,40.41300914,28.28728736,153.68383698,40.41100914,166.88690120,1.82412387,-1.09513384,2.57700410,-2.48788560,0.67078104,0.05093982,0.59581834,-0.26208327,9.94979505,-1.16676118,-0.09121404,-14.70914871,4
117.37893215,31.96342069,40.41668273,28.19159650,153.70524371,40.41468273,167.89967436,1.79137927,-1.09922199,2.53988286,-2.46198860,0.62303215,0.05028647,0.75117519,-0.20335624,9.98897054,-1.41960280,0.06054477,-14.47339133,4
117.37893231,31.96341975,40.42109256,28.09557973,153.72493668,40.41909256,168.92544859,1.75481677,-1.08011584,2.49790638,-2.43068284,0.57426835,0.04838099,0.86310855,-0.10452941,9.99159862,-0.93364325,0.35080089,-14.08187595,4
117.37893245,31.96341881,40.42589657,27.99924895,153.74289208,40.42389657,169.96409485,1.72005318,-1.02783540,2.48063450,-2.42225528,0.53357601,0.04524209,0.83539556,-0.05584855,9.69426925,-0.82922531,0.65455049,-13.73592631,4
117.37893257,31.96341786,40.43097031,27.90261603,153.75908608,40.42897031,171.01544728,1.70729196,-0.95837834,2.45887072,-2.40844112,0.49347343,0.04165390,0.70161668,-0.05094976,9.46109833,-0.43214137,0.78639181,-13.40565906,4
117.37893268,31.96341690,40.43564274,27.80569283,153.77349487,40.43364274,172.07930185,1.74286931,-0.89378546,2.40784600,-2.36543537,0.44706497,0.03862786,0.57065849,-0.02977782,9.68713714,0.53309452,0.69699210,-13.08423133,4
117.37893280,31.96341594,40.43853585,27.70849125,153.78609460,40.43653585,173.15541508,1.82107930,-0.83449107,2.36252887,-2.32735781,0.40288515,0.03614515,0.54021603,0.04073443,10.05977690,0.31713683,0.71821251,-12.90972345,4
117.37893289,31.96341497,40.44004955,27.61102314,153.79686147,40.43804955,174.24350300,1.86753361,-0.76219104,2.31265187,-2.28421529,0.35858696,0.03254987,0.53657703,-0.00820938,10.05933650,-0.67919522,0.95637437,-12.64851178,4
117.37893294,31.96341401,40.44180567,27.51330040,153.80577165,40.43980567,175.34324024,1.85747719,-0.67539197,2.24669242,-2.22455537,0.31251089,0.02773544,0.44382923,-0.14788018,9.71373281,-0.80076823,0.92345620,-11.86661885,4
117.37893299,31.96341304,40.44482450,27.41533489,153.81280130,40.44282450,176.45425937,1.86644132,-0.62798684,2.18568000,-2.16863963,0.27214612,0.02499284,0.32365122,-0.10043409,9.66168888,-0.27625417,0.14810745,-10.56090603,4
117.37893298,31.96341208,40.44852801,27.31713850,153.81792662,40.44652801,177.57615053,1.89128089,-0.66766197,2.10875110,-2.09579191,0.23434149,0.02563615,0.28529966,-0.03840700,9.89051848,-0.31570741,-0.75624641,-9.13429688,4
117.37893293,31.96341111,40.45105454,27.21872309,153.82112377,40.44905454,178.70846128,1.87022286,-0.75920758,2.03830312,-2.02845925,0.20086710,0.02765045,0.36735297,-0.09493127,9.72418224,-0.86643415,-0.69268768,-7.94948760,4
117.37893287,31.96341013,40.45355859,27.12010054,153.82236892,40.45155859,179.85069678,1.85350515,-0.81392195,1.97829738,-1.97080561,0.17243416,0.02836640,0.48737952,-0.07548282,9.37999675,-0.16102709,-0.24797296,-7.01939102,4
117.37893279,31.96340918,40.45744108,27.02128274,153.82163826,40.45544108,-178.99767970,1.91451144,-0.82537115,1.92954478,-1.92392775,0.14846570,0.02845456,0.45433289,0.04140301,9.71044372,0.38204973,-0.11749743,-6.36210399,4
117.37893272,31.96340822,40.46226840,26.92228154,153.81890796,40.46026840,-177.83724600,1.98721596,-0.83096971,1.88489228,-1.88072520,0.12732215,0.02842328,0.32263966,0.13041957,10.17336466,0.07259776,-0.18455114,-6.03047620,4
117.37893265,31.96340724,40.46770188,26.82310884,153.81415420,40.46570188,-176.66861984,1.99897871,-0.84099484,1.82160298,-1.81853545,0.10569437,0.02752995,0.24329664,0.14490098,9.95716625,0.06537924,-0.39065807,-5.98100521,4
117.37893255,31.96340627,40.47312922,26.72377651,153.80735315,40.47112922,-175.49245736,1.99013837,-0.86493670,1.74933749,-1.74716568,0.08387706,0.02669785,0.23260541,0.10261117,9.51163750,0.25617561,-0.59833632,-5.97438644,4
117.37893241,31.96340531,40.47764143,26.62429641,153.79848099,40.47564143,-174.30945116,2.02081275,-0.93361855,1.68403172,-1.68248582,0.06372787,0.02781059,0.33177621,-0.03270811,9.53975667,0.04718249,-0.56536069,-5.73470631,4
117.37893226,31.96340435,40.48183448,26.52468044,153.78751389,40.47983448,-173.12032816,2.06975588,-1.00033213,1.62490078,-1.62386817,0.04500173,0.02920223,0.44108940,-0.15951864,9.76495470,-0.20072002,-0.36962617,-5.40866447,4
117.37893210,31.96340341,40.48637134,26.42494046,153.77442803,40.48437134,-171.92584695,2.11567096,-0.99396334,1.57377260,-1.57325069,0.02845170,0.02853146,0.42696855,-0.12528534,9.88216425,0.05795755,-0.00627827,-5.15408903,4
117.37893195,31.96340246,40.49103910,26.32508834,153.75919959,40.48903910,-170.72679491,2.15160549,-0.96120505,1.51902834,-1.51890557,0.01325104,0.02679629,0.36689278,-0.05369363,9.86204342,0.33408952,0.25908985,-4.90471909,4
117.37893180,31.96340151,40.49576870,26.22513598,153.74180473,40.49376870,-169.52398503,2.17047362,-0.94386448,1.44702639,-1.44702639,-0.00084851,0.02476818,0.33131247,-0.06162435,9.66451088,0.15015773,0.14223439,-4.60175764,4
117.37893160,31.96340059,40.50106069,26.12509523,153.72221964,40.49906069,-168.31825242,2.20311091,-0.93895016,1.37051357,-1.37051357,-0.01375272,0.02311277,0.32489850,-0.08510060,9.61316875,0.02997795,0.07871812,-4.34382678,4
117.37893137,31.96339967,40.50685020,26.02497799,153.70042050,40.50485020,-167.11045056,2.25130911,-0.92928618,1.29733662,-1.29721344,-0.02517963,0.02180849,0.32352925,-0.09564168,9.75075319,0.19768118,0.24493160,-4.12080020,4
117.37893114,31.96339876,40.51214045,25.92479611,153.67638347,40.51014045,-165.90144738,2.27819358,-0.89438846,1.22162856,-1.22112004,-0.03497636,0.01994424,0.28529446,-0.12732161,9.71876430,0.26231365,0.31450467,-3.79528051,4
117.37893090,31.96339786,40.51584918,25.82456149,153.65008474,40.51384918,-164.69212120,2.30198397,-0.85249225,1.13213024,-1.13125147,-0.04286620,0.01778715,0.23731711,-0.14825114,9.66300641,0.01867944,0.20851669,-3.44828991,4
117.37893062,31.96339693,40.51811531,25.72428599,153.62150047,40.51611531,-163.48335647,2.33971891,-0.82766707,1.02814500,-1.02687290,-0.04858728,0.01588469,0.19482782,-0.09189318,9.78816345,-0.12654609,0.09389299,-3.11777338,4
117.37893032,31.96339612,40.52011469,25.62398149,153.59060685,40.51811469,-162.27603954,2.36272825,-0.83447052,0.90443625,-0.90269872,-0.05117405,0.01410863,0.18264266,-0.03411989,9.86295081,-0.02428186,-0.01713015,-2.55857273,4
117.37893001,31.96339519,40.52350692,25.52365986,153.55738005,40.52150692,-161.07105435,2.36588784,-0.87566359,0.74180908,-0.74002559,-0.04838406,0.01193315,0.20747810,-0.05267246,9.81725809,-0.00202945,-0.13876798,-1.68400769,4
117.37892963,31.96339433,40.52932362,25.42333299,153.52179625,40.52732362,-159.86927814,2.35446200,-0.92871111,0.51683050,-0.49880830,-0.03595526,0.00822759,0.21530901,-0.01515179,9.81799433,-0.09410907,-0.14369650,-0.74511696,4
117.37892933,31.96339467,40.53564530,25.32301275,153.48383161,40.53364530,-158.67157734,2.30675283,-0.97254077,0.26027603,-0.17091881,-0.01321022,0.00283536,0.22138001,0.20163700,9.82094682,-0.15449630,-0.01529912,-0.00789397,4
117.37892931,31.96339577,40.53848757,25.22271101,153.44346233,40.53648757,-157.47880347,2.24524083,-0.98879943,0.13213575,0.09900275,0.00686054,-0.00156892,0.23059586,0.49655618,9.79479806,-0.20364828,0.08821179,0.31516441,4
117.37892956,31.96339653,40.53746213,25.12243965,153.40066457,40.53546213,-156.29178931,2.20680271,-0.97431040,0.20421299,0.20323714,0.01453800,-0.00334142,0.21232643,0.70601411,9.80749474,-0.28096966,0.10796974,0.18836486,4
117.37892980,31.96339738,40.53900000,25.02221055,153.35541451,40.53700000,-155.70242872,2.17500000,-0.97200000,0.25500000,0.25400000,0.01800000,-0.00500000,0.22500000,0.65700000,9.80900000,-0.37600000,0.18900000,-0.08800000,4
