timestamp,pursuit_control_rate,stanley_control_rate,sta_lat_rate,heading_error_deg,angular_error_deg,lat_error,pursuit_control_deg,stanley_control_deg,steer_angle_deg, feedback_steer_deg,preview_dist,preview_idx,closest_idx,target_east,target_north,target_yaw_deg,closest_east,closest_north,closest_yaw_deg,closest_curvature,cur_east,cur_north,cur_yaw_deg,curvature_feedforward,zero_point_draft,target_spd,cur_spd,error,acceleration,cmd_spd,integral
17:43:56.239,0.4,0.6,0.4,2.7101,5.57127,-0.0890912,-14.4451,-6.24483,-3.3,0,1.5,67,51,-3.77487,18.6265,16.6921,-4.22829,17.0922,16.1898,-0.00724506,-4.32684,17.0723,13.982,0.2,-3,0,0,0,0,0,0
17:43:56.339,0.4,0.6,0.4,2.7091,5.57084,-0.0890983,-14.444,-6.24435,-4.8,0,1.5,67,51,-3.77487,18.6265,16.6921,-4.22829,17.0922,16.1898,-0.00724506,-4.3268,17.0725,13.983,0.2,-3,0,0,0,0,0,0
17:43:56.439,0.4,0.6,0.4,2.7091,5.57249,-0.0891329,-14.4481,-6.24593,-6.3,0,1.5,67,51,-3.77487,18.6265,16.6921,-4.22829,17.0922,16.1898,-0.00724506,-4.32678,17.0727,13.983,0.2,-3,0,0,0,0,0,0
17:43:56.539,0.4,0.6,0.4,2.7101,5.57153,-0.0890645,-14.4457,-6.24361,-7.8,0,1.5,67,51,-3.77487,18.6265,16.6921,-4.22829,17.0922,16.1898,-0.00724506,-4.32665,17.0729,13.982,0.2,-3,0,0,0,0,0,0
17:43:56.639,0.4,0.6,0.4,2.7101,5.57096,-0.089041,-14.4443,-6.24254,-9.3,0,1.5,67,51,-3.77487,18.6265,16.6921,-4.22829,17.0922,16.1898,-0.00724506,-4.3266,17.073,13.982,0.2,-3,0,0,0,0,0,0
17:43:56.739,0.4,0.6,0.4,2.7101,5.56858,-0.0889659,-14.4385,-6.23911,-10.8,0,1.5,67,51,-3.77487,18.6265,16.6921,-4.22829,17.0922,16.1898,-0.00724506,-4.32649,17.0731,13.982,0.2,-3,0,0,0,0,0,0
17:43:56.839,0.4,0.6,0.4,2.7111,5.57054,-0.0889904,-14.4433,-6.24103,-12.0773,0,1.5,67,51,-3.77487,18.6265,16.6921,-4.22829,17.0922,16.1898,-0.00724506,-4.3265,17.0731,13.981,0.2,-3,0,0,0,0,0,0
17:43:56.939,0.4,0.6,0.4,2.7111,5.56881,-0.0889391,-14.439,-6.23869,-12.0743,0,1.5,67,51,-3.77487,18.6265,16.6921,-4.22829,17.0922,16.1898,-0.00724506,-4.32645,17.0731,13.981,0.2,-3,0,0,0,0,0,0
17:43:57.039,0.4,0.6,0.4,2.7111,5.56832,-0.088924,-14.4378,-6.238,-12.0734,0,1.5,67,51,-3.77487,18.6265,16.6921,-4.22829,17.0922,16.1898,-0.00724506,-4.32643,17.0732,13.981,0.2,-3,0,0,0,0,0,0
17:43:57.139,0.4,0.6,0.4,2.7101,5.56549,-0.0888669,-14.417,-6.2346,-12.0649,0,1.5015,67,51,-3.77487,18.6265,16.6921,-4.22829,17.0922,16.1898,-0.00724506,-4.32635,17.0732,13.982,0.2,-3,0,0.001,-0.001,0,0,0
17:43:57.239,0.4,0.6,0.4,2.7091,5.56446,-0.0888613,-14.4144,-6.23354,-12.0634,0,1.5015,67,51,-3.77487,18.6265,16.6921,-4.22829,17.0922,16.1898,-0.00724506,-4.32632,17.0733,13.983,0.2,-3,0,0.001,-0.001,0,0,0
17:43:57.339,0.4,0.6,0.4,2.7081,5.5606,-0.0887711,-14.4049,-6.22863,-12.0569,0,1.5015,67,51,-3.77487,18.6265,16.6921,-4.22829,17.0922,16.1898,-0.00724506,-4.3262,17.0734,13.984,0.2,-3,0,0.001,-0.001,0,0,0
17:43:57.439,0.4,0.6,0.4,2.7081,5.55982,-0.0887443,-14.403,-6.22741,-12.0554,0,1.5015,67,51,-3.77487,18.6265,16.6921,-4.22829,17.0922,16.1898,-0.00724506,-4.32615,17.0735,13.984,0.2,-3,0,0.001,-0.001,0,0,0
17:43:57.539,0.4,0.6,0.4,2.7081,5.55677,-0.0886482,-14.3954,-6.22303,-12.0499,0,1.5015,67,51,-3.77487,18.6265,16.6921,-4.22829,17.0922,16.1898,-0.00724506,-4.32602,17.0736,13.984,0.2,-3,0,0.001,-0.001,0,0,0
17:43:57.639,0.4,0.6,0.4,2.7071,5.55412,-0.0885971,-14.3888,-6.21989,-12.0456,0,1.5015,67,51,-3.77487,18.6265,16.6921,-4.22829,17.0922,16.1898,-0.00724506,-4.32595,17.0736,13.985,0.2,-3,0,0.001,-0.001,0,0,0
17:43:57.739,0.4,0.6,0.4,2.7071,5.55035,-0.0884852,-14.3795,-6.21479,-12.039,0,1.5015,67,51,-3.77487,18.6265,16.6921,-4.22829,17.0922,16.1898,-0.00724506,-4.32583,17.0736,13.985,0.2,-3,0,0.001,-0.001,0,0,0
17:43:57.839,0.4,0.6,0.4,2.7081,5.55102,-0.0884788,-14.3812,-6.2153,-12.0399,0,1.5015,67,51,-3.77487,18.6265,16.6921,-4.22829,17.0922,16.1898,-0.00724506,-4.32584,17.0736,13.984,0.2,-3,0,0.001,-0.001,0,0,0
17:43:57.939,0.4,0.6,0.4,2.7071,5.5471,-0.088394,-14.3715,-6.21063,-12.0335,0,1.5015,67,51,-3.77487,18.6265,16.6921,-4.22829,17.0922,16.1898,-0.00724506,-4.32575,17.0736,13.985,0.2,-3,0,0.001,-0.001,0,0,0
17:43:58.039,0.4,0.6,0.4,2.7061,5.54435,-0.0883454,-14.3784,-6.20761,-12.0331,0,1.5,67,51,-3.77487,18.6265,16.6921,-4.22829,17.0922,16.1898,-0.00724506,-4.32572,17.0735,13.986,0.2,-3,0,0,0,0,0,0
17:43:58.139,0.4,0.6,0.4,2.7071,5.54013,-0.0881939,-14.3542,-6.20151,-12.0216,0,1.5015,67,51,-3.77487,18.6265,16.6921,-4.22829,17.0922,16.1898,-0.00724506,-4.32557,17.0735,13.985,0.2,-3,0,0.001,-0.001,0,0,0
17:43:58.239,0.4,0.6,0.4,2.7081,5.53886,-0.0881246,-14.3511,-6.19915,-12.0188,0,1.5015,67,51,-3.77487,18.6265,16.6921,-4.22829,17.0922,16.1898,-0.00724506,-4.32548,17.0735,13.984,0.2,-3,0,0.001,-0.001,0,0,0
17:43:58.339,0.4,0.6,0.4,2.7071,5.53282,-0.0879709,-14.3361,-6.19134,-12.0086,0,1.5015,67,51,-3.77487,18.6265,16.6921,-4.22829,17.0922,16.1898,-0.00724506,-4.32529,17.0736,13.985,0.2,-3,0,0.001,-0.001,0,0,0
17:43:58.439,0.4,0.6,0.4,2.7071,5.5314,-0.0879286,-14.3326,-6.18941,-12.0061,0,1.5015,67,51,-3.77487,18.6265,16.6921,-4.22829,17.0922,16.1898,-0.00724506,-4.32524,17.0737,13.985,0.2,-3,0,0.001,-0.001,0,0,0
17:43:58.539,0.4,0.6,0.4,2.7091,5.53069,-0.0878471,-14.3308,-6.18729,-12.0039,0,1.5015,67,51,-3.77487,18.6265,16.6921,-4.22829,17.0922,16.1898,-0.00724506,-4.32515,17.0737,13.983,0.2,-3,0,0.001,-0.001,0,0,0
17:43:58.639,0.4,0.6,0.4,2.7091,5.53497,-0.0879713,-14.3414,-6.19296,-12.0113,0,1.5015,67,51,-3.77487,18.6265,16.6921,-4.22829,17.0922,16.1898,-0.00724506,-4.32527,17.0737,13.983,0.2,-3,0,0.001,-0.001,0,0,0
17:43:58.739,0.4,0.6,0.4,2.7081,5.53668,-0.0880446,-14.3457,-6.1955,-12.0145,0,1.5015,67,51,-3.77487,18.6265,16.6921,-4.22829,17.0922,16.1898,-0.00724506,-4.32532,17.0738,13.984,0.2,-3,0,0.001,-0.001,0,0,0
17:43:58.839,0.4,0.6,0.4,2.7081,5.54316,-0.0882297,-14.3617,-6.20394,-12.0256,0,1.5015,67,51,-3.77487,18.6265,16.6921,-4.22829,17.0922,16.1898,-0.00724506,-4.32549,17.0739,13.984,0.2,-3,0,0.001,-0.001,0,0,0
17:43:58.939,0.4,0.6,0.4,2.7091,5.54778,-0.0883328,-14.3869,-6.20944,-12.0369,0,1.5,67,51,-3.77487,18.6265,16.6921,-4.22829,17.0922,16.1898,-0.00724506,-4.32558,17.0739,13.983,0.2,-3,0,0,0,0,0,0
17:43:59.039,0.4,0.6,0.4,2.7081,5.55225,-0.0884904,-14.398,-6.21583,-12.045,0,1.5,67,51,-3.77487,18.6265,16.6921,-4.22829,17.0922,16.1898,-0.00724506,-4.32574,17.074,13.984,0.2,-3,0,0,0,0,0,0
17:43:59.139,0.4,0.6,0.4,2.7081,5.55514,-0.0885697,-14.3914,-6.21944,-12.046,0,1.5015,67,51,-3.77487,18.6265,16.6921,-4.22829,17.0922,16.1898,-0.00724506,-4.32579,17.0741,13.984,0.2,-3,0,0.001,-0.001,0,0,0
17:43:59.239,0.4,0.6,0.4,2.7071,5.55895,-0.0887062,-14.4146,-6.22487,-12.0567,0,1.5,67,51,-3.77487,18.6265,16.6921,-4.22829,17.0922,16.1898,-0.00724506,-4.32592,17.0741,13.985,0.2,-3,0,0,0,0,0,0
17:43:59.339,0.4,0.6,0.4,2.7071,5.56031,-0.0887456,-14.418,-6.22667,-12.059,0,1.5,67,51,-3.77487,18.6265,16.6921,-4.22829,17.0922,16.1898,-0.00724506,-4.32595,17.0741,13.985,0.2,-3,0,0,0,0,0,0
17:43:59.439,0.4,0.6,0.4,2.7071,5.56349,-0.0888366,-14.412,-6.23082,-12.0606,0,1.5015,67,51,-3.77487,18.6265,16.6921,-4.22829,17.0922,16.1898,-0.00724506,-4.32604,17.0742,13.985,0.2,-3,0,0.001,-0.001,0,0,0
17:43:59.539,0.4,0.6,0.4,2.7061,5.56326,-0.0888552,-14.4115,-6.23087,-12.0605,0,1.5015,67,51,-3.77487,18.6265,16.6921,-4.22829,17.0922,16.1898,-0.00724506,-4.32604,17.0742,13.986,0.2,-3,0,0.001,-0.001,0,0,0
17:43:59.639,0.4,0.6,0.4,2.7071,5.56512,-0.088874,-14.4161,-6.23252,-12.0631,0,1.5015,67,51,-3.77487,18.6265,16.6921,-4.22829,17.0922,16.1898,-0.00724506,-4.32603,17.0743,13.985,0.2,-3,0,0.001,-0.001,0,0,0
17:43:59.739,0.4,0.6,0.4,2.7071,5.56351,-0.0888175,-14.3983,-6.22995,-12.0561,0,1.503,67,51,-3.77487,18.6265,16.6921,-4.22829,17.0922,16.1898,-0.00724506,-4.32593,17.0745,13.985,0.2,-3,0,0.002,-0.002,0,0,0
17:43:59.839,0.4,0.6,0.4,2.7061,5.56032,-0.0887484,-14.4042,-6.22599,-12.0546,0,1.5015,67,51,-3.77487,18.6265,16.6921,-4.22829,17.0922,16.1898,-0.00724506,-4.32583,17.0746,13.986,0.2,-3,0,0.001,-0.001,0,0,0
17:43:59.939,0.4,0.6,0.4,2.7081,5.55764,-0.0886066,-14.3976,-6.22113,-12.049,0,1.5015,67,51,-3.77487,18.6265,16.6921,-4.22829,17.0922,16.1898,-0.00724506,-4.32566,17.0747,13.984,0.2,-3,0,0.001,-0.001,0,0,0
17:44:00.039,0.4,0.6,0.4,2.7081,5.55607,-0.0885557,-14.3799,-6.21881,-12.0422,0,1.503,67,51,-3.77487,18.6265,16.6921,-4.22829,17.0922,16.1898,-0.00724506,-4.32558,17.0747,13.984,0.2,-3,0,0.002,-0.002,0,0,0
17:44:00.139,0.4,0.6,0.4,2.7081,5.5532,-0.0884655,-14.3728,-6.2147,-12.037,0,1.503,67,51,-3.77487,18.6265,16.6921,-4.22829,17.0922,16.1898,-0.00724506,-4.32546,17.0748,13.984,0.2,-3,0,0.002,-0.002,0,0,0
17:44:00.239,0.4,0.6,0.4,2.7081,5.55216,-0.0884325,-14.3702,-6.21319,-12.0352,0,1.503,67,51,-3.77487,18.6265,16.6921,-4.22829,17.0922,16.1898,-0.00724506,-4.32541,17.0749,13.984,0.2,-3,0,0.002,-0.002,0,0,0
17:44:00.339,0.4,0.6,0.4,2.7091,5.55078,-0.0883575,-14.3668,-6.21057,-12.0322,0,1.503,67,51,-3.77487,18.6265,16.6921,-4.22829,17.0922,16.1898,-0.00724506,-4.32531,17.075,13.983,0.2,-3,0,0.002,-0.002,0,0,0
17:44:00.439,0.4,0.6,0.4,2.7091,5.55099,-0.0883608,-14.3673,-6.21072,-12.0324,0,1.503,67,51,-3.77487,18.6265,16.6921,-4.22829,17.0922,16.1898,-0.00724506,-4.3253,17.075,13.983,0.2,-3,0,0.002,-0.002,0,0,0
17:44:00.539,0.4,0.6,0.4,2.7081,5.54836,-0.0883069,-14.3608,-6.20746,-12.0281,0,1.503,67,51,-3.77487,18.6265,16.6921,-4.22829,17.0922,16.1898,-0.00724506,-4.32522,17.0751,13.984,0.2,-3,0,0.002,-0.002,0,0,0
17:44:00.639,0.4,0.6,0.4,2.7071,5.54426,-0.0882162,-14.3644,-6.20252,-12.0252,0,1.5015,67,51,-3.77487,18.6265,16.6921,-4.22829,17.0922,16.1898,-0.00724506,-4.32512,17.0751,13.985,0.2,-3,0,0.001,-0.001,0,0,0
17:44:00.739,0.4,0.6,0.4,2.7061,5.53763,-0.0880499,-14.3343,-6.19414,-12.0102,0,1.503,67,51,-3.77487,18.6265,16.6921,-4.22829,17.0922,16.1898,-0.00724506,-4.32494,17.0751,13.986,0.2,-3,0,0.002,-0.002,0,0,0
17:44:00.839,0.4,0.6,0.4,2.7051,5.53265,-0.0879348,-14.3357,-6.18809,-12.0059,0,1.5015,67,51,-3.77487,18.6265,16.6921,-4.22829,17.0922,16.1898,-0.00724506,-4.32483,17.0751,13.987,0.2,-3,0,0.001,-0.001,0,0,0
17:44:00.939,0.4,0.6,0.4,2.7041,5.52834,-0.0878324,-14.3113,-6.18262,-11.9948,0,1.503,67,51,-3.77487,18.6265,16.6921,-4.22829,17.0922,16.1898,-0.00724506,-4.3247,17.0752,13.988,0.2,-3,0,0.002,-0.002,0,0,0
17:44:01.039,0.4,0.6,0.4,2.7041,5.52733,-0.087805,-14.3088,-6.18137,-11.9931,0,1.503,67,51,-3.77487,18.6265,16.6921,-4.22829,17.0922,16.1898,-0.00724506,-4.32468,17.0752,13.988,0.2,-3,0,0.002,-0.002,0,0,0
17:44:01.139,0.4,0.6,0.4,2.7041,5.52673,-0.0877842,-14.3041,-6.18042,-11.9911,0,1.50335,67,51,-3.77487,18.6265,16.6921,-4.22829,17.0922,16.1898,-0.00724506,-4.32464,17.0752,13.988,0.2,-3,0,0.00223607,-0.00223607,0,0,0
17:44:01.239,0.4,0.6,0.4,2.7041,5.52583,-0.0877543,-14.3018,-6.17905,-11.9894,0,1.50335,67,51,-3.77487,18.6265,16.6921,-4.22829,17.0922,16.1898,-0.00724506,-4.32459,17.0753,13.988,0.2,-3,0,0.00223607,-0.00223607,0,0,0
17:44:01.339,0.4,0.6,0.4,2.7031,5.52216,-0.0876674,-14.2801,-6.17429,-11.9796,0,1.50474,67,51,-3.77487,18.6265,16.6921,-4.22829,17.0922,16.1898,-0.00724506,-4.32446,17.0754,13.989,0.2,-3,0,0.00316228,-0.00316228,0,0,0
17:44:01.439,0.4,0.6,0.4,2.7041,5.52117,-0.0876099,-14.2903,-6.17247,-11.981,0,1.50335,67,51,-3.77487,18.6265,16.6921,-4.22829,17.0922,16.1898,-0.00724506,-4.3244,17.0754,13.988,0.2,-3,0,0.00223607,-0.00223607,0,0,0
17:44:01.539,0.4,0.6,0.4,2.7041,5.51767,-0.0875016,-14.269,-6.16753,-11.9712,0,1.50474,67,51,-3.77487,18.6265,16.6921,-4.22829,17.0922,16.1898,-0.00724506,-4.32426,17.0755,13.988,0.2,-3,0,0.00316228,-0.00316228,0,0,0
17:44:01.639,0.4,0.6,0.4,2.7041,5.51791,-0.0875104,-14.2823,-6.16793,-11.9752,0,1.50335,67,51,-3.77487,18.6265,16.6921,-4.22829,17.0922,16.1898,-0.00724506,-4.32428,17.0755,13.988,0.2,-3,0,0.00223607,-0.00223607,0,0,0
17:44:01.739,0.4,0.6,0.4,2.7041,5.51721,-0.0874838,-14.2679,-6.16672,-11.9702,0,1.50474,67,51,-3.77487,18.6265,16.6921,-4.22829,17.0922,16.1898,-0.00724506,-4.32422,17.0756,13.988,0.2,-3,0,0.00316228,-0.00316228,0,0,0
17:44:01.839,0.4,0.6,0.4,2.7041,5.52135,-0.0876076,-14.2908,-6.17236,-11.9811,0,1.50335,67,51,-3.77487,18.6265,16.6921,-4.22829,17.0922,16.1898,-0.00724506,-4.32437,17.0755,13.988,0.2,-3,0,0.00223607,-0.00223607,0,0,0
17:44:01.939,0.4,0.6,0.4,2.7041,5.52491,-0.0877079,-14.2996,-6.17694,-11.9871,0,1.50335,67,51,-3.77487,18.6265,16.6921,-4.22829,17.0922,16.1898,-0.00724506,-4.32445,17.0756,13.988,0.2,-3,0,0.00223607,-0.00223607,0,0,0
17:44:02.039,0.4,0.6,0.4,2.7041,5.52753,-0.0877918,-14.3093,-6.18077,-11.9928,0,1.503,67,51,-3.77487,18.6265,16.6921,-4.22829,17.0922,16.1898,-0.00724506,-4.32457,17.0755,13.988,0.2,-3,0,0.002,-0.002,0,0,0
17:44:02.139,0.4,0.6,0.4,2.7041,5.52672,-0.0877677,-14.2914,-6.17967,-11.9869,0,1.50474,67,51,-3.77487,18.6265,16.6921,-4.22829,17.0922,16.1898,-0.00724506,-4.32454,17.0755,13.988,0.2,-3,0,0.00316228,-0.00316228,0,0,0
17:44:02.239,0.4,0.6,0.4,2.7041,5.52644,-0.0877642,-14.3034,-6.17951,-11.9902,0,1.50335,67,51,-3.77487,18.6265,16.6921,-4.22829,17.0922,16.1898,-0.00724506,-4.32456,17.0754,13.988,0.2,-3,0,0.00223607,-0.00223607,0,0,0
17:44:02.339,0.4,0.6,0.4,2.7041,5.5238,-0.0876829,-14.2968,-6.1758,-11.9854,0,1.50335,67,51,-3.77487,18.6265,16.6921,-4.22829,17.0922,16.1898,-0.00724506,-4.32446,17.0755,13.988,0.2,-3,0,0.00223607,-0.00223607,0,0,0
17:44:02.439,0.4,0.6,0.4,2.7041,5.52469,-0.0877155,-14.3023,-6.17729,-11.9881,0,1.503,67,51,-3.77487,18.6265,16.6921,-4.22829,17.0922,16.1898,-0.00724506,-4.32453,17.0754,13.988,0.2,-3,0,0.002,-0.002,0,0,0
17:44:02.539,0.4,0.6,0.4,2.7051,5.52478,-0.0876856,-14.2993,-6.17672,-11.9868,0,1.50335,67,51,-3.77487,18.6265,16.6921,-4.22829,17.0922,16.1898,-0.00724506,-4.32448,17.0754,13.987,0.2,-3,0,0.00223607,-0.00223607,0,0,0
17:44:02.639,0.4,0.6,0.4,2.7051,5.52643,-0.0877367,-14.3034,-6.17905,-11.9898,0,1.50335,67,51,-3.77487,18.6265,16.6921,-4.22829,17.0922,16.1898,-0.00724506,-4.32454,17.0754,13.987,0.2,-3,0,0.00223607,-0.00223607,0,0,0
17:44:02.739,0.4,0.6,0.4,2.7041,5.52479,-0.087713,-14.2866,-6.17717,-11.9836,0,1.50474,67,51,-3.77487,18.6265,16.6921,-4.22829,17.0922,16.1898,-0.00724506,-4.3245,17.0755,13.988,0.2,-3,0,0.00316228,-0.00316228,0,0,0
17:44:02.839,0.4,0.6,0.4,2.7051,5.52581,-0.0877186,-14.3018,-6.17823,-11.9887,0,1.50335,67,51,-3.77487,18.6265,16.6921,-4.22829,17.0922,16.1898,-0.00724506,-4.32453,17.0754,13.987,0.2,-3,0,0.00223607,-0.00223607,0,0,0
17:44:02.939,0.4,0.6,0.4,2.7071,5.52528,-0.0876431,-14.3005,-6.17638,-11.9869,0,1.50335,67,51,-3.77487,18.6265,16.6921,-4.22829,17.0922,16.1898,-0.00724506,-4.32444,17.0754,13.985,0.2,-3,0,0.00223607,-0.00223607,0,0,0
17:44:03.040,0.4,0.6,0.4,2.7071,5.52423,-0.087621,-14.2979,-6.17538,-11.9854,0,1.50335,67,51,-3.77487,18.6265,16.6921,-4.22829,17.0922,16.1898,-0.00724506,-4.32446,17.0753,13.985,0.2,-3,0,0.00223607,-0.00223607,0,0,0
17:44:03.139,0.4,0.6,0.4,2.7071,5.52151,-0.0875395,-14.2785,-6.17166,-11.9771,0,1.50474,67,51,-3.77487,18.6265,16.6921,-4.22829,17.0922,16.1898,-0.00724506,-4.32437,17.0753,13.985,0.2,-3,0,0.00316228,-0.00316228,0,0,0
17:44:03.239,0.4,0.6,0.4,2.7071,5.51978,-0.0874964,-14.2869,-6.16969,-11.9779,0,1.50335,67,51,-3.77487,18.6265,16.6921,-4.22829,17.0922,16.1898,-0.00724506,-4.32436,17.0752,13.985,0.2,-3,0,0.00223607,-0.00223607,0,0,0
17:44:03.339,0.4,0.6,0.4,2.7081,5.51724,-0.0873934,-14.2806,-6.1658,-11.9731,0,1.50335,67,51,-3.77487,18.6265,16.6921,-4.22829,17.0922,16.1898,-0.00724506,-4.32425,17.0752,13.984,0.2,-3,0,0.00223607,-0.00223607,0,0,0
17:44:03.439,0.4,0.6,0.4,2.7081,5.51748,-0.0874105,-14.2812,-6.16658,-11.9739,0,1.50335,67,51,-3.77487,18.6265,16.6921,-4.22829,17.0922,16.1898,-0.00724506,-4.32432,17.075,13.984,0.2,-3,0,0.00223607,-0.00223607,0,0,0
17:44:03.539,0.4,0.6,0.4,2.7091,5.51649,-0.087353,-14.2661,-6.16475,-11.9682,0,1.50474,67,51,-3.77487,18.6265,16.6921,-4.22829,17.0922,16.1898,-0.00724506,-4.32426,17.075,13.983,0.2,-3,0,0.00316228,-0.00316228,0,0,0
17:44:03.639,0.4,0.6,0.4,2.7091,5.51897,-0.0874338,-14.2849,-6.16844,-11.9764,0,1.50335,67,51,-3.77487,18.6265,16.6921,-4.22829,17.0922,16.1898,-0.00724506,-4.32438,17.0748,13.983,0.2,-3,0,0.00223607,-0.00223607,0,0,0
17:44:03.739,0.4,0.6,0.4,2.7091,5.52016,-0.0874673,-14.2752,-6.16996,-11.9748,0,1.50474,67,51,-3.77487,18.6265,16.6921,-4.22829,17.0922,16.1898,-0.00724506,-4.32441,17.0749,13.983,0.2,-3,0,0.00316228,-0.00316228,0,0,0
17:44:03.839,0.4,0.6,0.4,2.7091,5.52206,-0.0875355,-14.2925,-6.17308,-11.9821,0,1.50335,67,51,-3.77487,18.6265,16.6921,-4.22829,17.0922,16.1898,-0.00724506,-4.32454,17.0747,13.983,0.2,-3,0,0.00223607,-0.00223607,0,0,0
17:44:03.939,0.4,0.6,0.4,2.7091,5.52149,-0.0875203,-14.2911,-6.17238,-11.9812,0,1.50335,67,51,-3.77487,18.6265,16.6921,-4.22829,17.0922,16.1898,-0.00724506,-4.32454,17.0746,13.983,0.2,-3,0,0.00223607,-0.00223607,0,0,0
17:44:04.039,0.4,0.6,0.4,2.7091,5.52248,-0.0875586,-14.2936,-6.17413,-11.9832,0,1.50335,67,51,-3.77487,18.6265,16.6921,-4.22829,17.0922,16.1898,-0.00724506,-4.32462,17.0745,13.983,0.2,-3,0,0.00223607,-0.00223607,0,0,0
17:44:04.139,0.4,0.6,0.4,2.7081,5.52023,-0.0875223,-14.288,-6.17167,-11.9798,0,1.50335,67,51,-3.77487,18.6265,16.6921,-4.22829,17.0922,16.1898,-0.00724506,-4.32458,17.0745,13.984,0.2,-3,0,0.00223607,-0.00223607,0,0,0
17:44:04.239,0.4,0.6,0.4,2.7081,5.52171,-0.0875757,-14.2949,-6.17411,-11.9836,0,1.503,67,51,-3.77487,18.6265,16.6921,-4.22829,17.0922,16.1898,-0.00724506,-4.32469,17.0743,13.984,0.2,-3,0,0.002,-0.002,0,0,0
17:44:04.339,0.4,0.6,0.4,2.7081,5.52138,-0.0875693,-14.2908,-6.17382,-11.9822,0,1.50335,67,51,-3.77487,18.6265,16.6921,-4.22829,17.0922,16.1898,-0.00724506,-4.3247,17.0743,13.984,0.2,-3,0,0.00223607,-0.00223607,0,0,0
17:44:04.439,0.4,0.6,0.4,2.7081,5.52379,-0.08765,-14.3,-6.1775,-11.9877,0,1.503,67,51,-3.77487,18.6265,16.6921,-4.22829,17.0922,16.1898,-0.00724506,-4.32483,17.0741,13.984,0.2,-3,0,0.002,-0.002,0,0,0
17:44:04.539,0.4,0.6,0.4,2.7081,5.52446,-0.087671,-14.3017,-6.17846,-11.9889,0,1.503,67,51,-3.77487,18.6265,16.6921,-4.22829,17.0922,16.1898,-0.00724506,-4.32486,17.0741,13.984,0.2,-3,0,0.002,-0.002,0,0,0
17:44:04.639,0.4,0.6,0.4,2.7081,5.52247,-0.0876217,-14.3105,-6.17621,-11.9896,0,1.5015,67,51,-3.77487,18.6265,16.6921,-4.22829,17.0922,16.1898,-0.00724506,-4.32485,17.0739,13.984,0.2,-3,0,0.001,-0.001,0,0,0
17:44:04.739,0.4,0.6,0.4,2.7081,5.517,-0.0874641,-14.2832,-6.16902,-11.9763,0,1.503,67,51,-3.77487,18.6265,16.6921,-4.22829,17.0922,16.1898,-0.00724506,-4.3247,17.0739,13.984,0.2,-3,0,0.002,-0.002,0,0,0
17:44:04.839,0.4,0.6,0.4,2.7071,5.50862,-0.0872573,-14.2762,-6.15879,-11.9664,0,1.5015,67,51,-3.77487,18.6265,16.6921,-4.22829,17.0922,16.1898,-0.00724506,-4.32453,17.0737,13.985,0.2,-3,0,0.001,-0.001,0,0,0
17:44:04.939,0.4,0.6,0.4,2.7061,5.49935,-0.087018,-14.2395,-6.14707,-11.947,0,1.503,67,51,-3.77487,18.6265,16.6921,-4.22829,17.0922,16.1898,-0.00724506,-4.32429,17.0737,13.986,0.2,-3,0,0.002,-0.002,0,0,0
17:44:05.039,0.4,0.6,0.4,2.7061,5.49231,-0.0868177,-14.2357,-6.13793,-11.9388,0,1.5015,67,51,-3.77487,18.6265,16.6921,-4.22829,17.0922,16.1898,-0.00724506,-4.32411,17.0736,13.986,0.2,-3,0,0.001,-0.001,0,0,0
17:44:05.139,0.4,0.6,0.4,2.7061,5.48399,-0.0865755,-14.2015,-6.12688,-11.9206,0,1.503,67,51,-3.77487,18.6265,16.6921,-4.22829,17.0922,16.1898,-0.00724506,-4.32386,17.0736,13.986,0.2,-3,0,0.002,-0.002,0,0,0
17:44:05.239,0.4,0.6,0.4,2.7071,5.48166,-0.0864841,-14.2093,-6.12352,-11.9202,0,1.5015,67,51,-3.77487,18.6265,16.6921,-4.22829,17.0922,16.1898,-0.00724506,-4.3238,17.0735,13.985,0.2,-3,0,0.001,-0.001,0,0,0
17:44:05.339,0.4,0.6,0.4,2.7081,5.47868,-0.086369,-14.2019,-6.11906,-11.9146,0,1.5015,67,51,-3.77487,18.6265,16.6921,-4.22829,17.0922,16.1898,-0.00724506,-4.32368,17.0734,13.984,0.2,-3,0,0.001,-0.001,0,0,0
17:44:05.439,0.4,0.6,0.4,2.7081,5.4766,-0.0863139,-14.1968,-6.11655,-11.9112,0,1.5015,67,51,-3.77487,18.6265,16.6921,-4.22829,17.0922,16.1898,-0.00724506,-4.32366,17.0733,13.984,0.2,-3,0,0.001,-0.001,0,0,0
17:44:05.539,0.4,0.6,0.4,2.7081,5.47226,-0.0861868,-14.1724,-6.11075,-11.8999,0,1.503,67,51,-3.77487,18.6265,16.6921,-4.22829,17.0922,16.1898,-0.00724506,-4.32352,17.0733,13.984,0.2,-3,0,0.002,-0.002,0,0,0
17:44:05.639,0.4,0.6,0.4,2.7081,5.47094,-0.0861503,-14.1827,-6.10909,-11.9015,0,1.5015,67,51,-3.77487,18.6265,16.6921,-4.22829,17.0922,16.1898,-0.00724506,-4.3235,17.0733,13.984,0.2,-3,0,0.001,-0.001,0,0,0
17:44:05.739,0.4,0.6,0.4,2.7091,5.4683,-0.0860416,-14.1626,-6.10493,-11.8926,0,1.503,67,51,-3.77487,18.6265,16.6921,-4.22829,17.0922,16.1898,-0.00724506,-4.32337,17.0733,13.983,0.2,-3,0,0.002,-0.002,0,0,0
17:44:05.839,0.4,0.6,0.4,2.7101,5.4686,-0.0860232,-14.1769,-6.10489,-11.8966,0,1.5015,67,51,-3.77487,18.6265,16.6921,-4.22829,17.0922,16.1898,-0.00724506,-4.32336,17.0733,13.982,0.2,-3,0,0.001,-0.001,0,0,0
17:44:05.939,0.4,0.6,0.4,2.7091,5.46584,-0.0859663,-14.1533,-6.10149,-11.8873,0,1.50335,67,51,-3.77487,18.6265,16.6921,-4.22829,17.0922,16.1898,-0.00724506,-4.32328,17.0734,13.983,0.2,-3,0,0.00223607,-0.00223607,0,0,0
17:44:06.039,0.4,0.6,0.4,2.7101,5.4679,-0.0859966,-14.1616,-6.10368,-11.8913,0,1.503,67,51,-3.77487,18.6265,16.6921,-4.22829,17.0922,16.1898,-0.00724506,-4.32331,17.0734,13.982,0.2,-3,0,0.002,-0.002,0,0,0
17:44:06.139,0.4,0.6,0.4,2.7101,5.46668,-0.0859576,-14.1586,-6.1019,-11.8891,0,1.503,67,51,-3.77487,18.6265,16.6921,-4.22829,17.0922,16.1898,-0.00724506,-4.32325,17.0735,13.982,0.2,-3,0,0.002,-0.002,0,0,0
17:44:06.239,0.4,0.6,0.4,2.7101,5.4689,-0.086024,-14.1777,-6.10493,-11.8968,0,1.5015,67,51,-3.77487,18.6265,16.6921,-4.22829,17.0922,16.1898,-0.00724506,-4.32333,17.0734,13.982,0.2,-3,0,0.001,-0.001,0,0,0
17:44:06.339,0.4,0.6,0.4,2.7091,5.46823,-0.0860304,-14.176,-6.10442,-11.8959,0,1.5015,67,51,-3.77487,18.6265,16.6921,-4.22829,17.0922,16.1898,-0.00724506,-4.32332,17.0735,13.983,0.2,-3,0,0.001,-0.001,0,0,0
17:44:06.439,0.4,0.6,0.4,2.7091,5.46878,-0.0860484,-14.1774,-6.10524,-11.897,0,1.5015,67,51,-3.77487,18.6265,16.6921,-4.22829,17.0922,16.1898,-0.00724506,-4.32334,17.0735,13.983,0.2,-3,0,0.001,-0.001,0,0,0
17:44:06.539,0.4,0.6,0.4,2.7081,5.46605,-0.085997,-14.1706,-6.10209,-11.8926,0,1.5015,67,51,-3.77487,18.6265,16.6921,-4.22829,17.0922,16.1898,-0.00724506,-4.32329,17.0735,13.984,0.2,-3,0,0.001,-0.001,0,0,0
17:44:06.639,0.4,0.6,0.4,2.7081,5.46499,-0.0859667,-14.168,-6.10071,-11.8908,0,1.5015,67,51,-3.77487,18.6265,16.6921,-4.22829,17.0922,16.1898,-0.00724506,-4.32326,17.0735,13.984,0.2,-3,0,0.001,-0.001,0,0,0
17:44:06.739,0.4,0.6,0.4,2.7081,5.46271,-0.0858974,-14.1623,-6.09755,-11.8867,0,1.5015,67,51,-3.77487,18.6265,16.6921,-4.22829,17.0922,16.1898,-0.00724506,-4.32317,17.0735,13.984,0.2,-3,0,0.001,-0.001,0,0,0
17:44:06.839,0.4,0.6,0.4,2.7081,5.46212,-0.0858848,-14.1609,-6.09697,-11.8859,0,1.5015,67,51,-3.77487,18.6265,16.6921,-4.22829,17.0922,16.1898,-0.00724506,-4.32318,17.0734,13.984,0.2,-3,0,0.001,-0.001,0,0,0
17:44:06.939,0.4,0.6,0.4,2.7091,5.4615,-0.0858392,-14.1593,-6.09569,-11.8845,0,1.5015,67,51,-3.77487,18.6265,16.6921,-4.22829,17.0922,16.1898,-0.00724506,-4.32315,17.0734,13.983,0.2,-3,0,0.001,-0.001,0,0,0
17:44:07.039,0.4,0.6,0.4,2.7081,5.4612,-0.0858658,-14.1586,-6.09611,-11.8846,0,1.5015,67,51,-3.77487,18.6265,16.6921,-4.22829,17.0922,16.1898,-0.00724506,-4.3232,17.0733,13.984,0.2,-3,0,0.001,-0.001,0,0,0
17:44:07.139,0.4,0.6,0.4,2.7081,5.45988,-0.0858293,-14.1553,-6.09444,-11.8824,0,1.5015,67,51,-3.77487,18.6265,16.6921,-4.22829,17.0922,16.1898,-0.00724506,-4.32317,17.0733,13.984,0.2,-3,0,0.001,-0.001,0,0,0
17:44:07.239,0.4,0.6,0.4,2.7081,5.45981,-0.0858291,-14.1551,-6.09443,-11.8823,0,1.5015,67,51,-3.77487,18.6265,16.6921,-4.22829,17.0922,16.1898,-0.00724506,-4.32318,17.0732,13.984,0.2,-3,0,0.001,-0.001,0,0,0
17:44:07.339,0.4,0.6,0.4,2.7091,5.45875,-0.0857713,-14.1661,-6.0926,-11.8839,0,1.5,67,51,-3.77487,18.6265,16.6921,-4.22829,17.0922,16.1898,-0.00724506,-4.32314,17.0732,13.983,0.2,-3,0,0,0,0,0,0
17:44:07.439,0.4,0.6,0.4,2.7091,5.45818,-0.085756,-14.1647,-6.0919,-11.883,0,1.5,67,51,-3.77487,18.6265,16.6921,-4.22829,17.0922,16.1898,-0.00724506,-4.32313,17.0732,13.983,0.2,-3,0,0,0,0,0,0
17:44:07.539,0.4,0.6,0.4,2.7091,5.45557,-0.0856803,-14.1446,-6.08845,-11.8747,0,1.5015,67,51,-3.77487,18.6265,16.6921,-4.22829,17.0922,16.1898,-0.00724506,-4.32305,17.0731,13.983,0.2,-3,0,0.001,-0.001,0,0,0
17:44:07.639,0.4,0.6,0.4,2.7091,5.45541,-0.0856716,-14.1442,-6.08805,-11.8743,0,1.5015,67,51,-3.77487,18.6265,16.6921,-4.22829,17.0922,16.1898,-0.00724506,-4.32302,17.0732,13.983,0.2,-3,0,0.001,-0.001,0,0,0
17:44:07.739,0.4,0.6,0.4,2.7091,5.45396,-0.0856238,-14.1406,-6.08587,-11.8716,0,1.5015,67,51,-3.77487,18.6265,16.6921,-4.22829,17.0922,16.1898,-0.00724506,-4.32295,17.0733,13.983,0.2,-3,0,0.001,-0.001,0,0,0
17:44:07.839,0.4,0.6,0.4,2.7081,5.45435,-0.0856605,-14.1416,-6.08674,-11.8725,0,1.5015,67,51,-3.77487,18.6265,16.6921,-4.22829,17.0922,16.1898,-0.00724506,-4.32297,17.0734,13.984,0.2,-3,0,0.001,-0.001,0,0,0
17:44:07.939,0.4,0.6,0.4,2.7081,5.45307,-0.0856186,-14.1384,-6.08483,-11.8701,0,1.5015,67,51,-3.77487,18.6265,16.6921,-4.22829,17.0922,16.1898,-0.00724506,-4.3229,17.0734,13.984,0.2,-3,0,0.001,-0.001,0,0,0
17:44:08.039,0.4,0.6,0.4,2.7081,5.45611,-0.0856983,-14.1324,-6.08847,-11.8713,0,1.503,67,51,-3.77487,18.6265,16.6921,-4.22829,17.0922,16.1898,-0.00724506,-4.32294,17.0736,13.984,0.2,-3,0,0.002,-0.002,0,0,0
17:44:08.139,0.4,0.6,0.4,2.7071,5.45518,-0.0856903,-14.1301,-6.0873,-11.8697,0,1.503,67,51,-3.77487,18.6265,16.6921,-4.22829,17.0922,16.1898,-0.00724506,-4.32288,17.0738,13.985,0.2,-3,0,0.002,-0.002,0,0,0
17:44:08.239,0.4,0.6,0.4,2.7071,5.45851,-0.0857817,-14.1519,-6.09147,-11.8791,0,1.5015,67,51,-3.77487,18.6265,16.6921,-4.22829,17.0922,16.1898,-0.00724506,-4.32295,17.0739,13.985,0.2,-3,0,0.001,-0.001,0,0,0
17:44:08.339,0.4,0.6,0.4,2.7081,5.46143,-0.0858281,-14.1456,-6.09439,-11.8796,0,1.503,67,51,-3.77487,18.6265,16.6921,-4.22829,17.0922,16.1898,-0.00724506,-4.32295,17.074,13.984,0.2,-3,0,0.002,-0.002,0,0,0
17:44:08.439,0.4,0.6,0.4,2.7061,5.46281,-0.0859224,-14.1626,-6.09709,-11.8865,0,1.5015,67,51,-3.77487,18.6265,16.6921,-4.22829,17.0922,16.1898,-0.00724506,-4.32302,17.0741,13.986,0.2,-3,0,0.001,-0.001,0,0,0
17:44:08.539,0.4,0.6,0.4,2.7071,5.4651,-0.0859533,-14.1683,-6.0993,-11.8898,0,1.5015,67,51,-3.77487,18.6265,16.6921,-4.22829,17.0922,16.1898,-0.00724506,-4.32302,17.0742,13.985,0.2,-3,0,0.001,-0.001,0,0,0
17:44:08.639,0.4,0.6,0.4,2.7071,5.46732,-0.0860198,-14.1738,-6.10233,-11.8937,0,1.5015,67,51,-3.77487,18.6265,16.6921,-4.22829,17.0922,16.1898,-0.00724506,-4.3231,17.0742,13.985,0.2,-3,0,0.001,-0.001,0,0,0
17:44:08.739,0.4,0.6,0.4,2.7071,5.46773,-0.0860264,-14.1748,-6.10263,-11.8942,0,1.5015,67,51,-3.77487,18.6265,16.6921,-4.22829,17.0922,16.1898,-0.00724506,-4.32308,17.0743,13.985,0.2,-3,0,0.001,-0.001,0,0,0
17:44:08.839,0.4,0.6,0.4,2.7061,5.46644,-0.0860146,-14.1716,-6.1013,-11.8923,0,1.5015,67,51,-3.77487,18.6265,16.6921,-4.22829,17.0922,16.1898,-0.00724506,-4.32305,17.0743,13.986,0.2,-3,0,0.001,-0.001,0,0,0
17:44:08.939,0.4,0.6,0.4,2.7061,5.46338,-0.0859185,-14.164,-6.09691,-11.8867,0,1.5015,67,51,-3.77487,18.6265,16.6921,-4.22829,17.0922,16.1898,-0.00724506,-4.32292,17.0745,13.986,0.2,-3,0,0.001,-0.001,0,0,0
17:44:09.039,0.4,0.6,0.4,2.7061,5.45839,-0.0857677,-14.1516,-6.09003,-11.8779,0,1.5015,67,51,-3.77487,18.6265,16.6921,-4.22829,17.0922,16.1898,-0.00724506,-4.32274,17.0745,13.986,0.2,-3,0,0.001,-0.001,0,0,0
17:44:09.139,0.4,0.6,0.4,2.7051,5.45016,-0.0855505,-14.1177,-6.07932,-11.86,0,1.503,67,51,-3.77487,18.6265,16.6921,-4.22829,17.0922,16.1898,-0.00724506,-4.32248,17.0746,13.987,0.2,-3,0,0.002,-0.002,0,0,0
17:44:09.239,0.4,0.6,0.4,2.7051,5.44426,-0.0853698,-14.103,-6.07108,-11.8495,0,1.503,67,51,-3.77487,18.6265,16.6921,-4.22829,17.0922,16.1898,-0.00724506,-4.32226,17.0748,13.987,0.2,-3,0,0.002,-0.002,0,0,0
17:44:09.339,0.4,0.6,0.4,2.7041,5.43685,-0.085174,-14.0847,-6.06135,-11.8368,0,1.503,67,51,-3.77487,18.6265,16.6921,-4.22829,17.0922,16.1898,-0.00724506,-4.32201,17.0749,13.988,0.2,-3,0,0.002,-0.002,0,0,0
17:44:09.439,0.4,0.6,0.4,2.7051,5.43221,-0.0850077,-14.0866,-6.05456,-11.832,0,1.5015,67,51,-3.77487,18.6265,16.6921,-4.22829,17.0922,16.1898,-0.00724506,-4.32183,17.0749,13.987,0.2,-3,0,0.001,-0.001,0,0,0
17:44:09.539,0.4,0.6,0.4,2.7041,5.42458,-0.0848113,-14.0542,-6.0448,-11.8153,0,1.503,67,51,-3.77487,18.6265,16.6921,-4.22829,17.0922,16.1898,-0.00724506,-4.32161,17.075,13.988,0.2,-3,0,0.002,-0.002,0,0,0
17:44:09.639,0.4,0.6,0.4,2.7041,5.42296,-0.0847657,-14.0502,-6.04272,-11.8126,0,1.503,67,51,-3.77487,18.6265,16.6921,-4.22829,17.0922,16.1898,-0.00724506,-4.32158,17.0749,13.988,0.2,-3,0,0.002,-0.002,0,0,0
17:44:09.739,0.4,0.6,0.4,2.7041,5.42084,-0.0847051,-14.0584,-6.03995,-11.8127,0,1.5015,67,51,-3.77487,18.6265,16.6921,-4.22829,17.0922,16.1898,-0.00724506,-4.32152,17.0749,13.988,0.2,-3,0,0.001,-0.001,0,0,0
17:44:09.839,0.4,0.6,0.4,2.7031,5.4176,-0.0846496,-14.0504,-6.03662,-11.8079,0,1.5015,67,51,-3.77487,18.6265,16.6921,-4.22829,17.0922,16.1898,-0.00724506,-4.32151,17.0748,13.989,0.2,-3,0,0.001,-0.001,0,0,0
17:44:09.939,0.4,0.6,0.4,2.7041,5.41489,-0.0845489,-14.0436,-6.03282,-11.803,0,1.5015,67,51,-3.77487,18.6265,16.6921,-4.22829,17.0922,16.1898,-0.00724506,-4.32144,17.0746,13.988,0.2,-3,0,0.001,-0.001,0,0,0
17:44:10.039,0.4,0.6,0.4,2.7051,5.41621,-0.0845662,-14.0469,-6.03441,-11.8052,0,1.5015,67,51,-3.77487,18.6265,16.6921,-4.22829,17.0922,16.1898,-0.00724506,-4.3215,17.0745,13.987,0.2,-3,0,0.001,-0.001,0,0,0
17:44:10.139,0.4,0.6,0.4,2.7041,5.41525,-0.0845718,-14.0445,-6.03387,-11.8041,0,1.5015,67,51,-3.77487,18.6265,16.6921,-4.22829,17.0922,16.1898,-0.00724506,-4.32153,17.0744,13.988,0.2,-3,0,0.001,-0.001,0,0,0
17:44:10.239,0.4,0.6,0.4,2.7051,5.41988,-0.0846832,-14.056,-6.03975,-11.8119,0,1.5015,67,51,-3.77487,18.6265,16.6921,-4.22829,17.0922,16.1898,-0.00724506,-4.32167,17.0743,13.987,0.2,-3,0,0.001,-0.001,0,0,0
17:44:10.339,0.4,0.6,0.4,2.7051,5.42267,-0.0847648,-14.063,-6.04348,-11.8167,0,1.5015,67,51,-3.77487,18.6265,16.6921,-4.22829,17.0922,16.1898,-0.00724506,-4.32176,17.0743,13.987,0.2,-3,0,0.001,-0.001,0,0,0
17:44:10.439,0.4,0.6,0.4,2.7051,5.42526,-0.0848432,-14.0694,-6.04706,-11.8213,0,1.5015,67,51,-3.77487,18.6265,16.6921,-4.22829,17.0922,16.1898,-0.00724506,-4.32185,17.0743,13.987,0.2,-3,0,0.001,-0.001,0,0,0
17:44:10.539,0.4,0.6,0.4,2.7061,5.42675,-0.0848583,-14.0731,-6.04854,-11.8235,0,1.5015,67,51,-3.77487,18.6265,16.6921,-4.22829,17.0922,16.1898,-0.00724506,-4.32187,17.0743,13.986,0.2,-3,0,0.001,-0.001,0,0,0
17:44:10.639,0.4,0.6,0.4,2.7051,5.42568,-0.0848581,-14.0704,-6.04773,-11.8222,0,1.5015,67,51,-3.77487,18.6265,16.6921,-4.22829,17.0922,16.1898,-0.00724506,-4.32188,17.0742,13.987,0.2,-3,0,0.001,-0.001,0,0,0
17:44:10.739,0.4,0.6,0.4,2.7051,5.42343,-0.0847943,-14.0648,-6.04482,-11.8183,0,1.5015,67,51,-3.77487,18.6265,16.6921,-4.22829,17.0922,16.1898,-0.00724506,-4.32182,17.0742,13.987,0.2,-3,0,0.001,-0.001,0,0,0
17:44:10.839,0.4,0.6,0.4,2.7051,5.42423,-0.0848185,-14.0668,-6.04593,-11.8197,0,1.5015,67,51,-3.77487,18.6265,16.6921,-4.22829,17.0922,16.1898,-0.00724506,-4.32185,17.0742,13.987,0.2,-3,0,0.001,-0.001,0,0,0
17:44:10.939,0.4,0.6,0.4,2.7051,5.42436,-0.0848216,-14.0672,-6.04607,-11.8199,0,1.5015,67,51,-3.77487,18.6265,16.6921,-4.22829,17.0922,16.1898,-0.00724506,-4.32185,17.0742,13.987,0.2,-3,0,0.001,-0.001,0,0,0
17:44:11.039,0.4,0.6,0.4,2.7051,5.42641,-0.084882,-14.0722,-6.04882,-11.8235,0,1.5015,67,51,-3.77487,18.6265,16.6921,-4.22829,17.0922,16.1898,-0.00724506,-4.32192,17.0742,13.987,0.2,-3,0,0.001,-0.001,0,0,0
17:44:11.139,0.4,0.6,0.4,2.7051,5.42628,-0.0848789,-14.0719,-6.04868,-11.8233,0,1.5015,67,51,-3.77487,18.6265,16.6921,-4.22829,17.0922,16.1898,-0.00724506,-4.32192,17.0742,13.987,0.2,-3,0,0.001,-0.001,0,0,0
17:44:11.239,0.4,0.6,0.4,2.7061,5.42958,-0.0849456,-14.0801,-6.05252,-11.8286,0,1.5015,67,51,-3.77487,18.6265,16.6921,-4.22829,17.0922,16.1898,-0.00724506,-4.32198,17.0742,13.986,0.2,-3,0,0.001,-0.001,0,0,0
17:44:11.339,0.4,0.6,0.4,2.7051,5.43008,-0.0849881,-14.0813,-6.05366,-11.8298,0,1.5015,67,51,-3.77487,18.6265,16.6921,-4.22829,17.0922,16.1898,-0.00724506,-4.32202,17.0742,13.987,0.2,-3,0,0.001,-0.001,0,0,0
17:44:11.439,0.4,0.6,0.4,2.7061,5.43387,-0.0850698,-14.0908,-6.05819,-11.836,0,1.5015,67,51,-3.77487,18.6265,16.6921,-4.22829,17.0922,16.1898,-0.00724506,-4.32211,17.0742,13.986,0.2,-3,0,0.001,-0.001,0,0,0
17:44:11.539,0.4,0.6,0.4,2.7051,5.43424,-0.0851092,-14.0917,-6.05919,-11.837,0,1.5015,67,51,-3.77487,18.6265,16.6921,-4.22829,17.0922,16.1898,-0.00724506,-4.32214,17.0742,13.987,0.2,-3,0,0.001,-0.001,0,0,0
17:44:11.639,0.4,0.6,0.4,2.7051,5.4336,-0.0850937,-14.0901,-6.05848,-11.836,0,1.5015,67,51,-3.77487,18.6265,16.6921,-4.22829,17.0922,16.1898,-0.00724506,-4.32214,17.0742,13.987,0.2,-3,0,0.001,-0.001,0,0,0
17:44:11.739,0.4,0.6,0.4,2.7051,5.4308,-0.085012,-14.0832,-6.05475,-11.8312,0,1.5015,67,51,-3.77487,18.6265,16.6921,-4.22829,17.0922,16.1898,-0.00724506,-4.32206,17.0742,13.987,0.2,-3,0,0.001,-0.001,0,0,0
17:44:11.839,0.4,0.6,0.4,2.7041,5.42699,-0.084933,-14.0737,-6.05035,-11.8251,0,1.5015,67,51,-3.77487,18.6265,16.6921,-4.22829,17.0922,16.1898,-0.00724506,-4.32199,17.0741,13.988,0.2,-3,0,0.001,-0.001,0,0,0
17:44:11.939,0.4,0.6,0.4,2.7041,5.4219,-0.0847846,-14.061,-6.04358,-11.8163,0,1.5015,67,51,-3.77487,18.6265,16.6921,-4.22829,17.0922,16.1898,-0.00724506,-4.32184,17.0741,13.988,0.2,-3,0,0.001,-0.001,0,0,0
17:44:12.039,0.4,0.6,0.4,2.7051,5.42134,-0.0847392,-14.0597,-6.04231,-11.8149,0,1.5015,67,51,-3.77487,18.6265,16.6921,-4.22829,17.0922,16.1898,-0.00724506,-4.32179,17.0741,13.987,0.2,-3,0,0.001,-0.001,0,0,0
17:44:12.139,0.4,0.6,0.4,2.7041,5.41713,-0.0846427,-14.0492,-6.03711,-11.8079,0,1.5015,67,51,-3.77487,18.6265,16.6921,-4.22829,17.0922,16.1898,-0.00724506,-4.32168,17.0741,13.988,0.2,-3,0,0.001,-0.001,0,0,0
17:44:12.239,0.4,0.6,0.4,2.7041,5.42166,-0.0847758,-14.0604,-6.04318,-11.8158,0,1.5015,67,51,-3.77487,18.6265,16.6921,-4.22829,17.0922,16.1898,-0.00724506,-4.32182,17.0741,13.988,0.2,-3,0,0.001,-0.001,0,0,0
17:44:12.339,0.4,0.6,0.4,2.7041,5.42336,-0.0848216,-14.0647,-6.04527,-11.8186,0,1.5015,67,51,-3.77487,18.6265,16.6921,-4.22829,17.0922,16.1898,-0.00724506,-4.32185,17.0742,13.988,0.2,-3,0,0.001,-0.001,0,0,0
17:44:12.439,0.4,0.6,0.4,2.7051,5.42927,-0.0849639,-14.0794,-6.05256,-11.8284,0,1.5015,67,51,-3.77487,18.6265,16.6921,-4.22829,17.0922,16.1898,-0.00724506,-4.32199,17.0742,13.987,0.2,-3,0,0.001,-0.001,0,0,0
17:44:12.539,0.4,0.6,0.4,2.7061,5.4303,-0.0849612,-14.0819,-6.05324,-11.8297,0,1.5015,67,51,-3.77487,18.6265,16.6921,-4.22829,17.0922,16.1898,-0.00724506,-4.32197,17.0743,13.986,0.2,-3,0,0.001,-0.001,0,0,0
17:44:12.639,0.4,0.6,0.4,2.7061,5.43772,-0.0851818,-14.1003,-6.0633,-11.8427,0,1.5015,67,51,-3.77487,18.6265,16.6921,-4.22829,17.0922,16.1898,-0.00724506,-4.32222,17.0742,13.986,0.2,-3,0,0.001,-0.001,0,0,0
17:44:12.739,0.4,0.6,0.4,2.7071,5.44307,-0.0853089,-14.1136,-6.0699,-11.8515,0,1.5015,67,51,-3.77487,18.6265,16.6921,-4.22829,17.0922,16.1898,-0.00724506,-4.32235,17.0742,13.985,0.2,-3,0,0.001,-0.001,0,0,0
17:44:12.839,0.4,0.6,0.4,2.7081,5.45281,-0.0855659,-14.1378,-6.08243,-11.8681,0,1.5015,67,51,-3.77487,18.6265,16.6921,-4.22829,17.0922,16.1898,-0.00724506,-4.32263,17.0742,13.984,0.2,-3,0,0.001,-0.001,0,0,0
17:44:12.939,0.4,0.6,0.4,2.7081,5.45787,-0.0857087,-14.1503,-6.08894,-11.8767,0,1.5015,67,51,-3.77487,18.6265,16.6921,-4.22829,17.0922,16.1898,-0.00724506,-4.32275,17.0743,13.984,0.2,-3,0,0.001,-0.001,0,0,0
17:44:13.039,0.4,0.6,0.4,2.7081,5.46446,-0.0858995,-14.1667,-6.09765,-11.888,0,1.5015,67,51,-3.77487,18.6265,16.6921,-4.22829,17.0922,16.1898,-0.00724506,-4.32294,17.0743,13.984,0.2,-3,0,0.001,-0.001,0,0,0
17:44:13.139,0.4,0.6,0.4,2.7091,5.46815,-0.0859754,-14.1758,-6.10191,-11.8939,0,1.5015,67,51,-3.77487,18.6265,16.6921,-4.22829,17.0922,16.1898,-0.00724506,-4.323,17.0744,13.983,0.2,-3,0,0.001,-0.001,0,0,0
17:44:13.239,0.4,0.6,0.4,2.7091,5.4743,-0.0861541,-14.1911,-6.11006,-11.9046,0,1.5015,67,51,-3.77487,18.6265,16.6921,-4.22829,17.0922,16.1898,-0.00724506,-4.32318,17.0744,13.983,0.2,-3,0,0.001,-0.001,0,0,0
17:44:13.339,0.4,0.6,0.4,2.7091,5.47755,-0.0862453,-14.1991,-6.11422,-11.9101,0,1.5015,67,51,-3.77487,18.6265,16.6921,-4.22829,17.0922,16.1898,-0.00724506,-4.32326,17.0745,13.983,0.2,-3,0,0.001,-0.001,0,0,0
17:44:13.439,0.4,0.6,0.4,2.7081,5.48208,-0.0864058,-14.2104,-6.12074,-11.9183,0,1.5015,67,51,-3.77487,18.6265,16.6921,-4.22829,17.0922,16.1898,-0.00724506,-4.32342,17.0745,13.984,0.2,-3,0,0.001,-0.001,0,0,0
17:44:13.539,0.4,0.6,0.4,2.7091,5.48536,-0.0864669,-14.2185,-6.12433,-11.9234,0,1.5015,67,51,-3.77487,18.6265,16.6921,-4.22829,17.0922,16.1898,-0.00724506,-4.32346,17.0746,13.983,0.2,-3,0,0.001,-0.001,0,0,0
17:44:13.639,0.4,0.6,0.4,2.7091,5.49089,-0.0866274,-14.2322,-6.13165,-11.9329,0,1.5015,67,51,-3.77487,18.6265,16.6921,-4.22829,17.0922,16.1898,-0.00724506,-4.32362,17.0746,13.983,0.2,-3,0,0.001,-0.001,0,0,0
17:44:13.739,0.4,0.6,0.4,2.7091,5.49367,-0.0867008,-14.2255,-6.135,-11.9336,0,1.503,67,51,-3.77487,18.6265,16.6921,-4.22829,17.0922,16.1898,-0.00724506,-4.32366,17.0747,13.983,0.2,-3,0,0.002,-0.002,0,0,0
17:44:13.839,0.4,0.6,0.4,2.7081,5.49618,-0.0867982,-14.2453,-6.13864,-11.942,0,1.5015,67,51,-3.77487,18.6265,16.6921,-4.22829,17.0922,16.1898,-0.00724506,-4.32373,17.0748,13.984,0.2,-3,0,0.001,-0.001,0,0,0
17:44:13.939,0.4,0.6,0.4,2.7081,5.49592,-0.0867838,-14.2447,-6.13799,-11.9413,0,1.5015,67,51,-3.77487,18.6265,16.6921,-4.22829,17.0922,16.1898,-0.00724506,-4.32368,17.0749,13.984,0.2,-3,0,0.001,-0.001,0,0,0
17:44:14.039,0.4,0.6,0.4,2.7081,5.49868,-0.0868599,-14.2515,-6.14146,-11.946,0,1.5015,67,51,-3.77487,18.6265,16.6921,-4.22829,17.0922,16.1898,-0.00724506,-4.32374,17.075,13.984,0.2,-3,0,0.001,-0.001,0,0,0
17:44:14.139,0.4,0.6,0.4,2.7081,5.49904,-0.0868636,-14.2524,-6.14163,-11.9463,0,1.5015,67,51,-3.77487,18.6265,16.6921,-4.22829,17.0922,16.1898,-0.00724506,-4.32371,17.0751,13.984,0.2,-3,0,0.001,-0.001,0,0,0
17:44:14.239,0.4,0.6,0.4,2.7081,5.50421,-0.0870122,-14.2652,-6.1484,-11.9552,0,1.5015,67,51,-3.77487,18.6265,16.6921,-4.22829,17.0922,16.1898,-0.00724506,-4.32385,17.0752,13.984,0.2,-3,0,0.001,-0.001,0,0,0
17:44:14.339,0.4,0.6,0.4,2.7081,5.5071,-0.0870914,-14.2724,-6.15202,-11.96,0,1.5015,67,51,-3.77487,18.6265,16.6921,-4.22829,17.0922,16.1898,-0.00724506,-4.32391,17.0752,13.984,0.2,-3,0,0.001,-0.001,0,0,0
17:44:14.439,0.4,0.6,0.4,2.7101,5.51401,-0.0872338,-14.2895,-6.16011,-11.9712,0,1.5015,67,51,-3.77487,18.6265,16.6921,-4.22829,17.0922,16.1898,-0.00724506,-4.32405,17.0753,13.982,0.2,-3,0,0.001,-0.001,0,0,0
17:44:14.539,0.4,0.6,0.4,2.7101,5.51585,-0.0872827,-14.2941,-6.16234,-11.9742,0,1.5015,67,51,-3.77487,18.6265,16.6921,-4.22829,17.0922,16.1898,-0.00724506,-4.32408,17.0753,13.982,0.2,-3,0,0.001,-0.001,0,0,0
17:44:14.639,0.4,0.6,0.4,2.7101,5.51908,-0.0873765,-14.3021,-6.16662,-11.9797,0,1.5015,67,51,-3.77487,18.6265,16.6921,-4.22829,17.0922,16.1898,-0.00724506,-4.32418,17.0754,13.982,0.2,-3,0,0.001,-0.001,0,0,0
17:44:14.739,0.4,0.6,0.4,2.7101,5.51825,-0.0873468,-14.2863,-6.16527,-11.9743,0,1.503,67,51,-3.77487,18.6265,16.6921,-4.22829,17.0922,16.1898,-0.00724506,-4.32412,17.0754,13.982,0.2,-3,0,0.002,-0.002,0,0,0
17:44:14.839,0.4,0.6,0.4,2.7091,5.52164,-0.0874686,-14.2947,-6.17002,-11.9803,0,1.503,67,51,-3.77487,18.6265,16.6921,-4.22829,17.0922,16.1898,-0.00724506,-4.32421,17.0756,13.983,0.2,-3,0,0.002,-0.002,0,0,0
17:44:14.939,0.4,0.6,0.4,2.7101,5.52457,-0.087515,-14.302,-6.17294,-11.9846,0,1.503,67,51,-3.77487,18.6265,16.6921,-4.22829,17.0922,16.1898,-0.00724506,-4.32421,17.0757,13.982,0.2,-3,0,0.002,-0.002,0,0,0
17:44:15.039,0.4,0.6,0.4,2.7101,5.52749,-0.0875998,-14.3229,-6.17681,-11.9935,0,1.5015,67,51,-3.77487,18.6265,16.6921,-4.22829,17.0922,16.1898,-0.00724506,-4.3243,17.0757,13.982,0.2,-3,0,0.001,-0.001,0,0,0
17:44:15.139,0.4,0.6,0.4,2.7091,5.5274,-0.0876215,-14.309,-6.177,-11.9898,0,1.503,67,51,-3.77487,18.6265,16.6921,-4.22829,17.0922,16.1898,-0.00724506,-4.3243,17.0758,13.983,0.2,-3,0,0.002,-0.002,0,0,0
17:44:15.239,0.4,0.6,0.4,2.7091,5.53073,-0.0877211,-14.3172,-6.18154,-11.9956,0,1.503,67,51,-3.77487,18.6265,16.6921,-4.22829,17.0922,16.1898,-0.00724506,-4.32441,17.0758,13.983,0.2,-3,0,0.002,-0.002,0,0,0
17:44:15.339,0.4,0.6,0.4,2.7101,5.53256,-0.0877426,-14.3355,-6.18332,-12.0021,0,1.5015,67,51,-3.77487,18.6265,16.6921,-4.22829,17.0922,16.1898,-0.00724506,-4.32442,17.0758,13.982,0.2,-3,0,0.001,-0.001,0,0,0
17:44:15.439,0.4,0.6,0.4,2.7111,5.53599,-0.0878205,-14.344,-6.18768,-12.0079,0,1.5015,67,51,-3.77487,18.6265,16.6921,-4.22829,17.0922,16.1898,-0.00724506,-4.32454,17.0757,13.981,0.2,-3,0,0.001,-0.001,0,0,0
17:44:15.539,0.4,0.6,0.4,2.7111,5.53517,-0.0877991,-14.3419,-6.1867,-12.0066,0,1.5015,67,51,-3.77487,18.6265,16.6921,-4.22829,17.0922,16.1898,-0.00724506,-4.32453,17.0757,13.981,0.2,-3,0,0.001,-0.001,0,0,0
17:44:15.639,0.4,0.6,0.4,2.7111,5.5324,-0.0877229,-14.3351,-6.18322,-12.0019,0,1.5015,67,51,-3.77487,18.6265,16.6921,-4.22829,17.0922,16.1898,-0.00724506,-4.32447,17.0756,13.981,0.2,-3,0,0.001,-0.001,0,0,0
17:44:15.739,0.4,0.6,0.4,2.7111,5.52584,-0.0875294,-14.3051,-6.1744,-11.9867,0,1.503,67,51,-3.77487,18.6265,16.6921,-4.22829,17.0922,16.1898,-0.00724506,-4.32426,17.0756,13.981,0.2,-3,0,0.002,-0.002,0,0,0
17:44:15.839,0.4,0.6,0.4,2.7121,5.52151,-0.0873805,-14.3081,-6.1684,-11.9828,0,1.5015,67,51,-3.77487,18.6265,16.6921,-4.22829,17.0922,16.1898,-0.00724506,-4.32414,17.0755,13.98,0.2,-3,0,0.001,-0.001,0,0,0
17:44:15.939,0.4,0.6,0.4,2.7131,5.51527,-0.0871741,-14.2926,-6.15979,-11.9718,0,1.5015,67,51,-3.77487,18.6265,16.6921,-4.22829,17.0922,16.1898,-0.00724506,-4.32395,17.0754,13.979,0.2,-3,0,0.001,-0.001,0,0,0
17:44:16.039,0.4,0.6,0.4,2.7151,5.51219,-0.0870341,-14.285,-6.155,-11.9659,0,1.5015,67,51,-3.77487,18.6265,16.6921,-4.22829,17.0922,16.1898,-0.00724506,-4.32385,17.0753,13.977,0.2,-3,0,0.001,-0.001,0,0,0
17:44:16.139,0.4,0.6,0.4,2.7151,5.50453,-0.0868129,-14.266,-6.14491,-11.9527,0,1.5015,67,51,-3.77487,18.6265,16.6921,-4.22829,17.0922,16.1898,-0.00724506,-4.32363,17.0752,13.977,0.2,-3,0,0.001,-0.001,0,0,0
17:44:16.239,0.4,0.6,0.4,2.7151,5.50188,-0.0867425,-14.2731,-6.1417,-11.9522,0,1.5,67,51,-3.77487,18.6265,16.6921,-4.22829,17.0922,16.1898,-0.00724506,-4.32359,17.0751,13.977,0.2,-3,0,0,0,0,0,0
17:44:16.339,0.4,0.6,0.4,2.7151,5.49568,-0.0865692,-14.2577,-6.1338,-11.9417,0,1.5,67,51,-3.77487,18.6265,16.6921,-4.22829,17.0922,16.1898,-0.00724506,-4.32345,17.075,13.977,0.2,-3,0,0,0,0,0,0
17:44:16.439,0.4,0.6,0.4,2.7161,5.49431,-0.0865106,-14.2543,-6.13193,-11.9393,0,1.5,67,51,-3.77487,18.6265,16.6921,-4.22829,17.0922,16.1898,-0.00724506,-4.32344,17.0748,13.976,0.2,-3,0,0,0,0,0,0
17:44:16.539,0.4,0.6,0.4,2.7161,5.48906,-0.0863619,-14.2277,-6.12514,-11.9266,0,1.5015,67,51,-3.77487,18.6265,16.6921,-4.22829,17.0922,16.1898,-0.00724506,-4.32331,17.0747,13.976,0.2,-3,0,0.001,-0.001,0,0,0
17:44:16.639,0.4,0.6,0.4,2.7141,5.48531,-0.0863132,-14.2184,-6.12132,-11.921,0,1.5015,67,51,-3.77487,18.6265,16.6921,-4.22829,17.0922,16.1898,-0.00724506,-4.32327,17.0747,13.978,0.2,-3,0,0.001,-0.001,0,0,0
17:44:16.739,0.4,0.6,0.4,2.7141,5.48014,-0.0861646,-14.2056,-6.11454,-11.9121,0,1.5015,67,51,-3.77487,18.6265,16.6921,-4.22829,17.0922,16.1898,-0.00724506,-4.32313,17.0746,13.978,0.2,-3,0,0.001,-0.001,0,0,0
17:44:16.839,0.4,0.6,0.4,2.7151,5.47995,-0.0861312,-14.2051,-6.11382,-11.9114,0,1.5015,67,51,-3.77487,18.6265,16.6921,-4.22829,17.0922,16.1898,-0.00724506,-4.3231,17.0746,13.977,0.2,-3,0,0.001,-0.001,0,0,0
17:44:16.939,0.4,0.6,0.4,2.7171,5.47602,-0.0859532,-14.1785,-6.10729,-11.8989,0,1.50335,67,51,-3.77487,18.6265,16.6921,-4.22829,17.0922,16.1898,-0.00724506,-4.32289,17.0747,13.975,0.2,-3,0,0.00223607,-0.00223607,0,0,0
17:44:17.039,0.4,0.6,0.4,2.7161,5.47349,-0.0859051,-14.1891,-6.1043,-11.8995,0,1.5015,67,51,-3.77487,18.6265,16.6921,-4.22829,17.0922,16.1898,-0.00724506,-4.32282,17.0747,13.976,0.2,-3,0,0.001,-0.001,0,0,0
17:44:17.139,0.4,0.6,0.4,2.7161,5.46703,-0.0857174,-14.173,-6.09574,-11.8883,0,1.5015,67,51,-3.77487,18.6265,16.6921,-4.22829,17.0922,16.1898,-0.00724506,-4.32264,17.0747,13.976,0.2,-3,0,0.001,-0.001,0,0,0
17:44:17.239,0.4,0.6,0.4,2.7181,5.46696,-0.0856596,-14.1593,-6.0947,-11.8837,0,1.503,67,51,-3.77487,18.6265,16.6921,-4.22829,17.0922,16.1898,-0.00724506,-4.32259,17.0747,13.974,0.2,-3,0,0.002,-0.002,0,0,0
17:44:17.339,0.4,0.6,0.4,2.7181,5.46127,-0.0854904,-14.1452,-6.08698,-11.8737,0,1.503,67,51,-3.77487,18.6265,16.6921,-4.22829,17.0922,16.1898,-0.00724506,-4.3224,17.0747,13.974,0.2,-3,0,0.002,-0.002,0,0,0
17:44:17.439,0.4,0.6,0.4,2.7171,5.45875,-0.0854506,-14.1525,-6.08437,-11.8737,0,1.5015,67,51,-3.77487,18.6265,16.6921,-4.22829,17.0922,16.1898,-0.00724506,-4.32238,17.0746,13.975,0.2,-3,0,0.001,-0.001,0,0,0
17:44:17.539,0.4,0.6,0.4,2.7171,5.4534,-0.0852961,-14.1392,-6.07732,-11.8645,0,1.5015,67,51,-3.77487,18.6265,16.6921,-4.22829,17.0922,16.1898,-0.00724506,-4.32223,17.0746,13.975,0.2,-3,0,0.001,-0.001,0,0,0
17:44:17.639,0.4,0.6,0.4,2.7171,5.45498,-0.085347,-14.1432,-6.07964,-11.8674,0,1.5015,67,51,-3.77487,18.6265,16.6921,-4.22829,17.0922,16.1898,-0.00724506,-4.3223,17.0745,13.975,0.2,-3,0,0.001,-0.001,0,0,0
17:44:17.739,0.4,0.6,0.4,2.7181,5.45324,-0.0852682,-14.1388,-6.07685,-11.864,0,1.5015,67,51,-3.77487,18.6265,16.6921,-4.22829,17.0922,16.1898,-0.00724506,-4.32223,17.0745,13.974,0.2,-3,0,0.001,-0.001,0,0,0
17:44:17.839,0.4,0.6,0.4,2.7171,5.4541,-0.0853227,-14.141,-6.07853,-11.8659,0,1.5015,67,51,-3.77487,18.6265,16.6921,-4.22829,17.0922,16.1898,-0.00724506,-4.32229,17.0745,13.975,0.2,-3,0,0.001,-0.001,0,0,0
17:44:17.939,0.4,0.6,0.4,2.7171,5.45164,-0.0852474,-14.1349,-6.0751,-11.8615,0,1.5015,67,51,-3.77487,18.6265,16.6921,-4.22829,17.0922,16.1898,-0.00724506,-4.32219,17.0746,13.975,0.2,-3,0,0.001,-0.001,0,0,0
17:44:18.039,0.4,0.6,0.4,2.7171,5.45232,-0.0852684,-14.1365,-6.07606,-11.8628,0,1.5015,67,51,-3.77487,18.6265,16.6921,-4.22829,17.0922,16.1898,-0.00724506,-4.32222,17.0745,13.975,0.2,-3,0,0.001,-0.001,0,0,0
17:44:18.139,0.4,0.6,0.4,2.7181,5.44841,-0.0851261,-14.1268,-6.07036,-11.8556,0,1.5015,67,51,-3.77487,18.6265,16.6921,-4.22829,17.0922,16.1898,-0.00724506,-4.32208,17.0745,13.974,0.2,-3,0,0.001,-0.001,0,0,0
17:44:18.239,0.4,0.6,0.4,2.7181,5.44841,-0.0851261,-14.1268,-6.07036,-11.8556,0,1.5015,67,51,-3.77487,18.6265,16.6921,-4.22829,17.0922,16.1898,-0.00724506,-4.32208,17.0745,13.974,0.2,-3,0,0.001,-0.001,0,0,0
17:44:18.339,0.4,0.6,0.4,2.7191,5.44563,-0.0850143,-14.1199,-6.06606,-11.8503,0,1.5015,67,51,-3.77487,18.6265,16.6921,-4.22829,17.0922,16.1898,-0.00724506,-4.32195,17.0745,13.973,0.2,-3,0,0.001,-0.001,0,0,0
17:44:18.439,0.4,0.6,0.4,2.7181,5.44644,-0.0850659,-14.1219,-6.06761,-11.8521,0,1.5015,67,51,-3.77487,18.6265,16.6921,-4.22829,17.0922,16.1898,-0.00724506,-4.322,17.0746,13.974,0.2,-3,0,0.001,-0.001,0,0,0
17:44:18.539,0.4,0.6,0.4,2.7171,5.44277,-0.0849873,-14.1128,-6.06323,-11.8461,0,1.5015,67,51,-3.77487,18.6265,16.6921,-4.22829,17.0922,16.1898,-0.00724506,-4.32192,17.0746,13.975,0.2,-3,0,0.001,-0.001,0,0,0
17:44:18.639,0.4,0.6,0.4,2.7171,5.44657,-0.0850964,-14.1223,-6.06821,-11.8526,0,1.5015,67,51,-3.77487,18.6265,16.6921,-4.22829,17.0922,16.1898,-0.00724506,-4.32202,17.0746,13.975,0.2,-3,0,0.001,-0.001,0,0,0
17:44:18.739,0.4,0.6,0.4,2.7181,5.44738,-0.0850822,-14.1107,-6.06836,-11.8495,0,1.503,67,51,-3.77487,18.6265,16.6921,-4.22829,17.0922,16.1898,-0.00724506,-4.32196,17.0747,13.974,0.2,-3,0,0.002,-0.002,0,0,0
17:44:18.839,0.4,0.6,0.4,2.7171,5.4506,-0.0851952,-14.1188,-6.07272,-11.8552,0,1.503,67,51,-3.77487,18.6265,16.6921,-4.22829,17.0922,16.1898,-0.00724506,-4.32203,17.0749,13.975,0.2,-3,0,0.002,-0.002,0,0,0
17:44:18.939,0.4,0.6,0.4,2.7171,5.44886,-0.0851356,-14.1144,-6.07,-11.8518,0,1.503,67,51,-3.77487,18.6265,16.6921,-4.22829,17.0922,16.1898,-0.00724506,-4.32193,17.0751,13.975,0.2,-3,0,0.002,-0.002,0,0,0
17:44:19.039,0.4,0.6,0.4,2.7171,5.45253,-0.0852417,-14.1371,-6.07483,-11.862,0,1.5015,67,51,-3.77487,18.6265,16.6921,-4.22829,17.0922,16.1898,-0.00724506,-4.32203,17.0751,13.975,0.2,-3,0,0.001,-0.001,0,0,0
17:44:19.139,0.4,0.6,0.4,2.7181,5.45226,-0.0851998,-14.1197,-6.07372,-11.8562,0,1.50335,67,51,-3.77487,18.6265,16.6921,-4.22829,17.0922,16.1898,-0.00724506,-4.32196,17.0752,13.974,0.2,-3,0,0.00223607,-0.00223607,0,0,0
17:44:19.239,0.4,0.6,0.4,2.7181,5.45619,-0.085312,-14.1294,-6.07884,-11.8629,0,1.50335,67,51,-3.77487,18.6265,16.6921,-4.22829,17.0922,16.1898,-0.00724506,-4.32207,17.0752,13.974,0.2,-3,0,0.00223607,-0.00223607,0,0,0
17:44:19.339,0.4,0.6,0.4,2.7171,5.45517,-0.0853038,-14.1269,-6.07767,-11.8613,0,1.50335,67,51,-3.77487,18.6265,16.6921,-4.22829,17.0922,16.1898,-0.00724506,-4.32202,17.0753,13.975,0.2,-3,0,0.00223607,-0.00223607,0,0,0
17:44:19.439,0.4,0.6,0.4,2.7171,5.45828,-0.0853946,-14.1346,-6.08181,-11.8667,0,1.50335,67,51,-3.77487,18.6265,16.6921,-4.22829,17.0922,16.1898,-0.00724506,-4.32212,17.0753,13.975,0.2,-3,0,0.00223607,-0.00223607,0,0,0
17:44:19.539,0.4,0.6,0.4,2.7171,5.45595,-0.0853224,-14.1288,-6.07852,-11.8625,0,1.50335,67,51,-3.77487,18.6265,16.6921,-4.22829,17.0922,16.1898,-0.00724506,-4.32202,17.0754,13.975,0.2,-3,0,0.00223607,-0.00223607,0,0,0
17:44:19.639,0.4,0.6,0.4,2.7171,5.45846,-0.0854006,-14.135,-6.08208,-11.867,0,1.50335,67,51,-3.77487,18.6265,16.6921,-4.22829,17.0922,16.1898,-0.00724506,-4.32212,17.0753,13.975,0.2,-3,0,0.00223607,-0.00223607,0,0,0
17:44:19.739,0.4,0.6,0.4,2.7171,5.45655,-0.0853432,-14.1303,-6.07947,-11.8637,0,1.50335,67,51,-3.77487,18.6265,16.6921,-4.22829,17.0922,16.1898,-0.00724506,-4.32206,17.0754,13.975,0.2,-3,0,0.00223607,-0.00223607,0,0,0
17:44:19.839,0.4,0.6,0.4,2.7161,5.45566,-0.0853572,-14.1448,-6.07931,-11.8676,0,1.5015,67,51,-3.77487,18.6265,16.6921,-4.22829,17.0922,16.1898,-0.00724506,-4.32212,17.0752,13.976,0.2,-3,0,0.001,-0.001,0,0,0
17:44:19.939,0.4,0.6,0.4,2.7161,5.44998,-0.0851963,-14.1172,-6.07196,-11.8542,0,1.503,67,51,-3.77487,18.6265,16.6921,-4.22829,17.0922,16.1898,-0.00724506,-4.32198,17.0751,13.976,0.2,-3,0,0.002,-0.002,0,0,0
17:44:20.039,0.4,0.6,0.4,2.7161,5.45043,-0.0852167,-14.1319,-6.0729,-11.859,0,1.5015,67,51,-3.77487,18.6265,16.6921,-4.22829,17.0922,16.1898,-0.00724506,-4.32204,17.075,13.976,0.2,-3,0,0.001,-0.001,0,0,0
17:44:20.139,0.4,0.6,0.4,2.7151,5.44482,-0.0850834,-14.1044,-6.06601,-11.8459,0,1.503,67,51,-3.77487,18.6265,16.6921,-4.22829,17.0922,16.1898,-0.00724506,-4.32191,17.0749,13.977,0.2,-3,0,0.002,-0.002,0,0,0
17:44:20.239,0.4,0.6,0.4,2.7161,5.44713,-0.0851309,-14.1237,-6.06898,-11.8536,0,1.5015,67,51,-3.77487,18.6265,16.6921,-4.22829,17.0922,16.1898,-0.00724506,-4.322,17.0748,13.976,0.2,-3,0,0.001,-0.001,0,0,0
17:44:20.339,0.4,0.6,0.4,2.7161,5.44468,-0.0850638,-14.1176,-6.06592,-11.8495,0,1.5015,67,51,-3.77487,18.6265,16.6921,-4.22829,17.0922,16.1898,-0.00724506,-4.32195,17.0747,13.976,0.2,-3,0,0.001,-0.001,0,0,0
17:44:20.439,0.4,0.6,0.4,2.7161,5.44818,-0.0851721,-14.1263,-6.07086,-11.8558,0,1.5015,67,51,-3.77487,18.6265,16.6921,-4.22829,17.0922,16.1898,-0.00724506,-4.3221,17.0746,13.976,0.2,-3,0,0.001,-0.001,0,0,0
17:44:20.539,0.4,0.6,0.4,2.7171,5.4473,-0.0851203,-14.1241,-6.0693,-11.854,0,1.5015,67,51,-3.77487,18.6265,16.6921,-4.22829,17.0922,16.1898,-0.00724506,-4.32206,17.0746,13.975,0.2,-3,0,0.001,-0.001,0,0,0
17:44:20.639,0.4,0.6,0.4,2.7161,5.44883,-0.0851958,-14.1279,-6.07194,-11.8571,0,1.5015,67,51,-3.77487,18.6265,16.6921,-4.22829,17.0922,16.1898,-0.00724506,-4.32214,17.0745,13.976,0.2,-3,0,0.001,-0.001,0,0,0
17:44:20.739,0.4,0.6,0.4,2.7171,5.44735,-0.0851232,-14.1242,-6.06943,-11.8541,0,1.5015,67,51,-3.77487,18.6265,16.6921,-4.22829,17.0922,16.1898,-0.00724506,-4.32207,17.0745,13.975,0.2,-3,0,0.001,-0.001,0,0,0
17:44:20.839,0.4,0.6,0.4,2.7161,5.44946,-0.085214,-14.1294,-6.07277,-11.8582,0,1.5015,67,51,-3.77487,18.6265,16.6921,-4.22829,17.0922,16.1898,-0.00724506,-4.32216,17.0745,13.976,0.2,-3,0,0.001,-0.001,0,0,0
17:44:20.939,0.4,0.6,0.4,2.7151,5.44716,-0.0851748,-14.1237,-6.07018,-11.8546,0,1.5015,67,51,-3.77487,18.6265,16.6921,-4.22829,17.0922,16.1898,-0.00724506,-4.32212,17.0746,13.977,0.2,-3,0,0.001,-0.001,0,0,0
17:44:21.039,0.4,0.6,0.4,2.7151,5.4529,-0.0853386,-14.138,-6.07766,-11.8644,0,1.5015,67,51,-3.77487,18.6265,16.6921,-4.22829,17.0922,16.1898,-0.00724506,-4.32227,17.0746,13.977,0.2,-3,0,0.001,-0.001,0,0,0
17:44:21.139,0.4,0.6,0.4,2.7161,5.45423,-0.085345,-14.1413,-6.07875,-11.8662,0,1.5015,67,51,-3.77487,18.6265,16.6921,-4.22829,17.0922,16.1898,-0.00724506,-4.32226,17.0747,13.976,0.2,-3,0,0.001,-0.001,0,0,0
17:44:21.239,0.4,0.6,0.4,2.7161,5.46108,-0.085542,-14.1583,-6.08774,-11.878,0,1.5015,67,51,-3.77487,18.6265,16.6921,-4.22829,17.0922,16.1898,-0.00724506,-4.32245,17.0747,13.976,0.2,-3,0,0.001,-0.001,0,0,0
17:44:21.339,0.4,0.6,0.4,2.7161,5.46299,-0.0855911,-14.163,-6.08998,-11.881,0,1.5015,67,51,-3.77487,18.6265,16.6921,-4.22829,17.0922,16.1898,-0.00724506,-4.32247,17.0748,13.976,0.2,-3,0,0.001,-0.001,0,0,0
17:44:21.439,0.4,0.6,0.4,2.7151,5.46731,-0.0857401,-14.1602,-6.09597,-11.8849,0,1.503,67,51,-3.77487,18.6265,16.6921,-4.22829,17.0922,16.1898,-0.00724506,-4.32259,17.075,13.977,0.2,-3,0,0.002,-0.002,0,0,0
17:44:21.539,0.4,0.6,0.4,2.7151,5.46655,-0.0857106,-14.1583,-6.09463,-11.8833,0,1.503,67,51,-3.77487,18.6265,16.6921,-4.22829,17.0922,16.1898,-0.00724506,-4.32252,17.0751,13.977,0.2,-3,0,0.002,-0.002,0,0,0
17:44:21.639,0.4,0.6,0.4,2.7151,5.47148,-0.0858503,-14.1705,-6.101,-11.8917,0,1.503,67,51,-3.77487,18.6265,16.6921,-4.22829,17.0922,16.1898,-0.00724506,-4.32264,17.0752,13.977,0.2,-3,0,0.002,-0.002,0,0,0
17:44:21.739,0.4,0.6,0.4,2.7151,5.47212,-0.0858575,-14.1689,-6.10133,-11.8915,0,1.50335,67,51,-3.77487,18.6265,16.6921,-4.22829,17.0922,16.1898,-0.00724506,-4.3226,17.0753,13.977,0.2,-3,0,0.00223607,-0.00223607,0,0,0
17:44:21.839,0.4,0.6,0.4,2.7151,5.47506,-0.0859396,-14.1762,-6.10508,-11.8965,0,1.50335,67,51,-3.77487,18.6265,16.6921,-4.22829,17.0922,16.1898,-0.00724506,-4.32266,17.0754,13.977,0.2,-3,0,0.00223607,-0.00223607,0,0,0
17:44:21.939,0.4,0.6,0.4,2.7151,5.47226,-0.0858497,-14.1692,-6.10097,-11.8913,0,1.50335,67,51,-3.77487,18.6265,16.6921,-4.22829,17.0922,16.1898,-0.00724506,-4.32253,17.0755,13.977,0.2,-3,0,0.00223607,-0.00223607,0,0,0
17:44:22.039,0.4,0.6,0.4,2.7151,5.47673,-0.0859799,-14.1803,-6.10691,-11.8991,0,1.50335,67,51,-3.77487,18.6265,16.6921,-4.22829,17.0922,16.1898,-0.00724506,-4.32266,17.0756,13.977,0.2,-3,0,0.00223607,-0.00223607,0,0,0
17:44:22.139,0.4,0.6,0.4,2.7141,5.4766,-0.085996,-14.1674,-6.10685,-11.8954,0,1.50474,67,51,-3.77487,18.6265,16.6921,-4.22829,17.0922,16.1898,-0.00724506,-4.32264,17.0757,13.978,0.2,-3,0,0.00316228,-0.00316228,0,0,0
17:44:22.239,0.4,0.6,0.4,2.7151,5.48319,-0.0861594,-14.1995,-6.1151,-11.9108,0,1.503,67,51,-3.77487,18.6265,16.6921,-4.22829,17.0922,16.1898,-0.00724506,-4.32281,17.0757,13.977,0.2,-3,0,0.002,-0.002,0,0,0
17:44:22.339,0.4,0.6,0.4,2.7161,5.48504,-0.0861782,-14.2009,-6.11676,-11.9125,0,1.50335,67,51,-3.77487,18.6265,16.6921,-4.22829,17.0922,16.1898,-0.00724506,-4.3228,17.0758,13.976,0.2,-3,0,0.00223607,-0.00223607,0,0,0
17:44:22.439,0.4,0.6,0.4,2.7161,5.49083,-0.0863449,-14.2152,-6.12436,-11.9225,0,1.50335,67,51,-3.77487,18.6265,16.6921,-4.22829,17.0922,16.1898,-0.00724506,-4.32296,17.0759,13.976,0.2,-3,0,0.00223607,-0.00223607,0,0,0
17:44:22.539,0.4,0.6,0.4,2.7161,5.4922,-0.086376,-14.2186,-6.12579,-11.9245,0,1.50335,67,51,-3.77487,18.6265,16.6921,-4.22829,17.0922,16.1898,-0.00724506,-4.32295,17.076,13.976,0.2,-3,0,0.00223607,-0.00223607,0,0,0
17:44:22.639,0.4,0.6,0.4,2.7151,5.49658,-0.0865361,-14.2463,-6.13229,-11.9374,0,1.5015,67,51,-3.77487,18.6265,16.6921,-4.22829,17.0922,16.1898,-0.00724506,-4.32313,17.076,13.977,0.2,-3,0,0.001,-0.001,0,0,0
17:44:22.739,0.4,0.6,0.4,2.7161,5.49678,-0.086512,-14.2332,-6.13199,-11.9334,0,1.503,67,51,-3.77487,18.6265,16.6921,-4.22829,17.0922,16.1898,-0.00724506,-4.3231,17.076,13.976,0.2,-3,0,0.002,-0.002,0,0,0
17:44:22.839,0.4,0.6,0.4,2.7161,5.50074,-0.0866298,-14.243,-6.13736,-11.9404,0,1.503,67,51,-3.77487,18.6265,16.6921,-4.22829,17.0922,16.1898,-0.00724506,-4.32323,17.0759,13.976,0.2,-3,0,0.002,-0.002,0,0,0
17:44:22.939,0.4,0.6,0.4,2.7161,5.49973,-0.0865941,-14.2372,-6.13573,-11.9375,0,1.50335,67,51,-3.77487,18.6265,16.6921,-4.22829,17.0922,16.1898,-0.00724506,-4.32316,17.076,13.976,0.2,-3,0,0.00223607,-0.00223607,0,0,0
17:44:23.039,0.4,0.6,0.4,2.7161,5.5016,-0.0866568,-14.2587,-6.13859,-11.9458,0,1.5015,67,51,-3.77487,18.6265,16.6921,-4.22829,17.0922,16.1898,-0.00724506,-4.32327,17.0759,13.976,0.2,-3,0,0.001,-0.001,0,0,0
17:44:23.139,0.4,0.6,0.4,2.7171,5.49897,-0.0865536,-14.2523,-6.13469,-11.9409,0,1.5015,67,51,-3.77487,18.6265,16.6921,-4.22829,17.0922,16.1898,-0.00724506,-4.32317,17.0759,13.975,0.2,-3,0,0.001,-0.001,0,0,0
17:44:23.239,0.4,0.6,0.4,2.7161,5.49943,-0.0866015,-14.2534,-6.13607,-11.9423,0,1.5015,67,51,-3.77487,18.6265,16.6921,-4.22829,17.0922,16.1898,-0.00724506,-4.32325,17.0758,13.976,0.2,-3,0,0.001,-0.001,0,0,0
17:44:23.339,0.4,0.6,0.4,2.7161,5.49495,-0.0864713,-14.2423,-6.13013,-11.9345,0,1.5015,67,51,-3.77487,18.6265,16.6921,-4.22829,17.0922,16.1898,-0.00724506,-4.32312,17.0758,13.976,0.2,-3,0,0.001,-0.001,0,0,0
17:44:23.439,0.4,0.6,0.4,2.7161,5.49579,-0.086501,-14.2443,-6.13149,-11.9362,0,1.5015,67,51,-3.77487,18.6265,16.6921,-4.22829,17.0922,16.1898,-0.00724506,-4.32317,17.0757,13.976,0.2,-3,0,0.001,-0.001,0,0,0
17:44:23.539,0.4,0.6,0.4,2.7171,5.49231,-0.0863708,-14.2221,-6.12635,-11.9259,0,1.503,67,51,-3.77487,18.6265,16.6921,-4.22829,17.0922,16.1898,-0.00724506,-4.32304,17.0757,13.975,0.2,-3,0,0.002,-0.002,0,0,0
17:44:23.639,0.4,0.6,0.4,2.7181,5.49329,-0.0863735,-14.2382,-6.12727,-11.9312,0,1.5015,67,51,-3.77487,18.6265,16.6921,-4.22829,17.0922,16.1898,-0.00724506,-4.32306,17.0756,13.974,0.2,-3,0,0.001,-0.001,0,0,0
17:44:23.739,0.4,0.6,0.4,2.7181,5.48821,-0.0862225,-14.212,-6.12038,-11.9184,0,1.503,67,51,-3.77487,18.6265,16.6921,-4.22829,17.0922,16.1898,-0.00724506,-4.32289,17.0756,13.974,0.2,-3,0,0.002,-0.002,0,0,0
17:44:23.839,0.4,0.6,0.4,2.7171,5.48538,-0.0861736,-14.2186,-6.11735,-11.9179,0,1.5015,67,51,-3.77487,18.6265,16.6921,-4.22829,17.0922,16.1898,-0.00724506,-4.32286,17.0756,13.975,0.2,-3,0,0.001,-0.001,0,0,0
17:44:23.939,0.4,0.6,0.4,2.7171,5.47754,-0.0859465,-14.1855,-6.10699,-11.9006,0,1.503,67,51,-3.77487,18.6265,16.6921,-4.22829,17.0922,16.1898,-0.00724506,-4.32264,17.0755,13.975,0.2,-3,0,0.002,-0.002,0,0,0
17:44:24.039,0.4,0.6,0.4,2.7171,5.47499,-0.0858736,-14.1792,-6.10367,-11.8962,0,1.503,67,51,-3.77487,18.6265,16.6921,-4.22829,17.0922,16.1898,-0.00724506,-4.32257,17.0755,13.975,0.2,-3,0,0.002,-0.002,0,0,0
17:44:24.139,0.4,0.6,0.4,2.7161,5.46568,-0.0856288,-14.1529,-6.09169,-11.8795,0,1.50335,67,51,-3.77487,18.6265,16.6921,-4.22829,17.0922,16.1898,-0.00724506,-4.3223,17.0755,13.976,0.2,-3,0,0.00223607,-0.00223607,0,0,0
17:44:24.239,0.4,0.6,0.4,2.7171,5.46634,-0.0856224,-14.1713,-6.0922,-11.8851,0,1.5015,67,51,-3.77487,18.6265,16.6921,-4.22829,17.0922,16.1898,-0.00724506,-4.32231,17.0755,13.975,0.2,-3,0,0.001,-0.001,0,0,0
17:44:24.339,0.4,0.6,0.4,2.7161,5.46043,-0.08548,-14.1431,-6.08491,-11.8715,0,1.503,67,51,-3.77487,18.6265,16.6921,-4.22829,17.0922,16.1898,-0.00724506,-4.32217,17.0755,13.976,0.2,-3,0,0.002,-0.002,0,0,0
17:44:24.439,0.4,0.6,0.4,2.7161,5.46338,-0.0855704,-14.164,-6.08903,-11.8806,0,1.5015,67,51,-3.77487,18.6265,16.6921,-4.22829,17.0922,16.1898,-0.00724506,-4.32229,17.0754,13.976,0.2,-3,0,0.001,-0.001,0,0,0
17:44:24.539,0.4,0.6,0.4,2.7161,5.46204,-0.0855283,-14.1607,-6.08711,-11.8781,0,1.5015,67,51,-3.77487,18.6265,16.6921,-4.22829,17.0922,16.1898,-0.00724506,-4.32223,17.0754,13.976,0.2,-3,0,0.001,-0.001,0,0,0
17:44:24.639,0.4,0.6,0.4,2.7151,5.46388,-0.0856129,-14.1652,-6.09017,-11.8818,0,1.5015,67,51,-3.77487,18.6265,16.6921,-4.22829,17.0922,16.1898,-0.00724506,-4.32232,17.0754,13.977,0.2,-3,0,0.001,-0.001,0,0,0
17:44:24.739,0.4,0.6,0.4,2.7161,5.46175,-0.0855165,-14.1599,-6.08657,-11.8775,0,1.5015,67,51,-3.77487,18.6265,16.6921,-4.22829,17.0922,16.1898,-0.00724506,-4.3222,17.0755,13.976,0.2,-3,0,0.001,-0.001,0,0,0
17:44:24.839,0.4,0.6,0.4,2.7161,5.46198,-0.0855254,-14.1605,-6.08698,-11.878,0,1.5015,67,51,-3.77487,18.6265,16.6921,-4.22829,17.0922,16.1898,-0.00724506,-4.32222,17.0755,13.976,0.2,-3,0,0.001,-0.001,0,0,0
17:44:24.939,0.4,0.6,0.4,2.7161,5.45577,-0.0853438,-14.1451,-6.0787,-11.8672,0,1.5015,67,51,-3.77487,18.6265,16.6921,-4.22829,17.0922,16.1898,-0.00724506,-4.32203,17.0755,13.976,0.2,-3,0,0.001,-0.001,0,0,0
17:44:25.039,0.4,0.6,0.4,2.7161,5.45657,-0.085368,-14.1471,-6.0798,-11.8686,0,1.5015,67,51,-3.77487,18.6265,16.6921,-4.22829,17.0922,16.1898,-0.00724506,-4.32206,17.0754,13.976,0.2,-3,0,0.001,-0.001,0,0,0
17:44:25.139,0.4,0.6,0.4,2.7171,5.45299,-0.085232,-14.1247,-6.07439,-11.8581,0,1.503,67,51,-3.77487,18.6265,16.6921,-4.22829,17.0922,16.1898,-0.00724506,-4.32191,17.0755,13.975,0.2,-3,0,0.002,-0.002,0,0,0
17:44:25.239,0.4,0.6,0.4,2.7171,5.45307,-0.0852322,-14.1384,-6.0744,-11.862,0,1.5015,67,51,-3.77487,18.6265,16.6921,-4.22829,17.0922,16.1898,-0.00724506,-4.3219,17.0755,13.975,0.2,-3,0,0.001,-0.001,0,0,0
17:44:25.339,0.4,0.6,0.4,2.7181,5.44741,-0.0850385,-14.1244,-6.06637,-11.8518,0,1.5015,67,51,-3.77487,18.6265,16.6921,-4.22829,17.0922,16.1898,-0.00724506,-4.3217,17.0755,13.974,0.2,-3,0,0.001,-0.001,0,0,0
17:44:25.439,0.4,0.6,0.4,2.7181,5.44602,-0.0850018,-14.1209,-6.06469,-11.8495,0,1.5015,67,51,-3.77487,18.6265,16.6921,-4.22829,17.0922,16.1898,-0.00724506,-4.32168,17.0754,13.974,0.2,-3,0,0.001,-0.001,0,0,0
17:44:25.539,0.4,0.6,0.4,2.7171,5.43819,-0.0848021,-14.1015,-6.05478,-11.8363,0,1.5015,67,51,-3.77487,18.6265,16.6921,-4.22829,17.0922,16.1898,-0.00724506,-4.32147,17.0754,13.975,0.2,-3,0,0.001,-0.001,0,0,0
17:44:25.639,0.4,0.6,0.4,2.7171,5.43888,-0.0848205,-14.1032,-6.05562,-11.8375,0,1.5015,67,51,-3.77487,18.6265,16.6921,-4.22829,17.0922,16.1898,-0.00724506,-4.32148,17.0755,13.975,0.2,-3,0,0.001,-0.001,0,0,0
17:44:25.739,0.4,0.6,0.4,2.7171,5.43479,-0.0846996,-14.093,-6.0501,-11.8303,0,1.5015,67,51,-3.77487,18.6265,16.6921,-4.22829,17.0922,16.1898,-0.00724506,-4.32135,17.0755,13.975,0.2,-3,0,0.001,-0.001,0,0,0
17:44:25.839,0.4,0.6,0.4,2.7171,5.43578,-0.0847297,-14.0955,-6.05147,-11.8321,0,1.5015,67,51,-3.77487,18.6265,16.6921,-4.22829,17.0922,16.1898,-0.00724506,-4.32139,17.0755,13.975,0.2,-3,0,0.001,-0.001,0,0,0
17:44:25.939,0.4,0.6,0.4,2.7181,5.43095,-0.0845574,-14.0835,-6.04441,-11.8232,0,1.5015,67,51,-3.77487,18.6265,16.6921,-4.22829,17.0922,16.1898,-0.00724506,-4.3212,17.0755,13.974,0.2,-3,0,0.001,-0.001,0,0,0
17:44:26.039,0.4,0.6,0.4,2.7171,5.4316,-0.0846003,-14.0851,-6.04557,-11.8246,0,1.5015,67,51,-3.77487,18.6265,16.6921,-4.22829,17.0922,16.1898,-0.00724506,-4.32122,17.0756,13.975,0.2,-3,0,0.001,-0.001,0,0,0
17:44:26.139,0.4,0.6,0.4,2.7171,5.42745,-0.0844766,-14.0748,-6.03992,-11.8173,0,1.5015,67,51,-3.77487,18.6265,16.6921,-4.22829,17.0922,16.1898,-0.00724506,-4.32108,17.0756,13.975,0.2,-3,0,0.001,-0.001,0,0,0
17:44:26.239,0.4,0.6,0.4,2.7171,5.43082,-0.0845735,-14.0832,-6.04435,-11.8231,0,1.5015,67,51,-3.77487,18.6265,16.6921,-4.22829,17.0922,16.1898,-0.00724506,-4.32117,17.0757,13.975,0.2,-3,0,0.001,-0.001,0,0,0
17:44:26.339,0.4,0.6,0.4,2.7181,5.42966,-0.0845073,-14.0668,-6.04213,-11.8168,0,1.503,67,51,-3.77487,18.6265,16.6921,-4.22829,17.0922,16.1898,-0.00724506,-4.32109,17.0757,13.974,0.2,-3,0,0.002,-0.002,0,0,0
17:44:26.439,0.4,0.6,0.4,2.7171,5.43173,-0.0845925,-14.0855,-6.04522,-11.8244,0,1.5015,67,51,-3.77487,18.6265,16.6921,-4.22829,17.0922,16.1898,-0.00724506,-4.32115,17.0758,13.975,0.2,-3,0,0.001,-0.001,0,0,0
17:44:26.539,0.4,0.6,0.4,2.7181,5.42959,-0.0844962,-14.0801,-6.04162,-11.8201,0,1.5015,67,51,-3.77487,18.6265,16.6921,-4.22829,17.0922,16.1898,-0.00724506,-4.32103,17.0759,13.974,0.2,-3,0,0.001,-0.001,0,0,0
17:44:26.639,0.4,0.6,0.4,2.7181,5.43351,-0.0846111,-14.0899,-6.04686,-11.8269,0,1.5015,67,51,-3.77487,18.6265,16.6921,-4.22829,17.0922,16.1898,-0.00724506,-4.32115,17.0759,13.974,0.2,-3,0,0.001,-0.001,0,0,0
17:44:26.739,0.4,0.6,0.4,2.7191,5.43178,-0.0845296,-14.0856,-6.04395,-11.8234,0,1.5015,67,51,-3.77487,18.6265,16.6921,-4.22829,17.0922,16.1898,-0.00724506,-4.32106,17.0759,13.973,0.2,-3,0,0.001,-0.001,0,0,0
17:44:26.839,0.4,0.6,0.4,2.7191,5.43647,-0.0846631,-14.0972,-6.05004,-11.8314,0,1.5015,67,51,-3.77487,18.6265,16.6921,-4.22829,17.0922,16.1898,-0.00724506,-4.32118,17.0759,13.973,0.2,-3,0,0.001,-0.001,0,0,0
17:44:26.939,0.4,0.6,0.4,2.7181,5.43388,-0.0846121,-14.0773,-6.04691,-11.8234,0,1.503,67,51,-3.77487,18.6265,16.6921,-4.22829,17.0922,16.1898,-0.00724506,-4.3211,17.076,13.974,0.2,-3,0,0.002,-0.002,0,0,0
17:44:27.039,0.4,0.6,0.4,2.7181,5.43905,-0.0847607,-14.1036,-6.05369,-11.8361,0,1.5015,67,51,-3.77487,18.6265,16.6921,-4.22829,17.0922,16.1898,-0.00724506,-4.32125,17.0761,13.974,0.2,-3,0,0.001,-0.001,0,0,0
17:44:27.139,0.4,0.6,0.4,2.7191,5.43909,-0.0847279,-14.0902,-6.05299,-11.8318,0,1.503,67,51,-3.77487,18.6265,16.6921,-4.22829,17.0922,16.1898,-0.00724506,-4.32119,17.0761,13.973,0.2,-3,0,0.002,-0.002,0,0,0
17:44:27.239,0.4,0.6,0.4,2.7181,5.44096,-0.0848098,-14.0948,-6.05593,-11.8354,0,1.503,67,51,-3.77487,18.6265,16.6921,-4.22829,17.0922,16.1898,-0.00724506,-4.32126,17.0762,13.974,0.2,-3,0,0.002,-0.002,0,0,0
17:44:27.339,0.4,0.6,0.4,2.7181,5.4372,-0.0846953,-14.0855,-6.05071,-11.8287,0,1.503,67,51,-3.77487,18.6265,16.6921,-4.22829,17.0922,16.1898,-0.00724506,-4.32112,17.0763,13.974,0.2,-3,0,0.002,-0.002,0,0,0
17:44:27.439,0.4,0.6,0.4,2.7191,5.44076,-0.0847681,-14.0943,-6.05483,-11.8344,0,1.503,67,51,-3.77487,18.6265,16.6921,-4.22829,17.0922,16.1898,-0.00724506,-4.32119,17.0763,13.973,0.2,-3,0,0.002,-0.002,0,0,0
17:44:27.539,0.4,0.6,0.4,2.7191,5.43741,-0.0846685,-14.086,-6.05028,-11.8285,0,1.503,67,51,-3.77487,18.6265,16.6921,-4.22829,17.0922,16.1898,-0.00724506,-4.32108,17.0763,13.973,0.2,-3,0,0.002,-0.002,0,0,0
17:44:27.639,0.4,0.6,0.4,2.7201,5.44419,-0.0848379,-14.1164,-6.05881,-11.8437,0,1.5015,67,51,-3.77487,18.6265,16.6921,-4.22829,17.0922,16.1898,-0.00724506,-4.32126,17.0763,13.972,0.2,-3,0,0.001,-0.001,0,0,0
17:44:27.739,0.4,0.6,0.4,2.7201,5.44551,-0.0848744,-14.1061,-6.06048,-11.8421,0,1.503,67,51,-3.77487,18.6265,16.6921,-4.22829,17.0922,16.1898,-0.00724506,-4.32128,17.0763,13.972,0.2,-3,0,0.002,-0.002,0,0,0
17:44:27.839,0.4,0.6,0.4,2.7191,5.45365,-0.0851407,-14.1398,-6.07183,-11.8604,0,1.5015,67,51,-3.77487,18.6265,16.6921,-4.22829,17.0922,16.1898,-0.00724506,-4.32156,17.0763,13.973,0.2,-3,0,0.001,-0.001,0,0,0
17:44:27.939,0.4,0.6,0.4,2.7201,5.45765,-0.0852257,-14.1362,-6.07651,-11.863,0,1.503,67,51,-3.77487,18.6265,16.6921,-4.22829,17.0922,16.1898,-0.00724506,-4.32163,17.0764,13.972,0.2,-3,0,0.002,-0.002,0,0,0
17:44:28.039,0.4,0.6,0.4,2.7201,5.4641,-0.0854161,-14.1658,-6.08519,-11.8781,0,1.5015,67,51,-3.77487,18.6265,16.6921,-4.22829,17.0922,16.1898,-0.00724506,-4.32184,17.0764,13.972,0.2,-3,0,0.001,-0.001,0,0,0
17:44:28.139,0.4,0.6,0.4,2.7191,5.46193,-0.08538,-14.1468,-6.08275,-11.8709,0,1.503,67,51,-3.77487,18.6265,16.6921,-4.22829,17.0922,16.1898,-0.00724506,-4.32179,17.0764,13.973,0.2,-3,0,0.002,-0.002,0,0,0
17:44:28.240,0.4,0.6,0.4,2.7191,5.46502,-0.0854735,-14.1681,-6.08701,-11.8801,0,1.5015,67,51,-3.77487,18.6265,16.6921,-4.22829,17.0922,16.1898,-0.00724506,-4.32191,17.0763,13.973,0.2,-3,0,0.001,-0.001,0,0,0
17:44:28.339,0.4,0.6,0.4,2.7191,5.46158,-0.0853763,-14.1595,-6.08258,-11.8743,0,1.5015,67,51,-3.77487,18.6265,16.6921,-4.22829,17.0922,16.1898,-0.00724506,-4.32182,17.0763,13.973,0.2,-3,0,0.001,-0.001,0,0,0
17:44:28.439,0.4,0.6,0.4,2.7181,5.46247,-0.0854363,-14.1617,-6.08452,-11.8764,0,1.5015,67,51,-3.77487,18.6265,16.6921,-4.22829,17.0922,16.1898,-0.00724506,-4.32191,17.0762,13.974,0.2,-3,0,0.001,-0.001,0,0,0
17:44:28.539,0.4,0.6,0.4,2.7191,5.46024,-0.0853425,-14.1562,-6.08103,-11.8721,0,1.5015,67,51,-3.77487,18.6265,16.6921,-4.22829,17.0922,16.1898,-0.00724506,-4.32181,17.0762,13.973,0.2,-3,0,0.001,-0.001,0,0,0
17:44:28.639,0.4,0.6,0.4,2.7211,5.46501,-0.0854268,-14.168,-6.08648,-11.8797,0,1.5015,67,51,-3.77487,18.6265,16.6921,-4.22829,17.0922,16.1898,-0.00724506,-4.32192,17.0761,13.971,0.2,-3,0,0.001,-0.001,0,0,0
17:44:28.739,0.4,0.6,0.4,2.7221,5.46283,-0.0853359,-14.1626,-6.08313,-11.8756,0,1.5015,67,51,-3.77487,18.6265,16.6921,-4.22829,17.0922,16.1898,-0.00724506,-4.32183,17.0761,13.97,0.2,-3,0,0.001,-0.001,0,0,0
17:44:28.839,0.4,0.6,0.4,2.7211,5.46437,-0.0854114,-14.1664,-6.08578,-11.8787,0,1.5015,67,51,-3.77487,18.6265,16.6921,-4.22829,17.0922,16.1898,-0.00724506,-4.32192,17.0761,13.971,0.2,-3,0,0.001,-0.001,0,0,0
17:44:28.939,0.4,0.6,0.4,2.7211,5.46051,-0.0852993,-14.1569,-6.08067,-11.872,0,1.5015,67,51,-3.77487,18.6265,16.6921,-4.22829,17.0922,16.1898,-0.00724506,-4.3218,17.0761,13.971,0.2,-3,0,0.001,-0.001,0,0,0
17:44:29.039,0.4,0.6,0.4,2.7211,5.46166,-0.0853381,-14.1597,-6.08243,-11.8742,0,1.5015,67,51,-3.77487,18.6265,16.6921,-4.22829,17.0922,16.1898,-0.00724506,-4.32187,17.076,13.971,0.2,-3,0,0.001,-0.001,0,0,0
17:44:29.139,0.4,0.6,0.4,2.7211,5.45729,-0.0852137,-14.1489,-6.07676,-11.8668,0,1.5015,67,51,-3.77487,18.6265,16.6921,-4.22829,17.0922,16.1898,-0.00724506,-4.32176,17.0759,13.971,0.2,-3,0,0.001,-0.001,0,0,0
17:44:29.239,0.4,0.6,0.4,2.7221,5.46203,-0.0853309,-14.1606,-6.0829,-11.8748,0,1.5015,67,51,-3.77487,18.6265,16.6921,-4.22829,17.0922,16.1898,-0.00724506,-4.32192,17.0758,13.97,0.2,-3,0,0.001,-0.001,0,0,0
17:44:29.339,0.4,0.6,0.4,2.7231,5.46264,-0.0853216,-14.1622,-6.08328,-11.8756,0,1.5015,67,51,-3.77487,18.6265,16.6921,-4.22829,17.0922,16.1898,-0.00724506,-4.32192,17.0758,13.969,0.2,-3,0,0.001,-0.001,0,0,0
17:44:29.439,0.4,0.6,0.4,2.7211,5.46678,-0.0855029,-14.1724,-6.08995,-11.8836,0,1.5015,67,51,-3.77487,18.6265,16.6921,-4.22829,17.0922,16.1898,-0.00724506,-4.32212,17.0757,13.971,0.2,-3,0,0.001,-0.001,0,0,0
17:44:29.539,0.4,0.6,0.4,2.7201,5.46635,-0.0855182,-14.1578,-6.08985,-11.8795,0,1.503,67,51,-3.77487,18.6265,16.6921,-4.22829,17.0922,16.1898,-0.00724506,-4.32212,17.0758,13.972,0.2,-3,0,0.002,-0.002,0,0,0
17:44:29.639,0.4,0.6,0.4,2.7201,5.47018,-0.0856329,-14.1809,-6.09508,-11.89,0,1.5015,67,51,-3.77487,18.6265,16.6921,-4.22829,17.0922,16.1898,-0.00724506,-4.32226,17.0757,13.972,0.2,-3,0,0.001,-0.001,0,0,0
17:44:29.739,0.4,0.6,0.4,2.7201,5.46883,-0.0855908,-14.1639,-6.09316,-11.8838,0,1.503,67,51,-3.77487,18.6265,16.6921,-4.22829,17.0922,16.1898,-0.00724506,-4.3222,17.0758,13.972,0.2,-3,0,0.002,-0.002,0,0,0
17:44:29.839,0.4,0.6,0.4,2.7201,5.46852,-0.0855817,-14.1767,-6.09275,-11.887,0,1.5015,67,51,-3.77487,18.6265,16.6921,-4.22829,17.0922,16.1898,-0.00724506,-4.32219,17.0758,13.972,0.2,-3,0,0.001,-0.001,0,0,0
17:44:29.939,0.4,0.6,0.4,2.7211,5.46269,-0.085382,-14.1623,-6.08444,-11.8765,0,1.5015,67,51,-3.77487,18.6265,16.6921,-4.22829,17.0922,16.1898,-0.00724506,-4.32198,17.0758,13.971,0.2,-3,0,0.001,-0.001,0,0,0
17:44:30.039,0.4,0.6,0.4,2.7221,5.46473,-0.085415,-14.1673,-6.08674,-11.8797,0,1.5015,67,51,-3.77487,18.6265,16.6921,-4.22829,17.0922,16.1898,-0.00724506,-4.32203,17.0757,13.97,0.2,-3,0,0.001,-0.001,0,0,0
17:44:30.139,0.4,0.6,0.4,2.7231,5.46187,-0.085303,-14.1602,-6.08243,-11.8744,0,1.5015,67,51,-3.77487,18.6265,16.6921,-4.22829,17.0922,16.1898,-0.00724506,-4.32192,17.0757,13.969,0.2,-3,0,0.001,-0.001,0,0,0
17:44:30.239,0.4,0.6,0.4,2.7221,5.46231,-0.0853344,-14.132,-6.08306,-11.867,0,1.50474,67,51,-3.77487,18.6265,16.6921,-4.22829,17.0922,16.1898,-0.00724506,-4.3219,17.0759,13.97,0.2,-3,0,0.00316228,-0.00316228,0,0,0
17:44:30.339,0.4,0.6,0.4,2.7211,5.45813,-0.0852243,-14.1217,-6.07724,-11.8595,0,1.50474,67,51,-3.77487,18.6265,16.6921,-4.22829,17.0922,16.1898,-0.00724506,-4.3217,17.0762,13.971,0.2,-3,0,0.00316228,-0.00316228,0,0,0
17:44:30.439,0.4,0.6,0.4,2.7211,5.4579,-0.0852236,-14.1504,-6.07721,-11.8675,0,1.5015,67,51,-3.77487,18.6265,16.6921,-4.22829,17.0922,16.1898,-0.00724506,-4.32173,17.0761,13.971,0.2,-3,0,0.001,-0.001,0,0,0
17:44:30.539,0.4,0.6,0.4,2.7221,5.45283,-0.0850534,-14.1378,-6.07024,-11.8586,0,1.5015,67,51,-3.77487,18.6265,16.6921,-4.22829,17.0922,16.1898,-0.00724506,-4.32159,17.0759,13.97,0.2,-3,0,0.001,-0.001,0,0,0
17:44:30.639,0.4,0.6,0.4,2.7231,5.45362,-0.0850501,-14.123,-6.07089,-11.855,0,1.50335,67,51,-3.77487,18.6265,16.6921,-4.22829,17.0922,16.1898,-0.00724506,-4.3216,17.0759,13.969,0.2,-3,0,0.00223607,-0.00223607,0,0,0
17:44:30.739,0.4,0.6,0.4,2.7221,5.44834,-0.084915,-14.0974,-6.06393,-11.8423,0,1.50474,67,51,-3.77487,18.6265,16.6921,-4.22829,17.0922,16.1898,-0.00724506,-4.32141,17.0761,13.97,0.2,-3,0,0.00316228,-0.00316228,0,0,0
17:44:30.839,0.4,0.6,0.4,2.7211,5.44737,-0.0849206,-14.1243,-6.06338,-11.8494,0,1.5015,67,51,-3.77487,18.6265,16.6921,-4.22829,17.0922,16.1898,-0.00724506,-4.32143,17.076,13.971,0.2,-3,0,0.001,-0.001,0,0,0
17:44:30.939,0.4,0.6,0.4,2.7231,5.44368,-0.0847596,-14.1151,-6.05764,-11.8424,0,1.5015,67,51,-3.77487,18.6265,16.6921,-4.22829,17.0922,16.1898,-0.00724506,-4.32129,17.0759,13.969,0.2,-3,0,0.001,-0.001,0,0,0
17:44:31.039,0.4,0.6,0.4,2.7231,5.43882,-0.0846202,-14.0863,-6.05128,-11.8294,0,1.50335,67,51,-3.77487,18.6265,16.6921,-4.22829,17.0922,16.1898,-0.00724506,-4.32116,17.0759,13.969,0.2,-3,0,0.00223607,-0.00223607,0,0,0
17:44:31.139,0.4,0.6,0.4,2.7231,5.43251,-0.0844302,-14.0582,-6.04261,-11.8147,0,1.50474,67,51,-3.77487,18.6265,16.6921,-4.22829,17.0922,16.1898,-0.00724506,-4.32093,17.076,13.969,0.2,-3,0,0.00316228,-0.00316228,0,0,0
17:44:31.239,0.4,0.6,0.4,2.7231,5.42915,-0.0843332,-14.0655,-6.03818,-11.8133,0,1.503,67,51,-3.77487,18.6265,16.6921,-4.22829,17.0922,16.1898,-0.00724506,-4.32084,17.0759,13.969,0.2,-3,0,0.002,-0.002,0,0,0
17:44:31.339,0.4,0.6,0.4,2.7231,5.42414,-0.0841933,-14.0666,-6.0318,-11.8087,0,1.5015,67,51,-3.77487,18.6265,16.6921,-4.22829,17.0922,16.1898,-0.00724506,-4.32073,17.0758,13.969,0.2,-3,0,0.001,-0.001,0,0,0
17:44:31.439,0.4,0.6,0.4,2.7241,5.42108,-0.084078,-14.0455,-6.02734,-11.7993,0,1.503,67,51,-3.77487,18.6265,16.6921,-4.22829,17.0922,16.1898,-0.00724506,-4.32062,17.0758,13.968,0.2,-3,0,0.002,-0.002,0,0,0
17:44:31.539,0.4,0.6,0.4,2.7251,5.4167,-0.0839152,-14.0191,-6.02071,-11.7867,0,1.50474,67,51,-3.77487,18.6265,16.6921,-4.22829,17.0922,16.1898,-0.00724506,-4.32042,17.0759,13.967,0.2,-3,0,0.00316228,-0.00316228,0,0,0
17:44:31.639,0.4,0.6,0.4,2.7241,5.41095,-0.0837706,-14.0048,-6.01331,-11.7769,0,1.50474,67,51,-3.77487,18.6265,16.6921,-4.22829,17.0922,16.1898,-0.00724506,-4.32024,17.076,13.968,0.2,-3,0,0.00316228,-0.00316228,0,0,0
17:44:31.739,0.4,0.6,0.4,2.7251,5.40453,-0.0835474,-14.0013,-6.00393,-11.7686,0,1.50335,67,51,-3.77487,18.6265,16.6921,-4.22829,17.0922,16.1898,-0.00724506,-4.31998,17.0761,13.967,0.2,-3,0,0.00223607,-0.00223607,0,0,0
17:44:31.839,0.4,0.6,0.4,2.7251,5.40142,-0.0834566,-13.9812,-5.99979,-11.7598,0,1.50474,67,51,-3.77487,18.6265,16.6921,-4.22829,17.0922,16.1898,-0.00724506,-4.31988,17.0761,13.967,0.2,-3,0,0.00316228,-0.00316228,0,0,0
17:44:31.939,0.4,0.6,0.4,2.7261,5.39853,-0.0833391,-13.974,-5.99522,-11.7542,0,1.50474,67,51,-3.77487,18.6265,16.6921,-4.22829,17.0922,16.1898,-0.00724506,-4.31974,17.0761,13.966,0.2,-3,0,0.00316228,-0.00316228,0,0,0
17:44:32.039,0.4,0.6,0.4,2.7261,5.39686,-0.0832879,-13.9699,-5.99289,-11.7512,0,1.50474,67,51,-3.77487,18.6265,16.6921,-4.22829,17.0922,16.1898,-0.00724506,-4.31968,17.0762,13.966,0.2,-3,0,0.00316228,-0.00316228,0,0,0
17:44:32.139,0.4,0.6,0.4,2.7271,5.39459,-0.0831885,-13.9642,-5.98915,-11.7467,0,1.50474,67,51,-3.77487,18.6265,16.6921,-4.22829,17.0922,16.1898,-0.00724506,-4.31955,17.0762,13.965,0.2,-3,0,0.00316228,-0.00316228,0,0,0
17:44:32.239,0.4,0.6,0.4,2.7281,5.3922,-0.0830942,-13.9707,-5.98564,-11.7458,0,1.50335,67,51,-3.77487,18.6265,16.6921,-4.22829,17.0922,16.1898,-0.00724506,-4.31948,17.0762,13.964,0.2,-3,0,0.00223607,-0.00223607,0,0,0
17:44:32.339,0.4,0.6,0.4,2.7281,5.38648,-0.0829277,-13.9441,-5.97805,-11.7324,0,1.50474,67,51,-3.77487,18.6265,16.6921,-4.22829,17.0922,16.1898,-0.00724506,-4.31931,17.0762,13.964,0.2,-3,0,0.00316228,-0.00316228,0,0,0
17:44:32.439,0.4,0.6,0.4,2.7291,5.3825,-0.0827825,-13.9342,-5.97222,-11.7251,0,1.50474,67,51,-3.77487,18.6265,16.6921,-4.22829,17.0922,16.1898,-0.00724506,-4.31916,17.0762,13.963,0.2,-3,0,0.00316228,-0.00316228,0,0,0
17:44:32.539,0.4,0.6,0.4,2.7291,5.3756,-0.0825799,-13.9171,-5.96297,-11.7131,0,1.50474,67,51,-3.77487,18.6265,16.6921,-4.22829,17.0922,16.1898,-0.00724506,-4.31894,17.0762,13.963,0.2,-3,0,0.00316228,-0.00316228,0,0,0
17:44:32.639,0.4,0.6,0.4,2.7291,5.37685,-0.0826162,-13.9326,-5.96463,-11.7187,0,1.50335,67,51,-3.77487,18.6265,16.6921,-4.22829,17.0922,16.1898,-0.00724506,-4.31898,17.0762,13.963,0.2,-3,0,0.00223607,-0.00223607,0,0,0
17:44:32.739,0.4,0.6,0.4,2.7301,5.37861,-0.0826347,-13.9246,-5.96628,-11.7178,0,1.50474,67,51,-3.77487,18.6265,16.6921,-4.22829,17.0922,16.1898,-0.00724506,-4.31898,17.0762,13.962,0.2,-3,0,0.00316228,-0.00316228,0,0,0
17:44:32.839,0.4,0.6,0.4,2.7301,5.38392,-0.0827864,-13.9378,-5.9732,-11.7269,0,1.50474,67,51,-3.77487,18.6265,16.6921,-4.22829,17.0922,16.1898,-0.00724506,-4.31912,17.0763,13.962,0.2,-3,0,0.00316228,-0.00316228,0,0,0
17:44:32.939,0.4,0.6,0.4,2.7291,5.38563,-0.0828596,-13.942,-5.97574,-11.73,0,1.50474,67,51,-3.77487,18.6265,16.6921,-4.22829,17.0922,16.1898,-0.00724506,-4.31917,17.0764,13.963,0.2,-3,0,0.00316228,-0.00316228,0,0,0
17:44:33.039,0.4,0.6,0.4,2.7291,5.39176,-0.0830327,-13.9696,-5.98364,-11.7439,0,1.50335,67,51,-3.77487,18.6265,16.6921,-4.22829,17.0922,16.1898,-0.00724506,-4.31932,17.0765,13.963,0.2,-3,0,0.00223607,-0.00223607,0,0,0
17:44:33.139,0.4,0.6,0.4,2.7291,5.39441,-0.0831031,-13.9638,-5.98685,-11.7448,0,1.50474,67,51,-3.77487,18.6265,16.6921,-4.22829,17.0922,16.1898,-0.00724506,-4.31936,17.0766,13.963,0.2,-3,0,0.00316228,-0.00316228,0,0,0
17:44:33.239,0.4,0.6,0.4,2.7301,5.39994,-0.0832279,-13.9899,-5.99335,-11.7572,0,1.50335,67,51,-3.77487,18.6265,16.6921,-4.22829,17.0922,16.1898,-0.00724506,-4.31945,17.0767,13.962,0.2,-3,0,0.00223607,-0.00223607,0,0,0
17:44:33.339,0.4,0.6,0.4,2.7291,5.40047,-0.0832651,-13.9788,-5.99424,-11.7548,0,1.50474,67,51,-3.77487,18.6265,16.6921,-4.22829,17.0922,16.1898,-0.00724506,-4.31945,17.0769,13.963,0.2,-3,0,0.00316228,-0.00316228,0,0,0
17:44:33.439,0.4,0.6,0.4,2.7291,5.40567,-0.0834109,-13.9917,-6.0009,-11.7636,0,1.50474,67,51,-3.77487,18.6265,16.6921,-4.22829,17.0922,16.1898,-0.00724506,-4.31957,17.077,13.963,0.2,-3,0,0.00316228,-0.00316228,0,0,0
17:44:33.539,0.4,0.6,0.4,2.7291,5.40838,-0.0834842,-13.9984,-6.00424,-11.7681,0,1.50474,67,51,-3.77487,18.6265,16.6921,-4.22829,17.0922,16.1898,-0.00724506,-4.31962,17.0771,13.963,0.2,-3,0,0.00316228,-0.00316228,0,0,0
17:44:33.639,0.4,0.6,0.4,2.7301,5.41592,-0.0836748,-14.0171,-6.01374,-11.7807,0,1.50474,67,51,-3.77487,18.6265,16.6921,-4.22829,17.0922,16.1898,-0.00724506,-4.31982,17.0771,13.962,0.2,-3,0,0.00316228,-0.00316228,0,0,0
17:44:33.739,0.4,0.6,0.4,2.7301,5.42035,-0.0838021,-14.0281,-6.01955,-11.7883,0,1.50474,67,51,-3.77487,18.6265,16.6921,-4.22829,17.0922,16.1898,-0.00724506,-4.31994,17.0771,13.962,0.2,-3,0,0.00316228,-0.00316228,0,0,0
17:44:33.839,0.4,0.6,0.4,2.7301,5.42463,-0.083929,-14.0387,-6.02534,-11.7958,0,1.50474,67,51,-3.77487,18.6265,16.6921,-4.22829,17.0922,16.1898,-0.00724506,-4.32008,17.0771,13.962,0.2,-3,0,0.00316228,-0.00316228,0,0,0
17:44:33.939,0.4,0.6,0.4,2.7321,5.42634,-0.0839172,-14.0429,-6.0264,-11.7978,0,1.50474,67,51,-3.77487,18.6265,16.6921,-4.22829,17.0922,16.1898,-0.00724506,-4.32005,17.0771,13.96,0.2,-3,0,0.00316228,-0.00316228,0,0,0
17:44:34.039,0.4,0.6,0.4,2.7321,5.42637,-0.0839228,-14.043,-6.02666,-11.798,0,1.50474,67,51,-3.77487,18.6265,16.6921,-4.22829,17.0922,16.1898,-0.00724506,-4.32008,17.0771,13.96,0.2,-3,0,0.00316228,-0.00316228,0,0,0
17:44:34.139,0.4,0.6,0.4,2.7331,5.42419,-0.0838318,-14.0376,-6.0233,-11.7939,0,1.50474,67,51,-3.77487,18.6265,16.6921,-4.22829,17.0922,16.1898,-0.00724506,-4.32,17.077,13.959,0.2,-3,0,0.00316228,-0.00316228,0,0,0
17:44:34.239,0.4,0.6,0.4,2.7351,5.43611,-0.0841359,-14.0796,-6.03878,-11.8177,0,1.50335,67,51,-3.77487,18.6265,16.6921,-4.22829,17.0922,16.1898,-0.00724506,-4.32039,17.0768,13.957,0.2,-3,0,0.00223607,-0.00223607,0,0,0
17:44:34.339,0.4,0.6,0.4,2.7351,5.44039,-0.0842627,-14.0778,-6.04457,-11.8217,0,1.50474,67,51,-3.77487,18.6265,16.6921,-4.22829,17.0922,16.1898,-0.00724506,-4.32053,17.0767,13.957,0.2,-3,0,0.00316228,-0.00316228,0,0,0
17:44:34.439,0.4,0.6,0.4,2.7341,5.45184,-0.0846341,-14.1218,-6.06071,-11.8467,0,1.503,67,51,-3.77487,18.6265,16.6921,-4.22829,17.0922,16.1898,-0.00724506,-4.32095,17.0766,13.958,0.2,-3,0,0.002,-0.002,0,0,0
17:44:34.539,0.4,0.6,0.4,2.7361,5.45903,-0.0847908,-14.1396,-6.06946,-11.8585,0,1.503,67,51,-3.77487,18.6265,16.6921,-4.22829,17.0922,16.1898,-0.00724506,-4.32114,17.0765,13.956,0.2,-3,0,0.002,-0.002,0,0,0
17:44:34.639,0.4,0.6,0.4,2.7371,5.47306,-0.0851748,-14.1744,-6.08778,-11.8825,0,1.503,67,51,-3.77487,18.6265,16.6921,-4.22829,17.0922,16.1898,-0.00724506,-4.32156,17.0765,13.955,0.2,-3,0,0.002,-0.002,0,0,0
17:44:34.739,0.4,0.6,0.4,2.7381,5.48089,-0.0853662,-14.1906,-6.09732,-11.8945,0,1.50335,67,51,-3.77487,18.6265,16.6921,-4.22829,17.0922,16.1898,-0.00724506,-4.32172,17.0766,13.954,0.2,-3,0,0.00223607,-0.00223607,0,0,0
17:44:34.840,0.4,0.6,0.4,2.7381,5.48989,-0.0856212,-14.2003,-6.10895,-11.9063,0,1.50474,67,51,-3.77487,18.6265,16.6921,-4.22829,17.0922,16.1898,-0.00724506,-4.32195,17.0767,13.954,0.2,-3,0,0.00316228,-0.00316228,0,0,0
17:44:34.939,0.4,0.6,0.4,2.7371,5.49075,-0.0856675,-14.215,-6.11026,-11.9114,0,1.50335,67,51,-3.77487,18.6265,16.6921,-4.22829,17.0922,16.1898,-0.00724506,-4.32195,17.0769,13.955,0.2,-3,0,0.00223607,-0.00223607,0,0,0
17:44:35.039,0.4,0.6,0.4,2.7371,5.4958,-0.0858211,-14.2444,-6.11727,-11.9251,0,1.5015,67,51,-3.77487,18.6265,16.6921,-4.22829,17.0922,16.1898,-0.00724506,-4.32214,17.0768,13.955,0.2,-3,0,0.001,-0.001,0,0,0
17:44:35.139,0.4,0.6,0.4,2.7371,5.49568,-0.085818,-14.2304,-6.11713,-11.9211,0,1.503,67,51,-3.77487,18.6265,16.6921,-4.22829,17.0922,16.1898,-0.00724506,-4.32214,17.0768,13.955,0.2,-3,0,0.002,-0.002,0,0,0
17:44:35.239,0.4,0.6,0.4,2.7371,5.50021,-0.0859511,-14.2417,-6.1232,-11.929,0,1.503,67,51,-3.77487,18.6265,16.6921,-4.22829,17.0922,16.1898,-0.00724506,-4.32229,17.0767,13.955,0.2,-3,0,0.002,-0.002,0,0,0
17:44:35.339,0.4,0.6,0.4,2.7371,5.49837,-0.085894,-14.2371,-6.12059,-11.9257,0,1.503,67,51,-3.77487,18.6265,16.6921,-4.22829,17.0922,16.1898,-0.00724506,-4.32221,17.0768,13.955,0.2,-3,0,0.002,-0.002,0,0,0
17:44:35.439,0.4,0.6,0.4,2.7401,5.50401,-0.0859752,-14.2647,-6.1267,-11.9382,0,1.5015,67,51,-3.77487,18.6265,16.6921,-4.22829,17.0922,16.1898,-0.00724506,-4.32231,17.0767,13.952,0.2,-3,0,0.001,-0.001,0,0,0
17:44:35.539,0.4,0.6,0.4,2.7411,5.50297,-0.0859148,-14.2485,-6.12474,-11.9321,0,1.503,67,51,-3.77487,18.6265,16.6921,-4.22829,17.0922,16.1898,-0.00724506,-4.32225,17.0767,13.951,0.2,-3,0,0.002,-0.002,0,0,0
17:44:35.639,0.4,0.6,0.4,2.7411,5.50465,-0.0859633,-14.2527,-6.12696,-11.935,0,1.503,67,51,-3.77487,18.6265,16.6921,-4.22829,17.0922,16.1898,-0.00724506,-4.3223,17.0768,13.951,0.2,-3,0,0.002,-0.002,0,0,0
17:44:35.739,0.4,0.6,0.4,2.7411,5.50052,-0.0858368,-14.2392,-6.12119,-11.9267,0,1.50335,67,51,-3.77487,18.6265,16.6921,-4.22829,17.0922,16.1898,-0.00724506,-4.32213,17.0769,13.951,0.2,-3,0,0.00223607,-0.00223607,0,0,0
17:44:35.840,0.4,0.6,0.4,2.7401,5.50315,-0.08594,-14.2489,-6.12509,-11.9325,0,1.503,67,51,-3.77487,18.6265,16.6921,-4.22829,17.0922,16.1898,-0.00724506,-4.32223,17.0769,13.952,0.2,-3,0,0.002,-0.002,0,0,0
17:44:35.939,0.4,0.6,0.4,2.7421,5.50413,-0.0859043,-14.2482,-6.12507,-11.9322,0,1.50335,67,51,-3.77487,18.6265,16.6921,-4.22829,17.0922,16.1898,-0.00724506,-4.32216,17.077,13.95,0.2,-3,0,0.00223607,-0.00223607,0,0,0
17:44:36.039,0.4,0.6,0.4,2.7431,5.51075,-0.086065,-14.2645,-6.1332,-11.9432,0,1.50335,67,51,-3.77487,18.6265,16.6921,-4.22829,17.0922,16.1898,-0.00724506,-4.32231,17.0771,13.949,0.2,-3,0,0.00223607,-0.00223607,0,0,0
17:44:36.139,0.4,0.6,0.4,2.7421,5.51028,-0.0860747,-14.2634,-6.13284,-11.9426,0,1.50335,67,51,-3.77487,18.6265,16.6921,-4.22829,17.0922,16.1898,-0.00724506,-4.3223,17.0772,13.95,0.2,-3,0,0.00223607,-0.00223607,0,0,0
17:44:36.239,0.4,0.6,0.4,2.7421,5.5144,-0.0861929,-14.2768,-6.13823,-11.9505,0,1.503,67,51,-3.77487,18.6265,16.6921,-4.22829,17.0922,16.1898,-0.00724506,-4.32241,17.0772,13.95,0.2,-3,0,0.002,-0.002,0,0,0
17:44:36.339,0.4,0.6,0.4,2.7421,5.51258,-0.0861331,-14.2691,-6.1355,-11.9462,0,1.50335,67,51,-3.77487,18.6265,16.6921,-4.22829,17.0922,16.1898,-0.00724506,-4.32231,17.0773,13.95,0.2,-3,0,0.00223607,-0.00223607,0,0,0
17:44:36.439,0.4,0.6,0.4,2.7421,5.51501,-0.0862028,-14.2751,-6.13869,-11.9504,0,1.50335,67,51,-3.77487,18.6265,16.6921,-4.22829,17.0922,16.1898,-0.00724506,-4.32238,17.0773,13.95,0.2,-3,0,0.00223607,-0.00223607,0,0,0
17:44:36.539,0.4,0.6,0.4,2.7431,5.51253,-0.0860919,-14.2563,-6.13442,-11.9418,0,1.50474,67,51,-3.77487,18.6265,16.6921,-4.22829,17.0922,16.1898,-0.00724506,-4.32222,17.0775,13.949,0.2,-3,0,0.00316228,-0.00316228,0,0,0
17:44:36.639,0.4,0.6,0.4,2.7441,5.51392,-0.0861012,-14.2724,-6.13565,-11.9473,0,1.50335,67,51,-3.77487,18.6265,16.6921,-4.22829,17.0922,16.1898,-0.00724506,-4.32222,17.0775,13.948,0.2,-3,0,0.00223607,-0.00223607,0,0,0
17:44:36.739,0.4,0.6,0.4,2.7451,5.50875,-0.0859143,-14.247,-6.12792,-11.9341,0,1.50474,67,51,-3.77487,18.6265,16.6921,-4.22829,17.0922,16.1898,-0.00724506,-4.32199,17.0776,13.947,0.2,-3,0,0.00316228,-0.00316228,0,0,0
17:44:36.840,0.4,0.6,0.4,2.7451,5.5086,-0.0859138,-14.2592,-6.1279,-11.9375,0,1.50335,67,51,-3.77487,18.6265,16.6921,-4.22829,17.0922,16.1898,-0.00724506,-4.32201,17.0776,13.947,0.2,-3,0,0.00223607,-0.00223607,0,0,0
17:44:36.939,0.4,0.6,0.4,2.7451,5.50403,-0.0857752,-14.2353,-6.12158,-11.9259,0,1.50474,67,51,-3.77487,18.6265,16.6921,-4.22829,17.0922,16.1898,-0.00724506,-4.32184,17.0776,13.947,0.2,-3,0,0.00316228,-0.00316228,0,0,0
17:44:37.039,0.4,0.6,0.4,2.7451,5.50584,-0.0858268,-14.2398,-6.12393,-11.929,0,1.50474,67,51,-3.77487,18.6265,16.6921,-4.22829,17.0922,16.1898,-0.00724506,-4.32189,17.0777,13.947,0.2,-3,0,0.00316228,-0.00316228,0,0,0
17:44:37.139,0.4,0.6,0.4,2.7451,5.50172,-0.0857003,-14.2296,-6.11816,-11.9216,0,1.50474,67,51,-3.77487,18.6265,16.6921,-4.22829,17.0922,16.1898,-0.00724506,-4.32173,17.0778,13.947,0.2,-3,0,0.00316228,-0.00316228,0,0,0
17:44:37.239,0.4,0.6,0.4,2.7461,5.50215,-0.0856851,-14.2306,-6.11826,-11.922,0,1.50474,67,51,-3.77487,18.6265,16.6921,-4.22829,17.0922,16.1898,-0.00724506,-4.32172,17.0777,13.946,0.2,-3,0,0.00316228,-0.00316228,0,0,0
17:44:37.339,0.4,0.6,0.4,2.7461,5.49597,-0.0854982,-14.2153,-6.10974,-11.9111,0,1.50474,67,51,-3.77487,18.6265,16.6921,-4.22829,17.0922,16.1898,-0.00724506,-4.32149,17.0779,13.946,0.2,-3,0,0.00316228,-0.00316228,0,0,0
17:44:37.439,0.4,0.6,0.4,2.7451,5.4934,-0.0854555,-14.209,-6.10699,-11.9072,0,1.50474,67,51,-3.77487,18.6265,16.6921,-4.22829,17.0922,16.1898,-0.00724506,-4.32146,17.0778,13.947,0.2,-3,0,0.00316228,-0.00316228,0,0,0
17:44:37.539,0.4,0.6,0.4,2.7451,5.4867,-0.0852562,-14.1924,-6.0979,-11.8954,0,1.50474,67,51,-3.77487,18.6265,16.6921,-4.22829,17.0922,16.1898,-0.00724506,-4.32124,17.0779,13.947,0.2,-3,0,0.00316228,-0.00316228,0,0,0
17:44:37.639,0.4,0.6,0.4,2.7461,5.48849,-0.085283,-14.2094,-6.09992,-11.9018,0,1.50335,67,51,-3.77487,18.6265,16.6921,-4.22829,17.0922,16.1898,-0.00724506,-4.32128,17.0778,13.946,0.2,-3,0,0.00223607,-0.00223607,0,0,0
17:44:37.739,0.4,0.6,0.4,2.7461,5.48441,-0.0851594,-14.1867,-6.09428,-11.891,0,1.50474,67,51,-3.77487,18.6265,16.6921,-4.22829,17.0922,16.1898,-0.00724506,-4.32113,17.0779,13.946,0.2,-3,0,0.00316228,-0.00316228,0,0,0
17:44:37.839,0.4,0.6,0.4,2.7461,5.48527,-0.0851864,-14.2014,-6.09551,-11.8961,0,1.50335,67,51,-3.77487,18.6265,16.6921,-4.22829,17.0922,16.1898,-0.00724506,-4.32117,17.0778,13.946,0.2,-3,0,0.00223607,-0.00223607,0,0,0
17:44:37.939,0.4,0.6,0.4,2.7451,5.47975,-0.0850507,-14.1878,-6.08852,-11.8868,0,1.50335,67,51,-3.77487,18.6265,16.6921,-4.22829,17.0922,16.1898,-0.00724506,-4.32101,17.0779,13.947,0.2,-3,0,0.00223607,-0.00223607,0,0,0
17:44:38.039,0.4,0.6,0.4,2.7461,5.48133,-0.0850742,-14.1949,-6.09039,-11.8903,0,1.503,67,51,-3.77487,18.6265,16.6921,-4.22829,17.0922,16.1898,-0.00724506,-4.32107,17.0778,13.946,0.2,-3,0,0.002,-0.002,0,0,0
17:44:38.139,0.4,0.6,0.4,2.7471,5.4773,-0.0849261,-14.1817,-6.08444,-11.8819,0,1.50335,67,51,-3.77487,18.6265,16.6921,-4.22829,17.0922,16.1898,-0.00724506,-4.32091,17.0778,13.945,0.2,-3,0,0.00223607,-0.00223607,0,0,0
17:44:38.239,0.4,0.6,0.4,2.7481,5.47955,-0.0849624,-14.1873,-6.08689,-11.8854,0,1.50335,67,51,-3.77487,18.6265,16.6921,-4.22829,17.0922,16.1898,-0.00724506,-4.32094,17.0778,13.944,0.2,-3,0,0.00223607,-0.00223607,0,0,0
17:44:38.339,0.4,0.6,0.4,2.7471,5.4746,-0.0848419,-14.1625,-6.0806,-11.8736,0,1.50474,67,51,-3.77487,18.6265,16.6921,-4.22829,17.0922,16.1898,-0.00724506,-4.32079,17.0779,13.945,0.2,-3,0,0.00316228,-0.00316228,0,0,0
17:44:38.439,0.4,0.6,0.4,2.7481,5.47726,-0.0848931,-14.1816,-6.08373,-11.8814,0,1.50335,67,51,-3.77487,18.6265,16.6921,-4.22829,17.0922,16.1898,-0.00724506,-4.32086,17.0779,13.944,0.2,-3,0,0.00223607,-0.00223607,0,0,0
17:44:38.539,0.4,0.6,0.4,2.7491,5.47541,-0.0848085,-14.177,-6.08067,-11.8777,0,1.50335,67,51,-3.77487,18.6265,16.6921,-4.22829,17.0922,16.1898,-0.00724506,-4.32076,17.0779,13.943,0.2,-3,0,0.00223607,-0.00223607,0,0,0
17:44:38.639,0.4,0.6,0.4,2.7491,5.48137,-0.0849839,-14.1918,-6.08867,-11.8881,0,1.50335,67,51,-3.77487,18.6265,16.6921,-4.22829,17.0922,16.1898,-0.00724506,-4.32095,17.0779,13.943,0.2,-3,0,0.00223607,-0.00223607,0,0,0
17:44:38.739,0.4,0.6,0.4,2.7481,5.48096,-0.0849965,-14.1908,-6.08845,-11.8876,0,1.50335,67,51,-3.77487,18.6265,16.6921,-4.22829,17.0922,16.1898,-0.00724506,-4.32094,17.0779,13.944,0.2,-3,0,0.00223607,-0.00223607,0,0,0
17:44:38.839,0.4,0.6,0.4,2.7481,5.48807,-0.0852106,-14.2252,-6.09822,-11.9049,0,1.5015,67,51,-3.77487,18.6265,16.6921,-4.22829,17.0922,16.1898,-0.00724506,-4.3212,17.0778,13.944,0.2,-3,0,0.001,-0.001,0,0,0
17:44:38.939,0.4,0.6,0.4,2.7491,5.48931,-0.0852194,-14.2147,-6.09942,-11.9029,0,1.503,67,51,-3.77487,18.6265,16.6921,-4.22829,17.0922,16.1898,-0.00724506,-4.32122,17.0778,13.943,0.2,-3,0,0.002,-0.002,0,0,0
17:44:39.039,0.4,0.6,0.4,2.7491,5.49549,-0.0854063,-14.2436,-6.10795,-11.9176,0,1.5015,67,51,-3.77487,18.6265,16.6921,-4.22829,17.0922,16.1898,-0.00724506,-4.32144,17.0777,13.943,0.2,-3,0,0.001,-0.001,0,0,0
17:44:39.139,0.4,0.6,0.4,2.7491,5.49673,-0.0854427,-14.233,-6.1096,-11.9159,0,1.503,67,51,-3.77487,18.6265,16.6921,-4.22829,17.0922,16.1898,-0.00724506,-4.32148,17.0777,13.943,0.2,-3,0,0.002,-0.002,0,0,0
17:44:39.239,0.4,0.6,0.4,2.7491,5.50298,-0.0856298,-14.2622,-6.11814,-11.9308,0,1.5015,67,51,-3.77487,18.6265,16.6921,-4.22829,17.0922,16.1898,-0.00724506,-4.3217,17.0776,13.943,0.2,-3,0,0.001,-0.001,0,0,0
17:44:39.339,0.4,0.6,0.4,2.7501,5.50541,-0.0856721,-14.2682,-6.12087,-11.9346,0,1.5015,67,51,-3.77487,18.6265,16.6921,-4.22829,17.0922,16.1898,-0.00724506,-4.32175,17.0776,13.942,0.2,-3,0,0.001,-0.001,0,0,0
17:44:39.440,0.4,0.6,0.4,2.7501,5.51279,-0.0858897,-14.2865,-6.1308,-11.9474,0,1.5015,67,51,-3.77487,18.6265,16.6921,-4.22829,17.0922,16.1898,-0.00724506,-4.32198,17.0776,13.942,0.2,-3,0,0.001,-0.001,0,0,0
17:44:39.539,0.4,0.6,0.4,2.7501,5.51356,-0.0859083,-14.2747,-6.13165,-11.9448,0,1.503,67,51,-3.77487,18.6265,16.6921,-4.22829,17.0922,16.1898,-0.00724506,-4.32198,17.0776,13.942,0.2,-3,0,0.002,-0.002,0,0,0
17:44:39.639,0.4,0.6,0.4,2.7501,5.51837,-0.0860558,-14.3003,-6.13838,-11.9572,0,1.5015,67,51,-3.77487,18.6265,16.6921,-4.22829,17.0922,16.1898,-0.00724506,-4.32217,17.0775,13.942,0.2,-3,0,0.001,-0.001,0,0,0
17:44:39.739,0.4,0.6,0.4,2.7501,5.51702,-0.0860219,-14.297,-6.13683,-11.9551,0,1.5015,67,51,-3.77487,18.6265,16.6921,-4.22829,17.0922,16.1898,-0.00724506,-4.32216,17.0774,13.942,0.2,-3,0,0.001,-0.001,0,0,0
17:44:39.839,0.4,0.6,0.4,2.7511,5.52065,-0.0861059,-14.306,-6.14146,-11.9612,0,1.5015,67,51,-3.77487,18.6265,16.6921,-4.22829,17.0922,16.1898,-0.00724506,-4.32229,17.0773,13.941,0.2,-3,0,0.001,-0.001,0,0,0
17:44:39.939,0.4,0.6,0.4,2.7531,5.51952,-0.0860178,-14.3032,-6.13904,-11.9585,0,1.5015,67,51,-3.77487,18.6265,16.6921,-4.22829,17.0922,16.1898,-0.00724506,-4.32221,17.0772,13.939,0.2,-3,0,0.001,-0.001,0,0,0
17:44:40.039,0.4,0.6,0.4,2.7531,5.52121,-0.0860745,-14.3073,-6.14163,-11.9617,0,1.5015,67,51,-3.77487,18.6265,16.6921,-4.22829,17.0922,16.1898,-0.00724506,-4.3223,17.0771,13.939,0.2,-3,0,0.001,-0.001,0,0,0
17:44:40.139,0.4,0.6,0.4,2.7541,5.51833,-0.0859652,-14.3002,-6.13744,-11.9565,0,1.5015,67,51,-3.77487,18.6265,16.6921,-4.22829,17.0922,16.1898,-0.00724506,-4.32221,17.0771,13.938,0.2,-3,0,0.001,-0.001,0,0,0
17:44:40.239,0.4,0.6,0.4,2.7541,5.52297,-0.086104,-14.3117,-6.14378,-11.9646,0,1.5015,67,51,-3.77487,18.6265,16.6921,-4.22829,17.0922,16.1898,-0.00724506,-4.32237,17.077,13.938,0.2,-3,0,0.001,-0.001,0,0,0
17:44:40.339,0.4,0.6,0.4,2.7541,5.5224,-0.0860887,-14.3103,-6.14308,-11.9637,0,1.5015,67,51,-3.77487,18.6265,16.6921,-4.22829,17.0922,16.1898,-0.00724506,-4.32236,17.077,13.938,0.2,-3,0,0.001,-0.001,0,0,0
17:44:40.440,0.4,0.6,0.4,2.7531,5.52708,-0.0862606,-14.3219,-6.15012,-11.9724,0,1.5015,67,51,-3.77487,18.6265,16.6921,-4.22829,17.0922,16.1898,-0.00724506,-4.32257,17.0769,13.939,0.2,-3,0,0.001,-0.001,0,0,0
17:44:40.539,0.4,0.6,0.4,2.7541,5.5272,-0.0862362,-14.3085,-6.14981,-11.9684,0,1.503,67,51,-3.77487,18.6265,16.6921,-4.22829,17.0922,16.1898,-0.00724506,-4.32255,17.0769,13.938,0.2,-3,0,0.002,-0.002,0,0,0
17:44:40.639,0.4,0.6,0.4,2.7541,5.5316,-0.0863662,-14.3331,-6.15574,-11.9799,0,1.5015,67,51,-3.77487,18.6265,16.6921,-4.22829,17.0922,16.1898,-0.00724506,-4.32269,17.0768,13.938,0.2,-3,0,0.001,-0.001,0,0,0
17:44:40.739,0.4,0.6,0.4,2.7541,5.52981,-0.0863119,-14.3149,-6.15326,-11.9729,0,1.503,67,51,-3.77487,18.6265,16.6921,-4.22829,17.0922,16.1898,-0.00724506,-4.32263,17.0769,13.938,0.2,-3,0,0.002,-0.002,0,0,0
17:44:40.839,0.4,0.6,0.4,2.7541,5.53199,-0.0863755,-14.3203,-6.15616,-11.9767,0,1.503,67,51,-3.77487,18.6265,16.6921,-4.22829,17.0922,16.1898,-0.00724506,-4.32269,17.0769,13.938,0.2,-3,0,0.002,-0.002,0,0,0
17:44:40.939,0.4,0.6,0.4,2.7531,5.52748,-0.0862672,-14.306,-6.15042,-11.9682,0,1.50335,67,51,-3.77487,18.6265,16.6921,-4.22829,17.0922,16.1898,-0.00724506,-4.32255,17.077,13.939,0.2,-3,0,0.00223607,-0.00223607,0,0,0
17:44:41.039,0.4,0.6,0.4,2.7531,5.5309,-0.086367,-14.3144,-6.15497,-11.9741,0,1.50335,67,51,-3.77487,18.6265,16.6921,-4.22829,17.0922,16.1898,-0.00724506,-4.32265,17.077,13.939,0.2,-3,0,0.00223607,-0.00223607,0,0,0
17:44:41.139,0.4,0.6,0.4,2.7531,5.52958,-0.0863223,-14.3111,-6.15293,-11.9716,0,1.50335,67,51,-3.77487,18.6265,16.6921,-4.22829,17.0922,16.1898,-0.00724506,-4.32258,17.0771,13.939,0.2,-3,0,0.00223607,-0.00223607,0,0,0
17:44:41.239,0.4,0.6,0.4,2.7531,5.53224,-0.0864009,-14.3177,-6.15652,-11.9763,0,1.50335,67,51,-3.77487,18.6265,16.6921,-4.22829,17.0922,16.1898,-0.00724506,-4.32266,17.0771,13.939,0.2,-3,0,0.00223607,-0.00223607,0,0,0
17:44:41.339,0.4,0.6,0.4,2.7541,5.53068,-0.0863198,-14.3012,-6.15362,-11.9694,0,1.50474,67,51,-3.77487,18.6265,16.6921,-4.22829,17.0922,16.1898,-0.00724506,-4.32255,17.0772,13.938,0.2,-3,0,0.00316228,-0.00316228,0,0,0
17:44:41.440,0.4,0.6,0.4,2.7541,5.53195,-0.0863617,-14.317,-6.15553,-11.9753,0,1.50335,67,51,-3.77487,18.6265,16.6921,-4.22829,17.0922,16.1898,-0.00724506,-4.32262,17.0771,13.938,0.2,-3,0,0.00223607,-0.00223607,0,0,0
17:44:41.539,0.4,0.6,0.4,2.7541,5.52798,-0.0862439,-14.3072,-6.15016,-11.9683,0,1.50335,67,51,-3.77487,18.6265,16.6921,-4.22829,17.0922,16.1898,-0.00724506,-4.32248,17.0771,13.938,0.2,-3,0,0.00223607,-0.00223607,0,0,0
17:44:41.639,0.4,0.6,0.4,2.7531,5.52647,-0.0862315,-14.3034,-6.14879,-11.9662,0,1.50335,67,51,-3.77487,18.6265,16.6921,-4.22829,17.0922,16.1898,-0.00724506,-4.32248,17.0771,13.939,0.2,-3,0,0.00223607,-0.00223607,0,0,0
17:44:41.739,0.4,0.6,0.4,2.7541,5.52071,-0.086032,-14.2892,-6.14049,-11.9558,0,1.50335,67,51,-3.77487,18.6265,16.6921,-4.22829,17.0922,16.1898,-0.00724506,-4.32227,17.0771,13.938,0.2,-3,0,0.00223607,-0.00223607,0,0,0
17:44:41.840,0.4,0.6,0.4,2.7541,5.51983,-0.0860077,-14.287,-6.13938,-11.9543,0,1.50335,67,51,-3.77487,18.6265,16.6921,-4.22829,17.0922,16.1898,-0.00724506,-4.32225,17.0771,13.938,0.2,-3,0,0.00223607,-0.00223607,0,0,0
17:44:41.939,0.4,0.6,0.4,2.7541,5.51345,-0.0858175,-14.2712,-6.1307,-11.9431,0,1.50335,67,51,-3.77487,18.6265,16.6921,-4.22829,17.0922,16.1898,-0.00724506,-4.32203,17.0771,13.938,0.2,-3,0,0.00223607,-0.00223607,0,0,0
17:44:42.039,0.4,0.6,0.4,2.7551,5.51399,-0.085808,-14.2726,-6.13107,-11.9438,0,1.50335,67,51,-3.77487,18.6265,16.6921,-4.22829,17.0922,16.1898,-0.00724506,-4.32204,17.0771,13.937,0.2,-3,0,0.00223607,-0.00223607,0,0,0
17:44:42.139,0.4,0.6,0.4,2.7561,5.5081,-0.0856054,-14.2453,-6.12263,-11.9296,0,1.50474,67,51,-3.77487,18.6265,16.6921,-4.22829,17.0922,16.1898,-0.00724506,-4.32182,17.0771,13.936,0.2,-3,0,0.00316228,-0.00316228,0,0,0
17:44:42.240,0.4,0.6,0.4,2.7551,5.50633,-0.0855868,-14.2536,-6.12098,-11.9306,0,1.50335,67,51,-3.77487,18.6265,16.6921,-4.22829,17.0922,16.1898,-0.00724506,-4.32182,17.077,13.937,0.2,-3,0,0.00223607,-0.00223607,0,0,0
17:44:42.339,0.4,0.6,0.4,2.7561,5.50059,-0.0853846,-14.2268,-6.11256,-11.9165,0,1.50474,67,51,-3.77487,18.6265,16.6921,-4.22829,17.0922,16.1898,-0.00724506,-4.32159,17.0771,13.936,0.2,-3,0,0.00316228,-0.00316228,0,0,0
17:44:42.440,0.4,0.6,0.4,2.7561,5.49965,-0.0853574,-14.2245,-6.11131,-11.9149,0,1.50474,67,51,-3.77487,18.6265,16.6921,-4.22829,17.0922,16.1898,-0.00724506,-4.32156,17.0771,13.936,0.2,-3,0,0.00316228,-0.00316228,0,0,0
17:44:42.539,0.4,0.6,0.4,2.7561,5.49353,-0.0851734,-14.2219,-6.10292,-11.9076,0,1.50335,67,51,-3.77487,18.6265,16.6921,-4.22829,17.0922,16.1898,-0.00724506,-4.32134,17.0772,13.936,0.2,-3,0,0.00223607,-0.00223607,0,0,0
17:44:42.639,0.4,0.6,0.4,2.7561,5.49618,-0.0852547,-14.2285,-6.10663,-11.9123,0,1.50335,67,51,-3.77487,18.6265,16.6921,-4.22829,17.0922,16.1898,-0.00724506,-4.32144,17.0771,13.936,0.2,-3,0,0.00223607,-0.00223607,0,0,0
17:44:42.739,0.4,0.6,0.4,2.7561,5.49415,-0.0851915,-14.2234,-6.10375,-11.9087,0,1.50335,67,51,-3.77487,18.6265,16.6921,-4.22829,17.0922,16.1898,-0.00724506,-4.32136,17.0772,13.936,0.2,-3,0,0.00223607,-0.00223607,0,0,0
17:44:42.840,0.4,0.6,0.4,2.7561,5.49964,-0.0853492,-14.237,-6.11094,-11.9181,0,1.50335,67,51,-3.77487,18.6265,16.6921,-4.22829,17.0922,16.1898,-0.00724506,-4.32151,17.0773,13.936,0.2,-3,0,0.00223607,-0.00223607,0,0,0
17:44:42.939,0.4,0.6,0.4,2.7561,5.5002,-0.0853562,-14.2384,-6.11126,-11.9187,0,1.50335,67,51,-3.77487,18.6265,16.6921,-4.22829,17.0922,16.1898,-0.00724506,-4.32147,17.0774,13.936,0.2,-3,0,0.00223607,-0.00223607,0,0,0
17:44:43.040,0.4,0.6,0.4,2.7551,5.5042,-0.0854988,-14.2483,-6.11696,-11.926,0,1.50335,67,51,-3.77487,18.6265,16.6921,-4.22829,17.0922,16.1898,-0.00724506,-4.32161,17.0775,13.937,0.2,-3,0,0.00223607,-0.00223607,0,0,0
17:44:43.139,0.4,0.6,0.4,2.7561,5.50345,-0.0854391,-14.2338,-6.11504,-11.9204,0,1.50474,67,51,-3.77487,18.6265,16.6921,-4.22829,17.0922,16.1898,-0.00724506,-4.3215,17.0776,13.936,0.2,-3,0,0.00316228,-0.00316228,0,0,0
17:44:43.240,0.4,0.6,0.4,2.7571,5.51038,-0.0856089,-14.2636,-6.12359,-11.9354,0,1.50335,67,51,-3.77487,18.6265,16.6921,-4.22829,17.0922,16.1898,-0.00724506,-4.32166,17.0777,13.935,0.2,-3,0,0.00223607,-0.00223607,0,0,0
17:44:43.339,0.4,0.6,0.4,2.7571,5.51112,-0.085622,-14.2528,-6.12418,-11.9329,0,1.50474,67,51,-3.77487,18.6265,16.6921,-4.22829,17.0922,16.1898,-0.00724506,-4.32163,17.0778,13.935,0.2,-3,0,0.00316228,-0.00316228,0,0,0
17:44:43.440,0.4,0.6,0.4,2.7571,5.51643,-0.0857736,-14.2786,-6.1311,-11.9455,0,1.50335,67,51,-3.77487,18.6265,16.6921,-4.22829,17.0922,16.1898,-0.00724506,-4.32178,17.0779,13.935,0.2,-3,0,0.00223607,-0.00223607,0,0,0
17:44:43.539,0.4,0.6,0.4,2.7571,5.51525,-0.0857292,-14.263,-6.12908,-11.9395,0,1.50474,67,51,-3.77487,18.6265,16.6921,-4.22829,17.0922,16.1898,-0.00724506,-4.32168,17.078,13.935,0.2,-3,0,0.00316228,-0.00316228,0,0,0
17:44:43.640,0.4,0.6,0.4,2.7551,5.51555,-0.0857876,-14.2638,-6.13014,-11.9406,0,1.50474,67,51,-3.77487,18.6265,16.6921,-4.22829,17.0922,16.1898,-0.00724506,-4.3217,17.0782,13.937,0.2,-3,0,0.00316228,-0.00316228,0,0,0
17:44:43.739,0.4,0.6,0.4,2.7571,5.51339,-0.0856556,-14.2584,-6.12572,-11.9356,0,1.50474,67,51,-3.77487,18.6265,16.6921,-4.22829,17.0922,16.1898,-0.00724506,-4.32151,17.0784,13.935,0.2,-3,0,0.00316228,-0.00316228,0,0,0
17:44:43.839,0.4,0.6,0.4,2.7561,5.51374,-0.0856977,-14.2719,-6.12684,-11.9403,0,1.50335,67,51,-3.77487,18.6265,16.6921,-4.22829,17.0922,16.1898,-0.00724506,-4.32157,17.0783,13.936,0.2,-3,0,0.00223607,-0.00223607,0,0,0
17:44:43.939,0.4,0.6,0.4,2.7561,5.50923,-0.085562,-14.2481,-6.12065,-11.9288,0,1.50474,67,51,-3.77487,18.6265,16.6921,-4.22829,17.0922,16.1898,-0.00724506,-4.32141,17.0784,13.936,0.2,-3,0,0.00316228,-0.00316228,0,0,0
17:44:44.039,0.4,0.6,0.4,2.7571,5.51076,-0.0855717,-14.2519,-6.12189,-11.9308,0,1.50474,67,51,-3.77487,18.6265,16.6921,-4.22829,17.0922,16.1898,-0.00724506,-4.32139,17.0785,13.935,0.2,-3,0,0.00316228,-0.00316228,0,0,0
17:44:44.139,0.4,0.6,0.4,2.7571,5.50453,-0.0853819,-14.2365,-6.11323,-11.9197,0,1.50474,67,51,-3.77487,18.6265,16.6921,-4.22829,17.0922,16.1898,-0.00724506,-4.32115,17.0786,13.935,0.2,-3,0,0.00316228,-0.00316228,0,0,0
17:44:44.240,0.4,0.6,0.4,2.7571,5.50429,-0.085373,-14.2359,-6.11283,-11.9193,0,1.50474,67,51,-3.77487,18.6265,16.6921,-4.22829,17.0922,16.1898,-0.00724506,-4.32113,17.0786,13.935,0.2,-3,0,0.00316228,-0.00316228,0,0,0
17:44:44.339,0.4,0.6,0.4,2.7581,5.49862,-0.0851711,-14.2219,-6.10441,-11.9088,0,1.50474,67,51,-3.77487,18.6265,16.6921,-4.22829,17.0922,16.1898,-0.00724506,-4.32089,17.0788,13.934,0.2,-3,0,0.00316228,-0.00316228,0,0,0
17:44:44.439,0.4,0.6,0.4,2.7581,5.4995,-0.0851954,-14.2241,-6.10552,-11.9103,0,1.50474,67,51,-3.77487,18.6265,16.6921,-4.22829,17.0922,16.1898,-0.00724506,-4.32091,17.0788,13.934,0.2,-3,0,0.00316228,-0.00316228,0,0,0
17:44:44.539,0.4,0.6,0.4,2.7581,5.49407,-0.0850298,-14.2106,-6.09797,-11.9006,0,1.50474,67,51,-3.77487,18.6265,16.6921,-4.22829,17.0922,16.1898,-0.00724506,-4.3207,17.0789,13.934,0.2,-3,0,0.00316228,-0.00316228,0,0,0
17:44:44.639,0.4,0.6,0.4,2.7581,5.49641,-0.085102,-14.2164,-6.10126,-11.9048,0,1.50474,67,51,-3.77487,18.6265,16.6921,-4.22829,17.0922,16.1898,-0.00724506,-4.32079,17.0788,13.934,0.2,-3,0,0.00316228,-0.00316228,0,0,0
17:44:44.739,0.4,0.6,0.4,2.7591,5.49295,-0.0849691,-14.2079,-6.096,-11.8983,0,1.50474,67,51,-3.77487,18.6265,16.6921,-4.22829,17.0922,16.1898,-0.00724506,-4.32064,17.0789,13.933,0.2,-3,0,0.00316228,-0.00316228,0,0,0
17:44:44.840,0.4,0.6,0.4,2.7581,5.49513,-0.0850601,-14.2002,-6.09935,-11.8988,0,1.50618,67,51,-3.77487,18.6265,16.6921,-4.22829,17.0922,16.1898,-0.00724506,-4.32073,17.0789,13.934,0.2,-3,0,0.00412311,-0.00412311,0,0,0
17:44:44.939,0.4,0.6,0.4,2.7571,5.49132,-0.0849702,-14.2038,-6.09445,-11.8959,0,1.50474,67,51,-3.77487,18.6265,16.6921,-4.22829,17.0922,16.1898,-0.00724506,-4.32059,17.0791,13.935,0.2,-3,0,0.00316228,-0.00316228,0,0,0
17:44:45.040,0.4,0.6,0.4,2.7581,5.49012,-0.0849093,-14.2009,-6.09247,-11.8936,0,1.50474,67,51,-3.77487,18.6265,16.6921,-4.22829,17.0922,16.1898,-0.00724506,-4.32055,17.079,13.934,0.2,-3,0,0.00316228,-0.00316228,0,0,0
17:44:45.139,0.4,0.6,0.4,2.7591,5.48707,-0.0847913,-14.1933,-6.08789,-11.8879,0,1.50474,67,51,-3.77487,18.6265,16.6921,-4.22829,17.0922,16.1898,-0.00724506,-4.32042,17.079,13.933,0.2,-3,0,0.00316228,-0.00316228,0,0,0
17:44:45.240,0.4,0.6,0.4,2.7591,5.48689,-0.0847853,-14.1929,-6.08761,-11.8875,0,1.50474,67,51,-3.77487,18.6265,16.6921,-4.22829,17.0922,16.1898,-0.00724506,-4.32041,17.079,13.933,0.2,-3,0,0.00316228,-0.00316228,0,0,0
17:44:45.339,0.4,0.6,0.4,2.7581,5.48368,-0.0847162,-14.1719,-6.08366,-11.8786,0,1.50618,67,51,-3.77487,18.6265,16.6921,-4.22829,17.0922,16.1898,-0.00724506,-4.32032,17.0791,13.934,0.2,-3,0,0.00412311,-0.00412311,0,0,0
17:44:45.440,0.4,0.6,0.4,2.7591,5.48475,-0.0847164,-14.1876,-6.08447,-11.8836,0,1.50474,67,51,-3.77487,18.6265,16.6921,-4.22829,17.0922,16.1898,-0.00724506,-4.32031,17.0791,13.933,0.2,-3,0,0.00316228,-0.00316228,0,0,0
17:44:45.539,0.4,0.6,0.4,2.7581,5.48152,-0.08465,-14.1796,-6.08064,-11.8784,0,1.50474,67,51,-3.77487,18.6265,16.6921,-4.22829,17.0922,16.1898,-0.00724506,-4.32023,17.0791,13.934,0.2,-3,0,0.00316228,-0.00316228,0,0,0
17:44:45.639,0.4,0.6,0.4,2.7581,5.47836,-0.0845646,-14.1718,-6.07674,-11.8732,0,1.50474,67,51,-3.77487,18.6265,16.6921,-4.22829,17.0922,16.1898,-0.00724506,-4.32018,17.079,13.934,0.2,-3,0,0.00316228,-0.00316228,0,0,0
17:44:45.739,0.4,0.6,0.4,2.7581,5.47212,-0.0843857,-14.1563,-6.06858,-11.8625,0,1.50474,67,51,-3.77487,18.6265,16.6921,-4.22829,17.0922,16.1898,-0.00724506,-4.32001,17.079,13.934,0.2,-3,0,0.00316228,-0.00316228,0,0,0
17:44:45.840,0.4,0.6,0.4,2.7591,5.47123,-0.0843339,-14.1541,-6.06702,-11.8606,0,1.50474,67,51,-3.77487,18.6265,16.6921,-4.22829,17.0922,16.1898,-0.00724506,-4.31997,17.0789,13.933,0.2,-3,0,0.00316228,-0.00316228,0,0,0
17:44:45.939,0.4,0.6,0.4,2.7581,5.4675,-0.0842524,-14.1449,-6.0625,-11.8545,0,1.50474,67,51,-3.77487,18.6265,16.6921,-4.22829,17.0922,16.1898,-0.00724506,-4.31988,17.079,13.934,0.2,-3,0,0.00316228,-0.00316228,0,0,0
17:44:46.039,0.4,0.6,0.4,2.7581,5.46845,-0.0842879,-14.1472,-6.06412,-11.8564,0,1.50474,67,51,-3.77487,18.6265,16.6921,-4.22829,17.0922,16.1898,-0.00724506,-4.31995,17.0788,13.934,0.2,-3,0,0.00316228,-0.00316228,0,0,0
17:44:46.139,0.4,0.6,0.4,2.7591,5.46855,-0.0842662,-14.1475,-6.06393,-11.8564,0,1.50474,67,51,-3.77487,18.6265,16.6921,-4.22829,17.0922,16.1898,-0.00724506,-4.31995,17.0787,13.933,0.2,-3,0,0.00316228,-0.00316228,0,0,0
17:44:46.240,0.4,0.6,0.4,2.7601,5.4709,-0.0843083,-14.1533,-6.06665,-11.8601,0,1.50474,67,51,-3.77487,18.6265,16.6921,-4.22829,17.0922,16.1898,-0.00724506,-4.32001,17.0787,13.932,0.2,-3,0,0.00316228,-0.00316228,0,0,0
17:44:46.339,0.4,0.6,0.4,2.7601,5.47053,-0.0842963,-14.1394,-6.0661,-11.8558,0,1.50618,67,51,-3.77487,18.6265,16.6921,-4.22829,17.0922,16.1898,-0.00724506,-4.31999,17.0787,13.932,0.2,-3,0,0.00412311,-0.00412311,0,0,0
17:44:46.440,0.4,0.6,0.4,2.7601,5.47028,-0.0842901,-14.1388,-6.06582,-11.8554,0,1.50618,67,51,-3.77487,18.6265,16.6921,-4.22829,17.0922,16.1898,-0.00724506,-4.31999,17.0787,13.932,0.2,-3,0,0.00412311,-0.00412311,0,0,0
17:44:46.539,0.4,0.6,0.4,2.7611,5.46894,-0.0842179,-14.1354,-6.06332,-11.8525,0,1.50618,67,51,-3.77487,18.6265,16.6921,-4.22829,17.0922,16.1898,-0.00724506,-4.31989,17.0788,13.931,0.2,-3,0,0.00412311,-0.00412311,0,0,0
17:44:46.639,0.4,0.6,0.4,2.7591,5.46625,-0.0841887,-14.1156,-6.06039,-11.8447,0,1.50765,67,51,-3.77487,18.6265,16.6921,-4.22829,17.0922,16.1898,-0.00724506,-4.31982,17.0789,13.933,0.2,-3,0,0.00509902,-0.00509902,0,0,0
17:44:46.739,0.4,0.6,0.4,2.7591,5.46176,-0.0840476,-14.1177,-6.05395,-11.8402,0,1.50618,67,51,-3.77487,18.6265,16.6921,-4.22829,17.0922,16.1898,-0.00724506,-4.31962,17.0791,13.933,0.2,-3,0,0.00412311,-0.00412311,0,0,0
17:44:46.840,0.4,0.6,0.4,2.7611,5.46244,-0.0840111,-14.1194,-6.05388,-11.8407,0,1.50618,67,51,-3.77487,18.6265,16.6921,-4.22829,17.0922,16.1898,-0.00724506,-4.31959,17.0791,13.931,0.2,-3,0,0.00412311,-0.00412311,0,0,0
17:44:46.939,0.4,0.6,0.4,2.7621,5.46172,-0.083957,-14.1044,-6.05222,-11.8352,0,1.50765,67,51,-3.77487,18.6265,16.6921,-4.22829,17.0922,16.1898,-0.00724506,-4.31952,17.0791,13.93,0.2,-3,0,0.00509902,-0.00509902,0,0,0
17:44:47.040,0.4,0.6,0.4,2.7621,5.46468,-0.0840391,-14.1117,-6.05596,-11.8401,0,1.50765,67,51,-3.77487,18.6265,16.6921,-4.22829,17.0922,16.1898,-0.00724506,-4.31958,17.0792,13.93,0.2,-3,0,0.00509902,-0.00509902,0,0,0
17:44:47.139,0.4,0.6,0.4,2.7631,5.46572,-0.0840338,-14.1143,-6.05652,-11.8413,0,1.50765,67,51,-3.77487,18.6265,16.6921,-4.22829,17.0922,16.1898,-0.00724506,-4.31954,17.0793,13.929,0.2,-3,0,0.00509902,-0.00509902,0,0,0
17:44:47.239,0.4,0.6,0.4,2.7641,5.46732,-0.0840546,-14.1314,-6.05827,-11.8475,0,1.50618,67,51,-3.77487,18.6265,16.6921,-4.22829,17.0922,16.1898,-0.00724506,-4.31958,17.0793,13.928,0.2,-3,0,0.00412311,-0.00412311,0,0,0
17:44:47.339,0.4,0.6,0.4,2.7651,5.46782,-0.0840395,-14.1195,-6.05838,-11.8442,0,1.50765,67,51,-3.77487,18.6265,16.6921,-4.22829,17.0922,16.1898,-0.00724506,-4.31956,17.0793,13.927,0.2,-3,0,0.00509902,-0.00509902,0,0,0
17:44:47.439,0.4,0.6,0.4,2.7661,5.47053,-0.0840853,-14.1262,-6.06127,-11.8483,0,1.50765,67,51,-3.77487,18.6265,16.6921,-4.22829,17.0922,16.1898,-0.00724506,-4.31959,17.0793,13.926,0.2,-3,0,0.00509902,-0.00509902,0,0,0
17:44:47.539,0.4,0.6,0.4,2.7661,5.47021,-0.084068,-14.1254,-6.06048,-11.8475,0,1.50765,67,51,-3.77487,18.6265,16.6921,-4.22829,17.0922,16.1898,-0.00724506,-4.31953,17.0795,13.926,0.2,-3,0,0.00509902,-0.00509902,0,0,0
17:44:47.639,0.4,0.6,0.4,2.7681,5.47464,-0.0841378,-14.1364,-6.06527,-11.8543,0,1.50765,67,51,-3.77487,18.6265,16.6921,-4.22829,17.0922,16.1898,-0.00724506,-4.3196,17.0795,13.924,0.2,-3,0,0.00509902,-0.00509902,0,0,0
17:44:47.739,0.4,0.6,0.4,2.7691,5.47667,-0.0841625,-14.1414,-6.0672,-11.8572,0,1.50765,67,51,-3.77487,18.6265,16.6921,-4.22829,17.0922,16.1898,-0.00724506,-4.3196,17.0796,13.923,0.2,-3,0,0.00509902,-0.00509902,0,0,0
17:44:47.839,0.4,0.6,0.4,2.7691,5.48164,-0.0842995,-14.1537,-6.07345,-11.8655,0,1.50765,67,51,-3.77487,18.6265,16.6921,-4.22829,17.0922,16.1898,-0.00724506,-4.3197,17.0797,13.923,0.2,-3,0,0.00509902,-0.00509902,0,0,0
17:44:47.939,0.4,0.6,0.4,2.7691,5.48414,-0.0843612,-14.1598,-6.07626,-11.8694,0,1.50765,67,51,-3.77487,18.6265,16.6921,-4.22829,17.0922,16.1898,-0.00724506,-4.31971,17.0799,13.923,0.2,-3,0,0.00509902,-0.00509902,0,0,0
17:44:48.040,0.4,0.6,0.4,2.7691,5.48788,-0.0844702,-14.1691,-6.08123,-11.8759,0,1.50765,67,51,-3.77487,18.6265,16.6921,-4.22829,17.0922,16.1898,-0.00724506,-4.31983,17.0799,13.923,0.2,-3,0,0.00509902,-0.00509902,0,0,0
17:44:48.140,0.4,0.6,0.4,2.7701,5.4894,-0.0844825,-14.1728,-6.0826,-11.878,0,1.50765,67,51,-3.77487,18.6265,16.6921,-4.22829,17.0922,16.1898,-0.00724506,-4.31983,17.0799,13.922,0.2,-3,0,0.00509902,-0.00509902,0,0,0
17:44:48.240,0.4,0.6,0.4,2.7691,5.48951,-0.0845158,-14.1731,-6.08331,-11.8787,0,1.50765,67,51,-3.77487,18.6265,16.6921,-4.22829,17.0922,16.1898,-0.00724506,-4.31987,17.0799,13.923,0.2,-3,0,0.00509902,-0.00509902,0,0,0
17:44:48.339,0.4,0.6,0.4,2.7701,5.48936,-0.084477,-14.1727,-6.08234,-11.8778,0,1.50765,67,51,-3.77487,18.6265,16.6921,-4.22829,17.0922,16.1898,-0.00724506,-4.3198,17.08,13.922,0.2,-3,0,0.00509902,-0.00509902,0,0,0
17:44:48.440,0.4,0.6,0.4,2.7711,5.49076,-0.0844945,-14.1762,-6.08394,-11.88,0,1.50765,67,51,-3.77487,18.6265,16.6921,-4.22829,17.0922,16.1898,-0.00724506,-4.31985,17.0799,13.921,0.2,-3,0,0.00509902,-0.00509902,0,0,0
17:44:48.540,0.4,0.6,0.4,2.7701,5.48833,-0.0844522,-14.1702,-6.08121,-11.8762,0,1.50765,67,51,-3.77487,18.6265,16.6921,-4.22829,17.0922,16.1898,-0.00724506,-4.3198,17.0799,13.922,0.2,-3,0,0.00509902,-0.00509902,0,0,0
17:44:48.640,0.4,0.6,0.4,2.7701,5.49198,-0.0845636,-14.1924,-6.0863,-11.8864,0,1.50618,67,51,-3.77487,18.6265,16.6921,-4.22829,17.0922,16.1898,-0.00724506,-4.31994,17.0798,13.922,0.2,-3,0,0.00412311,-0.00412311,0,0,0
17:44:48.739,0.4,0.6,0.4,2.7711,5.49529,-0.0846302,-14.2006,-6.09014,-11.8917,0,1.50618,67,51,-3.77487,18.6265,16.6921,-4.22829,17.0922,16.1898,-0.00724506,-4.32001,17.0799,13.921,0.2,-3,0,0.00412311,-0.00412311,0,0,0
17:44:48.839,0.4,0.6,0.4,2.7721,5.50413,-0.0848601,-14.2225,-6.10142,-11.9066,0,1.50618,67,51,-3.77487,18.6265,16.6921,-4.22829,17.0922,16.1898,-0.00724506,-4.32025,17.0798,13.92,0.2,-3,0,0.00412311,-0.00412311,0,0,0
17:44:48.940,0.4,0.6,0.4,2.7721,5.50975,-0.0850208,-14.2364,-6.10876,-11.9162,0,1.50618,67,51,-3.77487,18.6265,16.6921,-4.22829,17.0922,16.1898,-0.00724506,-4.3204,17.0799,13.92,0.2,-3,0,0.00412311,-0.00412311,0,0,0
17:44:49.040,0.4,0.6,0.4,2.7721,5.51796,-0.0852626,-14.2566,-6.11979,-11.9305,0,1.50618,67,51,-3.77487,18.6265,16.6921,-4.22829,17.0922,16.1898,-0.00724506,-4.32067,17.0798,13.92,0.2,-3,0,0.00412311,-0.00412311,0,0,0
17:44:49.140,0.4,0.6,0.4,2.7731,5.5231,-0.0853781,-14.2561,-6.12586,-11.9351,0,1.50765,67,51,-3.77487,18.6265,16.6921,-4.22829,17.0922,16.1898,-0.00724506,-4.32076,17.0799,13.919,0.2,-3,0,0.00509902,-0.00509902,0,0,0
17:44:49.240,0.4,0.6,0.4,2.7721,5.53898,-0.0858794,-14.3086,-6.14793,-11.967,0,1.50618,67,51,-3.77487,18.6265,16.6921,-4.22829,17.0922,16.1898,-0.00724506,-4.32133,17.0798,13.92,0.2,-3,0,0.00412311,-0.00412311,0,0,0
17:44:49.339,0.4,0.6,0.4,2.7701,5.54748,-0.0861796,-14.3162,-6.16002,-11.9786,0,1.50765,67,51,-3.77487,18.6265,16.6921,-4.22829,17.0922,16.1898,-0.00724506,-4.32161,17.0799,13.922,0.2,-3,0,0.00509902,-0.00509902,0,0,0
17:44:49.440,0.4,0.6,0.4,2.7721,5.56581,-0.0866712,-14.388,-6.18405,-12.0174,0,1.50474,67,51,-3.77487,18.6265,16.6921,-4.22829,17.0922,16.1898,-0.00724506,-4.3222,17.0796,13.92,0.2,-3,0,0.00316228,-0.00316228,0,0,0
17:44:49.539,0.4,0.6,0.4,2.7741,5.57837,-0.0869825,-14.419,-6.19985,-12.0384,0,1.50474,67,51,-3.77487,18.6265,16.6921,-4.22829,17.0922,16.1898,-0.00724506,-4.32254,17.0796,13.918,0.2,-3,0,0.00316228,-0.00316228,0,0,0
17:44:49.639,0.4,0.6,0.4,2.7741,5.58902,-0.0872995,-14.4321,-6.21431,-12.0533,0,1.50618,67,51,-3.77487,18.6265,16.6921,-4.22829,17.0922,16.1898,-0.00724506,-4.3229,17.0795,13.918,0.2,-3,0,0.00412311,-0.00412311,0,0,0
17:44:49.739,0.4,0.6,0.4,2.7741,5.59254,-0.0873887,-14.4273,-6.21838,-12.0552,0,1.50765,67,51,-3.77487,18.6265,16.6921,-4.22829,17.0922,16.1898,-0.00724506,-4.32293,17.0797,13.918,0.2,-3,0,0.00509902,-0.00509902,0,0,0
17:44:49.840,0.4,0.6,0.4,2.7761,5.59921,-0.0875331,-14.4705,-6.22657,-12.0737,0,1.50474,67,51,-3.77487,18.6265,16.6921,-4.22829,17.0922,16.1898,-0.00724506,-4.32312,17.0796,13.916,0.2,-3,0,0.00316228,-0.00316228,0,0,0
17:44:49.940,0.4,0.6,0.4,2.7761,5.59903,-0.0875271,-14.47,-6.22629,-12.0733,0,1.50474,67,51,-3.77487,18.6265,16.6921,-4.22829,17.0922,16.1898,-0.00724506,-4.32311,17.0796,13.916,0.2,-3,0,0.00316228,-0.00316228,0,0,0
17:44:50.040,0.4,0.6,0.4,2.7761,5.59869,-0.0875125,-14.4559,-6.22562,-12.0688,0,1.50618,67,51,-3.77487,18.6265,16.6921,-4.22829,17.0922,16.1898,-0.00724506,-4.32307,17.0796,13.916,0.2,-3,0,0.00412311,-0.00412311,0,0,0
17:44:50.139,0.4,0.6,0.4,2.7771,5.59725,-0.0874263,-14.4389,-6.22249,-12.0616,0,1.50765,67,51,-3.77487,18.6265,16.6921,-4.22829,17.0922,16.1898,-0.00724506,-4.32291,17.0799,13.915,0.2,-3,0,0.00509902,-0.00509902,0,0,0
17:44:50.240,0.4,0.6,0.4,2.7771,5.59636,-0.0873937,-14.4502,-6.22101,-12.0636,0,1.50618,67,51,-3.77487,18.6265,16.6921,-4.22829,17.0922,16.1898,-0.00724506,-4.32284,17.08,13.915,0.2,-3,0,0.00412311,-0.00412311,0,0,0
17:44:50.339,0.4,0.6,0.4,2.7781,5.59267,-0.087252,-14.4411,-6.21534,-12.0567,0,1.50618,67,51,-3.77487,18.6265,16.6921,-4.22829,17.0922,16.1898,-0.00724506,-4.32267,17.0801,13.914,0.2,-3,0,0.00412311,-0.00412311,0,0,0
17:44:50.440,0.4,0.6,0.4,2.7781,5.58826,-0.087122,-14.4302,-6.20941,-12.049,0,1.50618,67,51,-3.77487,18.6265,16.6921,-4.22829,17.0922,16.1898,-0.00724506,-4.32253,17.0801,13.914,0.2,-3,0,0.00412311,-0.00412311,0,0,0
17:44:50.539,0.4,0.6,0.4,2.7781,5.58314,-0.0869654,-14.4041,-6.20227,-12.0361,0,1.50765,67,51,-3.77487,18.6265,16.6921,-4.22829,17.0922,16.1898,-0.00724506,-4.32233,17.0802,13.914,0.2,-3,0,0.00509902,-0.00509902,0,0,0
17:44:50.640,0.4,0.6,0.4,2.7781,5.57946,-0.0868511,-14.3951,-6.19706,-12.0295,0,1.50765,67,51,-3.77487,18.6265,16.6921,-4.22829,17.0922,16.1898,-0.00724506,-4.32218,17.0803,13.914,0.2,-3,0,0.00509902,-0.00509902,0,0,0
17:44:50.740,0.4,0.6,0.4,2.7791,5.57573,-0.0867039,-14.3993,-6.19114,-12.0261,0,1.50618,67,51,-3.77487,18.6265,16.6921,-4.22829,17.0922,16.1898,-0.00724506,-4.32198,17.0805,13.913,0.2,-3,0,0.00412311,-0.00412311,0,0,0
17:44:50.840,0.4,0.6,0.4,2.7791,5.57012,-0.0865405,-14.3854,-6.18369,-12.0164,0,1.50618,67,51,-3.77487,18.6265,16.6921,-4.22829,17.0922,16.1898,-0.00724506,-4.32181,17.0805,13.913,0.2,-3,0,0.00412311,-0.00412311,0,0,0
17:44:50.940,0.4,0.6,0.4,2.7811,5.56475,-0.0863201,-14.3588,-6.17524,-12.0023,0,1.50765,67,51,-3.77487,18.6265,16.6921,-4.22829,17.0922,16.1898,-0.00724506,-4.32156,17.0806,13.911,0.2,-3,0,0.00509902,-0.00509902,0,0,0
17:44:51.040,0.4,0.6,0.4,2.7811,5.5593,-0.0861572,-14.3453,-6.1678,-11.9928,0,1.50765,67,51,-3.77487,18.6265,16.6921,-4.22829,17.0922,16.1898,-0.00724506,-4.32137,17.0806,13.911,0.2,-3,0,0.00509902,-0.00509902,0,0,0
17:44:51.139,0.4,0.6,0.4,2.7821,5.55287,-0.085934,-14.3295,-6.15842,-11.981,0,1.50765,67,51,-3.77487,18.6265,16.6921,-4.22829,17.0922,16.1898,-0.00724506,-4.3211,17.0808,13.91,0.2,-3,0,0.00509902,-0.00509902,0,0,0
17:44:51.240,0.4,0.6,0.4,2.7831,5.54893,-0.0857916,-14.3198,-6.15272,-11.9739,0,1.50765,67,51,-3.77487,18.6265,16.6921,-4.22829,17.0922,16.1898,-0.00724506,-4.32096,17.0807,13.909,0.2,-3,0,0.00509902,-0.00509902,0,0,0
17:44:51.339,0.4,0.6,0.4,2.7831,5.54298,-0.0856136,-14.3051,-6.1446,-11.9634,0,1.50765,67,51,-3.77487,18.6265,16.6921,-4.22829,17.0922,16.1898,-0.00724506,-4.32075,17.0808,13.909,0.2,-3,0,0.00509902,-0.00509902,0,0,0
17:44:51.440,0.4,0.6,0.4,2.7841,5.53942,-0.0854832,-14.2963,-6.13945,-11.9569,0,1.50765,67,51,-3.77487,18.6265,16.6921,-4.22829,17.0922,16.1898,-0.00724506,-4.32063,17.0808,13.908,0.2,-3,0,0.00509902,-0.00509902,0,0,0
17:44:51.540,0.4,0.6,0.4,2.7841,5.53368,-0.0853167,-14.2955,-6.13186,-11.9508,0,1.50618,67,51,-3.77487,18.6265,16.6921,-4.22829,17.0922,16.1898,-0.00724506,-4.32046,17.0808,13.908,0.2,-3,0,0.00412311,-0.00412311,0,0,0
17:44:51.640,0.4,0.6,0.4,2.7851,5.53168,-0.0852399,-14.2905,-6.12916,-11.9473,0,1.50618,67,51,-3.77487,18.6265,16.6921,-4.22829,17.0922,16.1898,-0.00724506,-4.32043,17.0806,13.907,0.2,-3,0,0.00412311,-0.00412311,0,0,0
17:44:51.740,0.4,0.6,0.4,2.7851,5.52852,-0.0851545,-14.2827,-6.12526,-11.9421,0,1.50618,67,51,-3.77487,18.6265,16.6921,-4.22829,17.0922,16.1898,-0.00724506,-4.32038,17.0805,13.907,0.2,-3,0,0.00412311,-0.00412311,0,0,0
17:44:51.840,0.4,0.6,0.4,2.7851,5.52838,-0.0851623,-14.2955,-6.12561,-11.9459,0,1.50474,67,51,-3.77487,18.6265,16.6921,-4.22829,17.0922,16.1898,-0.00724506,-4.32044,17.0803,13.907,0.2,-3,0,0.00316228,-0.00316228,0,0,0
17:44:51.940,0.4,0.6,0.4,2.7861,5.5282,-0.0851372,-14.2951,-6.12527,-11.9455,0,1.50474,67,51,-3.77487,18.6265,16.6921,-4.22829,17.0922,16.1898,-0.00724506,-4.32046,17.0801,13.906,0.2,-3,0,0.00316228,-0.00316228,0,0,0
17:44:52.040,0.4,0.6,0.4,2.7861,5.52817,-0.0851507,-14.295,-6.12589,-11.946,0,1.50474,67,51,-3.77487,18.6265,16.6921,-4.22829,17.0922,16.1898,-0.00724506,-4.32055,17.0799,13.906,0.2,-3,0,0.00316228,-0.00316228,0,0,0
17:44:52.140,0.4,0.6,0.4,2.7871,5.52634,-0.0850717,-14.2773,-6.12308,-11.9389,0,1.50618,67,51,-3.77487,18.6265,16.6921,-4.22829,17.0922,16.1898,-0.00724506,-4.32048,17.0798,13.905,0.2,-3,0,0.00412311,-0.00412311,0,0,0
17:44:52.240,0.4,0.6,0.4,2.7871,5.53303,-0.0852819,-14.307,-6.13267,-11.9546,0,1.50474,67,51,-3.77487,18.6265,16.6921,-4.22829,17.0922,16.1898,-0.00724506,-4.32077,17.0796,13.905,0.2,-3,0,0.00316228,-0.00316228,0,0,0
17:44:52.339,0.4,0.6,0.4,2.7861,5.53339,-0.085324,-14.3079,-6.13379,-11.9558,0,1.50474,67,51,-3.77487,18.6265,16.6921,-4.22829,17.0922,16.1898,-0.00724506,-4.32083,17.0795,13.906,0.2,-3,0,0.00316228,-0.00316228,0,0,0
17:44:52.440,0.4,0.6,0.4,2.7871,5.541,-0.085534,-14.3267,-6.14417,-11.9691,0,1.50474,67,51,-3.77487,18.6265,16.6921,-4.22829,17.0922,16.1898,-0.00724506,-4.32113,17.0792,13.905,0.2,-3,0,0.00316228,-0.00316228,0,0,0
17:44:52.540,0.4,0.6,0.4,2.7871,5.54134,-0.0855486,-14.3275,-6.14484,-11.9699,0,1.50474,67,51,-3.77487,18.6265,16.6921,-4.22829,17.0922,16.1898,-0.00724506,-4.32117,17.0791,13.905,0.2,-3,0,0.00316228,-0.00316228,0,0,0
17:44:52.640,0.4,0.6,0.4,2.7871,5.54835,-0.0857652,-14.3576,-6.15472,-11.986,0,1.50335,67,51,-3.77487,18.6265,16.6921,-4.22829,17.0922,16.1898,-0.00724506,-4.32145,17.0789,13.905,0.2,-3,0,0.00223607,-0.00223607,0,0,0
17:44:52.739,0.4,0.6,0.4,2.7881,5.55159,-0.0858317,-14.3528,-6.15855,-11.9877,0,1.50474,67,51,-3.77487,18.6265,16.6921,-4.22829,17.0922,16.1898,-0.00724506,-4.32153,17.0789,13.904,0.2,-3,0,0.00316228,-0.00316228,0,0,0
17:44:52.840,0.4,0.6,0.4,2.7881,5.55996,-0.0860794,-14.3863,-6.16985,-12.0058,0,1.50335,67,51,-3.77487,18.6265,16.6921,-4.22829,17.0922,16.1898,-0.00724506,-4.3218,17.0789,13.904,0.2,-3,0,0.00223607,-0.00223607,0,0,0
17:44:52.939,0.4,0.6,0.4,2.7881,5.56209,-0.0861401,-14.3915,-6.17262,-12.0095,0,1.50335,67,51,-3.77487,18.6265,16.6921,-4.22829,17.0922,16.1898,-0.00724506,-4.32186,17.0789,13.904,0.2,-3,0,0.00223607,-0.00223607,0,0,0
17:44:53.040,0.4,0.6,0.4,2.7891,5.57123,-0.086379,-14.4141,-6.18432,-12.0249,0,1.50335,67,51,-3.77487,18.6265,16.6921,-4.22829,17.0922,16.1898,-0.00724506,-4.32212,17.0789,13.903,0.2,-3,0,0.00223607,-0.00223607,0,0,0
17:44:53.140,0.4,0.6,0.4,2.7901,5.57528,-0.0864586,-14.4114,-6.18875,-12.0276,0,1.50474,67,51,-3.77487,18.6265,16.6921,-4.22829,17.0922,16.1898,-0.00724506,-4.32215,17.079,13.902,0.2,-3,0,0.00316228,-0.00316228,0,0,0
17:44:53.240,0.4,0.6,0.4,2.7891,5.58179,-0.0866711,-14.4275,-6.19765,-12.0391,0,1.50474,67,51,-3.77487,18.6265,16.6921,-4.22829,17.0922,16.1898,-0.00724506,-4.32234,17.0791,13.903,0.2,-3,0,0.00316228,-0.00316228,0,0,0
17:44:53.340,0.4,0.6,0.4,2.7921,5.58637,-0.0867056,-14.4255,-6.20162,-12.0416,0,1.50618,67,51,-3.77487,18.6265,16.6921,-4.22829,17.0922,16.1898,-0.00724506,-4.32232,17.0793,13.9,0.2,-3,0,0.00412311,-0.00412311,0,0,0
17:44:53.440,0.4,0.6,0.4,2.7911,5.59136,-0.0868783,-14.4511,-6.2087,-12.0543,0,1.50474,67,51,-3.77487,18.6265,16.6921,-4.22829,17.0922,16.1898,-0.00724506,-4.32249,17.0794,13.901,0.2,-3,0,0.00316228,-0.00316228,0,0,0
17:44:53.540,0.4,0.6,0.4,2.7911,5.59179,-0.0868822,-14.4389,-6.20888,-12.051,0,1.50618,67,51,-3.77487,18.6265,16.6921,-4.22829,17.0922,16.1898,-0.00724506,-4.32246,17.0795,13.901,0.2,-3,0,0.00412311,-0.00412311,0,0,0
17:44:53.640,0.4,0.6,0.4,2.7911,5.59687,-0.0870332,-14.4514,-6.21576,-12.0599,0,1.50618,67,51,-3.77487,18.6265,16.6921,-4.22829,17.0922,16.1898,-0.00724506,-4.32263,17.0795,13.901,0.2,-3,0,0.00412311,-0.00412311,0,0,0
17:44:53.739,0.4,0.6,0.4,2.7911,5.59669,-0.087019,-14.451,-6.21512,-12.0593,0,1.50618,67,51,-3.77487,18.6265,16.6921,-4.22829,17.0922,16.1898,-0.00724506,-4.32257,17.0796,13.901,0.2,-3,0,0.00412311,-0.00412311,0,0,0
17:44:53.840,0.4,0.6,0.4,2.7911,5.60193,-0.0871787,-14.4772,-6.2224,-12.0723,0,1.50474,67,51,-3.77487,18.6265,16.6921,-4.22829,17.0922,16.1898,-0.00724506,-4.32277,17.0795,13.901,0.2,-3,0,0.00316228,-0.00316228,0,0,0
17:44:53.940,0.4,0.6,0.4,2.7911,5.60128,-0.0871549,-14.4623,-6.22132,-12.0673,0,1.50618,67,51,-3.77487,18.6265,16.6921,-4.22829,17.0922,16.1898,-0.00724506,-4.32272,17.0796,13.901,0.2,-3,0,0.00412311,-0.00412311,0,0,0
17:44:54.040,0.4,0.6,0.4,2.7911,5.60564,-0.0872903,-14.473,-6.22749,-12.0751,0,1.50618,67,51,-3.77487,18.6265,16.6921,-4.22829,17.0922,16.1898,-0.00724506,-4.3229,17.0794,13.901,0.2,-3,0,0.00412311,-0.00412311,0,0,0
17:44:54.140,0.4,0.6,0.4,2.7911,5.60543,-0.0872787,-14.4725,-6.22696,-12.0745,0,1.50618,67,51,-3.77487,18.6265,16.6921,-4.22829,17.0922,16.1898,-0.00724506,-4.32286,17.0795,13.901,0.2,-3,0,0.00412311,-0.00412311,0,0,0
17:44:54.240,0.4,0.6,0.4,2.7921,5.61001,-0.0873955,-14.4971,-6.23309,-12.0862,0,1.50474,67,51,-3.77487,18.6265,16.6921,-4.22829,17.0922,16.1898,-0.00724506,-4.32304,17.0793,13.9,0.2,-3,0,0.00316228,-0.00316228,0,0,0
17:44:54.340,0.4,0.6,0.4,2.7931,5.60932,-0.087347,-14.4821,-6.23168,-12.0809,0,1.50618,67,51,-3.77487,18.6265,16.6921,-4.22829,17.0922,16.1898,-0.00724506,-4.32299,17.0793,13.899,0.2,-3,0,0.00412311,-0.00412311,0,0,0
17:44:54.440,0.4,0.6,0.4,2.7951,5.6148,-0.087458,-14.4956,-6.23834,-12.0899,0,1.50618,67,51,-3.77487,18.6265,16.6921,-4.22829,17.0922,16.1898,-0.00724506,-4.32316,17.0792,13.897,0.2,-3,0,0.00412311,-0.00412311,0,0,0
17:44:54.540,0.4,0.6,0.4,2.7941,5.61222,-0.087407,-14.4893,-6.23522,-12.0857,0,1.50618,67,51,-3.77487,18.6265,16.6921,-4.22829,17.0922,16.1898,-0.00724506,-4.32308,17.0792,13.898,0.2,-3,0,0.00412311,-0.00412311,0,0,0
17:44:54.640,0.4,0.6,0.4,2.7951,5.61838,-0.0875665,-14.5044,-6.24329,-12.0962,0,1.50618,67,51,-3.77487,18.6265,16.6921,-4.22829,17.0922,16.1898,-0.00724506,-4.32329,17.0791,13.897,0.2,-3,0,0.00412311,-0.00412311,0,0,0
17:44:54.740,0.4,0.6,0.4,2.7961,5.62109,-0.0876123,-14.5111,-6.24618,-12.1003,0,1.50618,67,51,-3.77487,18.6265,16.6921,-4.22829,17.0922,16.1898,-0.00724506,-4.32332,17.0792,13.896,0.2,-3,0,0.00412311,-0.00412311,0,0,0
17:44:54.840,0.4,0.6,0.4,2.7971,5.62569,-0.0877263,-14.5225,-6.25218,-12.1082,0,1.50618,67,51,-3.77487,18.6265,16.6921,-4.22829,17.0922,16.1898,-0.00724506,-4.32348,17.079,13.895,0.2,-3,0,0.00412311,-0.00412311,0,0,0
17:44:54.940,0.4,0.6,0.4,2.7971,5.62494,-0.0876969,-14.5071,-6.25084,-12.1028,0,1.50765,67,51,-3.77487,18.6265,16.6921,-4.22829,17.0922,16.1898,-0.00724506,-4.32341,17.0791,13.895,0.2,-3,0,0.00509902,-0.00509902,0,0,0
17:44:55.040,0.4,0.6,0.4,2.7971,5.62919,-0.0878264,-14.5311,-6.25674,-12.1142,0,1.50618,67,51,-3.77487,18.6265,16.6921,-4.22829,17.0922,16.1898,-0.00724506,-4.32357,17.079,13.895,0.2,-3,0,0.00412311,-0.00412311,0,0,0
17:44:55.140,0.4,0.6,0.4,2.7961,5.62747,-0.0878025,-14.5268,-6.25485,-12.1115,0,1.50618,67,51,-3.77487,18.6265,16.6921,-4.22829,17.0922,16.1898,-0.00724506,-4.32353,17.0791,13.896,0.2,-3,0,0.00412311,-0.00412311,0,0,0
17:44:55.240,0.4,0.6,0.4,2.7981,5.63237,-0.0878982,-14.5523,-6.26082,-12.1233,0,1.50474,67,51,-3.77487,18.6265,16.6921,-4.22829,17.0922,16.1898,-0.00724506,-4.32368,17.0789,13.894,0.2,-3,0,0.00316228,-0.00316228,0,0,0
17:44:55.340,0.4,0.6,0.4,2.7981,5.63115,-0.0878592,-14.5359,-6.25904,-12.1173,0,1.50618,67,51,-3.77487,18.6265,16.6921,-4.22829,17.0922,16.1898,-0.00724506,-4.32363,17.079,13.894,0.2,-3,0,0.00412311,-0.00412311,0,0,0
17:44:55.440,0.4,0.6,0.4,2.7981,5.6332,-0.0879279,-14.5543,-6.26217,-12.1249,0,1.50474,67,51,-3.77487,18.6265,16.6921,-4.22829,17.0922,16.1898,-0.00724506,-4.32374,17.0788,13.894,0.2,-3,0,0.00316228,-0.00316228,0,0,0
17:44:55.539,0.4,0.6,0.4,2.7991,5.63172,-0.0878553,-14.5506,-6.25966,-12.1219,0,1.50474,67,51,-3.77487,18.6265,16.6921,-4.22829,17.0922,16.1898,-0.00724506,-4.32367,17.0788,13.893,0.2,-3,0,0.00316228,-0.00316228,0,0,0
17:44:55.640,0.4,0.6,0.4,2.7991,5.63068,-0.0878387,-14.5481,-6.25891,-12.1206,0,1.50474,67,51,-3.77487,18.6265,16.6921,-4.22829,17.0922,16.1898,-0.00724506,-4.32371,17.0786,13.893,0.2,-3,0,0.00316228,-0.00316228,0,0,0
17:44:55.740,0.4,0.6,0.4,2.7981,5.62336,-0.0876514,-14.5167,-6.24956,-12.1045,0,1.50618,67,51,-3.77487,18.6265,16.6921,-4.22829,17.0922,16.1898,-0.00724506,-4.32351,17.0786,13.894,0.2,-3,0,0.00412311,-0.00412311,0,0,0
17:44:55.840,0.4,0.6,0.4,2.7971,5.61967,-0.0875755,-14.5209,-6.2453,-12.1024,0,1.50474,67,51,-3.77487,18.6265,16.6921,-4.22829,17.0922,16.1898,-0.00724506,-4.32344,17.0786,13.895,0.2,-3,0,0.00316228,-0.00316228,0,0,0
17:44:55.940,0.4,0.6,0.4,2.7981,5.61354,-0.087364,-14.5058,-6.23645,-12.0913,0,1.50474,67,51,-3.77487,18.6265,16.6921,-4.22829,17.0922,16.1898,-0.00724506,-4.3232,17.0787,13.894,0.2,-3,0,0.00316228,-0.00316228,0,0,0
17:44:56.040,0.4,0.6,0.4,2.7991,5.61299,-0.0873269,-14.5173,-6.23556,-12.0938,0,1.50335,67,51,-3.77487,18.6265,16.6921,-4.22829,17.0922,16.1898,-0.00724506,-4.3232,17.0785,13.893,0.2,-3,0,0.00223607,-0.00223607,0,0,0
17:44:56.140,0.4,0.6,0.4,2.8001,5.60906,-0.0871763,-14.4948,-6.22949,-12.0827,0,1.50474,67,51,-3.77487,18.6265,16.6921,-4.22829,17.0922,16.1898,-0.00724506,-4.32301,17.0786,13.892,0.2,-3,0,0.00316228,-0.00316228,0,0,0
17:44:56.240,0.4,0.6,0.4,2.8001,5.61121,-0.0872343,-14.5001,-6.23214,-12.0863,0,1.50474,67,51,-3.77487,18.6265,16.6921,-4.22829,17.0922,16.1898,-0.00724506,-4.32305,17.0787,13.892,0.2,-3,0,0.00316228,-0.00316228,0,0,0
17:44:56.340,0.4,0.6,0.4,2.7991,5.60619,-0.0871054,-14.4877,-6.22546,-12.0776,0,1.50474,67,51,-3.77487,18.6265,16.6921,-4.22829,17.0922,16.1898,-0.00724506,-4.32286,17.0789,13.893,0.2,-3,0,0.00316228,-0.00316228,0,0,0
17:44:56.440,0.4,0.6,0.4,2.8001,5.60722,-0.0871109,-14.4902,-6.22651,-12.0791,0,1.50474,67,51,-3.77487,18.6265,16.6921,-4.22829,17.0922,16.1898,-0.00724506,-4.32289,17.0788,13.892,0.2,-3,0,0.00316228,-0.00316228,0,0,0
17:44:56.540,0.4,0.6,0.4,2.8001,5.60128,-0.0869329,-14.4756,-6.21839,-12.0687,0,1.50474,67,51,-3.77487,18.6265,16.6921,-4.22829,17.0922,16.1898,-0.00724506,-4.32268,17.0789,13.892,0.2,-3,0,0.00316228,-0.00316228,0,0,0
17:44:56.640,0.4,0.6,0.4,2.8001,5.59996,-0.0868964,-14.4723,-6.21672,-12.0665,0,1.50474,67,51,-3.77487,18.6265,16.6921,-4.22829,17.0922,16.1898,-0.00724506,-4.32265,17.0789,13.892,0.2,-3,0,0.00316228,-0.00316228,0,0,0
17:44:56.740,0.4,0.6,0.4,2.8011,5.59344,-0.0866674,-14.4429,-6.20708,-12.0507,0,1.50618,67,51,-3.77487,18.6265,16.6921,-4.22829,17.0922,16.1898,-0.00724506,-4.32237,17.079,13.891,0.2,-3,0,0.00412311,-0.00412311,0,0,0
17:44:56.840,0.4,0.6,0.4,2.8011,5.59483,-0.0867041,-14.4597,-6.20875,-12.0567,0,1.50474,67,51,-3.77487,18.6265,16.6921,-4.22829,17.0922,16.1898,-0.00724506,-4.32239,17.0791,13.891,0.2,-3,0,0.00316228,-0.00316228,0,0,0
17:44:56.940,0.4,0.6,0.4,2.8021,5.59199,-0.0865812,-14.4394,-6.20394,-12.0473,0,1.50618,67,51,-3.77487,18.6265,16.6921,-4.22829,17.0922,16.1898,-0.00724506,-4.32221,17.0793,13.89,0.2,-3,0,0.00412311,-0.00412311,0,0,0
17:44:57.040,0.4,0.6,0.4,2.8021,5.59549,-0.0866812,-14.448,-6.20851,-12.0533,0,1.50618,67,51,-3.77487,18.6265,16.6921,-4.22829,17.0922,16.1898,-0.00724506,-4.3223,17.0793,13.89,0.2,-3,0,0.00412311,-0.00412311,0,0,0
17:44:57.140,0.4,0.6,0.4,2.8031,5.5937,-0.0865886,-14.4436,-6.20508,-12.0494,0,1.50618,67,51,-3.77487,18.6265,16.6921,-4.22829,17.0922,16.1898,-0.00724506,-4.32215,17.0795,13.889,0.2,-3,0,0.00412311,-0.00412311,0,0,0
17:44:57.240,0.4,0.6,0.4,2.8031,5.59767,-0.0867064,-14.4534,-6.21046,-12.0563,0,1.50618,67,51,-3.77487,18.6265,16.6921,-4.22829,17.0922,16.1898,-0.00724506,-4.32229,17.0795,13.889,0.2,-3,0,0.00412311,-0.00412311,0,0,0
17:44:57.340,0.4,0.6,0.4,2.8031,5.59567,-0.0866406,-14.4485,-6.20746,-12.0526,0,1.50618,67,51,-3.77487,18.6265,16.6921,-4.22829,17.0922,16.1898,-0.00724506,-4.32218,17.0796,13.889,0.2,-3,0,0.00412311,-0.00412311,0,0,0
17:44:57.440,0.4,0.6,0.4,2.8051,5.60162,-0.0867611,-14.4764,-6.21455,-12.0659,0,1.50474,67,51,-3.77487,18.6265,16.6921,-4.22829,17.0922,16.1898,-0.00724506,-4.32233,17.0795,13.887,0.2,-3,0,0.00316228,-0.00316228,0,0,0
17:44:57.540,0.4,0.6,0.4,2.8061,5.59992,-0.0866769,-14.4589,-6.21151,-12.0587,0,1.50618,67,51,-3.77487,18.6265,16.6921,-4.22829,17.0922,16.1898,-0.00724506,-4.32222,17.0796,13.886,0.2,-3,0,0.00412311,-0.00412311,0,0,0
17:44:57.640,0.4,0.6,0.4,2.8061,5.60601,-0.0868554,-14.474,-6.21965,-12.0692,0,1.50618,67,51,-3.77487,18.6265,16.6921,-4.22829,17.0922,16.1898,-0.00724506,-4.32241,17.0796,13.886,0.2,-3,0,0.00412311,-0.00412311,0,0,0
17:44:57.740,0.4,0.6,0.4,2.8061,5.60738,-0.0868866,-14.4773,-6.22107,-12.0713,0,1.50618,67,51,-3.77487,18.6265,16.6921,-4.22829,17.0922,16.1898,-0.00724506,-4.3224,17.0797,13.886,0.2,-3,0,0.00412311,-0.00412311,0,0,0
17:44:57.840,0.4,0.6,0.4,2.8071,5.61624,-0.0871219,-14.5125,-6.23261,-12.0901,0,1.50474,67,51,-3.77487,18.6265,16.6921,-4.22829,17.0922,16.1898,-0.00724506,-4.32267,17.0796,13.885,0.2,-3,0,0.00316228,-0.00316228,0,0,0
17:44:57.940,0.4,0.6,0.4,2.8061,5.61744,-0.0871828,-14.5154,-6.23459,-12.0925,0,1.50474,67,51,-3.77487,18.6265,16.6921,-4.22829,17.0922,16.1898,-0.00724506,-4.32272,17.0797,13.886,0.2,-3,0,0.00316228,-0.00316228,0,0,0
17:44:58.040,0.4,0.6,0.4,2.8071,5.6249,-0.0873732,-14.5338,-6.24407,-12.1051,0,1.50474,67,51,-3.77487,18.6265,16.6921,-4.22829,17.0922,16.1898,-0.00724506,-4.32293,17.0796,13.885,0.2,-3,0,0.00316228,-0.00316228,0,0,0
17:44:58.140,0.4,0.6,0.4,2.8071,5.62507,-0.087371,-14.5343,-6.24397,-12.1051,0,1.50474,67,51,-3.77487,18.6265,16.6921,-4.22829,17.0922,16.1898,-0.00724506,-4.32289,17.0798,13.885,0.2,-3,0,0.00316228,-0.00316228,0,0,0
17:44:58.240,0.4,0.6,0.4,2.8071,5.62827,-0.0874702,-14.5421,-6.2485,-12.1108,0,1.50474,67,51,-3.77487,18.6265,16.6921,-4.22829,17.0922,16.1898,-0.00724506,-4.32302,17.0797,13.885,0.2,-3,0,0.00316228,-0.00316228,0,0,0
17:44:58.340,0.4,0.6,0.4,2.8071,5.62536,-0.0873827,-14.535,-6.24451,-12.1057,0,1.50474,67,51,-3.77487,18.6265,16.6921,-4.22829,17.0922,16.1898,-0.00724506,-4.32292,17.0797,13.885,0.2,-3,0,0.00316228,-0.00316228,0,0,0
17:44:58.440,0.4,0.6,0.4,2.8081,5.62963,-0.0874821,-14.5455,-6.24984,-12.1128,0,1.50474,67,51,-3.77487,18.6265,16.6921,-4.22829,17.0922,16.1898,-0.00724506,-4.32304,17.0796,13.884,0.2,-3,0,0.00316228,-0.00316228,0,0,0
17:44:58.540,0.4,0.6,0.4,2.8071,5.62684,-0.0874279,-14.5386,-6.24657,-12.1083,0,1.50474,67,51,-3.77487,18.6265,16.6921,-4.22829,17.0922,16.1898,-0.00724506,-4.32298,17.0797,13.885,0.2,-3,0,0.00316228,-0.00316228,0,0,0
17:44:58.640,0.4,0.6,0.4,2.8071,5.63073,-0.0875455,-14.5482,-6.25193,-12.1152,0,1.50474,67,51,-3.77487,18.6265,16.6921,-4.22829,17.0922,16.1898,-0.00724506,-4.32312,17.0796,13.885,0.2,-3,0,0.00316228,-0.00316228,0,0,0
17:44:58.740,0.4,0.6,0.4,2.8071,5.63055,-0.0875313,-14.5344,-6.25128,-12.1108,0,1.50618,67,51,-3.77487,18.6265,16.6921,-4.22829,17.0922,16.1898,-0.00724506,-4.32306,17.0797,13.885,0.2,-3,0,0.00412311,-0.00412311,0,0,0
17:44:58.840,0.4,0.6,0.4,2.8061,5.63338,-0.087646,-14.5548,-6.25571,-12.12,0,1.50474,67,51,-3.77487,18.6265,16.6921,-4.22829,17.0922,16.1898,-0.00724506,-4.32319,17.0797,13.886,0.2,-3,0,0.00316228,-0.00316228,0,0,0
17:44:58.940,0.4,0.6,0.4,2.8071,5.632,-0.0875709,-14.5513,-6.25309,-12.117,0,1.50474,67,51,-3.77487,18.6265,16.6921,-4.22829,17.0922,16.1898,-0.00724506,-4.32309,17.0798,13.885,0.2,-3,0,0.00316228,-0.00316228,0,0,0
17:44:59.040,0.4,0.6,0.4,2.8081,5.63435,-0.0876129,-14.5571,-6.25581,-12.1207,0,1.50474,67,51,-3.77487,18.6265,16.6921,-4.22829,17.0922,16.1898,-0.00724506,-4.32315,17.0797,13.884,0.2,-3,0,0.00316228,-0.00316228,0,0,0
17:44:59.140,0.4,0.6,0.4,2.8081,5.63123,-0.0875139,-14.5361,-6.25129,-12.1113,0,1.50618,67,51,-3.77487,18.6265,16.6921,-4.22829,17.0922,16.1898,-0.00724506,-4.323,17.0799,13.884,0.2,-3,0,0.00412311,-0.00412311,0,0,0
17:44:59.240,0.4,0.6,0.4,2.8091,5.6348,-0.0875868,-14.5582,-6.25541,-12.1207,0,1.50474,67,51,-3.77487,18.6265,16.6921,-4.22829,17.0922,16.1898,-0.00724506,-4.32307,17.0799,13.883,0.2,-3,0,0.00316228,-0.00316228,0,0,0
17:44:59.340,0.4,0.6,0.4,2.8091,5.63259,-0.0875177,-14.5528,-6.25226,-12.1168,0,1.50474,67,51,-3.77487,18.6265,16.6921,-4.22829,17.0922,16.1898,-0.00724506,-4.32298,17.08,13.883,0.2,-3,0,0.00316228,-0.00316228,0,0,0
17:44:59.440,0.4,0.6,0.4,2.8091,5.63899,-0.0877052,-14.5686,-6.26082,-12.1278,0,1.50474,67,51,-3.77487,18.6265,16.6921,-4.22829,17.0922,16.1898,-0.00724506,-4.32317,17.08,13.883,0.2,-3,0,0.00316228,-0.00316228,0,0,0
17:44:59.540,0.4,0.6,0.4,2.8101,5.64113,-0.0877275,-14.5605,-6.26263,-12.127,0,1.50618,67,51,-3.77487,18.6265,16.6921,-4.22829,17.0922,16.1898,-0.00724506,-4.32315,17.0802,13.882,0.2,-3,0,0.00412311,-0.00412311,0,0,0
17:44:59.640,0.4,0.6,0.4,2.8101,5.64774,-0.0879183,-14.5902,-6.27134,-12.1421,0,1.50474,67,51,-3.77487,18.6265,16.6921,-4.22829,17.0922,16.1898,-0.00724506,-4.32333,17.0802,13.882,0.2,-3,0,0.00316228,-0.00316228,0,0,0
17:44:59.740,0.4,0.6,0.4,2.8091,5.6485,-0.0879588,-14.5787,-6.27238,-12.1397,0,1.50618,67,51,-3.77487,18.6265,16.6921,-4.22829,17.0922,16.1898,-0.00724506,-4.32333,17.0804,13.883,0.2,-3,0,0.00412311,-0.00412311,0,0,0
17:44:59.840,0.4,0.6,0.4,2.8101,5.65334,-0.0880735,-14.604,-6.27841,-12.1515,0,1.50474,67,51,-3.77487,18.6265,16.6921,-4.22829,17.0922,16.1898,-0.00724506,-4.32346,17.0803,13.882,0.2,-3,0,0.00316228,-0.00316228,0,0,0
17:44:59.940,0.4,0.6,0.4,2.8101,5.65269,-0.0880498,-14.6024,-6.27733,-12.1502,0,1.50474,67,51,-3.77487,18.6265,16.6921,-4.22829,17.0922,16.1898,-0.00724506,-4.32341,17.0804,13.882,0.2,-3,0,0.00316228,-0.00316228,0,0,0
17:45:00.040,0.4,0.6,0.4,2.8101,5.65638,-0.088164,-14.6114,-6.28254,-12.1568,0,1.50474,67,51,-3.77487,18.6265,16.6921,-4.22829,17.0922,16.1898,-0.00724506,-4.32356,17.0803,13.882,0.2,-3,0,0.00316228,-0.00316228,0,0,0
17:45:00.140,0.4,0.6,0.4,2.8101,5.65469,-0.0881073,-14.6073,-6.27996,-12.1536,0,1.50474,67,51,-3.77487,18.6265,16.6921,-4.22829,17.0922,16.1898,-0.00724506,-4.32347,17.0804,13.882,0.2,-3,0,0.00316228,-0.00316228,0,0,0
17:45:00.240,0.4,0.6,0.4,2.8101,5.65902,-0.0882371,-14.618,-6.28588,-12.1612,0,1.50474,67,51,-3.77487,18.6265,16.6921,-4.22829,17.0922,16.1898,-0.00724506,-4.32362,17.0804,13.882,0.2,-3,0,0.00316228,-0.00316228,0,0,0
17:45:00.340,0.4,0.6,0.4,2.8101,5.65873,-0.0882253,-14.6173,-6.28534,-12.1606,0,1.50474,67,51,-3.77487,18.6265,16.6921,-4.22829,17.0922,16.1898,-0.00724506,-4.32359,17.0804,13.882,0.2,-3,0,0.00316228,-0.00316228,0,0,0
17:45:00.440,0.4,0.6,0.4,2.8101,5.66281,-0.0883489,-14.6273,-6.29097,-12.1678,0,1.50474,67,51,-3.77487,18.6265,16.6921,-4.22829,17.0922,16.1898,-0.00724506,-4.32374,17.0803,13.882,0.2,-3,0,0.00316228,-0.00316228,0,0,0
17:45:00.540,0.4,0.6,0.4,2.8101,5.66255,-0.0883345,-14.6266,-6.29032,-12.1671,0,1.50474,67,51,-3.77487,18.6265,16.6921,-4.22829,17.0922,16.1898,-0.00724506,-4.32369,17.0804,13.882,0.2,-3,0,0.00316228,-0.00316228,0,0,0
17:45:00.640,0.4,0.6,0.4,2.8101,5.66063,-0.0882853,-14.6219,-6.28808,-12.164,0,1.50474,67,51,-3.77487,18.6265,16.6921,-4.22829,17.0922,16.1898,-0.00724506,-4.32368,17.0803,13.882,0.2,-3,0,0.00316228,-0.00316228,0,0,0
17:45:00.740,0.4,0.6,0.4,2.8101,5.65303,-0.0880644,-14.6032,-6.278,-12.1509,0,1.50474,67,51,-3.77487,18.6265,16.6921,-4.22829,17.0922,16.1898,-0.00724506,-4.32345,17.0803,13.882,0.2,-3,0,0.00316228,-0.00316228,0,0,0
17:45:00.840,0.4,0.6,0.4,2.8111,5.65116,-0.0879907,-14.5986,-6.27544,-12.1476,0,1.50474,67,51,-3.77487,18.6265,16.6921,-4.22829,17.0922,16.1898,-0.00724506,-4.32342,17.0802,13.881,0.2,-3,0,0.00316228,-0.00316228,0,0,0
17:45:00.940,0.4,0.6,0.4,2.8121,5.64502,-0.0877793,-14.5701,-6.26659,-12.1328,0,1.50618,67,51,-3.77487,18.6265,16.6921,-4.22829,17.0922,16.1898,-0.00724506,-4.32318,17.0802,13.88,0.2,-3,0,0.00412311,-0.00412311,0,0,0
17:45:01.040,0.4,0.6,0.4,2.8111,5.64105,-0.0876998,-14.5736,-6.26217,-12.1303,0,1.50474,67,51,-3.77487,18.6265,16.6921,-4.22829,17.0922,16.1898,-0.00724506,-4.32314,17.0801,13.881,0.2,-3,0,0.00316228,-0.00316228,0,0,0
17:45:01.140,0.4,0.6,0.4,2.8111,5.63415,-0.0874973,-14.5566,-6.25293,-12.1183,0,1.50474,67,51,-3.77487,18.6265,16.6921,-4.22829,17.0922,16.1898,-0.00724506,-4.32292,17.0801,13.881,0.2,-3,0,0.00316228,-0.00316228,0,0,0
17:45:01.240,0.4,0.6,0.4,2.8111,5.63177,-0.0874386,-14.5508,-6.25026,-12.1146,0,1.50474,67,51,-3.77487,18.6265,16.6921,-4.22829,17.0922,16.1898,-0.00724506,-4.32291,17.0799,13.881,0.2,-3,0,0.00316228,-0.00316228,0,0,0
17:45:01.340,0.4,0.6,0.4,2.8111,5.62484,-0.0872387,-14.5337,-6.24114,-12.1027,0,1.50474,67,51,-3.77487,18.6265,16.6921,-4.22829,17.0922,16.1898,-0.00724506,-4.32271,17.0799,13.881,0.2,-3,0,0.00316228,-0.00316228,0,0,0
17:45:01.440,0.4,0.6,0.4,2.8111,5.62267,-0.0871834,-14.5283,-6.23862,-12.0993,0,1.50474,67,51,-3.77487,18.6265,16.6921,-4.22829,17.0922,16.1898,-0.00724506,-4.32269,17.0798,13.881,0.2,-3,0,0.00316228,-0.00316228,0,0,0
17:45:01.540,0.4,0.6,0.4,2.8111,5.61546,-0.0869718,-14.5106,-6.22896,-12.0867,0,1.50474,67,51,-3.77487,18.6265,16.6921,-4.22829,17.0922,16.1898,-0.00724506,-4.32247,17.0798,13.881,0.2,-3,0,0.00316228,-0.00316228,0,0,0
17:45:01.640,0.4,0.6,0.4,2.8131,5.61754,-0.0869802,-14.5157,-6.23095,-12.0897,0,1.50474,67,51,-3.77487,18.6265,16.6921,-4.22829,17.0922,16.1898,-0.00724506,-4.3225,17.0797,13.879,0.2,-3,0,0.00316228,-0.00316228,0,0,0
17:45:01.740,0.4,0.6,0.4,2.8131,5.61391,-0.0868688,-14.4934,-6.22587,-12.0795,0,1.50618,67,51,-3.77487,18.6265,16.6921,-4.22829,17.0922,16.1898,-0.00724506,-4.32236,17.0798,13.879,0.2,-3,0,0.00412311,-0.00412311,0,0,0
17:45:01.840,0.4,0.6,0.4,2.8121,5.61418,-0.0869107,-14.4941,-6.22698,-12.0806,0,1.50618,67,51,-3.77487,18.6265,16.6921,-4.22829,17.0922,16.1898,-0.00724506,-4.32243,17.0797,13.88,0.2,-3,0,0.00412311,-0.00412311,0,0,0
17:45:01.940,0.4,0.6,0.4,2.8121,5.61112,-0.0868146,-14.4865,-6.22259,-12.0751,0,1.50618,67,51,-3.77487,18.6265,16.6921,-4.22829,17.0922,16.1898,-0.00724506,-4.3223,17.0798,13.88,0.2,-3,0,0.00412311,-0.00412311,0,0,0
17:45:02.040,0.4,0.6,0.4,2.8141,5.61724,-0.086941,-14.515,-6.22996,-12.0888,0,1.50474,67,51,-3.77487,18.6265,16.6921,-4.22829,17.0922,16.1898,-0.00724506,-4.32246,17.0797,13.878,0.2,-3,0,0.00316228,-0.00316228,0,0,0
17:45:02.140,0.4,0.6,0.4,2.8141,5.61566,-0.0868901,-14.4977,-6.22763,-12.0821,0,1.50618,67,51,-3.77487,18.6265,16.6921,-4.22829,17.0922,16.1898,-0.00724506,-4.32238,17.0798,13.878,0.2,-3,0,0.00412311,-0.00412311,0,0,0
17:45:02.240,0.4,0.6,0.4,2.8141,5.62005,-0.0870227,-14.5086,-6.23369,-12.0899,0,1.50618,67,51,-3.77487,18.6265,16.6921,-4.22829,17.0922,16.1898,-0.00724506,-4.32254,17.0797,13.878,0.2,-3,0,0.00412311,-0.00412311,0,0,0
17:45:02.340,0.4,0.6,0.4,2.8141,5.61874,-0.0869753,-14.5053,-6.23152,-12.0873,0,1.50618,67,51,-3.77487,18.6265,16.6921,-4.22829,17.0922,16.1898,-0.00724506,-4.32245,17.0799,13.878,0.2,-3,0,0.00412311,-0.00412311,0,0,0
17:45:02.440,0.4,0.6,0.4,2.8131,5.62125,-0.0870836,-14.5115,-6.23566,-12.0922,0,1.50618,67,51,-3.77487,18.6265,16.6921,-4.22829,17.0922,16.1898,-0.00724506,-4.32259,17.0798,13.879,0.2,-3,0,0.00412311,-0.00412311,0,0,0
17:45:02.540,0.4,0.6,0.4,2.8141,5.62074,-0.0870328,-14.5103,-6.23415,-12.0907,0,1.50618,67,51,-3.77487,18.6265,16.6921,-4.22829,17.0922,16.1898,-0.00724506,-4.3225,17.0799,13.878,0.2,-3,0,0.00412311,-0.00412311,0,0,0
17:45:02.640,0.4,0.6,0.4,2.8131,5.62231,-0.0871139,-14.5141,-6.23705,-12.0941,0,1.50618,67,51,-3.77487,18.6265,16.6921,-4.22829,17.0922,16.1898,-0.00724506,-4.32262,17.0798,13.879,0.2,-3,0,0.00412311,-0.00412311,0,0,0
17:45:02.740,0.4,0.6,0.4,2.8131,5.61943,-0.0870238,-14.4935,-6.23293,-12.0851,0,1.50765,67,51,-3.77487,18.6265,16.6921,-4.22829,17.0922,16.1898,-0.00724506,-4.32249,17.0799,13.879,0.2,-3,0,0.00509902,-0.00509902,0,0,0
17:45:02.840,0.4,0.6,0.4,2.8131,5.6242,-0.0871657,-14.5188,-6.23941,-12.0972,0,1.50618,67,51,-3.77487,18.6265,16.6921,-4.22829,17.0922,16.1898,-0.00724506,-4.32265,17.0798,13.879,0.2,-3,0,0.00412311,-0.00412311,0,0,0
17:45:02.940,0.4,0.6,0.4,2.8131,5.62554,-0.0871913,-14.5086,-6.24058,-12.0953,0,1.50765,67,51,-3.77487,18.6265,16.6921,-4.22829,17.0922,16.1898,-0.00724506,-4.32262,17.0801,13.879,0.2,-3,0,0.00509902,-0.00509902,0,0,0
17:45:03.040,0.4,0.6,0.4,2.8131,5.63262,-0.0873999,-14.5395,-6.25009,-12.1113,0,1.50618,67,51,-3.77487,18.6265,16.6921,-4.22829,17.0922,16.1898,-0.00724506,-4.32284,17.08,13.879,0.2,-3,0,0.00412311,-0.00412311,0,0,0
17:45:03.140,0.4,0.6,0.4,2.8141,5.63688,-0.0874828,-14.5365,-6.25467,-12.1141,0,1.50765,67,51,-3.77487,18.6265,16.6921,-4.22829,17.0922,16.1898,-0.00724506,-4.32287,17.0802,13.878,0.2,-3,0,0.00509902,-0.00509902,0,0,0
17:45:03.240,0.4,0.6,0.4,2.8141,5.64352,-0.0876792,-14.5664,-6.26363,-12.1294,0,1.50618,67,51,-3.77487,18.6265,16.6921,-4.22829,17.0922,16.1898,-0.00724506,-4.32309,17.0802,13.878,0.2,-3,0,0.00412311,-0.00412311,0,0,0
17:45:03.340,0.4,0.6,0.4,2.8141,5.64541,-0.0877228,-14.5575,-6.26562,-12.1285,0,1.50765,67,51,-3.77487,18.6265,16.6921,-4.22829,17.0922,16.1898,-0.00724506,-4.32308,17.0804,13.878,0.2,-3,0,0.00509902,-0.00509902,0,0,0
17:45:03.440,0.4,0.6,0.4,2.8141,5.65107,-0.0878973,-14.585,-6.27358,-12.1424,0,1.50618,67,51,-3.77487,18.6265,16.6921,-4.22829,17.0922,16.1898,-0.00724506,-4.32331,17.0802,13.878,0.2,-3,0,0.00412311,-0.00412311,0,0,0
17:45:03.540,0.4,0.6,0.4,2.8141,5.65343,-0.0879586,-14.5772,-6.27637,-12.1424,0,1.50765,67,51,-3.77487,18.6265,16.6921,-4.22829,17.0922,16.1898,-0.00724506,-4.32333,17.0803,13.878,0.2,-3,0,0.00509902,-0.00509902,0,0,0
17:45:03.640,0.4,0.6,0.4,2.8141,5.66185,-0.0882092,-14.6115,-6.2878,-12.1609,0,1.50618,67,51,-3.77487,18.6265,16.6921,-4.22829,17.0922,16.1898,-0.00724506,-4.32362,17.0803,13.878,0.2,-3,0,0.00412311,-0.00412311,0,0,0
17:45:03.740,0.4,0.6,0.4,2.8141,5.66572,-0.088313,-14.6075,-6.29254,-12.1635,0,1.50765,67,51,-3.77487,18.6265,16.6921,-4.22829,17.0922,16.1898,-0.00724506,-4.32368,17.0804,13.878,0.2,-3,0,0.00509902,-0.00509902,0,0,0
17:45:03.840,0.4,0.6,0.4,2.8141,5.67357,-0.0885484,-14.6404,-6.30327,-12.1811,0,1.50618,67,51,-3.77487,18.6265,16.6921,-4.22829,17.0922,16.1898,-0.00724506,-4.32396,17.0803,13.878,0.2,-3,0,0.00412311,-0.00412311,0,0,0
17:45:03.940,0.4,0.6,0.4,2.8141,5.67712,-0.0886431,-14.6355,-6.30759,-12.1831,0,1.50765,67,51,-3.77487,18.6265,16.6921,-4.22829,17.0922,16.1898,-0.00724506,-4.32402,17.0804,13.878,0.2,-3,0,0.00509902,-0.00509902,0,0,0
17:45:04.040,0.4,0.6,0.4,2.8151,5.68388,-0.0888151,-14.6521,-6.31624,-12.1945,0,1.50765,67,51,-3.77487,18.6265,16.6921,-4.22829,17.0922,16.1898,-0.00724506,-4.32421,17.0804,13.877,0.2,-3,0,0.00509902,-0.00509902,0,0,0
17:45:04.140,0.4,0.6,0.4,2.8141,5.68376,-0.0888312,-14.6518,-6.31617,-12.1943,0,1.50765,67,51,-3.77487,18.6265,16.6921,-4.22829,17.0922,16.1898,-0.00724506,-4.32419,17.0805,13.878,0.2,-3,0,0.00509902,-0.00509902,0,0,0
17:45:04.240,0.4,0.6,0.4,2.8141,5.68658,-0.0889185,-14.6588,-6.32015,-12.1994,0,1.50765,67,51,-3.77487,18.6265,16.6921,-4.22829,17.0922,16.1898,-0.00724506,-4.3243,17.0805,13.878,0.2,-3,0,0.00509902,-0.00509902,0,0,0
17:45:04.340,0.4,0.6,0.4,2.8151,5.68549,-0.0888469,-14.6424,-6.31769,-12.1929,0,1.50912,67,51,-3.77487,18.6265,16.6921,-4.22829,17.0922,16.1898,-0.00724506,-4.32418,17.0806,13.877,0.2,-3,0,0.00608276,-0.00608276,0,0,0
17:45:04.440,0.4,0.6,0.4,2.8161,5.69011,-0.0889666,-14.6675,-6.32395,-12.2048,0,1.50765,67,51,-3.77487,18.6265,16.6921,-4.22829,17.0922,16.1898,-0.00724506,-4.32437,17.0804,13.876,0.2,-3,0,0.00509902,-0.00509902,0,0,0
17:45:04.540,0.4,0.6,0.4,2.8171,5.69179,-0.0889794,-14.6716,-6.32533,-12.207,0,1.50765,67,51,-3.77487,18.6265,16.6921,-4.22829,17.0922,16.1898,-0.00724506,-4.32435,17.0805,13.875,0.2,-3,0,0.00509902,-0.00509902,0,0,0
17:45:04.640,0.4,0.6,0.4,2.8171,5.69793,-0.0891689,-14.7003,-6.33397,-12.2218,0,1.50618,67,51,-3.77487,18.6265,16.6921,-4.22829,17.0922,16.1898,-0.00724506,-4.32459,17.0803,13.875,0.2,-3,0,0.00412311,-0.00412311,0,0,0
17:45:04.740,0.4,0.6,0.4,2.8171,5.70034,-0.0892331,-14.6926,-6.3369,-12.2219,0,1.50765,67,51,-3.77487,18.6265,16.6921,-4.22829,17.0922,16.1898,-0.00724506,-4.32463,17.0804,13.875,0.2,-3,0,0.00509902,-0.00509902,0,0,0
17:45:04.840,0.4,0.6,0.4,2.8161,5.70348,-0.0893651,-14.714,-6.34212,-12.232,0,1.50618,67,51,-3.77487,18.6265,16.6921,-4.22829,17.0922,16.1898,-0.00724506,-4.32482,17.0803,13.876,0.2,-3,0,0.00412311,-0.00412311,0,0,0
17:45:04.940,0.4,0.6,0.4,2.8161,5.70222,-0.0893233,-14.6972,-6.34021,-12.2258,0,1.50765,67,51,-3.77487,18.6265,16.6921,-4.22829,17.0922,16.1898,-0.00724506,-4.32475,17.0803,13.876,0.2,-3,0,0.00509902,-0.00509902,0,0,0
17:45:05.040,0.4,0.6,0.4,2.8161,5.70623,-0.0894522,-14.7207,-6.34609,-12.237,0,1.50618,67,51,-3.77487,18.6265,16.6921,-4.22829,17.0922,16.1898,-0.00724506,-4.32494,17.0802,13.876,0.2,-3,0,0.00412311,-0.00412311,0,0,0
17:45:05.140,0.4,0.6,0.4,2.8161,5.7074,-0.08948,-14.7099,-6.34736,-12.2349,0,1.50765,67,51,-3.77487,18.6265,16.6921,-4.22829,17.0922,16.1898,-0.00724506,-4.32494,17.0803,13.876,0.2,-3,0,0.00509902,-0.00509902,0,0,0
17:45:05.240,0.4,0.6,0.4,2.8161,5.71416,-0.0896878,-14.7402,-6.35683,-12.2508,0,1.50618,67,51,-3.77487,18.6265,16.6921,-4.22829,17.0922,16.1898,-0.00724506,-4.32521,17.0801,13.876,0.2,-3,0,0.00412311,-0.00412311,0,0,0
17:45:05.340,0.4,0.6,0.4,2.8161,5.71701,-0.0897641,-14.7336,-6.36032,-12.2516,0,1.50765,67,51,-3.77487,18.6265,16.6921,-4.22829,17.0922,16.1898,-0.00724506,-4.32525,17.0802,13.876,0.2,-3,0,0.00509902,-0.00509902,0,0,0
17:45:05.440,0.4,0.6,0.4,2.8161,5.72397,-0.0899751,-14.7644,-6.36994,-12.2678,0,1.50618,67,51,-3.77487,18.6265,16.6921,-4.22829,17.0922,16.1898,-0.00724506,-4.32551,17.0801,13.876,0.2,-3,0,0.00412311,-0.00412311,0,0,0
17:45:05.540,0.4,0.6,0.4,2.8161,5.72621,-0.0900333,-14.7562,-6.37259,-12.2675,0,1.50765,67,51,-3.77487,18.6265,16.6921,-4.22829,17.0922,16.1898,-0.00724506,-4.32554,17.0802,13.876,0.2,-3,0,0.00509902,-0.00509902,0,0,0
17:45:05.640,0.4,0.6,0.4,2.8151,5.72665,-0.0900812,-14.771,-6.37398,-12.2728,0,1.50618,67,51,-3.77487,18.6265,16.6921,-4.22829,17.0922,16.1898,-0.00724506,-4.32561,17.0801,13.877,0.2,-3,0,0.00412311,-0.00412311,0,0,0
17:45:05.740,0.4,0.6,0.4,2.8161,5.72419,-0.0899702,-14.7512,-6.36971,-12.2639,0,1.50765,67,51,-3.77487,18.6265,16.6921,-4.22829,17.0922,16.1898,-0.00724506,-4.32545,17.0803,13.876,0.2,-3,0,0.00509902,-0.00509902,0,0,0
17:45:05.840,0.4,0.6,0.4,2.8161,5.72216,-0.0899153,-14.7599,-6.36721,-12.2644,0,1.50618,67,51,-3.77487,18.6265,16.6921,-4.22829,17.0922,16.1898,-0.00724506,-4.32541,17.0802,13.876,0.2,-3,0,0.00412311,-0.00412311,0,0,0
17:45:05.940,0.4,0.6,0.4,2.8171,5.71685,-0.0897198,-14.7332,-6.35909,-12.2506,0,1.50765,67,51,-3.77487,18.6265,16.6921,-4.22829,17.0922,16.1898,-0.00724506,-4.32516,17.0804,13.875,0.2,-3,0,0.00509902,-0.00509902,0,0,0
17:45:06.040,0.4,0.6,0.4,2.8171,5.71376,-0.0896346,-14.7256,-6.35521,-12.2454,0,1.50765,67,51,-3.77487,18.6265,16.6921,-4.22829,17.0922,16.1898,-0.00724506,-4.32509,17.0803,13.875,0.2,-3,0,0.00509902,-0.00509902,0,0,0
17:45:06.140,0.4,0.6,0.4,2.8171,5.70825,-0.0894631,-14.712,-6.34739,-12.2355,0,1.50765,67,51,-3.77487,18.6265,16.6921,-4.22829,17.0922,16.1898,-0.00724506,-4.32487,17.0805,13.875,0.2,-3,0,0.00509902,-0.00509902,0,0,0
17:45:06.240,0.4,0.6,0.4,2.8161,5.70546,-0.0894171,-14.7188,-6.34449,-12.2352,0,1.50618,67,51,-3.77487,18.6265,16.6921,-4.22829,17.0922,16.1898,-0.00724506,-4.32485,17.0804,13.876,0.2,-3,0,0.00412311,-0.00412311,0,0,0
17:45:06.340,0.4,0.6,0.4,2.8161,5.70009,-0.0892544,-14.692,-6.33707,-12.2219,0,1.50765,67,51,-3.77487,18.6265,16.6921,-4.22829,17.0922,16.1898,-0.00724506,-4.32465,17.0805,13.876,0.2,-3,0,0.00509902,-0.00509902,0,0,0
17:45:06.440,0.4,0.6,0.4,2.8161,5.69776,-0.0891986,-14.6999,-6.33453,-12.2221,0,1.50618,67,51,-3.77487,18.6265,16.6921,-4.22829,17.0922,16.1898,-0.00724506,-4.32465,17.0803,13.876,0.2,-3,0,0.00412311,-0.00412311,0,0,0
17:45:06.540,0.4,0.6,0.4,2.8161,5.69037,-0.088981,-14.6681,-6.3246,-12.2055,0,1.50765,67,51,-3.77487,18.6265,16.6921,-4.22829,17.0922,16.1898,-0.00724506,-4.32441,17.0803,13.876,0.2,-3,0,0.00509902,-0.00509902,0,0,0
17:45:06.640,0.4,0.6,0.4,2.8151,5.68473,-0.0888586,-14.6679,-6.31822,-12.2004,0,1.50618,67,51,-3.77487,18.6265,16.6921,-4.22829,17.0922,16.1898,-0.00724506,-4.32435,17.0801,13.877,0.2,-3,0,0.00412311,-0.00412311,0,0,0
17:45:06.740,0.4,0.6,0.4,2.8151,5.67517,-0.0885774,-14.6443,-6.3054,-12.1838,0,1.50618,67,51,-3.77487,18.6265,16.6921,-4.22829,17.0922,16.1898,-0.00724506,-4.32404,17.0801,13.877,0.2,-3,0,0.00412311,-0.00412311,0,0,0
17:45:06.840,0.4,0.6,0.4,2.8141,5.67114,-0.0885034,-14.6344,-6.30122,-12.1778,0,1.50618,67,51,-3.77487,18.6265,16.6921,-4.22829,17.0922,16.1898,-0.00724506,-4.32403,17.0799,13.878,0.2,-3,0,0.00412311,-0.00412311,0,0,0
17:45:06.940,0.4,0.6,0.4,2.8141,5.66575,-0.0883433,-14.6211,-6.29392,-12.1684,0,1.50618,67,51,-3.77487,18.6265,16.6921,-4.22829,17.0922,16.1898,-0.00724506,-4.32385,17.0799,13.878,0.2,-3,0,0.00412311,-0.00412311,0,0,0
17:45:07.040,0.4,0.6,0.4,2.8141,5.66502,-0.0883358,-14.6327,-6.29358,-12.1714,0,1.50474,67,51,-3.77487,18.6265,16.6921,-4.22829,17.0922,16.1898,-0.00724506,-4.32391,17.0797,13.878,0.2,-3,0,0.00316228,-0.00316228,0,0,0
17:45:07.140,0.4,0.6,0.4,2.8141,5.66023,-0.0881966,-14.6075,-6.28723,-12.1594,0,1.50618,67,51,-3.77487,18.6265,16.6921,-4.22829,17.0922,16.1898,-0.00724506,-4.32377,17.0797,13.878,0.2,-3,0,0.00412311,-0.00412311,0,0,0
17:45:07.240,0.4,0.6,0.4,2.8141,5.65904,-0.0881714,-14.6046,-6.28608,-12.1576,0,1.50618,67,51,-3.77487,18.6265,16.6921,-4.22829,17.0922,16.1898,-0.00724506,-4.32379,17.0795,13.878,0.2,-3,0,0.00412311,-0.00412311,0,0,0
17:45:07.340,0.4,0.6,0.4,2.8131,5.65335,-0.0880297,-14.5906,-6.27882,-12.148,0,1.50618,67,51,-3.77487,18.6265,16.6921,-4.22829,17.0922,16.1898,-0.00724506,-4.32362,17.0796,13.879,0.2,-3,0,0.00412311,-0.00412311,0,0,0
17:45:07.440,0.4,0.6,0.4,2.8131,5.65342,-0.0880381,-14.5908,-6.2792,-12.1484,0,1.50618,67,51,-3.77487,18.6265,16.6921,-4.22829,17.0922,16.1898,-0.00724506,-4.32366,17.0795,13.879,0.2,-3,0,0.00412311,-0.00412311,0,0,0
17:45:07.540,0.4,0.6,0.4,2.8131,5.65005,-0.0879329,-14.5825,-6.2744,-12.1423,0,1.50618,67,51,-3.77487,18.6265,16.6921,-4.22829,17.0922,16.1898,-0.00724506,-4.32351,17.0796,13.879,0.2,-3,0,0.00412311,-0.00412311,0,0,0
17:45:07.640,0.4,0.6,0.4,2.8131,5.64889,-0.0879051,-14.5796,-6.27313,-12.1405,0,1.50618,67,51,-3.77487,18.6265,16.6921,-4.22829,17.0922,16.1898,-0.00724506,-4.32351,17.0795,13.879,0.2,-3,0,0.00412311,-0.00412311,0,0,0
17:45:07.740,0.4,0.6,0.4,2.8131,5.64396,-0.0877545,-14.5675,-6.26626,-12.1318,0,1.50618,67,51,-3.77487,18.6265,16.6921,-4.22829,17.0922,16.1898,-0.00724506,-4.32333,17.0796,13.879,0.2,-3,0,0.00412311,-0.00412311,0,0,0
17:45:07.840,0.4,0.6,0.4,2.8131,5.64329,-0.0877417,-14.5658,-6.26568,-12.1309,0,1.50618,67,51,-3.77487,18.6265,16.6921,-4.22829,17.0922,16.1898,-0.00724506,-4.32334,17.0795,13.879,0.2,-3,0,0.00412311,-0.00412311,0,0,0
17:45:07.940,0.4,0.6,0.4,2.8121,5.63835,-0.0876212,-14.5537,-6.25938,-12.1225,0,1.50618,67,51,-3.77487,18.6265,16.6921,-4.22829,17.0922,16.1898,-0.00724506,-4.32319,17.0796,13.88,0.2,-3,0,0.00412311,-0.00412311,0,0,0
17:45:08.040,0.4,0.6,0.4,2.8121,5.63581,-0.0875539,-14.5474,-6.25632,-12.1184,0,1.50618,67,51,-3.77487,18.6265,16.6921,-4.22829,17.0922,16.1898,-0.00724506,-4.32316,17.0795,13.88,0.2,-3,0,0.00412311,-0.00412311,0,0,0
17:45:08.140,0.4,0.6,0.4,2.8121,5.63044,-0.0873912,-14.5342,-6.24889,-12.1089,0,1.50618,67,51,-3.77487,18.6265,16.6921,-4.22829,17.0922,16.1898,-0.00724506,-4.32296,17.0796,13.88,0.2,-3,0,0.00412311,-0.00412311,0,0,0
17:45:08.240,0.4,0.6,0.4,2.8121,5.62902,-0.0873571,-14.5307,-6.24734,-12.1067,0,1.50618,67,51,-3.77487,18.6265,16.6921,-4.22829,17.0922,16.1898,-0.00724506,-4.32296,17.0795,13.88,0.2,-3,0,0.00412311,-0.00412311,0,0,0
17:45:08.340,0.4,0.6,0.4,2.8131,5.6254,-0.0872156,-14.5218,-6.24168,-12.0998,0,1.50618,67,51,-3.77487,18.6265,16.6921,-4.22829,17.0922,16.1898,-0.00724506,-4.32278,17.0796,13.879,0.2,-3,0,0.00412311,-0.00412311,0,0,0
17:45:08.440,0.4,0.6,0.4,2.8141,5.62698,-0.0872391,-14.5256,-6.24356,-12.1024,0,1.50618,67,51,-3.77487,18.6265,16.6921,-4.22829,17.0922,16.1898,-0.00724506,-4.32283,17.0795,13.878,0.2,-3,0,0.00412311,-0.00412311,0,0,0
17:45:08.540,0.4,0.6,0.4,2.8131,5.62385,-0.0871702,-14.5179,-6.23961,-12.0971,0,1.50618,67,51,-3.77487,18.6265,16.6921,-4.22829,17.0922,16.1898,-0.00724506,-4.32273,17.0796,13.879,0.2,-3,0,0.00412311,-0.00412311,0,0,0
17:45:08.640,0.4,0.6,0.4,2.8131,5.62554,-0.0872269,-14.5221,-6.2422,-12.1003,0,1.50618,67,51,-3.77487,18.6265,16.6921,-4.22829,17.0922,16.1898,-0.00724506,-4.32282,17.0795,13.879,0.2,-3,0,0.00412311,-0.00412311,0,0,0
17:45:08.740,0.4,0.6,0.4,2.8131,5.62271,-0.0871397,-14.5151,-6.23822,-12.0952,0,1.50618,67,51,-3.77487,18.6265,16.6921,-4.22829,17.0922,16.1898,-0.00724506,-4.32271,17.0795,13.879,0.2,-3,0,0.00412311,-0.00412311,0,0,0
17:45:08.840,0.4,0.6,0.4,2.8131,5.62445,-0.0871993,-14.5194,-6.24094,-12.0986,0,1.50618,67,51,-3.77487,18.6265,16.6921,-4.22829,17.0922,16.1898,-0.00724506,-4.32282,17.0794,13.879,0.2,-3,0,0.00412311,-0.00412311,0,0,0
17:45:08.940,0.4,0.6,0.4,2.8131,5.62211,-0.0871271,-14.5137,-6.23765,-12.0944,0,1.50618,67,51,-3.77487,18.6265,16.6921,-4.22829,17.0922,16.1898,-0.00724506,-4.32272,17.0795,13.879,0.2,-3,0,0.00412311,-0.00412311,0,0,0
17:45:09.040,0.4,0.6,0.4,2.8131,5.6237,-0.087178,-14.5176,-6.23997,-12.0973,0,1.50618,67,51,-3.77487,18.6265,16.6921,-4.22829,17.0922,16.1898,-0.00724506,-4.3228,17.0794,13.879,0.2,-3,0,0.00412311,-0.00412311,0,0,0
17:45:09.140,0.4,0.6,0.4,2.8131,5.62113,-0.087097,-14.5112,-6.23627,-12.0926,0,1.50618,67,51,-3.77487,18.6265,16.6921,-4.22829,17.0922,16.1898,-0.00724506,-4.32268,17.0795,13.879,0.2,-3,0,0.00412311,-0.00412311,0,0,0
17:45:09.240,0.4,0.6,0.4,2.8121,5.62153,-0.0871419,-14.5122,-6.23752,-12.0939,0,1.50618,67,51,-3.77487,18.6265,16.6921,-4.22829,17.0922,16.1898,-0.00724506,-4.32275,17.0794,13.88,0.2,-3,0,0.00412311,-0.00412311,0,0,0
17:45:09.340,0.4,0.6,0.4,2.8131,5.62061,-0.0870763,-14.4964,-6.23533,-12.0878,0,1.50765,67,51,-3.77487,18.6265,16.6921,-4.22829,17.0922,16.1898,-0.00724506,-4.32264,17.0796,13.879,0.2,-3,0,0.00509902,-0.00509902,0,0,0
17:45:09.440,0.4,0.6,0.4,2.8121,5.62438,-0.0872183,-14.5192,-6.24101,-12.0986,0,1.50618,67,51,-3.77487,18.6265,16.6921,-4.22829,17.0922,16.1898,-0.00724506,-4.3228,17.0795,13.88,0.2,-3,0,0.00412311,-0.00412311,0,0,0
17:45:09.540,0.4,0.6,0.4,2.8131,5.62657,-0.0872435,-14.5246,-6.24295,-12.1016,0,1.50618,67,51,-3.77487,18.6265,16.6921,-4.22829,17.0922,16.1898,-0.00724506,-4.32278,17.0797,13.879,0.2,-3,0,0.00412311,-0.00412311,0,0,0
17:45:09.640,0.4,0.6,0.4,2.8131,5.63305,-0.0874394,-14.5406,-6.25189,-12.113,0,1.50618,67,51,-3.77487,18.6265,16.6921,-4.22829,17.0922,16.1898,-0.00724506,-4.32301,17.0796,13.879,0.2,-3,0,0.00412311,-0.00412311,0,0,0
17:45:09.740,0.4,0.6,0.4,2.8131,5.63541,-0.0875007,-14.5464,-6.25469,-12.1169,0,1.50618,67,51,-3.77487,18.6265,16.6921,-4.22829,17.0922,16.1898,-0.00724506,-4.32304,17.0797,13.879,0.2,-3,0,0.00412311,-0.00412311,0,0,0
17:45:09.840,0.4,0.6,0.4,2.8121,5.64203,-0.0877272,-14.5627,-6.26422,-12.1289,0,1.50618,67,51,-3.77487,18.6265,16.6921,-4.22829,17.0922,16.1898,-0.00724506,-4.3233,17.0796,13.88,0.2,-3,0,0.00412311,-0.00412311,0,0,0
17:45:09.940,0.4,0.6,0.4,2.8111,5.64421,-0.08781,-14.5681,-6.2672,-12.1327,0,1.50618,67,51,-3.77487,18.6265,16.6921,-4.22829,17.0922,16.1898,-0.00724506,-4.32333,17.0798,13.881,0.2,-3,0,0.00412311,-0.00412311,0,0,0
17:45:10.040,0.4,0.6,0.4,2.8111,5.65085,-0.0880146,-14.5978,-6.27653,-12.1483,0,1.50474,67,51,-3.77487,18.6265,16.6921,-4.22829,17.0922,16.1898,-0.00724506,-4.3236,17.0796,13.881,0.2,-3,0,0.00316228,-0.00316228,0,0,0
17:45:10.140,0.4,0.6,0.4,2.8121,5.65426,-0.0880788,-14.5928,-6.28026,-12.1498,0,1.50618,67,51,-3.77487,18.6265,16.6921,-4.22829,17.0922,16.1898,-0.00724506,-4.32364,17.0797,13.88,0.2,-3,0,0.00412311,-0.00412311,0,0,0
17:45:10.240,0.4,0.6,0.4,2.8131,5.66052,-0.0882358,-14.6083,-6.28822,-12.1603,0,1.50618,67,51,-3.77487,18.6265,16.6921,-4.22829,17.0922,16.1898,-0.00724506,-4.32382,17.0797,13.879,0.2,-3,0,0.00412311,-0.00412311,0,0,0
17:45:10.340,0.4,0.6,0.4,2.8121,5.66045,-0.0882548,-14.6081,-6.28828,-12.1603,0,1.50618,67,51,-3.77487,18.6265,16.6921,-4.22829,17.0922,16.1898,-0.00724506,-4.3238,17.0798,13.88,0.2,-3,0,0.00412311,-0.00412311,0,0,0
17:45:10.440,0.4,0.6,0.4,2.8111,5.66306,-0.0883688,-14.6145,-6.29269,-12.1656,0,1.50618,67,51,-3.77487,18.6265,16.6921,-4.22829,17.0922,16.1898,-0.00724506,-4.32396,17.0797,13.881,0.2,-3,0,0.00412311,-0.00412311,0,0,0
17:45:10.540,0.4,0.6,0.4,2.8131,5.66464,-0.088354,-14.6184,-6.29361,-12.1674,0,1.50618,67,51,-3.77487,18.6265,16.6921,-4.22829,17.0922,16.1898,-0.00724506,-4.32393,17.0797,13.879,0.2,-3,0,0.00412311,-0.00412311,0,0,0
17:45:10.640,0.4,0.6,0.4,2.8131,5.66467,-0.0883595,-14.6185,-6.29386,-12.1676,0,1.50618,67,51,-3.77487,18.6265,16.6921,-4.22829,17.0922,16.1898,-0.00724506,-4.32396,17.0796,13.879,0.2,-3,0,0.00412311,-0.00412311,0,0,0
17:45:10.740,0.4,0.6,0.4,2.8131,5.65975,-0.088209,-14.6064,-6.28699,-12.1588,0,1.50618,67,51,-3.77487,18.6265,16.6921,-4.22829,17.0922,16.1898,-0.00724506,-4.32377,17.0797,13.879,0.2,-3,0,0.00412311,-0.00412311,0,0,0
17:45:10.840,0.4,0.6,0.4,2.8131,5.65842,-0.0881724,-14.6031,-6.28533,-12.1566,0,1.50618,67,51,-3.77487,18.6265,16.6921,-4.22829,17.0922,16.1898,-0.00724506,-4.32374,17.0797,13.879,0.2,-3,0,0.00412311,-0.00412311,0,0,0
17:45:10.940,0.4,0.6,0.4,2.8141,5.65512,-0.08804,-14.595,-6.28009,-12.1503,0,1.50618,67,51,-3.77487,18.6265,16.6921,-4.22829,17.0922,16.1898,-0.00724506,-4.32357,17.0798,13.878,0.2,-3,0,0.00412311,-0.00412311,0,0,0
17:45:11.040,0.4,0.6,0.4,2.8131,5.65446,-0.0880464,-14.5798,-6.27958,-12.1456,0,1.50765,67,51,-3.77487,18.6265,16.6921,-4.22829,17.0922,16.1898,-0.00724506,-4.32356,17.0799,13.879,0.2,-3,0,0.00509902,-0.00509902,0,0,0
17:45:11.140,0.4,0.6,0.4,2.8131,5.6517,-0.0879511,-14.5866,-6.27523,-12.1441,0,1.50618,67,51,-3.77487,18.6265,16.6921,-4.22829,17.0922,16.1898,-0.00724506,-4.32339,17.0801,13.879,0.2,-3,0,0.00412311,-0.00412311,0,0,0
17:45:11.240,0.4,0.6,0.4,2.8131,5.65036,-0.0879255,-14.5966,-6.27407,-12.146,0,1.50474,67,51,-3.77487,18.6265,16.6921,-4.22829,17.0922,16.1898,-0.00724506,-4.32343,17.0799,13.879,0.2,-3,0,0.00316228,-0.00316228,0,0,0
17:45:11.340,0.4,0.6,0.4,2.8141,5.64649,-0.087786,-14.5871,-6.2685,-12.139,0,1.50474,67,51,-3.77487,18.6265,16.6921,-4.22829,17.0922,16.1898,-0.00724506,-4.3233,17.0798,13.878,0.2,-3,0,0.00316228,-0.00316228,0,0,0
17:45:11.440,0.4,0.6,0.4,2.8141,5.64351,-0.0877066,-14.5664,-6.26488,-12.1304,0,1.50618,67,51,-3.77487,18.6265,16.6921,-4.22829,17.0922,16.1898,-0.00724506,-4.32325,17.0797,13.878,0.2,-3,0,0.00412311,-0.00412311,0,0,0
17:45:11.540,0.4,0.6,0.4,2.8141,5.63708,-0.0875135,-14.5505,-6.25607,-12.1191,0,1.50618,67,51,-3.77487,18.6265,16.6921,-4.22829,17.0922,16.1898,-0.00724506,-4.32302,17.0798,13.878,0.2,-3,0,0.00412311,-0.00412311,0,0,0
17:45:11.640,0.4,0.6,0.4,2.8131,5.63302,-0.0874339,-14.5667,-6.25164,-12.1202,0,1.50335,67,51,-3.77487,18.6265,16.6921,-4.22829,17.0922,16.1898,-0.00724506,-4.32299,17.0797,13.879,0.2,-3,0,0.00223607,-0.00223607,0,0,0
17:45:11.740,0.4,0.6,0.4,2.8151,5.62815,-0.0872368,-14.5419,-6.24425,-12.1074,0,1.50474,67,51,-3.77487,18.6265,16.6921,-4.22829,17.0922,16.1898,-0.00724506,-4.3228,17.0796,13.877,0.2,-3,0,0.00316228,-0.00316228,0,0,0
17:45:11.840,0.4,0.6,0.4,2.8151,5.62963,-0.087282,-14.5322,-6.24631,-12.1063,0,1.50618,67,51,-3.77487,18.6265,16.6921,-4.22829,17.0922,16.1898,-0.00724506,-4.32285,17.0796,13.877,0.2,-3,0,0.00412311,-0.00412311,0,0,0
17:45:11.940,0.4,0.6,0.4,2.8141,5.6279,-0.0872499,-14.5279,-6.24405,-12.1034,0,1.50618,67,51,-3.77487,18.6265,16.6921,-4.22829,17.0922,16.1898,-0.00724506,-4.32277,17.0797,13.878,0.2,-3,0,0.00412311,-0.00412311,0,0,0
17:45:12.040,0.4,0.6,0.4,2.8131,5.6302,-0.0873549,-14.5469,-6.24804,-12.1118,0,1.50474,67,51,-3.77487,18.6265,16.6921,-4.22829,17.0922,16.1898,-0.00724506,-4.32292,17.0796,13.879,0.2,-3,0,0.00316228,-0.00316228,0,0,0
17:45:12.140,0.4,0.6,0.4,2.8141,5.63096,-0.087346,-14.5488,-6.24843,-12.1126,0,1.50474,67,51,-3.77487,18.6265,16.6921,-4.22829,17.0922,16.1898,-0.00724506,-4.3229,17.0796,13.878,0.2,-3,0,0.00316228,-0.00316228,0,0,0
17:45:12.240,0.4,0.6,0.4,2.8141,5.63421,-0.0874481,-14.5568,-6.25309,-12.1185,0,1.50474,67,51,-3.77487,18.6265,16.6921,-4.22829,17.0922,16.1898,-0.00724506,-4.32304,17.0795,13.878,0.2,-3,0,0.00316228,-0.00316228,0,0,0
17:45:12.340,0.4,0.6,0.4,2.8151,5.63355,-0.0873969,-14.5552,-6.25156,-12.1169,0,1.50474,67,51,-3.77487,18.6265,16.6921,-4.22829,17.0922,16.1898,-0.00724506,-4.32298,17.0796,13.877,0.2,-3,0,0.00316228,-0.00316228,0,0,0
17:45:12.440,0.4,0.6,0.4,2.8141,5.63367,-0.0874384,-14.5555,-6.25265,-12.1178,0,1.50474,67,51,-3.77487,18.6265,16.6921,-4.22829,17.0922,16.1898,-0.00724506,-4.32306,17.0794,13.878,0.2,-3,0,0.00316228,-0.00316228,0,0,0
17:45:12.540,0.4,0.6,0.4,2.8141,5.63045,-0.0873418,-14.5342,-6.24824,-12.1084,0,1.50618,67,51,-3.77487,18.6265,16.6921,-4.22829,17.0922,16.1898,-0.00724506,-4.32295,17.0795,13.878,0.2,-3,0,0.00412311,-0.00412311,0,0,0
17:45:12.640,0.4,0.6,0.4,2.8131,5.62831,-0.0873113,-14.5422,-6.24605,-12.109,0,1.50474,67,51,-3.77487,18.6265,16.6921,-4.22829,17.0922,16.1898,-0.00724506,-4.32293,17.0794,13.879,0.2,-3,0,0.00316228,-0.00316228,0,0,0
17:45:12.740,0.4,0.6,0.4,2.8131,5.62338,-0.0871607,-14.5301,-6.23918,-12.1002,0,1.50474,67,51,-3.77487,18.6265,16.6921,-4.22829,17.0922,16.1898,-0.00724506,-4.32274,17.0795,13.879,0.2,-3,0,0.00316228,-0.00316228,0,0,0
17:45:12.840,0.4,0.6,0.4,2.8141,5.6235,-0.0871364,-14.5304,-6.23887,-12.1,0,1.50474,67,51,-3.77487,18.6265,16.6921,-4.22829,17.0922,16.1898,-0.00724506,-4.32272,17.0795,13.878,0.2,-3,0,0.00316228,-0.00316228,0,0,0
17:45:12.940,0.4,0.6,0.4,2.8131,5.61816,-0.0869984,-14.5039,-6.23178,-12.0871,0,1.50618,67,51,-3.77487,18.6265,16.6921,-4.22829,17.0922,16.1898,-0.00724506,-4.32252,17.0797,13.879,0.2,-3,0,0.00412311,-0.00412311,0,0,0
17:45:13.040,0.4,0.6,0.4,2.8131,5.61793,-0.0869895,-14.5166,-6.23137,-12.0903,0,1.50474,67,51,-3.77487,18.6265,16.6921,-4.22829,17.0922,16.1898,-0.00724506,-4.3225,17.0797,13.879,0.2,-3,0,0.00316228,-0.00316228,0,0,0
17:45:13.140,0.4,0.6,0.4,2.8131,5.61289,-0.0868331,-14.4909,-6.22424,-12.0776,0,1.50618,67,51,-3.77487,18.6265,16.6921,-4.22829,17.0922,16.1898,-0.00724506,-4.3223,17.0799,13.879,0.2,-3,0,0.00412311,-0.00412311,0,0,0
17:45:13.240,0.4,0.6,0.4,2.8121,5.61124,-0.0868094,-14.4869,-6.22236,-12.075,0,1.50618,67,51,-3.77487,18.6265,16.6921,-4.22829,17.0922,16.1898,-0.00724506,-4.32225,17.08,13.88,0.2,-3,0,0.00412311,-0.00412311,0,0,0
17:45:13.340,0.4,0.6,0.4,2.8121,5.60692,-0.0866687,-14.4762,-6.21594,-12.067,0,1.50618,67,51,-3.77487,18.6265,16.6921,-4.22829,17.0922,16.1898,-0.00724506,-4.32203,17.0802,13.88,0.2,-3,0,0.00412311,-0.00412311,0,0,0
17:45:13.440,0.4,0.6,0.4,2.8121,5.60651,-0.0866539,-14.4752,-6.21526,-12.0662,0,1.50618,67,51,-3.77487,18.6265,16.6921,-4.22829,17.0922,16.1898,-0.00724506,-4.322,17.0802,13.88,0.2,-3,0,0.00412311,-0.00412311,0,0,0
17:45:13.540,0.4,0.6,0.4,2.8141,5.60404,-0.0865128,-14.4691,-6.21042,-12.0607,0,1.50618,67,51,-3.77487,18.6265,16.6921,-4.22829,17.0922,16.1898,-0.00724506,-4.3218,17.0804,13.878,0.2,-3,0,0.00412311,-0.00412311,0,0,0
17:45:13.640,0.4,0.6,0.4,2.8141,5.60627,-0.0865792,-14.4879,-6.21345,-12.0683,0,1.50474,67,51,-3.77487,18.6265,16.6921,-4.22829,17.0922,16.1898,-0.00724506,-4.32188,17.0804,13.878,0.2,-3,0,0.00316228,-0.00316228,0,0,0
17:45:13.740,0.4,0.6,0.4,2.8141,5.60432,-0.0865163,-14.4698,-6.21059,-12.061,0,1.50618,67,51,-3.77487,18.6265,16.6921,-4.22829,17.0922,16.1898,-0.00724506,-4.32178,17.0805,13.878,0.2,-3,0,0.00412311,-0.00412311,0,0,0
17:45:13.840,0.4,0.6,0.4,2.8141,5.60682,-0.0865972,-14.4892,-6.21427,-12.0693,0,1.50474,67,51,-3.77487,18.6265,16.6921,-4.22829,17.0922,16.1898,-0.00724506,-4.32191,17.0804,13.878,0.2,-3,0,0.00316228,-0.00316228,0,0,0
17:45:13.940,0.4,0.6,0.4,2.8141,5.60523,-0.0865462,-14.472,-6.21195,-12.0627,0,1.50618,67,51,-3.77487,18.6265,16.6921,-4.22829,17.0922,16.1898,-0.00724506,-4.32183,17.0804,13.878,0.2,-3,0,0.00412311,-0.00412311,0,0,0
17:45:14.040,0.4,0.6,0.4,2.8151,5.60932,-0.0866397,-14.4954,-6.21701,-12.0732,0,1.50474,67,51,-3.77487,18.6265,16.6921,-4.22829,17.0922,16.1898,-0.00724506,-4.32195,17.0804,13.877,0.2,-3,0,0.00316228,-0.00316228,0,0,0
17:45:14.140,0.4,0.6,0.4,2.8131,5.6063,-0.086604,-14.4747,-6.21379,-12.0649,0,1.50618,67,51,-3.77487,18.6265,16.6921,-4.22829,17.0922,16.1898,-0.00724506,-4.32188,17.0805,13.879,0.2,-3,0,0.00412311,-0.00412311,0,0,0
17:45:14.240,0.4,0.6,0.4,2.8131,5.60947,-0.0866977,-14.4958,-6.21806,-12.0741,0,1.50474,67,51,-3.77487,18.6265,16.6921,-4.22829,17.0922,16.1898,-0.00724506,-4.32198,17.0805,13.879,0.2,-3,0,0.00316228,-0.00316228,0,0,0
17:45:14.340,0.4,0.6,0.4,2.8131,5.6084,-0.0866591,-14.4931,-6.2163,-12.072,0,1.50474,67,51,-3.77487,18.6265,16.6921,-4.22829,17.0922,16.1898,-0.00724506,-4.32191,17.0806,13.879,0.2,-3,0,0.00316228,-0.00316228,0,0,0
17:45:14.440,0.4,0.6,0.4,2.8141,5.61231,-0.0867466,-14.5028,-6.22109,-12.0784,0,1.50474,67,51,-3.77487,18.6265,16.6921,-4.22829,17.0922,16.1898,-0.00724506,-4.32201,17.0805,13.878,0.2,-3,0,0.00316228,-0.00316228,0,0,0
17:45:14.540,0.4,0.6,0.4,2.8141,5.61155,-0.0867171,-14.5009,-6.21974,-12.0769,0,1.50474,67,51,-3.77487,18.6265,16.6921,-4.22829,17.0922,16.1898,-0.00724506,-4.32195,17.0807,13.878,0.2,-3,0,0.00316228,-0.00316228,0,0,0
17:45:14.640,0.4,0.6,0.4,2.8151,5.6167,-0.0868408,-14.5136,-6.22619,-12.0854,0,1.50474,67,51,-3.77487,18.6265,16.6921,-4.22829,17.0922,16.1898,-0.00724506,-4.32209,17.0806,13.877,0.2,-3,0,0.00316228,-0.00316228,0,0,0
17:45:14.740,0.4,0.6,0.4,2.8141,5.61505,-0.0868171,-14.5095,-6.22431,-12.0828,0,1.50474,67,51,-3.77487,18.6265,16.6921,-4.22829,17.0922,16.1898,-0.00724506,-4.32204,17.0807,13.878,0.2,-3,0,0.00316228,-0.00316228,0,0,0
17:45:14.840,0.4,0.6,0.4,2.8131,5.61841,-0.0869442,-14.5178,-6.2293,-12.0891,0,1.50474,67,51,-3.77487,18.6265,16.6921,-4.22829,17.0922,16.1898,-0.00724506,-4.32217,17.0807,13.879,0.2,-3,0,0.00316228,-0.00316228,0,0,0
17:45:14.940,0.4,0.6,0.4,2.8141,5.61979,-0.0869453,-14.5079,-6.23015,-12.0869,0,1.50618,67,51,-3.77487,18.6265,16.6921,-4.22829,17.0922,16.1898,-0.00724506,-4.32212,17.0809,13.878,0.2,-3,0,0.00412311,-0.00412311,0,0,0
17:45:15.040,0.4,0.6,0.4,2.8151,5.62303,-0.0870117,-14.5292,-6.23398,-12.0959,0,1.50474,67,51,-3.77487,18.6265,16.6921,-4.22829,17.0922,16.1898,-0.00724506,-4.3222,17.0808,13.877,0.2,-3,0,0.00316228,-0.00316228,0,0,0
17:45:15.140,0.4,0.6,0.4,2.8161,5.62189,-0.0869428,-14.5264,-6.23164,-12.0933,0,1.50474,67,51,-3.77487,18.6265,16.6921,-4.22829,17.0922,16.1898,-0.00724506,-4.3221,17.081,13.876,0.2,-3,0,0.00316228,-0.00316228,0,0,0
17:45:15.240,0.4,0.6,0.4,2.8161,5.62511,-0.0870393,-14.5344,-6.23604,-12.0989,0,1.50474,67,51,-3.77487,18.6265,16.6921,-4.22829,17.0922,16.1898,-0.00724506,-4.32221,17.0809,13.876,0.2,-3,0,0.00316228,-0.00316228,0,0,0
17:45:15.340,0.4,0.6,0.4,2.8151,5.62328,-0.0870096,-14.5298,-6.23389,-12.096,0,1.50474,67,51,-3.77487,18.6265,16.6921,-4.22829,17.0922,16.1898,-0.00724506,-4.32215,17.081,13.877,0.2,-3,0,0.00316228,-0.00316228,0,0,0
17:45:15.440,0.4,0.6,0.4,2.8151,5.6236,-0.087027,-14.5306,-6.23468,-12.0968,0,1.50474,67,51,-3.77487,18.6265,16.6921,-4.22829,17.0922,16.1898,-0.00724506,-4.32221,17.0809,13.877,0.2,-3,0,0.00316228,-0.00316228,0,0,0
17:45:15.540,0.4,0.6,0.4,2.8161,5.6205,-0.0869061,-14.523,-6.22996,-12.091,0,1.50474,67,51,-3.77487,18.6265,16.6921,-4.22829,17.0922,16.1898,-0.00724506,-4.32208,17.0809,13.876,0.2,-3,0,0.00316228,-0.00316228,0,0,0
17:45:15.640,0.4,0.6,0.4,2.8161,5.61674,-0.0868081,-14.5137,-6.22549,-12.0849,0,1.50474,67,51,-3.77487,18.6265,16.6921,-4.22829,17.0922,16.1898,-0.00724506,-4.32203,17.0807,13.876,0.2,-3,0,0.00316228,-0.00316228,0,0,0
17:45:15.740,0.4,0.6,0.4,2.8151,5.60863,-0.0866022,-14.4937,-6.2153,-12.0714,0,1.50474,67,51,-3.77487,18.6265,16.6921,-4.22829,17.0922,16.1898,-0.00724506,-4.32182,17.0807,13.877,0.2,-3,0,0.00316228,-0.00316228,0,0,0
17:45:15.840,0.4,0.6,0.4,2.8151,5.60371,-0.086468,-14.4816,-6.20918,-12.0632,0,1.50474,67,51,-3.77487,18.6265,16.6921,-4.22829,17.0922,16.1898,-0.00724506,-4.32173,17.0805,13.877,0.2,-3,0,0.00316228,-0.00316228,0,0,0
17:45:15.940,0.4,0.6,0.4,2.8161,5.59685,-0.0862409,-14.4646,-6.19962,-12.051,0,1.50474,67,51,-3.77487,18.6265,16.6921,-4.22829,17.0922,16.1898,-0.00724506,-4.3215,17.0805,13.876,0.2,-3,0,0.00316228,-0.00316228,0,0,0
17:45:16.040,0.4,0.6,0.4,2.8151,5.59116,-0.0861157,-14.4634,-6.19311,-12.0456,0,1.50335,67,51,-3.77487,18.6265,16.6921,-4.22829,17.0922,16.1898,-0.00724506,-4.32143,17.0803,13.877,0.2,-3,0,0.00223607,-0.00223607,0,0,0
17:45:16.140,0.4,0.6,0.4,2.8151,5.58343,-0.0858916,-14.4315,-6.18289,-12.0287,0,1.50474,67,51,-3.77487,18.6265,16.6921,-4.22829,17.0922,16.1898,-0.00724506,-4.3212,17.0803,13.877,0.2,-3,0,0.00316228,-0.00316228,0,0,0
17:45:16.240,0.4,0.6,0.4,2.8131,5.57838,-0.085812,-14.419,-6.17765,-12.0211,0,1.50474,67,51,-3.77487,18.6265,16.6921,-4.22829,17.0922,16.1898,-0.00724506,-4.32116,17.0801,13.879,0.2,-3,0,0.00316228,-0.00316228,0,0,0
17:45:16.340,0.4,0.6,0.4,2.8131,5.57202,-0.0856273,-14.4033,-6.16923,-12.0101,0,1.50474,67,51,-3.77487,18.6265,16.6921,-4.22829,17.0922,16.1898,-0.00724506,-4.32097,17.0801,13.879,0.2,-3,0,0.00316228,-0.00316228,0,0,0
17:45:16.440,0.4,0.6,0.4,2.8131,5.56919,-0.0855483,-14.3963,-6.16562,-12.0054,0,1.50474,67,51,-3.77487,18.6265,16.6921,-4.22829,17.0922,16.1898,-0.00724506,-4.32091,17.0801,13.879,0.2,-3,0,0.00316228,-0.00316228,0,0,0
17:45:16.540,0.4,0.6,0.4,2.8131,5.56293,-0.0853612,-14.3809,-6.15709,-11.9944,0,1.50474,67,51,-3.77487,18.6265,16.6921,-4.22829,17.0922,16.1898,-0.00724506,-4.32069,17.0801,13.879,0.2,-3,0,0.00316228,-0.00316228,0,0,0
17:45:16.640,0.4,0.6,0.4,2.8131,5.56029,-0.0852882,-14.3744,-6.15376,-11.99,0,1.50474,67,51,-3.77487,18.6265,16.6921,-4.22829,17.0922,16.1898,-0.00724506,-4.32063,17.0801,13.879,0.2,-3,0,0.00316228,-0.00316228,0,0,0
17:45:16.740,0.4,0.6,0.4,2.8141,5.55483,-0.0850977,-14.3609,-6.14587,-11.98,0,1.50474,67,51,-3.77487,18.6265,16.6921,-4.22829,17.0922,16.1898,-0.00724506,-4.32042,17.0801,13.878,0.2,-3,0,0.00316228,-0.00316228,0,0,0
17:45:16.840,0.4,0.6,0.4,2.8131,5.55098,-0.0850214,-14.3514,-6.14158,-11.974,0,1.50474,67,51,-3.77487,18.6265,16.6921,-4.22829,17.0922,16.1898,-0.00724506,-4.32038,17.08,13.879,0.2,-3,0,0.00316228,-0.00316228,0,0,0
17:45:16.940,0.4,0.6,0.4,2.8141,5.54777,-0.0848947,-14.3434,-6.13661,-11.9679,0,1.50474,67,51,-3.77487,18.6265,16.6921,-4.22829,17.0922,16.1898,-0.00724506,-4.32022,17.0801,13.878,0.2,-3,0,0.00316228,-0.00316228,0,0,0
17:45:17.040,0.4,0.6,0.4,2.8141,5.54544,-0.0848308,-14.3377,-6.13369,-11.964,0,1.50474,67,51,-3.77487,18.6265,16.6921,-4.22829,17.0922,16.1898,-0.00724506,-4.32018,17.08,13.878,0.2,-3,0,0.00316228,-0.00316228,0,0,0
17:45:17.140,0.4,0.6,0.4,2.8151,5.54199,-0.0846953,-14.3291,-6.1283,-11.9574,0,1.50474,67,51,-3.77487,18.6265,16.6921,-4.22829,17.0922,16.1898,-0.00724506,-4.32001,17.0801,13.877,0.2,-3,0,0.00316228,-0.00316228,0,0,0
17:45:17.240,0.4,0.6,0.4,2.8141,5.54009,-0.0846736,-14.3244,-6.12651,-11.9547,0,1.50474,67,51,-3.77487,18.6265,16.6921,-4.22829,17.0922,16.1898,-0.00724506,-4.32001,17.08,13.878,0.2,-3,0,0.00316228,-0.00316228,0,0,0
17:45:17.340,0.4,0.6,0.4,2.8151,5.53651,-0.084535,-14.3156,-6.12099,-11.9479,0,1.50474,67,51,-3.77487,18.6265,16.6921,-4.22829,17.0922,16.1898,-0.00724506,-4.31984,17.0801,13.877,0.2,-3,0,0.00316228,-0.00316228,0,0,0
17:45:17.440,0.4,0.6,0.4,2.8141,5.53527,-0.084537,-14.3125,-6.12028,-11.9465,0,1.50474,67,51,-3.77487,18.6265,16.6921,-4.22829,17.0922,16.1898,-0.00724506,-4.31988,17.0799,13.878,0.2,-3,0,0.00316228,-0.00316228,0,0,0
17:45:17.540,0.4,0.6,0.4,2.8161,5.53397,-0.0844402,-14.3093,-6.11747,-11.9434,0,1.50474,67,51,-3.77487,18.6265,16.6921,-4.22829,17.0922,16.1898,-0.00724506,-4.31978,17.08,13.876,0.2,-3,0,0.00316228,-0.00316228,0,0,0
17:45:17.640,0.4,0.6,0.4,2.8161,5.53655,-0.0845213,-14.3157,-6.12117,-11.9481,0,1.50474,67,51,-3.77487,18.6265,16.6921,-4.22829,17.0922,16.1898,-0.00724506,-4.31989,17.0799,13.876,0.2,-3,0,0.00316228,-0.00316228,0,0,0
17:45:17.740,0.4,0.6,0.4,2.8161,5.53613,-0.0845065,-14.3146,-6.12049,-11.9473,0,1.50474,67,51,-3.77487,18.6265,16.6921,-4.22829,17.0922,16.1898,-0.00724506,-4.31987,17.0799,13.876,0.2,-3,0,0.00316228,-0.00316228,0,0,0
17:45:17.840,0.4,0.6,0.4,2.8151,5.54044,-0.084669,-14.3253,-6.12711,-11.9554,0,1.50474,67,51,-3.77487,18.6265,16.6921,-4.22829,17.0922,16.1898,-0.00724506,-4.32007,17.0798,13.877,0.2,-3,0,0.00316228,-0.00316228,0,0,0
17:45:17.940,0.4,0.6,0.4,2.8151,5.54176,-0.0847055,-14.3154,-6.12877,-11.954,0,1.50618,67,51,-3.77487,18.6265,16.6921,-4.22829,17.0922,16.1898,-0.00724506,-4.3201,17.0798,13.877,0.2,-3,0,0.00412311,-0.00412311,0,0,0
17:45:18.040,0.4,0.6,0.4,2.8161,5.54783,-0.0848592,-14.3436,-6.13658,-11.9679,0,1.50474,67,51,-3.77487,18.6265,16.6921,-4.22829,17.0922,16.1898,-0.00724506,-4.32029,17.0797,13.876,0.2,-3,0,0.00316228,-0.00316228,0,0,0
17:45:18.140,0.4,0.6,0.4,2.8161,5.54909,-0.0848929,-14.3467,-6.13812,-11.97,0,1.50474,67,51,-3.77487,18.6265,16.6921,-4.22829,17.0922,16.1898,-0.00724506,-4.32031,17.0798,13.876,0.2,-3,0,0.00316228,-0.00316228,0,0,0
17:45:18.240,0.4,0.6,0.4,2.8171,5.55353,-0.0850009,-14.3577,-6.14385,-11.9775,0,1.50474,67,51,-3.77487,18.6265,16.6921,-4.22829,17.0922,16.1898,-0.00724506,-4.32046,17.0796,13.875,0.2,-3,0,0.00316228,-0.00316228,0,0,0
17:45:18.340,0.4,0.6,0.4,2.8181,5.55429,-0.0849921,-14.3595,-6.14425,-11.9784,0,1.50474,67,51,-3.77487,18.6265,16.6921,-4.22829,17.0922,16.1898,-0.00724506,-4.32044,17.0797,13.874,0.2,-3,0,0.00316228,-0.00316228,0,0,0
17:45:18.440,0.4,0.6,0.4,2.8181,5.56072,-0.0851878,-14.3754,-6.15318,-11.9898,0,1.50474,67,51,-3.77487,18.6265,16.6921,-4.22829,17.0922,16.1898,-0.00724506,-4.32069,17.0795,13.874,0.2,-3,0,0.00316228,-0.00316228,0,0,0
17:45:18.540,0.4,0.6,0.4,2.8191,5.56615,-0.0853151,-14.3888,-6.15979,-11.9987,0,1.50474,67,51,-3.77487,18.6265,16.6921,-4.22829,17.0922,16.1898,-0.00724506,-4.32081,17.0795,13.873,0.2,-3,0,0.00316228,-0.00316228,0,0,0
17:45:18.640,0.4,0.6,0.4,2.8191,5.57581,-0.0856048,-14.4127,-6.173,-12.0157,0,1.50474,67,51,-3.77487,18.6265,16.6921,-4.22829,17.0922,16.1898,-0.00724506,-4.32115,17.0794,13.873,0.2,-3,0,0.00316228,-0.00316228,0,0,0
17:45:18.740,0.4,0.6,0.4,2.8191,5.58242,-0.0857956,-14.429,-6.18171,-12.0271,0,1.50474,67,51,-3.77487,18.6265,16.6921,-4.22829,17.0922,16.1898,-0.00724506,-4.32134,17.0794,13.873,0.2,-3,0,0.00316228,-0.00316228,0,0,0
17:45:18.840,0.4,0.6,0.4,2.8181,5.5904,-0.0860642,-14.4615,-6.19316,-12.0451,0,1.50335,67,51,-3.77487,18.6265,16.6921,-4.22829,17.0922,16.1898,-0.00724506,-4.32165,17.0793,13.874,0.2,-3,0,0.00223607,-0.00223607,0,0,0
17:45:18.940,0.4,0.6,0.4,2.8181,5.59541,-0.0862068,-14.4611,-6.19966,-12.05,0,1.50474,67,51,-3.77487,18.6265,16.6921,-4.22829,17.0922,16.1898,-0.00724506,-4.32178,17.0794,13.874,0.2,-3,0,0.00316228,-0.00316228,0,0,0
17:45:19.040,0.4,0.6,0.4,2.8181,5.60135,-0.0863848,-14.4885,-6.20779,-12.0641,0,1.50335,67,51,-3.77487,18.6265,16.6921,-4.22829,17.0922,16.1898,-0.00724506,-4.32199,17.0793,13.874,0.2,-3,0,0.00223607,-0.00223607,0,0,0
17:45:19.140,0.4,0.6,0.4,2.8181,5.60337,-0.0864397,-14.4807,-6.21029,-12.0638,0,1.50474,67,51,-3.77487,18.6265,16.6921,-4.22829,17.0922,16.1898,-0.00724506,-4.32203,17.0794,13.874,0.2,-3,0,0.00316228,-0.00316228,0,0,0
17:45:19.240,0.4,0.6,0.4,2.8191,5.60751,-0.086536,-14.4909,-6.21548,-12.0707,0,1.50474,67,51,-3.77487,18.6265,16.6921,-4.22829,17.0922,16.1898,-0.00724506,-4.32215,17.0793,13.873,0.2,-3,0,0.00316228,-0.00316228,0,0,0
17:45:19.340,0.4,0.6,0.4,2.8191,5.60717,-0.0865214,-14.4901,-6.21482,-12.07,0,1.50474,67,51,-3.77487,18.6265,16.6921,-4.22829,17.0922,16.1898,-0.00724506,-4.32212,17.0794,13.873,0.2,-3,0,0.00316228,-0.00316228,0,0,0
17:45:19.440,0.4,0.6,0.4,2.8191,5.61189,-0.0866687,-14.5146,-6.22153,-12.0821,0,1.50335,67,51,-3.77487,18.6265,16.6921,-4.22829,17.0922,16.1898,-0.00724506,-4.32231,17.0792,13.873,0.2,-3,0,0.00223607,-0.00223607,0,0,0
17:45:19.540,0.4,0.6,0.4,2.8191,5.61508,-0.0867596,-14.5096,-6.22568,-12.0839,0,1.50474,67,51,-3.77487,18.6265,16.6921,-4.22829,17.0922,16.1898,-0.00724506,-4.3224,17.0793,13.873,0.2,-3,0,0.00316228,-0.00316228,0,0,0
17:45:19.640,0.4,0.6,0.4,2.8191,5.61877,-0.0868739,-14.5316,-6.2309,-12.0941,0,1.50335,67,51,-3.77487,18.6265,16.6921,-4.22829,17.0922,16.1898,-0.00724506,-4.32255,17.0791,13.873,0.2,-3,0,0.00223607,-0.00223607,0,0,0
17:45:19.740,0.4,0.6,0.4,2.8191,5.61928,-0.0868863,-14.5328,-6.23146,-12.0949,0,1.50335,67,51,-3.77487,18.6265,16.6921,-4.22829,17.0922,16.1898,-0.00724506,-4.32255,17.0792,13.873,0.2,-3,0,0.00223607,-0.00223607,0,0,0
17:45:19.840,0.4,0.6,0.4,2.8191,5.6211,-0.0869461,-14.5406,-6.23419,-12.0992,0,1.503,67,51,-3.77487,18.6265,16.6921,-4.22829,17.0922,16.1898,-0.00724506,-4.32264,17.0791,13.873,0.2,-3,0,0.002,-0.002,0,0,0
17:45:19.940,0.4,0.6,0.4,2.8211,5.62344,-0.0869525,-14.5302,-6.23608,-12.0978,0,1.50474,67,51,-3.77487,18.6265,16.6921,-4.22829,17.0922,16.1898,-0.00724506,-4.32264,17.0791,13.871,0.2,-3,0,0.00316228,-0.00316228,0,0,0
17:45:20.040,0.4,0.6,0.4,2.8201,5.62516,-0.0870258,-14.5345,-6.23862,-12.101,0,1.50474,67,51,-3.77487,18.6265,16.6921,-4.22829,17.0922,16.1898,-0.00724506,-4.32268,17.0792,13.872,0.2,-3,0,0.00316228,-0.00316228,0,0,0
17:45:20.140,0.4,0.6,0.4,2.8201,5.62587,-0.0870332,-14.5362,-6.23896,-12.1017,0,1.50474,67,51,-3.77487,18.6265,16.6921,-4.22829,17.0922,16.1898,-0.00724506,-4.32263,17.0795,13.872,0.2,-3,0,0.00316228,-0.00316228,0,0,0
17:45:20.240,0.4,0.6,0.4,2.8191,5.6276,-0.0871147,-14.5405,-6.24188,-12.1052,0,1.50474,67,51,-3.77487,18.6265,16.6921,-4.22829,17.0922,16.1898,-0.00724506,-4.32272,17.0794,13.873,0.2,-3,0,0.00316228,-0.00316228,0,0,0
17:45:20.340,0.4,0.6,0.4,2.8191,5.6284,-0.0871306,-14.5425,-6.24261,-12.1063,0,1.50474,67,51,-3.77487,18.6265,16.6921,-4.22829,17.0922,16.1898,-0.00724506,-4.3227,17.0795,13.873,0.2,-3,0,0.00316228,-0.00316228,0,0,0
17:45:20.440,0.4,0.6,0.4,2.8191,5.63,-0.0871789,-14.5464,-6.24481,-12.1092,0,1.50474,67,51,-3.77487,18.6265,16.6921,-4.22829,17.0922,16.1898,-0.00724506,-4.32276,17.0795,13.873,0.2,-3,0,0.00316228,-0.00316228,0,0,0
17:45:20.540,0.4,0.6,0.4,2.8191,5.62876,-0.0871343,-14.5433,-6.24278,-12.1067,0,1.50474,67,51,-3.77487,18.6265,16.6921,-4.22829,17.0922,16.1898,-0.00724506,-4.32267,17.0797,13.873,0.2,-3,0,0.00316228,-0.00316228,0,0,0
17:45:20.640,0.4,0.6,0.4,2.8181,5.62574,-0.0870794,-14.5488,-6.23947,-12.1056,0,1.50335,67,51,-3.77487,18.6265,16.6921,-4.22829,17.0922,16.1898,-0.00724506,-4.32264,17.0796,13.874,0.2,-3,0,0.00223607,-0.00223607,0,0,0
17:45:20.740,0.4,0.6,0.4,2.8191,5.62217,-0.0869408,-14.5271,-6.23395,-12.0953,0,1.50474,67,51,-3.77487,18.6265,16.6921,-4.22829,17.0922,16.1898,-0.00724506,-4.32247,17.0797,13.873,0.2,-3,0,0.00316228,-0.00316228,0,0,0
17:45:20.840,0.4,0.6,0.4,2.8191,5.61921,-0.0868587,-14.5198,-6.2302,-12.0903,0,1.50474,67,51,-3.77487,18.6265,16.6921,-4.22829,17.0922,16.1898,-0.00724506,-4.3224,17.0796,13.873,0.2,-3,0,0.00316228,-0.00316228,0,0,0
17:45:20.940,0.4,0.6,0.4,2.8171,5.61309,-0.0867322,-14.5047,-6.22284,-12.0803,0,1.50474,67,51,-3.77487,18.6265,16.6921,-4.22829,17.0922,16.1898,-0.00724506,-4.32224,17.0797,13.875,0.2,-3,0,0.00316228,-0.00316228,0,0,0
17:45:21.040,0.4,0.6,0.4,2.8161,5.61105,-0.0867075,-14.4997,-6.22091,-12.0774,0,1.50474,67,51,-3.77487,18.6265,16.6921,-4.22829,17.0922,16.1898,-0.00724506,-4.32224,17.0796,13.876,0.2,-3,0,0.00316228,-0.00316228,0,0,0
17:45:21.140,0.4,0.6,0.4,2.8171,5.60873,-0.0866052,-14.4939,-6.21704,-12.0728,0,1.50474,67,51,-3.77487,18.6265,16.6921,-4.22829,17.0922,16.1898,-0.00724506,-4.32211,17.0797,13.875,0.2,-3,0,0.00316228,-0.00316228,0,0,0
17:45:21.240,0.4,0.6,0.4,2.8171,5.6078,-0.0865779,-14.4784,-6.2158,-12.0675,0,1.50618,67,51,-3.77487,18.6265,16.6921,-4.22829,17.0922,16.1898,-0.00724506,-4.32208,17.0797,13.875,0.2,-3,0,0.00412311,-0.00412311,0,0,0
17:45:21.340,0.4,0.6,0.4,2.8161,5.60407,-0.0864882,-14.4692,-6.2109,-12.0611,0,1.50618,67,51,-3.77487,18.6265,16.6921,-4.22829,17.0922,16.1898,-0.00724506,-4.32194,17.0799,13.876,0.2,-3,0,0.00412311,-0.00412311,0,0,0
17:45:21.440,0.4,0.6,0.4,2.8171,5.60491,-0.0864878,-14.4845,-6.21168,-12.066,0,1.50474,67,51,-3.77487,18.6265,16.6921,-4.22829,17.0922,16.1898,-0.00724506,-4.32195,17.0798,13.875,0.2,-3,0,0.00316228,-0.00316228,0,0,0
17:45:21.540,0.4,0.6,0.4,2.8171,5.60203,-0.0863976,-14.4641,-6.20757,-12.0571,0,1.50618,67,51,-3.77487,18.6265,16.6921,-4.22829,17.0922,16.1898,-0.00724506,-4.32183,17.0799,13.875,0.2,-3,0,0.00412311,-0.00412311,0,0,0
17:45:21.640,0.4,0.6,0.4,2.8171,5.60294,-0.0864275,-14.4797,-6.20894,-12.0625,0,1.50474,67,51,-3.77487,18.6265,16.6921,-4.22829,17.0922,16.1898,-0.00724506,-4.32188,17.0799,13.875,0.2,-3,0,0.00316228,-0.00316228,0,0,0
17:45:21.740,0.4,0.6,0.4,2.8161,5.60131,-0.0864012,-14.4624,-6.20693,-12.0561,0,1.50618,67,51,-3.77487,18.6265,16.6921,-4.22829,17.0922,16.1898,-0.00724506,-4.32181,17.08,13.876,0.2,-3,0,0.00412311,-0.00412311,0,0,0
17:45:21.840,0.4,0.6,0.4,2.8171,5.60586,-0.0865041,-14.4869,-6.21243,-12.0672,0,1.50474,67,51,-3.77487,18.6265,16.6921,-4.22829,17.0922,16.1898,-0.00724506,-4.32192,17.08,13.875,0.2,-3,0,0.00316228,-0.00316228,0,0,0
17:45:21.940,0.4,0.6,0.4,2.8161,5.60654,-0.0865443,-14.4885,-6.21346,-12.0685,0,1.50474,67,51,-3.77487,18.6265,16.6921,-4.22829,17.0922,16.1898,-0.00724506,-4.32192,17.0801,13.876,0.2,-3,0,0.00316228,-0.00316228,0,0,0
17:45:22.040,0.4,0.6,0.4,2.8151,5.61045,-0.0866894,-14.4982,-6.21928,-12.0757,0,1.50474,67,51,-3.77487,18.6265,16.6921,-4.22829,17.0922,16.1898,-0.00724506,-4.32208,17.0801,13.877,0.2,-3,0,0.00316228,-0.00316228,0,0,0
17:45:22.140,0.4,0.6,0.4,2.8151,5.61293,-0.0867537,-14.5043,-6.22222,-12.0797,0,1.50474,67,51,-3.77487,18.6265,16.6921,-4.22829,17.0922,16.1898,-0.00724506,-4.32211,17.0802,13.877,0.2,-3,0,0.00316228,-0.00316228,0,0,0
17:45:22.240,0.4,0.6,0.4,2.8151,5.61721,-0.0868806,-14.5149,-6.228,-12.0872,0,1.50474,67,51,-3.77487,18.6265,16.6921,-4.22829,17.0922,16.1898,-0.00724506,-4.32225,17.0802,13.877,0.2,-3,0,0.00316228,-0.00316228,0,0,0
17:45:22.340,0.4,0.6,0.4,2.8161,5.61995,-0.0869238,-14.5216,-6.23077,-12.0913,0,1.50474,67,51,-3.77487,18.6265,16.6921,-4.22829,17.0922,16.1898,-0.00724506,-4.32226,17.0803,13.876,0.2,-3,0,0.00316228,-0.00316228,0,0,0
17:45:22.440,0.4,0.6,0.4,2.8161,5.62348,-0.0870294,-14.5303,-6.23559,-12.0975,0,1.50474,67,51,-3.77487,18.6265,16.6921,-4.22829,17.0922,16.1898,-0.00724506,-4.32238,17.0803,13.876,0.2,-3,0,0.00316228,-0.00316228,0,0,0
17:45:22.540,0.4,0.6,0.4,2.8151,5.62366,-0.0870546,-14.5308,-6.23594,-12.0979,0,1.50474,67,51,-3.77487,18.6265,16.6921,-4.22829,17.0922,16.1898,-0.00724506,-4.32236,17.0804,13.877,0.2,-3,0,0.00316228,-0.00316228,0,0,0
17:45:22.640,0.4,0.6,0.4,2.8161,5.62645,-0.0871088,-14.5377,-6.23921,-12.1023,0,1.50474,67,51,-3.77487,18.6265,16.6921,-4.22829,17.0922,16.1898,-0.00724506,-4.32243,17.0804,13.876,0.2,-3,0,0.00316228,-0.00316228,0,0,0
17:45:22.740,0.4,0.6,0.4,2.8161,5.62562,-0.0870791,-14.5356,-6.23786,-12.1007,0,1.50474,67,51,-3.77487,18.6265,16.6921,-4.22829,17.0922,16.1898,-0.00724506,-4.32237,17.0805,13.876,0.2,-3,0,0.00316228,-0.00316228,0,0,0
17:45:22.840,0.4,0.6,0.4,2.8171,5.628,-0.0871268,-14.5415,-6.24083,-12.1047,0,1.50474,67,51,-3.77487,18.6265,16.6921,-4.22829,17.0922,16.1898,-0.00724506,-4.32246,17.0804,13.875,0.2,-3,0,0.00316228,-0.00316228,0,0,0
17:45:22.940,0.4,0.6,0.4,2.8181,5.62822,-0.0870999,-14.542,-6.24041,-12.1045,0,1.50474,67,51,-3.77487,18.6265,16.6921,-4.22829,17.0922,16.1898,-0.00724506,-4.32241,17.0804,13.874,0.2,-3,0,0.00316228,-0.00316228,0,0,0
17:45:23.040,0.4,0.6,0.4,2.8171,5.62989,-0.0871785,-14.5461,-6.24319,-12.1078,0,1.50474,67,51,-3.77487,18.6265,16.6921,-4.22829,17.0922,16.1898,-0.00724506,-4.32249,17.0804,13.875,0.2,-3,0,0.00316228,-0.00316228,0,0,0
17:45:23.140,0.4,0.6,0.4,2.8181,5.63195,-0.0872006,-14.5512,-6.245,-12.1106,0,1.50474,67,51,-3.77487,18.6265,16.6921,-4.22829,17.0922,16.1898,-0.00724506,-4.32247,17.0806,13.874,0.2,-3,0,0.00316228,-0.00316228,0,0,0
17:45:23.240,0.4,0.6,0.4,2.8181,5.63367,-0.0872547,-14.5555,-6.24747,-12.1138,0,1.50474,67,51,-3.77487,18.6265,16.6921,-4.22829,17.0922,16.1898,-0.00724506,-4.32255,17.0805,13.874,0.2,-3,0,0.00316228,-0.00316228,0,0,0
17:45:23.340,0.4,0.6,0.4,2.8171,5.63259,-0.0872462,-14.5528,-6.24628,-12.1121,0,1.50474,67,51,-3.77487,18.6265,16.6921,-4.22829,17.0922,16.1898,-0.00724506,-4.32251,17.0806,13.875,0.2,-3,0,0.00316228,-0.00316228,0,0,0
17:45:23.440,0.4,0.6,0.4,2.8181,5.63393,-0.0872609,-14.5561,-6.24775,-12.1142,0,1.50474,67,51,-3.77487,18.6265,16.6921,-4.22829,17.0922,16.1898,-0.00724506,-4.32255,17.0805,13.874,0.2,-3,0,0.00316228,-0.00316228,0,0,0
17:45:23.540,0.4,0.6,0.4,2.8191,5.63396,-0.0872281,-14.5562,-6.24705,-12.1136,0,1.50474,67,51,-3.77487,18.6265,16.6921,-4.22829,17.0922,16.1898,-0.00724506,-4.32249,17.0806,13.873,0.2,-3,0,0.00316228,-0.00316228,0,0,0
17:45:23.640,0.4,0.6,0.4,2.8181,5.63439,-0.0872786,-14.5701,-6.24856,-12.1187,0,1.50335,67,51,-3.77487,18.6265,16.6921,-4.22829,17.0922,16.1898,-0.00724506,-4.32259,17.0805,13.874,0.2,-3,0,0.00223607,-0.00223607,0,0,0
17:45:23.740,0.4,0.6,0.4,2.8191,5.63508,-0.0872695,-14.5589,-6.24894,-12.1159,0,1.50474,67,51,-3.77487,18.6265,16.6921,-4.22829,17.0922,16.1898,-0.00724506,-4.32258,17.0805,13.873,0.2,-3,0,0.00316228,-0.00316228,0,0,0
17:45:23.840,0.4,0.6,0.4,2.8201,5.63808,-0.0873353,-14.5663,-6.25275,-12.1209,0,1.50474,67,51,-3.77487,18.6265,16.6921,-4.22829,17.0922,16.1898,-0.00724506,-4.32268,17.0803,13.872,0.2,-3,0,0.00316228,-0.00316228,0,0,0
17:45:23.940,0.4,0.6,0.4,2.8201,5.6386,-0.0873477,-14.5676,-6.25331,-12.1217,0,1.50474,67,51,-3.77487,18.6265,16.6921,-4.22829,17.0922,16.1898,-0.00724506,-4.32268,17.0804,13.872,0.2,-3,0,0.00316228,-0.00316228,0,0,0
17:45:24.040,0.4,0.6,0.4,2.8201,5.63902,-0.0873708,-14.5815,-6.25436,-12.1264,0,1.50335,67,51,-3.77487,18.6265,16.6921,-4.22829,17.0922,16.1898,-0.00724506,-4.32276,17.0802,13.872,0.2,-3,0,0.00223607,-0.00223607,0,0,0
17:45:24.140,0.4,0.6,0.4,2.8191,5.63701,-0.0873434,-14.5637,-6.25231,-12.1198,0,1.50474,67,51,-3.77487,18.6265,16.6921,-4.22829,17.0922,16.1898,-0.00724506,-4.32274,17.0802,13.873,0.2,-3,0,0.00316228,-0.00316228,0,0,0
17:45:24.240,0.4,0.6,0.4,2.8181,5.63591,-0.0873458,-14.561,-6.25162,-12.1185,0,1.50474,67,51,-3.77487,18.6265,16.6921,-4.22829,17.0922,16.1898,-0.00724506,-4.32277,17.0801,13.874,0.2,-3,0,0.00316228,-0.00316228,0,0,0
17:45:24.340,0.4,0.6,0.4,2.8181,5.63376,-0.0872796,-14.5557,-6.2486,-12.1147,0,1.50474,67,51,-3.77487,18.6265,16.6921,-4.22829,17.0922,16.1898,-0.00724506,-4.32268,17.0801,13.874,0.2,-3,0,0.00316228,-0.00316228,0,0,0
17:45:24.440,0.4,0.6,0.4,2.8171,5.63227,-0.0872728,-14.5649,-6.24749,-12.1164,0,1.50335,67,51,-3.77487,18.6265,16.6921,-4.22829,17.0922,16.1898,-0.00724506,-4.32271,17.08,13.875,0.2,-3,0,0.00223607,-0.00223607,0,0,0
17:45:24.540,0.4,0.6,0.4,2.8171,5.63022,-0.0872123,-14.5469,-6.24474,-12.1092,0,1.50474,67,51,-3.77487,18.6265,16.6921,-4.22829,17.0922,16.1898,-0.00724506,-4.32264,17.08,13.875,0.2,-3,0,0.00316228,-0.00316228,0,0,0
17:45:24.640,0.4,0.6,0.4,2.8171,5.63017,-0.0872177,-14.5597,-6.24498,-12.113,0,1.50335,67,51,-3.77487,18.6265,16.6921,-4.22829,17.0922,16.1898,-0.00724506,-4.32268,17.0799,13.875,0.2,-3,0,0.00223607,-0.00223607,0,0,0
17:45:24.740,0.4,0.6,0.4,2.8161,5.62795,-0.0871787,-14.5414,-6.2424,-12.1059,0,1.50474,67,51,-3.77487,18.6265,16.6921,-4.22829,17.0922,16.1898,-0.00724506,-4.32263,17.08,13.876,0.2,-3,0,0.00316228,-0.00316228,0,0,0
17:45:24.840,0.4,0.6,0.4,2.8151,5.62511,-0.0871298,-14.5344,-6.23937,-12.1015,0,1.50474,67,51,-3.77487,18.6265,16.6921,-4.22829,17.0922,16.1898,-0.00724506,-4.3226,17.0799,13.877,0.2,-3,0,0.00316228,-0.00316228,0,0,0
17:45:24.940,0.4,0.6,0.4,2.8161,5.62191,-0.0870031,-14.5265,-6.23439,-12.0954,0,1.50474,67,51,-3.77487,18.6265,16.6921,-4.22829,17.0922,16.1898,-0.00724506,-4.32245,17.08,13.876,0.2,-3,0,0.00316228,-0.00316228,0,0,0
17:45:25.040,0.4,0.6,0.4,2.8161,5.62012,-0.0869571,-14.522,-6.23229,-12.0926,0,1.50474,67,51,-3.77487,18.6265,16.6921,-4.22829,17.0922,16.1898,-0.00724506,-4.32243,17.0799,13.876,0.2,-3,0,0.00316228,-0.00316228,0,0,0
17:45:25.140,0.4,0.6,0.4,2.8161,5.61866,-0.0869093,-14.5185,-6.23011,-12.0899,0,1.50474,67,51,-3.77487,18.6265,16.6921,-4.22829,17.0922,16.1898,-0.00724506,-4.32235,17.08,13.876,0.2,-3,0,0.00316228,-0.00316228,0,0,0
17:45:25.240,0.4,0.6,0.4,2.8161,5.61742,-0.0868812,-14.5154,-6.22883,-12.088,0,1.50474,67,51,-3.77487,18.6265,16.6921,-4.22829,17.0922,16.1898,-0.00724506,-4.32236,17.0798,13.876,0.2,-3,0,0.00316228,-0.00316228,0,0,0
17:45:25.340,0.4,0.6,0.4,2.8161,5.61483,-0.0868028,-14.509,-6.22525,-12.0834,0,1.50474,67,51,-3.77487,18.6265,16.6921,-4.22829,17.0922,16.1898,-0.00724506,-4.32227,17.0799,13.876,0.2,-3,0,0.00316228,-0.00316228,0,0,0
17:45:25.440,0.4,0.6,0.4,2.8161,5.61434,-0.086796,-14.5078,-6.22494,-12.0828,0,1.50474,67,51,-3.77487,18.6265,16.6921,-4.22829,17.0922,16.1898,-0.00724506,-4.3223,17.0797,13.876,0.2,-3,0,0.00316228,-0.00316228,0,0,0
17:45:25.540,0.4,0.6,0.4,2.8171,5.6137,-0.0867422,-14.5062,-6.22329,-12.0811,0,1.50474,67,51,-3.77487,18.6265,16.6921,-4.22829,17.0922,16.1898,-0.00724506,-4.32221,17.0798,13.875,0.2,-3,0,0.00316228,-0.00316228,0,0,0
17:45:25.640,0.4,0.6,0.4,2.8171,5.61487,-0.0867783,-14.5091,-6.22493,-12.0832,0,1.50474,67,51,-3.77487,18.6265,16.6921,-4.22829,17.0922,16.1898,-0.00724506,-4.32226,17.0798,13.875,0.2,-3,0,0.00316228,-0.00316228,0,0,0
17:45:25.740,0.4,0.6,0.4,2.8181,5.61473,-0.0867395,-14.5087,-6.22397,-12.0823,0,1.50474,67,51,-3.77487,18.6265,16.6921,-4.22829,17.0922,16.1898,-0.00724506,-4.32219,17.0799,13.874,0.2,-3,0,0.00316228,-0.00316228,0,0,0
17:45:25.840,0.4,0.6,0.4,2.8171,5.61269,-0.0867147,-14.5166,-6.22204,-12.083,0,1.50335,67,51,-3.77487,18.6265,16.6921,-4.22829,17.0922,16.1898,-0.00724506,-4.32219,17.0798,13.875,0.2,-3,0,0.00223607,-0.00223607,0,0,0
17:45:25.940,0.4,0.6,0.4,2.8161,5.60835,-0.0866151,-14.493,-6.21669,-12.0723,0,1.50474,67,51,-3.77487,18.6265,16.6921,-4.22829,17.0922,16.1898,-0.00724506,-4.32208,17.0798,13.876,0.2,-3,0,0.00316228,-0.00316228,0,0,0
17:45:26.040,0.4,0.6,0.4,2.8151,5.60769,-0.0866297,-14.5042,-6.21656,-12.0753,0,1.50335,67,51,-3.77487,18.6265,16.6921,-4.22829,17.0922,16.1898,-0.00724506,-4.32212,17.0798,13.877,0.2,-3,0,0.00223607,-0.00223607,0,0,0
17:45:26.140,0.4,0.6,0.4,2.8141,5.60697,-0.0866332,-14.4896,-6.21592,-12.0707,0,1.50474,67,51,-3.77487,18.6265,16.6921,-4.22829,17.0922,16.1898,-0.00724506,-4.3221,17.0798,13.878,0.2,-3,0,0.00316228,-0.00316228,0,0,0
17:45:26.240,0.4,0.6,0.4,2.8141,5.6083,-0.086678,-14.5057,-6.21796,-12.0768,0,1.50335,67,51,-3.77487,18.6265,16.6921,-4.22829,17.0922,16.1898,-0.00724506,-4.32217,17.0797,13.878,0.2,-3,0,0.00223607,-0.00223607,0,0,0
17:45:26.340,0.4,0.6,0.4,2.8151,5.60883,-0.0866603,-14.4942,-6.21795,-12.0736,0,1.50474,67,51,-3.77487,18.6265,16.6921,-4.22829,17.0922,16.1898,-0.00724506,-4.32213,17.0798,13.877,0.2,-3,0,0.00316228,-0.00316228,0,0,0
17:45:26.440,0.4,0.6,0.4,2.8141,5.60757,-0.0866541,-14.4911,-6.21687,-12.0719,0,1.50474,67,51,-3.77487,18.6265,16.6921,-4.22829,17.0922,16.1898,-0.00724506,-4.32213,17.0798,13.878,0.2,-3,0,0.00316228,-0.00316228,0,0,0
17:45:26.540,0.4,0.6,0.4,2.8151,5.60594,-0.0865701,-14.4871,-6.21384,-12.0684,0,1.50474,67,51,-3.77487,18.6265,16.6921,-4.22829,17.0922,16.1898,-0.00724506,-4.32201,17.0799,13.877,0.2,-3,0,0.00316228,-0.00316228,0,0,0
17:45:26.640,0.4,0.6,0.4,2.8151,5.6046,-0.0865363,-14.4966,-6.2123,-12.0698,0,1.50335,67,51,-3.77487,18.6265,16.6921,-4.22829,17.0922,16.1898,-0.00724506,-4.322,17.0798,13.877,0.2,-3,0,0.00223607,-0.00223607,0,0,0
17:45:26.740,0.4,0.6,0.4,2.8151,5.60115,-0.0864308,-14.4752,-6.20749,-12.0601,0,1.50474,67,51,-3.77487,18.6265,16.6921,-4.22829,17.0922,16.1898,-0.00724506,-4.32187,17.0799,13.877,0.2,-3,0,0.00316228,-0.00316228,0,0,0
17:45:26.840,0.4,0.6,0.4,2.8141,5.60134,-0.0864643,-14.4757,-6.20821,-12.0608,0,1.50474,67,51,-3.77487,18.6265,16.6921,-4.22829,17.0922,16.1898,-0.00724506,-4.3219,17.0799,13.878,0.2,-3,0,0.00316228,-0.00316228,0,0,0
17:45:26.940,0.4,0.6,0.4,2.8141,5.60097,-0.0864441,-14.4748,-6.20729,-12.0598,0,1.50474,67,51,-3.77487,18.6265,16.6921,-4.22829,17.0922,16.1898,-0.00724506,-4.32183,17.0801,13.878,0.2,-3,0,0.00316228,-0.00316228,0,0,0
17:45:27.040,0.4,0.6,0.4,2.8141,5.6032,-0.0865105,-14.4803,-6.21032,-12.0637,0,1.50474,67,51,-3.77487,18.6265,16.6921,-4.22829,17.0922,16.1898,-0.00724506,-4.32191,17.0801,13.878,0.2,-3,0,0.00316228,-0.00316228,0,0,0
17:45:27.140,0.4,0.6,0.4,2.8141,5.60356,-0.0865142,-14.4812,-6.21049,-12.0641,0,1.50474,67,51,-3.77487,18.6265,16.6921,-4.22829,17.0922,16.1898,-0.00724506,-4.32188,17.0802,13.878,0.2,-3,0,0.00316228,-0.00316228,0,0,0
17:45:27.240,0.4,0.6,0.4,2.8151,5.60443,-0.0865111,-14.4833,-6.21115,-12.0652,0,1.50474,67,51,-3.77487,18.6265,16.6921,-4.22829,17.0922,16.1898,-0.00724506,-4.32188,17.0802,13.877,0.2,-3,0,0.00316228,-0.00316228,0,0,0
17:45:27.340,0.4,0.6,0.4,2.8161,5.6028,-0.0864272,-14.4793,-6.20812,-12.0617,0,1.50474,67,51,-3.77487,18.6265,16.6921,-4.22829,17.0922,16.1898,-0.00724506,-4.32176,17.0803,13.876,0.2,-3,0,0.00316228,-0.00316228,0,0,0
17:45:27.440,0.4,0.6,0.4,2.8161,5.60192,-0.0864028,-14.4771,-6.20701,-12.0603,0,1.50474,67,51,-3.77487,18.6265,16.6921,-4.22829,17.0922,16.1898,-0.00724506,-4.32174,17.0803,13.876,0.2,-3,0,0.00316228,-0.00316228,0,0,0
17:45:27.540,0.4,0.6,0.4,2.8161,5.60105,-0.0863676,-14.4617,-6.2054,-12.0547,0,1.50618,67,51,-3.77487,18.6265,16.6921,-4.22829,17.0922,16.1898,-0.00724506,-4.32165,17.0804,13.876,0.2,-3,0,0.00412311,-0.00412311,0,0,0
17:45:27.640,0.4,0.6,0.4,2.8161,5.6043,-0.0864614,-14.483,-6.20968,-12.064,0,1.50474,67,51,-3.77487,18.6265,16.6921,-4.22829,17.0922,16.1898,-0.00724506,-4.32175,17.0804,13.876,0.2,-3,0,0.00316228,-0.00316228,0,0,0
17:45:27.740,0.4,0.6,0.4,2.8161,5.60598,-0.0865017,-14.4872,-6.21152,-12.0666,0,1.50474,67,51,-3.77487,18.6265,16.6921,-4.22829,17.0922,16.1898,-0.00724506,-4.32175,17.0806,13.876,0.2,-3,0,0.00316228,-0.00316228,0,0,0
17:45:27.840,0.4,0.6,0.4,2.8171,5.60989,-0.0865891,-14.4968,-6.21631,-12.073,0,1.50474,67,51,-3.77487,18.6265,16.6921,-4.22829,17.0922,16.1898,-0.00724506,-4.32185,17.0805,13.875,0.2,-3,0,0.00316228,-0.00316228,0,0,0
17:45:27.940,0.4,0.6,0.4,2.8161,5.61119,-0.0866475,-14.5,-6.21817,-12.0754,0,1.50474,67,51,-3.77487,18.6265,16.6921,-4.22829,17.0922,16.1898,-0.00724506,-4.32187,17.0807,13.876,0.2,-3,0,0.00316228,-0.00316228,0,0,0
17:45:28.040,0.4,0.6,0.4,2.8171,5.61339,-0.0866892,-14.5054,-6.22087,-12.079,0,1.50474,67,51,-3.77487,18.6265,16.6921,-4.22829,17.0922,16.1898,-0.00724506,-4.32195,17.0806,13.875,0.2,-3,0,0.00316228,-0.00316228,0,0,0
17:45:28.140,0.4,0.6,0.4,2.8171,5.61305,-0.0866746,-14.5046,-6.2202,-12.0782,0,1.50474,67,51,-3.77487,18.6265,16.6921,-4.22829,17.0922,16.1898,-0.00724506,-4.32191,17.0806,13.875,0.2,-3,0,0.00316228,-0.00316228,0,0,0
17:45:28.240,0.4,0.6,0.4,2.8171,5.613,-0.0866799,-14.5045,-6.22045,-12.0784,0,1.50474,67,51,-3.77487,18.6265,16.6921,-4.22829,17.0922,16.1898,-0.00724506,-4.32195,17.0805,13.875,0.2,-3,0,0.00316228,-0.00316228,0,0,0
17:45:28.340,0.4,0.6,0.4,2.8171,5.61248,-0.0866593,-14.5032,-6.21951,-12.0773,0,1.50474,67,51,-3.77487,18.6265,16.6921,-4.22829,17.0922,16.1898,-0.00724506,-4.3219,17.0806,13.875,0.2,-3,0,0.00316228,-0.00316228,0,0,0
17:45:28.440,0.4,0.6,0.4,2.8161,5.61405,-0.0867404,-14.5071,-6.22241,-12.0807,0,1.50474,67,51,-3.77487,18.6265,16.6921,-4.22829,17.0922,16.1898,-0.00724506,-4.32201,17.0805,13.876,0.2,-3,0,0.00316228,-0.00316228,0,0,0
17:45:28.540,0.4,0.6,0.4,2.8171,5.61769,-0.0868134,-14.5161,-6.22654,-12.0864,0,1.50474,67,51,-3.77487,18.6265,16.6921,-4.22829,17.0922,16.1898,-0.00724506,-4.32207,17.0806,13.875,0.2,-3,0,0.00316228,-0.00316228,0,0,0
17:45:28.640,0.4,0.6,0.4,2.8171,5.6212,-0.0869217,-14.5376,-6.23148,-12.0963,0,1.50335,67,51,-3.77487,18.6265,16.6921,-4.22829,17.0922,16.1898,-0.00724506,-4.32221,17.0805,13.875,0.2,-3,0,0.00223607,-0.00223607,0,0,0
17:45:28.740,0.4,0.6,0.4,2.8151,5.62221,-0.0870067,-14.5272,-6.23376,-12.0951,0,1.50474,67,51,-3.77487,18.6265,16.6921,-4.22829,17.0922,16.1898,-0.00724506,-4.32229,17.0805,13.877,0.2,-3,0,0.00316228,-0.00316228,0,0,0
17:45:28.840,0.4,0.6,0.4,2.8151,5.62522,-0.0870999,-14.5475,-6.23801,-12.1041,0,1.50335,67,51,-3.77487,18.6265,16.6921,-4.22829,17.0922,16.1898,-0.00724506,-4.32241,17.0804,13.877,0.2,-3,0,0.00223607,-0.00223607,0,0,0
17:45:28.940,0.4,0.6,0.4,2.8141,5.62572,-0.0871424,-14.5359,-6.23915,-12.1018,0,1.50474,67,51,-3.77487,18.6265,16.6921,-4.22829,17.0922,16.1898,-0.00724506,-4.32245,17.0805,13.878,0.2,-3,0,0.00316228,-0.00316228,0,0,0
17:45:29.040,0.4,0.6,0.4,2.8131,5.62631,-0.0871934,-14.5502,-6.24067,-12.107,0,1.50335,67,51,-3.77487,18.6265,16.6921,-4.22829,17.0922,16.1898,-0.00724506,-4.32252,17.0804,13.879,0.2,-3,0,0.00223607,-0.00223607,0,0,0
17:45:29.140,0.4,0.6,0.4,2.8121,5.62536,-0.087188,-14.535,-6.23963,-12.1019,0,1.50474,67,51,-3.77487,18.6265,16.6921,-4.22829,17.0922,16.1898,-0.00724506,-4.32248,17.0805,13.88,0.2,-3,0,0.00316228,-0.00316228,0,0,0
17:45:29.240,0.4,0.6,0.4,2.8121,5.62429,-0.0871577,-14.5323,-6.23824,-12.1001,0,1.50474,67,51,-3.77487,18.6265,16.6921,-4.22829,17.0922,16.1898,-0.00724506,-4.32246,17.0805,13.88,0.2,-3,0,0.00316228,-0.00316228,0,0,0
17:45:29.340,0.4,0.6,0.4,2.8121,5.62198,-0.0870828,-14.5266,-6.23483,-12.0958,0,1.50474,67,51,-3.77487,18.6265,16.6921,-4.22829,17.0922,16.1898,-0.00724506,-4.32234,17.0806,13.88,0.2,-3,0,0.00316228,-0.00316228,0,0,0
17:45:29.440,0.4,0.6,0.4,2.8111,5.62021,-0.0870643,-14.5223,-6.23318,-12.0933,0,1.50474,67,51,-3.77487,18.6265,16.6921,-4.22829,17.0922,16.1898,-0.00724506,-4.32234,17.0805,13.881,0.2,-3,0,0.00316228,-0.00316228,0,0,0
17:45:29.540,0.4,0.6,0.4,2.8111,5.61937,-0.0870346,-14.5202,-6.23183,-12.0917,0,1.50474,67,51,-3.77487,18.6265,16.6921,-4.22829,17.0922,16.1898,-0.00724506,-4.32229,17.0806,13.881,0.2,-3,0,0.00316228,-0.00316228,0,0,0
17:45:29.640,0.4,0.6,0.4,2.8111,5.62236,-0.0871222,-14.5276,-6.23583,-12.0969,0,1.50474,67,51,-3.77487,18.6265,16.6921,-4.22829,17.0922,16.1898,-0.00724506,-4.32238,17.0806,13.881,0.2,-3,0,0.00316228,-0.00316228,0,0,0
17:45:29.740,0.4,0.6,0.4,2.8121,5.62558,-0.0871804,-14.5355,-6.23928,-12.1018,0,1.50474,67,51,-3.77487,18.6265,16.6921,-4.22829,17.0922,16.1898,-0.00724506,-4.32241,17.0807,13.88,0.2,-3,0,0.00316228,-0.00316228,0,0,0
17:45:29.840,0.4,0.6,0.4,2.8121,5.63049,-0.0873255,-14.5476,-6.24589,-12.1103,0,1.50474,67,51,-3.77487,18.6265,16.6921,-4.22829,17.0922,16.1898,-0.00724506,-4.32257,17.0807,13.88,0.2,-3,0,0.00316228,-0.00316228,0,0,0
17:45:29.940,0.4,0.6,0.4,2.8121,5.63435,-0.0874292,-14.5571,-6.25063,-12.1167,0,1.50474,67,51,-3.77487,18.6265,16.6921,-4.22829,17.0922,16.1898,-0.00724506,-4.32264,17.0808,13.88,0.2,-3,0,0.00316228,-0.00316228,0,0,0
17:45:30.040,0.4,0.6,0.4,2.8121,5.63801,-0.087538,-14.5662,-6.25559,-12.1231,0,1.50474,67,51,-3.77487,18.6265,16.6921,-4.22829,17.0922,16.1898,-0.00724506,-4.32276,17.0808,13.88,0.2,-3,0,0.00316228,-0.00316228,0,0,0
17:45:30.140,0.4,0.6,0.4,2.8131,5.64217,-0.0876234,-14.5764,-6.26028,-12.1296,0,1.50474,67,51,-3.77487,18.6265,16.6921,-4.22829,17.0922,16.1898,-0.00724506,-4.32282,17.0809,13.879,0.2,-3,0,0.00316228,-0.00316228,0,0,0
17:45:30.240,0.4,0.6,0.4,2.8131,5.64705,-0.0877711,-14.5885,-6.26702,-12.1382,0,1.50474,67,51,-3.77487,18.6265,16.6921,-4.22829,17.0922,16.1898,-0.00724506,-4.32299,17.0808,13.879,0.2,-3,0,0.00316228,-0.00316228,0,0,0
17:45:30.340,0.4,0.6,0.4,2.8131,5.65146,-0.0878928,-14.5993,-6.27257,-12.1456,0,1.50474,67,51,-3.77487,18.6265,16.6921,-4.22829,17.0922,16.1898,-0.00724506,-4.32309,17.0809,13.879,0.2,-3,0,0.00316228,-0.00316228,0,0,0
17:45:30.440,0.4,0.6,0.4,2.8131,5.65385,-0.0879679,-14.6052,-6.276,-12.1499,0,1.50474,67,51,-3.77487,18.6265,16.6921,-4.22829,17.0922,16.1898,-0.00724506,-4.32319,17.0809,13.879,0.2,-3,0,0.00316228,-0.00316228,0,0,0
17:45:30.540,0.4,0.6,0.4,2.8121,5.65437,-0.0880077,-14.6065,-6.27701,-12.1511,0,1.50474,67,51,-3.77487,18.6265,16.6921,-4.22829,17.0922,16.1898,-0.00724506,-4.32321,17.0809,13.88,0.2,-3,0,0.00316228,-0.00316228,0,0,0
17:45:30.640,0.4,0.6,0.4,2.8131,5.65444,-0.0879887,-14.6067,-6.27695,-12.1511,0,1.50474,67,51,-3.77487,18.6265,16.6921,-4.22829,17.0922,16.1898,-0.00724506,-4.32323,17.0808,13.879,0.2,-3,0,0.00316228,-0.00316228,0,0,0
17:45:30.740,0.4,0.6,0.4,2.8131,5.65255,-0.0879287,-14.602,-6.27421,-12.1476,0,1.50474,67,51,-3.77487,18.6265,16.6921,-4.22829,17.0922,16.1898,-0.00724506,-4.32315,17.0809,13.879,0.2,-3,0,0.00316228,-0.00316228,0,0,0
17:45:30.840,0.4,0.6,0.4,2.8121,5.64901,-0.0878614,-14.5933,-6.27034,-12.1422,0,1.50474,67,51,-3.77487,18.6265,16.6921,-4.22829,17.0922,16.1898,-0.00724506,-4.32311,17.0808,13.88,0.2,-3,0,0.00316228,-0.00316228,0,0,0
17:45:30.940,0.4,0.6,0.4,2.8131,5.64656,-0.087756,-14.5872,-6.26633,-12.1374,0,1.50474,67,51,-3.77487,18.6265,16.6921,-4.22829,17.0922,16.1898,-0.00724506,-4.32298,17.0808,13.879,0.2,-3,0,0.00316228,-0.00316228,0,0,0
17:45:31.040,0.4,0.6,0.4,2.8121,5.64229,-0.0876648,-14.5767,-6.26137,-12.1306,0,1.50474,67,51,-3.77487,18.6265,16.6921,-4.22829,17.0922,16.1898,-0.00724506,-4.3229,17.0808,13.88,0.2,-3,0,0.00316228,-0.00316228,0,0,0
17:45:31.140,0.4,0.6,0.4,2.8131,5.63991,-0.0875596,-14.5709,-6.25738,-12.1258,0,1.50474,67,51,-3.77487,18.6265,16.6921,-4.22829,17.0922,16.1898,-0.00724506,-4.32276,17.0809,13.879,0.2,-3,0,0.00316228,-0.00316228,0,0,0
17:45:31.240,0.4,0.6,0.4,2.8131,5.63636,-0.0874649,-14.5621,-6.25306,-12.12,0,1.50474,67,51,-3.77487,18.6265,16.6921,-4.22829,17.0922,16.1898,-0.00724506,-4.3227,17.0807,13.879,0.2,-3,0,0.00316228,-0.00316228,0,0,0
17:45:31.340,0.4,0.6,0.4,2.8131,5.63286,-0.0873566,-14.5401,-6.24812,-12.11,0,1.50618,67,51,-3.77487,18.6265,16.6921,-4.22829,17.0922,16.1898,-0.00724506,-4.32256,17.0808,13.879,0.2,-3,0,0.00412311,-0.00412311,0,0,0
17:45:31.440,0.4,0.6,0.4,2.8141,5.6321,-0.0873079,-14.5516,-6.2467,-12.1121,0,1.50474,67,51,-3.77487,18.6265,16.6921,-4.22829,17.0922,16.1898,-0.00724506,-4.32252,17.0808,13.878,0.2,-3,0,0.00316228,-0.00316228,0,0,0
17:45:31.540,0.4,0.6,0.4,2.8151,5.63078,-0.0872331,-14.535,-6.24408,-12.1054,0,1.50618,67,51,-3.77487,18.6265,16.6921,-4.22829,17.0922,16.1898,-0.00724506,-4.32241,17.0809,13.877,0.2,-3,0,0.00412311,-0.00412311,0,0,0
17:45:31.640,0.4,0.6,0.4,2.8151,5.6299,-0.0872087,-14.5328,-6.24297,-12.1039,0,1.50618,67,51,-3.77487,18.6265,16.6921,-4.22829,17.0922,16.1898,-0.00724506,-4.32239,17.0809,13.877,0.2,-3,0,0.00412311,-0.00412311,0,0,0
17:45:31.740,0.4,0.6,0.4,2.8141,5.62685,-0.08714,-14.5253,-6.23904,-12.0987,0,1.50618,67,51,-3.77487,18.6265,16.6921,-4.22829,17.0922,16.1898,-0.00724506,-4.32228,17.081,13.878,0.2,-3,0,0.00412311,-0.00412311,0,0,0
17:45:31.840,0.4,0.6,0.4,2.8151,5.62562,-0.0870818,-14.5356,-6.23718,-12.1002,0,1.50474,67,51,-3.77487,18.6265,16.6921,-4.22829,17.0922,16.1898,-0.00724506,-4.32225,17.0809,13.877,0.2,-3,0,0.00316228,-0.00316228,0,0,0
17:45:31.940,0.4,0.6,0.4,2.8161,5.62452,-0.0870185,-14.5329,-6.23509,-12.0978,0,1.50474,67,51,-3.77487,18.6265,16.6921,-4.22829,17.0922,16.1898,-0.00724506,-4.32217,17.081,13.876,0.2,-3,0,0.00316228,-0.00316228,0,0,0
17:45:32.040,0.4,0.6,0.4,2.8181,5.6267,-0.0870327,-14.5511,-6.23734,-12.1047,0,1.50335,67,51,-3.77487,18.6265,16.6921,-4.22829,17.0922,16.1898,-0.00724506,-4.32223,17.0808,13.874,0.2,-3,0,0.00223607,-0.00223607,0,0,0
17:45:32.140,0.4,0.6,0.4,2.8181,5.62499,-0.0869787,-14.5341,-6.23488,-12.0979,0,1.50474,67,51,-3.77487,18.6265,16.6921,-4.22829,17.0922,16.1898,-0.00724506,-4.32215,17.0809,13.874,0.2,-3,0,0.00316228,-0.00316228,0,0,0
17:45:32.240,0.4,0.6,0.4,2.8181,5.62434,-0.0869632,-14.5325,-6.23417,-12.0969,0,1.50474,67,51,-3.77487,18.6265,16.6921,-4.22829,17.0922,16.1898,-0.00724506,-4.32215,17.0808,13.874,0.2,-3,0,0.00316228,-0.00316228,0,0,0
17:45:32.340,0.4,0.6,0.4,2.8181,5.62268,-0.086912,-14.5284,-6.23184,-12.094,0,1.50474,67,51,-3.77487,18.6265,16.6921,-4.22829,17.0922,16.1898,-0.00724506,-4.32209,17.0809,13.874,0.2,-3,0,0.00316228,-0.00316228,0,0,0
17:45:32.440,0.4,0.6,0.4,2.8181,5.62108,-0.0868803,-14.5373,-6.23039,-12.0953,0,1.50335,67,51,-3.77487,18.6265,16.6921,-4.22829,17.0922,16.1898,-0.00724506,-4.32212,17.0806,13.874,0.2,-3,0,0.00223607,-0.00223607,0,0,0
17:45:32.540,0.4,0.6,0.4,2.8191,5.62045,-0.0868347,-14.5228,-6.22911,-12.0903,0,1.50474,67,51,-3.77487,18.6265,16.6921,-4.22829,17.0922,16.1898,-0.00724506,-4.32209,17.0806,13.873,0.2,-3,0,0.00316228,-0.00316228,0,0,0
17:45:32.640,0.4,0.6,0.4,2.8201,5.61922,-0.0867765,-14.5198,-6.22725,-12.088,0,1.50474,67,51,-3.77487,18.6265,16.6921,-4.22829,17.0922,16.1898,-0.00724506,-4.32206,17.0805,13.872,0.2,-3,0,0.00316228,-0.00316228,0,0,0
17:45:32.740,0.4,0.6,0.4,2.8201,5.6152,-0.0866558,-14.5099,-6.22175,-12.0809,0,1.50474,67,51,-3.77487,18.6265,16.6921,-4.22829,17.0922,16.1898,-0.00724506,-4.32192,17.0805,13.872,0.2,-3,0,0.00316228,-0.00316228,0,0,0
17:45:32.840,0.4,0.6,0.4,2.8191,5.61446,-0.0866702,-14.5081,-6.22161,-12.0803,0,1.50474,67,51,-3.77487,18.6265,16.6921,-4.22829,17.0922,16.1898,-0.00724506,-4.32196,17.0804,13.873,0.2,-3,0,0.00316228,-0.00316228,0,0,0
17:45:32.940,0.4,0.6,0.4,2.8191,5.61381,-0.0866465,-14.5065,-6.22052,-12.079,0,1.50474,67,51,-3.77487,18.6265,16.6921,-4.22829,17.0922,16.1898,-0.00724506,-4.32192,17.0805,13.873,0.2,-3,0,0.00316228,-0.00316228,0,0,0
17:45:33.040,0.4,0.6,0.4,2.8181,5.61369,-0.0866791,-14.5062,-6.22121,-12.0795,0,1.50474,67,51,-3.77487,18.6265,16.6921,-4.22829,17.0922,16.1898,-0.00724506,-4.32198,17.0804,13.874,0.2,-3,0,0.00316228,-0.00316228,0,0,0
17:45:33.140,0.4,0.6,0.4,2.8201,5.61675,-0.0867012,-14.5004,-6.22382,-12.0799,0,1.50618,67,51,-3.77487,18.6265,16.6921,-4.22829,17.0922,16.1898,-0.00724506,-4.32196,17.0805,13.872,0.2,-3,0,0.00412311,-0.00412311,0,0,0
17:45:33.240,0.4,0.6,0.4,2.8191,5.61466,-0.0866735,-14.5086,-6.22176,-12.0806,0,1.50474,67,51,-3.77487,18.6265,16.6921,-4.22829,17.0922,16.1898,-0.00724506,-4.32195,17.0805,13.873,0.2,-3,0,0.00316228,-0.00316228,0,0,0
17:45:33.340,0.4,0.6,0.4,2.8191,5.61178,-0.0865834,-14.5015,-6.21764,-12.0754,0,1.50474,67,51,-3.77487,18.6265,16.6921,-4.22829,17.0922,16.1898,-0.00724506,-4.32183,17.0806,13.873,0.2,-3,0,0.00316228,-0.00316228,0,0,0
17:45:33.440,0.4,0.6,0.4,2.8181,5.61097,-0.0865976,-14.4995,-6.21749,-12.0747,0,1.50474,67,51,-3.77487,18.6265,16.6921,-4.22829,17.0922,16.1898,-0.00724506,-4.32189,17.0804,13.874,0.2,-3,0,0.00316228,-0.00316228,0,0,0
17:45:33.540,0.4,0.6,0.4,2.8181,5.61058,-0.0865801,-14.4852,-6.21669,-12.0701,0,1.50618,67,51,-3.77487,18.6265,16.6921,-4.22829,17.0922,16.1898,-0.00724506,-4.32184,17.0805,13.874,0.2,-3,0,0.00412311,-0.00412311,0,0,0
17:45:33.640,0.4,0.6,0.4,2.8181,5.61255,-0.0866403,-14.4901,-6.21944,-12.0736,0,1.50618,67,51,-3.77487,18.6265,16.6921,-4.22829,17.0922,16.1898,-0.00724506,-4.32192,17.0805,13.874,0.2,-3,0,0.00412311,-0.00412311,0,0,0
17:45:33.740,0.4,0.6,0.4,2.8181,5.61436,-0.0866836,-14.4945,-6.22142,-12.0764,0,1.50618,67,51,-3.77487,18.6265,16.6921,-4.22829,17.0922,16.1898,-0.00724506,-4.32192,17.0806,13.874,0.2,-3,0,0.00412311,-0.00412311,0,0,0
17:45:33.840,0.4,0.6,0.4,2.8181,5.6167,-0.0867641,-14.5136,-6.22509,-12.0846,0,1.50474,67,51,-3.77487,18.6265,16.6921,-4.22829,17.0922,16.1898,-0.00724506,-4.32206,17.0804,13.874,0.2,-3,0,0.00316228,-0.00316228,0,0,0
17:45:33.940,0.4,0.6,0.4,2.8181,5.61945,-0.0868429,-14.5204,-6.22868,-12.0893,0,1.50474,67,51,-3.77487,18.6265,16.6921,-4.22829,17.0922,16.1898,-0.00724506,-4.32213,17.0805,13.874,0.2,-3,0,0.00316228,-0.00316228,0,0,0
17:45:34.040,0.4,0.6,0.4,2.8171,5.61975,-0.0868903,-14.5211,-6.23005,-12.0906,0,1.50474,67,51,-3.77487,18.6265,16.6921,-4.22829,17.0922,16.1898,-0.00724506,-4.32223,17.0803,13.875,0.2,-3,0,0.00316228,-0.00316228,0,0,0
17:45:34.140,0.4,0.6,0.4,2.8171,5.62066,-0.086912,-14.5101,-6.23103,-12.0882,0,1.50618,67,51,-3.77487,18.6265,16.6921,-4.22829,17.0922,16.1898,-0.00724506,-4.32223,17.0804,13.875,0.2,-3,0,0.00412311,-0.00412311,0,0,0
17:45:34.240,0.4,0.6,0.4,2.8171,5.62121,-0.0869382,-14.5247,-6.23223,-12.0933,0,1.50474,67,51,-3.77487,18.6265,16.6921,-4.22829,17.0922,16.1898,-0.00724506,-4.3223,17.0802,13.875,0.2,-3,0,0.00316228,-0.00316228,0,0,0
17:45:34.340,0.4,0.6,0.4,2.8161,5.62153,-0.0869747,-14.5122,-6.23309,-12.0904,0,1.50618,67,51,-3.77487,18.6265,16.6921,-4.22829,17.0922,16.1898,-0.00724506,-4.32233,17.0803,13.876,0.2,-3,0,0.00412311,-0.00412311,0,0,0
17:45:34.440,0.4,0.6,0.4,2.8161,5.62564,-0.0871038,-14.5356,-6.23899,-12.1016,0,1.50474,67,51,-3.77487,18.6265,16.6921,-4.22829,17.0922,16.1898,-0.00724506,-4.32251,17.0801,13.876,0.2,-3,0,0.00316228,-0.00316228,0,0,0
17:45:34.540,0.4,0.6,0.4,2.8161,5.63015,-0.0872313,-14.5334,-6.2448,-12.1055,0,1.50618,67,51,-3.77487,18.6265,16.6921,-4.22829,17.0922,16.1898,-0.00724506,-4.32263,17.0802,13.876,0.2,-3,0,0.00412311,-0.00412311,0,0,0
17:45:34.640,0.4,0.6,0.4,2.8161,5.63731,-0.0874483,-14.5644,-6.2547,-12.1219,0,1.50474,67,51,-3.77487,18.6265,16.6921,-4.22829,17.0922,16.1898,-0.00724506,-4.32289,17.08,13.876,0.2,-3,0,0.00316228,-0.00316228,0,0,0
17:45:34.740,0.4,0.6,0.4,2.8151,5.6423,-0.087621,-14.5767,-6.26178,-12.1309,0,1.50474,67,51,-3.77487,18.6265,16.6921,-4.22829,17.0922,16.1898,-0.00724506,-4.32306,17.0801,13.877,0.2,-3,0,0.00316228,-0.00316228,0,0,0
17:45:34.840,0.4,0.6,0.4,2.8151,5.64896,-0.087823,-14.6061,-6.27099,-12.1463,0,1.50335,67,51,-3.77487,18.6265,16.6921,-4.22829,17.0922,16.1898,-0.00724506,-4.32331,17.0799,13.877,0.2,-3,0,0.00223607,-0.00223607,0,0,0
17:45:34.940,0.4,0.6,0.4,2.8141,5.65361,-0.087981,-14.6046,-6.2774,-12.1509,0,1.50474,67,51,-3.77487,18.6265,16.6921,-4.22829,17.0922,16.1898,-0.00724506,-4.32344,17.0801,13.878,0.2,-3,0,0.00316228,-0.00316228,0,0,0
17:45:35.040,0.4,0.6,0.4,2.8141,5.65908,-0.0881413,-14.6181,-6.28471,-12.1603,0,1.50474,67,51,-3.77487,18.6265,16.6921,-4.22829,17.0922,16.1898,-0.00724506,-4.32361,17.08,13.878,0.2,-3,0,0.00316228,-0.00316228,0,0,0
17:45:35.140,0.4,0.6,0.4,2.8151,5.66462,-0.0882661,-14.6318,-6.2912,-12.1692,0,1.50474,67,51,-3.77487,18.6265,16.6921,-4.22829,17.0922,16.1898,-0.00724506,-4.3237,17.0802,13.877,0.2,-3,0,0.00316228,-0.00316228,0,0,0
17:45:35.240,0.4,0.6,0.4,2.8151,5.6703,-0.088438,-14.6457,-6.29904,-12.1793,0,1.50474,67,51,-3.77487,18.6265,16.6921,-4.22829,17.0922,16.1898,-0.00724506,-4.32391,17.0801,13.877,0.2,-3,0,0.00316228,-0.00316228,0,0,0
17:45:35.340,0.4,0.6,0.4,2.8151,5.67582,-0.0885929,-14.6593,-6.30611,-12.1886,0,1.50474,67,51,-3.77487,18.6265,16.6921,-4.22829,17.0922,16.1898,-0.00724506,-4.32404,17.0802,13.877,0.2,-3,0,0.00316228,-0.00316228,0,0,0
17:45:35.440,0.4,0.6,0.4,2.8141,5.67891,-0.0887138,-14.667,-6.31082,-12.1944,0,1.50474,67,51,-3.77487,18.6265,16.6921,-4.22829,17.0922,16.1898,-0.00724506,-4.32418,17.0801,13.878,0.2,-3,0,0.00316228,-0.00316228,0,0,0
17:45:35.540,0.4,0.6,0.4,2.8151,5.68284,-0.0887904,-14.6766,-6.31511,-12.2004,0,1.50474,67,51,-3.77487,18.6265,16.6921,-4.22829,17.0922,16.1898,-0.00724506,-4.32421,17.0803,13.877,0.2,-3,0,0.00316228,-0.00316228,0,0,0
17:45:35.640,0.4,0.6,0.4,2.8141,5.68236,-0.088811,-14.6884,-6.31525,-12.2039,0,1.50335,67,51,-3.77487,18.6265,16.6921,-4.22829,17.0922,16.1898,-0.00724506,-4.32426,17.0802,13.878,0.2,-3,0,0.00223607,-0.00223607,0,0,0
17:45:35.740,0.4,0.6,0.4,2.8151,5.68403,-0.0888238,-14.6796,-6.31663,-12.2025,0,1.50474,67,51,-3.77487,18.6265,16.6921,-4.22829,17.0922,16.1898,-0.00724506,-4.32424,17.0803,13.877,0.2,-3,0,0.00316228,-0.00316228,0,0,0
17:45:35.840,0.4,0.6,0.4,2.8151,5.68154,-0.0887512,-14.6735,-6.31332,-12.1982,0,1.50474,67,51,-3.77487,18.6265,16.6921,-4.22829,17.0922,16.1898,-0.00724506,-4.32417,17.0803,13.877,0.2,-3,0,0.00316228,-0.00316228,0,0,0
17:45:35.940,0.4,0.6,0.4,2.8151,5.67869,-0.0886584,-14.6664,-6.30909,-12.1929,0,1.50474,67,51,-3.77487,18.6265,16.6921,-4.22829,17.0922,16.1898,-0.00724506,-4.32403,17.0805,13.877,0.2,-3,0,0.00316228,-0.00316228,0,0,0
17:45:36.040,0.4,0.6,0.4,2.8151,5.67574,-0.0885762,-14.6591,-6.30534,-12.1879,0,1.50474,67,51,-3.77487,18.6265,16.6921,-4.22829,17.0922,16.1898,-0.00724506,-4.32396,17.0804,13.877,0.2,-3,0,0.00316228,-0.00316228,0,0,0
17:45:36.140,0.4,0.6,0.4,2.8151,5.67356,-0.0885045,-14.6538,-6.30207,-12.1839,0,1.50474,67,51,-3.77487,18.6265,16.6921,-4.22829,17.0922,16.1898,-0.00724506,-4.32385,17.0805,13.877,0.2,-3,0,0.00316228,-0.00316228,0,0,0
17:45:36.240,0.4,0.6,0.4,2.8141,5.67023,-0.0884405,-14.6456,-6.29835,-12.1787,0,1.50474,67,51,-3.77487,18.6265,16.6921,-4.22829,17.0922,16.1898,-0.00724506,-4.3238,17.0805,13.878,0.2,-3,0,0.00316228,-0.00316228,0,0,0
17:45:36.340,0.4,0.6,0.4,2.8131,5.6671,-0.0883716,-14.6379,-6.29441,-12.1734,0,1.50474,67,51,-3.77487,18.6265,16.6921,-4.22829,17.0922,16.1898,-0.00724506,-4.32369,17.0806,13.879,0.2,-3,0,0.00316228,-0.00316228,0,0,0
17:45:36.440,0.4,0.6,0.4,2.8131,5.66549,-0.0883316,-14.6339,-6.29259,-12.1709,0,1.50474,67,51,-3.77487,18.6265,16.6921,-4.22829,17.0922,16.1898,-0.00724506,-4.32368,17.0805,13.879,0.2,-3,0,0.00316228,-0.00316228,0,0,0
17:45:36.540,0.4,0.6,0.4,2.8151,5.66796,-0.0883411,-14.64,-6.29462,-12.1742,0,1.50474,67,51,-3.77487,18.6265,16.6921,-4.22829,17.0922,16.1898,-0.00724506,-4.32368,17.0805,13.877,0.2,-3,0,0.00316228,-0.00316228,0,0,0
17:45:36.640,0.4,0.6,0.4,2.8141,5.66431,-0.088268,-14.631,-6.29049,-12.1685,0,1.50474,67,51,-3.77487,18.6265,16.6921,-4.22829,17.0922,16.1898,-0.00724506,-4.32362,17.0805,13.878,0.2,-3,0,0.00316228,-0.00316228,0,0,0
17:45:36.740,0.4,0.6,0.4,2.8141,5.66164,-0.0881812,-14.611,-6.28653,-12.1598,0,1.50618,67,51,-3.77487,18.6265,16.6921,-4.22829,17.0922,16.1898,-0.00724506,-4.32349,17.0806,13.878,0.2,-3,0,0.00412311,-0.00412311,0,0,0
17:45:36.840,0.4,0.6,0.4,2.8141,5.65928,-0.0881199,-14.6186,-6.28373,-12.1597,0,1.50474,67,51,-3.77487,18.6265,16.6921,-4.22829,17.0922,16.1898,-0.00724506,-4.32346,17.0805,13.878,0.2,-3,0,0.00316228,-0.00316228,0,0,0
17:45:36.940,0.4,0.6,0.4,2.8141,5.65721,-0.0880539,-14.6001,-6.28072,-12.1522,0,1.50618,67,51,-3.77487,18.6265,16.6921,-4.22829,17.0922,16.1898,-0.00724506,-4.32336,17.0806,13.878,0.2,-3,0,0.00412311,-0.00412311,0,0,0
17:45:37.040,0.4,0.6,0.4,2.8141,5.65705,-0.0880535,-14.6131,-6.2807,-12.1558,0,1.50474,67,51,-3.77487,18.6265,16.6921,-4.22829,17.0922,16.1898,-0.00724506,-4.32338,17.0805,13.878,0.2,-3,0,0.00316228,-0.00316228,0,0,0
17:45:37.140,0.4,0.6,0.4,2.8141,5.65817,-0.0880784,-14.6025,-6.28184,-12.1537,0,1.50618,67,51,-3.77487,18.6265,16.6921,-4.22829,17.0922,16.1898,-0.00724506,-4.32337,17.0806,13.878,0.2,-3,0,0.00412311,-0.00412311,0,0,0
17:45:37.240,0.4,0.6,0.4,2.8141,5.65677,-0.0880417,-14.599,-6.28017,-12.1515,0,1.50618,67,51,-3.77487,18.6265,16.6921,-4.22829,17.0922,16.1898,-0.00724506,-4.32335,17.0806,13.878,0.2,-3,0,0.00412311,-0.00412311,0,0,0
17:45:37.340,0.4,0.6,0.4,2.8131,5.65527,-0.0880184,-14.5953,-6.2783,-12.149,0,1.50618,67,51,-3.77487,18.6265,16.6921,-4.22829,17.0922,16.1898,-0.00724506,-4.32329,17.0807,13.879,0.2,-3,0,0.00412311,-0.00412311,0,0,0
17:45:37.440,0.4,0.6,0.4,2.8141,5.65529,-0.0879965,-14.6088,-6.2781,-12.1526,0,1.50474,67,51,-3.77487,18.6265,16.6921,-4.22829,17.0922,16.1898,-0.00724506,-4.3233,17.0806,13.878,0.2,-3,0,0.00316228,-0.00316228,0,0,0
17:45:37.540,0.4,0.6,0.4,2.8131,5.65227,-0.0879334,-14.5879,-6.27443,-12.1439,0,1.50618,67,51,-3.77487,18.6265,16.6921,-4.22829,17.0922,16.1898,-0.00724506,-4.32321,17.0807,13.879,0.2,-3,0,0.00412311,-0.00412311,0,0,0
17:45:37.640,0.4,0.6,0.4,2.8131,5.65263,-0.0879536,-14.6022,-6.27535,-12.1486,0,1.50474,67,51,-3.77487,18.6265,16.6921,-4.22829,17.0922,16.1898,-0.00724506,-4.32328,17.0805,13.879,0.2,-3,0,0.00316228,-0.00316228,0,0,0
17:45:37.740,0.4,0.6,0.4,2.8131,5.65289,-0.0879598,-14.6029,-6.27563,-12.149,0,1.50474,67,51,-3.77487,18.6265,16.6921,-4.22829,17.0922,16.1898,-0.00724506,-4.32328,17.0805,13.879,0.2,-3,0,0.00316228,-0.00316228,0,0,0
17:45:37.840,0.4,0.6,0.4,2.8131,5.65497,-0.0880258,-14.608,-6.27864,-12.1528,0,1.50474,67,51,-3.77487,18.6265,16.6921,-4.22829,17.0922,16.1898,-0.00724506,-4.32337,17.0804,13.879,0.2,-3,0,0.00316228,-0.00316228,0,0,0
17:45:37.940,0.4,0.6,0.4,2.8131,5.65751,-0.0880931,-14.6142,-6.28171,-12.1569,0,1.50474,67,51,-3.77487,18.6265,16.6921,-4.22829,17.0922,16.1898,-0.00724506,-4.32341,17.0806,13.879,0.2,-3,0,0.00316228,-0.00316228,0,0,0
17:45:38.040,0.4,0.6,0.4,2.8131,5.65862,-0.0881345,-14.617,-6.2836,-12.1592,0,1.50474,67,51,-3.77487,18.6265,16.6921,-4.22829,17.0922,16.1898,-0.00724506,-4.3235,17.0804,13.879,0.2,-3,0,0.00316228,-0.00316228,0,0,0
17:45:38.140,0.4,0.6,0.4,2.8131,5.65994,-0.0881711,-14.6202,-6.28526,-12.1614,0,1.50474,67,51,-3.77487,18.6265,16.6921,-4.22829,17.0922,16.1898,-0.00724506,-4.32352,17.0804,13.879,0.2,-3,0,0.00316228,-0.00316228,0,0,0
17:45:38.240,0.4,0.6,0.4,2.8121,5.65814,-0.0881552,-14.6158,-6.28374,-12.1589,0,1.50474,67,51,-3.77487,18.6265,16.6921,-4.22829,17.0922,16.1898,-0.00724506,-4.32354,17.0803,13.88,0.2,-3,0,0.00316228,-0.00316228,0,0,0
17:45:38.340,0.4,0.6,0.4,2.8131,5.65676,-0.0880801,-14.599,-6.28112,-12.1522,0,1.50618,67,51,-3.77487,18.6265,16.6921,-4.22829,17.0922,16.1898,-0.00724506,-4.32344,17.0804,13.879,0.2,-3,0,0.00412311,-0.00412311,0,0,0
17:45:38.440,0.4,0.6,0.4,2.8121,5.65555,-0.0880768,-14.6094,-6.28016,-12.1544,0,1.50474,67,51,-3.77487,18.6265,16.6921,-4.22829,17.0922,16.1898,-0.00724506,-4.32345,17.0804,13.88,0.2,-3,0,0.00316228,-0.00316228,0,0,0
17:45:38.540,0.4,0.6,0.4,2.8121,5.65428,-0.0880349,-14.6063,-6.27825,-12.152,0,1.50474,67,51,-3.77487,18.6265,16.6921,-4.22829,17.0922,16.1898,-0.00724506,-4.32338,17.0804,13.88,0.2,-3,0,0.00316228,-0.00316228,0,0,0
17:45:38.640,0.4,0.6,0.4,2.8121,5.65565,-0.0880825,-14.6097,-6.28043,-12.1546,0,1.50474,67,51,-3.77487,18.6265,16.6921,-4.22829,17.0922,16.1898,-0.00724506,-4.32347,17.0803,13.88,0.2,-3,0,0.00316228,-0.00316228,0,0,0
17:45:38.740,0.4,0.6,0.4,2.8121,5.65832,-0.0881529,-14.6028,-6.28364,-12.1552,0,1.50618,67,51,-3.77487,18.6265,16.6921,-4.22829,17.0922,16.1898,-0.00724506,-4.32351,17.0804,13.88,0.2,-3,0,0.00412311,-0.00412311,0,0,0
17:45:38.840,0.4,0.6,0.4,2.8101,5.65933,-0.0882462,-14.6187,-6.28629,-12.1618,0,1.50474,67,51,-3.77487,18.6265,16.6921,-4.22829,17.0922,16.1898,-0.00724506,-4.32363,17.0804,13.882,0.2,-3,0,0.00316228,-0.00316228,0,0,0
17:45:38.940,0.4,0.6,0.4,2.8111,5.66266,-0.0883101,-14.6269,-6.29001,-12.167,0,1.50474,67,51,-3.77487,18.6265,16.6921,-4.22829,17.0922,16.1898,-0.00724506,-4.32368,17.0804,13.881,0.2,-3,0,0.00316228,-0.00316228,0,0,0
17:45:39.040,0.4,0.6,0.4,2.8101,5.6634,-0.0883697,-14.6288,-6.29193,-12.169,0,1.50474,67,51,-3.77487,18.6265,16.6921,-4.22829,17.0922,16.1898,-0.00724506,-4.32378,17.0803,13.882,0.2,-3,0,0.00316228,-0.00316228,0,0,0
17:45:39.140,0.4,0.6,0.4,2.8111,5.66479,-0.088379,-14.6322,-6.29315,-12.1709,0,1.50474,67,51,-3.77487,18.6265,16.6921,-4.22829,17.0922,16.1898,-0.00724506,-4.32378,17.0803,13.881,0.2,-3,0,0.00316228,-0.00316228,0,0,0
17:45:39.240,0.4,0.6,0.4,2.8101,5.66524,-0.0884269,-14.6333,-6.29453,-12.1723,0,1.50474,67,51,-3.77487,18.6265,16.6921,-4.22829,17.0922,16.1898,-0.00724506,-4.32385,17.0802,13.882,0.2,-3,0,0.00316228,-0.00316228,0,0,0
17:45:39.340,0.4,0.6,0.4,2.8091,5.66645,-0.0884877,-14.6363,-6.29651,-12.1746,0,1.50474,67,51,-3.77487,18.6265,16.6921,-4.22829,17.0922,16.1898,-0.00724506,-4.3239,17.0803,13.883,0.2,-3,0,0.00316228,-0.00316228,0,0,0
17:45:39.440,0.4,0.6,0.4,2.8091,5.67044,-0.0886111,-14.6461,-6.30213,-12.1818,0,1.50474,67,51,-3.77487,18.6265,16.6921,-4.22829,17.0922,16.1898,-0.00724506,-4.32406,17.0802,13.883,0.2,-3,0,0.00316228,-0.00316228,0,0,0
17:45:39.540,0.4,0.6,0.4,2.8101,5.6768,-0.0887574,-14.6483,-6.3096,-12.1882,0,1.50618,67,51,-3.77487,18.6265,16.6921,-4.22829,17.0922,16.1898,-0.00724506,-4.32417,17.0803,13.882,0.2,-3,0,0.00412311,-0.00412311,0,0,0
17:45:39.640,0.4,0.6,0.4,2.8101,5.68124,-0.0888847,-14.6593,-6.31541,-12.1958,0,1.50618,67,51,-3.77487,18.6265,16.6921,-4.22829,17.0922,16.1898,-0.00724506,-4.32429,17.0804,13.882,0.2,-3,0,0.00412311,-0.00412311,0,0,0
17:45:39.740,0.4,0.6,0.4,2.8111,5.68773,-0.089034,-14.6752,-6.32302,-12.2062,0,1.50618,67,51,-3.77487,18.6265,16.6921,-4.22829,17.0922,16.1898,-0.00724506,-4.32439,17.0805,13.881,0.2,-3,0,0.00412311,-0.00412311,0,0,0
17:45:39.840,0.4,0.6,0.4,2.8111,5.69012,-0.0891091,-14.6946,-6.32645,-12.2143,0,1.50474,67,51,-3.77487,18.6265,16.6921,-4.22829,17.0922,16.1898,-0.00724506,-4.3245,17.0805,13.881,0.2,-3,0,0.00316228,-0.00316228,0,0,0
17:45:39.940,0.4,0.6,0.4,2.8101,5.69236,-0.0891947,-14.6866,-6.32955,-12.2145,0,1.50618,67,51,-3.77487,18.6265,16.6921,-4.22829,17.0922,16.1898,-0.00724506,-4.32454,17.0806,13.882,0.2,-3,0,0.00412311,-0.00412311,0,0,0
17:45:40.040,0.4,0.6,0.4,2.8091,5.69294,-0.0892457,-14.7015,-6.33108,-12.2199,0,1.50474,67,51,-3.77487,18.6265,16.6921,-4.22829,17.0922,16.1898,-0.00724506,-4.32462,17.0805,13.883,0.2,-3,0,0.00316228,-0.00316228,0,0,0
17:45:40.140,0.4,0.6,0.4,2.8091,5.69553,-0.0893159,-14.7079,-6.33427,-12.2241,0,1.50474,67,51,-3.77487,18.6265,16.6921,-4.22829,17.0922,16.1898,-0.00724506,-4.32467,17.0806,13.883,0.2,-3,0,0.00316228,-0.00316228,0,0,0
17:45:40.240,0.4,0.6,0.4,2.8091,5.69462,-0.0893024,-14.7057,-6.33366,-12.223,0,1.50474,67,51,-3.77487,18.6265,16.6921,-4.22829,17.0922,16.1898,-0.00724506,-4.32472,17.0804,13.883,0.2,-3,0,0.00316228,-0.00316228,0,0,0
17:45:40.340,0.4,0.6,0.4,2.8101,5.6949,-0.0892785,-14.7063,-6.33337,-12.223,0,1.50474,67,51,-3.77487,18.6265,16.6921,-4.22829,17.0922,16.1898,-0.00724506,-4.32468,17.0804,13.882,0.2,-3,0,0.00316228,-0.00316228,0,0,0
17:45:40.440,0.4,0.6,0.4,2.8101,5.69243,-0.0892114,-14.7003,-6.33031,-12.2189,0,1.50474,67,51,-3.77487,18.6265,16.6921,-4.22829,17.0922,16.1898,-0.00724506,-4.32463,17.0804,13.882,0.2,-3,0,0.00316228,-0.00316228,0,0,0
17:45:40.540,0.4,0.6,0.4,2.8101,5.69049,-0.0891485,-14.6955,-6.32744,-12.2153,0,1.50474,67,51,-3.77487,18.6265,16.6921,-4.22829,17.0922,16.1898,-0.00724506,-4.32454,17.0805,13.882,0.2,-3,0,0.00316228,-0.00316228,0,0,0
17:45:40.640,0.4,0.6,0.4,2.8111,5.68695,-0.0890237,-14.6998,-6.32255,-12.2127,0,1.50335,67,51,-3.77487,18.6265,16.6921,-4.22829,17.0922,16.1898,-0.00724506,-4.32444,17.0803,13.881,0.2,-3,0,0.00223607,-0.00223607,0,0,0
17:45:40.740,0.4,0.6,0.4,2.8121,5.68375,-0.088897,-14.6789,-6.31757,-12.203,0,1.50474,67,51,-3.77487,18.6265,16.6921,-4.22829,17.0922,16.1898,-0.00724506,-4.32429,17.0804,13.88,0.2,-3,0,0.00316228,-0.00316228,0,0,0
17:45:40.840,0.4,0.6,0.4,2.8111,5.67871,-0.088779,-14.6665,-6.31139,-12.1947,0,1.50474,67,51,-3.77487,18.6265,16.6921,-4.22829,17.0922,16.1898,-0.00724506,-4.32417,17.0804,13.881,0.2,-3,0,0.00316228,-0.00316228,0,0,0
17:45:40.940,0.4,0.6,0.4,2.8111,5.67638,-0.0886986,-14.6607,-6.30772,-12.1902,0,1.50474,67,51,-3.77487,18.6265,16.6921,-4.22829,17.0922,16.1898,-0.00724506,-4.32403,17.0806,13.881,0.2,-3,0,0.00316228,-0.00316228,0,0,0
17:45:41.040,0.4,0.6,0.4,2.8111,5.67586,-0.0886862,-14.6595,-6.30716,-12.1894,0,1.50474,67,51,-3.77487,18.6265,16.6921,-4.22829,17.0922,16.1898,-0.00724506,-4.32403,17.0806,13.881,0.2,-3,0,0.00316228,-0.00316228,0,0,0
17:45:41.140,0.4,0.6,0.4,2.8111,5.67498,-0.0886536,-14.6573,-6.30567,-12.1877,0,1.50474,67,51,-3.77487,18.6265,16.6921,-4.22829,17.0922,16.1898,-0.00724506,-4.32396,17.0807,13.881,0.2,-3,0,0.00316228,-0.00316228,0,0,0
17:45:41.240,0.4,0.6,0.4,2.8121,5.67727,-0.0886928,-14.6629,-6.30826,-12.1913,0,1.50474,67,51,-3.77487,18.6265,16.6921,-4.22829,17.0922,16.1898,-0.00724506,-4.32401,17.0807,13.88,0.2,-3,0,0.00316228,-0.00316228,0,0,0
17:45:41.340,0.4,0.6,0.4,2.8111,5.67739,-0.0887178,-14.6632,-6.3086,-12.1916,0,1.50474,67,51,-3.77487,18.6265,16.6921,-4.22829,17.0922,16.1898,-0.00724506,-4.324,17.0808,13.881,0.2,-3,0,0.00316228,-0.00316228,0,0,0
17:45:41.440,0.4,0.6,0.4,2.8101,5.67437,-0.0886629,-14.6687,-6.3053,-12.1906,0,1.50335,67,51,-3.77487,18.6265,16.6921,-4.22829,17.0922,16.1898,-0.00724506,-4.32396,17.0807,13.882,0.2,-3,0,0.00223607,-0.00223607,0,0,0
17:45:41.540,0.4,0.6,0.4,2.8101,5.67198,-0.0885878,-14.6499,-6.30187,-12.1826,0,1.50474,67,51,-3.77487,18.6265,16.6921,-4.22829,17.0922,16.1898,-0.00724506,-4.32385,17.0808,13.882,0.2,-3,0,0.00316228,-0.00316228,0,0,0
17:45:41.640,0.4,0.6,0.4,2.8101,5.66763,-0.0884607,-14.6392,-6.29608,-12.1751,0,1.50474,67,51,-3.77487,18.6265,16.6921,-4.22829,17.0922,16.1898,-0.00724506,-4.32372,17.0808,13.882,0.2,-3,0,0.00316228,-0.00316228,0,0,0
17:45:41.740,0.4,0.6,0.4,2.8111,5.66359,-0.0883044,-14.6158,-6.28975,-12.1636,0,1.50618,67,51,-3.77487,18.6265,16.6921,-4.22829,17.0922,16.1898,-0.00724506,-4.32351,17.081,13.881,0.2,-3,0,0.00412311,-0.00412311,0,0,0
17:45:41.840,0.4,0.6,0.4,2.8101,5.65777,-0.0881678,-14.6149,-6.28272,-12.1579,0,1.50474,67,51,-3.77487,18.6265,16.6921,-4.22829,17.0922,16.1898,-0.00724506,-4.32339,17.0809,13.882,0.2,-3,0,0.00316228,-0.00316228,0,0,0
17:45:41.940,0.4,0.6,0.4,2.8101,5.65333,-0.0880323,-14.6039,-6.27653,-12.15,0,1.50474,67,51,-3.77487,18.6265,16.6921,-4.22829,17.0922,16.1898,-0.00724506,-4.32322,17.081,13.882,0.2,-3,0,0.00316228,-0.00316228,0,0,0
17:45:42.040,0.4,0.6,0.4,2.8101,5.64952,-0.0879314,-14.5945,-6.27193,-12.1438,0,1.50474,67,51,-3.77487,18.6265,16.6921,-4.22829,17.0922,16.1898,-0.00724506,-4.32316,17.0808,13.882,0.2,-3,0,0.00316228,-0.00316228,0,0,0
17:45:42.140,0.4,0.6,0.4,2.8101,5.64825,-0.0878895,-14.578,-6.27002,-12.1377,0,1.50618,67,51,-3.77487,18.6265,16.6921,-4.22829,17.0922,16.1898,-0.00724506,-4.3231,17.0809,13.882,0.2,-3,0,0.00412311,-0.00412311,0,0,0
17:45:42.240,0.4,0.6,0.4,2.8091,5.64474,-0.0878278,-14.5828,-6.26641,-12.1362,0,1.50474,67,51,-3.77487,18.6265,16.6921,-4.22829,17.0922,16.1898,-0.00724506,-4.32309,17.0807,13.883,0.2,-3,0,0.00316228,-0.00316228,0,0,0
17:45:42.340,0.4,0.6,0.4,2.8101,5.64299,-0.087749,-14.5784,-6.26361,-12.1328,0,1.50474,67,51,-3.77487,18.6265,16.6921,-4.22829,17.0922,16.1898,-0.00724506,-4.32301,17.0807,13.882,0.2,-3,0,0.00316228,-0.00316228,0,0,0
17:45:42.440,0.4,0.6,0.4,2.8091,5.64178,-0.0877539,-14.5755,-6.26304,-12.1315,0,1.50474,67,51,-3.77487,18.6265,16.6921,-4.22829,17.0922,16.1898,-0.00724506,-4.32307,17.0805,13.883,0.2,-3,0,0.00316228,-0.00316228,0,0,0
17:45:42.540,0.4,0.6,0.4,2.8101,5.64268,-0.0877482,-14.5777,-6.26358,-12.1325,0,1.50474,67,51,-3.77487,18.6265,16.6921,-4.22829,17.0922,16.1898,-0.00724506,-4.32305,17.0806,13.882,0.2,-3,0,0.00316228,-0.00316228,0,0,0
17:45:42.640,0.4,0.6,0.4,2.8111,5.64446,-0.0877832,-14.595,-6.26597,-12.1393,0,1.50335,67,51,-3.77487,18.6265,16.6921,-4.22829,17.0922,16.1898,-0.00724506,-4.32315,17.0804,13.881,0.2,-3,0,0.00223607,-0.00223607,0,0,0
17:45:42.740,0.4,0.6,0.4,2.8111,5.64664,-0.0878467,-14.5874,-6.26887,-12.1394,0,1.50474,67,51,-3.77487,18.6265,16.6921,-4.22829,17.0922,16.1898,-0.00724506,-4.32321,17.0804,13.881,0.2,-3,0,0.00316228,-0.00316228,0,0,0
17:45:42.840,0.4,0.6,0.4,2.8111,5.64727,-0.0878814,-14.6019,-6.27045,-12.1447,0,1.50335,67,51,-3.77487,18.6265,16.6921,-4.22829,17.0922,16.1898,-0.00724506,-4.32333,17.0801,13.881,0.2,-3,0,0.00223607,-0.00223607,0,0,0
17:45:42.940,0.4,0.6,0.4,2.8111,5.64844,-0.0879175,-14.5919,-6.2721,-12.1432,0,1.50474,67,51,-3.77487,18.6265,16.6921,-4.22829,17.0922,16.1898,-0.00724506,-4.32337,17.0801,13.881,0.2,-3,0,0.00316228,-0.00316228,0,0,0
17:45:43.040,0.4,0.6,0.4,2.8111,5.65059,-0.0879919,-14.6101,-6.27549,-12.1509,0,1.50335,67,51,-3.77487,18.6265,16.6921,-4.22829,17.0922,16.1898,-0.00724506,-4.32351,17.0799,13.881,0.2,-3,0,0.00223607,-0.00223607,0,0,0
17:45:43.140,0.4,0.6,0.4,2.8111,5.65282,-0.0880584,-14.6156,-6.27852,-12.1548,0,1.50335,67,51,-3.77487,18.6265,16.6921,-4.22829,17.0922,16.1898,-0.00724506,-4.32358,17.0798,13.881,0.2,-3,0,0.00223607,-0.00223607,0,0,0
17:45:43.241,0.4,0.6,0.4,2.8111,5.6522,-0.0880567,-14.6174,-6.27845,-12.1553,0,1.503,67,51,-3.77487,18.6265,16.6921,-4.22829,17.0922,16.1898,-0.00724506,-4.32366,17.0796,13.881,0.2,-3,0,0.002,-0.002,0,0,0
17:45:43.340,0.4,0.6,0.4,2.8121,5.6518,-0.08802,-14.6131,-6.27757,-12.1534,0,1.50335,67,51,-3.77487,18.6265,16.6921,-4.22829,17.0922,16.1898,-0.00724506,-4.32364,17.0795,13.88,0.2,-3,0,0.00223607,-0.00223607,0,0,0
17:45:43.440,0.4,0.6,0.4,2.8111,5.64899,-0.0879766,-14.6061,-6.2748,-12.1493,0,1.50335,67,51,-3.77487,18.6265,16.6921,-4.22829,17.0922,16.1898,-0.00724506,-4.32364,17.0794,13.881,0.2,-3,0,0.00223607,-0.00223607,0,0,0
17:45:43.540,0.4,0.6,0.4,2.8121,5.64869,-0.0879374,-14.6054,-6.27381,-12.1483,0,1.50335,67,51,-3.77487,18.6265,16.6921,-4.22829,17.0922,16.1898,-0.00724506,-4.32359,17.0794,13.88,0.2,-3,0,0.00223607,-0.00223607,0,0,0
17:45:43.640,0.4,0.6,0.4,2.8111,5.64801,-0.0879547,-14.607,-6.2738,-12.1487,0,1.503,67,51,-3.77487,18.6265,16.6921,-4.22829,17.0922,16.1898,-0.00724506,-4.32365,17.0792,13.881,0.2,-3,0,0.002,-0.002,0,0,0
17:45:43.740,0.4,0.6,0.4,2.8111,5.64902,-0.0879822,-14.6062,-6.27505,-12.1495,0,1.50335,67,51,-3.77487,18.6265,16.6921,-4.22829,17.0922,16.1898,-0.00724506,-4.32367,17.0793,13.881,0.2,-3,0,0.00223607,-0.00223607,0,0,0
17:45:43.840,0.4,0.6,0.4,2.8101,5.64737,-0.0879667,-14.6022,-6.27354,-12.1472,0,1.50335,67,51,-3.77487,18.6265,16.6921,-4.22829,17.0922,16.1898,-0.00724506,-4.32367,17.0792,13.882,0.2,-3,0,0.00223607,-0.00223607,0,0,0
17:45:43.940,0.4,0.6,0.4,2.8111,5.64749,-0.0879341,-14.5895,-6.27286,-12.1431,0,1.50474,67,51,-3.77487,18.6265,16.6921,-4.22829,17.0922,16.1898,-0.00724506,-4.3236,17.0793,13.881,0.2,-3,0,0.00316228,-0.00316228,0,0,0
17:45:44.040,0.4,0.6,0.4,2.8101,5.64309,-0.0878398,-14.5916,-6.26776,-12.1397,0,1.50335,67,51,-3.77487,18.6265,16.6921,-4.22829,17.0922,16.1898,-0.00724506,-4.32352,17.0793,13.882,0.2,-3,0,0.00223607,-0.00223607,0,0,0
17:45:44.140,0.4,0.6,0.4,2.8111,5.63938,-0.0877008,-14.5695,-6.26222,-12.1292,0,1.50474,67,51,-3.77487,18.6265,16.6921,-4.22829,17.0922,16.1898,-0.00724506,-4.32337,17.0793,13.881,0.2,-3,0,0.00316228,-0.00316228,0,0,0
17:45:44.240,0.4,0.6,0.4,2.8111,5.63567,-0.0875974,-14.5733,-6.2575,-12.1266,0,1.50335,67,51,-3.77487,18.6265,16.6921,-4.22829,17.0922,16.1898,-0.00724506,-4.32329,17.0792,13.881,0.2,-3,0,0.00223607,-0.00223607,0,0,0
17:45:44.340,0.4,0.6,0.4,2.8111,5.63223,-0.087492,-14.5519,-6.25269,-12.1168,0,1.50474,67,51,-3.77487,18.6265,16.6921,-4.22829,17.0922,16.1898,-0.00724506,-4.32316,17.0793,13.881,0.2,-3,0,0.00316228,-0.00316228,0,0,0
17:45:44.440,0.4,0.6,0.4,2.8111,5.63137,-0.0874732,-14.5498,-6.25184,-12.1156,0,1.50474,67,51,-3.77487,18.6265,16.6921,-4.22829,17.0922,16.1898,-0.00724506,-4.32316,17.0792,13.881,0.2,-3,0,0.00316228,-0.00316228,0,0,0
17:45:44.540,0.4,0.6,0.4,2.8121,5.63333,-0.0874978,-14.5546,-6.25376,-12.1184,0,1.50474,67,51,-3.77487,18.6265,16.6921,-4.22829,17.0922,16.1898,-0.00724506,-4.32317,17.0792,13.88,0.2,-3,0,0.00316228,-0.00316228,0,0,0
17:45:44.640,0.4,0.6,0.4,2.8121,5.63377,-0.0875182,-14.5557,-6.25469,-12.1195,0,1.50474,67,51,-3.77487,18.6265,16.6921,-4.22829,17.0922,16.1898,-0.00724506,-4.32323,17.0791,13.88,0.2,-3,0,0.00316228,-0.00316228,0,0,0
17:45:44.740,0.4,0.6,0.4,2.8121,5.63411,-0.0875246,-14.5565,-6.25498,-12.1199,0,1.50474,67,51,-3.77487,18.6265,16.6921,-4.22829,17.0922,16.1898,-0.00724506,-4.32322,17.0792,13.88,0.2,-3,0,0.00316228,-0.00316228,0,0,0
17:45:44.840,0.4,0.6,0.4,2.8111,5.63348,-0.0875448,-14.5679,-6.2551,-12.1232,0,1.50335,67,51,-3.77487,18.6265,16.6921,-4.22829,17.0922,16.1898,-0.00724506,-4.32329,17.079,13.881,0.2,-3,0,0.00223607,-0.00223607,0,0,0
17:45:44.940,0.4,0.6,0.4,2.8121,5.63468,-0.0875481,-14.558,-6.25605,-12.1212,0,1.50474,67,51,-3.77487,18.6265,16.6921,-4.22829,17.0922,16.1898,-0.00724506,-4.32328,17.0791,13.88,0.2,-3,0,0.00316228,-0.00316228,0,0,0
17:45:45.040,0.4,0.6,0.4,2.8131,5.63527,-0.0875415,-14.5594,-6.25655,-12.1219,0,1.50474,67,51,-3.77487,18.6265,16.6921,-4.22829,17.0922,16.1898,-0.00724506,-4.3233,17.079,13.879,0.2,-3,0,0.00316228,-0.00316228,0,0,0
17:45:45.140,0.4,0.6,0.4,2.8131,5.63475,-0.0875209,-14.5581,-6.25561,-12.1209,0,1.50474,67,51,-3.77487,18.6265,16.6921,-4.22829,17.0922,16.1898,-0.00724506,-4.32325,17.0791,13.879,0.2,-3,0,0.00316228,-0.00316228,0,0,0
17:45:45.240,0.4,0.6,0.4,2.8121,5.63458,-0.0875506,-14.5577,-6.25616,-12.1212,0,1.50474,67,51,-3.77487,18.6265,16.6921,-4.22829,17.0922,16.1898,-0.00724506,-4.32331,17.079,13.88,0.2,-3,0,0.00316228,-0.00316228,0,0,0
17:45:45.340,0.4,0.6,0.4,2.8121,5.63652,-0.087597,-14.5491,-6.25828,-12.1204,0,1.50618,67,51,-3.77487,18.6265,16.6921,-4.22829,17.0922,16.1898,-0.00724506,-4.32331,17.0791,13.88,0.2,-3,0,0.00412311,-0.00412311,0,0,0
17:45:45.440,0.4,0.6,0.4,2.8121,5.6387,-0.0876688,-14.5679,-6.26155,-12.1282,0,1.50474,67,51,-3.77487,18.6265,16.6921,-4.22829,17.0922,16.1898,-0.00724506,-4.32342,17.079,13.88,0.2,-3,0,0.00316228,-0.00316228,0,0,0
17:45:45.540,0.4,0.6,0.4,2.8121,5.64067,-0.0877208,-14.5727,-6.26393,-12.1314,0,1.50474,67,51,-3.77487,18.6265,16.6921,-4.22829,17.0922,16.1898,-0.00724506,-4.32345,17.0791,13.88,0.2,-3,0,0.00316228,-0.00316228,0,0,0
17:45:45.640,0.4,0.6,0.4,2.8121,5.64204,-0.0877684,-14.5761,-6.2661,-12.1341,0,1.50474,67,51,-3.77487,18.6265,16.6921,-4.22829,17.0922,16.1898,-0.00724506,-4.32353,17.079,13.88,0.2,-3,0,0.00316228,-0.00316228,0,0,0
17:45:45.740,0.4,0.6,0.4,2.8131,5.64478,-0.0878116,-14.5695,-6.26887,-12.1344,0,1.50618,67,51,-3.77487,18.6265,16.6921,-4.22829,17.0922,16.1898,-0.00724506,-4.32354,17.0791,13.879,0.2,-3,0,0.00412311,-0.00412311,0,0,0
17:45:45.840,0.4,0.6,0.4,2.8131,5.64361,-0.0877837,-14.58,-6.2676,-12.1363,0,1.50474,67,51,-3.77487,18.6265,16.6921,-4.22829,17.0922,16.1898,-0.00724506,-4.32354,17.079,13.879,0.2,-3,0,0.00316228,-0.00316228,0,0,0
17:45:45.940,0.4,0.6,0.4,2.8131,5.64278,-0.087754,-14.5779,-6.26624,-12.1347,0,1.50474,67,51,-3.77487,18.6265,16.6921,-4.22829,17.0922,16.1898,-0.00724506,-4.32349,17.0791,13.879,0.2,-3,0,0.00316228,-0.00316228,0,0,0
17:45:46.040,0.4,0.6,0.4,2.8131,5.64219,-0.0877414,-14.5765,-6.26567,-12.1338,0,1.50474,67,51,-3.77487,18.6265,16.6921,-4.22829,17.0922,16.1898,-0.00724506,-4.3235,17.079,13.879,0.2,-3,0,0.00316228,-0.00316228,0,0,0
17:45:46.140,0.4,0.6,0.4,2.8141,5.64199,-0.0876997,-14.576,-6.26457,-12.1328,0,1.50474,67,51,-3.77487,18.6265,16.6921,-4.22829,17.0922,16.1898,-0.00724506,-4.32342,17.0791,13.878,0.2,-3,0,0.00316228,-0.00316228,0,0,0
17:45:46.240,0.4,0.6,0.4,2.8141,5.64269,-0.0877263,-14.5777,-6.26578,-12.1343,0,1.50474,67,51,-3.77487,18.6265,16.6921,-4.22829,17.0922,16.1898,-0.00724506,-4.32348,17.079,13.878,0.2,-3,0,0.00316228,-0.00316228,0,0,0
17:45:46.340,0.4,0.6,0.4,2.8141,5.64274,-0.087721,-14.5778,-6.26554,-12.1341,0,1.50474,67,51,-3.77487,18.6265,16.6921,-4.22829,17.0922,16.1898,-0.00724506,-4.32344,17.0791,13.878,0.2,-3,0,0.00316228,-0.00316228,0,0,0
17:45:46.440,0.4,0.6,0.4,2.8131,5.63931,-0.0876513,-14.5694,-6.26156,-12.1286,0,1.50474,67,51,-3.77487,18.6265,16.6921,-4.22829,17.0922,16.1898,-0.00724506,-4.32337,17.0791,13.879,0.2,-3,0,0.00316228,-0.00316228,0,0,0
17:45:46.540,0.4,0.6,0.4,2.8141,5.63758,-0.0875615,-14.5518,-6.25826,-12.1211,0,1.50618,67,51,-3.77487,18.6265,16.6921,-4.22829,17.0922,16.1898,-0.00724506,-4.32323,17.0793,13.878,0.2,-3,0,0.00412311,-0.00412311,0,0,0
17:45:46.640,0.4,0.6,0.4,2.8131,5.63332,-0.0874703,-14.5546,-6.2533,-12.1181,0,1.50474,67,51,-3.77487,18.6265,16.6921,-4.22829,17.0922,16.1898,-0.00724506,-4.32316,17.0792,13.879,0.2,-3,0,0.00316228,-0.00316228,0,0,0
17:45:46.740,0.4,0.6,0.4,2.8141,5.6302,-0.0873439,-14.5336,-6.24834,-12.1083,0,1.50618,67,51,-3.77487,18.6265,16.6921,-4.22829,17.0922,16.1898,-0.00724506,-4.32299,17.0793,13.878,0.2,-3,0,0.00412311,-0.00412311,0,0,0
17:45:46.840,0.4,0.6,0.4,2.8151,5.62855,-0.0872709,-14.5428,-6.2458,-12.1089,0,1.50474,67,51,-3.77487,18.6265,16.6921,-4.22829,17.0922,16.1898,-0.00724506,-4.32294,17.0792,13.877,0.2,-3,0,0.00316228,-0.00316228,0,0,0
17:45:46.940,0.4,0.6,0.4,2.8151,5.62643,-0.087202,-14.5376,-6.24266,-12.105,0,1.50474,67,51,-3.77487,18.6265,16.6921,-4.22829,17.0922,16.1898,-0.00724506,-4.32283,17.0793,13.877,0.2,-3,0,0.00316228,-0.00316228,0,0,0
17:45:47.040,0.4,0.6,0.4,2.8151,5.62736,-0.0872374,-14.5399,-6.24428,-12.1069,0,1.50474,67,51,-3.77487,18.6265,16.6921,-4.22829,17.0922,16.1898,-0.00724506,-4.32291,17.0792,13.877,0.2,-3,0,0.00316228,-0.00316228,0,0,0
17:45:47.140,0.4,0.6,0.4,2.8141,5.62753,-0.0872653,-14.5403,-6.24475,-12.1074,0,1.50474,67,51,-3.77487,18.6265,16.6921,-4.22829,17.0922,16.1898,-0.00724506,-4.32291,17.0793,13.878,0.2,-3,0,0.00316228,-0.00316228,0,0,0
17:45:47.240,0.4,0.6,0.4,2.8141,5.62999,-0.0873406,-14.5464,-6.24818,-12.1118,0,1.50474,67,51,-3.77487,18.6265,16.6921,-4.22829,17.0922,16.1898,-0.00724506,-4.323,17.0793,13.878,0.2,-3,0,0.00316228,-0.00316228,0,0,0
17:45:47.340,0.4,0.6,0.4,2.8141,5.63172,-0.0873837,-14.5507,-6.25015,-12.1145,0,1.50474,67,51,-3.77487,18.6265,16.6921,-4.22829,17.0922,16.1898,-0.00724506,-4.32301,17.0794,13.878,0.2,-3,0,0.00316228,-0.00316228,0,0,0
17:45:47.440,0.4,0.6,0.4,2.8131,5.63067,-0.0873891,-14.5481,-6.2496,-12.1133,0,1.50474,67,51,-3.77487,18.6265,16.6921,-4.22829,17.0922,16.1898,-0.00724506,-4.32305,17.0793,13.879,0.2,-3,0,0.00316228,-0.00316228,0,0,0
17:45:47.540,0.4,0.6,0.4,2.8131,5.62958,-0.0873532,-14.5454,-6.24796,-12.1113,0,1.50474,67,51,-3.77487,18.6265,16.6921,-4.22829,17.0922,16.1898,-0.00724506,-4.32299,17.0793,13.879,0.2,-3,0,0.00316228,-0.00316228,0,0,0
17:45:47.640,0.4,0.6,0.4,2.8131,5.62842,-0.0873253,-14.5425,-6.24669,-12.1095,0,1.50474,67,51,-3.77487,18.6265,16.6921,-4.22829,17.0922,16.1898,-0.00724506,-4.32299,17.0792,13.879,0.2,-3,0,0.00316228,-0.00316228,0,0,0
17:45:47.740,0.4,0.6,0.4,2.8131,5.62645,-0.0872651,-14.5377,-6.24394,-12.106,0,1.50474,67,51,-3.77487,18.6265,16.6921,-4.22829,17.0922,16.1898,-0.00724506,-4.32292,17.0793,13.879,0.2,-3,0,0.00316228,-0.00316228,0,0,0
17:45:47.840,0.4,0.6,0.4,2.8131,5.62777,-0.0873098,-14.5409,-6.24598,-12.1085,0,1.50474,67,51,-3.77487,18.6265,16.6921,-4.22829,17.0922,16.1898,-0.00724506,-4.32299,17.0792,13.879,0.2,-3,0,0.00316228,-0.00316228,0,0,0
17:45:47.940,0.4,0.6,0.4,2.8141,5.63025,-0.0873468,-14.547,-6.24847,-12.1122,0,1.50474,67,51,-3.77487,18.6265,16.6921,-4.22829,17.0922,16.1898,-0.00724506,-4.323,17.0793,13.878,0.2,-3,0,0.00316228,-0.00316228,0,0,0
17:45:48.040,0.4,0.6,0.4,2.8131,5.63213,-0.0874369,-14.5517,-6.25178,-12.1161,0,1.50474,67,51,-3.77487,18.6265,16.6921,-4.22829,17.0922,16.1898,-0.00724506,-4.32313,17.0792,13.879,0.2,-3,0,0.00316228,-0.00316228,0,0,0
17:45:48.140,0.4,0.6,0.4,2.8131,5.63433,-0.0874978,-14.5571,-6.25456,-12.1197,0,1.50474,67,51,-3.77487,18.6265,16.6921,-4.22829,17.0922,16.1898,-0.00724506,-4.32317,17.0792,13.879,0.2,-3,0,0.00316228,-0.00316228,0,0,0
17:45:48.240,0.4,0.6,0.4,2.8131,5.6355,-0.0875421,-14.5729,-6.25658,-12.1257,0,1.50335,67,51,-3.77487,18.6265,16.6921,-4.22829,17.0922,16.1898,-0.00724506,-4.32327,17.0791,13.879,0.2,-3,0,0.00223607,-0.00223607,0,0,0
17:45:48.340,0.4,0.6,0.4,2.8121,5.63631,-0.0875937,-14.562,-6.25813,-12.1239,0,1.50474,67,51,-3.77487,18.6265,16.6921,-4.22829,17.0922,16.1898,-0.00724506,-4.32332,17.0791,13.88,0.2,-3,0,0.00316228,-0.00316228,0,0,0
17:45:48.440,0.4,0.6,0.4,2.8121,5.6379,-0.0876446,-14.5659,-6.26045,-12.1268,0,1.50474,67,51,-3.77487,18.6265,16.6921,-4.22829,17.0922,16.1898,-0.00724506,-4.32339,17.079,13.88,0.2,-3,0,0.00316228,-0.00316228,0,0,0
17:45:48.540,0.4,0.6,0.4,2.8121,5.63937,-0.0876816,-14.5695,-6.26214,-12.1291,0,1.50474,67,51,-3.77487,18.6265,16.6921,-4.22829,17.0922,16.1898,-0.00724506,-4.3234,17.0791,13.88,0.2,-3,0,0.00316228,-0.00316228,0,0,0
17:45:48.640,0.4,0.6,0.4,2.8121,5.64139,-0.0877447,-14.5745,-6.26502,-12.1328,0,1.50474,67,51,-3.77487,18.6265,16.6921,-4.22829,17.0922,16.1898,-0.00724506,-4.32349,17.079,13.88,0.2,-3,0,0.00316228,-0.00316228,0,0,0
17:45:48.740,0.4,0.6,0.4,2.8111,5.64182,-0.0877788,-14.5756,-6.26577,-12.1337,0,1.50474,67,51,-3.77487,18.6265,16.6921,-4.22829,17.0922,16.1898,-0.00724506,-4.32349,17.0792,13.881,0.2,-3,0,0.00316228,-0.00316228,0,0,0
17:45:48.840,0.4,0.6,0.4,2.8101,5.64229,-0.0878239,-14.5767,-6.26703,-12.135,0,1.50474,67,51,-3.77487,18.6265,16.6921,-4.22829,17.0922,16.1898,-0.00724506,-4.32354,17.0791,13.882,0.2,-3,0,0.00316228,-0.00316228,0,0,0
17:45:48.940,0.4,0.6,0.4,2.8101,5.64444,-0.0878737,-14.5687,-6.2693,-12.1345,0,1.50618,67,51,-3.77487,18.6265,16.6921,-4.22829,17.0922,16.1898,-0.00724506,-4.32353,17.0793,13.882,0.2,-3,0,0.00412311,-0.00412311,0,0,0
17:45:49.040,0.4,0.6,0.4,2.8101,5.6453,-0.0879007,-14.5708,-6.27053,-12.136,0,1.50618,67,51,-3.77487,18.6265,16.6921,-4.22829,17.0922,16.1898,-0.00724506,-4.32357,17.0793,13.882,0.2,-3,0,0.00412311,-0.00412311,0,0,0
17:45:49.140,0.4,0.6,0.4,2.8111,5.64718,-0.0879168,-14.5754,-6.27207,-12.1385,0,1.50618,67,51,-3.77487,18.6265,16.6921,-4.22829,17.0922,16.1898,-0.00724506,-4.32354,17.0795,13.881,0.2,-3,0,0.00412311,-0.00412311,0,0,0
17:45:49.241,0.4,0.6,0.4,2.8111,5.64668,-0.08791,-14.5876,-6.27176,-12.1417,0,1.50474,67,51,-3.77487,18.6265,16.6921,-4.22829,17.0922,16.1898,-0.00724506,-4.32357,17.0793,13.881,0.2,-3,0,0.00316228,-0.00316228,0,0,0
17:45:49.340,0.4,0.6,0.4,2.8111,5.64505,-0.0878561,-14.5702,-6.2693,-12.1349,0,1.50618,67,51,-3.77487,18.6265,16.6921,-4.22829,17.0922,16.1898,-0.00724506,-4.32349,17.0794,13.881,0.2,-3,0,0.00412311,-0.00412311,0,0,0
17:45:49.440,0.4,0.6,0.4,2.8121,5.65079,-0.0880008,-14.5977,-6.2767,-12.1484,0,1.50474,67,51,-3.77487,18.6265,16.6921,-4.22829,17.0922,16.1898,-0.00724506,-4.32367,17.0793,13.88,0.2,-3,0,0.00316228,-0.00316228,0,0,0
17:45:49.540,0.4,0.6,0.4,2.8111,5.65606,-0.088177,-14.6107,-6.28393,-12.1577,0,1.50474,67,51,-3.77487,18.6265,16.6921,-4.22829,17.0922,16.1898,-0.00724506,-4.32382,17.0795,13.881,0.2,-3,0,0.00316228,-0.00316228,0,0,0
17:45:49.640,0.4,0.6,0.4,2.8111,5.66581,-0.0884641,-14.6347,-6.29703,-12.1746,0,1.50474,67,51,-3.77487,18.6265,16.6921,-4.22829,17.0922,16.1898,-0.00724506,-4.32413,17.0794,13.881,0.2,-3,0,0.00316228,-0.00316228,0,0,0
17:45:49.740,0.4,0.6,0.4,2.8101,5.67432,-0.0887342,-14.6556,-6.30855,-12.1895,0,1.50474,67,51,-3.77487,18.6265,16.6921,-4.22829,17.0922,16.1898,-0.00724506,-4.32437,17.0795,13.882,0.2,-3,0,0.00316228,-0.00316228,0,0,0
17:45:49.841,0.4,0.6,0.4,2.8101,5.68281,-0.088985,-14.6766,-6.31999,-12.2042,0,1.50474,67,51,-3.77487,18.6265,16.6921,-4.22829,17.0922,16.1898,-0.00724506,-4.32465,17.0795,13.882,0.2,-3,0,0.00316228,-0.00316228,0,0,0
17:45:49.940,0.4,0.6,0.4,2.8121,5.69347,-0.0892281,-14.7028,-6.33267,-12.2215,0,1.50474,67,51,-3.77487,18.6265,16.6921,-4.22829,17.0922,16.1898,-0.00724506,-4.32486,17.0796,13.88,0.2,-3,0,0.00316228,-0.00316228,0,0,0
17:45:50.040,0.4,0.6,0.4,2.8121,5.6996,-0.0894094,-14.7179,-6.34094,-12.2322,0,1.50474,67,51,-3.77487,18.6265,16.6921,-4.22829,17.0922,16.1898,-0.00724506,-4.32506,17.0796,13.88,0.2,-3,0,0.00316228,-0.00316228,0,0,0
17:45:50.140,0.4,0.6,0.4,2.8111,5.70446,-0.0895708,-14.7164,-6.3475,-12.2368,0,1.50618,67,51,-3.77487,18.6265,16.6921,-4.22829,17.0922,16.1898,-0.00724506,-4.32518,17.0798,13.881,0.2,-3,0,0.00412311,-0.00412311,0,0,0
17:45:50.240,0.4,0.6,0.4,2.8111,5.70967,-0.0897249,-14.7427,-6.35453,-12.2497,0,1.50474,67,51,-3.77487,18.6265,16.6921,-4.22829,17.0922,16.1898,-0.00724506,-4.32535,17.0797,13.881,0.2,-3,0,0.00316228,-0.00316228,0,0,0
17:45:50.340,0.4,0.6,0.4,2.8111,5.71591,-0.0898955,-14.7446,-6.36231,-12.2563,0,1.50618,67,51,-3.77487,18.6265,16.6921,-4.22829,17.0922,16.1898,-0.00724506,-4.32547,17.0799,13.881,0.2,-3,0,0.00412311,-0.00412311,0,0,0
17:45:50.440,0.4,0.6,0.4,2.8101,5.71305,-0.0898493,-14.751,-6.3594,-12.2558,0,1.50474,67,51,-3.77487,18.6265,16.6921,-4.22829,17.0922,16.1898,-0.00724506,-4.32546,17.0798,13.882,0.2,-3,0,0.00316228,-0.00316228,0,0,0
17:45:50.540,0.4,0.6,0.4,2.8101,5.70942,-0.0897379,-14.7286,-6.35432,-12.2456,0,1.50618,67,51,-3.77487,18.6265,16.6921,-4.22829,17.0922,16.1898,-0.00724506,-4.32532,17.0799,13.882,0.2,-3,0,0.00412311,-0.00412311,0,0,0
17:45:50.640,0.4,0.6,0.4,2.8111,5.70275,-0.089525,-14.7257,-6.34541,-12.2378,0,1.50474,67,51,-3.77487,18.6265,16.6921,-4.22829,17.0922,16.1898,-0.00724506,-4.32515,17.0797,13.881,0.2,-3,0,0.00316228,-0.00316228,0,0,0
17:45:50.740,0.4,0.6,0.4,2.8111,5.69542,-0.0893102,-14.7076,-6.33562,-12.2251,0,1.50474,67,51,-3.77487,18.6265,16.6921,-4.22829,17.0922,16.1898,-0.00724506,-4.32492,17.0797,13.881,0.2,-3,0,0.00316228,-0.00316228,0,0,0
17:45:50.840,0.4,0.6,0.4,2.8111,5.68664,-0.0890723,-14.686,-6.32477,-12.2106,0,1.50474,67,51,-3.77487,18.6265,16.6921,-4.22829,17.0922,16.1898,-0.00724506,-4.32476,17.0794,13.881,0.2,-3,0,0.00316228,-0.00316228,0,0,0
17:45:50.940,0.4,0.6,0.4,2.8111,5.67871,-0.0888367,-14.6394,-6.31402,-12.1892,0,1.50765,67,51,-3.77487,18.6265,16.6921,-4.22829,17.0922,16.1898,-0.00724506,-4.3245,17.0795,13.881,0.2,-3,0,0.00509902,-0.00509902,0,0,0
17:45:51.040,0.4,0.6,0.4,2.8111,5.67267,-0.0886694,-14.6382,-6.30639,-12.1829,0,1.50618,67,51,-3.77487,18.6265,16.6921,-4.22829,17.0922,16.1898,-0.00724506,-4.32437,17.0793,13.881,0.2,-3,0,0.00412311,-0.00412311,0,0,0
17:45:51.140,0.4,0.6,0.4,2.8111,5.66822,-0.0885365,-14.6272,-6.30033,-12.1751,0,1.50618,67,51,-3.77487,18.6265,16.6921,-4.22829,17.0922,16.1898,-0.00724506,-4.32421,17.0794,13.881,0.2,-3,0,0.00412311,-0.00412311,0,0,0
17:45:51.240,0.4,0.6,0.4,2.8101,5.66349,-0.0884441,-14.629,-6.29532,-12.1717,0,1.50474,67,51,-3.77487,18.6265,16.6921,-4.22829,17.0922,16.1898,-0.00724506,-4.3242,17.0791,13.882,0.2,-3,0,0.00316228,-0.00316228,0,0,0
17:45:51.340,0.4,0.6,0.4,2.8111,5.6612,-0.0883473,-14.6099,-6.2917,-12.1635,0,1.50618,67,51,-3.77487,18.6265,16.6921,-4.22829,17.0922,16.1898,-0.00724506,-4.32409,17.0791,13.881,0.2,-3,0,0.00412311,-0.00412311,0,0,0
17:45:51.440,0.4,0.6,0.4,2.8111,5.65718,-0.0882431,-14.6,-6.28695,-12.157,0,1.50618,67,51,-3.77487,18.6265,16.6921,-4.22829,17.0922,16.1898,-0.00724506,-4.32404,17.0789,13.881,0.2,-3,0,0.00412311,-0.00412311,0,0,0
17:45:51.540,0.4,0.6,0.4,2.8121,5.65536,-0.0881559,-14.582,-6.28377,-12.1495,0,1.50765,67,51,-3.77487,18.6265,16.6921,-4.22829,17.0922,16.1898,-0.00724506,-4.32393,17.079,13.88,0.2,-3,0,0.00509902,-0.00509902,0,0,0
17:45:51.640,0.4,0.6,0.4,2.8101,5.64774,-0.0879952,-14.5632,-6.27484,-12.1373,0,1.50765,67,51,-3.77487,18.6265,16.6921,-4.22829,17.0922,16.1898,-0.00724506,-4.32378,17.0789,13.882,0.2,-3,0,0.00509902,-0.00509902,0,0,0
17:45:51.740,0.4,0.6,0.4,2.8091,5.63987,-0.0877899,-14.5574,-6.26468,-12.1277,0,1.50618,67,51,-3.77487,18.6265,16.6921,-4.22829,17.0922,16.1898,-0.00724506,-4.32354,17.079,13.883,0.2,-3,0,0.00412311,-0.00412311,0,0,0
17:45:51.840,0.4,0.6,0.4,2.8111,5.6346,-0.0876027,-14.5578,-6.25774,-12.1224,0,1.50474,67,51,-3.77487,18.6265,16.6921,-4.22829,17.0922,16.1898,-0.00724506,-4.32347,17.0786,13.881,0.2,-3,0,0.00316228,-0.00316228,0,0,0
17:45:51.940,0.4,0.6,0.4,2.8121,5.63044,-0.0874515,-14.5207,-6.25164,-12.1073,0,1.50765,67,51,-3.77487,18.6265,16.6921,-4.22829,17.0922,16.1898,-0.00724506,-4.32331,17.0786,13.88,0.2,-3,0,0.00509902,-0.00509902,0,0,0
17:45:52.040,0.4,0.6,0.4,2.8101,5.62456,-0.0873339,-14.4892,-6.24468,-12.093,0,1.50949,67,51,-3.77487,18.6265,16.6921,-4.22829,17.0922,16.1898,-0.00724506,-4.32316,17.0787,13.882,0.2,-3,0,0.00632456,-0.00632456,0,0,0
17:45:52.140,0.4,0.6,0.4,2.8081,5.61825,-0.0871933,-14.4906,-6.23666,-12.0872,0,1.50765,67,51,-3.77487,18.6265,16.6921,-4.22829,17.0922,16.1898,-0.00724506,-4.32295,17.0789,13.884,0.2,-3,0,0.00509902,-0.00509902,0,0,0
17:45:52.241,0.4,0.6,0.4,2.8091,5.61203,-0.087009,-14.5149,-6.22906,-12.088,0,1.50335,67,51,-3.77487,18.6265,16.6921,-4.22829,17.0922,16.1898,-0.00724506,-4.32288,17.0785,13.883,0.2,-3,0,0.00223607,-0.00223607,0,0,0
17:45:52.340,0.4,0.6,0.4,2.8111,5.60857,-0.0868569,-14.4936,-6.22372,-12.0779,0,1.50474,67,51,-3.77487,18.6265,16.6921,-4.22829,17.0922,16.1898,-0.00724506,-4.32276,17.0784,13.881,0.2,-3,0,0.00316228,-0.00316228,0,0,0
17:45:52.440,0.4,0.6,0.4,2.8101,5.60327,-0.0867327,-14.4537,-6.21726,-12.0617,0,1.50765,67,51,-3.77487,18.6265,16.6921,-4.22829,17.0922,16.1898,-0.00724506,-4.32264,17.0783,13.882,0.2,-3,0,0.00509902,-0.00509902,0,0,0
17:45:52.540,0.4,0.6,0.4,2.8081,5.59732,-0.086604,-14.4525,-6.20979,-12.0555,0,1.50618,67,51,-3.77487,18.6265,16.6921,-4.22829,17.0922,16.1898,-0.00724506,-4.32244,17.0786,13.884,0.2,-3,0,0.00412311,-0.00412311,0,0,0
17:45:52.640,0.4,0.6,0.4,2.8081,5.59337,-0.0865027,-14.4688,-6.20516,-12.0565,0,1.50335,67,51,-3.77487,18.6265,16.6921,-4.22829,17.0922,16.1898,-0.00724506,-4.3224,17.0783,13.884,0.2,-3,0,0.00223607,-0.00223607,0,0,0
17:45:52.740,0.4,0.6,0.4,2.8091,5.59092,-0.0864055,-14.45,-6.20153,-12.0484,0,1.50474,67,51,-3.77487,18.6265,16.6921,-4.22829,17.0922,16.1898,-0.00724506,-4.32231,17.0783,13.883,0.2,-3,0,0.00316228,-0.00316228,0,0,0
17:45:52.840,0.4,0.6,0.4,2.8101,5.59104,-0.0863812,-14.4503,-6.20122,-12.0482,0,1.50474,67,51,-3.77487,18.6265,16.6921,-4.22829,17.0922,16.1898,-0.00724506,-4.3223,17.0783,13.882,0.2,-3,0,0.00316228,-0.00316228,0,0,0
17:45:52.940,0.4,0.6,0.4,2.8091,5.59001,-0.0863674,-14.4345,-6.19979,-12.0427,0,1.50618,67,51,-3.77487,18.6265,16.6921,-4.22829,17.0922,16.1898,-0.00724506,-4.32222,17.0785,13.883,0.2,-3,0,0.00412311,-0.00412311,0,0,0
17:45:53.040,0.4,0.6,0.4,2.8101,5.59007,-0.0863319,-14.4479,-6.19897,-12.0458,0,1.50474,67,51,-3.77487,18.6265,16.6921,-4.22829,17.0922,16.1898,-0.00724506,-4.32214,17.0786,13.882,0.2,-3,0,0.00316228,-0.00316228,0,0,0
17:45:53.140,0.4,0.6,0.4,2.8121,5.59019,-0.0862692,-14.4482,-6.19771,-12.0449,0,1.50474,67,51,-3.77487,18.6265,16.6921,-4.22829,17.0922,16.1898,-0.00724506,-4.32204,17.0787,13.88,0.2,-3,0,0.00316228,-0.00316228,0,0,0
17:45:53.240,0.4,0.6,0.4,2.8131,5.58896,-0.0861945,-14.4319,-6.19511,-12.0383,0,1.50618,67,51,-3.77487,18.6265,16.6921,-4.22829,17.0922,16.1898,-0.00724506,-4.32192,17.0789,13.879,0.2,-3,0,0.00412311,-0.00412311,0,0,0
17:45:53.340,0.4,0.6,0.4,2.8121,5.58573,-0.086109,-14.4239,-6.1904,-12.0324,0,1.50618,67,51,-3.77487,18.6265,16.6921,-4.22829,17.0922,16.1898,-0.00724506,-4.32173,17.0792,13.88,0.2,-3,0,0.00412311,-0.00412311,0,0,0
17:45:53.440,0.4,0.6,0.4,2.8111,5.58667,-0.0861554,-14.4263,-6.19172,-12.0341,0,1.50618,67,51,-3.77487,18.6265,16.6921,-4.22829,17.0922,16.1898,-0.00724506,-4.32173,17.0794,13.881,0.2,-3,0,0.00412311,-0.00412311,0,0,0
17:45:53.540,0.4,0.6,0.4,2.8131,5.5913,-0.0862202,-14.4377,-6.19628,-12.0408,0,1.50618,67,51,-3.77487,18.6265,16.6921,-4.22829,17.0922,16.1898,-0.00724506,-4.32174,17.0796,13.879,0.2,-3,0,0.00412311,-0.00412311,0,0,0
17:45:53.640,0.4,0.6,0.4,2.8151,5.59869,-0.086372,-14.4559,-6.2048,-12.0526,0,1.50618,67,51,-3.77487,18.6265,16.6921,-4.22829,17.0922,16.1898,-0.00724506,-4.32187,17.0797,13.877,0.2,-3,0,0.00412311,-0.00412311,0,0,0
17:45:53.740,0.4,0.6,0.4,2.8161,5.60515,-0.0865158,-14.4584,-6.21216,-12.059,0,1.50765,67,51,-3.77487,18.6265,16.6921,-4.22829,17.0922,16.1898,-0.00724506,-4.32195,17.0799,13.876,0.2,-3,0,0.00509902,-0.00509902,0,0,0
17:45:53.841,0.4,0.6,0.4,2.8161,5.61308,-0.086735,-14.4779,-6.22216,-12.0723,0,1.50765,67,51,-3.77487,18.6265,16.6921,-4.22829,17.0922,16.1898,-0.00724506,-4.32212,17.0801,13.876,0.2,-3,0,0.00509902,-0.00509902,0,0,0
17:45:53.940,0.4,0.6,0.4,2.8171,5.6219,-0.0869483,-14.5131,-6.23269,-12.0904,0,1.50618,67,51,-3.77487,18.6265,16.6921,-4.22829,17.0922,16.1898,-0.00724506,-4.32227,17.0804,13.875,0.2,-3,0,0.00412311,-0.00412311,0,0,0
17:45:54.041,0.4,0.6,0.4,2.8171,5.62665,-0.0870847,-14.5248,-6.23891,-12.0985,0,1.50618,67,51,-3.77487,18.6265,16.6921,-4.22829,17.0922,16.1898,-0.00724506,-4.3224,17.0804,13.875,0.2,-3,0,0.00412311,-0.00412311,0,0,0
17:45:54.140,0.4,0.6,0.4,2.8161,5.62896,-0.0871705,-14.517,-6.24203,-12.0987,0,1.50765,67,51,-3.77487,18.6265,16.6921,-4.22829,17.0922,16.1898,-0.00724506,-4.32244,17.0806,13.876,0.2,-3,0,0.00509902,-0.00509902,0,0,0
17:45:54.241,0.4,0.6,0.4,2.8171,5.63406,-0.0872832,-14.5296,-6.24797,-12.1069,0,1.50765,67,51,-3.77487,18.6265,16.6921,-4.22829,17.0922,16.1898,-0.00724506,-4.32252,17.0807,13.875,0.2,-3,0,0.00509902,-0.00509902,0,0,0
17:45:54.340,0.4,0.6,0.4,2.8161,5.63669,-0.0873781,-14.5496,-6.25149,-12.1152,0,1.50618,67,51,-3.77487,18.6265,16.6921,-4.22829,17.0922,16.1898,-0.00724506,-4.32257,17.0809,13.876,0.2,-3,0,0.00412311,-0.00412311,0,0,0
17:45:54.440,0.4,0.6,0.4,2.8161,5.64255,-0.0875477,-14.564,-6.25923,-12.1253,0,1.50618,67,51,-3.77487,18.6265,16.6921,-4.22829,17.0922,16.1898,-0.00724506,-4.32274,17.0809,13.876,0.2,-3,0,0.00412311,-0.00412311,0,0,0
17:45:54.540,0.4,0.6,0.4,2.8171,5.64876,-0.0876935,-14.5793,-6.26668,-12.1354,0,1.50618,67,51,-3.77487,18.6265,16.6921,-4.22829,17.0922,16.1898,-0.00724506,-4.32286,17.081,13.875,0.2,-3,0,0.00412311,-0.00412311,0,0,0
17:45:54.641,0.4,0.6,0.4,2.8171,5.65434,-0.0878514,-14.593,-6.27388,-12.1449,0,1.50618,67,51,-3.77487,18.6265,16.6921,-4.22829,17.0922,16.1898,-0.00724506,-4.323,17.0811,13.875,0.2,-3,0,0.00412311,-0.00412311,0,0,0
17:45:54.740,0.4,0.6,0.4,2.8161,5.65969,-0.0880278,-14.6062,-6.28113,-12.1542,0,1.50618,67,51,-3.77487,18.6265,16.6921,-4.22829,17.0922,16.1898,-0.00724506,-4.32315,17.0812,13.876,0.2,-3,0,0.00412311,-0.00412311,0,0,0
17:45:54.840,0.4,0.6,0.4,2.8161,5.66543,-0.0881942,-14.6203,-6.28872,-12.1641,0,1.50618,67,51,-3.77487,18.6265,16.6921,-4.22829,17.0922,16.1898,-0.00724506,-4.32332,17.0812,13.876,0.2,-3,0,0.00412311,-0.00412311,0,0,0
17:45:54.940,0.4,0.6,0.4,2.8171,5.67169,-0.088343,-14.6358,-6.29631,-12.1743,0,1.50618,67,51,-3.77487,18.6265,16.6921,-4.22829,17.0922,16.1898,-0.00724506,-4.32345,17.0813,13.875,0.2,-3,0,0.00412311,-0.00412311,0,0,0
17:45:55.041,0.4,0.6,0.4,2.8161,5.6758,-0.0884913,-14.6459,-6.30227,-12.1818,0,1.50618,67,51,-3.77487,18.6265,16.6921,-4.22829,17.0922,16.1898,-0.00724506,-4.3236,17.0813,13.876,0.2,-3,0,0.00412311,-0.00412311,0,0,0
17:45:55.140,0.4,0.6,0.4,2.8161,5.68078,-0.0886283,-14.6445,-6.30852,-12.1863,0,1.50765,67,51,-3.77487,18.6265,16.6921,-4.22829,17.0922,16.1898,-0.00724506,-4.3237,17.0815,13.876,0.2,-3,0,0.00509902,-0.00509902,0,0,0
17:45:55.240,0.4,0.6,0.4,2.8161,5.68371,-0.0887131,-14.6517,-6.31239,-12.1913,0,1.50765,67,51,-3.77487,18.6265,16.6921,-4.22829,17.0922,16.1898,-0.00724506,-4.32379,17.0815,13.876,0.2,-3,0,0.00509902,-0.00509902,0,0,0
17:45:55.340,0.4,0.6,0.4,2.8161,5.68745,-0.0888138,-14.6609,-6.31698,-12.1975,0,1.50765,67,51,-3.77487,18.6265,16.6921,-4.22829,17.0922,16.1898,-0.00724506,-4.32385,17.0816,13.876,0.2,-3,0,0.00509902,-0.00509902,0,0,0
17:45:55.440,0.4,0.6,0.4,2.8171,5.69115,-0.0888897,-14.67,-6.32124,-12.2034,0,1.50765,67,51,-3.77487,18.6265,16.6921,-4.22829,17.0922,16.1898,-0.00724506,-4.32392,17.0817,13.875,0.2,-3,0,0.00509902,-0.00509902,0,0,0
17:45:55.540,0.4,0.6,0.4,2.8161,5.6929,-0.0889603,-14.6743,-6.32366,-12.2065,0,1.50765,67,51,-3.77487,18.6265,16.6921,-4.22829,17.0922,16.1898,-0.00724506,-4.32395,17.0818,13.876,0.2,-3,0,0.00509902,-0.00509902,0,0,0
17:45:55.641,0.4,0.6,0.4,2.8161,5.69617,-0.0890515,-14.6823,-6.32782,-12.212,0,1.50765,67,51,-3.77487,18.6265,16.6921,-4.22829,17.0922,16.1898,-0.00724506,-4.32403,17.0819,13.876,0.2,-3,0,0.00509902,-0.00509902,0,0,0
17:45:55.740,0.4,0.6,0.4,2.8161,5.69853,-0.0891128,-14.6882,-6.33061,-12.2158,0,1.50765,67,51,-3.77487,18.6265,16.6921,-4.22829,17.0922,16.1898,-0.00724506,-4.32405,17.082,13.876,0.2,-3,0,0.00509902,-0.00509902,0,0,0
17:45:55.841,0.4,0.6,0.4,2.8161,5.69941,-0.0891371,-14.6903,-6.33172,-12.2172,0,1.50765,67,51,-3.77487,18.6265,16.6921,-4.22829,17.0922,16.1898,-0.00724506,-4.32407,17.082,13.876,0.2,-3,0,0.00509902,-0.00509902,0,0,0
17:45:55.940,0.4,0.6,0.4,2.8161,5.701,-0.0891716,-14.6805,-6.3333,-12.2157,0,1.50912,67,51,-3.77487,18.6265,16.6921,-4.22829,17.0922,16.1898,-0.00724506,-4.32405,17.0822,13.876,0.2,-3,0,0.00608276,-0.00608276,0,0,0
17:45:56.040,0.4,0.6,0.4,2.8151,5.70218,-0.0892351,-14.6834,-6.33539,-12.2182,0,1.50912,67,51,-3.77487,18.6265,16.6921,-4.22829,17.0922,16.1898,-0.00724506,-4.32412,17.0822,13.877,0.2,-3,0,0.00608276,-0.00608276,0,0,0
17:45:56.140,0.4,0.6,0.4,2.8161,5.70632,-0.089315,-14.6902,-6.33983,-12.2235,0,1.50949,67,51,-3.77487,18.6265,16.6921,-4.22829,17.0922,16.1898,-0.00724506,-4.32415,17.0824,13.876,0.2,-3,0,0.00632456,-0.00632456,0,0,0
17:45:56.241,0.4,0.6,0.4,2.8161,5.70888,-0.0894125,-14.7136,-6.34428,-12.2335,0,1.50765,67,51,-3.77487,18.6265,16.6921,-4.22829,17.0922,16.1898,-0.00724506,-4.32436,17.082,13.876,0.2,-3,0,0.00509902,-0.00509902,0,0,0
17:45:56.340,0.4,0.6,0.4,2.8151,5.71302,-0.0895582,-14.71,-6.35013,-12.2371,0,1.50912,67,51,-3.77487,18.6265,16.6921,-4.22829,17.0922,16.1898,-0.00724506,-4.32449,17.0821,13.877,0.2,-3,0,0.00608276,-0.00608276,0,0,0
17:45:56.440,0.4,0.6,0.4,2.8151,5.71265,-0.0895709,-14.7228,-6.35071,-12.2412,0,1.50765,67,51,-3.77487,18.6265,16.6921,-4.22829,17.0922,16.1898,-0.00724506,-4.32461,17.0817,13.877,0.2,-3,0,0.00509902,-0.00509902,0,0,0
17:45:56.540,0.4,0.6,0.4,2.8161,5.71419,-0.0895889,-14.7266,-6.35233,-12.2435,0,1.50765,67,51,-3.77487,18.6265,16.6921,-4.22829,17.0922,16.1898,-0.00724506,-4.32464,17.0817,13.876,0.2,-3,0,0.00509902,-0.00509902,0,0,0
17:45:56.640,0.4,0.6,0.4,2.8171,5.71049,-0.0894719,-14.7175,-6.34779,-12.2374,0,1.50765,67,51,-3.77487,18.6265,16.6921,-4.22829,17.0922,16.1898,-0.00724506,-4.32461,17.0814,13.875,0.2,-3,0,0.00509902,-0.00509902,0,0,0
17:45:56.740,0.4,0.6,0.4,2.8161,5.70584,-0.0893632,-14.7061,-6.34203,-12.2297,0,1.50765,67,51,-3.77487,18.6265,16.6921,-4.22829,17.0922,16.1898,-0.00724506,-4.32449,17.0814,13.876,0.2,-3,0,0.00509902,-0.00509902,0,0,0
17:45:56.840,0.4,0.6,0.4,2.8151,5.69812,-0.089183,-14.6871,-6.33302,-12.2174,0,1.50765,67,51,-3.77487,18.6265,16.6921,-4.22829,17.0922,16.1898,-0.00724506,-4.32437,17.0811,13.877,0.2,-3,0,0.00509902,-0.00509902,0,0,0
17:45:56.940,0.4,0.6,0.4,2.8161,5.6951,-0.0890624,-14.6797,-6.32831,-12.2116,0,1.50765,67,51,-3.77487,18.6265,16.6921,-4.22829,17.0922,16.1898,-0.00724506,-4.32423,17.0812,13.876,0.2,-3,0,0.00509902,-0.00509902,0,0,0
17:45:57.041,0.4,0.6,0.4,2.8171,5.69285,-0.088985,-14.6878,-6.32558,-12.2118,0,1.50618,67,51,-3.77487,18.6265,16.6921,-4.22829,17.0922,16.1898,-0.00724506,-4.32423,17.0809,13.875,0.2,-3,0,0.00412311,-0.00412311,0,0,0
17:45:57.140,0.4,0.6,0.4,2.8181,5.6929,-0.0889522,-14.6743,-6.32489,-12.2074,0,1.50765,67,51,-3.77487,18.6265,16.6921,-4.22829,17.0922,16.1898,-0.00724506,-4.32418,17.081,13.874,0.2,-3,0,0.00509902,-0.00509902,0,0,0
17:45:57.240,0.4,0.6,0.4,2.8181,5.69092,-0.0889084,-14.6831,-6.32289,-12.2083,0,1.50618,67,51,-3.77487,18.6265,16.6921,-4.22829,17.0922,16.1898,-0.00724506,-4.3242,17.0808,13.874,0.2,-3,0,0.00412311,-0.00412311,0,0,0
17:45:57.340,0.4,0.6,0.4,2.8181,5.69134,-0.088915,-14.6705,-6.3232,-12.205,0,1.50765,67,51,-3.77487,18.6265,16.6921,-4.22829,17.0922,16.1898,-0.00724506,-4.32418,17.0809,13.874,0.2,-3,0,0.00509902,-0.00509902,0,0,0
17:45:57.440,0.4,0.6,0.4,2.8191,5.69382,-0.0889684,-14.6902,-6.32643,-12.2131,0,1.50618,67,51,-3.77487,18.6265,16.6921,-4.22829,17.0922,16.1898,-0.00724506,-4.32428,17.0807,13.873,0.2,-3,0,0.00412311,-0.00412311,0,0,0
17:45:57.540,0.4,0.6,0.4,2.8201,5.69811,-0.089057,-14.6871,-6.33127,-12.216,0,1.50765,67,51,-3.77487,18.6265,16.6921,-4.22829,17.0922,16.1898,-0.00724506,-4.32434,17.0808,13.872,0.2,-3,0,0.00509902,-0.00509902,0,0,0
17:45:57.641,0.4,0.6,0.4,2.8201,5.70171,-0.089171,-14.7096,-6.33647,-12.2263,0,1.50618,67,51,-3.77487,18.6265,16.6921,-4.22829,17.0922,16.1898,-0.00724506,-4.3245,17.0807,13.872,0.2,-3,0,0.00412311,-0.00412311,0,0,0
17:45:57.740,0.4,0.6,0.4,2.8201,5.70545,-0.0892717,-14.7051,-6.34106,-12.2287,0,1.50765,67,51,-3.77487,18.6265,16.6921,-4.22829,17.0922,16.1898,-0.00724506,-4.32456,17.0808,13.872,0.2,-3,0,0.00509902,-0.00509902,0,0,0
17:45:57.841,0.4,0.6,0.4,2.8191,5.70779,-0.0893796,-14.7246,-6.34518,-12.2373,0,1.50618,67,51,-3.77487,18.6265,16.6921,-4.22829,17.0922,16.1898,-0.00724506,-4.32472,17.0806,13.873,0.2,-3,0,0.00412311,-0.00412311,0,0,0
17:45:57.940,0.4,0.6,0.4,2.8201,5.71244,-0.0894801,-14.7223,-6.35056,-12.2409,0,1.50765,67,51,-3.77487,18.6265,16.6921,-4.22829,17.0922,16.1898,-0.00724506,-4.3248,17.0807,13.872,0.2,-3,0,0.00509902,-0.00509902,0,0,0
17:45:58.041,0.4,0.6,0.4,2.8211,5.71637,-0.0895731,-14.7457,-6.35561,-12.2514,0,1.50618,67,51,-3.77487,18.6265,16.6921,-4.22829,17.0922,16.1898,-0.00724506,-4.32493,17.0806,13.871,0.2,-3,0,0.00412311,-0.00412311,0,0,0
17:45:58.140,0.4,0.6,0.4,2.8211,5.7199,-0.0896705,-14.7544,-6.36005,-12.2573,0,1.50618,67,51,-3.77487,18.6265,16.6921,-4.22829,17.0922,16.1898,-0.00724506,-4.32501,17.0807,13.871,0.2,-3,0,0.00412311,-0.00412311,0,0,0
17:45:58.241,0.4,0.6,0.4,2.8221,5.72242,-0.0897268,-14.7741,-6.36341,-12.2654,0,1.50474,67,51,-3.77487,18.6265,16.6921,-4.22829,17.0922,16.1898,-0.00724506,-4.32512,17.0805,13.87,0.2,-3,0,0.00316228,-0.00316228,0,0,0
17:45:58.340,0.4,0.6,0.4,2.8231,5.72539,-0.0897788,-14.7679,-6.36659,-12.2661,0,1.50618,67,51,-3.77487,18.6265,16.6921,-4.22829,17.0922,16.1898,-0.00724506,-4.32515,17.0806,13.869,0.2,-3,0,0.00412311,-0.00412311,0,0,0
17:45:58.440,0.4,0.6,0.4,2.8221,5.72506,-0.0898081,-14.7671,-6.36712,-12.2663,0,1.50618,67,51,-3.77487,18.6265,16.6921,-4.22829,17.0922,16.1898,-0.00724506,-4.32523,17.0805,13.87,0.2,-3,0,0.00412311,-0.00412311,0,0,0
17:45:58.540,0.4,0.6,0.4,2.8221,5.72602,-0.0898326,-14.7694,-6.36824,-12.2679,0,1.50618,67,51,-3.77487,18.6265,16.6921,-4.22829,17.0922,16.1898,-0.00724506,-4.32524,17.0805,13.87,0.2,-3,0,0.00412311,-0.00412311,0,0,0
17:45:58.640,0.4,0.6,0.4,2.8221,5.72573,-0.0898374,-14.7822,-6.36846,-12.2716,0,1.50474,67,51,-3.77487,18.6265,16.6921,-4.22829,17.0922,16.1898,-0.00724506,-4.3253,17.0803,13.87,0.2,-3,0,0.00316228,-0.00316228,0,0,0
17:45:58.740,0.4,0.6,0.4,2.8231,5.7273,-0.0898526,-14.7726,-6.36995,-12.2701,0,1.50618,67,51,-3.77487,18.6265,16.6921,-4.22829,17.0922,16.1898,-0.00724506,-4.32531,17.0803,13.869,0.2,-3,0,0.00412311,-0.00412311,0,0,0
17:45:58.840,0.4,0.6,0.4,2.8231,5.72924,-0.0899238,-14.7909,-6.3732,-12.2777,0,1.50474,67,51,-3.77487,18.6265,16.6921,-4.22829,17.0922,16.1898,-0.00724506,-4.32545,17.0801,13.869,0.2,-3,0,0.00316228,-0.00316228,0,0,0
17:45:58.940,0.4,0.6,0.4,2.8231,5.73274,-0.0900238,-14.7859,-6.37776,-12.2799,0,1.50618,67,51,-3.77487,18.6265,16.6921,-4.22829,17.0922,16.1898,-0.00724506,-4.32555,17.0801,13.869,0.2,-3,0,0.00412311,-0.00412311,0,0,0
17:45:59.041,0.4,0.6,0.4,2.8231,5.73367,-0.0900593,-14.7882,-6.37938,-12.2818,0,1.50618,67,51,-3.77487,18.6265,16.6921,-4.22829,17.0922,16.1898,-0.00724506,-4.32562,17.08,13.869,0.2,-3,0,0.00412311,-0.00412311,0,0,0
17:45:59.140,0.4,0.6,0.4,2.8231,5.73338,-0.0900475,-14.7875,-6.37884,-12.2812,0,1.50618,67,51,-3.77487,18.6265,16.6921,-4.22829,17.0922,16.1898,-0.00724506,-4.32559,17.08,13.869,0.2,-3,0,0.00412311,-0.00412311,0,0,0
17:45:59.241,0.4,0.6,0.4,2.8241,5.73368,-0.0900374,-14.7882,-6.37918,-12.2817,0,1.50618,67,51,-3.77487,18.6265,16.6921,-4.22829,17.0922,16.1898,-0.00724506,-4.32563,17.0799,13.868,0.2,-3,0,0.00412311,-0.00412311,0,0,0
17:45:59.340,0.4,0.6,0.4,2.8241,5.73293,-0.0900079,-14.7727,-6.37783,-12.2763,0,1.50765,67,51,-3.77487,18.6265,16.6921,-4.22829,17.0922,16.1898,-0.00724506,-4.32557,17.08,13.868,0.2,-3,0,0.00509902,-0.00509902,0,0,0
17:45:59.440,0.4,0.6,0.4,2.8251,5.73323,-0.0899978,-14.7871,-6.37817,-12.2806,0,1.50618,67,51,-3.77487,18.6265,16.6921,-4.22829,17.0922,16.1898,-0.00724506,-4.3256,17.0798,13.867,0.2,-3,0,0.00412311,-0.00412311,0,0,0
17:45:59.540,0.4,0.6,0.4,2.8251,5.73222,-0.0899621,-14.7709,-6.37655,-12.2748,0,1.50765,67,51,-3.77487,18.6265,16.6921,-4.22829,17.0922,16.1898,-0.00724506,-4.32554,17.0799,13.867,0.2,-3,0,0.00509902,-0.00509902,0,0,0
17:45:59.641,0.4,0.6,0.4,2.8261,5.73407,-0.0899974,-14.7892,-6.37895,-12.2818,0,1.50618,67,51,-3.77487,18.6265,16.6921,-4.22829,17.0922,16.1898,-0.00724506,-4.32562,17.0798,13.866,0.2,-3,0,0.00412311,-0.00412311,0,0,0
17:45:59.740,0.4,0.6,0.4,2.8251,5.73525,-0.0900527,-14.7784,-6.38068,-12.2801,0,1.50765,67,51,-3.77487,18.6265,16.6921,-4.22829,17.0922,16.1898,-0.00724506,-4.32564,17.0799,13.867,0.2,-3,0,0.00509902,-0.00509902,0,0,0
17:45:59.840,0.4,0.6,0.4,2.8261,5.73674,-0.090076,-14.7958,-6.38254,-12.2864,0,1.50618,67,51,-3.77487,18.6265,16.6921,-4.22829,17.0922,16.1898,-0.00724506,-4.32571,17.0798,13.866,0.2,-3,0,0.00412311,-0.00412311,0,0,0
17:45:59.940,0.4,0.6,0.4,2.8271,5.73735,-0.0900585,-14.7973,-6.38254,-12.2868,0,1.50618,67,51,-3.77487,18.6265,16.6921,-4.22829,17.0922,16.1898,-0.00724506,-4.32566,17.0799,13.865,0.2,-3,0,0.00412311,-0.00412311,0,0,0
17:46:00.041,0.4,0.6,0.4,2.8271,5.73501,-0.0900027,-14.7915,-6.38,-12.2832,0,1.50618,67,51,-3.77487,18.6265,16.6921,-4.22829,17.0922,16.1898,-0.00724506,-4.32566,17.0797,13.865,0.2,-3,0,0.00412311,-0.00412311,0,0,0
17:46:00.140,0.4,0.6,0.4,2.8281,5.73355,-0.0899274,-14.7879,-6.37736,-12.2802,0,1.50618,67,51,-3.77487,18.6265,16.6921,-4.22829,17.0922,16.1898,-0.00724506,-4.32557,17.0797,13.864,0.2,-3,0,0.00412311,-0.00412311,0,0,0
17:46:00.241,0.4,0.6,0.4,2.8281,5.73109,-0.0898686,-14.7819,-6.37468,-12.2764,0,1.50618,67,51,-3.77487,18.6265,16.6921,-4.22829,17.0922,16.1898,-0.00724506,-4.32557,17.0795,13.864,0.2,-3,0,0.00412311,-0.00412311,0,0,0
17:46:00.340,0.4,0.6,0.4,2.8281,5.72987,-0.0898296,-14.7789,-6.3729,-12.2742,0,1.50618,67,51,-3.77487,18.6265,16.6921,-4.22829,17.0922,16.1898,-0.00724506,-4.32551,17.0796,13.864,0.2,-3,0,0.00412311,-0.00412311,0,0,0
17:46:00.440,0.4,0.6,0.4,2.8271,5.72672,-0.0897799,-14.7711,-6.36984,-12.2696,0,1.50618,67,51,-3.77487,18.6265,16.6921,-4.22829,17.0922,16.1898,-0.00724506,-4.32552,17.0793,13.865,0.2,-3,0,0.00412311,-0.00412311,0,0,0
17:46:00.540,0.4,0.6,0.4,2.8271,5.7255,-0.0897409,-14.7681,-6.36806,-12.2674,0,1.50618,67,51,-3.77487,18.6265,16.6921,-4.22829,17.0922,16.1898,-0.00724506,-4.32546,17.0794,13.865,0.2,-3,0,0.00412311,-0.00412311,0,0,0
17:46:00.641,0.4,0.6,0.4,2.8271,5.7205,-0.0896066,-14.7558,-6.36193,-12.2591,0,1.50618,67,51,-3.77487,18.6265,16.6921,-4.22829,17.0922,16.1898,-0.00724506,-4.32538,17.0792,13.865,0.2,-3,0,0.00412311,-0.00412311,0,0,0
17:46:00.740,0.4,0.6,0.4,2.8271,5.71512,-0.0894465,-14.7426,-6.35463,-12.2497,0,1.50618,67,51,-3.77487,18.6265,16.6921,-4.22829,17.0922,16.1898,-0.00724506,-4.3252,17.0793,13.865,0.2,-3,0,0.00412311,-0.00412311,0,0,0
17:46:00.840,0.4,0.6,0.4,2.8271,5.70838,-0.0892608,-14.726,-6.34617,-12.2385,0,1.50618,67,51,-3.77487,18.6265,16.6921,-4.22829,17.0922,16.1898,-0.00724506,-4.32506,17.0791,13.865,0.2,-3,0,0.00412311,-0.00412311,0,0,0
17:46:00.940,0.4,0.6,0.4,2.8271,5.70367,-0.0891218,-14.7145,-6.33982,-12.2303,0,1.50618,67,51,-3.77487,18.6265,16.6921,-4.22829,17.0922,16.1898,-0.00724506,-4.3249,17.0791,13.865,0.2,-3,0,0.00412311,-0.00412311,0,0,0
17:46:01.040,0.4,0.6,0.4,2.8271,5.69691,-0.0889388,-14.7113,-6.33148,-12.2229,0,1.50474,67,51,-3.77487,18.6265,16.6921,-4.22829,17.0922,16.1898,-0.00724506,-4.32478,17.0789,13.865,0.2,-3,0,0.00316228,-0.00316228,0,0,0
17:46:01.140,0.4,0.6,0.4,2.8271,5.69056,-0.0887541,-14.6822,-6.32306,-12.2082,0,1.50618,67,51,-3.77487,18.6265,16.6921,-4.22829,17.0922,16.1898,-0.00724506,-4.32459,17.0789,13.865,0.2,-3,0,0.00412311,-0.00412311,0,0,0
17:46:01.241,0.4,0.6,0.4,2.8281,5.68537,-0.0885864,-14.6829,-6.31621,-12.2031,0,1.50474,67,51,-3.77487,18.6265,16.6921,-4.22829,17.0922,16.1898,-0.00724506,-4.32448,17.0786,13.864,0.2,-3,0,0.00316228,-0.00316228,0,0,0
17:46:01.340,0.4,0.6,0.4,2.8281,5.6804,-0.0884411,-14.6572,-6.30958,-12.1907,0,1.50618,67,51,-3.77487,18.6265,16.6921,-4.22829,17.0922,16.1898,-0.00724506,-4.32433,17.0786,13.864,0.2,-3,0,0.00412311,-0.00412311,0,0,0
17:46:01.441,0.4,0.6,0.4,2.8291,5.67871,-0.0883735,-14.6665,-6.3073,-12.1915,0,1.50474,67,51,-3.77487,18.6265,16.6921,-4.22829,17.0922,16.1898,-0.00724506,-4.32431,17.0785,13.863,0.2,-3,0,0.00316228,-0.00316228,0,0,0
17:46:01.540,0.4,0.6,0.4,2.8291,5.67612,-0.0882951,-14.6467,-6.30372,-12.1832,0,1.50618,67,51,-3.77487,18.6265,16.6921,-4.22829,17.0922,16.1898,-0.00724506,-4.32421,17.0785,13.863,0.2,-3,0,0.00412311,-0.00412311,0,0,0
17:46:01.641,0.4,0.6,0.4,2.8301,5.67259,-0.0881702,-14.6514,-6.29883,-12.1807,0,1.50474,67,51,-3.77487,18.6265,16.6921,-4.22829,17.0922,16.1898,-0.00724506,-4.32412,17.0784,13.862,0.2,-3,0,0.00316228,-0.00316228,0,0,0
17:46:01.740,0.4,0.6,0.4,2.8301,5.66777,-0.0880254,-14.6261,-6.29222,-12.1684,0,1.50618,67,51,-3.77487,18.6265,16.6921,-4.22829,17.0922,16.1898,-0.00724506,-4.32395,17.0785,13.862,0.2,-3,0,0.00412311,-0.00412311,0,0,0
17:46:01.841,0.4,0.6,0.4,2.8301,5.66503,-0.0879549,-14.6328,-6.289,-12.1678,0,1.50474,67,51,-3.77487,18.6265,16.6921,-4.22829,17.0922,16.1898,-0.00724506,-4.32392,17.0783,13.862,0.2,-3,0,0.00316228,-0.00316228,0,0,0
17:46:01.940,0.4,0.6,0.4,2.8301,5.66301,-0.0878917,-14.6144,-6.28612,-12.1604,0,1.50618,67,51,-3.77487,18.6265,16.6921,-4.22829,17.0922,16.1898,-0.00724506,-4.32384,17.0784,13.862,0.2,-3,0,0.00412311,-0.00412311,0,0,0
17:46:02.041,0.4,0.6,0.4,2.8291,5.66147,-0.087882,-14.624,-6.28488,-12.1621,0,1.50474,67,51,-3.77487,18.6265,16.6921,-4.22829,17.0922,16.1898,-0.00724506,-4.32385,17.0783,13.863,0.2,-3,0,0.00316228,-0.00316228,0,0,0
17:46:02.140,0.4,0.6,0.4,2.8291,5.66077,-0.0878554,-14.6089,-6.28367,-12.1569,0,1.50618,67,51,-3.77487,18.6265,16.6921,-4.22829,17.0922,16.1898,-0.00724506,-4.3238,17.0784,13.863,0.2,-3,0,0.00412311,-0.00412311,0,0,0
17:46:02.241,0.4,0.6,0.4,2.8301,5.66102,-0.0878424,-14.6229,-6.28387,-12.161,0,1.50474,67,51,-3.77487,18.6265,16.6921,-4.22829,17.0922,16.1898,-0.00724506,-4.32383,17.0782,13.862,0.2,-3,0,0.00316228,-0.00316228,0,0,0
17:46:02.340,0.4,0.6,0.4,2.8301,5.65931,-0.0877884,-14.6053,-6.28141,-12.1542,0,1.50618,67,51,-3.77487,18.6265,16.6921,-4.22829,17.0922,16.1898,-0.00724506,-4.32375,17.0783,13.862,0.2,-3,0,0.00412311,-0.00412311,0,0,0
17:46:02.441,0.4,0.6,0.4,2.8311,5.65138,-0.0875418,-14.5991,-6.27096,-12.1443,0,1.50474,67,51,-3.77487,18.6265,16.6921,-4.22829,17.0922,16.1898,-0.00724506,-4.32356,17.0781,13.861,0.2,-3,0,0.00316228,-0.00316228,0,0,0
17:46:02.540,0.4,0.6,0.4,2.8301,5.64023,-0.087248,-14.5583,-6.25676,-12.1218,0,1.50618,67,51,-3.77487,18.6265,16.6921,-4.22829,17.0922,16.1898,-0.00724506,-4.32327,17.078,13.862,0.2,-3,0,0.00412311,-0.00412311,0,0,0
17:46:02.641,0.4,0.6,0.4,2.8301,5.62491,-0.0868222,-14.5339,-6.23734,-12.0998,0,1.50474,67,51,-3.77487,18.6265,16.6921,-4.22829,17.0922,16.1898,-0.00724506,-4.32293,17.0777,13.862,0.2,-3,0,0.00316228,-0.00316228,0,0,0
17:46:02.740,0.4,0.6,0.4,2.8301,5.60987,-0.0863916,-14.4967,-6.2177,-12.0741,0,1.50474,67,51,-3.77487,18.6265,16.6921,-4.22829,17.0922,16.1898,-0.00724506,-4.32252,17.0775,13.862,0.2,-3,0,0.00316228,-0.00316228,0,0,0
17:46:02.841,0.4,0.6,0.4,2.8301,5.59442,-0.0859627,-14.4586,-6.19813,-12.0482,0,1.50474,67,51,-3.77487,18.6265,16.6921,-4.22829,17.0922,16.1898,-0.00724506,-4.32218,17.0771,13.862,0.2,-3,0,0.00316228,-0.00316228,0,0,0
17:46:02.940,0.4,0.6,0.4,2.8301,5.57951,-0.0855352,-14.4218,-6.17863,-12.0226,0,1.50474,67,51,-3.77487,18.6265,16.6921,-4.22829,17.0922,16.1898,-0.00724506,-4.32178,17.077,13.862,0.2,-3,0,0.00316228,-0.00316228,0,0,0
17:46:03.041,0.4,0.6,0.4,2.8291,5.56626,-0.0851973,-14.3891,-6.16241,-12.0008,0,1.50474,67,51,-3.77487,18.6265,16.6921,-4.22829,17.0922,16.1898,-0.00724506,-4.32152,17.0767,13.863,0.2,-3,0,0.00316228,-0.00316228,0,0,0
17:46:03.140,0.4,0.6,0.4,2.8301,5.55678,-0.0848971,-14.3657,-6.14951,-11.9842,0,1.50474,67,51,-3.77487,18.6265,16.6921,-4.22829,17.0922,16.1898,-0.00724506,-4.32124,17.0766,13.862,0.2,-3,0,0.00316228,-0.00316228,0,0,0
17:46:03.241,0.4,0.6,0.4,2.8301,5.54748,-0.0846412,-14.3427,-6.13784,-11.9687,0,1.50474,67,51,-3.77487,18.6265,16.6921,-4.22829,17.0922,16.1898,-0.00724506,-4.32105,17.0763,13.862,0.2,-3,0,0.00316228,-0.00316228,0,0,0
17:46:03.340,0.4,0.6,0.4,2.8311,5.54144,-0.0844382,-14.3278,-6.12938,-11.9579,0,1.50474,67,51,-3.77487,18.6265,16.6921,-4.22829,17.0922,16.1898,-0.00724506,-4.32085,17.0763,13.861,0.2,-3,0,0.00316228,-0.00316228,0,0,0
17:46:03.441,0.4,0.6,0.4,2.8311,5.53682,-0.0843159,-14.3164,-6.12379,-11.9503,0,1.50474,67,51,-3.77487,18.6265,16.6921,-4.22829,17.0922,16.1898,-0.00724506,-4.32078,17.0761,13.861,0.2,-3,0,0.00316228,-0.00316228,0,0,0
17:46:03.541,0.4,0.6,0.4,2.8321,5.53386,-0.0841981,-14.309,-6.11922,-11.9447,0,1.50474,67,51,-3.77487,18.6265,16.6921,-4.22829,17.0922,16.1898,-0.00724506,-4.32065,17.0761,13.86,0.2,-3,0,0.00316228,-0.00316228,0,0,0
17:46:03.641,0.4,0.6,0.4,2.8341,5.53386,-0.0841514,-14.309,-6.11869,-11.9443,0,1.50474,67,51,-3.77487,18.6265,16.6921,-4.22829,17.0922,16.1898,-0.00724506,-4.32066,17.0759,13.858,0.2,-3,0,0.00316228,-0.00316228,0,0,0
17:46:03.740,0.4,0.6,0.4,2.8331,5.53321,-0.0841552,-14.2943,-6.11806,-11.9397,0,1.50618,67,51,-3.77487,18.6265,16.6921,-4.22829,17.0922,16.1898,-0.00724506,-4.32063,17.076,13.859,0.2,-3,0,0.00412311,-0.00412311,0,0,0
17:46:03.841,0.4,0.6,0.4,2.8321,5.53172,-0.0841401,-14.2906,-6.11657,-11.9375,0,1.50618,67,51,-3.77487,18.6265,16.6921,-4.22829,17.0922,16.1898,-0.00724506,-4.32061,17.076,13.86,0.2,-3,0,0.00412311,-0.00412311,0,0,0
17:46:03.941,0.4,0.6,0.4,2.8311,5.52834,-0.0840623,-14.2823,-6.11222,-11.9318,0,1.50618,67,51,-3.77487,18.6265,16.6921,-4.22829,17.0922,16.1898,-0.00724506,-4.32049,17.0762,13.861,0.2,-3,0,0.00412311,-0.00412311,0,0,0
17:46:04.041,0.4,0.6,0.4,2.8321,5.52813,-0.0840425,-14.2949,-6.11212,-11.9352,0,1.50474,67,51,-3.77487,18.6265,16.6921,-4.22829,17.0922,16.1898,-0.00724506,-4.32055,17.0759,13.86,0.2,-3,0,0.00316228,-0.00316228,0,0,0
17:46:04.141,0.4,0.6,0.4,2.8331,5.52776,-0.0840031,-14.2808,-6.11112,-11.9305,0,1.50618,67,51,-3.77487,18.6265,16.6921,-4.22829,17.0922,16.1898,-0.00724506,-4.32051,17.0759,13.859,0.2,-3,0,0.00412311,-0.00412311,0,0,0
17:46:04.241,0.4,0.6,0.4,2.8331,5.52564,-0.0839425,-14.2756,-6.10835,-11.9269,0,1.50618,67,51,-3.77487,18.6265,16.6921,-4.22829,17.0922,16.1898,-0.00724506,-4.32045,17.0759,13.859,0.2,-3,0,0.00412311,-0.00412311,0,0,0
17:46:04.340,0.4,0.6,0.4,2.8331,5.52491,-0.0839076,-14.2605,-6.10676,-11.9214,0,1.50765,67,51,-3.77487,18.6265,16.6921,-4.22829,17.0922,16.1898,-0.00724506,-4.32035,17.0761,13.859,0.2,-3,0,0.00509902,-0.00509902,0,0,0
17:46:04.441,0.4,0.6,0.4,2.8331,5.52275,-0.0838523,-14.2816,-6.10424,-11.9254,0,1.50474,67,51,-3.77487,18.6265,16.6921,-4.22829,17.0922,16.1898,-0.00724506,-4.32033,17.076,13.859,0.2,-3,0,0.00316228,-0.00316228,0,0,0
17:46:04.540,0.4,0.6,0.4,2.8341,5.52141,-0.0837801,-14.2652,-6.10175,-11.9188,0,1.50618,67,51,-3.77487,18.6265,16.6921,-4.22829,17.0922,16.1898,-0.00724506,-4.32023,17.076,13.858,0.2,-3,0,0.00412311,-0.00412311,0,0,0
17:46:04.641,0.4,0.6,0.4,2.8331,5.5199,-0.0837677,-14.2614,-6.10038,-11.9167,0,1.50618,67,51,-3.77487,18.6265,16.6921,-4.22829,17.0922,16.1898,-0.00724506,-4.32023,17.076,13.859,0.2,-3,0,0.00412311,-0.00412311,0,0,0
17:46:04.740,0.4,0.6,0.4,2.8331,5.51871,-0.0837234,-14.2452,-6.09836,-11.9106,0,1.50765,67,51,-3.77487,18.6265,16.6921,-4.22829,17.0922,16.1898,-0.00724506,-4.32014,17.0762,13.859,0.2,-3,0,0.00509902,-0.00509902,0,0,0
17:46:04.841,0.4,0.6,0.4,2.8331,5.51716,-0.083678,-14.2547,-6.09629,-11.9116,0,1.50618,67,51,-3.77487,18.6265,16.6921,-4.22829,17.0922,16.1898,-0.00724506,-4.32009,17.0762,13.859,0.2,-3,0,0.00412311,-0.00412311,0,0,0
17:46:04.940,0.4,0.6,0.4,2.8331,5.5159,-0.0836335,-14.2515,-6.09425,-11.9092,0,1.50618,67,51,-3.77487,18.6265,16.6921,-4.22829,17.0922,16.1898,-0.00724506,-4.32001,17.0763,13.859,0.2,-3,0,0.00412311,-0.00412311,0,0,0
17:46:05.041,0.4,0.6,0.4,2.8341,5.51525,-0.0835905,-14.2499,-6.0931,-11.9078,0,1.50618,67,51,-3.77487,18.6265,16.6921,-4.22829,17.0922,16.1898,-0.00724506,-4.31999,17.0762,13.858,0.2,-3,0,0.00412311,-0.00412311,0,0,0
17:46:05.140,0.4,0.6,0.4,2.8341,5.51469,-0.0835644,-14.2353,-6.0919,-11.9028,0,1.50765,67,51,-3.77487,18.6265,16.6921,-4.22829,17.0922,16.1898,-0.00724506,-4.31991,17.0764,13.858,0.2,-3,0,0.00509902,-0.00509902,0,0,0
17:46:05.241,0.4,0.6,0.4,2.8341,5.51578,-0.0836002,-14.2513,-6.09354,-11.9085,0,1.50618,67,51,-3.77487,18.6265,16.6921,-4.22829,17.0922,16.1898,-0.00724506,-4.31997,17.0763,13.858,0.2,-3,0,0.00412311,-0.00412311,0,0,0
17:46:05.340,0.4,0.6,0.4,2.8341,5.51601,-0.0836009,-14.2518,-6.09357,-11.9087,0,1.50618,67,51,-3.77487,18.6265,16.6921,-4.22829,17.0922,16.1898,-0.00724506,-4.31994,17.0764,13.858,0.2,-3,0,0.00412311,-0.00412311,0,0,0
17:46:05.441,0.4,0.6,0.4,2.8351,5.51837,-0.0836512,-14.2708,-6.09666,-11.9164,0,1.50474,67,51,-3.77487,18.6265,16.6921,-4.22829,17.0922,16.1898,-0.00724506,-4.32005,17.0762,13.857,0.2,-3,0,0.00316228,-0.00316228,0,0,0
17:46:05.540,0.4,0.6,0.4,2.8361,5.52022,-0.08367,-14.2622,-6.09832,-11.9153,0,1.50618,67,51,-3.77487,18.6265,16.6921,-4.22829,17.0922,16.1898,-0.00724506,-4.32004,17.0763,13.856,0.2,-3,0,0.00412311,-0.00412311,0,0,0
17:46:05.641,0.4,0.6,0.4,2.8351,5.51954,-0.0836873,-14.2736,-6.09831,-11.9185,0,1.50474,67,51,-3.77487,18.6265,16.6921,-4.22829,17.0922,16.1898,-0.00724506,-4.32009,17.0762,13.857,0.2,-3,0,0.00316228,-0.00316228,0,0,0
17:46:05.740,0.4,0.6,0.4,2.8351,5.5185,-0.0836543,-14.2711,-6.0968,-11.9166,0,1.50474,67,51,-3.77487,18.6265,16.6921,-4.22829,17.0922,16.1898,-0.00724506,-4.32005,17.0762,13.857,0.2,-3,0,0.00316228,-0.00316228,0,0,0
17:46:05.841,0.4,0.6,0.4,2.8351,5.5176,-0.0836326,-14.2689,-6.09582,-11.9152,0,1.50474,67,51,-3.77487,18.6265,16.6921,-4.22829,17.0922,16.1898,-0.00724506,-4.32005,17.0762,13.857,0.2,-3,0,0.00316228,-0.00316228,0,0,0
17:46:05.940,0.4,0.6,0.4,2.8351,5.51601,-0.0835817,-14.2649,-6.09349,-11.9123,0,1.50474,67,51,-3.77487,18.6265,16.6921,-4.22829,17.0922,16.1898,-0.00724506,-4.31997,17.0762,13.857,0.2,-3,0,0.00316228,-0.00316228,0,0,0
17:46:06.042,0.4,0.6,0.4,2.8361,5.51573,-0.0835507,-14.2642,-6.09288,-11.9116,0,1.50474,67,51,-3.77487,18.6265,16.6921,-4.22829,17.0922,16.1898,-0.00724506,-4.31997,17.0761,13.856,0.2,-3,0,0.00316228,-0.00316228,0,0,0
17:46:06.140,0.4,0.6,0.4,2.8371,5.51646,-0.0835363,-14.266,-6.09302,-11.9122,0,1.50474,67,51,-3.77487,18.6265,16.6921,-4.22829,17.0922,16.1898,-0.00724506,-4.31992,17.0762,13.855,0.2,-3,0,0.00316228,-0.00316228,0,0,0
17:46:06.241,0.4,0.6,0.4,2.8381,5.51812,-0.08356,-14.2701,-6.0949,-11.9149,0,1.50474,67,51,-3.77487,18.6265,16.6921,-4.22829,17.0922,16.1898,-0.00724506,-4.31997,17.0762,13.854,0.2,-3,0,0.00316228,-0.00316228,0,0,0
17:46:06.340,0.4,0.6,0.4,2.8381,5.5174,-0.0835334,-14.2553,-6.09369,-11.9098,0,1.50618,67,51,-3.77487,18.6265,16.6921,-4.22829,17.0922,16.1898,-0.00724506,-4.31991,17.0762,13.854,0.2,-3,0,0.00412311,-0.00412311,0,0,0
17:46:06.441,0.4,0.6,0.4,2.8371,5.51704,-0.0835598,-14.2675,-6.09409,-11.9135,0,1.50474,67,51,-3.77487,18.6265,16.6921,-4.22829,17.0922,16.1898,-0.00724506,-4.31998,17.0761,13.855,0.2,-3,0,0.00316228,-0.00316228,0,0,0
17:46:06.540,0.4,0.6,0.4,2.8371,5.51743,-0.0835691,-14.2553,-6.09452,-11.9104,0,1.50618,67,51,-3.77487,18.6265,16.6921,-4.22829,17.0922,16.1898,-0.00724506,-4.31998,17.0762,13.855,0.2,-3,0,0.00412311,-0.00412311,0,0,0
17:46:06.641,0.4,0.6,0.4,2.8381,5.51863,-0.0835833,-14.2714,-6.09597,-11.916,0,1.50474,67,51,-3.77487,18.6265,16.6921,-4.22829,17.0922,16.1898,-0.00724506,-4.32004,17.076,13.854,0.2,-3,0,0.00316228,-0.00316228,0,0,0
17:46:06.740,0.4,0.6,0.4,2.8391,5.5191,-0.0835627,-14.2594,-6.09582,-11.9126,0,1.50618,67,51,-3.77487,18.6265,16.6921,-4.22829,17.0922,16.1898,-0.00724506,-4.31999,17.0761,13.853,0.2,-3,0,0.00412311,-0.00412311,0,0,0
17:46:06.841,0.4,0.6,0.4,2.8391,5.51973,-0.0835891,-14.2741,-6.09703,-11.9176,0,1.50474,67,51,-3.77487,18.6265,16.6921,-4.22829,17.0922,16.1898,-0.00724506,-4.32005,17.076,13.853,0.2,-3,0,0.00316228,-0.00316228,0,0,0
17:46:06.940,0.4,0.6,0.4,2.8401,5.52119,-0.0835986,-14.2777,-6.09826,-11.9196,0,1.50474,67,51,-3.77487,18.6265,16.6921,-4.22829,17.0922,16.1898,-0.00724506,-4.32005,17.076,13.852,0.2,-3,0,0.00316228,-0.00316228,0,0,0
17:46:07.041,0.4,0.6,0.4,2.8411,5.52433,-0.0836675,-14.2855,-6.10221,-11.9249,0,1.50474,67,51,-3.77487,18.6265,16.6921,-4.22829,17.0922,16.1898,-0.00724506,-4.32015,17.0759,13.851,0.2,-3,0,0.00316228,-0.00316228,0,0,0
17:46:07.140,0.4,0.6,0.4,2.8411,5.52655,-0.0837257,-14.2778,-6.10486,-11.9248,0,1.50618,67,51,-3.77487,18.6265,16.6921,-4.22829,17.0922,16.1898,-0.00724506,-4.32018,17.076,13.851,0.2,-3,0,0.00412311,-0.00412311,0,0,0
17:46:07.241,0.4,0.6,0.4,2.8401,5.52582,-0.0837401,-14.2892,-6.10472,-11.9278,0,1.50474,67,51,-3.77487,18.6265,16.6921,-4.22829,17.0922,16.1898,-0.00724506,-4.32022,17.0759,13.852,0.2,-3,0,0.00316228,-0.00316228,0,0,0
17:46:07.340,0.4,0.6,0.4,2.8401,5.52555,-0.0837257,-14.2754,-6.10406,-11.9235,0,1.50618,67,51,-3.77487,18.6265,16.6921,-4.22829,17.0922,16.1898,-0.00724506,-4.32018,17.076,13.852,0.2,-3,0,0.00412311,-0.00412311,0,0,0
17:46:07.441,0.4,0.6,0.4,2.8401,5.52401,-0.0836885,-14.2847,-6.10237,-11.9248,0,1.50474,67,51,-3.77487,18.6265,16.6921,-4.22829,17.0922,16.1898,-0.00724506,-4.32018,17.0759,13.852,0.2,-3,0,0.00316228,-0.00316228,0,0,0
17:46:07.540,0.4,0.6,0.4,2.8391,5.52198,-0.0836528,-14.2666,-6.09994,-11.9178,0,1.50618,67,51,-3.77487,18.6265,16.6921,-4.22829,17.0922,16.1898,-0.00724506,-4.32011,17.076,13.853,0.2,-3,0,0.00412311,-0.00412311,0,0,0
17:46:07.641,0.4,0.6,0.4,2.8401,5.52119,-0.0836095,-14.2777,-6.09876,-11.92,0,1.50474,67,51,-3.77487,18.6265,16.6921,-4.22829,17.0922,16.1898,-0.00724506,-4.32011,17.0758,13.852,0.2,-3,0,0.00316228,-0.00316228,0,0,0
17:46:07.740,0.4,0.6,0.4,2.8401,5.51909,-0.0835462,-14.2725,-6.09587,-11.9163,0,1.50474,67,51,-3.77487,18.6265,16.6921,-4.22829,17.0922,16.1898,-0.00724506,-4.32004,17.0759,13.852,0.2,-3,0,0.00316228,-0.00316228,0,0,0
17:46:07.841,0.4,0.6,0.4,2.8391,5.51797,-0.0835513,-14.2698,-6.0953,-11.9151,0,1.50474,67,51,-3.77487,18.6265,16.6921,-4.22829,17.0922,16.1898,-0.00724506,-4.32008,17.0757,13.853,0.2,-3,0,0.00316228,-0.00316228,0,0,0
17:46:07.941,0.4,0.6,0.4,2.8391,5.51874,-0.0835699,-14.2717,-6.09615,-11.9163,0,1.50474,67,51,-3.77487,18.6265,16.6921,-4.22829,17.0922,16.1898,-0.00724506,-4.32008,17.0758,13.853,0.2,-3,0,0.00316228,-0.00316228,0,0,0
17:46:08.041,0.4,0.6,0.4,2.8401,5.5223,-0.0836536,-14.2805,-6.10077,-11.9223,0,1.50474,67,51,-3.77487,18.6265,16.6921,-4.22829,17.0922,16.1898,-0.00724506,-4.32022,17.0756,13.852,0.2,-3,0,0.00316228,-0.00316228,0,0,0
17:46:08.141,0.4,0.6,0.4,2.8401,5.52543,-0.0837417,-14.2882,-6.10479,-11.9276,0,1.50474,67,51,-3.77487,18.6265,16.6921,-4.22829,17.0922,16.1898,-0.00724506,-4.32029,17.0757,13.852,0.2,-3,0,0.00316228,-0.00316228,0,0,0
17:46:08.241,0.4,0.6,0.4,2.8401,5.52658,-0.0837805,-14.291,-6.10656,-11.9298,0,1.50474,67,51,-3.77487,18.6265,16.6921,-4.22829,17.0922,16.1898,-0.00724506,-4.32036,17.0756,13.852,0.2,-3,0,0.00316228,-0.00316228,0,0,0
17:46:08.341,0.4,0.6,0.4,2.8401,5.526,-0.083757,-14.2896,-6.10549,-11.9286,0,1.50474,67,51,-3.77487,18.6265,16.6921,-4.22829,17.0922,16.1898,-0.00724506,-4.3203,17.0757,13.852,0.2,-3,0,0.00316228,-0.00316228,0,0,0
17:46:08.441,0.4,0.6,0.4,2.8401,5.52491,-0.0837293,-14.2869,-6.10423,-11.9268,0,1.50474,67,51,-3.77487,18.6265,16.6921,-4.22829,17.0922,16.1898,-0.00724506,-4.32029,17.0757,13.852,0.2,-3,0,0.00316228,-0.00316228,0,0,0
17:46:08.541,0.4,0.6,0.4,2.8401,5.52335,-0.0836757,-14.2699,-6.10178,-11.9202,0,1.50618,67,51,-3.77487,18.6265,16.6921,-4.22829,17.0922,16.1898,-0.00724506,-4.3202,17.0758,13.852,0.2,-3,0,0.00412311,-0.00412311,0,0,0
17:46:08.641,0.4,0.6,0.4,2.8421,5.52587,-0.0836963,-14.2893,-6.10432,-11.9276,0,1.50474,67,51,-3.77487,18.6265,16.6921,-4.22829,17.0922,16.1898,-0.00724506,-4.32024,17.0757,13.85,0.2,-3,0,0.00316228,-0.00316228,0,0,0
17:46:08.741,0.4,0.6,0.4,2.8411,5.52649,-0.0837337,-14.2777,-6.10523,-11.925,0,1.50618,67,51,-3.77487,18.6265,16.6921,-4.22829,17.0922,16.1898,-0.00724506,-4.32023,17.0759,13.851,0.2,-3,0,0.00412311,-0.00412311,0,0,0
17:46:08.841,0.4,0.6,0.4,2.8421,5.52926,-0.0837906,-14.2977,-6.10862,-11.9333,0,1.50474,67,51,-3.77487,18.6265,16.6921,-4.22829,17.0922,16.1898,-0.00724506,-4.32032,17.0758,13.85,0.2,-3,0,0.00316228,-0.00316228,0,0,0
17:46:08.941,0.4,0.6,0.4,2.8421,5.5308,-0.0838278,-14.2883,-6.11032,-11.932,0,1.50618,67,51,-3.77487,18.6265,16.6921,-4.22829,17.0922,16.1898,-0.00724506,-4.32032,17.0759,13.85,0.2,-3,0,0.00412311,-0.00412311,0,0,0
17:46:09.041,0.4,0.6,0.4,2.8421,5.53249,-0.0838845,-14.3057,-6.11291,-11.9389,0,1.50474,67,51,-3.77487,18.6265,16.6921,-4.22829,17.0922,16.1898,-0.00724506,-4.32041,17.0758,13.85,0.2,-3,0,0.00316228,-0.00316228,0,0,0
17:46:09.141,0.4,0.6,0.4,2.8421,5.53458,-0.0839396,-14.2977,-6.11542,-11.9386,0,1.50618,67,51,-3.77487,18.6265,16.6921,-4.22829,17.0922,16.1898,-0.00724506,-4.32044,17.0759,13.85,0.2,-3,0,0.00412311,-0.00412311,0,0,0
17:46:09.241,0.4,0.6,0.4,2.8421,5.5356,-0.0839753,-14.3134,-6.11705,-11.9442,0,1.50474,67,51,-3.77487,18.6265,16.6921,-4.22829,17.0922,16.1898,-0.00724506,-4.32051,17.0758,13.85,0.2,-3,0,0.00316228,-0.00316228,0,0,0
17:46:09.341,0.4,0.6,0.4,2.8411,5.53558,-0.0839971,-14.3001,-6.11725,-11.9407,0,1.50618,67,51,-3.77487,18.6265,16.6921,-4.22829,17.0922,16.1898,-0.00724506,-4.3205,17.0759,13.851,0.2,-3,0,0.00412311,-0.00412311,0,0,0
17:46:09.441,0.4,0.6,0.4,2.8421,5.53752,-0.0840326,-14.3181,-6.11967,-11.9476,0,1.50474,67,51,-3.77487,18.6265,16.6921,-4.22829,17.0922,16.1898,-0.00724506,-4.32057,17.0758,13.85,0.2,-3,0,0.00316228,-0.00316228,0,0,0
17:46:09.541,0.4,0.6,0.4,2.8431,5.53968,-0.0840605,-14.3103,-6.12174,-11.947,0,1.50618,67,51,-3.77487,18.6265,16.6921,-4.22829,17.0922,16.1898,-0.00724506,-4.32057,17.0759,13.849,0.2,-3,0,0.00412311,-0.00412311,0,0,0
17:46:09.641,0.4,0.6,0.4,2.8441,5.54131,-0.0840869,-14.3275,-6.12374,-11.9534,0,1.50474,67,51,-3.77487,18.6265,16.6921,-4.22829,17.0922,16.1898,-0.00724506,-4.32064,17.0757,13.848,0.2,-3,0,0.00316228,-0.00316228,0,0,0
17:46:09.741,0.4,0.6,0.4,2.8431,5.54158,-0.0841205,-14.315,-6.12448,-11.9505,0,1.50618,67,51,-3.77487,18.6265,16.6921,-4.22829,17.0922,16.1898,-0.00724506,-4.32066,17.0758,13.849,0.2,-3,0,0.00412311,-0.00412311,0,0,0
17:46:09.841,0.4,0.6,0.4,2.8431,5.54152,-0.0841285,-14.328,-6.12484,-11.9544,0,1.50474,67,51,-3.77487,18.6265,16.6921,-4.22829,17.0922,16.1898,-0.00724506,-4.32072,17.0756,13.849,0.2,-3,0,0.00316228,-0.00316228,0,0,0
17:46:09.941,0.4,0.6,0.4,2.8451,5.54359,-0.0841287,-14.3331,-6.12645,-11.9571,0,1.50474,67,51,-3.77487,18.6265,16.6921,-4.22829,17.0922,16.1898,-0.00724506,-4.32071,17.0757,13.847,0.2,-3,0,0.00316228,-0.00316228,0,0,0
17:46:10.041,0.4,0.6,0.4,2.8451,5.54079,-0.084058,-14.3262,-6.12322,-11.9526,0,1.50474,67,51,-3.77487,18.6265,16.6921,-4.22829,17.0922,16.1898,-0.00724506,-4.32069,17.0755,13.847,0.2,-3,0,0.00316228,-0.00316228,0,0,0
17:46:10.141,0.4,0.6,0.4,2.8451,5.5377,-0.0839645,-14.3185,-6.11896,-11.9472,0,1.50474,67,51,-3.77487,18.6265,16.6921,-4.22829,17.0922,16.1898,-0.00724506,-4.32057,17.0755,13.847,0.2,-3,0,0.00316228,-0.00316228,0,0,0
17:46:10.241,0.4,0.6,0.4,2.8451,5.53407,-0.0838723,-14.3096,-6.11475,-11.9414,0,1.50474,67,51,-3.77487,18.6265,16.6921,-4.22829,17.0922,16.1898,-0.00724506,-4.32055,17.0753,13.847,0.2,-3,0,0.00316228,-0.00316228,0,0,0
17:46:10.341,0.4,0.6,0.4,2.8451,5.53066,-0.0837724,-14.3011,-6.11019,-11.9355,0,1.50474,67,51,-3.77487,18.6265,16.6921,-4.22829,17.0922,16.1898,-0.00724506,-4.32044,17.0753,13.847,0.2,-3,0,0.00316228,-0.00316228,0,0,0
17:46:10.441,0.4,0.6,0.4,2.8441,5.53004,-0.0837926,-14.2996,-6.11032,-11.9351,0,1.50474,67,51,-3.77487,18.6265,16.6921,-4.22829,17.0922,16.1898,-0.00724506,-4.32051,17.0751,13.848,0.2,-3,0,0.00316228,-0.00316228,0,0,0
17:46:10.541,0.4,0.6,0.4,2.8451,5.53305,-0.0838475,-14.2939,-6.11362,-11.9361,0,1.50618,67,51,-3.77487,18.6265,16.6921,-4.22829,17.0922,16.1898,-0.00724506,-4.32055,17.0752,13.847,0.2,-3,0,0.00412311,-0.00412311,0,0,0
17:46:10.641,0.4,0.6,0.4,2.8451,5.53489,-0.0839046,-14.2985,-6.11623,-11.9394,0,1.50618,67,51,-3.77487,18.6265,16.6921,-4.22829,17.0922,16.1898,-0.00724506,-4.32062,17.0751,13.847,0.2,-3,0,0.00412311,-0.00412311,0,0,0
17:46:10.741,0.4,0.6,0.4,2.8441,5.53538,-0.0839389,-14.2997,-6.11699,-11.9404,0,1.50618,67,51,-3.77487,18.6265,16.6921,-4.22829,17.0922,16.1898,-0.00724506,-4.32061,17.0753,13.848,0.2,-3,0,0.00412311,-0.00412311,0,0,0
17:46:10.841,0.4,0.6,0.4,2.8431,5.53414,-0.0839409,-14.3097,-6.11629,-11.9426,0,1.50474,67,51,-3.77487,18.6265,16.6921,-4.22829,17.0922,16.1898,-0.00724506,-4.32066,17.0751,13.849,0.2,-3,0,0.00316228,-0.00316228,0,0,0
17:46:10.941,0.4,0.6,0.4,2.8451,5.53546,-0.0839199,-14.313,-6.11693,-11.944,0,1.50474,67,51,-3.77487,18.6265,16.6921,-4.22829,17.0922,16.1898,-0.00724506,-4.32063,17.0752,13.847,0.2,-3,0,0.00316228,-0.00316228,0,0,0
17:46:11.041,0.4,0.6,0.4,2.8451,5.53641,-0.0839554,-14.3153,-6.11854,-11.946,0,1.50474,67,51,-3.77487,18.6265,16.6921,-4.22829,17.0922,16.1898,-0.00724506,-4.32071,17.075,13.847,0.2,-3,0,0.00316228,-0.00316228,0,0,0
17:46:11.141,0.4,0.6,0.4,2.8451,5.5359,-0.0839321,-14.301,-6.11748,-11.9411,0,1.50618,67,51,-3.77487,18.6265,16.6921,-4.22829,17.0922,16.1898,-0.00724506,-4.32064,17.0752,13.847,0.2,-3,0,0.00412311,-0.00412311,0,0,0
17:46:11.241,0.4,0.6,0.4,2.8441,5.53512,-0.0839436,-14.3122,-6.11721,-11.944,0,1.50474,67,51,-3.77487,18.6265,16.6921,-4.22829,17.0922,16.1898,-0.00724506,-4.32068,17.0751,13.848,0.2,-3,0,0.00316228,-0.00316228,0,0,0
17:46:11.341,0.4,0.6,0.4,2.8451,5.53634,-0.0839443,-14.302,-6.11804,-11.9418,0,1.50618,67,51,-3.77487,18.6265,16.6921,-4.22829,17.0922,16.1898,-0.00724506,-4.32065,17.0752,13.847,0.2,-3,0,0.00412311,-0.00412311,0,0,0
17:46:11.441,0.4,0.6,0.4,2.8461,5.5377,-0.0839562,-14.3054,-6.11938,-11.9438,0,1.50618,67,51,-3.77487,18.6265,16.6921,-4.22829,17.0922,16.1898,-0.00724506,-4.32067,17.0752,13.846,0.2,-3,0,0.00412311,-0.00412311,0,0,0
17:46:11.541,0.4,0.6,0.4,2.8461,5.53861,-0.083967,-14.2943,-6.11987,-11.9411,0,1.50765,67,51,-3.77487,18.6265,16.6921,-4.22829,17.0922,16.1898,-0.00724506,-4.3206,17.0754,13.846,0.2,-3,0,0.00509902,-0.00509902,0,0,0
17:46:11.641,0.4,0.6,0.4,2.8451,5.53642,-0.0839335,-14.3022,-6.11755,-11.9415,0,1.50618,67,51,-3.77487,18.6265,16.6921,-4.22829,17.0922,16.1898,-0.00724506,-4.32057,17.0754,13.847,0.2,-3,0,0.00412311,-0.00412311,0,0,0
17:46:11.741,0.4,0.6,0.4,2.8451,5.53448,-0.083868,-14.2975,-6.11455,-11.9378,0,1.50618,67,51,-3.77487,18.6265,16.6921,-4.22829,17.0922,16.1898,-0.00724506,-4.32046,17.0756,13.847,0.2,-3,0,0.00412311,-0.00412311,0,0,0
17:46:11.841,0.4,0.6,0.4,2.8451,5.5326,-0.0838162,-14.2928,-6.11219,-11.9347,0,1.50618,67,51,-3.77487,18.6265,16.6921,-4.22829,17.0922,16.1898,-0.00724506,-4.32042,17.0755,13.847,0.2,-3,0,0.00412311,-0.00412311,0,0,0
17:46:11.941,0.4,0.6,0.4,2.8451,5.5296,-0.0837203,-14.2721,-6.10781,-11.9255,0,1.50765,67,51,-3.77487,18.6265,16.6921,-4.22829,17.0922,16.1898,-0.00724506,-4.32028,17.0757,13.847,0.2,-3,0,0.00509902,-0.00509902,0,0,0
17:46:12.041,0.4,0.6,0.4,2.8451,5.52949,-0.0837254,-14.2851,-6.10805,-11.9293,0,1.50618,67,51,-3.77487,18.6265,16.6921,-4.22829,17.0922,16.1898,-0.00724506,-4.32033,17.0755,13.847,0.2,-3,0,0.00412311,-0.00412311,0,0,0
17:46:12.141,0.4,0.6,0.4,2.8451,5.53147,-0.0837747,-14.2767,-6.1103,-11.9287,0,1.50765,67,51,-3.77487,18.6265,16.6921,-4.22829,17.0922,16.1898,-0.00724506,-4.32034,17.0757,13.847,0.2,-3,0,0.00509902,-0.00509902,0,0,0
17:46:12.241,0.4,0.6,0.4,2.8451,5.53304,-0.0838283,-14.2939,-6.11275,-11.9354,0,1.50618,67,51,-3.77487,18.6265,16.6921,-4.22829,17.0922,16.1898,-0.00724506,-4.32043,17.0755,13.847,0.2,-3,0,0.00412311,-0.00412311,0,0,0
17:46:12.341,0.4,0.6,0.4,2.8451,5.53396,-0.0838473,-14.2828,-6.11361,-11.933,0,1.50765,67,51,-3.77487,18.6265,16.6921,-4.22829,17.0922,16.1898,-0.00724506,-4.32041,17.0757,13.847,0.2,-3,0,0.00509902,-0.00509902,0,0,0
17:46:12.441,0.4,0.6,0.4,2.8441,5.53572,-0.0839235,-14.2872,-6.11629,-11.9363,0,1.50765,67,51,-3.77487,18.6265,16.6921,-4.22829,17.0922,16.1898,-0.00724506,-4.32047,17.0757,13.848,0.2,-3,0,0.00509902,-0.00509902,0,0,0
17:46:12.541,0.4,0.6,0.4,2.8451,5.53969,-0.083992,-14.297,-6.12021,-11.9421,0,1.50765,67,51,-3.77487,18.6265,16.6921,-4.22829,17.0922,16.1898,-0.00724506,-4.32045,17.076,13.847,0.2,-3,0,0.00509902,-0.00509902,0,0,0
17:46:12.641,0.4,0.6,0.4,2.8461,5.5447,-0.0841044,-14.3227,-6.12615,-11.9539,0,1.50618,67,51,-3.77487,18.6265,16.6921,-4.22829,17.0922,16.1898,-0.00724506,-4.32055,17.0761,13.846,0.2,-3,0,0.00412311,-0.00412311,0,0,0
17:46:12.741,0.4,0.6,0.4,2.8461,5.54904,-0.0842124,-14.3201,-6.13107,-11.9571,0,1.50765,67,51,-3.77487,18.6265,16.6921,-4.22829,17.0922,16.1898,-0.00724506,-4.32057,17.0764,13.846,0.2,-3,0,0.00509902,-0.00509902,0,0,0
17:46:12.841,0.4,0.6,0.4,2.8471,5.55434,-0.0843366,-14.3465,-6.13754,-11.9695,0,1.50618,67,51,-3.77487,18.6265,16.6921,-4.22829,17.0922,16.1898,-0.00724506,-4.32069,17.0765,13.845,0.2,-3,0,0.00412311,-0.00412311,0,0,0
17:46:12.941,0.4,0.6,0.4,2.8461,5.5573,-0.0844352,-14.3404,-6.14124,-11.9707,0,1.50765,67,51,-3.77487,18.6265,16.6921,-4.22829,17.0922,16.1898,-0.00724506,-4.32071,17.0767,13.846,0.2,-3,0,0.00509902,-0.00509902,0,0,0
17:46:13.041,0.4,0.6,0.4,2.8451,5.56225,-0.0846023,-14.366,-6.14806,-11.9832,0,1.50618,67,51,-3.77487,18.6265,16.6921,-4.22829,17.0922,16.1898,-0.00724506,-4.32085,17.0769,13.847,0.2,-3,0,0.00412311,-0.00412311,0,0,0
17:46:13.141,0.4,0.6,0.4,2.8451,5.56663,-0.0847158,-14.3634,-6.15324,-11.9865,0,1.50765,67,51,-3.77487,18.6265,16.6921,-4.22829,17.0922,16.1898,-0.00724506,-4.3209,17.0771,13.847,0.2,-3,0,0.00509902,-0.00509902,0,0,0
17:46:13.241,0.4,0.6,0.4,2.8451,5.56899,-0.0847853,-14.3826,-6.15641,-11.9943,0,1.50618,67,51,-3.77487,18.6265,16.6921,-4.22829,17.0922,16.1898,-0.00724506,-4.32097,17.0771,13.847,0.2,-3,0,0.00412311,-0.00412311,0,0,0
17:46:13.341,0.4,0.6,0.4,2.8451,5.57135,-0.0848357,-14.3751,-6.15871,-11.994,0,1.50765,67,51,-3.77487,18.6265,16.6921,-4.22829,17.0922,16.1898,-0.00724506,-4.32093,17.0774,13.847,0.2,-3,0,0.00509902,-0.00509902,0,0,0
17:46:13.441,0.4,0.6,0.4,2.8441,5.57327,-0.0849205,-14.3798,-6.16178,-11.9977,0,1.50765,67,51,-3.77487,18.6265,16.6921,-4.22829,17.0922,16.1898,-0.00724506,-4.32102,17.0774,13.848,0.2,-3,0,0.00509902,-0.00509902,0,0,0
17:46:13.541,0.4,0.6,0.4,2.8451,5.57814,-0.0850216,-14.3918,-6.16719,-12.0053,0,1.50765,67,51,-3.77487,18.6265,16.6921,-4.22829,17.0922,16.1898,-0.00724506,-4.32107,17.0776,13.847,0.2,-3,0,0.00509902,-0.00509902,0,0,0
17:46:13.641,0.4,0.6,0.4,2.8451,5.5831,-0.0851695,-14.4175,-6.17394,-12.0178,0,1.50618,67,51,-3.77487,18.6265,16.6921,-4.22829,17.0922,16.1898,-0.00724506,-4.32124,17.0776,13.847,0.2,-3,0,0.00412311,-0.00412311,0,0,0
17:46:13.741,0.4,0.6,0.4,2.8451,5.58964,-0.0853492,-14.4202,-6.18214,-12.0249,0,1.50765,67,51,-3.77487,18.6265,16.6921,-4.22829,17.0922,16.1898,-0.00724506,-4.32137,17.0777,13.847,0.2,-3,0,0.00509902,-0.00509902,0,0,0
17:46:13.841,0.4,0.6,0.4,2.8451,5.59426,-0.0854907,-14.445,-6.1886,-12.0369,0,1.50618,67,51,-3.77487,18.6265,16.6921,-4.22829,17.0922,16.1898,-0.00724506,-4.32155,17.0776,13.847,0.2,-3,0,0.00412311,-0.00412311,0,0,0
17:46:13.941,0.4,0.6,0.4,2.8471,5.60009,-0.0855972,-14.4594,-6.19505,-12.046,0,1.50618,67,51,-3.77487,18.6265,16.6921,-4.22829,17.0922,16.1898,-0.00724506,-4.32163,17.0777,13.845,0.2,-3,0,0.00412311,-0.00412311,0,0,0
17:46:14.041,0.4,0.6,0.4,2.8481,5.60338,-0.0856747,-14.4675,-6.19939,-12.0516,0,1.50618,67,51,-3.77487,18.6265,16.6921,-4.22829,17.0922,16.1898,-0.00724506,-4.32177,17.0775,13.844,0.2,-3,0,0.00412311,-0.00412311,0,0,0
17:46:14.141,0.4,0.6,0.4,2.8481,5.60617,-0.0857482,-14.4609,-6.20274,-12.0524,0,1.50765,67,51,-3.77487,18.6265,16.6921,-4.22829,17.0922,16.1898,-0.00724506,-4.3218,17.0777,13.844,0.2,-3,0,0.00509902,-0.00509902,0,0,0
17:46:14.241,0.4,0.6,0.4,2.8471,5.60725,-0.0858142,-14.477,-6.20495,-12.0586,0,1.50618,67,51,-3.77487,18.6265,16.6921,-4.22829,17.0922,16.1898,-0.00724506,-4.3219,17.0776,13.845,0.2,-3,0,0.00412311,-0.00412311,0,0,0
17:46:14.341,0.4,0.6,0.4,2.8491,5.61217,-0.0858908,-14.4891,-6.21005,-12.066,0,1.50618,67,51,-3.77487,18.6265,16.6921,-4.22829,17.0922,16.1898,-0.00724506,-4.32194,17.0777,13.843,0.2,-3,0,0.00412311,-0.00412311,0,0,0
17:46:14.441,0.4,0.6,0.4,2.8491,5.61384,-0.0859501,-14.4933,-6.21276,-12.0693,0,1.50618,67,51,-3.77487,18.6265,16.6921,-4.22829,17.0922,16.1898,-0.00724506,-4.32205,17.0776,13.843,0.2,-3,0,0.00412311,-0.00412311,0,0,0
17:46:14.541,0.4,0.6,0.4,2.8491,5.61463,-0.085966,-14.4952,-6.21348,-12.0704,0,1.50618,67,51,-3.77487,18.6265,16.6921,-4.22829,17.0922,16.1898,-0.00724506,-4.32203,17.0777,13.843,0.2,-3,0,0.00412311,-0.00412311,0,0,0
17:46:14.641,0.4,0.6,0.4,2.8491,5.61578,-0.0860048,-14.498,-6.21525,-12.0725,0,1.50618,67,51,-3.77487,18.6265,16.6921,-4.22829,17.0922,16.1898,-0.00724506,-4.3221,17.0776,13.843,0.2,-3,0,0.00412311,-0.00412311,0,0,0
17:46:14.741,0.4,0.6,0.4,2.8501,5.6182,-0.0860389,-14.504,-6.2176,-12.0761,0,1.50618,67,51,-3.77487,18.6265,16.6921,-4.22829,17.0922,16.1898,-0.00724506,-4.3221,17.0777,13.842,0.2,-3,0,0.00412311,-0.00412311,0,0,0
17:46:14.841,0.4,0.6,0.4,2.8491,5.61677,-0.0860349,-14.5005,-6.21662,-12.0743,0,1.50618,67,51,-3.77487,18.6265,16.6921,-4.22829,17.0922,16.1898,-0.00724506,-4.32213,17.0776,13.843,0.2,-3,0,0.00412311,-0.00412311,0,0,0
17:46:14.941,0.4,0.6,0.4,2.8511,5.61883,-0.0860269,-14.5056,-6.21786,-12.0767,0,1.50618,67,51,-3.77487,18.6265,16.6921,-4.22829,17.0922,16.1898,-0.00724506,-4.32208,17.0777,13.841,0.2,-3,0,0.00412311,-0.00412311,0,0,0
17:46:15.041,0.4,0.6,0.4,2.8501,5.61732,-0.0860145,-14.5018,-6.21649,-12.0746,0,1.50618,67,51,-3.77487,18.6265,16.6921,-4.22829,17.0922,16.1898,-0.00724506,-4.32208,17.0777,13.842,0.2,-3,0,0.00412311,-0.00412311,0,0,0
17:46:15.141,0.4,0.6,0.4,2.8501,5.61627,-0.0859733,-14.4858,-6.21461,-12.0686,0,1.50765,67,51,-3.77487,18.6265,16.6921,-4.22829,17.0922,16.1898,-0.00724506,-4.32198,17.0779,13.842,0.2,-3,0,0.00509902,-0.00509902,0,0,0
17:46:15.241,0.4,0.6,0.4,2.8501,5.61511,-0.0859454,-14.4964,-6.21334,-12.0706,0,1.50618,67,51,-3.77487,18.6265,16.6921,-4.22829,17.0922,16.1898,-0.00724506,-4.32198,17.0778,13.842,0.2,-3,0,0.00412311,-0.00412311,0,0,0
17:46:15.341,0.4,0.6,0.4,2.8491,5.61317,-0.08591,-14.4916,-6.21092,-12.0674,0,1.50618,67,51,-3.77487,18.6265,16.6921,-4.22829,17.0922,16.1898,-0.00724506,-4.32191,17.0779,13.843,0.2,-3,0,0.00412311,-0.00412311,0,0,0
17:46:15.441,0.4,0.6,0.4,2.8501,5.61495,-0.0859368,-14.496,-6.21295,-12.0702,0,1.50618,67,51,-3.77487,18.6265,16.6921,-4.22829,17.0922,16.1898,-0.00724506,-4.32195,17.0778,13.842,0.2,-3,0,0.00412311,-0.00412311,0,0,0
17:46:15.541,0.4,0.6,0.4,2.8501,5.61665,-0.0859743,-14.4867,-6.21466,-12.0689,0,1.50765,67,51,-3.77487,18.6265,16.6921,-4.22829,17.0922,16.1898,-0.00724506,-4.32194,17.078,13.842,0.2,-3,0,0.00509902,-0.00509902,0,0,0
17:46:15.641,0.4,0.6,0.4,2.8511,5.61742,-0.0859737,-14.5021,-6.21543,-12.0738,0,1.50618,67,51,-3.77487,18.6265,16.6921,-4.22829,17.0922,16.1898,-0.00724506,-4.32196,17.0779,13.841,0.2,-3,0,0.00412311,-0.00412311,0,0,0
17:46:15.741,0.4,0.6,0.4,2.8521,5.61743,-0.0859353,-14.4886,-6.21448,-12.0693,0,1.50765,67,51,-3.77487,18.6265,16.6921,-4.22829,17.0922,16.1898,-0.00724506,-4.32188,17.0781,13.84,0.2,-3,0,0.00509902,-0.00509902,0,0,0
17:46:15.841,0.4,0.6,0.4,2.8521,5.61559,-0.0858864,-14.4976,-6.21225,-12.0701,0,1.50618,67,51,-3.77487,18.6265,16.6921,-4.22829,17.0922,16.1898,-0.00724506,-4.32185,17.078,13.84,0.2,-3,0,0.00412311,-0.00412311,0,0,0
17:46:15.941,0.4,0.6,0.4,2.8511,5.61272,-0.0858237,-14.4905,-6.20859,-12.0652,0,1.50618,67,51,-3.77487,18.6265,16.6921,-4.22829,17.0922,16.1898,-0.00724506,-4.32175,17.0781,13.841,0.2,-3,0,0.00412311,-0.00412311,0,0,0
17:46:16.041,0.4,0.6,0.4,2.8521,5.61155,-0.0857684,-14.4876,-6.20687,-12.0631,0,1.50618,67,51,-3.77487,18.6265,16.6921,-4.22829,17.0922,16.1898,-0.00724506,-4.32173,17.078,13.84,0.2,-3,0,0.00412311,-0.00412311,0,0,0
17:46:16.141,0.4,0.6,0.4,2.8521,5.61015,-0.0857235,-14.4841,-6.20482,-12.0605,0,1.50618,67,51,-3.77487,18.6265,16.6921,-4.22829,17.0922,16.1898,-0.00724506,-4.32166,17.0781,13.84,0.2,-3,0,0.00412311,-0.00412311,0,0,0
17:46:16.241,0.4,0.6,0.4,2.8511,5.60755,-0.0856834,-14.4777,-6.20219,-12.0567,0,1.50618,67,51,-3.77487,18.6265,16.6921,-4.22829,17.0922,16.1898,-0.00724506,-4.32165,17.078,13.841,0.2,-3,0,0.00412311,-0.00412311,0,0,0
17:46:16.341,0.4,0.6,0.4,2.8511,5.60552,-0.0856203,-14.4727,-6.19931,-12.053,0,1.50618,67,51,-3.77487,18.6265,16.6921,-4.22829,17.0922,16.1898,-0.00724506,-4.32157,17.078,13.841,0.2,-3,0,0.00412311,-0.00412311,0,0,0
17:46:16.441,0.4,0.6,0.4,2.8501,5.60373,-0.0856044,-14.4816,-6.19778,-12.0543,0,1.50474,67,51,-3.77487,18.6265,16.6921,-4.22829,17.0922,16.1898,-0.00724506,-4.32159,17.0779,13.842,0.2,-3,0,0.00316228,-0.00316228,0,0,0
17:46:16.541,0.4,0.6,0.4,2.8501,5.60289,-0.0855747,-14.4663,-6.19643,-12.049,0,1.50618,67,51,-3.77487,18.6265,16.6921,-4.22829,17.0922,16.1898,-0.00724506,-4.32153,17.078,13.842,0.2,-3,0,0.00412311,-0.00412311,0,0,0
17:46:16.641,0.4,0.6,0.4,2.8491,5.60078,-0.0855497,-14.4743,-6.19449,-12.0497,0,1.50474,67,51,-3.77487,18.6265,16.6921,-4.22829,17.0922,16.1898,-0.00724506,-4.32154,17.0779,13.843,0.2,-3,0,0.00316228,-0.00316228,0,0,0
17:46:16.741,0.4,0.6,0.4,2.8501,5.60121,-0.0855262,-14.4621,-6.19422,-12.0461,0,1.50618,67,51,-3.77487,18.6265,16.6921,-4.22829,17.0922,16.1898,-0.00724506,-4.32148,17.078,13.842,0.2,-3,0,0.00412311,-0.00412311,0,0,0
17:46:16.841,0.4,0.6,0.4,2.8501,5.60259,-0.0855739,-14.4788,-6.19639,-12.0524,0,1.50474,67,51,-3.77487,18.6265,16.6921,-4.22829,17.0922,16.1898,-0.00724506,-4.32157,17.0779,13.842,0.2,-3,0,0.00316228,-0.00316228,0,0,0
17:46:16.941,0.4,0.6,0.4,2.8501,5.60419,-0.0856139,-14.4695,-6.19822,-12.0513,0,1.50618,67,51,-3.77487,18.6265,16.6921,-4.22829,17.0922,16.1898,-0.00724506,-4.32158,17.078,13.842,0.2,-3,0,0.00412311,-0.00412311,0,0,0
17:46:17.041,0.4,0.6,0.4,2.8511,5.6082,-0.0857072,-14.4794,-6.20327,-12.058,0,1.50618,67,51,-3.77487,18.6265,16.6921,-4.22829,17.0922,16.1898,-0.00724506,-4.3217,17.0779,13.841,0.2,-3,0,0.00412311,-0.00412311,0,0,0
17:46:17.141,0.4,0.6,0.4,2.8511,5.61063,-0.0857686,-14.4853,-6.20608,-12.0618,0,1.50618,67,51,-3.77487,18.6265,16.6921,-4.22829,17.0922,16.1898,-0.00724506,-4.32172,17.078,13.841,0.2,-3,0,0.00412311,-0.00412311,0,0,0
17:46:17.241,0.4,0.6,0.4,2.8511,5.61105,-0.0857917,-14.4997,-6.20713,-12.0667,0,1.50474,67,51,-3.77487,18.6265,16.6921,-4.22829,17.0922,16.1898,-0.00724506,-4.32179,17.0779,13.841,0.2,-3,0,0.00316228,-0.00316228,0,0,0
17:46:17.341,0.4,0.6,0.4,2.8511,5.61107,-0.0857891,-14.4864,-6.20701,-12.0629,0,1.50618,67,51,-3.77487,18.6265,16.6921,-4.22829,17.0922,16.1898,-0.00724506,-4.32178,17.0779,13.841,0.2,-3,0,0.00412311,-0.00412311,0,0,0
17:46:17.441,0.4,0.6,0.4,2.8511,5.61017,-0.0857674,-14.4842,-6.20602,-12.0615,0,1.50618,67,51,-3.77487,18.6265,16.6921,-4.22829,17.0922,16.1898,-0.00724506,-4.32178,17.0778,13.841,0.2,-3,0,0.00412311,-0.00412311,0,0,0
17:46:17.541,0.4,0.6,0.4,2.8501,5.6075,-0.085708,-14.4776,-6.20251,-12.0569,0,1.50618,67,51,-3.77487,18.6265,16.6921,-4.22829,17.0922,16.1898,-0.00724506,-4.32166,17.078,13.842,0.2,-3,0,0.00412311,-0.00412311,0,0,0
17:46:17.641,0.4,0.6,0.4,2.8501,5.60419,-0.0856139,-14.4695,-6.19822,-12.0513,0,1.50618,67,51,-3.77487,18.6265,16.6921,-4.22829,17.0922,16.1898,-0.00724506,-4.32158,17.078,13.842,0.2,-3,0,0.00412311,-0.00412311,0,0,0
17:46:17.741,0.4,0.6,0.4,2.8491,5.59916,-0.085485,-14.4571,-6.19154,-12.0426,0,1.50618,67,51,-3.77487,18.6265,16.6921,-4.22829,17.0922,16.1898,-0.00724506,-4.32139,17.0782,13.843,0.2,-3,0,0.00412311,-0.00412311,0,0,0
17:46:17.841,0.4,0.6,0.4,2.8491,5.59851,-0.0854695,-14.4555,-6.19083,-12.0416,0,1.50618,67,51,-3.77487,18.6265,16.6921,-4.22829,17.0922,16.1898,-0.00724506,-4.32139,17.0781,13.843,0.2,-3,0,0.00412311,-0.00412311,0,0,0
17:46:17.941,0.4,0.6,0.4,2.8491,5.59808,-0.0854464,-14.4544,-6.18978,-12.0405,0,1.50618,67,51,-3.77487,18.6265,16.6921,-4.22829,17.0922,16.1898,-0.00724506,-4.32131,17.0783,13.843,0.2,-3,0,0.00412311,-0.00412311,0,0,0
17:46:18.041,0.4,0.6,0.4,2.8491,5.59729,-0.0854305,-14.4657,-6.18905,-12.0431,0,1.50474,67,51,-3.77487,18.6265,16.6921,-4.22829,17.0922,16.1898,-0.00724506,-4.32133,17.0782,13.843,0.2,-3,0,0.00316228,-0.00316228,0,0,0
17:46:18.141,0.4,0.6,0.4,2.8491,5.59671,-0.085407,-14.451,-6.18798,-12.0381,0,1.50618,67,51,-3.77487,18.6265,16.6921,-4.22829,17.0922,16.1898,-0.00724506,-4.32127,17.0783,13.843,0.2,-3,0,0.00412311,-0.00412311,0,0,0
17:46:18.241,0.4,0.6,0.4,2.8491,5.59625,-0.0853975,-14.4499,-6.18754,-12.0375,0,1.50618,67,51,-3.77487,18.6265,16.6921,-4.22829,17.0922,16.1898,-0.00724506,-4.32128,17.0782,13.843,0.2,-3,0,0.00412311,-0.00412311,0,0,0
17:46:18.341,0.4,0.6,0.4,2.8481,5.59529,-0.0853922,-14.4475,-6.1865,-12.036,0,1.50618,67,51,-3.77487,18.6265,16.6921,-4.22829,17.0922,16.1898,-0.00724506,-4.32125,17.0783,13.844,0.2,-3,0,0.00412311,-0.00412311,0,0,0
17:46:18.441,0.4,0.6,0.4,2.8491,5.60138,-0.0855432,-14.4625,-6.19419,-12.0462,0,1.50618,67,51,-3.77487,18.6265,16.6921,-4.22829,17.0922,16.1898,-0.00724506,-4.32142,17.0783,13.843,0.2,-3,0,0.00412311,-0.00412311,0,0,0
17:46:18.541,0.4,0.6,0.4,2.8491,5.60503,-0.0856437,-14.4715,-6.19877,-12.0523,0,1.50618,67,51,-3.77487,18.6265,16.6921,-4.22829,17.0922,16.1898,-0.00724506,-4.32149,17.0784,13.843,0.2,-3,0,0.00412311,-0.00412311,0,0,0
17:46:18.641,0.4,0.6,0.4,2.8501,5.61386,-0.0858817,-14.5066,-6.21044,-12.0712,0,1.50474,67,51,-3.77487,18.6265,16.6921,-4.22829,17.0922,16.1898,-0.00724506,-4.32178,17.0782,13.842,0.2,-3,0,0.00316228,-0.00316228,0,0,0
17:46:18.741,0.4,0.6,0.4,2.8501,5.62124,-0.0860911,-14.5115,-6.21999,-12.08,0,1.50618,67,51,-3.77487,18.6265,16.6921,-4.22829,17.0922,16.1898,-0.00724506,-4.32197,17.0783,13.842,0.2,-3,0,0.00412311,-0.00412311,0,0,0
17:46:18.841,0.4,0.6,0.4,2.8501,5.62874,-0.0863145,-14.5433,-6.23018,-12.0969,0,1.50474,67,51,-3.77487,18.6265,16.6921,-4.22829,17.0922,16.1898,-0.00724506,-4.32223,17.0782,13.842,0.2,-3,0,0.00316228,-0.00316228,0,0,0
17:46:18.941,0.4,0.6,0.4,2.8501,5.63566,-0.0865145,-14.5604,-6.2393,-12.1088,0,1.50474,67,51,-3.77487,18.6265,16.6921,-4.22829,17.0922,16.1898,-0.00724506,-4.32243,17.0783,13.842,0.2,-3,0,0.00316228,-0.00316228,0,0,0
17:46:19.041,0.4,0.6,0.4,2.8491,5.64163,-0.0867255,-14.5751,-6.24813,-12.1198,0,1.50474,67,51,-3.77487,18.6265,16.6921,-4.22829,17.0922,16.1898,-0.00724506,-4.32268,17.0782,13.843,0.2,-3,0,0.00316228,-0.00316228,0,0,0
17:46:19.141,0.4,0.6,0.4,2.8501,5.65027,-0.0869411,-14.583,-6.25876,-12.1303,0,1.50618,67,51,-3.77487,18.6265,16.6921,-4.22829,17.0922,16.1898,-0.00724506,-4.32287,17.0783,13.842,0.2,-3,0,0.00412311,-0.00412311,0,0,0
17:46:19.241,0.4,0.6,0.4,2.8491,5.65391,-0.0870799,-14.6054,-6.26429,-12.1409,0,1.50474,67,51,-3.77487,18.6265,16.6921,-4.22829,17.0922,16.1898,-0.00724506,-4.32303,17.0782,13.843,0.2,-3,0,0.00316228,-0.00316228,0,0,0
17:46:19.341,0.4,0.6,0.4,2.8491,5.65924,-0.0872289,-14.6185,-6.27109,-12.1498,0,1.50474,67,51,-3.77487,18.6265,16.6921,-4.22829,17.0922,16.1898,-0.00724506,-4.32316,17.0783,13.843,0.2,-3,0,0.00316228,-0.00316228,0,0,0
17:46:19.441,0.4,0.6,0.4,2.8491,5.66323,-0.0873522,-14.6283,-6.27672,-12.157,0,1.50474,67,51,-3.77487,18.6265,16.6921,-4.22829,17.0922,16.1898,-0.00724506,-4.32332,17.0782,13.843,0.2,-3,0,0.00316228,-0.00316228,0,0,0
17:46:19.541,0.4,0.6,0.4,2.8501,5.66913,-0.087489,-14.6295,-6.28376,-12.1628,0,1.50618,67,51,-3.77487,18.6265,16.6921,-4.22829,17.0922,16.1898,-0.00724506,-4.32343,17.0783,13.842,0.2,-3,0,0.00412311,-0.00412311,0,0,0
17:46:19.641,0.4,0.6,0.4,2.8491,5.67121,-0.0875825,-14.6346,-6.28722,-12.1669,0,1.50618,67,51,-3.77487,18.6265,16.6921,-4.22829,17.0922,16.1898,-0.00724506,-4.32354,17.0783,13.843,0.2,-3,0,0.00412311,-0.00412311,0,0,0
17:46:19.741,0.4,0.6,0.4,2.8491,5.67507,-0.0876863,-14.6441,-6.29195,-12.1733,0,1.50618,67,51,-3.77487,18.6265,16.6921,-4.22829,17.0922,16.1898,-0.00724506,-4.32361,17.0784,13.843,0.2,-3,0,0.00412311,-0.00412311,0,0,0
17:46:19.841,0.4,0.6,0.4,2.8491,5.67587,-0.0877186,-14.6595,-6.29343,-12.1787,0,1.50474,67,51,-3.77487,18.6265,16.6921,-4.22829,17.0922,16.1898,-0.00724506,-4.32368,17.0783,13.843,0.2,-3,0,0.00316228,-0.00316228,0,0,0
17:46:19.941,0.4,0.6,0.4,2.8491,5.67613,-0.0877248,-14.6467,-6.29371,-12.1754,0,1.50618,67,51,-3.77487,18.6265,16.6921,-4.22829,17.0922,16.1898,-0.00724506,-4.32368,17.0783,13.843,0.2,-3,0,0.00412311,-0.00412311,0,0,0
17:46:20.041,0.4,0.6,0.4,2.8481,5.67702,-0.0877849,-14.6489,-6.29565,-12.1775,0,1.50618,67,51,-3.77487,18.6265,16.6921,-4.22829,17.0922,16.1898,-0.00724506,-4.32377,17.0782,13.844,0.2,-3,0,0.00412311,-0.00412311,0,0,0
17:46:20.141,0.4,0.6,0.4,2.8481,5.68044,-0.0878765,-14.6573,-6.29983,-12.1831,0,1.50618,67,51,-3.77487,18.6265,16.6921,-4.22829,17.0922,16.1898,-0.00724506,-4.32383,17.0783,13.844,0.2,-3,0,0.00412311,-0.00412311,0,0,0
17:46:20.241,0.4,0.6,0.4,2.8481,5.68337,-0.0879695,-14.6779,-6.30407,-12.1922,0,1.50474,67,51,-3.77487,18.6265,16.6921,-4.22829,17.0922,16.1898,-0.00724506,-4.32396,17.0782,13.844,0.2,-3,0,0.00316228,-0.00316228,0,0,0
17:46:20.341,0.4,0.6,0.4,2.8491,5.68838,-0.0880819,-14.6903,-6.31,-12.2003,0,1.50474,67,51,-3.77487,18.6265,16.6921,-4.22829,17.0922,16.1898,-0.00724506,-4.32405,17.0783,13.843,0.2,-3,0,0.00316228,-0.00316228,0,0,0
17:46:20.441,0.4,0.6,0.4,2.8481,5.68736,-0.0880846,-14.6878,-6.30932,-12.199,0,1.50474,67,51,-3.77487,18.6265,16.6921,-4.22829,17.0922,16.1898,-0.00724506,-4.32407,17.0782,13.844,0.2,-3,0,0.00316228,-0.00316228,0,0,0
17:46:20.541,0.4,0.6,0.4,2.8481,5.6871,-0.0880702,-14.6871,-6.30866,-12.1984,0,1.50474,67,51,-3.77487,18.6265,16.6921,-4.22829,17.0922,16.1898,-0.00724506,-4.32403,17.0784,13.844,0.2,-3,0,0.00316228,-0.00316228,0,0,0
17:46:20.641,0.4,0.6,0.4,2.8481,5.6843,-0.0879967,-14.6802,-6.30531,-12.1938,0,1.50474,67,51,-3.77487,18.6265,16.6921,-4.22829,17.0922,16.1898,-0.00724506,-4.32399,17.0782,13.844,0.2,-3,0,0.00316228,-0.00316228,0,0,0
17:46:20.741,0.4,0.6,0.4,2.8491,5.68385,-0.0879489,-14.6791,-6.30393,-12.1924,0,1.50474,67,51,-3.77487,18.6265,16.6921,-4.22829,17.0922,16.1898,-0.00724506,-4.32391,17.0783,13.843,0.2,-3,0,0.00316228,-0.00316228,0,0,0
17:46:20.841,0.4,0.6,0.4,2.8481,5.67845,-0.0878271,-14.6788,-6.29758,-12.1874,0,1.50335,67,51,-3.77487,18.6265,16.6921,-4.22829,17.0922,16.1898,-0.00724506,-4.32382,17.0782,13.844,0.2,-3,0,0.00223607,-0.00223607,0,0,0
17:46:20.941,0.4,0.6,0.4,2.8481,5.67451,-0.0877067,-14.6561,-6.29208,-12.1767,0,1.50474,67,51,-3.77487,18.6265,16.6921,-4.22829,17.0922,16.1898,-0.00724506,-4.32367,17.0783,13.844,0.2,-3,0,0.00316228,-0.00316228,0,0,0
17:46:21.041,0.4,0.6,0.4,2.8491,5.67023,-0.0875606,-14.6456,-6.28622,-12.1692,0,1.50474,67,51,-3.77487,18.6265,16.6921,-4.22829,17.0922,16.1898,-0.00724506,-4.32355,17.0782,13.843,0.2,-3,0,0.00316228,-0.00316228,0,0,0
17:46:21.141,0.4,0.6,0.4,2.8491,5.66554,-0.0874189,-14.634,-6.27976,-12.1609,0,1.50474,67,51,-3.77487,18.6265,16.6921,-4.22829,17.0922,16.1898,-0.00724506,-4.32338,17.0782,13.843,0.2,-3,0,0.00316228,-0.00316228,0,0,0
17:46:21.241,0.4,0.6,0.4,2.8491,5.66202,-0.0873215,-14.6253,-6.27531,-12.155,0,1.50474,67,51,-3.77487,18.6265,16.6921,-4.22829,17.0922,16.1898,-0.00724506,-4.32331,17.0781,13.843,0.2,-3,0,0.00316228,-0.00316228,0,0,0
17:46:21.341,0.4,0.6,0.4,2.8491,5.66025,-0.0872646,-14.621,-6.27272,-12.1518,0,1.50474,67,51,-3.77487,18.6265,16.6921,-4.22829,17.0922,16.1898,-0.00724506,-4.32322,17.0782,13.843,0.2,-3,0,0.00316228,-0.00316228,0,0,0
17:46:21.441,0.4,0.6,0.4,2.8491,5.6586,-0.0872216,-14.6169,-6.27076,-12.1491,0,1.50474,67,51,-3.77487,18.6265,16.6921,-4.22829,17.0922,16.1898,-0.00724506,-4.3232,17.0781,13.843,0.2,-3,0,0.00316228,-0.00316228,0,0,0
17:46:21.541,0.4,0.6,0.4,2.8501,5.65895,-0.0871979,-14.6178,-6.27048,-12.1492,0,1.50474,67,51,-3.77487,18.6265,16.6921,-4.22829,17.0922,16.1898,-0.00724506,-4.32316,17.0782,13.842,0.2,-3,0,0.00316228,-0.00316228,0,0,0
17:46:21.641,0.4,0.6,0.4,2.8501,5.65546,-0.0871061,-14.6092,-6.26629,-12.1435,0,1.50474,67,51,-3.77487,18.6265,16.6921,-4.22829,17.0922,16.1898,-0.00724506,-4.32311,17.0781,13.842,0.2,-3,0,0.00316228,-0.00316228,0,0,0
17:46:21.741,0.4,0.6,0.4,2.8501,5.65336,-0.0870428,-14.604,-6.2634,-12.1398,0,1.50474,67,51,-3.77487,18.6265,16.6921,-4.22829,17.0922,16.1898,-0.00724506,-4.32303,17.0781,13.842,0.2,-3,0,0.00316228,-0.00316228,0,0,0
17:46:21.841,0.4,0.6,0.4,2.8481,5.65111,-0.0870448,-14.5985,-6.26189,-12.137,0,1.50474,67,51,-3.77487,18.6265,16.6921,-4.22829,17.0922,16.1898,-0.00724506,-4.32308,17.0779,13.844,0.2,-3,0,0.00316228,-0.00316228,0,0,0
17:46:21.941,0.4,0.6,0.4,2.8491,5.65304,-0.0870721,-14.6032,-6.26394,-12.14,0,1.50474,67,51,-3.77487,18.6265,16.6921,-4.22829,17.0922,16.1898,-0.00724506,-4.32311,17.0779,13.843,0.2,-3,0,0.00316228,-0.00316228,0,0,0
17:46:22.041,0.4,0.6,0.4,2.8481,5.65145,-0.0870677,-14.6122,-6.26294,-12.1417,0,1.50335,67,51,-3.77487,18.6265,16.6921,-4.22829,17.0922,16.1898,-0.00724506,-4.32316,17.0777,13.844,0.2,-3,0,0.00223607,-0.00223607,0,0,0
17:46:22.141,0.4,0.6,0.4,2.8481,5.65156,-0.0870735,-14.6125,-6.2632,-12.142,0,1.50335,67,51,-3.77487,18.6265,16.6921,-4.22829,17.0922,16.1898,-0.00724506,-4.32318,17.0777,13.844,0.2,-3,0,0.00223607,-0.00223607,0,0,0
17:46:22.241,0.4,0.6,0.4,2.8481,5.64942,-0.0870237,-14.6105,-6.26093,-12.1397,0,1.503,67,51,-3.77487,18.6265,16.6921,-4.22829,17.0922,16.1898,-0.00724506,-4.32319,17.0775,13.844,0.2,-3,0,0.002,-0.002,0,0,0
17:46:22.341,0.4,0.6,0.4,2.8491,5.64871,-0.0869779,-14.5925,-6.25964,-12.1336,0,1.50474,67,51,-3.77487,18.6265,16.6921,-4.22829,17.0922,16.1898,-0.00724506,-4.32316,17.0774,13.843,0.2,-3,0,0.00316228,-0.00316228,0,0,0
17:46:22.441,0.4,0.6,0.4,2.8481,5.64331,-0.0868562,-14.5921,-6.25329,-12.1286,0,1.50335,67,51,-3.77487,18.6265,16.6921,-4.22829,17.0922,16.1898,-0.00724506,-4.32307,17.0773,13.844,0.2,-3,0,0.00223607,-0.00223607,0,0,0
17:46:22.541,0.4,0.6,0.4,2.8481,5.63811,-0.0867021,-14.5664,-6.24626,-12.1159,0,1.50474,67,51,-3.77487,18.6265,16.6921,-4.22829,17.0922,16.1898,-0.00724506,-4.3229,17.0773,13.844,0.2,-3,0,0.00316228,-0.00316228,0,0,0
17:46:22.641,0.4,0.6,0.4,2.8491,5.633,-0.0865346,-14.5667,-6.23942,-12.1106,0,1.50335,67,51,-3.77487,18.6265,16.6921,-4.22829,17.0922,16.1898,-0.00724506,-4.32278,17.0771,13.843,0.2,-3,0,0.00223607,-0.00223607,0,0,0
17:46:22.741,0.4,0.6,0.4,2.8491,5.6271,-0.0863621,-14.5393,-6.23155,-12.0968,0,1.50474,67,51,-3.77487,18.6265,16.6921,-4.22829,17.0922,16.1898,-0.00724506,-4.3226,17.0771,13.843,0.2,-3,0,0.00316228,-0.00316228,0,0,0
17:46:22.841,0.4,0.6,0.4,2.8491,5.62157,-0.0862098,-14.5385,-6.2246,-12.0912,0,1.50335,67,51,-3.77487,18.6265,16.6921,-4.22829,17.0922,16.1898,-0.00724506,-4.32248,17.077,13.843,0.2,-3,0,0.00223607,-0.00223607,0,0,0
17:46:22.941,0.4,0.6,0.4,2.8481,5.6171,-0.0861071,-14.5274,-6.21912,-12.0838,0,1.50335,67,51,-3.77487,18.6265,16.6921,-4.22829,17.0922,16.1898,-0.00724506,-4.32237,17.077,13.844,0.2,-3,0,0.00223607,-0.00223607,0,0,0
17:46:23.041,0.4,0.6,0.4,2.8471,5.61184,-0.0859967,-14.5177,-6.21328,-12.0765,0,1.503,67,51,-3.77487,18.6265,16.6921,-4.22829,17.0922,16.1898,-0.00724506,-4.32232,17.0768,13.845,0.2,-3,0,0.002,-0.002,0,0,0
17:46:23.141,0.4,0.6,0.4,2.8481,5.60828,-0.0858663,-14.4928,-6.20813,-12.0655,0,1.50474,67,51,-3.77487,18.6265,16.6921,-4.22829,17.0922,16.1898,-0.00724506,-4.3222,17.0767,13.844,0.2,-3,0,0.00316228,-0.00316228,0,0,0
17:46:23.241,0.4,0.6,0.4,2.8481,5.60508,-0.085778,-14.4849,-6.2041,-12.0602,0,1.50474,67,51,-3.77487,18.6265,16.6921,-4.22829,17.0922,16.1898,-0.00724506,-4.32213,17.0766,13.844,0.2,-3,0,0.00316228,-0.00316228,0,0,0
17:46:23.341,0.4,0.6,0.4,2.8481,5.60318,-0.085718,-14.4803,-6.20136,-12.0567,0,1.50474,67,51,-3.77487,18.6265,16.6921,-4.22829,17.0922,16.1898,-0.00724506,-4.32205,17.0767,13.844,0.2,-3,0,0.00316228,-0.00316228,0,0,0
17:46:23.441,0.4,0.6,0.4,2.8481,5.60358,-0.0857355,-14.4973,-6.20216,-12.0621,0,1.503,67,51,-3.77487,18.6265,16.6921,-4.22829,17.0922,16.1898,-0.00724506,-4.3221,17.0766,13.844,0.2,-3,0,0.002,-0.002,0,0,0
17:46:23.541,0.4,0.6,0.4,2.8501,5.60785,-0.0857966,-14.5046,-6.20655,-12.0676,0,1.50335,67,51,-3.77487,18.6265,16.6921,-4.22829,17.0922,16.1898,-0.00724506,-4.32213,17.0767,13.842,0.2,-3,0,0.00223607,-0.00223607,0,0,0
17:46:23.641,0.4,0.6,0.4,2.8481,5.60971,-0.0859086,-14.4964,-6.21006,-12.068,0,1.50474,67,51,-3.77487,18.6265,16.6921,-4.22829,17.0922,16.1898,-0.00724506,-4.32225,17.0767,13.844,0.2,-3,0,0.00316228,-0.00316228,0,0,0
17:46:23.741,0.4,0.6,0.4,2.8471,5.61022,-0.0859402,-14.4976,-6.2107,-12.0689,0,1.50474,67,51,-3.77487,18.6265,16.6921,-4.22829,17.0922,16.1898,-0.00724506,-4.32222,17.0769,13.845,0.2,-3,0,0.00316228,-0.00316228,0,0,0
17:46:23.841,0.4,0.6,0.4,2.8461,5.61246,-0.0860341,-14.5031,-6.21418,-12.0731,0,1.50474,67,51,-3.77487,18.6265,16.6921,-4.22829,17.0922,16.1898,-0.00724506,-4.32231,17.0769,13.846,0.2,-3,0,0.00316228,-0.00316228,0,0,0
17:46:23.941,0.4,0.6,0.4,2.8471,5.6156,-0.086092,-14.5237,-6.21763,-12.0816,0,1.50335,67,51,-3.77487,18.6265,16.6921,-4.22829,17.0922,16.1898,-0.00724506,-4.32235,17.077,13.845,0.2,-3,0,0.00223607,-0.00223607,0,0,0
17:46:24.041,0.4,0.6,0.4,2.8491,5.62011,-0.086162,-14.522,-6.22242,-12.0849,0,1.50474,67,51,-3.77487,18.6265,16.6921,-4.22829,17.0922,16.1898,-0.00724506,-4.32241,17.0771,13.843,0.2,-3,0,0.00316228,-0.00316228,0,0,0
17:46:24.141,0.4,0.6,0.4,2.8461,5.62075,-0.0862542,-14.4968,-6.22423,-12.0792,0,1.50765,67,51,-3.77487,18.6265,16.6921,-4.22829,17.0922,16.1898,-0.00724506,-4.32244,17.0773,13.846,0.2,-3,0,0.00509902,-0.00509902,0,0,0
17:46:24.241,0.4,0.6,0.4,2.8441,5.62147,-0.0863083,-14.5121,-6.2251,-12.0842,0,1.50618,67,51,-3.77487,18.6265,16.6921,-4.22829,17.0922,16.1898,-0.00724506,-4.32237,17.0777,13.848,0.2,-3,0,0.00412311,-0.00412311,0,0,0
17:46:24.341,0.4,0.6,0.4,2.8431,5.61917,-0.0862609,-14.5325,-6.22213,-12.0876,0,1.50335,67,51,-3.77487,18.6265,16.6921,-4.22829,17.0922,16.1898,-0.00724506,-4.32228,17.0779,13.849,0.2,-3,0,0.00223607,-0.00223607,0,0,0
17:46:24.441,0.4,0.6,0.4,2.8451,5.62444,-0.0863603,-14.5456,-6.22827,-12.096,0,1.50335,67,51,-3.77487,18.6265,16.6921,-4.22829,17.0922,16.1898,-0.00724506,-4.3224,17.0778,13.847,0.2,-3,0,0.00223607,-0.00223607,0,0,0
17:46:24.541,0.4,0.6,0.4,2.8461,5.63169,-0.0865283,-14.5237,-6.23673,-12.0965,0,1.50765,67,51,-3.77487,18.6265,16.6921,-4.22829,17.0922,16.1898,-0.00724506,-4.3225,17.0781,13.846,0.2,-3,0,0.00509902,-0.00509902,0,0,0
17:46:24.641,0.4,0.6,0.4,2.8451,5.6349,-0.0866275,-14.5316,-6.24046,-12.1016,0,1.50765,67,51,-3.77487,18.6265,16.6921,-4.22829,17.0922,16.1898,-0.00724506,-4.32249,17.0785,13.847,0.2,-3,0,0.00509902,-0.00509902,0,0,0
17:46:24.741,0.4,0.6,0.4,2.8431,5.63667,-0.0867229,-14.5629,-6.24321,-12.1125,0,1.50474,67,51,-3.77487,18.6265,16.6921,-4.22829,17.0922,16.1898,-0.00724506,-4.32252,17.0787,13.849,0.2,-3,0,0.00316228,-0.00316228,0,0,0
17:46:24.841,0.4,0.6,0.4,2.8441,5.6413,-0.0868343,-14.5872,-6.24909,-12.1239,0,1.50335,67,51,-3.77487,18.6265,16.6921,-4.22829,17.0922,16.1898,-0.00724506,-4.32266,17.0786,13.848,0.2,-3,0,0.00223607,-0.00223607,0,0,0
17:46:24.941,0.4,0.6,0.4,2.8441,5.64454,-0.0869199,-14.5554,-6.253,-12.118,0,1.50765,67,51,-3.77487,18.6265,16.6921,-4.22829,17.0922,16.1898,-0.00724506,-4.32271,17.0788,13.848,0.2,-3,0,0.00509902,-0.00509902,0,0,0
17:46:25.041,0.4,0.6,0.4,2.8431,5.64702,-0.0870035,-14.5478,-6.25601,-12.1183,0,1.50912,67,51,-3.77487,18.6265,16.6921,-4.22829,17.0922,16.1898,-0.00724506,-4.32271,17.0791,13.849,0.2,-3,0,0.00608276,-0.00608276,0,0,0
17:46:25.141,0.4,0.6,0.4,2.8421,5.6486,-0.0870571,-14.5654,-6.25766,-12.1245,0,1.50765,67,51,-3.77487,18.6265,16.6921,-4.22829,17.0922,16.1898,-0.00724506,-4.32266,17.0794,13.85,0.2,-3,0,0.00509902,-0.00509902,0,0,0
17:46:25.241,0.4,0.6,0.4,2.8431,5.6482,-0.0870204,-14.5913,-6.25678,-12.1311,0,1.50474,67,51,-3.77487,18.6265,16.6921,-4.22829,17.0922,16.1898,-0.00724506,-4.32264,17.0793,13.849,0.2,-3,0,0.00316228,-0.00316228,0,0,0
17:46:25.341,0.4,0.6,0.4,2.8441,5.64873,-0.0870027,-14.5792,-6.25677,-12.1277,0,1.50618,67,51,-3.77487,18.6265,16.6921,-4.22829,17.0922,16.1898,-0.00724506,-4.32261,17.0794,13.848,0.2,-3,0,0.00412311,-0.00412311,0,0,0
17:46:25.441,0.4,0.6,0.4,2.8431,5.652,-0.0871131,-14.5737,-6.26101,-12.1294,0,1.50765,67,51,-3.77487,18.6265,16.6921,-4.22829,17.0922,16.1898,-0.00724506,-4.32265,17.0796,13.849,0.2,-3,0,0.00509902,-0.00509902,0,0,0
17:46:25.541,0.4,0.6,0.4,2.8421,5.65535,-0.0872237,-14.582,-6.26525,-12.135,0,1.50765,67,51,-3.77487,18.6265,16.6921,-4.22829,17.0922,16.1898,-0.00724506,-4.32269,17.0799,13.85,0.2,-3,0,0.00509902,-0.00509902,0,0,0
17:46:25.641,0.4,0.6,0.4,2.8421,5.65844,-0.0873171,-14.6165,-6.26951,-12.1481,0,1.50474,67,51,-3.77487,18.6265,16.6921,-4.22829,17.0922,16.1898,-0.00724506,-4.32281,17.0799,13.85,0.2,-3,0,0.00316228,-0.00316228,0,0,0
17:46:25.741,0.4,0.6,0.4,2.8441,5.6628,-0.0873867,-14.6273,-6.27429,-12.1548,0,1.50474,67,51,-3.77487,18.6265,16.6921,-4.22829,17.0922,16.1898,-0.00724506,-4.32288,17.0798,13.848,0.2,-3,0,0.00316228,-0.00316228,0,0,0
17:46:25.841,0.4,0.6,0.4,2.8451,5.6661,-0.0874451,-14.6084,-6.27775,-12.1522,0,1.50765,67,51,-3.77487,18.6265,16.6921,-4.22829,17.0922,16.1898,-0.00724506,-4.3229,17.08,13.847,0.2,-3,0,0.00509902,-0.00509902,0,0,0
17:46:25.941,0.4,0.6,0.4,2.8451,5.66716,-0.0874589,-14.611,-6.27838,-12.1534,0,1.50765,67,51,-3.77487,18.6265,16.6921,-4.22829,17.0922,16.1898,-0.00724506,-4.32283,17.0803,13.847,0.2,-3,0,0.00509902,-0.00509902,0,0,0
17:46:26.041,0.4,0.6,0.4,2.8441,5.66494,-0.0874199,-14.6191,-6.2758,-12.1537,0,1.50618,67,51,-3.77487,18.6265,16.6921,-4.22829,17.0922,16.1898,-0.00724506,-4.32278,17.0803,13.848,0.2,-3,0,0.00412311,-0.00412311,0,0,0
17:46:26.141,0.4,0.6,0.4,2.8441,5.6624,-0.0873444,-14.6129,-6.27236,-12.1492,0,1.50618,67,51,-3.77487,18.6265,16.6921,-4.22829,17.0922,16.1898,-0.00724506,-4.32269,17.0803,13.848,0.2,-3,0,0.00412311,-0.00412311,0,0,0
17:46:26.241,0.4,0.6,0.4,2.8441,5.65964,-0.0872574,-14.5925,-6.26839,-12.1405,0,1.50765,67,51,-3.77487,18.6265,16.6921,-4.22829,17.0922,16.1898,-0.00724506,-4.32257,17.0805,13.848,0.2,-3,0,0.00509902,-0.00509902,0,0,0
17:46:26.341,0.4,0.6,0.4,2.8431,5.657,-0.0871953,-14.586,-6.26476,-12.1358,0,1.50765,67,51,-3.77487,18.6265,16.6921,-4.22829,17.0922,16.1898,-0.00724506,-4.32244,17.0807,13.849,0.2,-3,0,0.00509902,-0.00509902,0,0,0
17:46:26.441,0.4,0.6,0.4,2.8441,5.65579,-0.0871262,-14.5966,-6.26241,-12.1369,0,1.50618,67,51,-3.77487,18.6265,16.6921,-4.22829,17.0922,16.1898,-0.00724506,-4.32234,17.0808,13.848,0.2,-3,0,0.00412311,-0.00412311,0,0,0
17:46:26.541,0.4,0.6,0.4,2.8461,5.65452,-0.0870268,-14.5935,-6.25947,-12.1338,0,1.50618,67,51,-3.77487,18.6265,16.6921,-4.22829,17.0922,16.1898,-0.00724506,-4.32222,17.0808,13.846,0.2,-3,0,0.00412311,-0.00412311,0,0,0
17:46:26.641,0.4,0.6,0.4,2.8471,5.65396,-0.0869814,-14.5921,-6.2582,-12.1324,0,1.50618,67,51,-3.77487,18.6265,16.6921,-4.22829,17.0922,16.1898,-0.00724506,-4.32217,17.0808,13.845,0.2,-3,0,0.00412311,-0.00412311,0,0,0
17:46:26.741,0.4,0.6,0.4,2.8461,5.65161,-0.086931,-14.5728,-6.2551,-12.1246,0,1.50765,67,51,-3.77487,18.6265,16.6921,-4.22829,17.0922,16.1898,-0.00724506,-4.32207,17.081,13.846,0.2,-3,0,0.00509902,-0.00509902,0,0,0
17:46:26.841,0.4,0.6,0.4,2.8441,5.64823,-0.0868834,-14.5644,-6.25133,-12.1193,0,1.50765,67,51,-3.77487,18.6265,16.6921,-4.22829,17.0922,16.1898,-0.00724506,-4.32198,17.0811,13.848,0.2,-3,0,0.00509902,-0.00509902,0,0,0
17:46:26.941,0.4,0.6,0.4,2.8461,5.64949,-0.0868512,-14.5676,-6.25146,-12.1203,0,1.50765,67,51,-3.77487,18.6265,16.6921,-4.22829,17.0922,16.1898,-0.00724506,-4.3219,17.0813,13.846,0.2,-3,0,0.00509902,-0.00509902,0,0,0
17:46:27.041,0.4,0.6,0.4,2.8481,5.65529,-0.086963,-14.5954,-6.25816,-12.1333,0,1.50618,67,51,-3.77487,18.6265,16.6921,-4.22829,17.0922,16.1898,-0.00724506,-4.32202,17.0813,13.844,0.2,-3,0,0.00412311,-0.00412311,0,0,0
17:46:27.141,0.4,0.6,0.4,2.8481,5.66083,-0.0871153,-14.5955,-6.26511,-12.1387,0,1.50765,67,51,-3.77487,18.6265,16.6921,-4.22829,17.0922,16.1898,-0.00724506,-4.32213,17.0814,13.844,0.2,-3,0,0.00509902,-0.00509902,0,0,0
17:46:27.241,0.4,0.6,0.4,2.8471,5.66718,-0.0873218,-14.6111,-6.27373,-12.1498,0,1.50765,67,51,-3.77487,18.6265,16.6921,-4.22829,17.0922,16.1898,-0.00724506,-4.32231,17.0816,13.845,0.2,-3,0,0.00509902,-0.00509902,0,0,0
17:46:27.341,0.4,0.6,0.4,2.8461,5.67453,-0.0875476,-14.6291,-6.28323,-12.1623,0,1.50765,67,51,-3.77487,18.6265,16.6921,-4.22829,17.0922,16.1898,-0.00724506,-4.32247,17.0818,13.846,0.2,-3,0,0.00509902,-0.00509902,0,0,0
17:46:27.441,0.4,0.6,0.4,2.8461,5.67912,-0.0876835,-14.6541,-6.28943,-12.1741,0,1.50618,67,51,-3.77487,18.6265,16.6921,-4.22829,17.0922,16.1898,-0.00724506,-4.32262,17.0818,13.846,0.2,-3,0,0.00412311,-0.00412311,0,0,0
17:46:27.541,0.4,0.6,0.4,2.8471,5.68339,-0.0877747,-14.6646,-6.29439,-12.1809,0,1.50618,67,51,-3.77487,18.6265,16.6921,-4.22829,17.0922,16.1898,-0.00724506,-4.32269,17.0819,13.845,0.2,-3,0,0.00412311,-0.00412311,0,0,0
17:46:27.641,0.4,0.6,0.4,2.8471,5.68414,-0.087796,-14.6528,-6.29536,-12.1784,0,1.50765,67,51,-3.77487,18.6265,16.6921,-4.22829,17.0922,16.1898,-0.00724506,-4.32271,17.0819,13.845,0.2,-3,0,0.00509902,-0.00509902,0,0,0
17:46:27.741,0.4,0.6,0.4,2.8451,5.68209,-0.0877848,-14.6477,-6.29325,-12.1753,0,1.50765,67,51,-3.77487,18.6265,16.6921,-4.22829,17.0922,16.1898,-0.00724506,-4.32265,17.082,13.847,0.2,-3,0,0.00509902,-0.00509902,0,0,0
17:46:27.841,0.4,0.6,0.4,2.8461,5.68281,-0.0877813,-14.6631,-6.29389,-12.1801,0,1.50618,67,51,-3.77487,18.6265,16.6921,-4.22829,17.0922,16.1898,-0.00724506,-4.32267,17.082,13.846,0.2,-3,0,0.00412311,-0.00412311,0,0,0
17:46:27.941,0.4,0.6,0.4,2.8451,5.68139,-0.0877665,-14.6596,-6.29241,-12.178,0,1.50618,67,51,-3.77487,18.6265,16.6921,-4.22829,17.0922,16.1898,-0.00724506,-4.32264,17.082,13.847,0.2,-3,0,0.00412311,-0.00412311,0,0,0
17:46:28.041,0.4,0.6,0.4,2.8471,5.68342,-0.087772,-14.6646,-6.29426,-12.1808,0,1.50618,67,51,-3.77487,18.6265,16.6921,-4.22829,17.0922,16.1898,-0.00724506,-4.32267,17.0819,13.845,0.2,-3,0,0.00412311,-0.00412311,0,0,0
17:46:28.141,0.4,0.6,0.4,2.8471,5.68269,-0.0877481,-14.6628,-6.29317,-12.1795,0,1.50618,67,51,-3.77487,18.6265,16.6921,-4.22829,17.0922,16.1898,-0.00724506,-4.32264,17.082,13.845,0.2,-3,0,0.00412311,-0.00412311,0,0,0
17:46:28.241,0.4,0.6,0.4,2.8471,5.6817,-0.0877262,-14.6604,-6.29217,-12.178,0,1.50618,67,51,-3.77487,18.6265,16.6921,-4.22829,17.0922,16.1898,-0.00724506,-4.32264,17.0819,13.845,0.2,-3,0,0.00412311,-0.00412311,0,0,0
17:46:28.341,0.4,0.6,0.4,2.8491,5.68199,-0.0876722,-14.6475,-6.29131,-12.1737,0,1.50765,67,51,-3.77487,18.6265,16.6921,-4.22829,17.0922,16.1898,-0.00724506,-4.32257,17.0819,13.843,0.2,-3,0,0.00509902,-0.00509902,0,0,0
17:46:28.441,0.4,0.6,0.4,2.8491,5.68101,-0.0876503,-14.6451,-6.29031,-12.1723,0,1.50765,67,51,-3.77487,18.6265,16.6921,-4.22829,17.0922,16.1898,-0.00724506,-4.32258,17.0818,13.843,0.2,-3,0,0.00509902,-0.00509902,0,0,0
17:46:28.541,0.4,0.6,0.4,2.8491,5.68064,-0.0876383,-14.6442,-6.28977,-12.1716,0,1.50765,67,51,-3.77487,18.6265,16.6921,-4.22829,17.0922,16.1898,-0.00724506,-4.32256,17.0818,13.843,0.2,-3,0,0.00509902,-0.00509902,0,0,0
17:46:28.641,0.4,0.6,0.4,2.8481,5.6791,-0.0876369,-14.654,-6.2889,-12.1737,0,1.50618,67,51,-3.77487,18.6265,16.6921,-4.22829,17.0922,16.1898,-0.00724506,-4.32263,17.0816,13.844,0.2,-3,0,0.00412311,-0.00412311,0,0,0
17:46:28.741,0.4,0.6,0.4,2.8491,5.67961,-0.08763,-14.6553,-6.28939,-12.1744,0,1.50618,67,51,-3.77487,18.6265,16.6921,-4.22829,17.0922,16.1898,-0.00724506,-4.32265,17.0815,13.843,0.2,-3,0,0.00412311,-0.00412311,0,0,0
17:46:28.841,0.4,0.6,0.4,2.8501,5.67927,-0.0876044,-14.6544,-6.28902,-12.1739,0,1.50618,67,51,-3.77487,18.6265,16.6921,-4.22829,17.0922,16.1898,-0.00724506,-4.32269,17.0813,13.842,0.2,-3,0,0.00412311,-0.00412311,0,0,0
17:46:28.941,0.4,0.6,0.4,2.8491,5.6771,-0.0875766,-14.6491,-6.28695,-12.1708,0,1.50618,67,51,-3.77487,18.6265,16.6921,-4.22829,17.0922,16.1898,-0.00724506,-4.32269,17.0812,13.843,0.2,-3,0,0.00412311,-0.00412311,0,0,0
17:46:29.041,0.4,0.6,0.4,2.8501,5.67826,-0.0876017,-14.6519,-6.2889,-12.1731,0,1.50618,67,51,-3.77487,18.6265,16.6921,-4.22829,17.0922,16.1898,-0.00724506,-4.32282,17.0808,13.842,0.2,-3,0,0.00412311,-0.00412311,0,0,0
17:46:29.141,0.4,0.6,0.4,2.8491,5.67771,-0.0876221,-14.6506,-6.28903,-12.1728,0,1.50618,67,51,-3.77487,18.6265,16.6921,-4.22829,17.0922,16.1898,-0.00724506,-4.32287,17.0807,13.843,0.2,-3,0,0.00412311,-0.00412311,0,0,0
17:46:29.241,0.4,0.6,0.4,2.8491,5.67611,-0.0875903,-14.6466,-6.28758,-12.1706,0,1.50618,67,51,-3.77487,18.6265,16.6921,-4.22829,17.0922,16.1898,-0.00724506,-4.32291,17.0805,13.843,0.2,-3,0,0.00412311,-0.00412311,0,0,0
17:46:29.341,0.4,0.6,0.4,2.8501,5.67433,-0.0875142,-14.6423,-6.2849,-12.1673,0,1.50618,67,51,-3.77487,18.6265,16.6921,-4.22829,17.0922,16.1898,-0.00724506,-4.32285,17.0804,13.842,0.2,-3,0,0.00412311,-0.00412311,0,0,0
17:46:29.441,0.4,0.6,0.4,2.8501,5.67571,-0.0875619,-14.6457,-6.28708,-12.1699,0,1.50618,67,51,-3.77487,18.6265,16.6921,-4.22829,17.0922,16.1898,-0.00724506,-4.32294,17.0803,13.842,0.2,-3,0,0.00412311,-0.00412311,0,0,0
17:46:29.541,0.4,0.6,0.4,2.8501,5.67875,-0.0876524,-14.6531,-6.29121,-12.1752,0,1.50618,67,51,-3.77487,18.6265,16.6921,-4.22829,17.0922,16.1898,-0.00724506,-4.32304,17.0802,13.842,0.2,-3,0,0.00412311,-0.00412311,0,0,0
17:46:29.641,0.4,0.6,0.4,2.8501,5.68316,-0.0877906,-14.664,-6.29751,-12.1832,0,1.50618,67,51,-3.77487,18.6265,16.6921,-4.22829,17.0922,16.1898,-0.00724506,-4.32323,17.0801,13.842,0.2,-3,0,0.00412311,-0.00412311,0,0,0
17:46:29.741,0.4,0.6,0.4,2.8501,5.68679,-0.0878938,-14.6729,-6.30222,-12.1893,0,1.50618,67,51,-3.77487,18.6265,16.6921,-4.22829,17.0922,16.1898,-0.00724506,-4.32333,17.0801,13.842,0.2,-3,0,0.00412311,-0.00412311,0,0,0
17:46:29.841,0.4,0.6,0.4,2.8511,5.69168,-0.0880114,-14.6849,-6.30838,-12.1975,0,1.50618,67,51,-3.77487,18.6265,16.6921,-4.22829,17.0922,16.1898,-0.00724506,-4.32347,17.0801,13.841,0.2,-3,0,0.00412311,-0.00412311,0,0,0
17:46:29.941,0.4,0.6,0.4,2.8521,5.6941,-0.0880537,-14.7044,-6.31111,-12.2051,0,1.50474,67,51,-3.77487,18.6265,16.6921,-4.22829,17.0922,16.1898,-0.00724506,-4.32351,17.0801,13.84,0.2,-3,0,0.00316228,-0.00316228,0,0,0
17:46:30.041,0.4,0.6,0.4,2.8541,5.69688,-0.0880887,-14.7112,-6.31431,-12.2095,0,1.50474,67,51,-3.77487,18.6265,16.6921,-4.22829,17.0922,16.1898,-0.00724506,-4.32361,17.0799,13.838,0.2,-3,0,0.00316228,-0.00316228,0,0,0
17:46:30.141,0.4,0.6,0.4,2.8531,5.6957,-0.0880827,-14.6948,-6.31324,-12.2041,0,1.50618,67,51,-3.77487,18.6265,16.6921,-4.22829,17.0922,16.1898,-0.00724506,-4.3236,17.0799,13.839,0.2,-3,0,0.00412311,-0.00412311,0,0,0
17:46:30.241,0.4,0.6,0.4,2.8531,5.69635,-0.0881064,-14.6964,-6.31432,-12.2054,0,1.50618,67,51,-3.77487,18.6265,16.6921,-4.22829,17.0922,16.1898,-0.00724506,-4.32365,17.0798,13.839,0.2,-3,0,0.00412311,-0.00412311,0,0,0
17:46:30.341,0.4,0.6,0.4,2.8531,5.69643,-0.0881067,-14.6966,-6.31433,-12.2054,0,1.50618,67,51,-3.77487,18.6265,16.6921,-4.22829,17.0922,16.1898,-0.00724506,-4.32364,17.0798,13.839,0.2,-3,0,0.00412311,-0.00412311,0,0,0
17:46:30.441,0.4,0.6,0.4,2.8531,5.69568,-0.0880936,-14.7083,-6.31373,-12.2082,0,1.50474,67,51,-3.77487,18.6265,16.6921,-4.22829,17.0922,16.1898,-0.00724506,-4.32367,17.0797,13.839,0.2,-3,0,0.00316228,-0.00316228,0,0,0
17:46:30.541,0.4,0.6,0.4,2.8531,5.69363,-0.0880332,-14.6898,-6.31098,-12.2009,0,1.50618,67,51,-3.77487,18.6265,16.6921,-4.22829,17.0922,16.1898,-0.00724506,-4.3236,17.0797,13.839,0.2,-3,0,0.00412311,-0.00412311,0,0,0
17:46:30.641,0.4,0.6,0.4,2.8531,5.68842,-0.0878791,-14.6769,-6.30395,-12.1918,0,1.50618,67,51,-3.77487,18.6265,16.6921,-4.22829,17.0922,16.1898,-0.00724506,-4.32343,17.0797,13.839,0.2,-3,0,0.00412311,-0.00412311,0,0,0
17:46:30.741,0.4,0.6,0.4,2.8531,5.68474,-0.0877648,-14.6813,-6.29874,-12.189,0,1.50474,67,51,-3.77487,18.6265,16.6921,-4.22829,17.0922,16.1898,-0.00724506,-4.32328,17.0798,13.839,0.2,-3,0,0.00316228,-0.00316228,0,0,0
17:46:30.841,0.4,0.6,0.4,2.8541,5.68006,-0.0876012,-14.6698,-6.29207,-12.1806,0,1.50474,67,51,-3.77487,18.6265,16.6921,-4.22829,17.0922,16.1898,-0.00724506,-4.32312,17.0798,13.838,0.2,-3,0,0.00316228,-0.00316228,0,0,0
17:46:30.941,0.4,0.6,0.4,2.8531,5.67063,-0.0873506,-14.6466,-6.27984,-12.1645,0,1.50474,67,51,-3.77487,18.6265,16.6921,-4.22829,17.0922,16.1898,-0.00724506,-4.32283,17.0799,13.839,0.2,-3,0,0.00316228,-0.00316228,0,0,0
17:46:31.041,0.4,0.6,0.4,2.8531,5.66433,-0.0871688,-14.631,-6.27155,-12.1537,0,1.50474,67,51,-3.77487,18.6265,16.6921,-4.22829,17.0922,16.1898,-0.00724506,-4.32265,17.0798,13.839,0.2,-3,0,0.00316228,-0.00316228,0,0,0
17:46:31.141,0.4,0.6,0.4,2.8541,5.65814,-0.0869545,-14.6158,-6.26257,-12.1424,0,1.50474,67,51,-3.77487,18.6265,16.6921,-4.22829,17.0922,16.1898,-0.00724506,-4.32241,17.0799,13.838,0.2,-3,0,0.00316228,-0.00316228,0,0,0
17:46:31.241,0.4,0.6,0.4,2.8541,5.65501,-0.0868746,-14.6081,-6.25893,-12.1374,0,1.50474,67,51,-3.77487,18.6265,16.6921,-4.22829,17.0922,16.1898,-0.00724506,-4.32238,17.0797,13.838,0.2,-3,0,0.00316228,-0.00316228,0,0,0
17:46:31.341,0.4,0.6,0.4,2.8541,5.65172,-0.0867779,-14.6,-6.25452,-12.1317,0,1.50474,67,51,-3.77487,18.6265,16.6921,-4.22829,17.0922,16.1898,-0.00724506,-4.32228,17.0797,13.838,0.2,-3,0,0.00316228,-0.00316228,0,0,0
17:46:31.441,0.4,0.6,0.4,2.8541,5.64929,-0.0867164,-14.594,-6.25171,-12.1278,0,1.50474,67,51,-3.77487,18.6265,16.6921,-4.22829,17.0922,16.1898,-0.00724506,-4.32226,17.0796,13.838,0.2,-3,0,0.00316228,-0.00316228,0,0,0
17:46:31.541,0.4,0.6,0.4,2.8551,5.64544,-0.0865742,-14.5845,-6.24603,-12.1208,0,1.50474,67,51,-3.77487,18.6265,16.6921,-4.22829,17.0922,16.1898,-0.00724506,-4.32211,17.0796,13.837,0.2,-3,0,0.00316228,-0.00316228,0,0,0
17:46:31.641,0.4,0.6,0.4,2.8531,5.64062,-0.0864952,-14.5592,-6.24082,-12.1096,0,1.50618,67,51,-3.77487,18.6265,16.6921,-4.22829,17.0922,16.1898,-0.00724506,-4.32204,17.0795,13.839,0.2,-3,0,0.00412311,-0.00412311,0,0,0
17:46:31.741,0.4,0.6,0.4,2.8541,5.63756,-0.086369,-14.5517,-6.23586,-12.1037,0,1.50618,67,51,-3.77487,18.6265,16.6921,-4.22829,17.0922,16.1898,-0.00724506,-4.32187,17.0797,13.838,0.2,-3,0,0.00412311,-0.00412311,0,0,0
17:46:31.841,0.4,0.6,0.4,2.8561,5.63796,-0.0863289,-14.566,-6.23564,-12.1075,0,1.50474,67,51,-3.77487,18.6265,16.6921,-4.22829,17.0922,16.1898,-0.00724506,-4.32186,17.0796,13.836,0.2,-3,0,0.00316228,-0.00316228,0,0,0
17:46:31.941,0.4,0.6,0.4,2.8551,5.63657,-0.0863114,-14.5493,-6.23404,-12.1015,0,1.50618,67,51,-3.77487,18.6265,16.6921,-4.22829,17.0922,16.1898,-0.00724506,-4.32181,17.0797,13.837,0.2,-3,0,0.00412311,-0.00412311,0,0,0
17:46:32.042,0.4,0.6,0.4,2.8551,5.63695,-0.0863124,-14.5367,-6.23408,-12.0981,0,1.50765,67,51,-3.77487,18.6265,16.6921,-4.22829,17.0922,16.1898,-0.00724506,-4.32177,17.0798,13.837,0.2,-3,0,0.00509902,-0.00509902,0,0,0
17:46:32.141,0.4,0.6,0.4,2.8541,5.63482,-0.0862627,-14.5314,-6.23102,-12.0942,0,1.50765,67,51,-3.77487,18.6265,16.6921,-4.22829,17.0922,16.1898,-0.00724506,-4.32163,17.0801,13.838,0.2,-3,0,0.00509902,-0.00509902,0,0,0
17:46:32.241,0.4,0.6,0.4,2.8531,5.63045,-0.0861658,-14.5342,-6.22579,-12.0909,0,1.50618,67,51,-3.77487,18.6265,16.6921,-4.22829,17.0922,16.1898,-0.00724506,-4.32154,17.0801,13.839,0.2,-3,0,0.00412311,-0.00412311,0,0,0
17:46:32.341,0.4,0.6,0.4,2.8551,5.62798,-0.0860329,-14.5281,-6.22133,-12.0857,0,1.50618,67,51,-3.77487,18.6265,16.6921,-4.22829,17.0922,16.1898,-0.00724506,-4.32139,17.0801,13.837,0.2,-3,0,0.00412311,-0.00412311,0,0,0
17:46:32.441,0.4,0.6,0.4,2.8551,5.62518,-0.0859512,-14.5212,-6.21761,-12.0809,0,1.50618,67,51,-3.77487,18.6265,16.6921,-4.22829,17.0922,16.1898,-0.00724506,-4.3213,17.0801,13.837,0.2,-3,0,0.00412311,-0.00412311,0,0,0
17:46:32.541,0.4,0.6,0.4,2.8541,5.62227,-0.085883,-14.5005,-6.21369,-12.072,0,1.50765,67,51,-3.77487,18.6265,16.6921,-4.22829,17.0922,16.1898,-0.00724506,-4.32117,17.0803,13.838,0.2,-3,0,0.00509902,-0.00509902,0,0,0
17:46:32.641,0.4,0.6,0.4,2.8551,5.62041,-0.0857984,-14.5095,-6.21063,-12.0721,0,1.50618,67,51,-3.77487,18.6265,16.6921,-4.22829,17.0922,16.1898,-0.00724506,-4.32108,17.0804,13.837,0.2,-3,0,0.00412311,-0.00412311,0,0,0
17:46:32.741,0.4,0.6,0.4,2.8551,5.61501,-0.0856383,-14.4961,-6.20333,-12.0627,0,1.50618,67,51,-3.77487,18.6265,16.6921,-4.22829,17.0922,16.1898,-0.00724506,-4.3209,17.0804,13.837,0.2,-3,0,0.00412311,-0.00412311,0,0,0
17:46:32.841,0.4,0.6,0.4,2.8561,5.61612,-0.0856441,-14.4989,-6.20439,-12.0643,0,1.50618,67,51,-3.77487,18.6265,16.6921,-4.22829,17.0922,16.1898,-0.00724506,-4.32091,17.0804,13.836,0.2,-3,0,0.00412311,-0.00412311,0,0,0
17:46:32.941,0.4,0.6,0.4,2.8571,5.61776,-0.0856513,-14.4894,-6.20552,-12.0625,0,1.50765,67,51,-3.77487,18.6265,16.6921,-4.22829,17.0922,16.1898,-0.00724506,-4.32087,17.0806,13.835,0.2,-3,0,0.00509902,-0.00509902,0,0,0
17:46:33.041,0.4,0.6,0.4,2.8561,5.61927,-0.0857213,-14.4796,-6.20791,-12.0617,0,1.50912,67,51,-3.77487,18.6265,16.6921,-4.22829,17.0922,16.1898,-0.00724506,-4.32092,17.0806,13.836,0.2,-3,0,0.00608276,-0.00608276,0,0,0
17:46:33.141,0.4,0.6,0.4,2.8551,5.62041,-0.085771,-14.4824,-6.20938,-12.0636,0,1.50912,67,51,-3.77487,18.6265,16.6921,-4.22829,17.0922,16.1898,-0.00724506,-4.32091,17.0808,13.837,0.2,-3,0,0.00608276,-0.00608276,0,0,0
17:46:33.241,0.4,0.6,0.4,2.8551,5.624,-0.0858795,-14.5316,-6.21433,-12.0812,0,1.50474,67,51,-3.77487,18.6265,16.6921,-4.22829,17.0922,16.1898,-0.00724506,-4.32105,17.0808,13.837,0.2,-3,0,0.00316228,-0.00316228,0,0,0
17:46:33.341,0.4,0.6,0.4,2.8571,5.62709,-0.0859154,-14.5392,-6.21757,-12.0859,0,1.50474,67,51,-3.77487,18.6265,16.6921,-4.22829,17.0922,16.1898,-0.00724506,-4.3211,17.0807,13.835,0.2,-3,0,0.00316228,-0.00316228,0,0,0
17:46:33.441,0.4,0.6,0.4,2.8581,5.6332,-0.0860637,-14.541,-6.22514,-12.0923,0,1.50618,67,51,-3.77487,18.6265,16.6921,-4.22829,17.0922,16.1898,-0.00724506,-4.32126,17.0807,13.834,0.2,-3,0,0.00412311,-0.00412311,0,0,0
17:46:33.541,0.4,0.6,0.4,2.8561,5.63773,-0.0862379,-14.525,-6.23148,-12.0928,0,1.50912,67,51,-3.77487,18.6265,16.6921,-4.22829,17.0922,16.1898,-0.00724506,-4.32136,17.081,13.836,0.2,-3,0,0.00608276,-0.00608276,0,0,0
17:46:33.641,0.4,0.6,0.4,2.8571,5.64763,-0.0864898,-14.563,-6.24377,-12.113,0,1.50765,67,51,-3.77487,18.6265,16.6921,-4.22829,17.0922,16.1898,-0.00724506,-4.32159,17.0811,13.835,0.2,-3,0,0.00509902,-0.00509902,0,0,0
17:46:33.741,0.4,0.6,0.4,2.8571,5.65458,-0.086687,-14.607,-6.25277,-12.1323,0,1.50474,67,51,-3.77487,18.6265,16.6921,-4.22829,17.0922,16.1898,-0.00724506,-4.32177,17.0812,13.835,0.2,-3,0,0.00316228,-0.00316228,0,0,0
17:46:33.841,0.4,0.6,0.4,2.8581,5.66524,-0.0869766,-14.6333,-6.26678,-12.1506,0,1.50474,67,51,-3.77487,18.6265,16.6921,-4.22829,17.0922,16.1898,-0.00724506,-4.32211,17.081,13.834,0.2,-3,0,0.00316228,-0.00316228,0,0,0
17:46:33.941,0.4,0.6,0.4,2.8591,5.6749,-0.0872197,-14.6301,-6.27867,-12.159,0,1.50765,67,51,-3.77487,18.6265,16.6921,-4.22829,17.0922,16.1898,-0.00724506,-4.32231,17.0812,13.833,0.2,-3,0,0.00509902,-0.00509902,0,0,0
17:46:34.041,0.4,0.6,0.4,2.8571,5.67807,-0.0873627,-14.6378,-6.28359,-12.165,0,1.50765,67,51,-3.77487,18.6265,16.6921,-4.22829,17.0922,16.1898,-0.00724506,-4.32243,17.0813,13.835,0.2,-3,0,0.00509902,-0.00509902,0,0,0
17:46:34.141,0.4,0.6,0.4,2.8561,5.68007,-0.0874394,-14.6564,-6.28629,-12.1723,0,1.50618,67,51,-3.77487,18.6265,16.6921,-4.22829,17.0922,16.1898,-0.00724506,-4.32246,17.0815,13.836,0.2,-3,0,0.00412311,-0.00412311,0,0,0
17:46:34.241,0.4,0.6,0.4,2.8571,5.68287,-0.0875019,-14.6767,-6.28994,-12.1808,0,1.50474,67,51,-3.77487,18.6265,16.6921,-4.22829,17.0922,16.1898,-0.00724506,-4.32257,17.0813,13.835,0.2,-3,0,0.00316228,-0.00316228,0,0,0
17:46:34.341,0.4,0.6,0.4,2.8571,5.68118,-0.0874534,-14.6591,-6.28773,-12.1742,0,1.50618,67,51,-3.77487,18.6265,16.6921,-4.22829,17.0922,16.1898,-0.00724506,-4.32252,17.0813,13.835,0.2,-3,0,0.00412311,-0.00412311,0,0,0
17:46:34.441,0.4,0.6,0.4,2.8561,5.68072,-0.0874714,-14.6444,-6.28775,-12.1701,0,1.50765,67,51,-3.77487,18.6265,16.6921,-4.22829,17.0922,16.1898,-0.00724506,-4.32255,17.0813,13.836,0.2,-3,0,0.00509902,-0.00509902,0,0,0
17:46:34.541,0.4,0.6,0.4,2.8571,5.67962,-0.087408,-14.6553,-6.28566,-12.1715,0,1.50618,67,51,-3.77487,18.6265,16.6921,-4.22829,17.0922,16.1898,-0.00724506,-4.32247,17.0813,13.835,0.2,-3,0,0.00412311,-0.00412311,0,0,0
17:46:34.641,0.4,0.6,0.4,2.8581,5.68084,-0.0874278,-14.6583,-6.28736,-12.1737,0,1.50618,67,51,-3.77487,18.6265,16.6921,-4.22829,17.0922,16.1898,-0.00724506,-4.32256,17.0811,13.834,0.2,-3,0,0.00412311,-0.00412311,0,0,0
17:46:34.741,0.4,0.6,0.4,2.8581,5.68146,-0.087446,-14.6462,-6.28819,-12.1709,0,1.50765,67,51,-3.77487,18.6265,16.6921,-4.22829,17.0922,16.1898,-0.00724506,-4.32258,17.0811,13.834,0.2,-3,0,0.00509902,-0.00509902,0,0,0
17:46:34.841,0.4,0.6,0.4,2.8571,5.68085,-0.0874635,-14.6447,-6.28819,-12.1705,0,1.50765,67,51,-3.77487,18.6265,16.6921,-4.22829,17.0922,16.1898,-0.00724506,-4.32263,17.081,13.835,0.2,-3,0,0.00509902,-0.00509902,0,0,0
17:46:34.941,0.4,0.6,0.4,2.8581,5.68079,-0.0874332,-14.6582,-6.28761,-12.1738,0,1.50618,67,51,-3.77487,18.6265,16.6921,-4.22829,17.0922,16.1898,-0.00724506,-4.3226,17.081,13.834,0.2,-3,0,0.00412311,-0.00412311,0,0,0
17:46:35.041,0.4,0.6,0.4,2.8591,5.67829,-0.0873496,-14.6654,-6.2846,-12.1735,0,1.50474,67,51,-3.77487,18.6265,16.6921,-4.22829,17.0922,16.1898,-0.00724506,-4.3226,17.0807,13.833,0.2,-3,0,0.00316228,-0.00316228,0,0,0
17:46:35.141,0.4,0.6,0.4,2.8591,5.67469,-0.087252,-14.6431,-6.28014,-12.1638,0,1.50618,67,51,-3.77487,18.6265,16.6921,-4.22829,17.0922,16.1898,-0.00724506,-4.32253,17.0806,13.833,0.2,-3,0,0.00412311,-0.00412311,0,0,0
17:46:35.241,0.4,0.6,0.4,2.8601,5.67401,-0.0872118,-14.6279,-6.27911,-12.1587,0,1.50765,67,51,-3.77487,18.6265,16.6921,-4.22829,17.0922,16.1898,-0.00724506,-4.32253,17.0804,13.832,0.2,-3,0,0.00509902,-0.00509902,0,0,0
17:46:35.341,0.4,0.6,0.4,2.8581,5.6696,-0.0871394,-14.6306,-6.27421,-12.1557,0,1.50618,67,51,-3.77487,18.6265,16.6921,-4.22829,17.0922,16.1898,-0.00724506,-4.32245,17.0805,13.834,0.2,-3,0,0.00412311,-0.00412311,0,0,0
17:46:35.441,0.4,0.6,0.4,2.8581,5.67062,-0.0871833,-14.6465,-6.27621,-12.1617,0,1.50474,67,51,-3.77487,18.6265,16.6921,-4.22829,17.0922,16.1898,-0.00724506,-4.32256,17.0802,13.834,0.2,-3,0,0.00316228,-0.00316228,0,0,0
17:46:35.541,0.4,0.6,0.4,2.8591,5.67302,-0.0872365,-14.6525,-6.27944,-12.1659,0,1.50474,67,51,-3.77487,18.6265,16.6921,-4.22829,17.0922,16.1898,-0.00724506,-4.32267,17.08,13.833,0.2,-3,0,0.00316228,-0.00316228,0,0,0
17:46:35.641,0.4,0.6,0.4,2.8601,5.67781,-0.0873483,-14.6372,-6.28534,-12.1662,0,1.50765,67,51,-3.77487,18.6265,16.6921,-4.22829,17.0922,16.1898,-0.00724506,-4.3228,17.08,13.832,0.2,-3,0,0.00509902,-0.00509902,0,0,0
17:46:35.741,0.4,0.6,0.4,2.8591,5.6787,-0.0873918,-14.6394,-6.28652,-12.1677,0,1.50765,67,51,-3.77487,18.6265,16.6921,-4.22829,17.0922,16.1898,-0.00724506,-4.32279,17.0802,13.833,0.2,-3,0,0.00509902,-0.00509902,0,0,0
17:46:35.841,0.4,0.6,0.4,2.8581,5.67684,-0.0873731,-14.6484,-6.28487,-12.169,0,1.50618,67,51,-3.77487,18.6265,16.6921,-4.22829,17.0922,16.1898,-0.00724506,-4.3228,17.0801,13.834,0.2,-3,0,0.00412311,-0.00412311,0,0,0
17:46:35.941,0.4,0.6,0.4,2.8601,5.67719,-0.0873301,-14.6627,-6.28451,-12.1727,0,1.50474,67,51,-3.77487,18.6265,16.6921,-4.22829,17.0922,16.1898,-0.00724506,-4.32278,17.08,13.832,0.2,-3,0,0.00316228,-0.00316228,0,0,0
17:46:36.041,0.4,0.6,0.4,2.8611,5.68042,-0.0874131,-14.6707,-6.28909,-12.1785,0,1.50474,67,51,-3.77487,18.6265,16.6921,-4.22829,17.0922,16.1898,-0.00724506,-4.32295,17.0797,13.831,0.2,-3,0,0.00316228,-0.00316228,0,0,0
17:46:36.141,0.4,0.6,0.4,2.8611,5.68255,-0.0874737,-14.6625,-6.29186,-12.1783,0,1.50618,67,51,-3.77487,18.6265,16.6921,-4.22829,17.0922,16.1898,-0.00724506,-4.323,17.0797,13.831,0.2,-3,0,0.00412311,-0.00412311,0,0,0
17:46:36.241,0.4,0.6,0.4,2.8611,5.68481,-0.0875457,-14.6815,-6.29514,-12.1862,0,1.50474,67,51,-3.77487,18.6265,16.6921,-4.22829,17.0922,16.1898,-0.00724506,-4.32311,17.0796,13.831,0.2,-3,0,0.00316228,-0.00316228,0,0,0
17:46:36.341,0.4,0.6,0.4,2.8611,5.6859,-0.0875816,-14.6842,-6.29678,-12.1883,0,1.50474,67,51,-3.77487,18.6265,16.6921,-4.22829,17.0922,16.1898,-0.00724506,-4.32316,17.0796,13.831,0.2,-3,0,0.00316228,-0.00316228,0,0,0
17:46:36.441,0.4,0.6,0.4,2.8611,5.68901,-0.0876806,-14.6918,-6.30129,-12.1939,0,1.50474,67,51,-3.77487,18.6265,16.6921,-4.22829,17.0922,16.1898,-0.00724506,-4.32331,17.0794,13.831,0.2,-3,0,0.00316228,-0.00316228,0,0,0
17:46:36.541,0.4,0.6,0.4,2.8621,5.69273,-0.0877538,-14.6875,-6.30543,-12.196,0,1.50618,67,51,-3.77487,18.6265,16.6921,-4.22829,17.0922,16.1898,-0.00724506,-4.32335,17.0795,13.83,0.2,-3,0,0.00412311,-0.00412311,0,0,0
17:46:36.641,0.4,0.6,0.4,2.8611,5.69489,-0.0878393,-14.6929,-6.30853,-12.1999,0,1.50618,67,51,-3.77487,18.6265,16.6921,-4.22829,17.0922,16.1898,-0.00724506,-4.32341,17.0796,13.831,0.2,-3,0,0.00412311,-0.00412311,0,0,0
17:46:36.741,0.4,0.6,0.4,2.8621,5.6977,-0.0878826,-14.6998,-6.31131,-12.204,0,1.50618,67,51,-3.77487,18.6265,16.6921,-4.22829,17.0922,16.1898,-0.00724506,-4.32341,17.0798,13.83,0.2,-3,0,0.00412311,-0.00412311,0,0,0
17:46:36.841,0.4,0.6,0.4,2.8621,5.70149,-0.0879944,-14.7226,-6.31641,-12.2143,0,1.50474,67,51,-3.77487,18.6265,16.6921,-4.22829,17.0922,16.1898,-0.00724506,-4.32353,17.0798,13.83,0.2,-3,0,0.00316228,-0.00316228,0,0,0
17:46:36.941,0.4,0.6,0.4,2.8641,5.70623,-0.088065,-14.7071,-6.32123,-12.2137,0,1.50765,67,51,-3.77487,18.6265,16.6921,-4.22829,17.0922,16.1898,-0.00724506,-4.32356,17.0799,13.828,0.2,-3,0,0.00509902,-0.00509902,0,0,0
17:46:37.041,0.4,0.6,0.4,2.8641,5.71263,-0.0882443,-14.7228,-6.3294,-12.2245,0,1.50765,67,51,-3.77487,18.6265,16.6921,-4.22829,17.0922,16.1898,-0.00724506,-4.32371,17.0801,13.828,0.2,-3,0,0.00509902,-0.00509902,0,0,0
17:46:37.141,0.4,0.6,0.4,2.8631,5.71822,-0.0884213,-14.7365,-6.33668,-12.234,0,1.50765,67,51,-3.77487,18.6265,16.6921,-4.22829,17.0922,16.1898,-0.00724506,-4.32383,17.0803,13.829,0.2,-3,0,0.00509902,-0.00509902,0,0,0
17:46:37.241,0.4,0.6,0.4,2.8621,5.72162,-0.0885595,-14.7852,-6.34218,-12.252,0,1.50335,67,51,-3.77487,18.6265,16.6921,-4.22829,17.0922,16.1898,-0.00724506,-4.32402,17.0801,13.83,0.2,-3,0,0.00223607,-0.00223607,0,0,0
17:46:37.341,0.4,0.6,0.4,2.8651,5.7252,-0.088583,-14.794,-6.34565,-12.2571,0,1.50335,67,51,-3.77487,18.6265,16.6921,-4.22829,17.0922,16.1898,-0.00724506,-4.32407,17.08,13.827,0.2,-3,0,0.00223607,-0.00223607,0,0,0
17:46:37.441,0.4,0.6,0.4,2.8671,5.73059,-0.0886856,-14.7806,-6.35193,-12.2583,0,1.50618,67,51,-3.77487,18.6265,16.6921,-4.22829,17.0922,16.1898,-0.00724506,-4.3242,17.08,13.825,0.2,-3,0,0.00412311,-0.00412311,0,0,0
17:46:37.541,0.4,0.6,0.4,2.8661,5.7356,-0.0888473,-14.7792,-6.35851,-12.263,0,1.50765,67,51,-3.77487,18.6265,16.6921,-4.22829,17.0922,16.1898,-0.00724506,-4.3243,17.0802,13.826,0.2,-3,0,0.00509902,-0.00509902,0,0,0
17:46:37.641,0.4,0.6,0.4,2.8651,5.73349,-0.0888141,-14.7878,-6.35619,-12.2636,0,1.50618,67,51,-3.77487,18.6265,16.6921,-4.22829,17.0922,16.1898,-0.00724506,-4.32426,17.0802,13.827,0.2,-3,0,0.00412311,-0.00412311,0,0,0
17:46:37.741,0.4,0.6,0.4,2.8661,5.73045,-0.0886961,-14.7938,-6.35161,-12.2617,0,1.50474,67,51,-3.77487,18.6265,16.6921,-4.22829,17.0922,16.1898,-0.00724506,-4.32414,17.0802,13.826,0.2,-3,0,0.00316228,-0.00316228,0,0,0
17:46:37.841,0.4,0.6,0.4,2.8671,5.73147,-0.0887099,-14.7828,-6.35304,-12.2598,0,1.50618,67,51,-3.77487,18.6265,16.6921,-4.22829,17.0922,16.1898,-0.00724506,-4.32421,17.08,13.825,0.2,-3,0,0.00412311,-0.00412311,0,0,0
17:46:37.941,0.4,0.6,0.4,2.8671,5.73157,-0.0887074,-14.7693,-6.35293,-12.2559,0,1.50765,67,51,-3.77487,18.6265,16.6921,-4.22829,17.0922,16.1898,-0.00724506,-4.32419,17.0801,13.825,0.2,-3,0,0.00509902,-0.00509902,0,0,0
17:46:38.041,0.4,0.6,0.4,2.8661,5.72954,-0.0886744,-14.7643,-6.35062,-12.2527,0,1.50765,67,51,-3.77487,18.6265,16.6921,-4.22829,17.0922,16.1898,-0.00724506,-4.32414,17.0801,13.826,0.2,-3,0,0.00509902,-0.00509902,0,0,0
17:46:38.141,0.4,0.6,0.4,2.8651,5.72903,-0.0886812,-14.7768,-6.35013,-12.2558,0,1.50618,67,51,-3.77487,18.6265,16.6921,-4.22829,17.0922,16.1898,-0.00724506,-4.32411,17.0803,13.827,0.2,-3,0,0.00412311,-0.00412311,0,0,0
17:46:38.241,0.4,0.6,0.4,2.8661,5.727,-0.0886072,-14.7718,-6.34755,-12.2524,0,1.50618,67,51,-3.77487,18.6265,16.6921,-4.22829,17.0922,16.1898,-0.00724506,-4.3241,17.08,13.826,0.2,-3,0,0.00412311,-0.00412311,0,0,0
17:46:38.341,0.4,0.6,0.4,2.8671,5.72453,-0.0885044,-14.752,-6.34367,-12.2438,0,1.50765,67,51,-3.77487,18.6265,16.6921,-4.22829,17.0922,16.1898,-0.00724506,-4.32399,17.08,13.825,0.2,-3,0,0.00509902,-0.00509902,0,0,0
17:46:38.441,0.4,0.6,0.4,2.8671,5.72478,-0.0885106,-14.7527,-6.34395,-12.2442,0,1.50765,67,51,-3.77487,18.6265,16.6921,-4.22829,17.0922,16.1898,-0.00724506,-4.32399,17.0801,13.825,0.2,-3,0,0.00509902,-0.00509902,0,0,0
17:46:38.541,0.4,0.6,0.4,2.8681,5.72726,-0.0885393,-14.7449,-6.34606,-12.2437,0,1.50912,67,51,-3.77487,18.6265,16.6921,-4.22829,17.0922,16.1898,-0.00724506,-4.32395,17.0803,13.824,0.2,-3,0,0.00608276,-0.00608276,0,0,0
17:46:38.641,0.4,0.6,0.4,2.8691,5.7293,-0.0885723,-14.7638,-6.34837,-12.2508,0,1.50765,67,51,-3.77487,18.6265,16.6921,-4.22829,17.0922,16.1898,-0.00724506,-4.324,17.0803,13.823,0.2,-3,0,0.00509902,-0.00509902,0,0,0
17:46:38.741,0.4,0.6,0.4,2.8701,5.73258,-0.0886334,-14.7718,-6.35195,-12.2558,0,1.50765,67,51,-3.77487,18.6265,16.6921,-4.22829,17.0922,16.1898,-0.00724506,-4.32403,17.0803,13.822,0.2,-3,0,0.00509902,-0.00509902,0,0,0
17:46:38.841,0.4,0.6,0.4,2.8681,5.7334,-0.0887124,-14.7566,-6.35395,-12.2531,0,1.50949,67,51,-3.77487,18.6265,16.6921,-4.22829,17.0922,16.1898,-0.00724506,-4.3241,17.0804,13.824,0.2,-3,0,0.00632456,-0.00632456,0,0,0
17:46:38.941,0.4,0.6,0.4,2.8671,5.73259,-0.0887019,-14.7546,-6.35268,-12.2516,0,1.50949,67,51,-3.77487,18.6265,16.6921,-4.22829,17.0922,16.1898,-0.00724506,-4.32402,17.0807,13.825,0.2,-3,0,0.00632456,-0.00632456,0,0,0
17:46:39.041,0.4,0.6,0.4,2.8681,5.7326,-0.08868,-14.7856,-6.35248,-12.2601,0,1.50618,67,51,-3.77487,18.6265,16.6921,-4.22829,17.0922,16.1898,-0.00724506,-4.32403,17.0805,13.824,0.2,-3,0,0.00412311,-0.00412311,0,0,0
17:46:39.141,0.4,0.6,0.4,2.8701,5.7345,-0.0886743,-14.7765,-6.35381,-12.2586,0,1.50765,67,51,-3.77487,18.6265,16.6921,-4.22829,17.0922,16.1898,-0.00724506,-4.32401,17.0806,13.822,0.2,-3,0,0.00509902,-0.00509902,0,0,0
17:46:39.241,0.4,0.6,0.4,2.8691,5.73233,-0.0886382,-14.7406,-6.35137,-12.2466,0,1.51092,67,51,-3.77487,18.6265,16.6921,-4.22829,17.0922,16.1898,-0.00724506,-4.32396,17.0806,13.823,0.2,-3,0,0.00728011,-0.00728011,0,0,0
17:46:39.341,0.4,0.6,0.4,2.8671,5.73028,-0.0886188,-14.7356,-6.34889,-12.2433,0,1.51092,67,51,-3.77487,18.6265,16.6921,-4.22829,17.0922,16.1898,-0.00724506,-4.32385,17.0809,13.825,0.2,-3,0,0.00728011,-0.00728011,0,0,0
17:46:39.441,0.4,0.6,0.4,2.8661,5.73374,-0.0887516,-14.7747,-6.35414,-12.2583,0,1.50765,67,51,-3.77487,18.6265,16.6921,-4.22829,17.0922,16.1898,-0.00724506,-4.32401,17.0809,13.826,0.2,-3,0,0.00509902,-0.00509902,0,0,0
17:46:39.541,0.4,0.6,0.4,2.8681,5.74069,-0.0888996,-14.7917,-6.36249,-12.2696,0,1.50765,67,51,-3.77487,18.6265,16.6921,-4.22829,17.0922,16.1898,-0.00724506,-4.32418,17.0808,13.824,0.2,-3,0,0.00509902,-0.00509902,0,0,0
17:46:39.641,0.4,0.6,0.4,2.8681,5.74935,-0.0891591,-14.813,-6.37432,-12.2848,0,1.50765,67,51,-3.77487,18.6265,16.6921,-4.22829,17.0922,16.1898,-0.00724506,-4.32448,17.0807,13.824,0.2,-3,0,0.00509902,-0.00509902,0,0,0
17:46:39.741,0.4,0.6,0.4,2.8671,5.75615,-0.0893751,-14.799,-6.38338,-12.288,0,1.51092,67,51,-3.77487,18.6265,16.6921,-4.22829,17.0922,16.1898,-0.00724506,-4.32465,17.0809,13.825,0.2,-3,0,0.00728011,-0.00728011,0,0,0
17:46:39.841,0.4,0.6,0.4,2.8661,5.76021,-0.0895288,-14.8396,-6.38958,-12.3042,0,1.50765,67,51,-3.77487,18.6265,16.6921,-4.22829,17.0922,16.1898,-0.00724506,-4.32484,17.0808,13.826,0.2,-3,0,0.00509902,-0.00509902,0,0,0
17:46:39.941,0.4,0.6,0.4,2.8671,5.76424,-0.0896193,-14.8495,-6.39452,-12.3108,0,1.50765,67,51,-3.77487,18.6265,16.6921,-4.22829,17.0922,16.1898,-0.00724506,-4.32494,17.0808,13.825,0.2,-3,0,0.00509902,-0.00509902,0,0,0
17:46:40.041,0.4,0.6,0.4,2.8681,5.76624,-0.0896633,-14.8545,-6.39732,-12.3144,0,1.50765,67,51,-3.77487,18.6265,16.6921,-4.22829,17.0922,16.1898,-0.00724506,-4.32506,17.0805,13.824,0.2,-3,0,0.00509902,-0.00509902,0,0,0
17:46:40.141,0.4,0.6,0.4,2.8681,5.7679,-0.0897062,-14.8446,-6.39927,-12.3131,0,1.50912,67,51,-3.77487,18.6265,16.6921,-4.22829,17.0922,16.1898,-0.00724506,-4.32507,17.0806,13.824,0.2,-3,0,0.00608276,-0.00608276,0,0,0
17:46:40.241,0.4,0.6,0.4,2.8671,5.7704,-0.0898145,-14.8647,-6.40341,-12.322,0,1.50765,67,51,-3.77487,18.6265,16.6921,-4.22829,17.0922,16.1898,-0.00724506,-4.32522,17.0805,13.825,0.2,-3,0,0.00509902,-0.00509902,0,0,0
17:46:40.341,0.4,0.6,0.4,2.8671,5.77338,-0.0899022,-14.872,-6.40741,-12.3271,0,1.50765,67,51,-3.77487,18.6265,16.6921,-4.22829,17.0922,16.1898,-0.00724506,-4.32531,17.0805,13.825,0.2,-3,0,0.00509902,-0.00509902,0,0,0
17:46:40.441,0.4,0.6,0.4,2.8681,5.77691,-0.0899859,-14.8945,-6.41203,-12.337,0,1.50618,67,51,-3.77487,18.6265,16.6921,-4.22829,17.0922,16.1898,-0.00724506,-4.32544,17.0803,13.824,0.2,-3,0,0.00412311,-0.00412311,0,0,0
17:46:40.541,0.4,0.6,0.4,2.8671,5.77913,-0.0900742,-14.8861,-6.41526,-12.3372,0,1.50765,67,51,-3.77487,18.6265,16.6921,-4.22829,17.0922,16.1898,-0.00724506,-4.32551,17.0804,13.825,0.2,-3,0,0.00509902,-0.00509902,0,0,0
17:46:40.641,0.4,0.6,0.4,2.8681,5.77678,-0.0899828,-14.8803,-6.41189,-12.333,0,1.50765,67,51,-3.77487,18.6265,16.6921,-4.22829,17.0922,16.1898,-0.00724506,-4.32544,17.0803,13.824,0.2,-3,0,0.00509902,-0.00509902,0,0,0
17:46:40.741,0.4,0.6,0.4,2.8681,5.773,-0.089871,-14.8848,-6.40679,-12.3303,0,1.50618,67,51,-3.77487,18.6265,16.6921,-4.22829,17.0922,16.1898,-0.00724506,-4.32532,17.0804,13.824,0.2,-3,0,0.00412311,-0.00412311,0,0,0
17:46:40.841,0.4,0.6,0.4,2.8681,5.76844,-0.0897489,-14.8736,-6.40122,-12.3228,0,1.50618,67,51,-3.77487,18.6265,16.6921,-4.22829,17.0922,16.1898,-0.00724506,-4.32524,17.0802,13.824,0.2,-3,0,0.00412311,-0.00412311,0,0,0
17:46:40.941,0.4,0.6,0.4,2.8691,5.76516,-0.089622,-14.8518,-6.39623,-12.3128,0,1.50765,67,51,-3.77487,18.6265,16.6921,-4.22829,17.0922,16.1898,-0.00724506,-4.3251,17.0802,13.823,0.2,-3,0,0.00509902,-0.00509902,0,0,0
17:46:41.041,0.4,0.6,0.4,2.8711,5.76698,-0.089616,-14.8563,-6.39756,-12.3151,0,1.50765,67,51,-3.77487,18.6265,16.6921,-4.22829,17.0922,16.1898,-0.00724506,-4.32509,17.0802,13.821,0.2,-3,0,0.00509902,-0.00509902,0,0,0
17:46:41.141,0.4,0.6,0.4,2.8701,5.76726,-0.0896414,-14.8569,-6.39792,-12.3155,0,1.50765,67,51,-3.77487,18.6265,16.6921,-4.22829,17.0922,16.1898,-0.00724506,-4.32506,17.0804,13.822,0.2,-3,0,0.00509902,-0.00509902,0,0,0
17:46:41.241,0.4,0.6,0.4,2.8701,5.76702,-0.0896408,-14.8702,-6.39789,-12.3192,0,1.50618,67,51,-3.77487,18.6265,16.6921,-4.22829,17.0922,16.1898,-0.00724506,-4.32509,17.0803,13.822,0.2,-3,0,0.00412311,-0.00412311,0,0,0
17:46:41.341,0.4,0.6,0.4,2.8721,5.76775,-0.0895989,-14.8582,-6.39758,-12.3156,0,1.50765,67,51,-3.77487,18.6265,16.6921,-4.22829,17.0922,16.1898,-0.00724506,-4.32503,17.0804,13.82,0.2,-3,0,0.00509902,-0.00509902,0,0,0
17:46:41.441,0.4,0.6,0.4,2.8711,5.76419,-0.0895261,-14.8494,-6.39346,-12.3099,0,1.50765,67,51,-3.77487,18.6265,16.6921,-4.22829,17.0922,16.1898,-0.00724506,-4.32496,17.0804,13.821,0.2,-3,0,0.00509902,-0.00509902,0,0,0
17:46:41.541,0.4,0.6,0.4,2.8711,5.76165,-0.0894423,-14.8432,-6.38964,-12.3052,0,1.50765,67,51,-3.77487,18.6265,16.6921,-4.22829,17.0922,16.1898,-0.00724506,-4.32483,17.0805,13.821,0.2,-3,0,0.00509902,-0.00509902,0,0,0
17:46:41.641,0.4,0.6,0.4,2.8701,5.75619,-0.0893095,-14.8298,-6.38278,-12.2961,0,1.50765,67,51,-3.77487,18.6265,16.6921,-4.22829,17.0922,16.1898,-0.00724506,-4.32468,17.0806,13.822,0.2,-3,0,0.00509902,-0.00509902,0,0,0
17:46:41.741,0.4,0.6,0.4,2.8711,5.7531,-0.0891803,-14.8222,-6.37769,-12.29,0,1.50765,67,51,-3.77487,18.6265,16.6921,-4.22829,17.0922,16.1898,-0.00724506,-4.3245,17.0807,13.821,0.2,-3,0,0.00509902,-0.00509902,0,0,0
17:46:41.841,0.4,0.6,0.4,2.8711,5.75035,-0.0891015,-14.8292,-6.3741,-12.2892,0,1.50618,67,51,-3.77487,18.6265,16.6921,-4.22829,17.0922,16.1898,-0.00724506,-4.32442,17.0807,13.821,0.2,-3,0,0.00412311,-0.00412311,0,0,0
17:46:41.941,0.4,0.6,0.4,2.8701,5.74705,-0.0890266,-14.8073,-6.36989,-12.2798,0,1.50765,67,51,-3.77487,18.6265,16.6921,-4.22829,17.0922,16.1898,-0.00724506,-4.32431,17.0808,13.822,0.2,-3,0,0.00509902,-0.00509902,0,0,0
17:46:42.042,0.4,0.6,0.4,2.8701,5.74684,-0.0890233,-14.8068,-6.36974,-12.2795,0,1.50765,67,51,-3.77487,18.6265,16.6921,-4.22829,17.0922,16.1898,-0.00724506,-4.32432,17.0808,13.822,0.2,-3,0,0.00509902,-0.00509902,0,0,0
17:46:42.141,0.4,0.6,0.4,2.8721,5.74757,-0.0889815,-14.8086,-6.36943,-12.2798,0,1.50765,67,51,-3.77487,18.6265,16.6921,-4.22829,17.0922,16.1898,-0.00724506,-4.32425,17.0808,13.82,0.2,-3,0,0.00509902,-0.00509902,0,0,0
17:46:42.241,0.4,0.6,0.4,2.8711,5.74491,-0.0889386,-14.8021,-6.36667,-12.2758,0,1.50765,67,51,-3.77487,18.6265,16.6921,-4.22829,17.0922,16.1898,-0.00724506,-4.32423,17.0808,13.821,0.2,-3,0,0.00509902,-0.00509902,0,0,0
17:46:42.341,0.4,0.6,0.4,2.8701,5.74272,-0.0888969,-14.7967,-6.36397,-12.2722,0,1.50765,67,51,-3.77487,18.6265,16.6921,-4.22829,17.0922,16.1898,-0.00724506,-4.32416,17.0809,13.822,0.2,-3,0,0.00509902,-0.00509902,0,0,0
17:46:42.441,0.4,0.6,0.4,2.8701,5.74116,-0.0888597,-14.7929,-6.36227,-12.2698,0,1.50765,67,51,-3.77487,18.6265,16.6921,-4.22829,17.0922,16.1898,-0.00724506,-4.32416,17.0807,13.822,0.2,-3,0,0.00509902,-0.00509902,0,0,0
17:46:42.541,0.4,0.6,0.4,2.8711,5.74107,-0.0888239,-14.7927,-6.36144,-12.2691,0,1.50765,67,51,-3.77487,18.6265,16.6921,-4.22829,17.0922,16.1898,-0.00724506,-4.3241,17.0808,13.821,0.2,-3,0,0.00509902,-0.00509902,0,0,0
17:46:42.641,0.4,0.6,0.4,2.8711,5.73804,-0.0887415,-14.7852,-6.35768,-12.2641,0,1.50765,67,51,-3.77487,18.6265,16.6921,-4.22829,17.0922,16.1898,-0.00724506,-4.32404,17.0807,13.821,0.2,-3,0,0.00509902,-0.00509902,0,0,0
17:46:42.741,0.4,0.6,0.4,2.8711,5.73407,-0.0886237,-14.7755,-6.35231,-12.2571,0,1.50765,67,51,-3.77487,18.6265,16.6921,-4.22829,17.0922,16.1898,-0.00724506,-4.32391,17.0807,13.821,0.2,-3,0,0.00509902,-0.00509902,0,0,0
17:46:42.841,0.4,0.6,0.4,2.8711,5.73163,-0.0885622,-14.7695,-6.34951,-12.2533,0,1.50765,67,51,-3.77487,18.6265,16.6921,-4.22829,17.0922,16.1898,-0.00724506,-4.32389,17.0806,13.821,0.2,-3,0,0.00509902,-0.00509902,0,0,0
17:46:42.941,0.4,0.6,0.4,2.8721,5.72978,-0.0884777,-14.7649,-6.34645,-12.2496,0,1.50765,67,51,-3.77487,18.6265,16.6921,-4.22829,17.0922,16.1898,-0.00724506,-4.3238,17.0806,13.82,0.2,-3,0,0.00509902,-0.00509902,0,0,0
17:46:43.041,0.4,0.6,0.4,2.8711,5.728,-0.0884591,-14.7606,-6.3448,-12.2471,0,1.50765,67,51,-3.77487,18.6265,16.6921,-4.22829,17.0922,16.1898,-0.00724506,-4.3238,17.0805,13.821,0.2,-3,0,0.00509902,-0.00509902,0,0,0
17:46:43.141,0.4,0.6,0.4,2.8721,5.72898,-0.0884535,-14.7492,-6.34535,-12.2443,0,1.50912,67,51,-3.77487,18.6265,16.6921,-4.22829,17.0922,16.1898,-0.00724506,-4.32377,17.0806,13.82,0.2,-3,0,0.00608276,-0.00608276,0,0,0
17:46:43.241,0.4,0.6,0.4,2.8721,5.73248,-0.0885783,-14.7853,-6.35104,-12.2589,0,1.50618,67,51,-3.77487,18.6265,16.6921,-4.22829,17.0922,16.1898,-0.00724506,-4.32401,17.0802,13.82,0.2,-3,0,0.00412311,-0.00412311,0,0,0
17:46:43.341,0.4,0.6,0.4,2.8731,5.73682,-0.0886779,-14.7822,-6.35638,-12.2622,0,1.50765,67,51,-3.77487,18.6265,16.6921,-4.22829,17.0922,16.1898,-0.00724506,-4.32412,17.0802,13.819,0.2,-3,0,0.00509902,-0.00509902,0,0,0
17:46:43.441,0.4,0.6,0.4,2.8731,5.74128,-0.088819,-14.8069,-6.36282,-12.2741,0,1.50618,67,51,-3.77487,18.6265,16.6921,-4.22829,17.0922,16.1898,-0.00724506,-4.32432,17.08,13.819,0.2,-3,0,0.00412311,-0.00412311,0,0,0
17:46:43.541,0.4,0.6,0.4,2.8731,5.7446,-0.0889131,-14.8151,-6.36711,-12.2798,0,1.50618,67,51,-3.77487,18.6265,16.6921,-4.22829,17.0922,16.1898,-0.00724506,-4.3244,17.0801,13.819,0.2,-3,0,0.00412311,-0.00412311,0,0,0
17:46:43.641,0.4,0.6,0.4,2.8731,5.74758,-0.089009,-14.8224,-6.37148,-12.2852,0,1.50618,71,55,-3.77487,18.6265,16.6921,-4.22829,17.0922,16.1898,-0.00724506,-4.32454,17.0799,13.819,0.2,-3,3,0.00412311,2.99588,0,0.5,0
17:46:43.741,0.4,0.6,0.4,2.8731,5.74843,-0.0890278,-14.8107,-6.37234,-12.2826,0,1.50765,71,55,-3.77487,18.6265,16.6921,-4.22829,17.0922,16.1898,-0.00724506,-4.32454,17.08,13.819,0.2,-3,3,0.00509902,2.9949,0,0.5,0
17:46:43.841,0.4,0.6,0.4,2.8741,5.75342,-0.0891429,-14.823,-6.37839,-12.2908,0,1.50765,71,55,-3.77487,18.6265,16.6921,-4.22829,17.0922,16.1898,-0.00724506,-4.32465,17.0801,13.818,0.2,-3,3,0.00509902,2.9949,0,0.5,0
17:46:43.941,0.4,0.6,0.4,2.8741,5.75633,-0.0892139,-14.8301,-6.38163,-12.2953,0,1.50765,71,55,-3.77487,18.6265,16.6921,-4.22829,17.0922,16.1898,-0.00724506,-4.32466,17.0803,13.818,0.2,-3,3,0.00509902,2.9949,0,0.5,0
17:46:44.041,0.4,0.6,0.4,2.8741,5.75807,-0.0892653,-14.8482,-6.38397,-12.3022,0,1.50618,71,55,-3.77487,18.6265,16.6921,-4.22829,17.0922,16.1898,-0.00724506,-4.32472,17.0803,13.818,0.2,-3,3,0.00412311,2.99588,0,0.5,0
17:46:44.141,0.4,0.6,0.4,2.8741,5.75955,-0.089294,-14.838,-6.38528,-12.3004,0,1.50765,67,51,-3.77487,18.6265,16.6921,-4.22829,17.0922,16.1898,-0.00724506,-4.32468,17.0805,13.818,0.2,-3,3,0.00509902,2.9949,0,0.5,0
17:46:44.241,0.4,0.6,0.4,2.8741,5.75955,-0.089294,-14.838,-6.38528,-12.3004,0,1.50765,67,51,-3.77487,18.6265,16.6921,-4.22829,17.0922,16.1898,-0.00724506,-4.32468,17.0805,13.818,0.2,-3,3,0.00509902,2.9949,0,0.5,0
17:46:44.341,0.4,0.6,0.4,2.8741,5.75833,-0.0892468,-14.835,-6.38312,-12.2978,0,1.50765,67,51,-3.77487,18.6265,16.6921,-4.22829,17.0922,16.1898,-0.00724506,-4.32457,17.0807,13.818,0.2,-3,3,0.00509902,2.9949,0,0.5,0
17:46:44.441,0.4,0.6,0.4,2.8741,5.76442,-0.0894252,-14.8638,-6.39126,-12.3122,0,1.50618,67,51,-3.77487,18.6265,16.6921,-4.22829,17.0922,16.1898,-0.00724506,-4.32476,17.0807,13.818,0.2,-3,3,0.00412311,2.99588,0,0.5,0
17:46:44.541,0.4,0.6,0.4,2.8741,5.77085,-0.0896018,-14.8658,-6.39932,-12.3191,0,1.50765,67,51,-3.77487,18.6265,16.6921,-4.22829,17.0922,16.1898,-0.00724506,-4.32489,17.0809,13.818,0.2,-3,3,0.00509902,2.9949,0,0.5,0
17:46:44.641,0.4,0.6,0.4,2.8741,5.78075,-0.0898894,-14.8901,-6.41243,-12.3361,0,1.50765,67,51,-3.77487,18.6265,16.6921,-4.22829,17.0922,16.1898,-0.00724506,-4.32519,17.0809,13.818,0.2,-3,3,0.00509902,2.9949,0,0.5,0
17:46:44.741,0.4,0.6,0.4,2.8741,5.7897,-0.090136,-14.912,-6.42367,-12.351,0,1.50765,67,51,-3.77487,18.6265,16.6921,-4.22829,17.0922,16.1898,-0.00724506,-4.32538,17.0811,13.818,0.2,-3,3,0.00509902,2.9949,0,0.5,0
17:46:44.841,0.4,0.6,0.4,2.8741,5.79973,-0.0904266,-14.9366,-6.43693,-12.3683,0,1.50765,67,51,-3.77487,18.6265,16.6921,-4.22829,17.0922,16.1898,-0.00724506,-4.32567,17.0811,13.818,0.2,-3,3,0.00509902,2.9949,0,0.5,0
17:46:44.941,0.4,0.6,0.4,2.8741,5.80842,-0.090667,-14.9579,-6.44789,-12.3828,0,1.50765,67,51,-3.77487,18.6265,16.6921,-4.22829,17.0922,16.1898,-0.00724506,-4.32586,17.0814,13.818,0.2,-3,3,0.00509902,2.9949,0,0.5,0
17:46:45.041,0.4,0.6,0.4,2.8741,5.81592,-0.0908822,-14.9763,-6.4577,-12.3956,0,1.50765,67,51,-3.77487,18.6265,16.6921,-4.22829,17.0922,16.1898,-0.00724506,-4.32607,17.0814,13.818,0.2,-3,3,0.00509902,2.9949,0,0.5,0
17:46:45.141,0.4,0.6,0.4,2.8751,5.82271,-0.0910351,-14.9929,-6.46547,-12.4063,0,1.50765,67,51,-3.77487,18.6265,16.6921,-4.22829,17.0922,16.1898,-0.00724506,-4.32615,17.0817,13.817,0.2,-3,3,0.00509902,2.9949,0,0.5,0
17:46:45.241,0.4,0.6,0.4,2.8761,5.82832,-0.0911684,-15.0067,-6.47235,-12.4155,0,1.50765,67,51,-3.77487,18.6265,16.6921,-4.22829,17.0922,16.1898,-0.00724506,-4.32628,17.0817,13.816,0.2,-3,3,0.00509902,2.9949,0,0.5,0
17:46:45.341,0.4,0.6,0.4,2.8761,5.8324,-0.0912754,-15.0167,-6.47723,-12.4221,0,1.50765,67,51,-3.77487,18.6265,16.6921,-4.22829,17.0922,16.1898,-0.00724506,-4.32634,17.0819,13.816,0.2,-3,3,0.00509902,2.9949,0,0.5,0
17:46:45.441,0.4,0.6,0.4,2.8761,5.83444,-0.0913441,-15.0356,-6.48036,-12.4299,0,1.50618,67,51,-3.77487,18.6265,16.6921,-4.22829,17.0922,16.1898,-0.00724506,-4.32645,17.0817,13.816,0.2,-3,3,0.00412311,2.99588,0,0.5,0
17:46:45.541,0.4,0.6,0.4,2.8761,5.8372,-0.0914147,-15.0284,-6.48358,-12.4304,0,1.50765,67,51,-3.77487,18.6265,16.6921,-4.22829,17.0922,16.1898,-0.00724506,-4.32648,17.0819,13.816,0.2,-3,3,0.00509902,2.9949,0,0.5,0
17:46:45.641,0.4,0.6,0.4,2.8761,5.83629,-0.091393,-15.0262,-6.48259,-12.429,0,1.50765,67,51,-3.77487,18.6265,16.6921,-4.22829,17.0922,16.1898,-0.00724506,-4.32648,17.0818,13.816,0.2,-3,3,0.00509902,2.9949,0,0.5,0
17:46:45.741,0.4,0.6,0.4,2.8761,5.83406,-0.0913266,-15.0207,-6.47956,-12.4251,0,1.50765,67,51,-3.77487,18.6265,16.6921,-4.22829,17.0922,16.1898,-0.00724506,-4.32641,17.0818,13.816,0.2,-3,3,0.00509902,2.9949,0,0.5,0
17:46:45.841,0.4,0.6,0.4,2.8771,5.83306,-0.0912773,-15.0183,-6.47811,-12.4232,0,1.50765,67,51,-3.77487,18.6265,16.6921,-4.22829,17.0922,16.1898,-0.00724506,-4.3264,17.0817,13.815,0.2,-3,3,0.00509902,2.9949,0,0.5,0
17:46:45.941,0.4,0.6,0.4,2.8771,5.83257,-0.091254,-15.0171,-6.47705,-12.4221,0,1.50765,67,51,-3.77487,18.6265,16.6921,-4.22829,17.0922,16.1898,-0.00724506,-4.32633,17.0818,13.815,0.2,-3,3,0.00509902,2.9949,0,0.5,0
17:46:46.041,0.4,0.6,0.4,2.8781,5.83092,-0.0911809,-15.013,-6.47452,-12.419,0,1.50765,67,51,-3.77487,18.6265,16.6921,-4.22829,17.0922,16.1898,-0.00724506,-4.32627,17.0818,13.814,0.2,-3,3,0.00509902,2.9949,0,0.5,0
17:46:46.141,0.4,0.6,0.4,2.8781,5.82699,-0.0910605,-15.0034,-6.46903,-12.412,0,1.50765,67,51,-3.77487,18.6265,16.6921,-4.22829,17.0922,16.1898,-0.00724506,-4.32612,17.0818,13.814,0.2,-3,3,0.00509902,2.9949,0,0.5,0
17:46:46.241,0.4,0.6,0.4,2.8781,5.82504,-0.091014,-14.9986,-6.46691,-12.409,0,1.50765,67,51,-3.77487,18.6265,16.6921,-4.22829,17.0922,16.1898,-0.00724506,-4.32612,17.0817,13.814,0.2,-3,3,0.00509902,2.9949,0,0.5,0
17:46:46.341,0.4,0.6,0.4,2.8791,5.82454,-0.0909633,-14.9974,-6.4654,-12.4075,0,1.50765,67,51,-3.77487,18.6265,16.6921,-4.22829,17.0922,16.1898,-0.00724506,-4.32604,17.0818,13.813,0.2,-3,3,0.00509902,2.9949,0,0.5,0
17:46:46.441,0.4,0.6,0.4,2.8781,5.82193,-0.0909233,-14.991,-6.46277,-12.4036,0,1.50765,67,51,-3.77487,18.6265,16.6921,-4.22829,17.0922,16.1898,-0.00724506,-4.32603,17.0817,13.814,0.2,-3,3,0.00509902,2.9949,0,0.5,0
17:46:46.541,0.4,0.6,0.4,2.8771,5.82044,-0.0909,-14.9874,-6.46091,-12.4012,0,1.50765,67,51,-3.77487,18.6265,16.6921,-4.22829,17.0922,16.1898,-0.00724506,-4.32596,17.0818,13.815,0.2,-3,3,0.00509902,2.9949,0,0.5,0
17:46:46.641,0.4,0.6,0.4,2.8781,5.8178,-0.0908051,-14.9809,-6.45738,-12.3966,0,1.50765,67,51,-3.77487,18.6265,16.6921,-4.22829,17.0922,16.1898,-0.00724506,-4.32592,17.0817,13.814,0.2,-3,3,0.00509902,2.9949,0,0.5,0
17:46:46.741,0.4,0.6,0.4,2.8791,5.81373,-0.090654,-14.9709,-6.4513,-12.3891,0,1.50765,67,51,-3.77487,18.6265,16.6921,-4.22829,17.0922,16.1898,-0.00724506,-4.32575,17.0817,13.813,0.2,-3,3,0.00509902,2.9949,0,0.5,0
17:46:46.841,0.4,0.6,0.4,2.8781,5.8087,-0.0905498,-14.9725,-6.44575,-12.3852,-3.29,1.50618,67,51,-3.77487,18.6265,16.6921,-4.22829,17.0922,16.1898,-0.00724506,-4.3257,17.0815,13.814,0.2,-3,3,0.00412311,2.99588,0,0.5,0
17:46:46.941,0.4,0.6,0.4,2.8791,5.80506,-0.090411,-14.9497,-6.44021,-12.3745,-3.29,1.50765,67,51,-3.77487,18.6265,16.6921,-4.22829,17.0922,16.1898,-0.00724506,-4.32554,17.0815,13.813,0.2,-3,3,0.00509902,2.9949,0,0.5,0
17:46:47.041,0.4,0.6,0.4,2.8801,5.8038,-0.0903555,-14.9466,-6.43848,-12.3723,-3.29,1.50765,67,51,-3.77487,18.6265,16.6921,-4.22829,17.0922,16.1898,-0.00724506,-4.32553,17.0814,13.812,0.2,-3,3,0.00509902,2.9949,0,0.5,0
17:46:47.141,0.4,0.6,0.4,2.8791,5.8015,-0.0903163,-14.9548,-6.4359,-12.3725,-3.29,1.50618,67,51,-3.77487,18.6265,16.6921,-4.22829,17.0922,16.1898,-0.00724506,-4.32548,17.0814,13.813,0.2,-3,3,0.00412311,2.99588,0,0.5,0
17:46:47.241,0.4,0.6,0.4,2.8791,5.79833,-0.0902391,-14.947,-6.43238,-12.3676,-3.29,1.50618,67,51,-3.77487,18.6265,16.6921,-4.22829,17.0922,16.1898,-0.00724506,-4.32547,17.0812,13.813,0.2,-3,3,0.00412311,2.99588,0,0.5,0
17:46:47.341,0.4,0.6,0.4,2.8801,5.79576,-0.0901306,-14.9269,-6.42823,-12.3587,-3.29,1.50765,67,51,-3.77487,18.6265,16.6921,-4.22829,17.0922,16.1898,-0.00724506,-4.32534,17.0812,13.812,0.2,-3,3,0.00509902,2.9949,0,0.5,0
17:46:47.441,0.4,0.6,0.4,2.8811,5.7932,-0.0900359,-14.9344,-6.42471,-12.3581,-3.29,1.50618,67,51,-3.77487,18.6265,16.6921,-4.22829,17.0922,16.1898,-0.00724506,-4.32528,17.0811,13.811,0.2,-3,3,0.00412311,2.99588,0,0.5,0
17:46:47.541,0.4,0.6,0.4,2.8801,5.78876,-0.0899305,-14.9097,-6.4191,-12.3468,-3.29,1.50765,67,51,-3.77487,18.6265,16.6921,-4.22829,17.0922,16.1898,-0.00724506,-4.32515,17.0812,13.812,0.2,-3,3,0.00509902,2.9949,0,0.5,0
17:46:47.641,0.4,0.6,0.4,2.8811,5.78434,-0.0897813,-14.9077,-6.4131,-12.3416,-3.29,1.50671,67,51,-3.77487,18.6265,16.6921,-4.22829,17.0922,16.1898,-0.00724506,-4.32504,17.081,13.811,0.2,-3,3,0.00447214,2.99553,0,0.5,0
17:46:47.741,0.4,0.6,0.4,2.8821,5.77668,-0.08953,-14.9075,-6.40244,-12.3332,-3.29,1.50474,67,51,-3.77487,18.6265,16.6921,-4.22829,17.0922,16.1898,-0.00724506,-4.32478,17.081,13.81,0.2,-3,3,0.00316228,2.99684,0,0.5,0
17:46:47.841,0.4,0.6,0.4,2.8871,5.71129,-0.0875278,-14.7597,-6.31512,-12.2237,-3.29,1.50335,67,51,-3.77487,18.6265,16.6921,-4.22829,17.0922,16.1898,-0.00724506,-4.32294,17.0802,13.805,0.2,-3,3,0.00223607,2.99776,0,0.5,0
17:46:47.941,0.4,0.6,0.4,2.8901,5.57899,-0.083648,-14.4446,-6.14052,-11.9993,-3.29,1.50212,67,51,-3.77487,18.6265,16.6921,-4.22829,17.0922,16.1898,-0.00724506,-4.31921,17.0791,13.802,0.2,-3,3,0.00141421,2.99859,0,0.5,0
17:46:48.041,0.4,0.6,0.4,2.8901,5.35203,-0.077078,-13.8709,-5.84061,-11.6047,-3.29,1.50335,67,51,-3.77487,18.6265,16.6921,-4.22829,17.0922,16.1898,-0.00724506,-4.31256,17.0784,13.802,0.2,-3,3,0.00223607,2.99776,0,0.5,0
17:46:48.141,0.4,0.6,0.4,2.8861,4.99645,-0.0669556,-12.9943,-5.37497,-10.9961,-3.19,1.50212,67,51,-3.77487,18.6265,16.6921,-4.22829,17.0922,16.1898,-0.00724506,-4.30249,17.0768,13.806,0.2,-3,3,0.00141421,2.99859,0,0.5,0
17:46:48.241,0.4,0.6,0.4,2.8931,4.67201,-0.0571465,-11.989,-4.93206,-10.3691,-3.19,1.52658,67,51,-3.77487,18.6265,16.6921,-4.22829,17.0922,16.1898,-0.00724506,-4.29072,17.0821,13.799,0.2,-3,3,0.01772,2.98228,0,0.5,0
17:46:48.341,0.4,0.6,0.4,2.9111,4.178,-0.0423633,-10.7321,-4.26993,-9.50075,-3.19,1.52989,67,51,-3.77487,18.6265,16.6921,-4.22829,17.0922,16.1898,-0.00724506,-4.27445,17.0851,13.781,0.2,-3,3,0.0199249,2.98008,0,0.5,0
17:46:48.441,0.4,0.6,0.4,2.9321,3.77203,-0.0297806,-9.34139,-3.71047,-8.67496,-3.19,1.5917,67,51,-3.77487,18.6265,16.6921,-4.22829,17.0922,16.1898,-0.00724506,-4.25626,17.1027,13.76,0.2,-3,3,0.061131,2.93887,0,0.5,0
17:46:48.541,0.4,0.6,0.4,2.96791,3.13306,-0.0116461,-7.70898,-2.90813,-7.59206,-3.19,1.60696,68,51,-3.74613,18.7222,16.7139,-4.22829,17.0922,16.1898,-0.00724506,-4.23337,17.1164,13.746,0.2,-3,3,0.0713092,2.92869,0,0.5,0
17:46:48.641,0.4,0.6,0.4,3.00379,2.73925,0.000970738,-6.43698,-2.35854,-6.80034,-3.19,1.68591,69,52,-3.71736,18.818,16.7348,-4.20038,17.1882,16.2305,-0.00694322,-4.2107,17.1493,13.731,0.2,-3,3,0.123939,2.87606,0,0.5,0
17:46:48.741,0.4,0.6,0.4,3.05562,2.22772,0.0187197,-5.18192,-1.58651,-5.84674,-3.19,1.70592,69,51,-3.68855,18.9137,16.7546,-4.20038,17.1882,16.2305,-0.00694322,-4.18444,17.176,13.699,0.2,-3,3,0.137277,2.86272,0,0.5,0
17:46:48.841,0.4,0.6,0.4,3.09734,2.01624,0.0274605,-4.43631,-1.21937,-5.3516,-4.01,1.80487,70,51,-3.6597,19.0095,16.7733,-4.20038,17.1882,16.2305,-0.00694322,-4.16094,17.2254,13.676,0.2,-3,3,0.203246,2.79675,0,0.5,0
17:46:48.941,0.4,0.6,0.4,3.08606,1.62298,0.0410244,-3.5193,-0.589105,-4.59674,-5,1.83289,70,51,-3.63083,19.1052,16.7911,-4.1724,17.2842,16.2694,-0.00665854,-4.13468,17.267,13.705,0.2,-3,3,0.221923,2.77808,0,0.5,0
17:46:49.041,0.4,0.6,0.4,3.0664,1.57749,0.044869,-3.23575,-0.397364,-4.36192,-5.46,1.93802,72,52,-3.573,19.2967,16.8224,-4.14435,17.3802,16.3068,-0.00640136,-4.11181,17.3316,13.756,0.2,-3,3,0.292015,2.70798,0,0.5,0
17:46:49.141,0.4,0.6,0.4,3.0214,1.25391,0.0534536,-2.53652,0.0315198,-3.83161,-5.55,1.96604,71,51,-3.573,19.2967,16.8224,-4.14435,17.3802,16.3068,-0.00640136,-4.08678,17.3866,13.801,0.2,-3,3,0.310693,2.68931,0,0.5,0
17:46:49.241,0.4,0.6,0.4,2.98639,1.38296,0.0509703,-2.6493,-0.0541001,-3.92392,-5.55,2.07591,73,52,-3.51508,19.4881,16.8474,-4.11625,17.4761,16.3427,-0.00613593,-4.06666,17.4641,13.861,0.2,-3,3,0.383939,2.61606,0,0.5,0
17:46:49.341,0.4,0.6,0.4,2.93865,1.38378,0.0526386,-2.61157,0.060434,-3.81873,-5.55,2.1072,74,52,-3.45709,19.6795,16.8656,-4.08808,17.5721,16.3772,-0.00590415,-4.04511,17.5316,13.927,0.2,-3,3,0.404802,2.5952,0,0.5,0
17:46:49.441,0.4,0.6,0.4,2.89428,1.58662,0.0458244,-2.86147,-0.215931,-4.09951,-5.55,2.2047,75,52,-3.39904,19.8709,16.8783,-4.05986,17.668,16.4105,-0.00569535,-4.02653,17.619,13.984,0.2,-3,3,0.469802,2.5302,0,0.5,0
17:46:49.541,0.4,0.6,0.4,2.84228,1.56126,0.0435906,-2.77646,-0.27659,-4.12302,-5.55,2.236,74,51,-3.39904,19.8709,16.8783,-4.05986,17.668,16.4105,-0.00569535,-4.00628,17.6956,14.036,0.2,-3,3,0.490667,2.50933,0,1,0
17:46:49.641,0.4,0.6,0.4,2.78852,1.85545,0.0320147,-3.1752,-0.879049,-4.70005,-5.55,2.32296,75,51,-3.34096,20.0622,16.8865,-4.03158,17.7639,16.4425,-0.00549654,-3.99131,17.7872,14.098,0.2,-3,3,0.548639,2.45136,0,1,0
17:46:49.741,0.4,0.6,0.4,2.73627,2.01375,0.0240314,-3.40859,-1.19563,-5.00866,-5.55,2.34807,75,51,-3.31191,20.1579,16.8893,-4.00325,17.8598,16.4735,-0.00533528,-3.97533,17.8695,14.153,0.2,-3,3,0.565383,2.43462,0,1,0
17:46:49.841,0.4,0.6,0.4,2.67479,2.34499,0.00881469,-3.87512,-1.77496,-5.58871,-5.55,2.40411,77,52,-3.25381,20.3493,16.8928,-3.97487,17.9557,16.5038,-0.00522786,-3.96357,17.9628,14.218,0.2,-3,3,0.602742,2.39726,0,1,0
17:46:49.941,0.4,0.6,0.4,2.62027,2.53361,-0.00119446,-4.16356,-2.10949,-5.92804,-5.55,2.41686,77,52,-3.22475,20.4449,16.8933,-3.94644,18.0515,16.5335,-0.00512388,-3.94921,18.0464,14.273,0.2,-3,3,0.611242,2.38876,0,1,0
17:46:50.041,0.4,0.6,0.4,2.57151,2.7552,-0.0124321,-4.42641,-2.4561,-6.26938,-5.46,2.47145,77,52,-3.19569,20.5406,16.8925,-3.91796,18.1474,16.5625,-0.00500919,-3.93324,18.1396,14.321,0.2,-3,3,0.647636,2.35236,0,1,0
17:46:50.141,0.4,0.6,0.4,2.50327,2.80033,-0.0168803,-4.45932,-2.54293,-6.34359,-5.46,2.49329,77,52,-3.16664,20.6363,16.8903,-3.88943,18.2432,16.5908,-0.00488953,-3.91269,18.2243,14.387,0.2,-3,3,0.662193,2.33781,0,1,0
17:46:50.241,0.4,0.6,0.4,2.41952,2.86125,-0.0231377,-4.41279,-2.6193,-6.38613,-5.46,2.57445,78,52,-3.10855,20.8277,16.8825,-3.86086,18.3391,16.6184,-0.0047144,-3.88927,18.3248,14.463,0.2,-3,3,0.716302,2.2837,0,1,0
17:46:50.341,0.4,0.6,0.4,2.32967,2.75787,-0.0224059,-4.19493,-2.49648,-6.22304,-5.46,2.61089,79,52,-3.05048,21.019,16.8727,-3.83224,18.4349,16.6446,-0.00443811,-3.86093,18.4171,14.543,0.2,-3,3,0.74059,2.25941,0,1,0
17:46:50.441,0.4,0.6,0.4,2.23587,2.74909,-0.0263351,-4.03749,-2.4671,-6.14909,-5.46,2.70442,80,52,-2.99245,21.2104,16.8629,-3.80357,18.5307,16.6691,-0.00413328,-3.83229,18.5266,14.627,0.2,-3,3,0.802948,2.19705,0,1,0
17:46:50.541,0.4,0.6,0.4,2.1414,2.63194,-0.0246166,-3.83669,-2.33045,-5.98067,-5.46,2.72521,80,52,-2.96345,21.3061,16.8584,-3.77487,18.6265,16.6921,-0.00388765,-3.80023,18.6276,14.717,0.2,-3,3,0.816804,2.1832,0,1,0
17:46:50.641,0.4,0.6,0.4,2.03446,2.71231,-0.0329543,-3.87142,-2.43227,-6.0661,-5.46,2.78309,80,52,-2.93446,21.4018,16.8525,-3.74613,18.7222,16.7139,-0.0037247,-3.7738,18.7446,14.818,0.2,-3,3,0.855395,2.1446,0,1,0
17:46:50.741,0.4,0.6,0.4,1.95041,2.7448,-0.0375207,-3.9191,-2.49153,-6.12207,-5.46,2.78204,80,52,-2.90547,21.4975,16.8374,-3.71736,18.818,16.7348,-0.00356634,-3.74645,18.8515,14.887,0.2,-3,3,0.854696,2.1453,0,1,0
17:46:50.841,0.4,0.6,0.4,1.86394,2.88614,-0.0483845,-4.01025,-2.63363,-6.25359,-5.46,2.85848,81,52,-2.84761,21.6889,16.8089,-3.68855,18.9137,16.7546,-0.00335434,-3.72122,18.973,14.945,0.2,-3,3,0.905654,2.09435,0,1,0
17:46:50.941,0.4,0.6,0.4,1.77821,2.88226,-0.0549659,-3.9359,-2.67923,-6.26044,-5.46,2.90874,82,52,-2.76091,21.9761,16.7902,-3.63083,19.1052,16.7911,-0.00300776,-3.69371,19.0871,15.012,0.2,-3,3,0.939162,2.06084,0,1,0
17:46:51.041,0.4,0.6,0.4,1.67525,2.91918,-0.0635107,-3.85336,-2.69483,-6.24331,-5.46,3.00927,83,52,-2.70316,22.1676,16.7832,-3.60193,19.2009,16.8075,-0.00273627,-3.66371,19.2161,15.108,0.2,-3,3,1.00618,1.99382,0,1.5,0
17:46:51.141,0.4,0.6,0.4,1.578,2.91381,-0.067846,-3.81402,-2.69244,-6.22413,-5.46,3.03481,83,52,-2.67428,22.2633,16.781,-3.573,19.2967,16.8224,-0.00246029,-3.63148,19.3377,15.203,0.2,-3,3,1.02321,1.97679,0,1.5,0
17:46:51.241,0.4,0.6,0.4,1.48125,2.95749,-0.0770786,-3.82286,-2.78104,-6.28263,-5.55,3.07313,84,53,-2.61655,22.4548,16.7782,-3.51508,19.4881,16.8474,-0.00188658,-3.60167,19.4681,15.297,0.2,-3,3,1.04875,1.95125,0,1.5,0
17:46:51.341,0.4,0.6,0.4,1.39904,3.00408,-0.0835358,-3.87767,-2.85595,-6.34956,-5.55,3.07724,83,52,-2.58769,22.5505,16.777,-3.48609,19.5838,16.8573,-0.00158636,-3.57152,19.5899,15.378,0.2,-3,3,1.0515,1.9485,0,1.5,0
17:46:51.441,0.4,0.6,0.4,1.30966,3.08065,-0.0947266,-3.9183,-2.97124,-6.44462,-5.65,3.12278,84,52,-2.52997,22.742,16.7737,-3.45709,19.6795,16.8656,-0.0013123,-3.54428,19.7184,15.464,0.2,-3,3,1.08185,1.91815,0,1.5,0
17:46:51.541,0.4,0.6,0.4,1.20257,3.0647,-0.0990548,-3.85849,-2.94039,-6.3988,-5.82,3.15493,84,52,-2.50111,22.8377,16.7716,-3.42807,19.7752,16.8725,-0.00109274,-3.51183,19.8403,15.569,0.2,-3,3,1.10328,1.89672,0,1.5,0
17:46:51.641,0.4,0.6,0.4,1.05144,2.87634,-0.102491,-3.54054,-2.80532,-6.19574,-6.1,3.22788,85,52,-2.41455,23.125,16.7734,-3.37001,19.9665,16.8829,-0.000712059,-3.47469,19.9745,15.722,0.2,-3,3,1.15192,1.84808,0,1.5,0
17:46:51.741,0.4,0.6,0.4,0.880759,2.65439,-0.0989727,-3.26168,-2.6032,-5.95603,-6.19,3.23431,85,52,-2.38569,23.2207,16.7778,-3.34096,20.0622,16.8865,-0.000538091,-3.43244,20.1016,15.897,0.2,-3,3,1.15621,1.84379,0,1.5,0
17:46:51.841,0.4,0.6,0.4,0.721582,2.46005,-0.0995499,-2.97575,-2.4385,-5.74245,-6.37,3.2863,86,53,-2.32795,23.4122,16.7906,-3.28286,20.2536,16.8914,-0.000315948,-3.39005,20.2432,16.069,0.2,-3,3,1.19087,1.80913,0,1.5,0
17:46:51.941,0.4,0.6,0.4,0.580269,2.21496,-0.0963934,-2.665,-2.25567,-5.50966,-6.56,3.30469,86,52,-2.27015,23.6036,16.8073,-3.25381,20.3493,16.8928,-0.000177046,-3.34609,20.3771,16.227,0.2,-3,3,1.20313,1.79687,0,1.5,0
17:46:52.041,0.4,0.6,0.4,0.412466,2.02849,-0.0980251,-2.37441,-2.07122,-5.27459,-6.56,3.39752,87,53,-2.21229,23.7951,16.8295,-3.19569,20.5406,16.8925,0.000254136,-3.30193,20.5281,16.417,0.2,-3,3,1.26501,1.73499,0,1.5,0
17:46:52.141,0.4,0.6,0.4,0.230133,1.75816,-0.0959407,-2.02624,-1.85382,-5.00129,-6.56,3.45144,87,52,-2.15434,23.9865,16.8591,-3.16664,20.6363,16.8903,0.000527822,-3.25579,20.6729,16.629,0.2,-3,3,1.30096,1.69904,0,1.5,0
17:46:52.241,0.4,0.6,0.4,0.0750885,1.4893,-0.0956284,-1.67061,-1.6589,-4.74396,-6.56,3.54664,89,53,-2.06721,24.2735,16.9141,-3.10855,20.8277,16.8825,0.000778627,-3.20608,20.8356,16.839,0.2,-3,3,1.36443,1.63557,0,1.5,0
17:46:52.341,0.4,0.6,0.4,-0.115513,1.23267,-0.0911703,-1.38759,-1.45831,-4.50626,-6.56,3.53467,88,52,-2.0381,24.3692,16.9345,-3.07951,20.9233,16.8778,0.000866279,-3.15507,20.9883,17.05,0.2,-3,3,1.35645,1.64355,0,1.5,0
17:46:52.441,0.4,0.6,0.4,-0.266661,1.08827,-0.0947882,-1.2152,-1.39065,-4.40575,-6.56,3.56352,88,52,-1.97978,24.5605,16.9783,-3.02146,21.1147,16.8676,0.000842524,-3.10921,21.152,17.245,0.2,-3,3,1.37568,1.62432,0,1.5,0
17:46:52.541,0.4,0.6,0.4,-0.342171,0.931779,-0.0972057,-1.02957,-1.34939,-4.3236,-6.56,3.60142,90,53,-1.89201,24.8473,17.0478,-2.96345,21.3061,16.8584,0.000754205,-3.06913,21.2926,17.39,0.2,-3,3,1.40095,1.59905,0,1.5,0
17:46:52.641,0.4,0.6,0.4,-0.472189,0.797552,-0.103454,-0.849531,-1.26291,-4.13309,-6.47,3.73609,91,53,-1.80388,25.1341,17.1228,-2.90547,21.4975,16.8374,0.00394012,-3.01843,21.4814,17.595,0.2,-3,3,1.49072,1.50928,0,2,0
17:46:52.741,0.4,0.6,0.4,-0.654896,0.686224,-0.107374,-0.723081,-1.16893,-4.06368,-6.28,3.77684,90,52,-1.77442,25.2296,17.1501,-2.87653,21.5932,16.8198,0.00221652,-2.97169,21.6495,17.805,0.2,-3,3,1.5179,1.4821,0,2,0
17:46:52.841,0.4,0.6,0.4,-0.743406,0.534712,-0.110809,-0.559095,-1.13995,-4.01917,-5.74,3.80625,91,52,-1.68574,25.5162,17.2416,-2.8187,21.7847,16.8011,0.00116365,-2.92291,21.8229,17.985,0.2,-3,3,1.5375,1.4625,0,2,0
17:46:52.941,0.4,0.6,0.4,-0.802126,0.488624,-0.110778,-0.512376,-1.10629,-3.98963,-5.19,3.79535,91,53,-1.65607,25.6117,17.2729,-2.76091,21.9761,16.7902,0.000734486,-2.87327,21.9872,18.075,0.2,-3,3,1.53024,1.46976,0,2,0
17:46:53.041,0.4,0.6,0.4,-0.759829,0.491259,-0.115512,-0.508153,-1.1707,-4.04427,-5,3.84753,92,53,-1.56677,25.898,17.3672,-2.70316,22.1676,16.7832,0.000489245,-2.82616,22.1598,18.127,0.2,-3,3,1.56502,1.43498,0,2,0
17:46:53.141,0.4,0.6,0.4,-0.775106,0.471086,-0.113936,-0.482174,-1.11097,-3.99485,-4.73,3.88834,91,52,-1.5369,25.9935,17.3999,-2.67428,22.2633,16.781,0.000294771,-2.77412,22.3269,18.175,0.2,-3,3,1.59223,1.40777,0,2,0
17:46:53.241,0.4,0.6,0.4,-0.721264,0.376672,-0.111367,-0.379341,-1.07252,-3.93798,-4.55,3.95191,92,52,-1.44693,26.2796,17.5087,-2.61655,22.4548,16.7782,0.000210568,-2.71781,22.5047,18.23,0.2,-3,3,1.6346,1.3654,0,2,0
17:46:53.341,0.4,0.6,0.4,-0.669455,0.258934,-0.103069,-0.25866,-0.974149,-3.82545,-4.37,3.98417,92,52,-1.38663,26.4703,17.5895,-2.55883,22.6463,16.7756,0.000298797,-2.65753,22.6759,18.259,0.2,-3,3,1.65611,1.34389,0,2,0
17:46:53.441,0.4,0.6,0.4,-0.574738,0.149443,-0.0962226,-0.145729,-0.897279,-3.73259,-4.19,4.08142,94,53,-1.29566,26.7562,17.7183,-2.50111,22.8377,16.7716,0.000354742,-2.59446,22.8615,18.293,0.2,-3,3,1.72095,1.27905,0,2,0
17:46:53.541,0.4,0.6,0.4,-0.498598,0.0401586,-0.0861627,-0.038993,-0.807114,-3.64759,-4.01,4.09898,94,53,-1.23465,26.9466,17.8084,-2.44341,23.0292,16.7708,-0.000312187,-2.52959,23.0419,18.307,0.2,-3,3,1.73265,1.26735,0,2,0
17:46:53.641,0.4,0.6,0.4,-0.339485,0.034,-0.081645,-0.0327516,-0.840846,-3.6856,-3.83,4.1317,95,53,-1.14255,27.2321,17.9545,-2.38569,23.2207,16.7778,-0.000902101,-2.46693,23.2341,18.294,0.2,-3,3,1.75446,1.24554,0,2,0
17:46:53.741,0.4,0.6,0.4,-0.188486,0.0471529,-0.075083,-0.0451161,-0.845541,-3.70126,-3.83,4.15967,95,53,-1.08074,27.4223,18.0595,-2.32795,23.4122,16.7906,-0.00127628,-2.40427,23.4191,18.248,0.2,-3,3,1.77312,1.22688,0,2,0
17:46:53.841,0.4,0.6,0.4,0.0369205,0.133168,-0.0721461,-0.123816,-0.916021,-3.78621,-3.56,4.28062,96,53,-0.987336,27.7073,18.2229,-2.27015,23.6036,16.8073,-0.00162469,-2.34011,23.6215,18.186,0.2,-3,3,1.85375,1.14625,0,2,0
17:46:53.941,0.4,0.6,0.4,0.255507,0.173773,-0.0654171,-0.159309,-0.957332,-3.84179,-3.47,4.34132,97,53,-0.893129,27.9921,18.3835,-2.21229,23.7951,16.8295,-0.00221287,-2.27322,23.8195,18.128,0.2,-3,3,1.89421,1.10579,0,2,0
17:46:54.041,0.4,0.6,0.4,0.466457,0.226956,-0.0594363,-0.20482,-1.00264,-3.90641,-3.38,4.41009,98,53,-0.798122,28.2767,18.5475,-2.15434,23.9865,16.8591,-0.00293825,-2.20349,24.0292,18.081,0.2,-3,3,1.94006,1.05994,0,2,0
17:46:54.141,0.4,0.6,0.4,0.653835,0.267743,-0.0504897,-0.240645,-1.01318,-3.93315,-3.29,4.42811,97,52,-0.734322,28.4662,18.6608,-2.09628,24.1778,16.8947,-0.00331053,-2.13274,24.2315,18.007,0.2,-3,3,1.95208,1.04792,0,2,0
17:46:54.241,0.4,0.6,0.4,0.913399,0.448636,-0.0502059,-0.397729,-1.16066,-4.10452,-3.29,4.4893,98,53,-0.637913,28.7503,18.8334,-2.00896,24.4648,16.956,-0.00385223,-2.06782,24.4439,17.92,0.2,-3,3,1.99287,1.00713,0,2.5,0
17:46:54.341,0.4,0.6,0.4,1.18973,0.643039,-0.0493865,-0.565456,-1.31772,-4.27802,-3.29,4.52583,99,53,-0.540647,29.034,19.0067,-1.95056,24.6561,17.0012,-0.0040288,-2.00347,24.652,17.817,0.2,-3,3,2.01722,0.982779,0,2.5,0
17:46:54.441,0.4,0.6,0.4,1.43541,0.863694,-0.0531203,-0.74593,-1.49195,-4.46715,-3.29,4.60791,100,53,-0.442513,29.3175,19.1864,-1.89201,24.8473,17.0478,-0.00414684,-1.94143,24.8673,17.751,0.2,-3,3,2.07194,0.928062,0,2.5,0
17:46:54.541,0.4,0.6,0.4,1.62599,1.04551,-0.0544528,-0.894808,-1.61389,-4.61019,-3.29,4.64966,100,53,-0.376585,29.5063,19.312,-1.8333,25.0385,17.097,-0.00442068,-1.87724,25.0808,17.686,0.2,-3,3,2.09977,0.900226,0,2.5,0
17:46:54.641,0.4,0.6,0.4,1.8785,1.25143,-0.0566478,-1.07317,-1.79933,-4.82491,-3.29,4.6402,100,53,-0.276909,29.7892,19.5035,-1.74491,25.3251,17.1794,-0.00530387,-1.8133,25.2958,17.625,0.2,-3,3,2.09347,0.906534,0,2.5,0
17:46:54.741,0.4,0.6,0.4,2.09028,1.40111,-0.053112,-1.2022,-1.89451,-4.93904,-3.29,4.63738,100,53,-0.209936,29.9777,19.6293,-1.68574,25.5162,17.2416,-0.00546865,-1.74539,25.5032,17.539,0.2,-3,3,2.09159,0.908414,0,2.5,0
17:46:54.841,0.4,0.6,0.4,2.38219,1.63886,-0.0537974,-1.38411,-2.05918,-5.11763,-3.29,4.71096,101,53,-0.108703,30.26,19.8192,-1.62636,25.7071,17.3041,-0.00543421,-1.67885,25.7195,17.437,0.2,-3,3,2.14064,0.859362,0,2.5,0
17:46:54.941,0.4,0.6,0.4,2.61308,1.82741,-0.0516628,-1.52389,-2.15871,-5.23823,-3.38,4.77078,101,53,-0.0406841,30.4481,19.9521,-1.56677,25.898,17.3672,-0.00560219,-1.60932,25.935,17.339,0.2,-3,3,2.18052,0.819481,0,2.5,0
17:46:55.041,0.4,0.6,0.4,2.94192,2.00473,-0.0482156,-1.64642,-2.29924,-5.40285,-3.56,4.84387,102,53,0.0966842,30.8237,20.2229,-1.47698,26.1843,17.4706,-0.00651022,-1.53483,26.1611,17.281,0.2,-3,3,2.22924,0.770756,0,2.5,0
17:46:55.141,0.4,0.6,0.4,3.09505,2.05938,-0.0402629,-1.68367,-2.30381,-5.42936,-3.83,4.8657,102,53,0.166026,31.0113,20.3551,-1.41681,26.375,17.5485,-0.00705885,-1.45634,26.3835,17.26,0.2,-3,3,2.2438,0.756203,0,2.5,0
17:46:55.241,0.4,0.6,0.4,3.19642,2.14459,-0.0390055,-1.74307,-2.34305,-5.48573,-4.28,4.89415,102,53,0.235801,31.1987,20.4874,-1.35638,26.5656,17.6318,-0.0074595,-1.38189,26.6141,17.291,0.2,-3,3,2.26277,0.737231,0,2.5,0
17:46:55.341,0.4,0.6,0.4,3.39591,2.21962,-0.0361963,-1.79186,-2.42452,-5.57207,-4.55,4.9273,103,53,0.37666,31.573,20.7569,-1.26519,26.8514,17.7627,-0.00786025,-1.30672,26.8404,17.361,0.2,-3,3,2.28487,0.715131,0,2.5,0
17:46:55.441,0.4,0.6,0.4,3.4703,2.2849,-0.0392231,-1.80917,-2.46522,-5.6198,-4.83,5.02355,104,53,0.483458,31.8533,20.9543,-1.20403,27.0418,17.8555,-0.00834882,-1.24006,27.0579,17.484,0.2,-3,3,2.34903,0.650967,0,2.5,0
17:46:55.541,0.4,0.6,0.4,3.51574,2.34108,-0.0411066,-1.85661,-2.51385,-5.68961,-4.91,5.01542,104,53,0.591187,32.1332,21.1387,-1.11169,27.3272,18.0063,-0.00916432,-1.15715,27.3203,17.623,0.2,-3,3,2.34361,0.656389,0,2.5,0
17:46:55.641,0.4,0.6,0.4,3.49498,2.42089,-0.0479469,-1.91765,-2.56609,-5.756,-5.19,5.02107,104,53,0.663502,32.3197,21.259,-1.04969,27.5173,18.1138,-0.00953932,-1.08508,27.5633,17.764,0.2,-3,3,2.34738,0.652621,0,2.5,0
17:46:55.741,0.4,0.6,0.4,3.54123,2.52006,-0.0536847,-1.98245,-2.63594,-5.82525,-5.37,5.05567,104,53,0.772702,32.5991,21.4352,-0.956023,27.8023,18.277,-0.00939118,-1.01274,27.8018,17.894,0.2,-3,3,2.37045,0.629554,0,2.5,0
17:46:55.841,0.4,0.6,0.4,3.54767,2.63901,-0.0632576,-2.04294,-2.69776,-5.88717,-5.55,5.13725,105,53,0.882736,32.8782,21.5977,-0.893129,27.9921,18.3835,-0.00924937,-0.939953,28.0518,18.05,0.2,-3,3,2.42483,0.575165,0,2.5,0
17:46:55.941,0.4,0.6,0.4,3.47225,2.66806,-0.0709577,-2.05081,-2.71006,-5.91199,-5.74,5.17381,105,53,0.993526,33.157,21.7443,-0.798122,28.2767,18.5475,-0.00982045,-0.865708,28.2983,18.272,0.2,-3,3,2.44921,0.550791,0,2.5,0
17:46:56.041,0.4,0.6,0.4,3.40736,2.68194,-0.0790138,-2.04885,-2.73301,-5.93437,-5.82,5.20569,107,54,1.14234,33.5283,21.9334,-0.702281,28.5609,18.7181,-0.010041,-0.789572,28.5496,18.526,0.2,-3,3,2.47046,0.529541,0,2.5,0
17:46:56.141,0.4,0.6,0.4,3.19609,2.62095,-0.0846271,-2.01159,-2.67171,-5.87642,-6.1,5.18169,105,53,1.17973,33.621,21.9801,-0.637913,28.7503,18.8334,-0.0100542,-0.712085,28.7949,18.784,0.2,-3,3,2.45446,0.54554,0,2.5,0
17:46:56.241,0.4,0.6,0.4,3.10358,2.64562,-0.0965089,-2.01311,-2.70731,-5.9069,-6.1,5.2265,106,53,1.33008,33.9918,22.1626,-0.540647,29.034,19.0067,-0.0101542,-0.638899,29.0452,19.059,0.2,-3,3,2.48434,0.515664,0,2.5,0
17:46:56.341,0.4,0.6,0.4,2.95263,2.69187,-0.109332,-2.0374,-2.7238,-5.93569,-6.19,5.25432,106,53,1.4057,34.177,22.2536,-0.475324,29.223,19.1252,-0.0105548,-0.566053,29.295,19.301,0.2,-3,3,2.50288,0.497119,0,3,0
17:46:56.441,0.4,0.6,0.4,2.84008,2.70587,-0.120445,-2.04951,-2.76181,-5.98063,-6.1,5.25042,106,53,1.51972,34.4547,22.4011,-0.376585,29.5063,19.312,-0.011077,-0.491061,29.5438,19.561,0.2,-3,3,2.50028,0.49972,0,3,0
17:46:56.541,0.4,0.6,0.4,2.74454,2.72428,-0.1324,-2.0549,-2.80425,-6.01521,-6.1,5.27222,107,54,1.6345,34.7321,22.5655,-0.276909,29.7892,19.5035,-0.0110756,-0.416968,29.7904,19.821,0.2,-3,3,2.51481,0.485188,0,3,0
17:46:56.641,0.4,0.6,0.4,2.6725,2.70128,-0.139887,-2.02662,-2.81545,-6.01228,-6.1,5.30075,107,53,1.75014,35.0091,22.7455,-0.209936,29.9777,19.6293,-0.010911,-0.336994,30.0378,20.073,0.2,-3,3,2.53383,0.466166,0,3,0
17:46:56.741,0.4,0.6,0.4,2.54165,2.64999,-0.145878,-1.99137,-2.79818,-5.99988,-6.1,5.29231,106,53,1.82776,35.1937,22.8797,-0.108703,30.26,19.8192,-0.0113909,-0.255565,30.2828,20.338,0.2,-3,3,2.52821,0.471792,0,3,0
17:46:56.841,0.4,0.6,0.4,2.41312,2.55676,-0.149048,-1.9191,-2.74888,-5.94932,-6.1,5.29869,106,53,1.90583,35.378,23.0291,-0.0406841,30.4481,19.9521,-0.0117477,-0.170459,30.5273,20.616,0.2,-3,3,2.53246,0.467538,0,3,0
17:46:56.941,0.4,0.6,0.4,2.40481,2.46728,-0.151681,-1.85192,-2.7677,-5.94524,-6.1,5.29901,106,53,2.02394,35.6542,23.2888,0.0621753,30.7298,20.1562,-0.0117503,-0.084388,30.7708,20.884,0.2,-3,3,2.53267,0.467325,0,3,0
17:46:57.041,0.4,0.6,0.4,2.56029,2.36713,-0.151146,-1.76345,-2.83133,-5.96496,-6.1,5.33925,108,54,2.18359,36.0216,23.7003,0.166026,31.0113,20.3551,-0.0115246,0.00768539,31.0191,21.14,0.2,-3,3,2.5595,0.440499,0,3,0
17:46:57.141,0.4,0.6,0.4,2.51258,2.22826,-0.149898,-1.64691,-2.77007,-5.88715,-6.1,5.38206,107,53,2.26449,36.2049,23.9416,0.235801,31.1987,20.4874,-0.0116387,0.10146,31.2674,21.429,0.2,-3,3,2.58804,0.411958,0,3,0
17:46:57.241,0.4,0.6,0.4,2.64524,2.07251,-0.144865,-1.52835,-2.79519,-5.87787,-6.1,5.3946,107,53,2.38741,36.4791,24.3592,0.34128,31.4795,20.6891,-0.0118286,0.202684,31.5225,21.714,0.2,-3,3,2.5964,0.403598,0,3,0
17:46:57.341,0.4,0.6,0.4,2.83964,1.89651,-0.137487,-1.40066,-2.84552,-5.87047,-6.1,5.38692,108,54,2.51249,36.7524,24.8456,0.447752,31.7599,20.8903,-0.0113498,0.30492,31.7713,22.006,0.2,-3,3,2.59128,0.408721,0,3,0
17:46:57.441,0.4,0.6,0.4,3.12618,1.7905,-0.132148,-1.30046,-2.91556,-5.88427,-6.1,5.47789,108,53,2.64006,37.0245,25.4022,0.519268,31.9466,21.0167,-0.0107894,0.411844,32.0354,22.276,0.2,-3,3,2.65193,0.348072,0,3,0
17:46:57.541,0.4,0.6,0.4,3.71269,1.71491,-0.125889,-1.23891,-3.17832,-6.06542,-6.1,5.50744,109,53,2.81458,37.3851,26.2747,0.627295,32.2265,21.199,-0.0105015,0.519468,32.2966,22.562,0.2,-3,3,2.67163,0.328372,0,3,0
17:46:57.641,0.4,0.6,0.4,4.17742,1.63694,-0.11937,-1.16934,-3.35053,-6.17388,-6.1,5.56998,109,53,2.9493,37.6536,27.0344,0.736206,32.506,21.3775,-0.0102212,0.632376,32.5682,22.857,0.2,-3,3,2.71332,0.286679,0,3,0
17:46:57.741,0.4,0.6,0.4,4.72918,1.58495,-0.112312,-1.13042,-3.59523,-6.33285,-6.1,5.57886,109,53,3.08773,37.9201,27.8802,0.84597,32.7852,21.5454,-0.00929991,0.744566,32.8342,23.151,0.2,-3,3,2.71924,0.280762,0,3,0
17:46:57.841,0.4,0.6,0.4,5.70173,1.65833,-0.106389,-1.16446,-4.0352,-6.66437,-6.1,5.66643,110,53,3.27867,38.2718,29.1477,0.956517,33.0641,21.6966,-0.00837072,0.860801,33.1113,23.446,0.2,-3,3,2.77762,0.222382,0,3,0
17:46:57.941,0.4,0.6,0.4,6.46794,1.72489,-0.101213,-1.20681,-4.40316,-6.96079,-6.1,5.68693,110,53,3.42715,38.5325,30.2089,1.06778,33.3427,21.8386,-0.00826351,0.975779,33.3852,23.741,0.2,-3,3,2.79129,0.208712,0,3,0
17:46:58.041,0.4,0.6,0.4,7.7189,1.94352,-0.0962242,-1.35223,-5.02986,-7.48674,-6.1,5.71821,111,53,3.63281,38.8752,31.7559,1.17973,33.621,21.9801,-0.00810597,1.09316,33.6636,24.037,0.2,-3,3,2.81214,0.187862,0,3,0
17:46:58.141,0.4,0.6,0.4,8.67707,2.14255,-0.0929319,-1.48347,-5.50802,-7.89057,-6.1,5.74562,111,53,3.79319,39.1281,33.0131,1.29238,33.8992,22.1177,-0.00784761,1.2076,33.9374,24.336,0.2,-3,3,2.83042,0.169585,0,3,0
17:46:58.241,0.4,0.6,0.4,10.1742,2.51463,-0.0879345,-1.71675,-6.2158,-8.51411,-6.1,5.82615,112,53,4.01578,39.4593,34.8182,1.4057,34.177,22.2536,-0.00811782,1.32972,34.2236,24.644,0.2,-3,3,2.8841,0.115901,0,3,0
17:46:58.341,0.4,0.6,0.4,11.2862,2.8364,-0.0841197,-1.92855,-6.7664,-9.02329,-6.1,5.84896,112,53,4.18957,39.7028,36.2472,1.51972,34.4547,22.4011,-0.00901297,1.44971,34.5056,24.961,0.2,-3,3,2.89931,0.100692,0,3,0
17:46:58.441,0.4,0.6,0.4,12.4509,3.21423,-0.078495,-2.16997,-7.30964,-9.53761,-6.19,5.88939,111,52,4.36941,39.9416,37.7289,1.6345,34.7321,22.5655,-0.0100215,1.57472,34.7927,25.278,0.2,-3,3,2.92626,0.0737422,0,3,0
17:46:58.541,0.4,0.6,0.4,14.1238,3.79157,-0.0751389,-2.54073,-8.13474,-10.3098,-6.65,5.93118,112,52,4.61877,40.2523,39.7778,1.75014,35.0091,22.7455,-0.0111075,1.69691,35.0765,25.654,0.2,-3,3,2.95412,0.0458801,0,3,0
17:46:58.641,0.4,0.6,0.4,15.6685,4.27529,-0.0686141,-2.84119,-8.85111,-11.0141,-7.66,5.97845,113,53,4.87915,40.5537,41.8685,1.90583,35.378,23.0291,-0.0138049,1.82549,35.3645,26.2,0.2,-3,3,2.98563,0.0143657,0,3,0
17:46:58.741,0.4,0.6,0.4,16.575,4.54249,-0.0644233,-3.03745,-9.35039,-11.5148,-8.4,5.94025,113,53,5.08159,40.7734,43.447,2.02394,35.6542,23.2888,-0.016276,1.95076,35.6472,26.872,0.2,-3,3,2.96017,0.0398307,0,3,0
17:46:58.841,0.4,0.6,0.4,17.4033,4.77038,-0.0586933,-3.20361,-9.78475,-11.9574,-9.06,5.91347,113,53,5.29005,40.9875,45.0323,2.14343,35.9299,23.5895,-0.0187884,2.0769,35.9243,27.629,0.2,-3,3,2.94231,0.0576894,0,3,0
17:46:58.941,0.4,0.6,0.4,18.1481,5.02609,-0.0578733,-3.38127,-10.1943,-12.4055,-9.8,5.90163,113,53,5.50441,41.1958,46.6121,2.26449,36.2049,23.9416,-0.0222581,2.19884,36.1997,28.464,0.2,-3,3,2.93442,0.0655828,0,3,0
17:46:59.041,0.4,0.6,0.4,18.2898,4.99048,-0.0503367,-3.36691,-10.2349,-12.5249,-10.47,5.88498,112,53,5.65051,41.3314,47.6548,2.38741,36.4791,24.3592,-0.0262903,2.32913,36.4725,29.365,0.2,-3,3,2.92332,0.0766811,0,3,0
17:46:59.141,0.4,0.6,0.4,18.8563,5.18559,-0.0474333,-3.5199,-10.5703,-12.9189,-10.94,5.84805,112,53,5.87428,41.5298,49.2013,2.51249,36.7524,24.8456,-0.0302309,2.45549,36.7423,30.345,0.2,-3,3,2.8987,0.101301,0,3,0
17:46:59.241,0.4,0.6,0.4,19.3543,5.29284,-0.034936,-3.60446,-10.7695,-13.1957,-11.41,5.82828,112,53,6.1034,41.7223,50.7293,2.64006,37.0245,25.4022,-0.0345315,2.59332,37.0077,31.375,0.2,-3,3,2.88552,0.11448,0,3,0
17:46:59.341,0.4,0.6,0.4,19.7539,5.42156,-0.0277769,-3.70881,-10.9693,-13.5004,-11.59,5.80119,112,53,6.33767,41.9088,52.2289,2.77043,37.2952,26.041,-0.0398082,2.72737,37.2706,32.475,0.2,-3,3,2.86746,0.132543,0,3,0
17:46:59.441,0.4,0.6,0.4,19.6028,5.21473,-0.0100272,-3.59605,-10.8099,-13.461,-11.97,5.75596,111,53,6.49657,42.0297,53.2078,2.904,37.5644,26.7717,-0.0449534,2.87396,37.5273,33.605,0.2,-3,3,2.83731,0.162693,0,3,0
17:46:59.541,0.4,0.6,0.4,19.4139,5.06904,0.000524681,-3.52887,-10.6963,-13.4296,-12.26,5.70239,110,52,6.65755,42.148,54.1699,2.99501,37.7427,27.3068,-0.0483155,3.01491,37.7799,34.756,0.2,-3,3,2.80159,0.198408,0,3,0
17:46:59.641,0.4,0.6,0.4,19.6174,5.05692,0.0218782,-3.50475,-10.5985,-12.4102,-12.64,5.72803,110,52,6.90277,42.3205,55.5854,3.13475,38.0085,28.1816,-0.0534314,3.17349,38.0342,35.968,0.2,-3,3,2.81869,0.181313,0,3,0
17:46:59.741,0.4,0.6,0.4,19.7343,5.09934,0.0342989,-3.55077,-10.5986,-10.9102,-12.83,5.70091,110,52,7.15225,42.487,56.9643,3.27867,38.2718,29.1477,-0.0590291,3.32639,38.2868,37.23,0.2,-3,3,2.80061,0.199394,0,3,0
17:46:59.841,0.4,0.6,0.4,19.7491,4.96151,0.0615015,-3.45788,-10.3897,-10.6216,-13.12,5.69661,110,52,7.40573,42.6476,58.3011,3.42715,38.5325,30.2089,-0.0643634,3.49798,38.5317,38.552,0.2,-3,3,2.79774,0.202263,0,3,0
17:46:59.941,0.4,0.6,0.4,19.284,4.67015,0.0769064,-3.2729,-10.0441,-10.487,-13.12,5.66666,109,52,7.57679,42.7515,59.169,3.58054,38.7901,31.3557,-0.0691312,3.6615,38.7749,39.885,0.2,-3,3,2.77778,0.222224,0,3,0
17:47:00.041,0.4,0.6,0.4,19.2861,4.60027,0.104338,-3.23103,-9.8333,-10.488,-13.12,5.65455,109,52,7.83632,42.9025,60.4401,3.73912,39.0442,32.5844,-0.0741089,3.84327,39.0132,41.154,0.2,-3,3,2.7697,0.230299,0,3,0
17:47:00.141,0.4,0.6,0.4,19.2279,4.61807,0.118165,-3.2693,-9.73802,-10.5781,-13.12,5.6098,109,52,8.09916,43.0478,61.6819,3.9032,39.2947,33.8987,-0.0790559,4.01478,39.2487,42.454,0.2,-3,3,2.73987,0.260131,0,3,0
17:47:00.241,0.4,0.6,0.4,19.1741,4.55899,0.143322,-3.22237,-9.48759,-10.5333,-13.02,5.61902,109,52,8.36509,43.1875,62.8941,4.07304,39.541,35.2884,-0.0828714,4.20323,39.4767,43.72,0.2,-3,3,2.74601,0.253988,0,3,0
17:47:00.341,0.4,0.6,0.4,19.1427,4.65549,0.155359,-3.30107,-9.38924,-10.6007,-12.64,5.60061,109,52,8.63392,43.3216,64.0827,4.24884,39.7829,36.735,-0.0859275,4.38385,39.7039,44.94,0.2,-3,3,2.73374,0.266263,0,3,0
17:47:00.441,0.4,0.6,0.4,19.2215,4.69946,0.185512,-3.32319,-9.16544,-10.5858,-12.07,5.61568,109,52,8.90547,43.4501,65.2525,4.43072,40.0201,38.2344,-0.0889799,4.58873,39.9207,46.031,0.2,-3,3,2.74378,0.256216,0,3,0
17:47:00.541,0.4,0.6,0.4,18.9665,4.62226,0.205523,-3.2878,-8.88701,-10.4961,-11.69,5.58321,109,53,9.08792,43.5327,66.0225,4.61877,40.2523,39.7778,-0.0910457,4.78798,40.1342,47.056,0.2,-3,3,2.72214,0.277859,0,3,0
17:47:00.641,0.4,0.6,0.4,19.5119,4.99274,0.236175,-3.52295,-8.89475,-10.6392,-11.59,5.62624,110,53,9.45604,43.6906,67.5409,4.81303,40.4793,41.3443,-0.0918423,5.00347,40.338,48.029,0.2,-3,3,2.75083,0.249171,0,3,0
17:47:00.741,0.4,0.6,0.4,19.6404,5.1782,0.25375,-3.63019,-8.78766,-10.6608,-11.31,5.66187,110,53,9.73476,43.8026,68.6744,5.01344,40.7008,42.9196,-0.0923326,5.21372,40.5434,49.034,0.2,-3,3,2.77458,0.225423,0,3,0
17:47:00.841,0.4,0.6,0.4,19.8343,5.25835,0.286694,-3.66634,-8.59697,-10.6065,-11.22,5.69242,110,53,10.0156,43.9091,69.8113,5.2199,40.9168,44.5037,-0.0926504,5.44497,40.7366,49.977,0.2,-3,3,2.79495,0.205053,0,3,0
17:47:00.941,0.4,0.6,0.4,20.4137,5.67776,0.308262,-3.94924,-8.7305,-10.7986,-11.02,5.70357,111,53,10.3932,44.0423,71.3357,5.43231,41.127,46.0872,-0.0921455,5.67048,40.9282,50.922,0.2,-3,3,2.80238,0.19762,0,3,0
17:47:01.041,0.4,0.6,0.4,20.714,5.8403,0.337187,-4.01942,-8.60909,-10.7556,-10.84,5.76354,111,53,10.6785,44.1354,72.496,5.65051,41.3314,47.6548,-0.090856,5.91167,41.1129,51.782,0.2,-3,3,2.84236,0.157637,0,3,0
17:47:01.141,0.4,0.6,0.4,21.3815,6.32665,0.352624,-4.32268,-8.81576,-10.9664,-10.74,5.80224,112,54,11.0618,44.2506,74.0735,5.95007,41.5947,49.7126,-0.089328,6.1473,41.2998,52.692,0.2,-3,3,2.86816,0.131841,0,3,0
17:47:01.241,0.4,0.6,0.4,22.1446,6.83633,0.370431,-4.62377,-9.03789,-11.1823,-10.74,5.8578,113,54,11.4479,44.3549,75.6836,6.18093,41.7851,51.2331,-0.0877921,6.39286,41.4804,53.539,0.2,-3,3,2.9052,0.0947978,0,3,0
17:47:01.341,0.4,0.6,0.4,22.4404,7.08642,0.377281,-4.77511,-9.12501,-11.2479,-10.65,5.87776,113,54,11.7392,44.4259,76.9154,6.41685,41.9696,52.7205,-0.085549,6.63546,41.6619,54.475,0.2,-3,3,2.91851,0.0814919,0,3,0
17:47:01.441,0.4,0.6,0.4,22.7793,7.30541,0.38827,-4.90168,-9.19909,-11.296,-10.65,5.90125,113,54,12.0319,44.4906,78.1663,6.65755,42.148,54.1699,-0.0833497,6.8844,41.8329,55.387,0.2,-3,3,2.93417,0.0658317,0,3,0
17:47:01.541,0.4,0.6,0.4,23.5378,7.85145,0.390416,-5.26048,-9.58575,-11.6023,-10.65,5.90507,113,53,12.4242,44.5668,79.8488,6.90277,42.3205,55.5854,-0.0814276,7.13186,42.0041,56.311,0.2,-3,3,2.93671,0.0632863,0,3,0
17:47:01.641,0.4,0.6,0.4,23.5338,7.89993,0.395061,-5.30642,-9.56288,-11.5629,-10.65,5.88957,112,53,12.621,44.6006,80.6958,7.15225,42.487,56.9643,-0.0790128,7.37854,42.1629,57.162,0.2,-3,3,2.92638,0.0736217,0,3,0
17:47:01.741,0.4,0.6,0.4,24.3287,8.50139,0.391126,-5.65098,-9.96058,-11.8522,-10.65,5.94625,113,53,13.0161,44.6593,82.4017,7.40573,42.6476,58.3011,-0.076459,7.62615,42.324,58.073,0.2,-3,3,2.96417,0.0358336,0,3,0
17:47:01.841,0.4,0.6,0.4,24.7324,8.80415,0.39445,-5.82028,-10.1174,-11.9556,-10.65,5.97612,113,53,13.3133,44.6956,83.6794,7.66292,42.8025,59.5965,-0.0741916,7.88252,42.4739,58.947,0.2,-3,3,2.98408,0.0159202,0,3,0
17:47:01.941,0.4,0.6,0.4,25.0406,9.07432,0.392239,-5.9953,-10.2972,-12.083,-10.65,5.97696,113,53,13.6113,44.7252,84.9496,7.92357,42.9516,60.8571,-0.0724398,8.1408,42.6235,59.909,0.2,-3,3,2.98464,0.0153618,0,3,0
17:47:02.041,0.4,0.6,0.4,25.418,9.41247,0.389687,-6.24123,-10.5467,-12.2767,-10.65,5.95167,113,53,13.9098,44.7483,86.216,8.18747,43.095,62.0893,-0.0706957,8.39586,42.7643,60.798,0.2,-3,3,2.96778,0.0322208,0,3,0
17:47:02.141,0.4,0.6,0.4,25.7813,9.82207,0.379862,-6.48105,-10.786,-12.4689,-10.65,5.97659,113,53,14.2088,44.7648,87.4733,8.45439,43.2328,63.2925,-0.0692198,8.65283,42.9073,61.692,0.2,-3,3,2.98439,0.0156078,0,3,0
17:47:02.241,0.4,0.6,0.4,26.1622,10.2674,0.370681,-6.75281,-11.0405,-12.6924,-10.65,5.99118,113,53,14.508,44.7747,88.7092,8.72414,43.365,64.4746,-0.0681186,8.91293,43.0443,62.547,0.2,-3,3,2.99412,0.00587893,0,3,0
17:47:02.341,0.4,0.6,0.4,26.8661,10.9928,0.355271,-7.20253,-11.5125,-13.1019,-10.74,6.00542,114,53,14.9072,44.7781,90.3191,8.99656,43.4917,65.6386,-0.0671096,9.17583,43.1828,63.453,0.2,-3,3,3.00361,-0.00361443,0,3,0
17:47:02.441,0.4,0.6,0.4,27.1191,11.3547,0.348025,-7.42341,-11.6897,-13.2684,-11.22,6.01409,114,53,15.2067,44.7733,91.4941,9.27146,43.6129,66.7839,-0.0660918,9.44121,43.3069,64.375,0.2,-3,3,3.00939,-0.00939012,0,3,0
17:47:02.541,0.4,0.6,0.4,27.2182,11.6462,0.337381,-7.53937,-11.7441,-13.3453,-11.69,6.07043,114,53,15.5061,44.7625,92.6282,9.5487,43.7286,67.9186,-0.0658121,9.71333,43.4311,65.41,0.2,-3,3,3.04695,-0.0469542,0,3,0
17:47:02.641,0.4,0.6,0.4,27.2282,11.8698,0.329211,-7.67143,-11.8005,-13.4426,-12.07,6.07759,114,53,15.8053,44.7459,93.7172,9.82815,43.8387,69.0529,-0.0660336,9.98894,43.5476,66.489,0.2,-3,3,3.05172,-0.0517249,0,3,0
17:47:02.741,0.4,0.6,0.4,27.4287,12.2761,0.31776,-7.90656,-11.9684,-13.6438,-12.26,6.09338,114,53,16.2038,44.7151,95.0987,10.204,43.9769,70.5712,-0.0664072,10.2681,43.6628,67.67,0.2,-3,3,3.06225,-0.0622549,0,3,0
17:47:02.841,0.4,0.6,0.4,27.5617,12.7095,0.303398,-8.14805,-12.1118,-13.8484,-12.74,6.11574,115,53,16.6016,44.6751,96.3847,10.4881,44.074,71.7204,-0.0672461,10.5452,43.7734,68.823,0.2,-3,3,3.07716,-0.0771618,0,3,0
17:47:02.941,0.4,0.6,0.4,27.2015,12.8278,0.284873,-8.19936,-12.0366,-13.87,-13.12,6.13255,115,53,16.8995,44.6393,97.2805,10.7741,44.1652,72.8872,-0.0684311,10.8278,43.8838,70.079,0.2,-3,3,3.08837,-0.088367,0,3,0
17:47:03.041,0.4,0.6,0.4,26.5009,12.7007,0.264348,-8.19139,-11.9039,-13.8342,-13.12,6.0788,114,53,17.0978,44.613,97.8459,11.0618,44.2506,74.0735,-0.069508,11.1043,43.9879,71.345,0.2,-3,3,3.05253,-0.0525334,0,3,0
17:47:03.141,0.4,0.6,0.4,25.994,12.7733,0.241456,-8.25815,-11.8335,-13.8645,-13.31,6.06286,114,53,17.3947,44.5699,98.644,11.3511,44.3298,75.2778,-0.0706311,11.3831,44.0887,72.65,0.2,-3,3,3.04191,-0.041908,0,3,0
17:47:03.241,0.4,0.6,0.4,25.4151,12.8369,0.216235,-8.26778,-11.6861,-13.8366,-13.6,6.08536,114,53,17.6912,44.5229,99.3791,11.6419,44.403,76.5023,-0.0719284,11.6641,44.186,73.964,0.2,-3,3,3.0569,-0.0569046,0,3,0
17:47:03.341,0.4,0.6,0.4,24.9035,13.0389,0.186956,-8.32164,-11.5576,-13.8344,-13.79,6.13889,115,53,18.0856,44.4546,100.255,11.9342,44.4698,77.7479,-0.0729921,11.9512,44.2822,75.352,0.2,-3,3,3.0926,-0.0925951,0,3,0
17:47:03.442,0.4,0.6,0.4,24.0924,12.8996,0.167883,-8.23599,-11.2779,-13.6837,-14.08,6.13851,115,53,18.3808,44.3996,100.84,12.2278,44.5302,79.0058,-0.0735013,12.2411,44.3618,76.748,0.2,-3,3,3.09234,-0.0923402,0,3,0
17:47:03.541,0.4,0.6,0.4,23.1595,12.6764,0.147815,-8.08312,-10.9256,-13.4675,-14.08,6.14975,115,53,18.6754,44.3417,101.366,12.5226,44.5841,80.2717,-0.0740025,12.5356,44.4364,78.207,0.2,-3,3,3.09983,-0.0998311,0,3,0
17:47:03.641,0.4,0.6,0.4,22.1873,12.441,0.125738,-7.95795,-10.6069,-13.2826,-14.08,6.13359,115,53,18.9695,44.2813,101.837,12.8184,44.6314,81.5477,-0.0746332,12.8268,44.5056,79.65,0.2,-3,3,3.08906,-0.0890622,0,3,0
17:47:03.741,0.4,0.6,0.4,21.1799,12.2136,0.0996863,-7.85452,-10.3172,-13.1049,-14.08,6.10351,114,52,19.2632,44.2186,102.263,13.1151,44.6721,82.8282,-0.0745309,13.1208,44.5724,81.083,0.2,-3,3,3.06901,-0.0690095,0,3,0
17:47:03.841,0.4,0.6,0.4,20.0358,11.8138,0.074145,-7.66181,-9.97189,-12.8494,-14.08,6.05702,113,52,19.4587,44.1756,102.524,13.4126,44.7062,84.1035,-0.0740738,13.4054,44.631,82.488,0.2,-3,3,3.03802,-0.0380154,0,3,0
17:47:03.941,0.4,0.6,0.4,19.0058,11.565,0.0457543,-7.47071,-9.60874,-12.5928,-14.08,6.08477,114,53,19.7516,44.1096,102.884,13.7108,44.7336,85.3721,-0.0738613,13.6959,44.6866,83.878,0.2,-3,3,3.05651,-0.0565126,0,3,0
17:47:04.041,0.4,0.6,0.4,18.0449,11.2998,0.026591,-7.25879,-9.20165,-12.3024,-14.08,6.12265,116,54,20.1414,44.0189,103.31,14.0094,44.7545,86.6367,-0.0734474,13.9898,44.7268,85.265,0.2,-3,3,3.08177,-0.0817697,0,3,0
17:47:04.141,0.4,0.6,0.4,16.908,10.8458,0.00686293,-6.91665,-8.69467,-11.8868,-14.08,6.17356,116,54,20.4333,43.949,103.598,14.3085,44.7688,87.8883,-0.0723409,14.2923,44.7614,86.69,0.2,-3,3,3.11571,-0.115706,0,3,0
17:47:04.242,0.4,0.6,0.4,15.7873,10.3195,-0.00632333,-6.61234,-8.23863,-11.5027,-14.08,6.15038,116,54,20.7249,43.8777,103.862,14.6078,44.7766,89.1154,-0.0708062,14.5922,44.7827,88.075,0.2,-3,3,3.10025,-0.100254,0,3,0
17:47:04.341,0.4,0.6,0.4,14.5918,9.73339,-0.0234124,-6.2308,-7.73085,-11.0603,-13.98,6.16305,116,54,21.0162,43.8052,104.104,14.9072,44.7781,90.3191,-0.069433,14.895,44.8016,89.512,0.2,-3,3,3.1087,-0.108701,0,3,0
17:47:04.441,0.4,0.6,0.4,13.445,9.16671,-0.041219,-5.89047,-7.28622,-10.6516,-13.79,6.14552,116,54,21.3071,43.7315,104.326,15.2067,44.7733,91.4941,-0.067423,15.1922,44.815,90.881,0.2,-3,3,3.09701,-0.0970104,0,3,0
17:47:04.541,0.4,0.6,0.4,12.3602,8.68282,-0.0638817,-5.56378,-6.86839,-10.2452,-13.31,6.16797,116,54,21.5977,43.6567,104.531,15.5061,44.7625,92.6282,-0.0647004,15.4936,44.8271,92.171,0.2,-3,3,3.11198,-0.111978,0,3,0
17:47:04.642,0.4,0.6,0.4,11.3908,8.20721,-0.0787152,-5.24106,-6.45139,-9.84409,-12.55,6.19384,116,54,21.888,43.5809,104.721,15.8053,44.7459,93.7172,-0.0621082,15.7892,44.8259,93.33,0.2,-3,3,3.12922,-0.129224,0,3,0
17:47:04.741,0.4,0.6,0.4,10.5502,7.8395,-0.0955074,-4.95734,-6.08202,-9.48107,-11.97,6.25866,117,54,22.2747,43.4785,104.961,16.1042,44.7237,94.7613,-0.0594232,16.0942,44.8205,94.411,0.2,-3,3,3.17244,-0.172437,0,3,0
17:47:04.841,0.4,0.6,0.4,9.74446,7.38154,-0.102931,-4.67064,-5.72374,-9.1073,-11.5,6.25876,117,54,22.5645,43.4006,105.141,16.4028,44.6962,95.7552,-0.0561259,16.3893,44.8011,95.397,0.2,-3,3,3.17251,-0.172508,0,3,0
17:47:04.941,0.4,0.6,0.4,9.03095,6.98026,-0.111932,-4.37439,-5.37158,-8.72786,-10.94,6.32291,118,54,22.9504,43.2953,105.377,16.701,44.6637,96.6897,-0.0526882,16.6941,44.7772,96.346,0.2,-3,3,3.21527,-0.215271,0,3,0
17:47:05.041,0.4,0.6,0.4,8.34035,6.54028,-0.117024,-4.10843,-5.06715,-8.76478,-10.65,6.31124,118,54,23.2395,43.2153,105.554,16.9986,44.6264,97.5665,-0.0493557,16.984,44.7465,97.214,0.2,-3,3,3.20749,-0.207493,0,3,0
17:47:05.141,0.4,0.6,0.4,7.68851,6.13382,-0.124566,-3.82796,-4.7575,-8.82518,-10.27,6.3558,118,54,23.5284,43.1344,105.739,17.2958,44.5848,98.3847,-0.0458427,17.285,44.7123,98.05,0.2,-3,3,3.2372,-0.237197,0,3,0
17:47:05.241,0.4,0.6,0.4,7.13857,5.75714,-0.129461,-3.62127,-4.54834,-8.52025,-9.8,6.3084,118,54,23.817,43.0525,105.928,17.5924,44.539,99.1414,-0.0421349,17.5665,44.6744,98.789,0.2,-3,3,3.2056,-0.205601,0,3,0
17:47:05.341,0.4,0.6,0.4,6.54191,5.36636,-0.134877,-3.33447,-4.23056,-8.13014,-9.53,6.38868,117,53,24.0093,42.9974,106.056,17.7899,44.5064,99.6089,-0.039401,17.8617,44.6309,99.514,0.2,-3,3,3.25912,-0.259118,0,3,0
17:47:05.441,0.4,0.6,0.4,6.15423,5.01446,-0.135051,-3.10147,-4.0171,-7.81533,-9.43,6.42038,118,53,24.3934,42.8859,106.319,18.0856,44.4546,100.255,-0.0357374,18.1471,44.5806,100.165,0.2,-3,3,3.28025,-0.280254,0,3,0
17:47:05.541,0.4,0.6,0.4,5.64222,4.56219,-0.133742,-2.7945,-3.71352,-7.41321,-9.24,6.48556,118,53,24.6811,42.8012,106.52,18.3808,44.3996,100.84,-0.0322408,18.4472,44.5229,100.878,0.2,-3,3,3.32371,-0.323709,0,3,0
17:47:05.641,0.4,0.6,0.4,5.1655,4.11443,-0.132109,-2.53766,-3.49,-7.09292,-8.96,6.4432,118,53,24.9685,42.7154,106.721,18.6754,44.3417,101.366,-0.0289825,18.7285,44.4658,101.555,0.2,-3,3,3.29547,-0.295465,0,3,0
17:47:05.741,0.4,0.6,0.4,4.79103,3.71477,-0.130327,-2.26766,-3.25508,-6.76619,-8.78,6.51186,119,53,25.3513,42.5994,106.987,18.9695,44.2813,101.837,-0.0259962,19.0247,44.4029,102.196,0.2,-3,3,3.34124,-0.341238,0,3,0
17:47:05.842,0.4,0.6,0.4,4.34486,3.34514,-0.131035,-2.0537,-3.05759,-6.49572,-8.4,6.47632,118,53,25.5425,42.5408,107.12,19.2632,44.2186,102.263,-0.0235119,19.3036,44.3439,102.775,0.2,-3,3,3.31755,-0.317548,0,3,0
17:47:05.941,0.4,0.6,0.4,4.03314,3.01201,-0.131494,-1.83571,-2.88334,-6.24795,-8.03,6.52509,119,53,25.9244,42.4221,107.38,19.5563,44.1538,102.648,-0.0212788,19.5976,44.2793,103.347,0.2,-3,3,3.35006,-0.350057,0,3,0
17:47:06.041,0.4,0.6,0.4,3.65897,2.66587,-0.12766,-1.63283,-2.68674,-5.98849,-7.76,6.49391,118,53,26.1152,42.3622,107.506,19.8491,44.0872,102.995,-0.0191133,19.8742,44.2124,103.847,0.2,-3,3,3.32927,-0.329273,0,3,0
17:47:06.141,0.4,0.6,0.4,3.44966,2.37259,-0.120616,-1.43447,-2.49953,-5.74859,-7.47,6.5796,118,52,26.4964,42.2411,107.751,20.1414,44.0189,103.31,-0.0174298,20.1679,44.1365,104.301,0.2,-3,3,3.3864,-0.386399,0,3,0
17:47:06.241,0.4,0.6,0.4,3.20084,2.05355,-0.110189,-1.24583,-2.31574,-5.52139,-7.2,6.55796,118,52,26.7819,42.1492,107.924,20.4333,43.949,103.598,-0.0160678,20.4454,44.0595,104.723,0.2,-3,3,3.37197,-0.371974,0,3,0
17:47:06.341,0.4,0.6,0.4,3.02319,1.74571,-0.0947556,-1.05094,-2.10622,-5.27248,-7.02,6.60937,120,53,27.1622,42.0254,108.136,20.7249,43.8777,103.862,-0.0147108,20.7385,43.972,105.113,0.2,-3,3,3.40624,-0.406245,0,3,0
17:47:06.442,0.4,0.6,0.4,2.78516,1.46483,-0.082656,-0.892936,-1.93457,-5.06602,-6.65,6.52782,118,52,27.3522,41.963,108.235,21.0162,43.8052,104.104,-0.0134674,21.0036,43.8936,105.45,0.2,-3,3,3.35188,-0.351881,0,3,0
17:47:06.541,0.4,0.6,0.4,2.66784,1.24996,-0.0688374,-0.753625,-1.76179,-4.86822,-6.28,6.60029,120,53,27.7319,41.8372,108.419,21.3071,43.7315,104.326,-0.0124134,21.287,43.8077,105.751,0.2,-3,3,3.40019,-0.400193,0,3,0
17:47:06.641,0.4,0.6,0.4,2.47085,1.04121,-0.0573884,-0.633437,-1.60378,-4.6966,-6.1,6.54147,118,52,27.8268,41.8056,108.462,21.5008,43.6818,104.465,-0.0117672,21.5516,43.7279,105.991,0.2,-3,3,3.36098,-0.360979,0,3,0
17:47:06.741,0.4,0.6,0.4,2.42689,0.91237,-0.0431742,-0.550162,-1.47171,-4.54928,-5.82,6.59982,119,52,28.206,41.6783,108.624,21.7913,43.6063,104.659,-0.0108464,21.8342,43.6397,106.197,0.2,-3,3,3.39988,-0.399881,0,3,0
17:47:06.842,0.4,0.6,0.4,2.32211,0.736332,-0.0265531,-0.445557,-1.3133,-4.38795,-5.46,6.57707,118,52,28.3954,41.6144,108.697,22.0814,43.5299,104.842,-0.0104742,22.0997,43.5525,106.375,0.2,-3,3,3.38471,-0.384714,0,3,0
17:47:06.941,0.4,0.6,0.4,2.2858,0.58753,-0.00567524,-0.349901,-1.13602,-4.22382,-5.37,6.68275,119,52,28.7741,41.4857,108.828,22.3714,43.4526,105.021,-0.0105153,22.3861,43.4545,106.542,0.2,-3,3,3.45517,-0.455168,0,3,0
17:47:07.042,0.4,0.6,0.4,2.2222,0.461731,0.0111921,-0.277059,-1.00087,-4.09507,-5.1,6.63271,119,52,29.058,41.3887,108.908,22.661,43.3744,105.201,-0.0103864,22.6525,43.3651,106.686,0.2,-3,3,3.42181,-0.421808,0,3,0
17:47:07.141,0.4,0.6,0.4,2.15978,0.321983,0.0321788,-0.191929,-0.825055,-3.93031,-4.91,6.67686,119,52,29.3417,41.2913,108.97,22.9504,43.2953,105.377,-0.0102204,22.9364,43.2658,106.81,0.2,-3,3,3.45124,-0.45124,0,3,0
17:47:07.242,0.4,0.6,0.4,2.11813,0.274462,0.0455978,-0.165017,-0.721268,-3.84757,-4.73,6.61963,119,52,29.6254,41.1937,109.013,23.2395,43.2153,105.554,-0.0104725,23.198,43.1795,106.895,0.2,-3,3,3.41308,-0.413085,0,3,0
17:47:07.341,0.4,0.6,0.4,2.08479,0.216443,0.0633738,-0.128655,-0.580536,-3.7366,-4.46,6.69573,120,53,29.909,41.0959,109.038,23.5284,43.1344,105.739,-0.0108664,23.4808,43.082,106.953,0.2,-3,3,3.46382,-0.46382,0,3,0
17:47:07.442,0.4,0.6,0.4,2.05151,0.223304,0.0712939,-0.13419,-0.516231,-3.69188,-4.19,6.62302,119,52,30.0981,41.0306,109.043,23.7208,43.0799,105.864,-0.011037,23.7466,42.9985,106.991,0.2,-3,3,3.41535,-0.415346,0,3,0
17:47:07.541,0.4,0.6,0.4,2.03231,0.238038,0.0843611,-0.142089,-0.417597,-3.62291,-4.1,6.66755,119,52,30.3816,40.9328,109.033,24.0093,42.9974,106.056,-0.0112893,24.0298,42.9037,107.001,0.2,-3,3,3.44503,-0.445033,0,3,0
17:47:07.642,0.4,0.6,0.4,2.07378,0.416273,0.0858334,-0.250774,-0.430077,-3.67091,-3.83,6.60651,119,52,30.6652,40.835,109.008,24.2974,42.914,106.252,-0.011633,24.293,42.8259,106.934,0.2,-3,3,3.40434,-0.404339,0,3,0
17:47:07.741,0.4,0.6,0.4,2.10611,0.557144,0.0913752,-0.331644,-0.405846,-3.67619,-3.64,6.68599,119,52,30.9489,40.7374,108.969,24.5852,42.8295,106.453,-0.0117007,24.5762,42.7369,106.863,0.2,-3,3,3.45733,-0.457328,0,3,0
17:47:07.842,0.4,0.6,0.4,2.1288,0.707648,0.0947079,-0.424802,-0.396402,-3.6942,-3.47,6.6297,119,52,31.2326,40.64,108.917,24.8727,42.7441,106.654,-0.0116696,24.8411,42.6547,106.788,0.2,-3,3,3.4198,-0.419802,0,3,0
17:47:07.941,0.4,0.6,0.4,2.14787,0.80104,0.104659,-0.47604,-0.337628,-3.66146,-3.19,6.69684,119,52,31.5165,40.5429,108.853,25.16,42.6576,106.854,-0.0116151,25.1246,42.559,106.705,0.2,-3,3,3.46456,-0.46456,0,3,0
17:47:08.042,0.4,0.6,0.4,2.20033,1.00246,0.105428,-0.599244,-0.358616,-3.71177,-3.19,6.65743,119,52,31.8004,40.4461,108.779,25.4469,42.5701,107.054,-0.0115905,25.391,42.477,106.579,0.2,-3,3,3.43829,-0.438289,0,3,0
17:47:08.141,0.4,0.6,0.4,2.22393,1.13187,0.111768,-0.672531,-0.327066,-3.70243,-3.19,6.6976,120,53,32.0845,40.3498,108.691,25.7335,42.4817,107.251,-0.01136,25.6761,42.3825,106.467,0.2,-3,3,3.46506,-0.465063,0,3,0
17:47:08.242,0.4,0.6,0.4,2.31275,1.33025,0.106079,-0.803295,-0.410384,-3.79881,-3.19,6.58983,118,52,32.1792,40.3177,108.659,25.9244,42.4221,107.38,-0.0111312,25.9378,42.3068,106.346,0.2,-3,3,3.39322,-0.393218,0,3,0
17:47:08.341,0.4,0.6,0.4,2.32027,1.52969,0.107032,-0.916688,-0.406275,-3.81991,-3.19,6.64011,120,53,32.5583,40.1902,108.521,26.2105,42.3321,107.568,-0.0108044,26.2175,42.2176,106.201,0.2,-3,3,3.42674,-0.426743,0,3,0
17:47:08.442,0.4,0.6,0.4,2.36845,1.80535,0.0974229,-1.08783,-0.495415,-3.92887,-3.19,6.60329,120,53,32.8428,40.0952,108.411,26.4964,42.2411,107.751,-0.010432,26.4813,42.1436,106.043,0.2,-3,3,3.40219,-0.40219,0,3,0
17:47:08.541,0.4,0.6,0.4,2.37621,1.98305,0.0936984,-1.18554,-0.521746,-3.95961,-3.19,6.65506,120,53,33.1275,40.0008,108.296,26.7819,42.1492,107.924,-0.00967917,26.7644,42.0564,105.92,0.2,-3,3,3.43671,-0.436708,0,3,0
17:47:08.642,0.4,0.6,0.4,2.42405,2.19292,0.0848897,-1.32413,-0.607783,-4.05072,-3.19,6.58858,119,53,33.3174,39.9381,108.217,27.0672,42.0565,108.085,-0.00903004,27.029,41.9797,105.793,0.2,-3,3,3.39239,-0.39239,0,3,0
17:47:08.741,0.4,0.6,0.4,2.38267,2.34741,0.0813715,-1.40296,-0.60699,-4.05772,-3.19,6.65605,121,54,33.6975,39.8136,108.053,27.3522,41.963,108.235,-0.00839563,27.3125,41.8904,105.67,0.2,-3,3,3.43737,-0.437369,0,3,0
17:47:08.842,0.4,0.6,0.4,2.3695,2.54013,0.0705221,-1.52902,-0.676739,-4.13378,-3.19,6.60816,121,54,33.9828,39.721,107.926,27.637,41.8687,108.375,-0.00779768,27.5801,41.8134,105.557,0.2,-3,3,3.40544,-0.405442,0,3,0
17:47:08.941,0.4,0.6,0.4,2.34902,2.668,0.0645637,-1.59959,-0.704679,-4.16344,-3.19,6.63422,121,54,34.2683,39.629,107.804,27.9216,41.7739,108.504,-0.00727567,27.8645,41.7249,105.455,0.2,-3,3,3.42281,-0.422813,0,3,0
17:47:09.041,0.4,0.6,0.4,2.42984,2.91401,0.0475131,-1.7718,-0.868417,-4.33058,-3.29,6.54085,119,53,34.3635,39.5984,107.765,28.1112,41.7103,108.585,-0.00689036,28.1268,41.6548,105.335,0.2,-3,3,3.36057,-0.360568,0,3,0
17:47:09.141,0.4,0.6,0.4,2.44198,3.10579,0.0349606,-1.87408,-0.953601,-4.40781,-3.29,6.59022,119,53,34.6492,39.5072,107.652,28.3954,41.6144,108.697,-0.00610716,28.4071,41.5735,105.21,0.2,-3,3,3.39348,-0.393481,0,3,0
17:47:09.242,0.4,0.6,0.4,2.45612,3.34437,0.0152252,-2.0298,-1.0999,-4.55025,-3.47,6.55111,119,53,34.9352,39.4165,107.548,28.6795,41.5179,108.797,-0.00543714,28.6742,41.5037,105.092,0.2,-3,3,3.36741,-0.367405,0,3,0
17:47:09.341,0.4,0.6,0.4,2.4354,3.46672,0.00232353,-2.09428,-1.17236,-4.60395,-3.56,6.58126,119,53,35.2213,39.3263,107.456,28.9634,41.4211,108.883,-0.00452177,28.9578,41.4205,105.021,0.2,-3,3,3.38751,-0.387509,0,3,0
17:47:09.441,0.4,0.6,0.4,2.38055,3.6016,-0.0181368,-2.20173,-1.29937,-4.70722,-3.83,6.50301,119,53,35.5075,39.2365,107.378,29.2472,41.3238,108.952,-0.00338671,29.2203,41.3522,104.997,0.2,-3,3,3.33534,-0.335339,0,3,0
17:47:09.541,0.4,0.6,0.4,2.31371,3.65826,-0.0333976,-2.22126,-1.3619,-4.73865,-4.1,6.54706,120,54,35.7938,39.1471,107.313,29.5309,41.2262,109.001,-0.00238608,29.4999,41.2722,104.999,0.2,-3,3,3.36471,-0.364707,0,3,0
17:47:09.641,0.4,0.6,0.4,2.27842,3.82516,-0.0582203,-2.35184,-1.53374,-4.89175,-4.28,6.46483,118,53,35.8893,39.1173,107.294,29.7199,41.1611,109.024,-0.00161892,29.7647,41.2072,105.016,0.2,-3,3,3.30989,-0.309889,0,3,0
17:47:09.741,0.4,0.6,0.4,2.17597,3.86951,-0.0788894,-2.37901,-1.62599,-4.9433,-4.46,6.46491,118,53,36.1757,39.0283,107.249,30.0035,41.0632,109.041,-0.000390697,30.0436,41.1329,105.073,0.2,-3,3,3.30994,-0.309942,0,3,0
17:47:09.842,0.4,0.6,0.4,2.08916,3.95909,-0.104974,-2.45767,-1.78218,-5.06139,-4.64,6.40239,118,53,36.4622,38.9394,107.219,30.2871,40.9654,109.039,0.000739498,30.3061,41.0699,105.13,0.2,-3,3,3.26826,-0.26826,0,3,0
17:47:09.941,0.4,0.6,0.4,1.98349,3.97064,-0.12609,-2.44438,-1.86008,-5.09839,-4.91,6.45601,119,54,36.7488,38.8507,107.203,30.5707,40.8676,109.018,0.00161808,30.5852,40.9959,105.22,0.2,-3,3,3.30401,-0.304009,0,3,0
17:47:10.041,0.4,0.6,0.4,1.85442,4.0017,-0.149825,-2.48195,-1.97719,-5.18893,-5.1,6.40782,118,53,36.9398,38.7915,107.2,30.7598,40.8024,108.996,0.00211498,30.8532,40.9287,105.346,0.2,-3,3,3.27188,-0.271878,0,3,0
17:47:10.141,0.4,0.6,0.4,1.69352,3.90047,-0.166665,-2.41607,-2.01148,-5.17889,-5.19,6.41648,118,53,37.2264,38.7028,107.208,31.0435,40.7049,108.953,0.0029193,31.1336,40.8501,105.514,0.2,-3,3,3.27765,-0.277654,0,3,0
17:47:10.241,0.4,0.6,0.4,1.54226,3.8937,-0.189432,-2.43356,-2.11696,-5.24895,-5.19,6.35927,117,53,37.4174,38.6436,107.219,31.3272,40.6076,108.896,0.00366957,31.3982,40.7835,105.677,0.2,-3,3,3.23951,-0.239514,0,3,0
17:47:10.341,0.4,0.6,0.4,1.39806,3.80461,-0.206932,-2.36826,-2.15754,-5.25149,-5.28,6.38552,117,53,37.7039,38.5548,107.243,31.6111,40.5106,108.83,0.0041441,31.6769,40.7068,105.845,0.2,-3,3,3.25701,-0.257015,0,3,0
17:47:10.441,0.4,0.6,0.4,1.23427,3.73393,-0.229008,-2.35223,-2.26261,-5.30883,-5.37,6.30984,117,53,37.9904,38.4658,107.271,31.8951,40.414,108.752,0.00502693,31.9425,40.6397,106.037,0.2,-3,3,3.20656,-0.206562,0,3,0
17:47:10.541,0.4,0.6,0.4,1.09611,3.63762,-0.244922,-2.28783,-2.30143,-5.30515,-5.37,6.32053,118,54,38.2768,38.3766,107.302,32.1792,40.3177,108.659,0.00572573,32.2189,40.5628,106.206,0.2,-3,3,3.21369,-0.213688,0,3,0
17:47:10.642,0.4,0.6,0.4,0.946861,3.67582,-0.265218,-2.32649,-2.38893,-5.37802,-5.46,6.28058,116,53,38.3723,38.3469,107.313,32.3687,40.2539,108.591,0.00599785,32.4839,40.495,106.366,0.2,-3,3,3.18705,-0.187052,0,3,0
17:47:10.741,0.4,0.6,0.4,0.797699,3.52732,-0.281696,-2.22054,-2.41482,-5.36065,-5.46,6.31506,117,53,38.7541,38.2277,107.359,32.6531,40.1585,108.485,0.00634404,32.7619,40.4192,106.561,0.2,-3,3,3.21004,-0.210041,0,3,0
17:47:10.842,0.4,0.6,0.4,0.641937,3.48651,-0.298602,-2.21807,-2.48904,-5.40984,-5.55,6.24903,116,53,38.945,38.168,107.383,32.9377,40.0637,108.373,0.00669529,33.0263,40.3489,106.741,0.2,-3,3,3.16602,-0.166023,0,3,0
17:47:10.941,0.4,0.6,0.4,0.465744,3.33634,-0.310734,-2.11556,-2.47585,-5.36574,-5.55,6.27026,117,54,39.2312,38.0783,107.419,33.2224,39.9694,108.257,0.00691936,33.301,40.2707,106.953,0.2,-3,3,3.18017,-0.180175,0,3,0
17:47:11.041,0.4,0.6,0.4,0.286713,3.2073,-0.325002,-2.04253,-2.50079,-5.35797,-5.55,6.24371,117,54,39.5174,37.9884,107.453,33.5074,39.8757,108.136,0.00721681,33.567,40.1982,107.166,0.2,-3,3,3.16247,-0.162473,0,3,0
17:47:11.141,0.4,0.6,0.4,0.0905533,3.07629,-0.333175,-1.95791,-2.45726,-5.29887,-5.65,6.24798,116,53,39.7082,37.9284,107.475,33.6975,39.8136,108.053,0.0072801,33.8434,40.1165,107.384,0.2,-3,3,3.16532,-0.16532,0,3,0
17:47:11.241,0.4,0.6,0.4,-0.0896988,2.98719,-0.343798,-1.92299,-2.47879,-5.30602,-5.65,6.17743,115,53,39.8989,37.8683,107.495,33.9828,39.721,107.926,0.00727471,34.1067,40.0422,107.585,0.2,-3,3,3.11829,-0.118287,0,3,0
17:47:11.341,0.4,0.6,0.4,-0.256554,2.81394,-0.348616,-1.80729,-2.42005,-5.23601,-5.55,6.1923,115,53,40.185,37.7781,107.522,34.2683,39.629,107.804,0.00691467,34.379,39.9596,107.779,0.2,-3,3,3.1282,-0.128203,0,3,0
17:47:11.442,0.4,0.6,0.4,-0.424049,2.65653,-0.354245,-1.71505,-2.39135,-5.19715,-5.55,6.16078,115,53,40.471,37.6877,107.54,34.554,39.5375,107.689,0.0065043,34.6381,39.8825,107.964,0.2,-3,3,3.10719,-0.107189,0,3,0
17:47:11.541,0.4,0.6,0.4,-0.616928,2.45707,-0.355499,-1.58027,-2.28829,-5.09115,-5.55,6.1848,116,54,40.757,37.5973,107.545,34.8398,39.4467,107.582,0.00597278,34.9084,39.7979,108.162,0.2,-3,3,3.1232,-0.123201,0,3,0
17:47:11.641,0.4,0.6,0.4,-0.840126,2.2774,-0.355976,-1.47698,-2.20207,-5.00693,-5.55,6.13391,115,53,40.9477,37.537,107.542,35.0305,39.3864,107.516,0.00544828,35.1681,39.7162,108.382,0.2,-3,3,3.08927,-0.0892744,0,3,0
17:47:11.741,0.4,0.6,0.4,-1.08917,2.01034,-0.352845,-1.29831,-2.0366,-4.84481,-5.55,6.16041,115,53,41.2338,37.4466,107.526,35.3166,39.2963,107.429,0.004704,35.4374,39.6282,108.615,0.2,-3,3,3.10694,-0.106941,0,3,0
17:47:11.841,0.4,0.6,0.4,-1.32655,1.77677,-0.350837,-1.15182,-1.90931,-4.72271,-5.55,6.13765,115,53,41.5198,37.3563,107.496,35.6029,39.2067,107.354,0.00390561,35.6993,39.5441,108.823,0.2,-3,3,3.09177,-0.0917661,0,3,0
17:47:11.941,0.4,0.6,0.4,-1.59497,1.49779,-0.345468,-0.971787,-1.7321,-4.55388,-5.55,6.13299,116,54,41.806,37.2662,107.457,35.8893,39.1173,107.294,0.00303706,35.9696,39.4542,109.052,0.2,-3,3,3.08866,-0.0886569,0,3,0
17:47:12.042,0.4,0.6,0.4,-1.81932,1.35822,-0.342661,-0.889222,-1.61785,-4.45321,-5.55,6.07808,114,53,41.9013,37.2363,107.442,36.0802,39.0579,107.263,0.00253037,36.2287,39.3706,109.261,0.2,-3,3,3.05206,-0.0520558,0,3,0
17:47:12.141,0.4,0.6,0.4,-2.05238,1.09911,-0.334602,-0.717313,-1.42751,-4.27858,-5.55,6.09771,114,53,42.1876,37.1465,107.391,36.3667,38.969,107.227,0.00156668,36.4956,39.2794,109.443,0.2,-3,3,3.06514,-0.0651386,0,3,0
17:47:12.242,0.4,0.6,0.4,-2.31707,0.795035,-0.328181,-0.518188,-1.23821,-4.09328,-5.55,6.10599,115,53,42.5693,37.0272,107.315,36.6533,38.8802,107.207,0.000772522,36.7604,39.1906,109.632,0.2,-3,3,3.07066,-0.0706568,0,3,0
17:47:12.341,0.4,0.6,0.4,-2.58762,0.482485,-0.317035,-0.313836,-1.00981,-3.87548,-5.55,6.11864,115,53,42.8557,36.9381,107.252,36.9398,38.7915,107.2,1.75134e-06,37.0329,39.0946,109.84,0.2,-3,3,3.07909,-0.0790949,0,3,0
17:47:12.442,0.4,0.6,0.4,-2.82301,0.233974,-0.306741,-0.15298,-0.819872,-3.70103,-5.46,6.08717,114,53,43.0467,36.8788,107.21,37.2264,38.7028,107.208,-0.000819621,37.2953,39.0026,110.033,0.2,-3,3,3.05811,-0.0581105,0,3,0
17:47:12.541,0.4,0.6,0.4,-3.06819,-0.114718,-0.292704,0.0744975,-0.576001,-3.45904,-5.19,6.12878,116,54,43.4289,36.7608,107.127,37.5129,38.614,107.227,-0.0013426,37.5655,38.9042,110.195,0.2,-3,3,3.08586,-0.0858557,0,3,0
17:47:12.641,0.4,0.6,0.4,-3.20585,-0.253724,-0.281896,0.165799,-0.43277,-3.32583,-4.91,6.09059,114,53,43.5244,36.7313,107.107,37.7039,38.5548,107.243,-0.00152137,37.8267,38.8118,110.313,0.2,-3,3,3.0604,-0.0603964,0,3,0
17:47:12.741,0.4,0.6,0.4,-3.32192,-0.4701,-0.268144,0.306845,-0.267851,-3.16305,-4.55,6.0974,114,53,43.8112,36.6432,107.062,37.9904,38.4658,107.271,-0.00175581,38.0944,38.7142,110.384,0.2,-3,3,3.06493,-0.0649307,0,3,0
17:47:12.841,0.4,0.6,0.4,-3.35055,-0.630589,-0.256634,0.41239,-0.169004,-3.05828,-4.28,6.08561,114,53,44.098,36.5552,107.064,38.2768,38.3766,107.302,-0.00183846,38.3543,38.6213,110.415,0.2,-3,3,3.05708,-0.0570753,0,3,0
17:47:12.941,0.4,0.6,0.4,-3.38884,-0.833161,-0.24152,0.540426,-0.0284919,-2.91629,-4.1,6.13547,115,53,44.4804,36.438,107.027,38.5632,38.2873,107.335,-0.00199038,38.6233,38.5216,110.416,0.2,-3,3,3.09031,-0.0903115,0,3,0
17:47:13.042,0.4,0.6,0.4,-3.39838,-0.983292,-0.226837,0.638539,0.0844095,-2.8038,-3.83,6.12828,116,54,44.7672,36.3502,107.01,38.8495,38.1979,107.371,-0.00212386,38.8856,38.4243,110.408,0.2,-3,3,3.08552,-0.0855231,0,3,0
17:47:13.141,0.4,0.6,0.4,-3.34982,-1.13107,-0.207215,0.732905,0.205955,-2.68143,-3.64,6.14148,116,54,45.0541,36.2624,107.004,39.1358,38.1082,107.407,-0.00207392,39.155,38.3194,110.354,0.2,-3,3,3.09432,-0.0943182,0,3,0
17:47:13.241,0.4,0.6,0.4,-3.27488,-1.17624,-0.193582,0.76384,0.266934,-2.62307,-3.47,6.12801,115,53,45.2453,36.204,107.007,39.3266,38.0484,107.43,-0.0019803,39.4162,38.2231,110.282,0.2,-3,3,3.08534,-0.0853422,0,3,0
17:47:13.341,0.4,0.6,0.4,-3.14008,-1.23082,-0.177119,0.792921,0.321683,-2.57055,-3.19,6.1771,115,53,45.5321,36.1162,107.02,39.6128,37.9584,107.464,-0.0019066,39.6877,38.1205,110.16,0.2,-3,3,3.11807,-0.118068,0,3,0
17:47:13.441,0.4,0.6,0.4,-2.98782,-1.24189,-0.164599,0.804538,0.333394,-2.55445,-3.11,6.14266,115,53,45.819,36.0283,107.041,39.8989,37.8683,107.495,-0.001744,39.9515,38.0243,110.029,0.2,-3,3,3.09511,-0.0951066,0,3,0
17:47:13.541,0.4,0.6,0.4,-2.79223,-1.23191,-0.150113,0.79639,0.3395,-2.54334,-2.84,6.15567,115,53,46.1058,35.9404,107.069,40.185,37.7781,107.522,-0.00136536,40.222,37.9238,109.861,0.2,-3,3,3.10378,-0.103781,0,3,0
17:47:13.641,0.4,0.6,0.4,-2.54588,-1.13943,-0.139665,0.73831,0.288345,-2.58315,-2.66,6.14159,115,53,46.3925,35.8522,107.101,40.471,37.6877,107.54,-0.00064854,40.4834,37.8302,109.647,0.2,-3,3,3.0944,-0.0943966,0,3,0
17:47:13.741,0.4,0.6,0.4,-2.27356,-1.06952,-0.12717,0.685528,0.241808,-2.61832,-2.57,6.20871,117,54,46.7747,35.7345,107.147,40.757,37.5973,107.545,4.90418e-05,40.7558,37.731,109.421,0.2,-3,3,3.13914,-0.139138,0,3,0
17:47:13.841,0.4,0.6,0.4,-2.02743,-0.924285,-0.115673,0.594608,0.198276,-2.66723,-2.39,6.1862,115,53,46.8703,35.705,107.159,40.9477,37.537,107.542,0.000509947,41.0183,37.636,109.186,0.2,-3,3,3.12414,-0.124135,0,3,0
17:47:13.941,0.4,0.6,0.4,-1.75157,-0.859737,-0.100782,0.550105,0.166085,-2.68497,-2.31,6.21976,116,53,47.2525,35.5868,107.198,41.2338,37.4466,107.526,0.00137931,41.2895,37.5347,108.95,0.2,-3,3,3.14651,-0.146506,0,3,0
17:47:14.041,0.4,0.6,0.4,-1.49651,-0.728566,-0.0915126,0.467651,0.10186,-2.74435,-2.31,6.20025,116,53,47.539,35.4981,107.221,41.5198,37.3563,107.496,0.0019848,41.5503,37.4427,108.718,0.2,-3,3,3.1335,-0.133502,0,3,0
17:47:14.141,0.4,0.6,0.4,-1.25627,-0.627102,-0.0793173,0.401268,0.0678794,-2.77541,-2.39,6.21972,116,53,47.8256,35.4092,107.237,41.806,37.2662,107.457,0.00260015,41.8216,37.3445,108.493,0.2,-3,3,3.14648,-0.146481,0,3,0
17:47:14.241,0.4,0.6,0.4,-1.02871,-0.443228,-0.0751921,0.286298,-0.0215442,-2.86723,-2.39,6.16147,115,53,48.0167,35.3499,107.241,42.0921,37.1764,107.408,0.00304404,42.0829,37.2581,108.27,0.2,-3,3,3.10765,-0.107647,0,3,0
17:47:14.341,0.4,0.6,0.4,-0.778458,-0.26238,-0.0679977,0.168751,-0.0967848,-2.95249,-2.39,6.18821,116,54,48.3033,35.261,107.237,42.3784,37.0868,107.354,0.00332211,42.3535,37.1658,108.015,0.2,-3,3,3.12548,-0.125476,0,3,0
17:47:14.441,0.4,0.6,0.4,-0.538002,-0.0314133,-0.0655274,0.0202152,-0.20301,-3.07307,-2.39,6.1847,115,53,48.4944,35.2017,107.225,42.5693,37.0272,107.315,0.00349134,42.6167,37.081,107.763,0.2,-3,3,3.12313,-0.123134,0,3,0
17:47:14.541,0.4,0.6,0.4,-0.491623,0.143056,-0.060285,-0.0913123,-0.185559,-3.08477,-2.39,6.23533,116,53,48.8767,35.0838,107.032,42.8557,36.9381,107.252,0.00375108,42.8917,36.99,107.524,0.2,-3,3,3.15688,-0.156884,0,3,0
17:47:14.642,0.4,0.6,0.4,-0.384689,0.320612,-0.0547835,-0.20639,-0.203471,-3.13307,-2.39,6.18258,115,53,49.068,35.0254,106.908,43.1423,36.8493,107.189,0.00365865,43.1518,36.9036,107.293,0.2,-3,3,3.12172,-0.121722,0,3,0
17:47:14.741,0.4,0.6,0.4,-0.453964,0.430681,-0.0460856,-0.276163,-0.102884,-3.07934,-2.39,6.20678,117,54,49.4509,34.91,106.617,43.4289,36.7608,107.127,0.00343081,43.4214,36.8113,107.071,0.2,-3,3,3.13785,-0.137851,0,3,0
17:47:14.842,0.4,0.6,0.4,-0.393181,0.628579,-0.0442711,-0.404007,-0.12152,-3.15473,-2.39,6.19211,116,54,49.6426,34.8531,106.45,43.7156,36.6726,107.072,0.00233179,43.6837,36.7287,106.843,0.2,-3,3,3.12807,-0.128071,0,3,0
17:47:14.941,0.4,0.6,0.4,-0.443993,0.785873,-0.0406588,-0.503501,-0.06823,-3.18751,-2.39,6.2117,116,53,49.9304,34.7688,106.172,43.9068,36.6139,107.058,0.000293322,43.9572,36.641,106.616,0.2,-3,3,3.14113,-0.141132,0,3,0
17:47:15.042,0.4,0.6,0.4,-0.403214,1.02465,-0.0431248,-0.664246,-0.110026,-3.21393,-2.39,6.13884,115,53,50.1225,34.7135,105.969,44.1936,36.5259,107.058,0.00253832,44.2175,36.5636,106.372,0.2,-3,3,3.09256,-0.0925627,0,3,0
17:47:15.141,0.4,0.6,0.4,-0.500046,1.18268,-0.041355,-0.764032,-0.0459548,-3.21886,-2.48,6.16003,115,53,50.411,34.6318,105.637,44.4804,36.438,107.027,0.00135567,44.4873,36.4791,106.137,0.2,-3,3,3.10668,-0.106684,0,3,0
17:47:15.242,0.4,0.6,0.4,-0.65229,1.3556,-0.0454076,-0.875728,0.0030378,-3.2276,-2.66,6.15985,115,53,50.7,34.5519,105.273,44.7672,36.3502,107.01,0.000667912,44.7495,36.4031,105.925,0.2,-3,3,3.10657,-0.106565,0,3,0
17:47:15.341,0.4,0.6,0.4,-0.875931,1.43578,-0.0454423,-0.923423,0.118903,-3.16664,-2.84,6.18712,116,54,50.9894,34.4739,104.876,45.0541,36.2624,107.004,-3.6108e-05,45.0233,36.3194,105.752,0.2,-3,3,3.12474,-0.124743,0,3,0
17:47:15.442,0.4,0.6,0.4,-1.02535,1.54163,-0.0502036,-1.00207,0.160743,-3.16577,-3.02,6.12168,115,53,51.1827,34.4231,104.594,45.2453,36.204,107.007,-0.000463563,45.2826,36.245,105.619,0.2,-3,3,3.08112,-0.08112,0,3,0
17:47:15.541,0.4,0.6,0.4,-1.36092,1.54537,-0.0520383,-0.99977,0.321487,-3.05182,-3.19,6.1506,115,53,51.4731,34.3487,104.143,45.5321,36.1162,107.02,-0.000993012,45.5522,36.1645,105.504,0.2,-3,3,3.1004,-0.100403,0,3,0
17:47:15.642,0.4,0.6,0.4,-1.7458,1.56385,-0.0597544,-1.01409,0.464591,-2.95469,-3.38,6.13626,115,53,51.7641,34.2767,103.66,45.819,36.0283,107.041,-0.00145259,45.8167,36.0915,105.406,0.2,-3,3,3.09084,-0.0908401,0,3,0
17:47:15.741,0.4,0.6,0.4,-2.20587,1.4947,-0.0652916,-0.969744,0.662898,-2.79472,-3.47,6.13324,116,54,52.0558,34.2071,103.145,46.1058,35.9404,107.069,-0.00176515,46.0905,36.0134,105.351,0.2,-3,3,3.08883,-0.0888252,0,3,0
17:47:15.841,0.4,0.6,0.4,-2.3087,1.60463,-0.0765836,-1.05494,0.635969,-2.84316,-3.47,6.05234,114,53,52.1531,34.1846,102.966,46.2969,35.8816,107.09,-0.00192232,46.3493,35.9456,105.275,0.2,-3,3,3.03489,-0.034894,0,3,0
17:47:15.941,0.4,0.6,0.4,-2.75951,1.57205,-0.0847733,-1.03046,0.810177,-2.7033,-3.47,6.07039,114,53,52.4457,34.1187,102.408,46.5836,35.7934,107.124,-0.00204832,46.6168,35.8719,105.168,0.2,-3,3,3.04693,-0.0469279,0,3,0
17:47:16.041,0.4,0.6,0.4,-3.24521,1.55479,-0.0979292,-1.01978,0.966333,-2.57545,-3.47,6.06662,114,53,52.7391,34.0557,101.819,46.8703,35.705,107.159,-0.0019141,46.8815,35.804,105.064,0.2,-3,3,3.04441,-0.0444133,0,3,0
17:47:16.141,0.4,0.6,0.4,-3.78755,1.43859,-0.10651,-0.94119,1.18491,-2.37667,-3.47,6.08218,115,54,53.0333,33.9958,101.197,47.1569,35.6164,107.189,-0.00163867,47.155,35.7285,104.985,0.2,-3,3,3.05479,-0.0547886,0,3,0
17:47:16.241,0.4,0.6,0.4,-4.14626,1.40678,-0.118123,-0.923935,1.28814,-2.28624,-3.47,6.05881,114,53,53.2298,33.9576,100.766,47.348,35.5572,107.207,-0.00141593,47.4195,35.6587,104.912,0.2,-3,3,3.03921,-0.0392098,0,3,0
17:47:16.341,0.4,0.6,0.4,-4.39268,1.32645,-0.125409,-0.867865,1.36015,-2.20447,-3.47,6.08203,113,53,53.4268,33.921,100.433,47.6346,35.4684,107.228,-0.000981513,47.6927,35.5817,104.826,0.2,-3,3,3.05469,-0.0546851,0,3,0
17:47:16.441,0.4,0.6,0.4,-4.32569,1.45572,-0.136789,-0.9585,1.24302,-2.30824,-3.47,6.0434,110,53,53.4268,33.921,100.433,47.9211,35.3795,107.24,-0.000412996,47.9583,35.5112,104.759,0.2,-3,3,3.02894,-0.0289366,0,3,0
17:47:16.541,0.4,0.6,0.4,-4.23369,1.58897,-0.145748,-1.04621,1.12681,-2.40464,-3.47,6.04335,107,53,53.4268,33.921,100.433,48.2077,35.2906,107.24,0.000411563,48.2308,35.4361,104.667,0.2,-3,3,3.0289,-0.0288982,0,3,0
17:47:16.642,0.4,0.6,0.4,-4.12769,1.82581,-0.162144,-1.20876,0.947839,-2.56918,-3.47,6.0098,105,54,53.4268,33.921,100.433,48.4944,35.2017,107.225,0.0013137,48.4955,35.3711,104.561,0.2,-3,3,3.00653,-0.0065341,0,3,0
17:47:16.741,0.4,0.6,0.4,-4.03669,2.05018,-0.177404,-1.34823,0.783681,-2.5623,-3.47,6.04978,101,52,53.4268,33.921,100.433,48.6855,35.1425,107.142,0.00894382,48.769,35.3024,104.47,0.2,-3,3,3.03319,-0.0331867,0,3,0
17:47:16.842,0.4,0.6,0.4,-3.94169,2.2894,-0.191517,-1.50468,0.627217,-2.68524,-3.47,6.05266,98,52,53.4268,33.921,100.433,48.9723,35.0545,106.972,0.0108263,49.0426,35.2333,104.375,0.2,-3,3,3.03511,-0.0351079,0,3,0
17:47:16.941,0.4,0.6,0.4,-3.84269,2.49483,-0.200511,-1.6367,0.507855,-2.77237,-3.38,6.06319,95,52,53.4268,33.921,100.433,49.2594,34.9674,106.77,0.0127101,49.3213,35.1582,104.276,0.2,-3,3,3.04213,-0.042129,0,3,0
17:47:17.042,0.4,0.6,0.4,-3.74169,2.79186,-0.2137,-1.83569,0.354306,-2.90491,-3.29,6.04863,92,52,53.4268,33.921,100.433,49.5468,34.8815,106.535,0.014595,49.5931,35.0906,104.175,0.2,-3,3,3.03242,-0.032423,0,3,0
17:47:17.141,0.4,0.6,0.4,-3.61269,3.09606,-0.222349,-2.02368,0.224805,-3.01554,-3.19,6.08357,90,53,53.4268,33.921,100.433,49.8345,34.7968,106.268,0.016483,49.8724,35.0173,104.046,0.2,-3,3,3.05571,-0.0557129,0,3,0
17:47:17.242,0.4,0.6,0.4,-3.46469,3.52367,-0.234396,-2.31443,0.0527728,-3.18813,-3.02,6.05233,87,53,53.4268,33.921,100.433,50.1225,34.7135,105.969,0.0183712,50.1431,34.9514,103.898,0.2,-3,3,3.03489,-0.034888,0,3,0
17:47:17.341,0.4,0.6,0.4,-3.29369,3.97022,-0.241733,-2.60486,-0.0917377,-3.35348,-2.75,6.05714,85,53,53.4268,33.921,100.433,50.3148,34.6589,105.751,0.0196311,50.4197,34.8805,103.727,0.2,-3,3,3.03809,-0.0380924,0,3,0
17:47:17.442,0.4,0.6,0.4,-3.11469,4.56544,-0.252301,-3.00179,-0.26854,-3.55952,-2.75,6.04127,82,53,53.4268,33.921,100.433,50.6036,34.5783,105.398,0.0215201,50.6885,34.8167,103.548,0.2,-3,3,3.02751,-0.0275121,0,3,0
17:47:17.541,0.4,0.6,0.4,-2.91369,5.25444,-0.259853,-3.42676,-0.421546,-3.7549,-2.75,6.08694,79,53,53.4268,33.921,100.433,50.8929,34.4997,105.012,0.0234078,50.9665,34.749,103.347,0.2,-3,3,3.05796,-0.0579617,0,3,0
17:47:17.641,0.4,0.6,0.4,-2.73969,6.06434,-0.267182,-3.96962,-0.574196,-3.98307,-2.75,6.05914,76,53,53.4268,33.921,100.433,51.1827,34.4231,104.594,0.0252932,51.238,34.6848,103.173,0.2,-3,3,3.03943,-0.039427,0,3,0
17:47:17.741,0.4,0.6,0.4,-2.57469,6.98675,-0.269967,-4.55905,-0.678691,-4.18686,-2.75,6.0714,74,54,53.4268,33.921,100.433,51.4731,34.3487,104.143,0.0271733,51.5158,34.6163,103.008,0.2,-3,3,3.0476,-0.0476027,0,3,0
17:47:17.842,0.4,0.6,0.4,-2.39169,8.25825,-0.274398,-5.39959,-0.814521,-4.48554,-2.75,6.04807,71,54,53.4268,33.921,100.433,51.7641,34.2767,103.66,0.0290481,51.7852,34.5538,102.825,0.2,-3,0,3.03205,-3.03205,0,3,0
17:47:17.941,0.4,0.6,0.4,-2.21369,9.88507,-0.273943,-6.42283,-0.89847,-4.80924,-2.75,6.06953,68,53,53.4268,33.921,100.433,51.9585,34.23,103.32,0.0302931,52.0625,34.487,102.647,0.2,-3,0,3.04635,-3.04635,0,3,0
17:47:18.042,0.4,0.6,0.4,-2.03869,12.4496,-0.278406,-8.08685,-1.03352,-5.33829,-2.75,6.03865,65,53,53.4268,33.921,100.433,52.2506,34.1623,102.784,0.0321515,52.3333,34.429,102.472,0.2,-3,0,3.02576,-3.02576,0,3,0
17:47:18.141,0.4,0.6,0.4,-1.86869,16.674,-0.283027,-10.6796,-1.15242,-6.1151,-2.75,6.05548,62,53,53.4268,33.921,100.433,52.5434,34.0973,102.215,0.0339969,52.6122,34.3721,102.302,0.2,-3,0,3.03699,-3.03699,0,3,0
17:47:18.241,0.4,0.6,0.4,-1.72069,24.5854,-0.294628,-15.3118,-1.32039,-7.44907,-2.93,6.04794,59,53,53.4268,33.921,100.433,52.8371,34.0354,101.615,0.0358248,52.8833,34.3266,102.154,0.2,-3,0,3.03196,-3.03196,0,3,0
17:47:18.341,0.4,0.6,0.4,-1.68869,42.7462,-0.314245,-23.9051,-1.46685,-8.94907,-3.64,6.09468,57,54,53.4268,33.921,100.433,53.1315,33.9765,100.983,0.0376278,53.1674,34.2896,102.122,0.2,-3,0,3.06312,-3.06312,0,3,0
17:47:18.441,0.4,0.6,0.4,-1.76969,76.9007,-0.336243,-32.9488,-1.63802,-10.4491,-4.83,5.98089,54,53,53.4268,33.921,100.433,53.3283,33.9391,100.545,0.0388186,53.4214,34.2638,102.203,0.2,-3,0,2.98726,-2.98726,0,1,0
17:47:18.542,0.4,0.6,0.4,-1.91869,115.753,-0.376377,-31.012,-1.87514,-11.9491,-5.74,5.96307,51,51,53.4268,33.921,100.433,53.4268,33.921,100.433,0,53.689,34.2554,102.352,0.2,-3,0,2.97538,-2.97538,0,1,0
17:47:18.642,0.4,0.6,0.4,-2.06669,131.234,-0.420666,-27.6651,-2.29336,-12.535,-6.83,5.70936,51,51,53.4268,33.921,100.433,53.4268,33.921,100.433,0,53.8928,34.2629,102.5,0.2,-3,0,2.80624,-2.80624,0,1,0
17:47:18.742,0.4,0.6,0.4,-2.24069,139.164,-0.490465,-24.6487,-2.79518,-12.0819,-8.22,5.67158,51,51,53.4268,33.921,100.433,53.4268,33.921,100.433,0,54.1199,34.292,102.674,0.2,-3,0,2.78105,-2.78105,0,1,0
17:47:18.842,0.4,0.6,0.4,-2.41669,141.246,-0.544286,-25.218,-3.52073,-12.8072,-9.15,5.29021,51,51,53.4268,33.921,100.433,53.4268,33.921,100.433,0,54.253,34.3223,102.85,0.2,-3,0,2.52681,-2.52681,0,1,0
17:47:18.942,0.4,0.6,0.4,-2.52969,143.022,-0.613033,-24.7243,-4.19245,-13.1929,-10.27,5.19911,51,51,53.4268,33.921,100.433,53.4268,33.921,100.433,0,54.4167,34.362,102.963,0.2,-3,0,2.46607,-2.46607,0,1,0
17:47:19.042,0.4,0.6,0.4,-2.57469,142.627,-0.653034,-27.1635,-5.3597,-14.4789,-11.31,4.7081,51,51,53.4268,33.921,100.433,53.4268,33.921,100.433,0,54.4692,34.393,103.008,0.2,-3,0,2.13873,-2.13873,0,1,0
17:47:19.141,0.4,0.6,0.4,-2.60369,142.855,-0.704996,-27.6051,-6.13727,-15.5165,-11.79,4.596,51,51,53.4268,33.921,100.433,53.4268,33.921,100.433,0,54.5617,34.4288,103.037,0.2,-3,0,2.064,-2.064,0,1,0
17:47:19.242,0.4,0.6,0.4,-2.58069,141.791,-0.72654,-30.8341,-7.71633,-16.8293,-12.26,4.12402,51,51,53.4268,33.921,100.433,53.4268,33.921,100.433,0,54.5554,34.4519,103.014,0.2,-3,0,1.74934,-1.74934,0,1,0
17:47:19.342,0.4,0.6,0.4,-2.52569,141.539,-0.759575,-31.6711,-8.5806,-18.3293,-13.31,4.01272,51,51,53.4268,33.921,100.433,53.4268,33.921,100.433,0,54.5949,34.4782,102.959,0.2,-3,0,1.67515,-1.67515,0,1,0
17:47:19.442,0.4,0.6,0.4,-2.46769,140.072,-0.761434,-35.7164,-10.8047,-19.8293,-14.08,3.55277,51,51,53.4268,33.921,100.433,53.4268,33.921,100.433,0,54.542,34.4899,102.901,0.2,-3,0,1.36851,-1.36851,0,1,0
17:47:19.541,0.4,0.6,0.4,-2.39569,139.554,-0.771219,-36.9634,-11.7639,-21.3293,-15.43,3.4309,51,51,53.4268,33.921,100.433,53.4268,33.921,100.433,0,54.5355,34.501,102.829,0.2,-3,0,1.28727,-1.28727,0,1,0
17:47:19.642,0.4,0.6,0.4,-2.29669,137.718,-0.755649,-41.6911,-15.0398,-22.8293,-17.08,3.00626,51,51,53.4268,33.921,100.433,53.4268,33.921,100.433,0,54.4498,34.501,102.73,0.2,-3,0,1.00417,-1.00417,0,0,0
17:47:19.741,0.4,0.6,0.4,-2.20969,136.816,-0.748556,-43.2073,-16.1262,-24.3293,-18.36,2.89969,51,51,53.4268,33.921,100.433,53.4268,33.921,100.433,0,54.41,34.5011,102.643,0.2,-3,0,0.933126,-0.933126,0,0,0
17:47:19.842,0.4,0.6,0.4,-2.11569,134.713,-0.721932,-47.7321,-20.3822,-25.8293,-19.84,2.57072,51,51,53.4268,33.921,100.433,53.4268,33.921,100.433,0,54.3143,34.4916,102.549,0.2,-3,0,0.71381,-0.71381,0,0,0
17:47:19.941,0.4,0.6,0.4,-2.02469,133.594,-0.702985,-49.3118,-21.7366,-27.3293,-21.74,2.4783,51,51,53.4268,33.921,100.433,53.4268,33.921,100.433,0,54.2605,34.4822,102.458,0.2,-3,0,0.652203,-0.652203,0,0,0
17:47:20.042,0.4,0.6,0.4,-1.94369,131.155,-0.670805,-53.5814,-26.665,-28.8293,-22.74,2.21083,51,51,53.4268,33.921,100.433,53.4268,33.921,100.433,0,54.1656,34.467,102.377,0.2,-3,0,0.473888,-0.473888,0,0,0
17:47:20.142,0.4,0.6,0.4,-1.88269,129.652,-0.645554,-55.1279,-25.8076,-30.3293,-23.96,2.1355,51,51,53.4268,33.921,100.433,53.4268,33.921,100.433,0,54.1061,34.4523,102.316,0.2,-3,0,0.42367,-0.42367,0,0,0
17:47:20.242,0.4,0.6,0.4,-1.83169,126.881,-0.611592,-58.5943,-24.6059,-31.8293,-25.38,1.94368,51,51,53.4268,33.921,100.433,53.4268,33.921,100.433,0,54.0196,34.4337,102.265,0.2,-3,0,0.295787,-0.295787,0,0,0
17:47:20.342,0.4,0.6,0.4,-1.80169,125.074,-0.583139,-59.8589,-23.5682,-33.3293,-26.4,1.8913,51,51,53.4268,33.921,100.433,53.4268,33.921,100.433,0,53.9626,34.4152,102.235,0.2,-3,0,0.260864,-0.260864,0,0,0
17:47:20.442,0.4,0.6,0.4,-1.78369,122.069,-0.550117,-62.5319,-22.327,-34.8293,-27.62,1.75332,51,51,53.4268,33.921,100.433,53.4268,33.921,100.433,0,53.8893,34.3952,102.217,0.2,-3,0,0.168882,-0.168882,0,0,0
17:47:20.542,0.4,0.6,0.4,-1.76569,119.979,-0.521449,-63.6327,-21.2314,-36.3293,-29.17,1.7089,51,51,53.4268,33.921,100.433,53.4268,33.921,100.433,0,53.8385,34.3754,102.199,0.2,-3,0,0.13927,-0.13927,0,0,0
17:47:20.642,0.4,0.6,0.4,-1.77269,116.713,-0.491989,-65.5256,-20.066,-36.9987,-30.31,1.61828,51,51,53.4268,33.921,100.433,53.4268,33.921,100.433,0,53.7784,34.3565,102.206,0.2,-3,0,0.0788543,-0.0788543,0,0,0
17:47:20.742,0.4,0.6,0.4,-1.79669,114.284,-0.466088,-66.3444,-19.0116,-36.4055,-31.66,1.58916,51,51,53.4268,33.921,100.433,53.4268,33.921,100.433,0,53.7356,34.338,102.23,0.2,-3,0,0.059439,-0.059439,0,0,0
17:47:20.842,0.4,0.6,0.4,-1.80968,110.889,-0.441657,-67.6223,-18.0119,-35.9835,-33.75,1.53092,51,51,53.4268,33.921,100.433,53.4268,33.921,100.433,0,53.6884,34.3219,102.243,0.2,-3,0,0.0206155,-0.0206155,0,0,0
17:47:20.942,0.4,0.6,0.4,-1.82169,108.233,-0.419658,-68.2563,-17.1009,-35.4505,-35,1.50765,51,51,53.4268,33.921,100.433,53.4268,33.921,100.433,0,53.6534,34.3059,102.255,0.2,-3,0,0.00509902,-0.00509902,0,0,0
17:47:21.042,0.4,0.6,0.4,-1.84169,104.776,-0.400324,-68.2733,-16.2848,-34.8186,-36.06,1.53354,51,51,53.4268,33.921,100.433,53.4268,33.921,100.433,0,53.6168,34.293,102.275,0.2,-3,0,0.0223607,-0.0223607,0,0,0
17:47:21.142,0.4,0.6,0.4,-1.85369,101.948,-0.382195,-68.3049,-15.5184,-34.2297,-36.48,1.54914,51,51,53.4268,33.921,100.433,53.4268,33.921,100.433,0,53.5883,34.2798,102.287,0.2,-3,0,0.0327567,-0.0327567,0,0,0
17:47:21.242,0.4,0.6,0.4,-1.85169,98.6996,-0.367522,-68.2556,-14.9029,-33.7358,-36.48,1.56915,51,51,53.4268,33.921,100.433,53.4268,33.921,100.433,0,53.5607,34.27,102.285,0.2,-3,0,0.0460977,-0.0460977,0,0,0
17:47:21.342,0.4,0.6,0.4,-1.86769,95.9541,-0.353127,-68.2446,-14.2809,-33.2476,-36.27,1.57973,51,51,53.4268,33.921,100.433,53.4268,33.921,100.433,0,53.5384,34.2595,102.301,0.2,-3,0,0.0531507,-0.0531507,0,0,0
17:47:21.442,0.4,0.6,0.4,-1.88869,93.0157,-0.342457,-68.1519,-13.8102,-32.8545,-35.53,1.59355,51,51,53.4268,33.921,100.433,53.4268,33.921,100.433,0,53.5177,34.2524,102.322,0.2,-3,0,0.0623699,-0.0623699,0,0,0
17:47:21.542,0.4,0.6,0.4,-1.88469,90.3937,-0.330764,-68.0075,-13.3137,-32.4268,-35,1.60738,51,51,53.4268,33.921,100.433,53.4268,33.921,100.433,0,53.4996,34.2439,102.318,0.2,-3,0,0.0715891,-0.0715891,0,0,0
17:47:21.642,0.4,0.6,0.4,-1.87868,87.8697,-0.322488,-67.9358,-12.9634,-32.1334,-34.69,1.6121,51,51,53.4268,33.921,100.433,53.4268,33.921,100.433,0,53.4838,34.2384,102.312,0.2,-3,0,0.0747329,-0.0747329,0,0,0
17:47:21.742,0.4,0.6,0.4,-1.88369,85.4976,-0.312428,-67.8152,-12.5262,-31.7587,-34.69,1.61797,51,51,53.4268,33.921,100.433,53.4268,33.921,100.433,0,53.4693,34.2308,102.317,0.2,-3,0,0.0786448,-0.0786448,0,0,0
17:47:21.842,0.4,0.6,0.4,-1.88369,83.5291,-0.30635,-67.7672,-12.2637,-31.5405,-34.69,1.6165,51,51,53.4268,33.921,100.433,53.4268,33.921,100.433,0,53.4581,34.2267,102.317,0.2,-3,0,0.077666,-0.077666,0,0,0
17:47:21.942,0.4,0.6,0.4,-1.89069,81.5092,-0.298142,-67.5972,-11.9026,-31.2113,-34.59,1.62268,51,51,53.4268,33.921,100.433,53.4268,33.921,100.433,0,53.4468,34.2204,102.324,0.2,-3,0,0.0817863,-0.0817863,0,0,0
17:47:22.042,0.4,0.6,0.4,-1.90469,79.9682,-0.293836,-67.5452,-11.7045,-31.0422,-33.54,1.61975,51,51,53.4268,33.921,100.433,53.4268,33.921,100.433,0,53.4387,34.2175,102.338,0.2,-3,0,0.0798311,-0.0798311,0,0,0
17:47:22.142,0.4,0.6,0.4,-1.90969,78.2346,-0.286894,-67.3496,-11.3986,-30.7488,-33.01,1.62593,51,51,53.4268,33.921,100.433,53.4268,33.921,100.433,0,53.4297,34.2121,102.343,0.2,-3,0,0.0839524,-0.0839524,0,0,0
17:47:22.242,0.4,0.6,0.4,-1.91269,77.1698,-0.283946,-67.3671,-11.2678,-29.7682,-32.6,1.61797,52,51,53.4268,33.921,100.433,53.3283,33.9391,100.545,0.0388186,53.4243,34.2101,102.346,0.2,-3,0,0.0786448,-0.0786448,0,0,0
17:47:22.341,0.4,0.6,0.4,-1.92269,75.751,-0.278029,-67.186,-11.0016,-29.5099,-32.18,1.62268,52,51,53.4268,33.921,100.433,53.3283,33.9391,100.545,0.0388186,53.4174,34.2054,102.356,0.2,-3,0,0.0817863,-0.0817863,0,0,0
17:47:22.442,0.4,0.6,0.4,-1.92969,75.0687,-0.276156,-67.2192,-10.9142,-29.451,-31.86,1.61503,52,51,53.4268,33.921,100.433,53.3283,33.9391,100.545,0.0388186,53.4141,34.2041,102.363,0.2,-3,0,0.0766877,-0.0766877,0,0,0
17:47:22.541,0.4,0.6,0.4,-1.93669,73.9176,-0.271174,-67.0637,-10.6907,-29.2331,-31.34,1.61828,52,51,53.4268,33.921,100.433,53.3283,33.9391,100.545,0.0388186,53.4087,34.2,102.37,0.2,-3,0,0.0788543,-0.0788543,0,0,0
17:47:22.642,0.4,0.6,0.4,-1.94469,73.5488,-0.270241,-67.1451,-10.6434,-29.2191,-30.83,1.60885,52,51,53.4268,33.921,100.433,53.3283,33.9391,100.545,0.0388186,53.407,34.1994,102.378,0.2,-3,0,0.0725672,-0.0725672,0,0,0
17:47:22.741,0.4,0.6,0.4,-1.95169,72.6361,-0.266027,-67.0041,-10.4532,-29.0312,-30.62,1.6121,52,51,53.4268,33.921,100.433,53.3283,33.9391,100.545,0.0388186,53.4028,34.1959,102.385,0.2,-3,0,0.0747329,-0.0747329,0,0,0
17:47:22.842,0.4,0.6,0.4,-1.95569,72.5085,-0.265897,-67.1063,-10.4443,-29.0529,-30.31,1.60299,52,51,53.4268,33.921,100.433,53.3283,33.9391,100.545,0.0388186,53.4022,34.1959,102.389,0.2,-3,0,0.0686586,-0.0686586,0,0,0
17:47:22.941,0.4,0.6,0.4,-1.95869,71.7769,-0.26238,-66.9841,-10.2876,-28.8964,-30.1,1.60592,52,51,53.4268,33.921,100.433,53.3283,33.9391,100.545,0.0388186,53.399,34.1929,102.392,0.2,-3,0,0.0706116,-0.0706116,0,0,0
17:47:23.042,0.4,0.6,0.4,-1.96269,71.8379,-0.262886,-67.1084,-10.3066,-28.946,-29.89,1.59681,52,51,53.4268,33.921,100.433,53.3283,33.9391,100.545,0.0388186,53.3993,34.1933,102.396,0.2,-3,0,0.0645368,-0.0645368,0,0,0
17:47:23.142,0.4,0.6,0.4,-1.96669,71.255,-0.259893,-67.0008,-10.1719,-28.8109,-29.79,1.59974,52,51,53.4268,33.921,100.433,53.3283,33.9391,100.545,0.0388186,53.3968,34.1907,102.4,0.2,-3,0,0.0664906,-0.0664906,0,0,0
17:47:23.242,0.4,0.6,0.4,-1.96969,71.4713,-0.260809,-67.1444,-10.2098,-28.8806,-29.47,1.59062,52,51,53.4268,33.921,100.433,53.3283,33.9391,100.545,0.0388186,53.3977,34.1915,102.403,0.2,-3,0,0.0604152,-0.0604152,0,0,0
17:47:23.342,0.4,0.6,0.4,-1.97069,71.0286,-0.258185,-67.0338,-10.0937,-28.7591,-29.37,1.59502,52,51,53.4268,33.921,100.433,53.3283,33.9391,100.545,0.0388186,53.3959,34.1892,102.404,0.2,-3,0,0.0633482,-0.0633482,0,0,0
17:47:23.442,0.4,0.6,0.4,-1.97169,71.3638,-0.259521,-67.1924,-10.1516,-28.8486,-29.27,1.58591,52,51,53.4268,33.921,100.433,53.3283,33.9391,100.545,0.0388186,53.3974,34.1903,102.405,0.2,-3,0,0.0572713,-0.0572713,0,0,0
17:47:23.542,0.4,0.6,0.4,-1.97469,71.0211,-0.257254,-67.1086,-10.0495,-28.7456,-29.17,1.58916,52,51,53.4268,33.921,100.433,53.3283,33.9391,100.545,0.0388186,53.396,34.1882,102.408,0.2,-3,0,0.059439,-0.059439,0,0,0
17:47:23.642,0.4,0.6,0.4,-1.97669,71.4158,-0.258704,-67.2595,-10.1117,-28.8363,-28.86,1.58119,52,51,53.4268,33.921,100.433,53.3283,33.9391,100.545,0.0388186,53.3977,34.1894,102.41,0.2,-3,0,0.0541295,-0.0541295,0,0,0
17:47:23.742,0.4,0.6,0.4,-1.97869,71.1429,-0.256624,-67.1845,-10.0186,-28.7427,-28.76,1.58444,52,51,53.4268,33.921,100.433,53.3283,33.9391,100.545,0.0388186,53.3967,34.1874,102.412,0.2,-3,0,0.0562939,-0.0562939,0,0,0
17:47:23.842,0.4,0.6,0.4,-1.97869,71.5729,-0.258295,-67.335,-10.0921,-28.8422,-28.65,1.57679,52,51,53.4268,33.921,100.433,53.3283,33.9391,100.545,0.0388186,53.3986,34.1888,102.412,0.2,-3,0,0.0511957,-0.0511957,0,0,0
17:47:23.942,0.4,0.6,0.4,-1.97869,71.3376,-0.256374,-67.269,-10.0076,-28.7578,-28.65,1.57973,52,51,53.4268,33.921,100.433,53.3283,33.9391,100.545,0.0388186,53.3976,34.187,102.412,0.2,-3,0,0.0531507,-0.0531507,0,0,0
17:47:24.042,0.4,0.6,0.4,-1.97969,71.7818,-0.258111,-67.4016,-10.0832,-28.8539,-28.65,1.57355,52,51,53.4268,33.921,100.433,53.3283,33.9391,100.545,0.0388186,53.3996,34.1884,102.413,0.2,-3,0,0.0490306,-0.0490306,0,0,0
17:47:24.142,0.4,0.6,0.4,-1.97769,71.5903,-0.256331,-67.3371,-10.0065,-28.776,-28.65,1.57679,52,51,53.4268,33.921,100.433,53.3283,33.9391,100.545,0.0388186,53.3988,34.1867,102.411,0.2,-3,0,0.0511957,-0.0511957,0,0,0
17:47:24.242,0.4,0.6,0.4,-1.97569,72.05,-0.258219,-67.4705,-10.0912,-28.8794,-28.65,1.57061,52,51,53.4268,33.921,100.433,53.3283,33.9391,100.545,0.0388186,53.4008,34.1883,102.409,0.2,-3,0,0.0470744,-0.0470744,0,0,0
17:47:24.342,0.4,0.6,0.4,-1.97469,71.8776,-0.256572,-67.4127,-10.0196,-28.8074,-28.65,1.57355,52,51,53.4268,33.921,100.433,53.3283,33.9391,100.545,0.0388186,53.4002,34.1867,102.408,0.2,-3,0,0.0490306,-0.0490306,0,0,0
17:47:24.442,0.4,0.6,0.4,-1.97169,72.3156,-0.258367,-67.5426,-10.1009,-28.9071,-28.65,1.56737,52,51,53.4268,33.921,100.433,53.3283,33.9391,100.545,0.0388186,53.4021,34.1882,102.405,0.2,-3,0,0.044911,-0.044911,0,0,0
17:47:24.542,0.4,0.6,0.4,-1.96869,72.141,-0.256651,-67.4809,-10.0278,-28.8329,-28.76,1.57061,52,51,53.4268,33.921,100.433,53.3283,33.9391,100.545,0.0388186,53.4014,34.1866,102.402,0.2,-3,0,0.0470744,-0.0470744,0,0,0
17:47:24.642,0.4,0.6,0.4,-1.96769,72.5376,-0.258499,-67.6052,-10.1099,-28.9317,-28.76,1.56443,52,51,53.4268,33.921,100.433,53.3283,33.9391,100.545,0.0388186,53.4031,34.1882,102.401,0.2,-3,0,0.0429535,-0.0429535,0,0,0
17:47:24.742,0.4,0.6,0.4,-1.96669,72.3566,-0.256897,-67.5472,-10.0402,-28.8611,-28.76,1.56737,52,51,53.4268,33.921,100.433,53.3283,33.9391,100.545,0.0388186,53.4024,34.1867,102.4,0.2,-3,0,0.044911,-0.044911,0,0,0
17:47:24.842,0.4,0.6,0.4,-1.96569,72.7498,-0.258839,-67.6664,-10.1264,-28.9617,-28.76,1.5615,52,51,53.4268,33.921,100.433,53.3283,33.9391,100.545,0.0388186,53.4041,34.1883,102.399,0.2,-3,0,0.041,-0.041,0,0,0
17:47:24.942,0.4,0.6,0.4,-1.96569,72.5739,-0.257391,-67.5903,-10.0628,-28.8908,-28.86,1.5659,52,51,53.4268,33.921,100.433,53.3283,33.9391,100.545,0.0388186,53.4034,34.187,102.399,0.2,-3,0,0.0439318,-0.0439318,0,0,0
17:47:25.042,0.4,0.6,0.4,-1.96469,72.9392,-0.259407,-67.6869,-10.1522,-28.9876,-28.86,1.5615,52,51,53.4268,33.921,100.433,53.3283,33.9391,100.545,0.0388186,53.4049,34.1888,102.398,0.2,-3,0,0.041,-0.041,0,0,0
17:47:25.142,0.4,0.6,0.4,-1.96369,72.7578,-0.257974,-67.6484,-10.09,-28.9283,-28.86,1.56296,52,51,53.4268,33.921,100.433,53.3283,33.9391,100.545,0.0388186,53.4042,34.1874,102.397,0.2,-3,0,0.0419762,-0.0419762,0,0,0
17:47:25.242,0.4,0.6,0.4,-1.96569,73.113,-0.2599,-67.7474,-10.173,-29.0208,-28.86,1.55825,52,51,53.4268,33.921,100.433,53.3283,33.9391,100.545,0.0388186,53.4057,34.1891,102.399,0.2,-3,0,0.038833,-0.038833,0,0,0
17:47:25.342,0.4,0.6,0.4,-1.96469,72.9362,-0.258449,-67.6866,-10.1101,-28.9546,-28.86,1.5615,52,51,53.4268,33.921,100.433,53.3283,33.9391,100.545,0.0388186,53.405,34.1878,102.398,0.2,-3,0,0.041,-0.041,0,0,0
