east,north,yaw
-5.32809930,8.04613572,68.71222111
-5.28930408,8.14154921,68.86304614
-5.25044699,8.23838997,69.01911409
-5.21162128,8.33640654,69.19570155
-5.17292018,8.43534750,69.41372434
-5.13443693,8.53496138,69.71556576
-5.09634987,8.63478369,70.03818610
-5.05862104,8.73488015,70.29501425
-5.02134629,8.83500311,70.54726983
-4.98460510,8.93494022,70.79493466
-4.94842856,9.03460036,71.03799237
-4.91272995,9.13420550,71.27642677
-4.87743398,9.23395106,71.51022360
-4.84257881,9.33371683,71.73937020
-4.80815716,9.43350003,71.96385403
-4.77415999,9.53329729,72.18366260
-4.74057656,9.63310474,72.39878563
-4.70738584,9.73291502,72.60921470
-4.67458583,9.83272733,72.81493972
-4.64216789,9.93253859,73.01595307
-4.61012352,10.03234580,73.21224733
-4.57844408,10.13214592,73.40381561
-4.54712099,10.23193595,73.59065306
-4.51614569,10.33171290,73.77275465
-4.48550961,10.43147382,73.95011545
-4.45520416,10.53121575,74.12273073
-4.42522069,10.63093573,74.29059825
-4.39555076,10.73063087,74.45371510
-4.36618576,10.83029824,74.61207780
-4.33711705,10.92993493,74.76568548
-4.30833617,11.02953808,74.91453615
-4.27983449,11.12910479,75.05862842
-4.25160351,11.22863221,75.19796186
-4.22363472,11.32811749,75.33253543
-4.19591957,11.42755780,75.46234883
-4.16836227,11.52692876,75.58740251
-4.14117662,11.62628251,75.70769728
-4.11430467,11.72560378,75.82323257
-4.08768566,11.82487676,75.93400873
-4.06125921,11.92408592,76.04002720
-4.03496966,12.02321122,76.14128907
-4.00874704,12.12224266,76.23779517
-3.98258380,12.22119513,76.32954650
-3.95645573,12.32006266,76.41654398
-3.93033526,12.41882485,76.49878895
-3.90420214,12.51745334,76.57889760
-3.87828165,12.61597314,76.65415540
-3.85242677,12.71432074,76.71927446
-3.82667075,12.81247949,76.77448404
-3.80104354,12.91044028,76.82030286
-3.77557108,13.00820647,76.85754932
-3.75026818,13.10582644,76.88735117
-3.72519047,13.20337095,76.91115662
-3.70034549,13.30086749,76.93074021
-3.67559614,13.39830000,76.94820720
-3.65111597,13.49571346,76.96599701
-3.62691031,13.59310392,76.98026990
-3.60326028,13.69052713,76.98801533
-3.58027199,13.78799238,76.99142374
-3.55794874,13.88548675,76.99061097
-3.53622605,13.98299139,76.98569496
-3.51497606,14.08049290,76.97679644
-3.49399161,14.17795507,76.96403912
-3.47308858,14.27533440,76.94754909
-3.45204058,14.37258238,76.92745449
-3.43092608,14.46972093,76.90388450
-3.40966465,14.56673525,76.87697097
-3.38845857,14.66367590,76.84684770
-3.36716681,14.76051372,76.81364964
-3.34576447,14.85724664,76.77751285
-3.32422609,14.95387246,76.73857436
-3.30252557,15.05038881,76.69697257
-3.28063636,15.14679319,76.65284651
-3.25860318,15.24309971,76.60633590
-3.23644805,15.33931725,76.55758049
-3.21418944,15.43545385,76.50671984
-3.19183477,15.53151496,76.45389456
-3.16937084,15.62750114,76.39924418
-3.14675313,15.72340546,76.34290795
-3.12399758,15.81923528,76.28502489
-3.10110149,15.91499348,76.22573305
-3.07806230,16.01068297,76.16517013
-3.05487782,16.10630667,76.10347159
-3.03154619,16.20186754,76.04077127
-3.00806575,16.29736855,75.97720258
-2.98443511,16.39281265,75.91289684
-2.96065543,16.48820340,75.84798316
-2.93672272,16.58354297,75.78258901
-2.91263432,16.67883381,75.71683919
-2.88838896,16.77407862,75.65085663
-2.86398679,16.86928043,75.58476229
-2.83942940,16.96444242,75.51867326
-2.81471974,17.05956820,75.45270264
-2.78986201,17.15466195,75.38696254
-2.76486133,17.24972811,75.32156184
-2.73972369,17.34477101,75.25660357
-2.71445576,17.43979466,75.19224047
-2.68905910,17.53480106,75.12857556
-2.66353771,17.62979207,75.06560078
-2.63789549,17.72476875,75.00329713
-2.61213602,17.81973147,74.94164025
-2.58626259,17.91468009,74.88060516
-2.56027781,18.00961488,74.82017574
-2.53418360,18.10453680,74.76035478
-2.50798101,18.19944701,74.70117075
-2.48167058,18.29434681,74.64268889
-2.45525240,18.38923750,74.58502630
-2.42872239,18.48411912,74.52823115
-2.40208096,18.57899273,74.47228908
-2.37532937,18.67385930,74.41722101
-2.34846977,18.76871971,74.36304605
-2.32150516,18.86357482,74.30978175
-2.29443902,18.95842585,74.25744387
-2.26727524,19.05327425,74.20604663
-2.24001741,19.14812125,74.15560218
-2.21266862,19.24296794,74.10612046
-2.18523034,19.33781489,74.05761196
-2.15770122,19.43266187,74.01008461
-2.13008486,19.52751000,73.96354470
-2.10238330,19.62235994,73.91799715
-2.07459859,19.71721231,73.87344589
-2.04673276,19.81206773,73.82989495
-2.01878782,19.90692675,73.78734535
-1.99076580,20.00178993,73.74579763
-1.96266865,20.09665778,73.70525139
-1.93449844,20.19153085,73.66570481
-1.90625721,20.28640961,73.62715738
-1.87794679,20.38129449,73.58960560
-1.84956925,20.47618596,73.55304481
-1.82112650,20.57108443,73.51747070
-1.79262056,20.66599033,73.48287752
-1.76405334,20.76090401,73.44925894
-1.73542672,20.85582582,73.41660784
-1.70674267,20.95075613,73.38491639
-1.67800303,21.04569522,73.35417508
-1.64920978,21.14064344,73.32437471
-1.62036475,21.23560104,73.29550665
-1.59146973,21.33056826,73.26755929
-1.56252658,21.42554537,73.24052077
-1.53353697,21.52053253,73.21437965
-1.50450258,21.61552991,73.18912320
-1.47542493,21.71053762,73.16473921
-1.44630559,21.80555578,73.14121428
-1.41714620,21.90058450,73.11853417
-1.38792840,21.99561781,73.09668471
-1.35869079,22.09066713,73.07565215
-1.32944993,22.18573716,73.05542261
-1.30020594,22.28082760,73.03598277
-1.27094727,22.37593453,73.01731904
-1.24165497,22.47105172,72.99941617
-1.21230660,22.56617180,72.98225695
-1.18287949,22.66128723,72.96581988
-1.15335371,22.75639122,72.95007975
-1.12371448,22.85147847,72.93501009
-1.09395413,22.94654582,72.92058195
-1.06412430,23.04160821,72.90676388
-1.03424214,23.13667009,72.89352602
-1.00432406,23.23173565,72.88083872
-0.97438560,23.32680883,72.86867094
-0.94443113,23.42189014,72.85699209
-0.91446371,23.51697965,72.84576979
-0.88455373,23.61209827,72.83497075
-0.85474229,23.70725784,72.82456151
-0.82504374,23.80246193,72.81450763
-0.79544866,23.89770674,72.80477504
-0.76589509,23.99297213,72.79532819
-0.73636574,24.08825181,72.78613231
-0.70683735,24.18353766,72.77715204
-0.67728306,24.27882039,72.76835125
-0.64767538,24.37409053,72.75969466
-0.61801534,24.46934739,72.75114645
-0.58836275,24.56460854,72.74267233
-0.55870889,24.65987028,72.73423612
-0.52908980,24.75514289,72.72580276
-0.49950536,24.85042544,72.71733954
-0.46991927,24.94570575,72.70881274
-0.44034095,25.04098583,72.70018883
-0.41070947,25.13624579,72.69143663
-0.38102962,25.23148627,72.68252559
-0.35132882,25.32671500,72.67342513
-0.32163350,25.42193948,72.66410701
-0.29196647,25.51716609,72.65454370
-0.26234429,25.61239932,72.64470864
-0.23282729,25.70765734,72.63457807
-0.20342330,25.80294203,72.62412886
-0.17411655,25.89824793,72.61333911
-0.14486477,25.99356134,72.60218935
-0.11559707,26.08885965,72.59066204
-0.08631521,26.18414294,72.57874165
-0.05701242,26.27940872,72.56641344
-0.02767326,26.37465179,72.55366410
0.00171821,26.46986683,72.54048328
0.03117863,26.56504834,72.52686265
0.06075812,26.66018027,72.51279509
0.09044822,26.75526509,72.49827491
0.12023330,26.85030763,72.48329937
0.15009288,26.94531427,72.46786826
0.18000390,27.04029228,72.45198134
0.20994361,27.13524889,72.43564212
0.23989304,27.23019022,72.41885532
0.26984044,27.32512015,72.40162510
0.29978570,27.42003897,72.38396062
0.32974506,27.51494183,72.36587290
0.35975610,27.60981719,72.34737385
0.38980029,27.70467127,72.32847742
0.41987874,27.79950416,72.30919932
0.44999245,27.89431598,72.28955576
0.48014225,27.98910691,72.26956318
0.51032877,28.08387723,72.24923923
0.54055257,28.17862719,72.22859927
0.57081385,28.27335715,72.20765827
0.60111278,28.36806746,72.18643108
0.63144934,28.46275847,72.16492976
0.66182330,28.55743057,72.14316442
0.69223433,28.65208411,72.12114421
0.72268191,28.74671945,72.09887514
0.75316547,28.84133690,72.07636045
0.78368420,28.93593676,72.05360080
0.81423719,29.03051931,72.03059295
0.84482342,29.12508472,72.00733065
0.87544163,29.21963319,71.98380487
0.90609059,29.31416476,71.96000016
0.93676879,29.40867948,71.93589660
0.96747466,29.50317725,71.91147057
0.99820647,29.59765790,71.88669215
1.02896245,29.69212112,71.86152621
1.05974071,29.78656650,71.83593097
1.09053930,29.88099347,71.80985825
1.12135623,29.97540133,71.78325411
1.15218948,30.06978919,71.75605799
1.18303709,30.16415597,71.72820250
1.21389720,30.25850041,71.69961224
1.24476774,30.35282110,71.67020557
1.27564700,30.44711634,71.63989415
1.30653328,30.54138428,71.60858185
1.33742500,30.63562280,71.57616651
1.36832077,30.72982959,71.54253825
1.39921937,30.82400208,71.50758080
1.43011971,30.91813751,71.47117162
1.46102104,31.01223283,71.43318140
1.49192281,31.10628475,71.39347396
1.52282478,31.20028975,71.35190626
1.55372681,31.29424409,71.30833118
1.58462933,31.38814373,71.26259562
1.61553297,31.48198441,71.21453953
1.64643865,31.57576164,71.16399877
1.67734782,31.66947065,71.11080475
1.70826216,31.76310647,71.05478325
1.73918382,31.85666386,70.99575693
1.77011541,31.95013735,70.93354544
1.80105994,32.04352124,70.86796410
1.83202089,32.13680963,70.79882507
1.86300209,32.22999640,70.72594045
1.89400808,32.32307517,70.64912022
1.92504374,32.41603939,70.56817075
1.95611434,32.50888237,70.48290053
1.98722585,32.60159714,70.39311745
2.01838460,32.69417664,70.29862905
2.04959740,32.78661363,70.19924589
2.08087167,32.87890069,70.09477970
2.11221520,32.97103032,69.98504451
2.14363632,33.06299484,69.86985764
2.17514376,33.15478653,69.74904098
2.20674686,33.24639748,69.62242044
2.23845527,33.33781975,69.48982525
2.27027903,33.42904537,69.35109321
2.30222875,33.52006621,69.20606773
2.33431525,33.61087422,69.05459803
2.36654984,33.70146125,68.89654245
2.39894416,33.79181913,68.73176668
2.43151009,33.88193975,68.56014597
2.46425993,33.97181493,68.38156465
2.49720609,34.06143661,68.19591660
2.53036146,34.15079666,68.00310627
2.56373889,34.23988708,67.80304830
2.59735149,34.32869993,67.59566984
2.63121265,34.41722729,67.38090918
2.66533569,34.50546138,67.15871653
2.69973418,34.59339449,66.92905508
2.73442164,34.68101904,66.69190009
2.76941166,34.76832757,66.44724125
2.80471788,34.85531271,66.19508051
2.84035379,34.94196730,65.93543397
2.87633303,35.02828423,65.66833087
2.91266886,35.11425666,65.39381364
2.94937464,35.19987783,65.11194034
2.98646358,35.28514116,64.82278176
3.02394860,35.37004029,64.52642270
3.06184253,35.45456901,64.22296145
3.10015792,35.53872134,63.91251054
3.13890709,35.62249148,63.59519665
3.17810210,35.70587383,63.27115918
3.21775465,35.78886307,62.94055188
3.25787625,35.87145403,62.60353961
3.29847781,35.95364188,62.26030142
3.33957008,36.03542195,61.91102987
3.38116334,36.11678984,61.55592603
3.42326738,36.19774146,61.19520409
3.46589159,36.27827295,60.82908923
3.50904487,36.35838073,60.45781572
3.55273566,36.43806150,60.08162733
3.59697189,36.51731221,59.70077686
3.64176096,36.59613014,59.31552465
3.68710980,36.67451278,58.92613688
3.73302467,36.75245804,58.53288785
3.77951150,36.82996392,58.13605718
3.82657556,36.90702884,57.73592683
3.87422158,36.98365148,57.33278397
3.92245372,37.05983078,56.92691968
3.97127568,37.13556596,56.51862561
4.02069048,37.21085657,56.10819473
4.07070068,37.28570238,55.69592055
4.12130824,37.36010348,55.28209537
4.17251456,37.43406025,54.86701039
4.22432041,37.50757336,54.45095485
4.27672616,37.58064368,54.03421404
4.32973147,37.65327246,53.61706829
4.38333550,37.72546114,53.19979271
4.43753688,37.79721147,52.78265736
4.49233374,37.86852535,52.36592411
4.54772360,37.93940500,51.94984689
4.60370361,38.00985281,51.53467129
4.66027029,38.07987140,51.12063281
4.71741981,38.14946356,50.70795734
4.77514783,38.21863225,50.29686005
4.83344963,38.28738057,49.88754448
4.89232006,38.35571180,49.48020282
4.95175355,38.42362932,49.07501483
5.01174416,38.49113667,48.67214798
5.07228571,38.55823737,48.27175693
5.13337148,38.62493519,47.87398272
5.19499462,38.69123381,47.47895314
5.25714781,38.75713712,47.08678218
5.31982357,38.82264891,46.69757023
5.38301409,38.88777306,46.31140268
5.44671133,38.95251343,45.92835114
5.51090699,39.01687389,45.54847245
5.57559256,39.08085825,45.17180934
5.64075940,39.14447023,44.79839065
5.70639866,39.20771351,44.42822887
5.77250133,39.27059169,44.06132351
5.83905836,39.33310814,43.69766047
5.90606052,39.39526621,43.33721134
5.97349860,39.45706896,42.97993425
6.04136331,39.51851932,42.62577310
6.10964534,39.57961999,42.27465969
6.17833539,39.64037345,41.92651317
6.24742417,39.70078191,41.58124158
6.31690253,39.76084726,41.23873996
6.38676130,39.82057118,40.89889218
6.45699145,39.87995500,40.56157392
6.52758409,39.93899967,40.22664897
6.59853042,39.99770592,39.89397251
6.66982190,40.05607396,39.56339182
6.74145011,40.11410372,39.23474520
6.81340684,40.17179475,38.90786409
6.88568410,40.22914617,38.58257427
6.95827418,40.28615671,38.25869628
7.03116963,40.34282462,37.93604432
7.10436323,40.39914787,37.61443000
7.17784806,40.45512391,37.29366184
7.25161753,40.51074979,36.97354490
7.32566532,40.56602218,36.65388476
7.39998548,40.62093725,36.33448564
7.47457232,40.67549087,36.01515067
7.54942050,40.72967849,35.69568534
7.62452499,40.78349516,35.37589743
7.69988113,40.83693554,35.05559689
7.77548458,40.88999392,34.73459664
7.85133129,40.94266435,34.41271350
7.92741757,40.99494042,34.08976985
8.00374005,41.04681548,33.76559423
8.08029564,41.09828261,33.44002045
8.15708161,41.14933455,33.11288849
8.23409550,41.19996386,32.78404683
8.31133512,41.25016287,32.45335241
8.38879857,41.29992371,32.12067025
8.46648426,41.34923828,31.78587482
8.54439083,41.39809839,31.44884908
8.62251714,41.44649570,31.10948620
8.70086227,41.49442181,30.76769096
8.77942556,41.54186818,30.42337733
8.85820650,41.58882628,30.07647025
8.93720483,41.63528747,29.72690636
9.01642035,41.68124329,29.37463316
9.09585309,41.72668515,29.01960940
9.17550317,41.77160463,28.66180647
9.25537086,41.81599330,28.30120651
9.33545648,41.85984296,27.93780236
9.41576045,41.90314550,27.57159904
9.49628321,41.94589301,27.20261306
9.57702528,41.98807775,26.83087124
9.65798716,42.02969226,26.45641192
9.73916940,42.07072923,26.07928245
9.82057247,42.11118169,25.69953999
9.90219687,42.15104290,25.31725271
9.98404302,42.19030642,24.93249715
10.06611135,42.22896606,24.54535717
10.14840212,42.26701605,24.15592543
10.23091563,42.30445080,23.76430233
10.31365204,42.34126509,23.37059458
10.39661143,42.37745404,22.97491645
10.47979379,42.41301310,22.57738789
10.56319903,42.44793798,22.17813345
10.64682690,42.48222487,21.77728296
10.73067706,42.51587021,21.37497133
10.81474904,42.54887086,20.97133603
10.89904223,42.58122399,20.56651786
10.98355587,42.61292725,20.16066142
11.06828909,42.64397852,19.75391227
11.15324081,42.67437620,19.34641566
11.23840985,42.70411895,18.93831894
11.32379483,42.73320583,18.52976905
11.40939421,42.76163626,18.12091137
11.49520631,42.78941001,17.71188925
11.58122927,42.81652718,17.30284394
11.66746106,42.84298819,16.89391448
11.75389951,42.86879375,16.48523675
11.84054228,42.89394486,16.07694266
11.92738689,42.91844282,15.66915955
12.01443068,42.94228920,15.26201058
12.10167087,42.96548582,14.85561432
12.18910453,42.98803466,14.45008344
12.27672857,43.00993808,14.04552579
12.36453977,43.03119852,13.64204267
12.45253475,43.05181880,13.23972947
12.54071000,43.07180174,12.83867588
12.62906189,43.09115046,12.43896340
12.71758666,43.10986819,12.04066626
12.80628037,43.12795835,11.64385281
12.89513901,43.14542444,11.24858452
12.98415842,43.16227011,10.85491405
13.07333434,43.17849901,10.46288565
13.16266238,43.19411500,10.07253766
13.25213809,43.20912182,9.68390081
13.34175686,43.22352338,9.29699885
13.43151405,43.23732346,8.91184784
13.52140492,43.25052588,8.52845557
13.61142463,43.26313443,8.14682420
13.70156831,43.27515288,7.76694954
13.79183098,43.28658484,7.38882053
13.88220764,43.29743389,7.01241993
13.97269324,43.30770349,6.63772441
14.06328266,43.31739707,6.26470526
14.15397077,43.32651781,5.89332969
14.24475240,43.33506880,5.52355953
14.33562236,43.34305294,5.15535254
14.42657546,43.35047298,4.78866212
14.51760650,43.35733148,4.42343876
14.60871026,43.36363078,4.05962985
14.69988156,43.36937302,3.69718048
14.79111523,43.37456011,3.33603442
14.88240612,43.37919372,2.97613376
14.97374914,43.38327537,2.61742016
15.06513922,43.38680623,2.25983587
15.15657137,43.38978735,1.90332256
15.24804065,43.39221947,1.54782439
15.33954219,43.39410313,1.19328697
15.43107121,43.39543873,0.83965697
15.52262299,43.39622637,0.48688513
15.61419295,43.39646604,0.13492562
15.70577655,43.39615745,-0.21626455
15.79736940,43.39530024,-0.56672417
15.88896721,43.39389384,-0.91648649
15.98056580,43.39193750,-1.26558105
16.07216111,43.38943032,-1.61403145
16.16374924,43.38637131,-1.96185487
16.25532640,43.38275932,-2.30906353
16.34688895,43.37859313,-2.65566255
16.43843340,43.37387138,-3.00164972
16.52995643,43.36859268,-3.34701598
16.62145488,43.36275551,-3.69174542
16.71292576,43.35635846,-4.03581403
16.80436625,43.34939995,-4.37918854
16.89577372,43.34187846,-4.72182894
16.98714571,43.33379250,-5.06368720
17.07847997,43.32514065,-5.40470736
17.16977443,43.31592156,-5.74482455
17.26102722,43.30613394,-6.08396527
17.35223666,43.29577668,-6.42204936
17.44340131,43.28484876,-6.75898812
17.53451991,43.27334933,-7.09468541
17.62559142,43.26127782,-7.42903658
17.71661501,43.24863375,-7.76192919
17.80759006,43.23541687,-8.09324535
17.89851617,43.22162725,-8.42286075
17.98939315,43.20726515,-8.75064373
18.08022102,43.19233116,-9.07645585
18.17100004,43.17682607,-9.40015481
18.26173064,43.16075105,-9.72159267
18.35241350,43.14410748,-10.04061625
18.44304949,43.12689710,-10.35706910
18.53363969,43.10912201,-10.67079002
18.62418539,43.09078450,-10.98161486
18.71468810,43.07188728,-11.28937672
18.80514951,43.05243339,-11.59390573
18.89557155,43.03242624,-11.89502983
18.98595633,43.01186954,-12.19257587
19.07630618,42.99076742,-12.48636938
19.16662365,42.96912443,-12.77623414
19.25691142,42.94694537,-13.06199514
19.34717245,42.92423562,-13.34347850
19.43740985,42.90100091,-13.62051009
19.52762692,42.87724737,-13.89291809
19.61782713,42.85298160,-14.16053326
19.70801415,42.82821062,-14.42318924
19.79819177,42.80294186,-14.68072402
19.88836396,42.77718322,-14.93297977
19.97853482,42.75094301,-15.17980272
20.06870857,42.72422988,-15.42104473
20.15888952,42.69705285,-15.65656534
20.24908215,42.66942149,-15.88622966
20.33929098,42.64134561,-16.10990876
20.42952061,42.61283537,-16.32748173
20.51977575,42.58390137,-16.53883539
20.61006112,42.55455444,-16.74386425
20.70038153,42.52480583,-16.94247119
20.79074183,42.49466709,-17.13456693
20.88114687,42.46415005,-17.32007081
20.97160151,42.43326687,-17.49891211
21.06211062,42.40202994,-17.67103016
21.15267906,42.37045206,-17.83637289
21.24331167,42.33854620,-17.99489770
21.33401318,42.30632554,-18.14657347
21.42478833,42.27380361,-18.29137827
21.51564174,42.24099399,-18.42930105
21.60657794,42.20791053,-18.56034163
21.69760135,42.17456723,-18.68450929
21.78871623,42.14097814,-18.80182453
21.87992673,42.10715747,-18.91231789
21.97123049,42.07310151,-19.01603049
22.06264556,42.03886502,-19.11301389
22.15417814,42.00446945,-19.20332826
22.24582697,41.96991572,-19.28704494
22.33758697,41.93519473,-19.36424349
22.42944492,41.90027534,-19.43501301
22.52140666,41.86518038,-19.49945290
22.61347814,41.82993354,-19.55766953
22.70566535,41.79455916,-19.60977840
22.79797423,41.75908196,-19.65590198
22.89041064,41.72352690,-19.69617128
22.98299623,41.68796428,-19.73072498
23.07573185,41.65240567,-19.75970670
23.16852714,41.61661025,-19.78326785
23.26147549,41.58084723,-19.80156526
23.35466301,41.54536616,-19.81476053
23.44816204,41.51037967,-19.82302131
23.54200693,41.47599539,-19.82651929
23.63620273,41.44224053,-19.82542891
23.73072642,41.40906506,-19.81992868
23.82552823,41.37634543,-19.81020070
23.92052247,41.34385853,-19.79642835
24.01562348,41.31138206,-19.77879689
24.11072085,41.27862516,-19.75749359
24.20589693,41.24583139,-19.73270638
24.30116303,41.21304707,-19.70462317
24.39650224,41.18023943,-19.67343303
24.49190835,41.14740563,-19.63932477
24.58737412,41.11453977,-19.60248471
24.68289123,41.08163279,-19.56310003
24.77845017,41.04867193,-19.52135536
24.87404026,41.01564093,-19.47743251
24.96967613,40.98259397,-19.43151120
25.06536238,40.94955709,-19.38376833
25.16110072,40.91654795,-19.33437708
25.25688708,40.88356772,-19.28350626
25.35270810,40.85059096,-19.23132169
25.44856604,40.81763584,-19.17798390
25.54445855,40.78470725,-19.12364811
25.64038339,40.75181000,-19.06846604
25.73633826,40.71894831,-19.01258359
25.83232103,40.68612654,-18.95614078
25.92832950,40.65334850,-18.89927269
26.02436162,40.62061796,-18.84210929
26.12041533,40.58793827,-18.78477474
26.21648865,40.55531270,-18.72738675
26.31257966,40.52274420,-18.67005835
26.40868648,40.49023549,-18.61289663
26.50480733,40.45778909,-18.55600220
26.60094048,40.42540738,-18.49947114
26.69708427,40.39309241,-18.44339247
26.79323715,40.36084623,-18.38784918
26.88939762,40.32867048,-18.33291951
26.98556429,40.29656685,-18.27867455
27.08173583,40.26453670,-18.22518040
27.17791105,40.23258133,-18.17249656
27.27408880,40.20070180,-18.12067725
27.37026807,40.16889911,-18.06977046
27.46644790,40.13717397,-18.01981779
27.56262746,40.10552712,-17.97085586
27.65880599,40.07395894,-17.92291575
27.75498282,40.04246986,-17.87602384
27.85115735,40.01105994,-17.83020034
27.94732907,39.97972929,-17.78546025
28.04349756,39.94847776,-17.74181533
28.13966242,39.91730506,-17.69927237
28.23582334,39.88621075,-17.65783344
28.33198007,39.85519426,-17.61749771
28.42813240,39.82425492,-17.57826033
28.52428018,39.79339192,-17.54011362
28.62042327,39.76260431,-17.50304801
28.71656160,39.73189109,-17.46705050
28.81269511,39.70125110,-17.43210543
28.90882380,39.67068321,-17.39819573
29.00494768,39.64018614,-17.36530366
29.10106678,39.60975857,-17.33340911
29.19718116,39.57939910,-17.30248979
29.29329093,39.54910640,-17.27252343
29.38939617,39.51887895,-17.24348683
29.48549702,39.48871531,-17.21535586
29.58159360,39.45861395,-17.18810536
29.67768602,39.42857325,-17.16170979
29.77377441,39.39859165,-17.13614407
29.86985893,39.36866754,-17.11138288
29.96593967,39.33879924,-17.08740117
30.06201672,39.30898507,-17.06417452
30.15809016,39.27922328,-17.04167858
30.25416004,39.24951224,-17.01989057
30.35022638,39.21985012,-16.99878921
30.44628918,39.19023525,-16.97835294
30.54234242,39.16064617,-16.95856295
30.63839713,39.13111769,-16.93940138
30.73445764,39.10166273,-16.92085088
30.83052325,39.07227778,-16.90289637
30.92658969,39.04294761,-16.88552385
31.02265049,39.01364979,-16.86872122
31.11869812,38.98435841,-16.85247687
31.21472504,38.95504769,-16.83678089
31.31072456,38.92569460,-16.82162410
31.40669163,38.89628165,-16.80699797
31.50262345,38.86679883,-16.79289656
31.59853504,38.83729510,-16.77931364
31.69443113,38.80778569,-16.76624424
31.79031626,38.77828528,-16.75368519
31.88619473,38.74880804,-16.74163403
31.98206776,38.71935789,-16.73008955
32.07793547,38.68993523,-16.71905138
32.17381877,38.66060997,-16.70851975
32.26972971,38.63142259,-16.69849592
32.36567225,38.60238673,-16.68898125
32.46164317,38.57349207,-16.67997910
32.55762356,38.54467580,-16.67149298
32.65360771,38.51591943,-16.66352638
32.74958808,38.48719833,-16.65608458
32.84555608,38.45848430,-16.64917276
32.94150288,38.42974844,-16.64279700
33.03742774,38.40098873,-16.63696294
33.13334825,38.37226445,-16.63167622
33.22926742,38.34358626,-16.62694266
33.32518457,38.31495244,-16.62276788
33.42109425,38.28634525,-16.61915866
33.51698506,38.25772707,-16.61611955
33.61286281,38.22911780,-16.61365522
33.70872709,38.20051652,-16.61177125
33.80457750,38.17192228,-16.61047142
33.90041364,38.14333413,-16.60976030
33.99623514,38.11475111,-16.60964116
34.09204163,38.08617223,-16.61011630
34.18783278,38.05759653,-16.61118703
34.28360826,38.02902301,-16.61285473
34.37936775,38.00045068,-16.61512052
34.47510487,37.97185810,-16.61798303
34.57083011,37.94328030,-16.62144127
34.66654817,37.91473283,-16.62549345
34.76225906,37.88621548,-16.63013656
34.85795918,37.85771585,-16.63536767
34.95363041,37.82917318,-16.64118338
35.04927327,37.80058876,-16.64757944
35.14489587,37.77198926,-16.65455033
35.24050612,37.74340059,-16.66209090
35.33611092,37.71484514,-16.67019599
35.43171536,37.68633923,-16.67885799
35.52733752,37.65794248,-16.68806945
35.62298003,37.62966278,-16.69782302
35.71863847,37.60148439,-16.70810935
35.81430041,37.57336479,-16.71891825
35.90994476,37.54523250,-16.73023998
36.00557125,37.51708568,-16.74206362
36.10117815,37.48891740,-16.75437695
36.19676080,37.46071104,-16.76716743
36.29231440,37.43244946,-16.78042115
36.38783400,37.40411498,-16.79412271
36.48330458,37.37565675,-16.80825644
36.57872869,37.34708189,-16.82280757
36.67411118,37.31840507,-16.83775825
36.76945852,37.28964627,-16.85308994
36.86477814,37.26082849,-16.86878572
36.96007749,37.23197484,-16.88482691
37.05536307,37.20310511,-16.90119472
37.15063923,37.17423199,-16.91787077
37.24590687,37.14535680,-16.93483617
37.34116199,37.11646462,-16.95207179
37.43639407,37.08751905,-16.96955871
37.53160932,37.05853898,-16.98727834
37.62680811,37.02952399,-17.00521160
37.72199079,37.00047360,-17.02333989
37.81715775,36.97138747,-17.04164508
37.91230936,36.94226525,-17.06010847
38.00744601,36.91310668,-17.07871190
38.10256808,36.88391146,-17.09743840
38.19767596,36.85467938,-17.11627031
38.29277003,36.82541022,-17.13519044
38.38785071,36.79610388,-17.15418227
38.48291841,36.76676023,-17.17322842
38.57797352,36.73737919,-17.19231265
38.67301647,36.70796071,-17.21141864
38.76804767,36.67850480,-17.23053005
38.86306754,36.64901145,-17.24963192
38.95807649,36.61948074,-17.26870861
39.05307491,36.58991270,-17.28774496
39.14806322,36.56030747,-17.30672731
39.24304181,36.53066511,-17.32564235
39.33801110,36.50098582,-17.34447612
39.43297145,36.47126973,-17.36321479
39.52792327,36.44151697,-17.38184601
39.62286693,36.41172768,-17.40035648
39.71780282,36.38190200,-17.41873287
39.81273131,36.35204006,-17.43696319
39.90765280,36.32214203,-17.45503402
40.00256764,36.29220798,-17.47293204
40.09747622,36.26223805,-17.49064502
40.19237893,36.23223240,-17.50816003
40.28727620,36.20219127,-17.52546348
40.38216844,36.17211482,-17.54254165
40.47704981,36.14198354,-17.55938045
40.57193235,36.11183411,-17.57596598
40.66682118,36.08168146,-17.59228411
40.76171622,36.05152402,-17.60832046
40.85661366,36.02134867,-17.62406053
40.95150733,35.99113480,-17.63948977
41.04638995,35.96085843,-17.65459456
41.14125422,35.93049551,-17.66936151
41.23609374,35.90002486,-17.68377628
41.33090381,35.86943067,-17.69782398
41.42568210,35.83870464,-17.71149081
41.52044509,35.80789747,-17.72476321
41.61519862,35.77702635,-17.73762701
41.70994841,35.74610799,-17.75006829
41.80470003,35.71515866,-17.76207271
41.89945628,35.68418590,-17.77362611
41.99421724,35.65318874,-17.78471563
42.08900663,35.62223974,-17.79532722
42.18383885,35.59138233,-17.80544624
42.27871966,35.56063308,-17.81505852
42.37364712,35.52998459,-17.82415081
42.46860236,35.49937696,-17.83270910
42.56358061,35.46879402,-17.84071899
42.65857503,35.43821331,-17.84816715
42.75357764,35.40760877,-17.85504011
42.84858009,35.37695340,-17.86132496
42.94358143,35.34624316,-17.86700966
43.03860209,35.31554059,-17.87208208
43.13364643,35.28485825,-17.87653083
43.22871485,35.25419649,-17.88034566
43.32380255,35.22353962,-17.88351752
43.41889835,35.19285212,-17.88603739
43.51400942,35.16215566,-17.88789685
43.60913632,35.13145130,-17.88908932
43.70427953,35.10074010,-17.88960836
43.79943955,35.07002314,-17.88944903
43.89461684,35.03930153,-17.88860734
43.98980520,35.00855575,-17.88707993
44.08501671,34.97782314,-17.88486511
44.18025716,34.94712166,-17.88196238
44.27552727,34.91645350,-17.87837175
44.37082372,34.88580860,-17.87409427
44.46612784,34.85512912,-17.86913265
44.56143962,34.82441531,-17.86348995
44.65676836,34.79369646,-17.85717022
44.75212315,34.76300129,-17.85017929
44.84751195,34.73235515,-17.84252264
44.94294073,34.70177733,-17.83420716
45.03842954,34.67133091,-17.82524178
45.13398168,34.64102712,-17.81563600
45.22959273,34.61085339,-17.80540006
45.32524949,34.58076981,-17.79454534
45.42092918,34.55070684,-17.78308457
45.51663043,34.52066144,-17.77103150
45.61235160,34.49062978,-17.75840059
45.70808742,34.46059680,-17.74520739
45.80383237,34.43054670,-17.73146861
45.89958072,34.40046304,-17.71720157
45.99531602,34.37029564,-17.70242504
46.09104036,34.34005261,-17.68715828
46.18675820,34.30974962,-17.67142248
46.28247574,34.27940785,-17.65523930
46.37820017,34.24905174,-17.63863119
46.47393867,34.21870584,-17.62162238
46.56969737,34.18839149,-17.60423681
46.66548013,34.15812297,-17.58650006
46.76128708,34.12790299,-17.56843800
46.85711312,34.09771782,-17.55007693
46.95294616,34.06753183,-17.53144409
47.04879177,34.03736489,-17.51256705
47.14464933,34.00721742,-17.49347500
47.24051815,33.97708979,-17.47419641
47.33639759,33.94698245,-17.45476025
47.43228692,33.91689569,-17.43519686
47.52818545,33.88682989,-17.41553570
47.62409247,33.85678531,-17.39580700
47.72000722,33.82676223,-17.37604098
47.81592898,33.79676096,-17.35626784
47.91185699,33.76678170,-17.33651818
48.00779050,33.73682469,-17.31682267
48.10372877,33.70689013,-17.29721119
48.19967102,33.67697816,-17.27771321
48.29561652,33.64708899,-17.25835845
48.39156452,33.61722274,-17.23917578
48.48751429,33.58737952,-17.22019408
48.58346509,33.55755942,-17.20144113
48.67941620,33.52776254,-17.18294371
48.77536091,33.49796931,-17.16472851
48.87130972,33.46821616,-17.14682109
48.96726641,33.43851757,-17.12924584
49.06322964,33.40887137,-17.11202606
49.15919458,33.37926385,-17.09518427
49.25515418,33.34967396,-17.07874173
49.35110044,33.32007733,-17.06271873
49.44702537,33.29044961,-17.04713486
49.54292197,33.26076947,-17.03200724
49.63878499,33.23102111,-17.01735259
49.73461148,33.20119619,-17.00318787
49.83041658,33.17134518,-16.98952612
49.92620501,33.14148463,-16.97638008
50.02198129,33.11163045,-16.96376223
50.11774978,33.08179788,-16.95168308
50.21351157,33.05199144,-16.94015241
50.30926696,33.02221286,-16.92917834
50.40503714,32.99253274,-16.91876784
50.50083426,32.96299178,-16.90892634
50.59666224,32.93360352,-16.89965876
50.69251769,32.90435730,-16.89096873
50.78838139,32.87519004,-16.88285744
50.88424753,32.84608285,-16.87532566
50.98010848,32.81701062,-16.86837342
51.07595560,32.78794483,-16.86199888
51.17178007,32.75885623,-16.85619891
51.26758155,32.72974327,-16.85096987
51.36337810,32.70066511,-16.84630759
51.45917301,32.67163216,-16.84220623
51.55496589,32.64264253,-16.83865924
51.65075149,32.61367832,-16.83565968
51.74651864,32.58470195,-16.83320026
51.84227359,32.55573327,-16.83127205
51.93801629,32.52677133,-16.82986534
52.03374673,32.49781520,-16.82897103
52.12946489,32.46886395,-16.82857882
52.22517078,32.43991667,-16.82867892
52.32086441,32.41097247,-16.82926103
52.41654581,32.38203048,-16.83031418
52.51221503,32.35308983,-16.83182662
52.60787211,32.32414968,-16.83378747
52.70351712,32.29520921,-16.83618612
52.79915014,32.26626760,-16.83900968
52.89477126,32.23732407,-16.84224603
52.99038056,32.20837784,-16.84588369
53.08597816,32.17942818,-16.84991066
53.18156416,32.15047434,-16.85431487
53.27713868,32.12151563,-16.85908417
53.37270184,32.09255134,-16.86420632
53.46825379,32.06358081,-16.86966822
53.56379465,32.03460339,-16.87545798
53.65932457,32.00561845,-16.88156447
53.75484370,31.97662539,-16.88797431
53.85035220,31.94762361,-16.89467534
53.94585020,31.91861257,-16.90165658
54.04133787,31.88959170,-16.90890624
54.13681537,31.86056049,-16.91641245
54.23228283,31.83151844,-16.92416387
54.32774042,31.80246506,-16.93215008
54.42318826,31.77339990,-16.94036026
54.51862652,31.74432252,-16.94878466
54.61405531,31.71523250,-16.95741482
54.70947476,31.68612943,-16.96623978
54.80488502,31.65701293,-16.97525090
54.90028619,31.62788264,-16.98444022
54.99567840,31.59873819,-16.99379897
55.09106176,31.56957927,-17.00331920
55.18643018,31.54038536,-17.01299291
55.28179488,31.51119245,-17.02281400
55.37716079,31.48201601,-17.03277585
55.47252793,31.45285549,-17.04287267
55.56789257,31.42369834,-17.05309943
55.66323452,31.39447847,-17.06345013
55.75855938,31.36521374,-17.07392104
55.85387531,31.33593025,-17.08450873
55.94918994,31.30665246,-17.09520913
56.04450960,31.27740054,-17.10601860
56.13983861,31.24818816,-17.11693407
56.23519426,31.21907132,-17.12795353
56.33057766,31.19005319,-17.13907415
56.42598273,31.16111376,-17.15029420
56.52139551,31.13220740,-17.16161258
56.61679374,31.10326171,-17.17302684
56.71218192,31.07429124,-17.18453643
56.80755651,31.04528450,-17.19614087
56.90291309,31.01622717,-17.20783796
56.99824718,30.98710479,-17.21962766
57.09355430,30.95790297,-17.23150890
57.18881982,30.92857471,-17.24348010
57.28404744,30.89913204,-17.25554089
57.37924296,30.86959364,-17.26769011
57.47441362,30.83998285,-17.27992687
57.56956730,30.81032500,-17.29224914
57.66471156,30.78064434,-17.30465591
57.75985271,30.75096107,-17.31714608
57.85499464,30.72128755,-17.32971743
57.95013758,30.69162434,-17.34236932
58.04527679,30.66195599,-17.35509895
58.14040102,30.63224616,-17.36790342
58.23551645,30.60251451,-17.38078039
58.33062304,30.57276069,-17.39372660
58.42572085,30.54298452,-17.40673919
58.52080987,30.51318571,-17.41981339
58.61589012,30.48336396,-17.43294493
58.71096164,30.45351906,-17.44613010
58.80602448,30.42365075,-17.45936374
58.90107873,30.39375885,-17.47264099
58.99612445,30.36384316,-17.48595646
59.09116173,30.33390352,-17.49930401
59.18619069,30.30393975,-17.51267741
59.28121143,30.27395169,-17.52607167
59.37622407,30.24393925,-17.53948077
59.47122877,30.21390239,-17.55289780
59.56622564,30.18384096,-17.56631663
59.66121481,30.15375491,-17.57973152
59.75619647,30.12364425,-17.59313675
59.85117077,30.09350898,-17.60652529
59.94613785,30.06334903,-17.61989165
60.04109790,30.03316454,-17.63322947
60.13605109,30.00295547,-17.64653188
60.23099758,29.97272185,-17.65979415
60.32593757,29.94246386,-17.67301061
60.42087123,29.91218154,-17.68617500
60.51579872,29.88187499,-17.69928129
60.61072022,29.85154433,-17.71232529
60.70563596,29.82118982,-17.72530236
60.80053971,29.79079172,-17.73820600
60.89544320,29.76038617,-17.75103306
60.99035152,29.72998871,-17.76377921
61.08526455,29.69959855,-17.77643926
61.18017843,29.66920335,-17.78901072
61.27508679,29.63878306,-17.80149004
61.36998191,29.60831339,-17.81387333
61.46485575,29.57776920,-17.82615829
61.55970092,29.54712741,-17.83834340
61.65451151,29.51636958,-17.85042529
61.74928373,29.48548395,-17.86240193
61.84403269,29.45451755,-17.87427303
61.93876314,29.42348512,-17.88603619
62.03347973,29.39240106,-17.89768989
62.12818713,29.36127980,-17.90923386
62.22288902,29.33013265,-17.92066625
62.31758090,29.29894573,-17.93198572
62.41228620,29.26779120,-17.94319223
62.50701963,29.23671427,-17.95428532
62.60178768,29.20573474,-17.96526356
62.69658928,29.17484917,-17.97612752
62.79140626,29.14400152,-17.98687739
62.88623421,29.11317809,-17.99751168
62.98106657,29.08235850,-18.00803038
63.07589539,29.05151829,-18.01843417
63.17071224,29.02063137,-18.02872217
63.26551150,28.98968054,-18.03889422
63.36031443,28.95873135,-18.04895133
63.45512505,28.92779617,-18.05889425
63.54994349,28.89687548,-18.06872404
63.64476467,28.86595374,-18.07844199
63.73957684,28.83499498,-18.08804885
63.83438658,28.80401952,-18.09754506
63.92919392,28.77302756,-18.10693310
64.02399888,28.74201927,-18.11621448
64.11880149,28.71099485,-18.12538964
64.21360176,28.67995449,-18.13445965
64.30839973,28.64889836,-18.14342582
64.40319542,28.61782664,-18.15228937
64.49798885,28.58673952,-18.16105148
64.59278005,28.55563716,-18.16971325
64.68756904,28.52451975,-18.17827555
64.78235584,28.49338745,-18.18673965
64.87714048,28.46224044,-18.19510684
64.97192299,28.43107888,-18.20337775
65.06670341,28.39990294,-18.21155331
65.16148177,28.36871277,-18.21963320
65.25625813,28.33750853,-18.22761734
65.35103254,28.30629039,-18.23550638
65.44580504,28.27505849,-18.24329984
65.54057570,28.24381300,-18.25099776
65.63534456,28.21255407,-18.25859985
65.73011169,28.18128186,-18.26610556
65.82487715,28.14999652,-18.27351480
65.91964100,28.11869821,-18.28082694
66.01440331,28.08738709,-18.28804096
66.10916417,28.05606330,-18.29515622
66.20392366,28.02472700,-18.30217127
66.29868186,27.99337835,-18.30908477
66.39343886,27.96201750,-18.31589525
66.48819475,27.93064462,-18.32260123
66.58294962,27.89925987,-18.32920211
66.67770356,27.86786340,-18.33569577
66.77245668,27.83645539,-18.34208061
66.86720907,27.80503601,-18.34835522
66.96196082,27.77360541,-18.35451776
67.05671204,27.74216379,-18.36056729
67.15146284,27.71071130,-18.36650171
67.24621331,27.67924814,-18.37231938
67.34096355,27.64777447,-18.37801877
67.43571367,27.61629049,-18.38359814
67.53046378,27.58479638,-18.38905669
67.62521398,27.55329232,-18.39439208
67.71996438,27.52177852,-18.39960280
67.81471507,27.49025516,-18.40468802
67.90946614,27.45872245,-18.40964626
68.00421770,27.42718059,-18.41447679
68.09896981,27.39562979,-18.41917920
68.19372255,27.36407025,-18.42375403
68.28847598,27.33250220,-18.42820104
68.38323016,27.30092585,-18.43252062
68.47798510,27.26934142,-18.43671484
68.57274086,27.23774913,-18.44078495
68.66749743,27.20614919,-18.44473303
68.76225482,27.17454184,-18.44856218
68.85701301,27.14292730,-18.45227549
68.95177199,27.11130577,-18.45587550
69.04653173,27.07967747,-18.45936644
69.14129217,27.04804262,-18.46275307
69.23605326,27.01640142,-18.46603933
69.33081492,26.98475408,-18.46923049
69.42557707,26.95310080,-18.47233249
69.52033961,26.92144176,-18.47535044
69.61510242,26.88977715,-18.47829088
69.70986537,26.85810716,-18.48116168
69.80462833,26.82643195,-18.48396907
69.89939114,26.79475169,-18.48672038
69.99415363,26.76306652,-18.48942423
70.08891562,26.73137658,-18.49208788
70.18367693,26.69968201,-18.49472018
70.27843736,26.66798291,-18.49733050
70.37319668,26.63627940,-18.49992713
70.46795469,26.60457157,-18.50251915
70.56271113,26.57285949,-18.50511605
70.65746577,26.54114323,-18.50772767
70.75221835,26.50942284,-18.51036339
70.84696861,26.47769835,-18.51303394
70.94171629,26.44596978,-18.51574889
71.03646111,26.41423712,-18.51851722
71.13120281,26.38250037,-18.52134940
71.22594112,26.35075948,-18.52425423
71.32067575,26.31901441,-18.52724133
71.41540644,26.28726509,-18.53032021
71.51013290,26.25551144,-18.53349930
71.60485485,26.22375335,-18.53678721
71.69957202,26.19199072,-18.54019295
71.79428413,26.16022340,-18.54372569
71.88899091,26.12845126,-18.54739296
71.98369208,26.09667413,-18.55120233
72.07838738,26.06489183,-18.55516112
72.17307656,26.03310416,-18.55927651
72.26775937,26.00131092,-18.56355495
72.36243556,25.96951188,-18.56800229
72.45710489,25.93770681,-18.57262442
72.55176713,25.90589546,-18.57742601
72.64642207,25.87407757,-18.58241229
72.74106949,25.84225286,-18.58758799
72.83570918,25.81042106,-18.59295662
72.93034097,25.77858187,-18.59852123
73.02496467,25.74673499,-18.60428435
73.11958014,25.71488010,-18.61024839
73.21418723,25.68301688,-18.61641333
73.30878583,25.65114501,-18.62277952
73.40337583,25.61926414,-18.62934725
73.49795714,25.58737394,-18.63611475
73.59252971,25.55547407,-18.64308053
73.68709348,25.52356418,-18.65024201
73.78164841,25.49164392,-18.65759566
73.87619451,25.45971296,-18.66513808
73.97073177,25.42777094,-18.67286489
74.06526022,25.39581753,-18.68077075
74.15977991,25.36385238,-18.68884944
74.25429090,25.33187517,-18.69709434
74.34879329,25.29988557,-18.70549869
74.44328719,25.26788324,-18.71405377
74.53777273,25.23586789,-18.72275160
74.63225004,25.20383920,-18.73158279
74.72671931,25.17179689,-18.74053685
74.82118073,25.13974068,-18.74960458
74.91563448,25.10767029,-18.75877501
75.01008080,25.07558548,-18.76803658
75.10451993,25.04348600,-18.77737763
75.19895214,25.01137163,-18.78678625
75.29337770,24.97924217,-18.79624903
75.38779693,24.94709742,-18.80575226
75.48221014,24.91493721,-18.81528274
75.57661769,24.88276138,-18.82482576
75.67101993,24.85056981,-18.83436663
75.76541724,24.81836238,-18.84389004
75.85981002,24.78613900,-18.85338041
75.95419866,24.75389961,-18.86282280
76.04858362,24.72164417,-18.87220066
76.14296532,24.68937265,-18.88149794
76.23734424,24.65708505,-18.89069763
76.33172086,24.62478142,-18.89978227
76.42609569,24.59246179,-18.90873438
76.52046924,24.56012625,-18.91753634
76.61484207,24.52777491,-18.92617018
76.70921472,24.49540790,-18.93461597
76.80358779,24.46302538,-18.94285575
76.89796185,24.43062755,-18.95087077
76.99233752,24.39821462,-18.95864101
77.08671540,24.36578685,-18.96614834
77.18109613,24.33334454,-18.97337351
77.27548034,24.30088798,-18.98029678
77.36986868,24.26841754,-18.98689945
77.46426181,24.23593358,-18.99316297
77.55866039,24.20343653,-18.99906776
77.65306510,24.17092683,-19.00459504
77.74747661,24.13840496,-19.00972698
77.84189560,24.10587142,-19.01444454
77.93632275,24.07332676,-19.01873028
78.03075875,24.04077155,-19.02256706
78.12520430,24.00820640,-19.02593656
78.21966008,23.97563194,-19.02882154
78.31412680,23.94304884,-19.03120570
78.40860515,23.91045780,-19.03307224
78.50309583,23.87785955,-19.03440507
78.59759952,23.84525485,-19.03518913
78.69211692,23.81264449,-19.03540836
78.78664872,23.78002928,-19.03504857
78.88119559,23.74741008,-19.03409635
78.97575094,23.71476666,-19.03253748
79.07032815,23.68213674,-19.03035861
79.16493385,23.64953868,-19.02754758
79.25956915,23.61697477,-19.02409289
79.35423085,23.58443484,-19.01998399
79.44889969,23.55186218,-19.01521127
79.54357401,23.51925126,-19.00976489
79.63826438,23.48663213,-19.00363696
79.73298120,23.45403450,-18.99682089
79.82773375,23.42148491,-18.98931009
79.92252928,23.38900410,-18.98109882
80.01739051,23.35665781,-18.97218301
80.11232209,23.32445949,-18.96255876
80.20732030,23.29239827,-18.95222277
80.30237182,23.26043552,-18.94117365
80.39745276,23.22850190,-18.92941050
80.49256039,23.19658957,-18.91693309
80.58769426,23.16469739,-18.90374286
80.68284917,23.13281041,-18.88984178
80.77801960,23.10091283,-18.87523231
80.87319979,23.06898807,-18.85991801
80.96837217,23.03698487,-18.84390457
81.06353928,23.00491099,-18.82719692
81.15870630,22.97278209,-18.80980030
81.25388036,22.94061955,-18.79172238
81.34906966,22.90844810,-18.77297109
81.44428254,22.87629287,-18.75355516
81.53952622,22.84417595,-18.73348433
81.63480549,22.81211233,-18.71276950
81.73012113,22.78010536,-18.69142137
81.82546823,22.74814170,-18.66945288
81.92083417,22.71618537,-18.64687787
82.01622552,22.68425690,-18.62370947
82.11164219,22.65235719,-18.59996263
82.20708399,22.62048707,-18.57565302
82.30255075,22.58864735,-18.55079601
82.39804229,22.55683886,-18.52540858
82.49355837,22.52506241,-18.49950794
82.58909878,22.49331881,-18.47311172
82.68466324,22.46160882,-18.44623824
82.78025152,22.42993330,-18.41890639
82.87586328,22.39829293,-18.39113561
82.97149823,22.36668853,-18.36294598
83.06715605,22.33512079,-18.33435811
83.16283639,22.30359044,-18.30539254
83.25853888,22.27209813,-18.27607008
83.35426316,22.24064455,-18.24641182
83.45000884,22.20923031,-18.21643892
83.54577554,22.17785609,-18.18617280
83.64156284,22.14652243,-18.15563499
83.73737033,22.11522997,-18.12484732
83.83319759,22.08397927,-18.09383191
83.92904418,22.05277093,-18.06261126
84.02490963,22.02160539,-18.03120765
84.12079351,21.99048324,-17.99964332
84.21669535,21.95940490,-17.96794025
84.31261472,21.92837088,-17.93611964
84.40855113,21.89738161,-17.90420323
84.50450417,21.86643754,-17.87221223
84.60047338,21.83553905,-17.84016707
84.69645832,21.80468660,-17.80808778
84.79245856,21.77388056,-17.77599446
84.88847367,21.74312130,-17.74390713
84.98450321,21.71240910,-17.71184435
85.08054679,21.68174439,-17.67982474
85.17660396,21.65112734,-17.64786617
85.27267435,21.62055833,-17.61598558
85.36875758,21.59003755,-17.58419952
85.46485326,21.55956524,-17.55252346
85.56096105,21.52914161,-17.52097178
85.65708059,21.49876683,-17.48955850
85.75321155,21.46844105,-17.45829744
85.84935359,21.43816432,-17.42720086
85.94550637,21.40793668,-17.39627963
86.04166961,21.37775828,-17.36554581
86.13784294,21.34762891,-17.33501003
86.23402608,21.31754865,-17.30468155
86.33021872,21.28751737,-17.27457038
86.42642052,21.25753489,-17.24468490
86.52263121,21.22760114,-17.21503402
86.61885046,21.19771586,-17.18562630
86.71507798,21.16787889,-17.15646925
86.81131347,21.13808995,-17.12757003
86.90755662,21.10834878,-17.09893493
87.00380718,21.07865522,-17.07057201
87.10006482,21.04900882,-17.04248708
87.19632928,21.01940938,-17.01468539
87.29260027,20.98985654,-16.98717415
87.38887749,20.96034989,-16.95995754
87.48516069,20.93088915,-16.93304147
87.58144956,20.90147381,-16.90643100
87.67774383,20.87210348,-16.88013026
87.77404319,20.84277767,-16.85414433
87.87034736,20.81349586,-16.82847710
87.96665603,20.78425762,-16.80313388
88.06296886,20.75506223,-16.77811951
88.15928553,20.72590922,-16.75343832
88.25560570,20.69679794,-16.72909628
88.35192896,20.66772765,-16.70509822
88.44825500,20.63869784,-16.68145001
88.54458338,20.60970770,-16.65815843
88.64091371,20.58075661,-16.63522948
88.73724558,20.55184382,-16.61267063
88.83357854,20.52296860,-16.59048875
88.92991216,20.49413025,-16.56869181
89.02624596,20.46532796,-16.54728868
89.12257948,20.43656102,-16.52628707
89.21891224,20.40782863,-16.50569634
89.31524372,20.37912993,-16.48552518
89.41157344,20.35046426,-16.46578307
89.50789522,20.32181151,-16.44648102
89.60421905,20.29320671,-16.42762911
89.70054846,20.26466303,-16.40923873
89.79688221,20.23617730,-16.39132073
89.89321569,20.20773505,-16.37388658
89.98954227,20.17931469,-16.35694856
90.08585439,20.15089161,-16.34051895
90.18214461,20.12244149,-16.32461038
90.27840641,20.09394311,-16.30923451
90.37463495,20.06538105,-16.29440437
90.47082757,20.03674730,-16.28013330
90.56699855,20.00809163,-16.26643410
90.66315231,19.97943035,-16.25332008
90.75929300,19.95077905,-16.24080414
90.85542462,19.92215271,-16.22890022
90.95154763,19.89355430,-16.21762246
91.04766303,19.86498858,-16.20698424
91.14379036,19.83652437,-16.19699915
91.23994054,19.80820074,-16.18768053
91.33611663,19.78002978,-16.17904155
91.43231485,19.75199970,-16.17109474
91.52851654,19.72404749,-16.16385241
91.62471571,19.69615363,-16.15732620
91.72090464,19.66829273,-16.15152672
91.81707472,19.64043608,-16.14646497
91.91321719,19.61255443,-16.14215105
92.00933227,19.58464940,-16.13859388
92.10543614,19.55677760,-16.13580221
92.20153141,19.52894883,-16.13378348
92.29761721,19.50116069,-16.13254404
92.39368224,19.47337468,-16.13208958
92.48972591,19.44558922,-16.13242478
92.58575856,19.41784038,-16.13355313
92.68178018,19.39012825,-16.13547570
92.77778722,19.36244073,-16.13819362
92.87376304,19.33472036,-16.14170757
92.96970545,19.30695949,-16.14601600
93.06562230,19.27918498,-16.15111615
93.16152138,19.25142342,-16.15700457
93.25740965,19.22369823,-16.16367600
93.35329246,19.19602720,-16.17112432
93.44918775,19.16847150,-16.17934277
93.54509887,19.14104165,-16.18832203
93.64102232,19.11372442,-16.19805096
93.73694674,19.08647944,-16.20851866
93.83285212,19.05923627,-16.21971242
93.92873578,19.03198430,-16.23161770
94.02459693,19.00471938,-16.24421954
94.12043089,18.97742386,-16.25750097
94.21623279,18.95007933,-16.27144399
94.31199754,18.92266665,-16.28602970
94.40771022,18.89513322,-16.30123849
94.50337271,18.86748365,-16.31704843
94.59898914,18.83973014,-16.33343736
94.69456543,18.81189087,-16.35038246
94.79010850,18.78398738,-16.36785876
94.88562550,18.75604179,-16.38584152
94.98112280,18.72807345,-16.40430397
95.07660478,18.70009488,-16.42321900
95.17207261,18.67210755,-16.44256021
95.26752273,18.64409671,-16.46229934
95.36294515,18.61602584,-16.48240826
95.45834593,18.58791303,-16.50285853
95.55372557,18.55975740,-16.52362189
95.64908462,18.53155827,-16.54466963
95.74442366,18.50331494,-16.56597250
95.83974327,18.47502681,-16.58750131
95.93504406,18.44669334,-16.60922621
96.03032666,18.41831402,-16.63111907
96.12559170,18.38988847,-16.65315102
96.22083984,18.36141632,-16.67529292
96.31607175,18.33289730,-16.69751616
96.41128811,18.30433122,-16.71979271
96.50648961,18.27571795,-16.74209517
96.60167699,18.24705749,-16.76439577
96.69685094,18.21834981,-16.78666759
96.79201221,18.18959509,-16.80888386
96.88716154,18.16079348,-16.83101879
96.98229966,18.13194524,-16.85304730
97.07742733,18.10305076,-16.87494456
97.17254527,18.07411040,-16.89668779
97.26765422,18.04512471,-16.91825496
97.36275490,18.01609420,-16.93962515
97.45784804,17.98701959,-16.96077811
97.55293432,17.95790151,-16.98169504
97.64801444,17.92874074,-17.00235931
97.74308907,17.89953812,-17.02275444
97.83815886,17.87029446,-17.04286536
97.93322442,17.84101070,-17.06267884
98.02828638,17.81168780,-17.08218264
98.12334529,17.78232669,-17.10136687
98.21840170,17.75292846,-17.12022252
98.31345613,17.72349411,-17.13874191
98.40850907,17.69402476,-17.15691875
98.50356093,17.66452142,-17.17474843
98.59861215,17.63498524,-17.19222882
98.69366310,17.60541732,-17.20935796
98.78871410,17.57581873,-17.22613553
98.88376544,17.54619056,-17.24256363
98.97881738,17.51653388,-17.25864417
99.07387013,17.48684971,-17.27438094
99.16891763,17.45711918,-17.28977920
99.26397137,17.42737957,-17.30484481
99.35903627,17.39764720,-17.31958504
99.45411208,17.36792203,-17.33400777
99.54919488,17.33819229,-17.34812231
99.64427827,17.30843837,-17.36193847
99.73935449,17.27863652,-17.37546717
99.83441551,17.24876215,-17.38872006
99.92945389,17.21879270,-17.40170944
100.02446356,17.18871013,-17.41444854
100.11944061,17.15850322,-17.42695073
100.21439957,17.12821983,-17.43923022
100.30934467,17.09787489,-17.45130168
100.40428008,17.06748294,-17.46317974
100.49920988,17.03705835,-17.47487923
100.59413671,17.00661078,-17.48641498
100.68905667,16.97612928,-17.49780146
100.78399206,16.94568555,-17.50905259
100.87895654,16.91532398,-17.52018284
100.97395567,16.88506315,-17.53120566
101.06898769,16.85489846,-17.54213366
101.16403405,16.82477234,-17.55297958
101.25908986,16.79467028,-17.56375500
101.35414824,16.76457133,-17.57447150
101.44920097,16.73445040,-17.58513937
101.54423941,16.70428098,-17.59576782
101.63925894,16.67404924,-17.60636577
101.73427974,16.64381965,-17.61694087
101.82930548,16.61360447,-17.62750042
101.92433606,16.58340383,-17.63805055
102.01936629,16.55320181,-17.64859630
102.11438444,16.52296192,-17.65914271
102.20939689,16.49270458,-17.66969377
102.30440354,16.46242982,-17.68025305
102.39940432,16.43213763,-17.69082297
102.49439916,16.40182801,-17.70140558
102.58938803,16.37150095,-17.71200257
102.68437092,16.34115644,-17.72261349
102.77934783,16.31079443,-17.73323809
102.87431878,16.28041491,-17.74387492
102.96928384,16.25001782,-17.75452092
103.06424307,16.21960314,-17.76517325
103.15919657,16.18917083,-17.77582796
103.25414445,16.15872084,-17.78648011
103.34908686,16.12825315,-17.79712427
103.44402393,16.09776772,-17.80775466
103.53895587,16.06726453,-17.81836449
103.63388287,16.03674355,-17.82894540
103.72880516,16.00620478,-17.83948965
103.82372297,15.97564820,-17.84998755
103.91863659,15.94507383,-17.86042911
104.01354631,15.91448168,-17.87080499
104.10845241,15.88387178,-17.88110346
104.20335523,15.85324419,-17.89131367
104.29825509,15.82259896,-17.90142460
104.39315234,15.79193618,-17.91142431
104.48804734,15.76125594,-17.92130100
104.58294048,15.73055835,-17.93104192
104.67783212,15.69984356,-17.94063480
104.77272268,15.66911170,-17.95006647
104.86761256,15.63836296,-17.95932417
104.96250219,15.60759752,-17.96839529
105.05739200,15.57681559,-17.97726605
105.15228242,15.54601742,-17.98592329
105.24717392,15.51520325,-17.99435347
105.34206693,15.48437337,-18.00254347
105.43696194,15.45352807,-18.01048000
105.53185938,15.42266768,-18.01814990
105.62675973,15.39179255,-18.02554077
105.72166344,15.36090305,-18.03264024
105.81657098,15.32999957,-18.03943625
105.91148279,15.29908253,-18.04591731
106.00639932,15.26815237,-18.05207289
106.10132099,15.23720955,-18.05789181
106.19624822,15.20625457,-18.06336472
106.29118142,15.17528794,-18.06848419
106.38612095,15.14431017,-18.07324210
106.48106718,15.11332184,-18.07763170
106.57602042,15.08232350,-18.08164817
106.67098100,15.05131575,-18.08528746
106.76594919,15.02029919,-18.08854613
106.86092525,14.98927443,-18.09142215
106.95590940,14.95824210,-18.09391489
107.05090184,14.92720284,-18.09602405
107.14590273,14.89615730,-18.09775172
107.24091221,14.86510613,-18.09910135
107.33593038,14.83404999,-18.10007646
107.43095730,14.80298954,-18.10068205
107.52599302,14.77192544,-18.10092470
107.62103755,14.74085834,-18.10081181
107.71609087,14.70978890,-18.10035174
107.81115294,14.67871776,-18.09955401
107.90622368,14.64764556,-18.09842824
108.00130299,14.61657292,-18.09698534
108.09639076,14.58550045,-18.09523738
108.19148684,14.55442875,-18.09319676
108.28659107,14.52335840,-18.09087616
108.38170326,14.49228997,-18.08828821
108.47682320,14.46122399,-18.08544701
108.57195068,14.43016101,-18.08236807
108.66708543,14.39910151,-18.07906612
108.76222718,14.36804600,-18.07555614
108.85737564,14.33699493,-18.07185481
108.95253049,14.30594874,-18.06797896
109.04769142,14.27490785,-18.06394490
109.14285807,14.24387264,-18.05977058
109.23803006,14.21284348,-18.05547309
109.33320703,14.18182069,-18.05106934
109.42838859,14.15080460,-18.04657847
109.52357431,14.11979548,-18.04201900
109.61876378,14.08879356,-18.03740799
109.71395659,14.05779907,-18.03276348
109.80915231,14.02681219,-18.02810398
109.90435050,13.99583307,-18.02344614
109.99955076,13.96486184,-18.01880620
110.09475263,13.93389857,-18.01420183
110.18995570,13.90294334,-18.00964943
110.28515952,13.87199617,-18.00516417
110.38036367,13.84105706,-18.00076272
110.47556770,13.81012600,-17.99646058
110.57077120,13.77920291,-17.99227263
110.66597373,13.74828772,-17.98821319
110.76117487,13.71738031,-17.98429603
110.85637420,13.68648054,-17.98053504
110.95157131,13.65558826,-17.97694356
111.04676577,13.62470327,-17.97353466
111.14195718,13.59382535,-17.97032039
111.23714511,13.56295428,-17.96731235
111.33232918,13.53208979,-17.96452313
111.42750897,13.50123160,-17.96196425
111.52268409,13.47037941,-17.95964600
111.61785416,13.43953288,-17.95757815
111.71301879,13.40869168,-17.95577027
111.80817763,13.37785543,-17.95423198
111.90333032,13.34702374,-17.95297138
111.99847653,13.31619621,-17.95199544
112.09361593,13.28537241,-17.95131090
112.18874823,13.25455190,-17.95092356
112.28387312,13.22373422,-17.95083837
112.37899035,13.19291890,-17.95106007
112.47409964,13.16210546,-17.95159217
112.56920076,13.13129341,-17.95243729
112.66429349,13.10048224,-17.95359786
112.75937760,13.06967144,-17.95507574
112.85445293,13.03886049,-17.95687135
112.94951930,13.00804886,-17.95898409
113.04457657,12.97723602,-17.96141325
113.13962461,12.94642142,-17.96415694
113.23466332,12.91560453,-17.96721239
113.32969262,12.88478481,-17.97057614
113.42471244,12.85396171,-17.97424409
113.51972274,12.82313471,-17.97821122
113.61472350,12.79230325,-17.98247244
113.70971472,12.76146682,-17.98702179
113.80469643,12.73062488,-17.99185139
113.89966866,12.69977691,-17.99695305
113.99463147,12.66892241,-18.00231950
114.08958496,12.63806086,-18.00794178
114.18452923,12.60719179,-18.01380924
114.27946439,12.57631470,-18.01991245
114.37439059,12.54542913,-18.02624066
114.46930798,12.51453464,-18.03278277
114.56421673,12.48363078,-18.03952783
114.65911703,12.45271714,-18.04646368
114.75400905,12.42179331,-18.05357898
114.84889300,12.39085893,-18.06086195
114.94376909,12.35991361,-18.06830088
115.03863753,12.32895703,-18.07588396
115.13349852,12.29798885,-18.08359917
115.22835228,12.26700879,-18.09143585
115.32319905,12.23601654,-18.09938173
115.41803904,12.20501187,-18.10742595
115.51287247,12.17399450,-18.11555744
115.60769959,12.14296424,-18.12376444
115.70252061,12.11192086,-18.13203714
115.79733577,12.08086419,-18.14036423
115.89214532,12.04979406,-18.14873466
115.98694950,12.01871031,-18.15713817
116.08174856,11.98761282,-18.16556404
116.17654276,11.95650146,-18.17400082
116.27133237,11.92537615,-18.18243786
116.36611768,11.89423679,-18.19086419
116.46089896,11.86308332,-18.19926821
116.55567652,11.83191569,-18.20763852
116.65045066,11.80073388,-18.21596361
116.74522172,11.76953788,-18.22423146
116.83999001,11.73832768,-18.23242976
116.93475590,11.70710331,-18.24054695
117.02951972,11.67586482,-18.24857041
117.12428186,11.64461227,-18.25648681
117.21904268,11.61334573,-18.26428406
117.31380259,11.58206531,-18.27194888
117.40856198,11.55077113,-18.27946810
117.50332125,11.51946334,-18.28682875
117.59808080,11.48814210,-18.29401818
117.69284106,11.45680760,-18.30102374
117.78760241,11.42546006,-18.30783334
117.88236528,11.39409971,-18.31443511
117.97713005,11.36272681,-18.32081710
118.07189714,11.33134164,-18.32696837
118.16666693,11.29994450,-18.33287846
118.26143982,11.26853570,-18.33853680
118.35621618,11.23711561,-18.34393354
118.45099640,11.20568457,-18.34905968
118.54578083,11.17424297,-18.35390611
118.64056986,11.14279121,-18.35846433
118.73536383,11.11132971,-18.36272697
118.83016310,11.07985889,-18.36668571
118.92496802,11.04837921,-18.37033311
119.01977892,11.01689113,-18.37366304
119.11459616,10.98539512,-18.37666823
119.20942006,10.95389168,-18.37934270
119.30425095,10.92238130,-18.38168099
119.39908916,10.89086451,-18.38367746
119.49393498,10.85934184,-18.38532611
119.58878873,10.82781382,-18.38662332
119.68365069,10.79628101,-18.38756601
119.77852115,10.76474397,-18.38814977
119.87340037,10.73320328,-18.38837187
119.96828860,10.70165952,-18.38823076
120.06318608,10.67011327,-18.38772379
120.15809306,10.63856514,-18.38685038
120.25300973,10.60701573,-18.38561014
120.34793630,10.57546565,-18.38400268
120.44287294,10.54391552,-18.38202910
120.53781980,10.51236596,-18.37969150
120.63277705,10.48081758,-18.37699240
120.72774479,10.44927102,-18.37393364
120.82272314,10.41772689,-18.37051943
120.91771219,10.38618582,-18.36675405
121.01271201,10.35464842,-18.36264139
121.10772268,10.32311531,-18.35818719
121.20274424,10.29158710,-18.35339701
121.29777671,10.26006440,-18.34827645
121.39282011,10.22854780,-18.34283223
121.48787444,10.19703789,-18.33707197
121.58293968,10.16553527,-18.33100330
121.67801578,10.13404050,-18.32463362
121.77310270,10.10255415,-18.31797251
121.86820038,10.07107677,-18.31102885
121.96330873,10.03960890,-18.30381131
122.05842767,10.00815107,-18.29633025
122.15355707,9.97670380,-18.28859515
122.24869684,9.94526757,-18.28061626
122.34384682,9.91384289,-18.27240434
122.43900687,9.88243022,-18.26397028
122.53417684,9.85103000,-18.25532525
122.62935654,9.81964269,-18.24648112
122.72454577,9.78826871,-18.23745016
122.81974432,9.75690845,-18.22824441
122.91495195,9.72556232,-18.21887740
123.01016842,9.69423067,-18.20936263
123.10539345,9.66291385,-18.19971325
123.20062676,9.63161221,-18.18994463
123.29586804,9.60032603,-18.18007106
123.39111698,9.56905562,-18.17010650
123.48637323,9.53780123,-18.16006742
123.58163643,9.50656312,-18.14997009
123.67690620,9.47534148,-18.13982984
123.77218215,9.44413653,-18.12966385
123.86746384,9.41294843,-18.11948953
123.96275086,9.38177732,-18.10932334
124.05804277,9.35062331,-18.09918299
124.15333909,9.31948649,-18.08908665
124.24863937,9.28836692,-18.07905161
124.34394312,9.25726461,-18.06909479
124.43924987,9.22617958,-18.05923417
124.53455913,9.19511178,-18.04948727
124.62987041,9.16406114,-18.03987004
124.72518324,9.13302756,-18.03039926
124.82049714,9.10201092,-18.02109002
124.91581166,9.07101105,-18.01195655
125.01112635,9.04002775,-18.00301407
125.10644077,9.00906081,-17.99427508
125.20175450,8.97810996,-17.98575150
125.29706716,8.94717494,-17.97745388
125.39237834,8.91625544,-17.96939279
125.48768771,8.88535113,-17.96157844
125.58299491,8.85446165,-17.95401785
125.67829962,8.82358665,-17.94671869
125.77360152,8.79272572,-17.93968727
125.86890035,8.76187846,-17.93292925
125.96419583,8.73104444,-17.92644972
126.05948772,8.70022324,-17.92025163
126.15477579,8.66941439,-17.91433803
126.25005983,8.63861745,-17.90871045
126.34533966,8.60783194,-17.90337079
126.44061511,8.57705739,-17.89832034
126.53588601,8.54629332,-17.89355831
126.63115222,8.51553924,-17.88908427
126.72641361,8.48479466,-17.88489679
126.82167007,8.45405910,-17.88099449
126.91692150,8.42333207,-17.87737566
127.01216781,8.39261307,-17.87403719
127.10740894,8.36190161,-17.87097559
127.20264482,8.33119721,-17.86818724
127.29787541,8.30049938,-17.86566842
127.39310070,8.26980764,-17.86341431
127.48832067,8.23912150,-17.86141945
127.58353533,8.20844050,-17.85967720
127.67874472,8.17776417,-17.85818076
127.77394890,8.14709204,-17.85692381
127.86914792,8.11642366,-17.85589853
127.96434188,8.08575858,-17.85509517
128.05953089,8.05509637,-17.85450494
128.15471509,8.02443660,-17.85411896
128.24989462,7.99377886,-17.85392617
128.34506967,7.96312274,-17.85391552
128.44024041,7.93246787,-17.85407568
128.53540706,7.90181387,-17.85439439
128.63056984,7.87116040,-17.85485948
128.72572898,7.84050712,-17.85545972
128.82088472,7.80985371,-17.85618185
128.91603733,7.77919988,-17.85701227
129.01118707,7.74854536,-17.85793918
129.10633423,7.71788989,-17.85894866
129.20147911,7.68723323,-17.86002689
129.29662201,7.65657518,-17.86116118
129.39176325,7.62591554,-17.86233703
129.48690314,7.59525415,-17.86354035
129.58204202,7.56459086,-17.86475829
129.67718023,7.53392555,-17.86597792
129.77231809,7.50325811,-17.86718480
129.86745597,7.47258848,-17.86836527
129.96259421,7.44191660,-17.86950652
130.05773319,7.41124243,-17.87059406
130.15287327,7.38056596,-17.87161442
130.24801485,7.34988721,-17.87255449
130.34315829,7.31920622,-17.87340019
130.43830400,7.28852304,-17.87413769
130.53345236,7.25783775,-17.87475418
130.62860377,7.22715047,-17.87523714
130.72375862,7.19646132,-17.87557303
130.81891731,7.16577046,-17.87574929
130.91408022,7.13507807,-17.87575400
131.00924776,7.10438433,-17.87557515
131.10442032,7.07368948,-17.87520131
131.19959828,7.04299376,-17.87462103
131.29478202,7.01229743,-17.87382320
131.38997192,6.98160078,-17.87279754
131.48516835,6.95090413,-17.87153489
131.58037166,6.92020779,-17.87002641
131.67558218,6.88951212,-17.86826316
131.77080025,6.85881749,-17.86623759
131.86602618,6.82812429,-17.86394281
131.96126025,6.79743293,-17.86137381
132.05650274,6.76674381,-17.85852553
132.15175390,6.73605740,-17.85539269
132.24701396,6.70537412,-17.85197304
132.34228311,6.67469446,-17.84826510
132.43756155,6.64401888,-17.84426742
132.53284943,6.61334786,-17.83997930
132.62814689,6.58268189,-17.83540172
132.72345404,6.55202148,-17.83053649
132.81877098,6.52136711,-17.82538530
132.91409777,6.49071929,-17.81995263
133.00943445,6.46007851,-17.81424212
133.10478107,6.42944529,-17.80825746
133.20013764,6.39882010,-17.80200545
133.29550414,6.36820345,-17.79549091
133.39088057,6.33759580,-17.78871993
133.48626690,6.30699765,-17.78169943
133.58166309,6.27640945,-17.77443601
133.67706908,6.24583167,-17.76693714
133.77248482,6.21526474,-17.75920964
133.86791022,6.18470912,-17.75126166
133.96334520,6.15416522,-17.74310118
134.05878967,6.12363346,-17.73473636
134.15424353,6.09311424,-17.72617617
134.24970664,6.06260796,-17.71742863
134.34517889,6.03211500,-17.70850259
134.44066014,6.00163571,-17.69940780
134.53615023,5.97117044,-17.69015395
134.63164900,5.94071955,-17.68075084
134.72715625,5.91028335,-17.67120826
134.82267179,5.87986215,-17.66153752
134.91819539,5.84945626,-17.65175064
135.01372682,5.81906594,-17.64185895
135.10926583,5.78869147,-17.63187461
135.20481217,5.75833308,-17.62180951
135.30036555,5.72799100,-17.61167579
135.39592568,5.69766543,-17.60148713
135.49149226,5.66735657,-17.59125653
135.58706498,5.63706458,-17.58099706
135.68264350,5.60678960,-17.57072238
135.77822748,5.57653175,-17.56044642
135.87381657,5.54629115,-17.55018358
135.96941041,5.51606786,-17.53994686
136.06500863,5.48586194,-17.52975048
136.16061086,5.45567342,-17.51960869
136.25621672,5.42550231,-17.50953521
136.35182583,5.39534859,-17.49954363
136.44743779,5.36521221,-17.48964710
136.54305223,5.33509312,-17.47985919
136.63866876,5.30499122,-17.47019307
136.73428698,5.27490639,-17.46066151
136.82990651,5.24483851,-17.45127723
136.92552696,5.21478740,-17.44205164
137.02114793,5.18475290,-17.43299687
137.11676904,5.15473479,-17.42412566
137.21238990,5.12473285,-17.41544949
137.30801012,5.09474683,-17.40697902
137.40362931,5.06477647,-17.39872524
137.49924710,5.03482147,-17.39069895
137.59486311,5.00488152,-17.38290967
137.69047697,4.97495629,-17.37536748
137.78608831,4.94504544,-17.36808156
137.88169678,4.91514860,-17.36106039
137.97730202,4.88526538,-17.35431260
138.07290370,4.85539538,-17.34784624
138.16850147,4.82553819,-17.34166885
138.26409501,4.79569335,-17.33578628
138.35968402,4.76586043,-17.33020547
138.45526820,4.73603895,-17.32493184
138.55084726,4.70622844,-17.31996884
138.64642096,4.67642841,-17.31532157
138.74198903,4.64663834,-17.31099326
138.83755125,4.61685772,-17.30698586
138.93310742,4.58708602,-17.30330153
139.02865731,4.55732273,-17.29994079
139.12420078,4.52756728,-17.29690402
139.21973765,4.49781915,-17.29419129
139.31526778,4.46807779,-17.29180108
139.41079106,4.43834263,-17.28973165
139.50630738,4.40861314,-17.28798026
139.60181664,4.37888875,-17.28654418
139.69731879,4.34916892,-17.28541969
139.79281375,4.31945309,-17.28460200
139.88830150,4.28974072,-17.28408700
139.98378200,4.26003128,-17.28386896
140.07925525,4.23032423,-17.28394266
140.17472124,4.20061903,-17.28430270
140.27017998,4.17091517,-17.28494092
140.36563151,4.14121214,-17.28585168
140.46107586,4.11150943,-17.28702818
140.55651307,4.08180656,-17.28846261
140.65194321,4.05210304,-17.29014819
140.74736632,4.02239839,-17.29207637
140.84278248,3.99269217,-17.29423943
140.93819177,3.96298393,-17.29663004
141.03359426,3.93327323,-17.29924059
141.12899004,3.90355966,-17.30206370
141.22437917,3.87384281,-17.30509041
141.31976175,3.84412229,-17.30831399
141.41513786,3.81439773,-17.31172792
141.51050760,3.78466875,-17.31532375
141.60587104,3.75493500,-17.31909480
141.70122828,3.72519613,-17.32303315
141.79657943,3.69545183,-17.32713125
141.89192459,3.66570177,-17.33138258
141.98726386,3.63594565,-17.33577879
142.08259737,3.60618317,-17.34031292
142.17792526,3.57641405,-17.34497646
142.27324766,3.54663800,-17.34976076
142.36856472,3.51685479,-17.35465816
142.46387661,3.48706414,-17.35965903
142.55918349,3.45726584,-17.36475507
142.65448555,3.42745966,-17.36993709
142.74978297,3.39764540,-17.37519584
142.84507593,3.36782286,-17.38052257
142.94036465,3.33799186,-17.38590744
143.03564933,3.30815225,-17.39134131
143.13093017,3.27830387,-17.39681471
143.22620740,3.24844660,-17.40231810
143.32148124,3.21858032,-17.40784237
143.41675191,3.18870493,-17.41337768
143.51201966,3.15882034,-17.41891446
143.60728472,3.12892649,-17.42444327
143.70254733,3.09902331,-17.42995473
143.79780775,3.06911078,-17.43543952
143.89306624,3.03918886,-17.44088723
143.98832305,3.00925756,-17.44628819
144.08357846,2.97931688,-17.45163308
144.17883276,2.94936684,-17.45691193
144.27408623,2.91940749,-17.46211455
144.36933917,2.88943887,-17.46723005
144.46459189,2.85946105,-17.47224815
144.55984471,2.82947413,-17.47715879
144.65509797,2.79947820,-17.48195060
144.75035200,2.76947338,-17.48661217
144.84560716,2.73945982,-17.49113269
144.94086381,2.70943765,-17.49550082
145.03612233,2.67940706,-17.49970461
145.13138308,2.64936824,-17.50373238
145.22664647,2.61932139,-17.50757222
145.32191289,2.58926674,-17.51121234
145.41718274,2.55920454,-17.51464139
145.51245644,2.52913505,-17.51784762
145.60773440,2.49905856,-17.52081831
145.70301704,2.46897539,-17.52354137
145.79830480,2.43888585,-17.52600595
145.89359811,2.40879029,-17.52819972
145.98889739,2.37868909,-17.53011161
146.08420306,2.34858263,-17.53173039
146.17951554,2.31847134,-17.53304526
146.27483523,2.28835564,-17.53404726
146.37016255,2.25823599,-17.53472738
146.46549787,2.22811287,-17.53507589
146.56084161,2.19798676,-17.53508385
146.65619414,2.16785816,-17.53474337
146.75155587,2.13772761,-17.53404589
146.84692717,2.10759564,-17.53298379
146.94230842,2.07746281,-17.53154945
147.03770000,2.04732969,-17.52973547
147.13310228,2.01719686,-17.52753541
147.22851562,1.98706492,-17.52494295
147.32394040,1.95693448,-17.52195168
147.41937696,1.92680617,-17.51855479
147.51482567,1.89668062,-17.51474741
147.61028689,1.86655847,-17.51052412
147.70576094,1.83644040,-17.50587886
147.80124170,1.80630649,-17.50080812
147.89674098,1.77619391,-17.49530708
147.99226429,1.74611985,-17.48937212
148.08781208,1.71608555,-17.48300030
148.18338092,1.68607992,-17.47618901
148.27895145,1.65604120,-17.46893694
148.37452623,1.62597752,-17.46124307
148.47011415,1.59591718,-17.45310833
148.56572374,1.56588755,-17.44453383
148.66136228,1.53591212,-17.43552201
148.75703503,1.50600811,-17.42607706
148.85276089,1.47623615,-17.41620304
148.94854217,1.44660433,-17.40590614
149.04437364,1.41709676,-17.39519318
149.14024165,1.38767087,-17.38407267
149.23612345,1.35825519,-17.37255478
149.33202023,1.32885442,-17.36064947
149.42792936,1.29946126,-17.34836877
149.52384583,1.27006082,-17.33572637
149.61976444,1.24063762,-17.32273659
149.71567985,1.21117585,-17.30941445
149.81157632,1.18162614,-17.29577583
149.90745645,1.15199822,-17.28183825
150.00332505,1.12230903,-17.26761965
150.09918856,1.09258085,-17.25314002
150.19505416,1.06283854,-17.23841961
150.29092898,1.03310681,-17.22347972
150.38681891,1.00340665,-17.20834290
150.48272757,0.97375171,-17.19303259
150.57865485,0.94414379,-17.17757293
150.67459558,0.91456839,-17.16198769
150.77053783,0.88498931,-17.14630171
150.86648714,0.85542651,-17.13054046
150.96244285,0.82588018,-17.11472976
151.05840436,0.79635055,-17.09889509
151.15437097,0.76683774,-17.08306213
151.25034206,0.73734199,-17.06725758
151.34631694,0.70786336,-17.05150755
151.44228890,0.67838214,-17.03583776
151.53826844,0.64893504,-17.02027425
151.63425940,0.61953699,-17.00484257
151.73026055,0.59018624,-16.98956840
151.82626709,0.56086928,-16.97447640
151.92227192,0.53156506,-16.95959114
152.01826692,0.50224899,-16.94493696
152.11424389,0.47289624,-16.93053769
152.21019556,0.44348483,-16.91641690
152.30611623,0.41399797,-16.90259718
152.40200257,0.38442654,-16.88910008
152.49786934,0.35482068,-16.87594702
152.59372102,0.32519688,-16.86315825
152.68956196,0.29557111,-16.85075259
152.78539635,0.26595890,-16.83874732
152.88122598,0.23636764,-16.82715954
152.97704931,0.20679370,-16.81600531
153.07288777,0.17730955,-16.80529920
153.16875393,0.14795824,-16.79505466
153.26465221,0.11875582,-16.78528286
153.36057975,0.08969392,-16.77599555
153.45651775,0.06071113,-16.76720291
153.55246065,0.03178986,-16.75891188
153.64840101,0.00290614,-16.75112941
153.74433028,-0.02596783,-16.74386103
153.84023966,-0.05486087,-16.73711059
153.93612680,-0.08378053,-16.73088071
154.03201036,-0.11266477,-16.72517331
154.12789361,-0.14150264,-16.71998798
154.22377616,-0.17029554,-16.71532336
154.31965274,-0.19906114,-16.71117865
154.41551209,-0.22783716,-16.70754976
154.51136031,-0.25660370,-16.70443141
154.60719727,-0.28536163,-16.70181961
154.70302288,-0.31411186,-16.69970843
154.79883707,-0.34285526,-16.69809014
154.89463977,-0.37159272,-16.69695661
154.99043098,-0.40032510,-16.69629910
155.08621069,-0.42905326,-16.69610828
155.18197893,-0.45777806,-16.69637420
155.27773573,-0.48650032,-16.69708574
155.37348116,-0.51522086,-16.69823082
155.46921530,-0.54394050,-16.69979819
155.56493827,-0.57266001,-16.70177569
155.66065018,-0.60138018,-16.70414983
155.75635120,-0.63010175,-16.70690639
155.85204152,-0.65882548,-16.71002980
155.94772136,-0.68755207,-16.71350426
156.04339099,-0.71628223,-16.71731307
156.13905068,-0.74501664,-16.72143789
156.23470076,-0.77375595,-16.72585967
156.33034159,-0.80250078,-16.73055822
156.42597354,-0.83125174,-16.73551394
156.52159703,-0.86000940,-16.74070498
156.61721249,-0.88877430,-16.74610907
156.71282039,-0.91754694,-16.75170428
156.80842120,-0.94632779,-16.75746764
156.90401542,-0.97511729,-16.76337636
156.99960356,-1.00391583,-16.76940736
157.09518612,-1.03272377,-16.77553854
157.19076362,-1.06154142,-16.78174751
157.28633658,-1.09036906,-16.78801198
157.38190550,-1.11920692,-16.79431120
157.47747089,-1.14805520,-16.80062427
157.57303323,-1.17691405,-16.80693134
157.66859302,-1.20578360,-16.81321432
157.76415071,-1.23466392,-16.81945507
157.85970675,-1.26355506,-16.82563593
157.95526161,-1.29245702,-16.83174101
158.05081569,-1.32136979,-16.83775504
158.14636943,-1.35029331,-16.84366284
158.24192324,-1.37922751,-16.84945032
158.33747752,-1.40817227,-16.85510387
158.43303266,-1.43712746,-16.86061047
158.52858905,-1.46609291,-16.86595818
158.62414707,-1.49506844,-16.87113559
158.71970707,-1.52405385,-16.87613090
158.81526944,-1.55304890,-16.88093349
158.91083453,-1.58205335,-16.88553278
159.00640270,-1.61106691,-16.88991886
159.10197429,-1.64008931,-16.89408248
159.19754965,-1.66912023,-16.89801402
159.29312910,-1.69815935,-16.90170536
159.38871296,-1.72720630,-16.90514866
159.48430154,-1.75626074,-16.90833697
159.57989513,-1.78532228,-16.91126336
159.67549402,-1.81439052,-16.91392192
159.77109850,-1.84346505,-16.91630747
159.86670882,-1.87254547,-16.91841370
159.96232527,-1.90163133,-16.92023621
160.05794809,-1.93072219,-16.92177079
160.15357754,-1.95981760,-16.92301229
160.24921387,-1.98891710,-16.92395706
160.34485733,-2.01802021,-16.92460200
160.44050815,-2.04712647,-16.92494295
160.53616657,-2.07623539,-16.92497656
160.63183283,-2.10534647,-16.92470054
160.72750715,-2.13445922,-16.92411136
160.82318977,-2.16357313,-16.92320567
160.91888091,-2.19268768,-16.92198191
161.01458077,-2.22180237,-16.92043811
161.11028958,-2.25091667,-16.91857138
161.20600755,-2.28003006,-16.91638032
161.30173488,-2.30914199,-16.91386343
161.39747178,-2.33825195,-16.91101820
161.49321845,-2.36735937,-16.90784404
161.58897508,-2.39646373,-16.90434036
161.68474187,-2.42556448,-16.90050567
161.78051900,-2.45466107,-16.89633858
161.87630665,-2.48375294,-16.89183906
161.97210500,-2.51283954,-16.88700657
162.06791424,-2.54192032,-16.88184086
162.16373453,-2.57099471,-16.87634212
162.25956602,-2.60006215,-16.87051006
162.35540886,-2.62912208,-16.86434587
162.45126320,-2.65817393,-16.85785089
162.54712915,-2.68721713,-16.85102626
162.64300072,-2.71627139,-16.84387431
162.73888894,-2.74529990,-16.83639778
162.83479876,-2.77428605,-16.82859908
162.93073021,-2.80322930,-16.82048179
163.02667970,-2.83214118,-16.81205071
163.12262768,-2.86108615,-16.80330961
163.21857871,-2.89004857,-16.79426376
163.31454083,-2.91900117,-16.78492035
163.41052164,-2.94791800,-16.77528588
163.50652744,-2.97677733,-16.76536805
163.60256253,-3.00556397,-16.75517618
163.69864401,-3.03422015,-16.74472069
163.79477305,-3.06274089,-16.73401166
163.89094366,-3.09114478,-16.72306087
163.98714201,-3.11947649,-16.71188159
164.08334591,-3.14780836,-16.70048649
164.17955851,-3.17612873,-16.68889038
164.27577625,-3.20444811,-16.67710853
164.37199432,-3.23278111,-16.66515627
164.46820781,-3.26114271,-16.65305017
164.56441178,-3.28954798,-16.64080682
164.66059152,-3.31804477,-16.62844512
164.75674987,-3.34662209,-16.61598281
164.85288596,-3.37528139,-16.60343782
164.94901686,-3.40396367,-16.59082996
165.04515404,-3.43262877,-16.57817791
165.14130394,-3.46125336,-16.56550126
165.23746827,-3.48982989,-16.55281851
165.33364428,-3.51836596,-16.54014952
165.42982447,-3.54688498,-16.52751471
165.52599640,-3.57542704,-16.51493376
165.62214205,-3.60405101,-16.50242763
165.71826151,-3.63275484,-16.49001650
165.81435114,-3.66154899,-16.47772334
165.91042465,-3.69038536,-16.46557089
166.00648602,-3.71924843,-16.45358164
166.10253915,-3.74812285,-16.44178056
166.19858780,-3.77699354,-16.43019294
166.29463441,-3.80584990,-16.41884497
166.39067515,-3.83470249,-16.40776363
166.48673061,-3.86347857,-16.39697642
166.58281317,-3.89213328,-16.38651124
166.67892745,-3.92064799,-16.37639708
166.77507115,-3.94902775,-16.36666396
166.87122646,-3.97733039,-16.35734002
166.96738806,-4.00557118,-16.34845423
167.06354868,-4.03377206,-16.34003702
167.15969986,-4.06195914,-16.33211691
167.25583272,-4.09015993,-16.32472224
167.35194210,-4.11838946,-16.31788135
167.44804605,-4.14658369,-16.31162117
167.54414715,-4.17473137,-16.30596826
167.64024439,-4.20283347,-16.30094860
167.73633213,-4.23090693,-16.29658646
167.83239885,-4.25898892,-16.29290551
167.92844955,-4.28706017,-16.28992883
168.02448336,-4.31512172,-16.28767767
168.12049328,-4.34319553,-16.28617230
168.21648901,-4.37124664,-16.28543298
168.31247482,-4.39925868,-16.28547721
168.40845045,-4.42723094,-16.28632192
168.50441204,-4.45517509,-16.28798370
168.60034318,-4.48314584,-16.29047776
168.69623867,-4.51115959,-16.29381853
168.79210628,-4.53918851,-16.29801919
168.88795390,-4.56720459,-16.30309083
168.98378866,-4.59518257,-16.30904347
169.07961612,-4.62310269,-16.31588683
169.17545498,-4.65090049,-16.32362708
169.27130915,-4.67856224,-16.33226912
169.36717552,-4.70609843,-16.34181705
169.46304284,-4.73354749,-16.35227322
169.55889072,-4.76097917,-16.36363827
169.65471365,-4.78841252,-16.37591074
169.75051151,-4.81584826,-16.38908796
169.84627908,-4.84330465,-16.40316506
169.94201089,-4.87080096,-16.41813575
170.03770111,-4.89835766,-16.43399178
170.13333375,-4.92602952,-16.45072308
170.22890990,-4.95381385,-16.46831830
170.32443301,-4.98170003,-16.48676337
170.41990837,-5.00967138,-16.50604423
170.51534248,-5.03770729,-16.52614355
170.61074213,-5.06578644,-16.54704307
170.70611345,-5.09388986,-16.56872363
170.80146063,-5.12200532,-16.59116313
170.89678466,-5.15013160,-16.61433887
170.99208159,-5.17828415,-16.63822692
171.08734090,-5.20650073,-16.66280274
171.18256843,-5.23476393,-16.68803882
171.27776442,-5.26307545,-16.71390683
171.37292914,-5.29143690,-16.74037897
171.46806296,-5.31984966,-16.76742484
171.56316620,-5.34831529,-16.79501386
171.65823930,-5.37683503,-16.82311454
171.75328270,-5.40541020,-16.85169543
171.84829691,-5.43404190,-16.88072420
171.94328242,-5.46273134,-16.91016777
172.03823983,-5.49147938,-16.93999384
172.13316973,-5.52028697,-16.97016740
172.22807273,-5.54915500,-17.00065482
172.32294949,-5.57808418,-17.03142279
172.41780068,-5.60707517,-17.06243661
172.51262701,-5.63612859,-17.09366232
172.60742921,-5.66524489,-17.12506680
172.70220795,-5.69442462,-17.15661660
172.79696406,-5.72366799,-17.18827763
172.89169824,-5.75297543,-17.22001772
172.98641130,-5.78234705,-17.25180425
173.08110403,-5.81178301,-17.28360369
173.17577722,-5.84128343,-17.31538498
173.27043167,-5.87084835,-17.34711635
173.36506821,-5.90047766,-17.37876683
173.45968767,-5.93017128,-17.41030586
173.55429087,-5.95992902,-17.44170246
173.64887868,-5.98975060,-17.47292770
173.74345194,-6.01963564,-17.50395250
173.83801150,-6.04958382,-17.53474851
173.93255824,-6.07959454,-17.56528871
174.02709301,-6.10966728,-17.59554624
174.12161668,-6.13980136,-17.62549515
174.21613012,-6.16999602,-17.65511172
174.31063420,-6.20025040,-17.68437303
174.40512979,-6.23056355,-17.71325612
174.49961774,-6.26093449,-17.74174066
174.59409888,-6.29136210,-17.76980790
174.68857406,-6.32184516,-17.79743948
174.78304405,-6.35238251,-17.82461976
174.87750964,-6.38297279,-17.85133558
174.97197156,-6.41361464,-17.87757444
175.06643053,-6.44430666,-17.90332608
175.16088718,-6.47504747,-17.92858300
175.25534215,-6.50583555,-17.95333868
175.34979602,-6.53666946,-17.97758824
175.44424928,-6.56754783,-18.00132957
175.53870243,-6.59846918,-18.02456161
175.63315590,-6.62943204,-18.04728435
175.72761005,-6.66043515,-18.06950031
175.82206521,-6.69147708,-18.09121358
175.91652171,-6.72255647,-18.11242872
176.01097977,-6.75367205,-18.13315126
176.10543961,-6.78482254,-18.15338840
176.19990143,-6.81600667,-18.17314861
176.29436534,-6.84722323,-18.19244030
176.38883148,-6.87847101,-18.21127394
176.48329990,-6.90974881,-18.22966174
176.57777066,-6.94105550,-18.24761446
176.67224374,-6.97238996,-18.26514518
176.76671915,-7.00375107,-18.28226885
176.86119685,-7.03513770,-18.29899932
176.95567676,-7.06654878,-18.31535186
177.05015875,-7.09798333,-18.33134291
177.14464268,-7.12944035,-18.34698964
177.23912841,-7.16091884,-18.36230981
177.33361569,-7.19241795,-18.37732157
177.42810432,-7.22393675,-18.39204410
177.52259399,-7.25547448,-18.40649684
177.61708441,-7.28703043,-18.42070000
177.71157523,-7.31860388,-18.43467472
177.80606607,-7.35019427,-18.44844143
177.90055653,-7.38180110,-18.46202012
177.99504617,-7.41342396,-18.47543183
178.08953453,-7.44506251,-18.48869832
178.18402116,-7.47671644,-18.50183935
178.27850556,-7.50838563,-18.51487423
178.37298724,-7.54006993,-18.52782198
178.46746570,-7.57176930,-18.54070178
178.56194044,-7.60348382,-18.55353138
178.65641097,-7.63521355,-18.56632687
178.75087675,-7.66695869,-18.57910488
178.84533733,-7.69871943,-18.59188061
178.93979217,-7.73049612,-18.60466834
179.03424082,-7.76228905,-18.61748164
179.12868281,-7.79409859,-18.63033216
179.22311768,-7.82592520,-18.64323116
179.31754504,-7.85776931,-18.65618845
179.41196447,-7.88963142,-18.66921146
179.50637561,-7.92151206,-18.68230720
179.60077809,-7.95341182,-18.69548109
179.69517162,-7.98533125,-18.70873816
179.78955591,-8.01727094,-18.72208127
179.88393067,-8.04923153,-18.73551139
179.97829569,-8.08121359,-18.74902957
180.07265077,-8.11321779,-18.76263521
180.16699574,-8.14524475,-18.77632676
180.26133050,-8.17729504,-18.79010089
180.35565492,-8.20936936,-18.80395174
180.44996895,-8.24146832,-18.81787419
180.54427257,-8.27359257,-18.83186188
180.63856579,-8.30574272,-18.84590571
180.73284866,-8.33791939,-18.85999573
180.82712125,-8.37012322,-18.87412126
180.92138367,-8.40235485,-18.88827001
181.01563609,-8.43461485,-18.90242899
181.10987194,-8.46692345,-18.91658404
181.20410389,-8.49924503,-18.93071846
181.29833728,-8.53156546,-18.94481554
181.39257188,-8.56388694,-18.95885739
181.48680347,-8.59622322,-18.97282452
181.58102530,-8.62859559,-18.98669561
181.67522939,-8.66102891,-19.00044882
181.76940770,-8.69354825,-19.01406143
181.86355319,-8.72617588,-19.02750922
181.95766063,-8.75892879,-19.04076739
182.05172745,-8.79181642,-19.05381022
182.14577132,-8.82478936,-19.06661002
182.23979869,-8.85783117,-19.07913964
182.33381592,-8.89092559,-19.09137037
182.42782938,-8.92405660,-19.10327228
182.52184323,-8.95721459,-19.11481587
182.61585628,-8.99040534,-19.12597029
182.70989487,-9.02355560,-19.13670465
182.80397544,-9.05662070,-19.14698763
182.89810521,-9.08958248,-19.15678825
182.99228315,-9.12244655,-19.16607561
183.08648990,-9.15527111,-19.17481829
183.18072108,-9.18807132,-19.18298581
183.27497009,-9.22086871,-19.19054770
183.36922889,-9.25368875,-19.19747425
183.46348910,-9.28655798,-19.20373604
183.55774828,-9.31948560,-19.20930451
183.65202958,-9.35240728,-19.21415213
183.74633818,-9.38531025,-19.21825146
183.84067502,-9.41819385,-19.22157758
183.93502816,-9.45109437,-19.22410575
184.02939864,-9.48401071,-19.22581229
184.12380078,-9.51690356,-19.22667480
184.21823636,-9.54976944,-19.22667179
184.31270279,-9.58261742,-19.22578283
184.40718295,-9.61549807,-19.22398902
184.50167105,-9.64842944,-19.22127327
184.59617833,-9.68138057,-19.21761877
184.69071614,-9.71432000,-19.21300982
184.78529493,-9.74721878,-19.20743283
184.87992326,-9.78005322,-19.20087597
184.97462540,-9.81275437,-19.19332786
185.06940793,-9.84530396,-19.18477885
185.16426891,-9.87770787,-19.17522083
185.25919652,-9.91000032,-19.16464713
185.35416780,-9.94224738,-19.15305411
185.44917588,-9.97446876,-19.14043877
185.54422216,-10.00666033,-19.12679993
185.63930130,-10.03883726,-19.11213866
185.73440748,-10.07101591,-19.09645804
185.82953445,-10.10321387,-19.07976376
185.92466391,-10.13548368,-19.06206189
186.01979742,-10.16782014,-19.04336123
186.11493922,-10.20021015,-19.02367277
186.21009568,-10.23263424,-19.00300914
186.30527449,-10.26506897,-18.98138468
186.40048362,-10.29748981,-18.95881590
186.49573016,-10.32987469,-18.93532217
186.59101889,-10.36220799,-18.91092311
186.68635067,-10.39448531,-18.88564064
186.78172058,-10.42671889,-18.85949910
186.87711578,-10.45894392,-18.83252339
186.97254250,-10.49114017,-18.80474066
187.06800028,-10.52330662,-18.77617924
187.16348867,-10.55544212,-18.74686749
187.25900717,-10.58754566,-18.71683640
187.35455523,-10.61961622,-18.68611896
187.45013226,-10.65165281,-18.65474794
187.54573766,-10.68365441,-18.62275656
187.64137076,-10.71562008,-18.59018011
187.73703088,-10.74754885,-18.55705613
187.83271727,-10.77943990,-18.52342188
187.92842918,-10.81129232,-18.48931489
188.02416580,-10.84310531,-18.45477421
188.11992632,-10.87487805,-18.41983978
188.21570988,-10.90660979,-18.38455306
188.31151559,-10.93829985,-18.34895409
188.40734253,-10.96994760,-18.31308325
188.50318978,-11.00155237,-18.27698341
188.59905635,-11.03311365,-18.24069638
188.69494128,-11.06463088,-18.20426492
188.79084352,-11.09610368,-18.16773204
188.88676206,-11.12753155,-18.13113990
188.98269583,-11.15891416,-18.09453234
189.07864376,-11.19025114,-18.05795349
189.17460476,-11.22154224,-18.02144652
189.27057770,-11.25278723,-17.98505453
189.36656150,-11.28398586,-17.94882125
189.46255505,-11.31513796,-17.91279019
189.55855719,-11.34624350,-17.87700269
189.65456687,-11.37730227,-17.84150047
189.75058294,-11.40831433,-17.80632519
189.84660434,-11.43927956,-17.77151682
189.94262995,-11.47019804,-17.73711506
190.03865871,-11.50106983,-17.70315851
190.13468952,-11.53189506,-17.66968489
190.23072136,-11.56267384,-17.63673090
190.32675319,-11.59340636,-17.60433225
190.42278398,-11.62409289,-17.57252334
190.51881271,-11.65473376,-17.54133575
190.61483847,-11.68532914,-17.51080082
190.71086028,-11.71587950,-17.48094909
190.80687724,-11.74638518,-17.45180896
190.90288847,-11.77684664,-17.42340696
190.99889310,-11.80726435,-17.39576757
191.09489033,-11.83763876,-17.36891436
191.19087936,-11.86797046,-17.34286880
191.28685344,-11.89827947,-17.31765152
191.38282317,-11.92852979,-17.29328057
191.47879214,-11.95870829,-17.26977121
191.57475877,-11.98881862,-17.24713864
191.67071795,-12.01887606,-17.22539609
191.76666257,-12.04890253,-17.20455416
191.86258471,-12.07892274,-17.18462169
191.95847682,-12.10896051,-17.16560552
192.05433252,-12.13903598,-17.14751218
192.15014737,-12.16916325,-17.13034580
192.24591941,-12.19934841,-17.11410840
192.34166482,-12.22953921,-17.09880032
192.43738892,-12.25971835,-17.08442043
192.53309672,-12.28986966,-17.07096641
192.62879288,-12.31997821,-17.05843321
192.72447665,-12.35004680,-17.04681465
192.82015315,-12.38005928,-17.03610311
192.91584313,-12.40994828,-17.02628952
193.01155771,-12.43967820,-17.01736342
193.10729938,-12.46924173,-17.00931205
193.20306324,-12.49865592,-17.00212179
193.29882866,-12.52798951,-16.99577661
193.39458900,-12.55726558,-16.99026008
193.49033600,-12.58651272,-16.98555359
193.58606061,-12.61576220,-16.98163691
193.68175391,-12.64504510,-16.97849007
193.77742087,-12.67434712,-16.97609021
193.87307820,-12.70361563,-16.97441451
193.96872938,-12.73284135,-16.97343951
194.06437410,-12.76202753,-16.97314034
194.16000720,-12.79119327,-16.97349145
194.25561779,-12.82037660,-16.97446621
194.35121272,-12.84955749,-16.97603869
194.44679236,-12.87873712,-16.97818175
194.54235712,-12.90791662,-16.98086817
194.63790740,-12.93709708,-16.98407056
194.73344366,-12.96627955,-16.98776010
194.82896634,-12.99546503,-16.99191030
194.92447589,-13.02465447,-16.99649437
195.01997281,-13.05384879,-17.00148390
195.11545756,-13.08304883,-17.00685135
195.21093064,-13.11225542,-17.01257044
195.30639255,-13.14146933,-17.01861465
195.40184379,-13.17069126,-17.02495700
195.49728487,-13.19992190,-17.03157200
195.59271629,-13.22916187,-17.03843412
195.68813854,-13.25841174,-17.04551842
195.78355212,-13.28767205,-17.05280221
195.87895750,-13.31694329,-17.06026173
195.97435516,-13.34622591,-17.06787462
196.06974557,-13.37552029,-17.07562013
196.16512917,-13.40482681,-17.08347798
196.26050639,-13.43414577,-17.09142860
196.35587766,-13.46347747,-17.09945259
196.45124337,-13.49282214,-17.10753398
196.54660391,-13.52217998,-17.11565607
196.64195963,-13.55155117,-17.12380399
196.73731085,-13.58093584,-17.13196469
196.83265789,-13.61033409,-17.14012515
196.92800101,-13.63974600,-17.14827518
197.02334049,-13.66917163,-17.15640452
197.11867653,-13.69861099,-17.16450486
197.21400935,-13.72806409,-17.17256840
197.30933912,-13.75753090,-17.18058875
197.40466597,-13.78701140,-17.18856209
197.49999002,-13.81650551,-17.19648460
197.59531135,-13.84601318,-17.20435413
197.69063000,-13.87553432,-17.21216959
197.78594598,-13.90506883,-17.21993200
197.88125927,-13.93461662,-17.22764311
197.97656982,-13.96417756,-17.23530613
198.07187752,-13.99375156,-17.24292650
198.16718225,-14.02333850,-17.25050872
198.26248384,-14.05293825,-17.25806052
198.35778210,-14.08255072,-17.26559147
198.45307678,-14.11217580,-17.27311050
198.54836765,-14.14181341,-17.28062766
198.64365439,-14.17146344,-17.28815406
198.73893673,-14.20112585,-17.29570207
198.83421433,-14.23080057,-17.30328387
198.92948683,-14.26048757,-17.31091245
199.02475387,-14.29018684,-17.31860135
199.12001505,-14.31989837,-17.32636443
199.21526996,-14.34962218,-17.33421734
199.31051183,-14.37937854,-17.34217551
199.40575144,-14.40913159,-17.35025409
199.50099339,-14.43886525,-17.35846915
199.59623734,-14.46857928,-17.36683638
199.69147915,-14.49828546,-17.37537225
199.78669913,-14.52804518,-17.38409264
199.88189913,-14.55785111,-17.39301289
199.97708711,-14.58767655,-17.40214849
200.07227068,-14.61749595,-17.41151497
200.16745630,-14.64728749,-17.42112709
200.26264853,-14.67703556,-17.43099871
200.35786535,-14.70668169,-17.44114316
200.45310854,-14.73621921,-17.45157247
200.54837264,-14.76566468,-17.46229883
200.64364405,-14.79506056,-17.47333374
200.73890040,-14.82447730,-17.48468724
200.83414282,-14.85391044,-17.49636887
200.92936865,-14.88336766,-17.50838656
201.02457295,-14.91286398,-17.52074771
201.11975065,-14.94241482,-17.53345923
201.21489655,-14.97203607,-17.54652700
201.30999505,-15.00177640,-17.55995503
201.40504887,-15.03162670,-17.57374652
201.50006305,-15.06157076,-17.58790478
201.59504418,-15.09158754,-17.60243049
201.68999961,-15.12165371,-17.61732431
201.78493664,-15.15174622,-17.63258561
201.87986142,-15.18184585,-17.64821158
201.97477778,-15.21194078,-17.66419971
202.06968597,-15.24203062,-17.68054606
202.16458114,-15.27213110,-17.69724481
202.25945180,-15.30227902,-17.71428881
202.35430397,-15.33245602,-17.73167032
202.44913758,-15.36266310,-17.74938032
202.54395258,-15.39290129,-17.76740724
202.63874891,-15.42317167,-17.78574063
202.73352663,-15.45347512,-17.80436798
202.82828577,-15.48381268,-17.82327466
202.92302641,-15.51418529,-17.84244715
203.01774871,-15.54459375,-17.86186936
203.11245282,-15.57503893,-17.88152388
203.20713895,-15.60552168,-17.90139375
203.30180733,-15.63604274,-17.92146087
203.39645822,-15.66660282,-17.94170640
203.49109193,-15.69720260,-17.96211031
203.58570879,-15.72784272,-17.98265290
203.68030918,-15.75852367,-18.00331341
203.77489348,-15.78924605,-18.02407002
203.86946212,-15.82001028,-18.04490171
203.96401560,-15.85081669,-18.06578583
204.05855436,-15.88166570,-18.08669903
204.15307892,-15.91255760,-18.10761948
204.24758982,-15.94349258,-18.12852433
204.34208761,-15.97447079,-18.14939068
204.43657288,-16.00549229,-18.17019596
204.53104621,-16.03655719,-18.19091675
204.62550823,-16.06766535,-18.21153045
204.71995957,-16.09881675,-18.23201485
204.81440088,-16.13001117,-18.25234766
204.90883280,-16.16124843,-18.27250625
205.00325601,-16.19252823,-18.29246905
205.09767115,-16.22385033,-18.31221562
205.19207893,-16.25521423,-18.33172518
205.28648000,-16.28661961,-18.35097756
205.38087507,-16.31806587,-18.36995267
205.47526479,-16.34955260,-18.38863153
205.56964988,-16.38107917,-18.40699607
205.66402454,-16.41266425,-18.42502814
205.75840140,-16.44427150,-18.44271019
205.85278591,-16.47588603,-18.46002588
205.94717807,-16.50750905,-18.47695930
206.04157410,-16.53915320,-18.49349519
206.13596783,-16.57083802,-18.50961908
206.23035189,-16.60258652,-18.52531710
206.32471899,-16.63442147,-18.54057585
206.41906271,-16.66636286,-18.55538318
206.51337844,-16.69842523,-18.56972804
206.60766401,-16.73061577,-18.58359955
206.70193653,-16.76288403,-18.59698787
206.79620205,-16.79521270,-18.60988476
206.89046641,-16.82758497,-18.62228248
206.98473525,-16.85998468,-18.63417396
207.07901082,-16.89240563,-18.64555303
207.17329406,-16.92484541,-18.65641558
207.26760893,-16.95723363,-18.66675826
207.36196963,-16.98952867,-18.67657682
207.45638140,-17.02171537,-18.68586979
207.55084149,-17.05380211,-18.69463586
207.64532980,-17.08584842,-18.70287412
207.73984076,-17.11787079,-18.71058512
207.83436678,-17.14989165,-18.71776947
207.92889905,-17.18193694,-18.72442840
208.02342852,-17.21403319,-18.73056457
208.11795493,-17.24618092,-18.73618143
208.21249840,-17.27832033,-18.74128281
208.30706293,-17.31043927,-18.74587320
208.40164837,-17.34253770,-18.74995787
208.49624928,-17.37463120,-18.75354321
208.59085364,-17.40675465,-18.75663653
208.68546842,-17.43888689,-18.75924514
208.78009370,-17.47102705,-18.76137602
208.87472954,-17.50317429,-18.76303776
208.96937600,-17.53532777,-18.76423869
209.06403314,-17.56748667,-18.76498646
209.15870097,-17.59965017,-18.76529011
209.25337952,-17.63181747,-18.76515935
209.34806881,-17.66398777,-18.76460239
209.44276885,-17.69616031,-18.76362846
209.53747963,-17.72833433,-18.76224817
209.63220113,-17.76050907,-18.76047032
209.72693333,-17.79268381,-18.75830444
209.82167619,-17.82485782,-18.75576185
209.91642964,-17.85703039,-18.75285248
210.01119364,-17.88920084,-18.74958715
210.10596808,-17.92136850,-18.74597811
210.20075287,-17.95353269,-18.74203648
210.29554792,-17.98569279,-18.73777337
210.39035309,-18.01784817,-18.73320121
210.48516826,-18.04999823,-18.72833228
210.57999330,-18.08214238,-18.72317779
210.67482806,-18.11428006,-18.71775052
210.76967238,-18.14641071,-18.71206302
210.86452612,-18.17853382,-18.70612674
210.95938912,-18.21064889,-18.69995347
211.05426122,-18.24275544,-18.69355526
211.14914227,-18.27485300,-18.68694239
211.24403211,-18.30694114,-18.68012606
211.33893060,-18.33901944,-18.67311738
211.43383758,-18.37108751,-18.66592575
211.52875293,-18.40314496,-18.65856089
211.62367650,-18.43519144,-18.65103243
211.71860816,-18.46722661,-18.64334937
211.81354780,-18.49925016,-18.63551945
211.90849528,-18.53126176,-18.62755067
212.00345050,-18.56326115,-18.61945109
212.09841336,-18.59524804,-18.61122702
212.19338374,-18.62722218,-18.60288609
212.28836155,-18.65918332,-18.59443482
212.38334670,-18.69113124,-18.58587846
212.47833910,-18.72306571,-18.57722350
212.57333866,-18.75498653,-18.56847537
212.66834532,-18.78689351,-18.55963895
212.76335900,-18.81878646,-18.55071865
212.85837964,-18.85066521,-18.54171904
212.95340717,-18.88252960,-18.53264452
213.04844155,-18.91437947,-18.52349816
213.14348273,-18.94621468,-18.51428392
213.23853066,-18.97803509,-18.50500489
213.33358531,-19.00984058,-18.49566288
213.42864664,-19.04163101,-18.48626180
213.52371464,-19.07340628,-18.47680355
213.61878929,-19.10516626,-18.46728916
213.71387058,-19.13691087,-18.45772064
213.80895851,-19.16863999,-18.44809892
213.90405308,-19.20035354,-18.43842510
213.99915433,-19.23205142,-18.42869911
214.09426227,-19.26373355,-18.41892107
214.18937695,-19.29539984,-18.40909025
214.28449841,-19.32705021,-18.39920527
214.37962669,-19.35868458,-18.38926648
214.47476188,-19.39030286,-18.37927231
214.56990402,-19.42190498,-18.36922050
214.66504657,-19.45351092,-18.35910925
214.76020153,-19.48508457,-18.34893593
214.85537420,-19.51661013,-18.33869772
214.95056460,-19.54808775,-18.32839266
215.04576881,-19.57952948,-18.31801767
215.14096559,-19.61099992,-18.30756788
215.23616053,-19.64248247,-18.29703993
215.33136240,-19.67395084,-18.28643151
215.42657946,-19.70538028,-18.27573847
215.52181861,-19.73675016,-18.26495521
215.61708458,-19.76804634,-18.25407748
215.71239610,-19.79921240,-18.24310140
215.80775460,-19.83024434,-18.23202216
215.90315384,-19.86116118,-18.22083560
215.99857927,-19.89200726,-18.20953741
216.09400750,-19.92285377,-18.19812215
216.18944316,-19.95368712,-18.18658617
216.28488293,-19.98451776,-18.17492670
216.38032236,-20.01535951,-18.16313885
216.47575702,-20.04622634,-18.15121784
216.57118241,-20.07713230,-18.13916106
216.66658345,-20.10812392,-18.12696559
216.76196423,-20.13918918,-18.11462729
216.85733100,-20.17030924,-18.10214343
216.95269148,-20.20146076,-18.08951245
217.04805403,-20.23261847,-18.07673118
217.14342671,-20.26375780,-18.06379808
217.23881621,-20.29485841,-18.05071278
217.33422667,-20.32590766,-18.03747333
217.42965842,-20.35690452,-18.02407869
217.52510657,-20.38786396,-18.01052945
217.62055943,-20.41882177,-17.99682582
217.71602348,-20.44975802,-17.98296722
217.81149876,-20.48067254,-17.96895470
217.90698528,-20.51156519,-17.95478983
218.00248301,-20.54243593,-17.94047311
218.09799199,-20.57328454,-17.92600563
218.19351216,-20.60411095,-17.91139017
218.28904349,-20.63491508,-17.89662880
218.38458592,-20.66569682,-17.88172421
218.48013936,-20.69645612,-17.86668061
218.57570372,-20.72719294,-17.85150170
218.67127887,-20.75790719,-17.83619155
218.76686469,-20.78859887,-17.82075563
218.86246104,-20.81926787,-17.80520046
218.95806772,-20.84991423,-17.78953212
219.05368458,-20.88053782,-17.77375675
219.14931142,-20.91113860,-17.75788272
219.24494803,-20.94171651,-17.74191832
219.34059423,-20.97227144,-17.72587165
219.43624979,-21.00280333,-17.70975074
219.53191449,-21.03331206,-17.69356435
219.62758815,-21.06379749,-17.67732232
219.72327051,-21.09425957,-17.66103299
219.81896138,-21.12469810,-17.64470604
219.91466051,-21.15511307,-17.62835111
220.01036769,-21.18550429,-17.61197704
220.10608271,-21.21587167,-17.59559338
220.20180531,-21.24621515,-17.57920944
220.29753526,-21.27653465,-17.56283432
220.39327234,-21.30683010,-17.54647677
220.48901630,-21.33710144,-17.53014657
220.58476689,-21.36734865,-17.51385370
220.68052385,-21.39757176,-17.49760606
220.77628694,-21.42777070,-17.48141325
220.87205587,-21.45794563,-17.46528488
220.96783038,-21.48809651,-17.44922939
221.06361020,-21.51822342,-17.43325654
221.15939503,-21.54832648,-17.41737534
221.25518460,-21.57840576,-17.40159490
221.35097860,-21.60846136,-17.38592521
221.44677674,-21.63849339,-17.37037530
221.54257873,-21.66850198,-17.35495438
221.63838424,-21.69848730,-17.33967218
221.73419302,-21.72844940,-17.32453800
221.83000473,-21.75838851,-17.30956034
221.92581297,-21.78832448,-17.29474809
222.02162867,-21.81822132,-17.28011095
222.11745617,-21.84806418,-17.26565669
222.21329480,-21.87785448,-17.25139352
222.30914026,-21.90760536,-17.23732993
222.40498589,-21.93733758,-17.22347291
222.50082391,-21.96707570,-17.20983015
222.59664633,-21.99684493,-17.19640861
222.69244596,-22.02666802,-17.18321441
222.78821712,-22.05656295,-17.17025382
222.88395634,-22.08654053,-17.15753213
222.97967839,-22.11655280,-17.14505466
223.07538780,-22.14658475,-17.13282638
223.17108900,-22.17662163,-17.12085103
223.26678634,-22.20664904,-17.10913287
223.36248240,-22.23665828,-17.09767557
223.45817440,-22.26665810,-17.08648169
223.55388417,-22.29657703,-17.07555438
223.64962493,-22.32637158,-17.06489621
223.74540192,-22.35602424,-17.05450929
223.84121317,-22.38554114,-17.04439520
223.93704058,-22.41498115,-17.03455530
224.03287924,-22.44436003,-17.02499128
224.12872230,-22.47370000,-17.01570289
224.22456172,-22.50302726,-17.00669049
224.32038906,-22.53236927,-16.99795330
224.41620068,-22.56173815,-16.98949001
224.51201598,-22.59107068,-16.98129945
224.60783853,-22.62035538,-16.97337841
224.70366823,-22.64959283,-16.96572404
224.79950007,-22.67879969,-16.95833297
224.89532289,-22.70801285,-16.95120068
224.99114292,-22.73721235,-16.94432300
225.08696016,-22.76639867,-16.93769436
225.18277462,-22.79557225,-16.93130838
225.27858634,-22.82473355,-16.92515922
225.37439536,-22.85388301,-16.91924066
225.47020174,-22.88302106,-16.91354587
225.56600554,-22.91214812,-16.90806744
225.66180685,-22.94126461,-16.90279710
225.75760578,-22.97037094,-16.89772656
225.85340245,-22.99946750,-16.89284793
225.94919699,-23.02855468,-16.88815115
226.04498957,-23.05763284,-16.88362608
226.14078036,-23.08670236,-16.87926208
226.23656957,-23.11576357,-16.87504791
226.33235742,-23.14481680,-16.87097249
226.42814415,-23.17386237,-16.86702341
226.52393004,-23.20290059,-16.86318689
226.61971537,-23.23193174,-16.85944881
226.71550047,-23.26095607,-16.85579471
226.81128569,-23.28997384,-16.85220970
226.90707140,-23.31898528,-16.84867754
227.00285797,-23.34799056,-16.84518192
227.09864582,-23.37698989,-16.84170570
227.19443538,-23.40598339,-16.83823153
227.29022708,-23.43497119,-16.83474275
227.38602138,-23.46395340,-16.83122152
227.48181875,-23.49293007,-16.82764993
227.57761965,-23.52190123,-16.82401010
227.67342459,-23.55086691,-16.82028360
227.76923407,-23.57982706,-16.81645273
227.86504859,-23.60878165,-16.81249969
227.96086867,-23.63773058,-16.80840640
228.05669484,-23.66667374,-16.80415443
228.15252766,-23.69561100,-16.79972568
228.24836767,-23.72454218,-16.79510162
228.34421544,-23.75346708,-16.79026334
228.44007158,-23.78238546,-16.78519206
228.53593050,-23.81131753,-16.77986879
228.63180367,-23.84022700,-16.77427465
228.72769671,-23.86909691,-16.76838973
228.82361051,-23.89792600,-16.76219455
228.91954236,-23.92672508,-16.75567047
229.01547543,-23.95555185,-16.74879752
229.11141009,-23.98440688,-16.74155693
229.20735532,-24.01326199,-16.73392934
229.30331988,-24.04208963,-16.72589554
229.39931154,-24.07086549,-16.71743802
229.49533630,-24.09957110,-16.70853902
229.59141325,-24.12814436,-16.69918206
229.68754602,-24.15657448,-16.68934996
229.78373115,-24.18487409,-16.67902742
229.87995725,-24.21308228,-16.66820055
229.97620419,-24.24126717,-16.65685553
230.07247154,-24.26943127,-16.64498021
230.16875869,-24.29757761,-16.63256303
230.26506165,-24.32572038,-16.61959324
230.36137624,-24.35387436,-16.60606160
230.45769808,-24.38205500,-16.59196031
230.55401284,-24.41031127,-16.57728327
230.65032332,-24.43863423,-16.56202460
230.74663450,-24.46700770,-16.54618012
230.84295283,-24.49541021,-16.52974697
230.93928561,-24.52381740,-16.51272335
231.03564008,-24.55220495,-16.49510882
231.13202245,-24.58055183,-16.47690437
231.22843673,-24.60884419,-16.45811204
231.32488354,-24.63707953,-16.43873452
231.42135860,-24.66527166,-16.41877737
231.51785121,-24.69345607,-16.39824713
231.61436701,-24.72161291,-16.37715170
231.71090583,-24.74974179,-16.35550069
231.80746746,-24.77784232,-16.33330506
231.90405162,-24.80591417,-16.31057843
232.00065798,-24.83395703,-16.28733607
232.09728613,-24.86197062,-16.26359523
232.19393562,-24.88995475,-16.23937483
232.29060592,-24.91790915,-16.21469528
232.38729648,-24.94583362,-16.18957989
232.48400664,-24.97372801,-16.16405364
232.58073572,-25.00159217,-16.13814374
232.67748296,-25.02942596,-16.11187905
232.77424756,-25.05722926,-16.08529081
232.87102863,-25.08500201,-16.05841202
232.96782527,-25.11274414,-16.03127741
233.06463651,-25.14045562,-16.00392368
233.16146131,-25.16813646,-15.97638826
233.25829862,-25.19578668,-15.94871106
233.35514732,-25.22340630,-15.92093297
233.45200623,-25.25099546,-15.89309700
233.54887414,-25.27855431,-15.86524712
233.64574977,-25.30608302,-15.83742886
233.74263180,-25.33358188,-15.80968974
233.83951885,-25.36105129,-15.78207711
233.93640948,-25.38849161,-15.75464026
234.03330221,-25.41590336,-15.72743011
234.13019551,-25.44328707,-15.70049838
234.22708779,-25.47064337,-15.67389820
234.32397741,-25.49797297,-15.64768426
234.42085715,-25.52529649,-15.62191216
234.51773596,-25.55257630,-15.59663814
234.61461582,-25.57979964,-15.57192117
234.71149362,-25.60697194,-15.54782021
234.80836299,-25.63411049,-15.52439381
234.90521572,-25.66123913,-15.50170193
235.00204306,-25.68838378,-15.47980538
235.09883677,-25.71556844,-15.45876494
235.19559005,-25.74281207,-15.43864073
235.29229817,-25.77012604,-15.41949272
235.38895900,-25.79751228,-15.40138125
235.48558734,-25.82491172,-15.38436660
235.58218755,-25.85230260,-15.36850792
235.67876356,-25.87966473,-15.35386435
235.77531251,-25.90700264,-15.34049443
235.87184802,-25.93426062,-15.32845507
235.96837848,-25.96140201,-15.31780409
236.06490658,-25.98841110,-15.30859778
236.16142542,-26.01530730,-15.30089086
236.25794026,-26.04206560,-15.29473863
236.35445150,-26.06867891,-15.29019552
236.45094641,-26.09518824,-15.28731361
236.54742629,-26.12158357,-15.28614408
236.64389070,-26.14786135,-15.28673935
236.74033750,-26.17402449,-15.28914848
236.83677890,-26.20002372,-15.29341773
236.93321425,-26.22585700,-15.29959472
237.02963776,-26.25154147,-15.30772254
237.12603975,-26.27710877,-15.31784190
237.22242137,-26.30255133,-15.32999279
237.31877159,-26.32790630,-15.34420930
237.41507354,-26.35323260,-15.36052365
237.51132641,-26.37853066,-15.37896567
237.60752247,-26.40382640,-15.39956197
237.70365338,-26.42914826,-15.42233410
237.79969970,-26.45456455,-15.44730068
237.89565860,-26.48008411,-15.47447837
237.99153002,-26.50570605,-15.50387677
238.08731620,-26.53142140,-15.53550349
238.18302128,-26.55721483,-15.56936320
238.27865034,-26.58306796,-15.60545397
238.37420840,-26.60896306,-15.64377222
238.46969911,-26.63488783,-15.68430939
238.56512301,-26.66084146,-15.72705333
238.66047577,-26.68684113,-15.77198809
238.75574569,-26.71293058,-15.81909324
238.85093735,-26.73909544,-15.86834548
238.94605003,-26.76534072,-15.91971589
239.04108305,-26.79167158,-15.97317333
239.13603591,-26.81809289,-16.02868197
239.23090815,-26.84460968,-16.08620180
239.32569943,-26.87122687,-16.14568919
239.42040955,-26.89794925,-16.20709528
239.51503836,-26.92478168,-16.27036900
239.60958589,-26.95172878,-16.33545400
239.70405220,-26.97879530,-16.40228950
239.79843754,-27.00598563,-16.47081222
239.89274225,-27.03330428,-16.54095385
239.98696677,-27.06075549,-16.61264253
240.08111171,-27.08834338,-16.68580281
240.17517775,-27.11607195,-16.76035594
240.26916577,-27.14394488,-16.83621966
240.36307673,-27.17196579,-16.91330816
240.45691169,-27.20013811,-16.99153270
240.55067191,-27.22846487,-17.07080191
240.64435868,-27.25694913,-17.15102292
240.73797347,-27.28559347,-17.23209967
240.83151783,-27.31440042,-17.31393506
240.92499338,-27.34337221,-17.39643062
241.01840187,-27.37251081,-17.47948681
241.11174515,-27.40181799,-17.56300378
241.20502515,-27.43129519,-17.64687987
241.29824386,-27.46094375,-17.73101277
241.39140336,-27.49076470,-17.81530117
241.48450582,-27.52075883,-17.89964317
241.57755345,-27.55092679,-17.98393723
241.67054858,-27.58126880,-18.06808168
241.76349352,-27.61178504,-18.15197567
241.85639071,-27.64247531,-18.23552072
241.94924262,-27.67333918,-18.31861859
242.04205179,-27.70437590,-18.40117308
242.13482081,-27.73558448,-18.48308920
242.22755230,-27.76696364,-18.56427426
242.32024892,-27.79851181,-18.64463956
242.41291339,-27.83022708,-18.72409803
242.50554840,-27.86210732,-18.80256710
242.59815671,-27.89414997,-18.87996808
242.69074101,-27.92635236,-18.95622546
242.78330402,-27.95871141,-19.03127080
242.87584845,-27.99122371,-19.10503963
242.96837696,-28.02388567,-19.17747281
243.06089212,-28.05669343,-19.24851775
243.15339649,-28.08964286,-19.31812795
243.24589255,-28.12272956,-19.38626314
243.33838265,-28.15594901,-19.45289022
243.43086906,-28.18929650,-19.51798374
243.52335393,-28.22276705,-19.58152443
243.61583928,-28.25635565,-19.64350102
243.70832697,-28.29005713,-19.70391112
243.80081874,-28.32386612,-19.76275866
243.89331615,-28.35777726,-19.82005512
243.98582059,-28.39178502,-19.87582173
244.07833330,-28.42588387,-19.93008713
244.17085534,-28.46006814,-19.98288585
244.26338753,-28.49433224,-20.03426211
244.35593054,-28.52867047,-20.08426928
244.44848483,-28.56307711,-20.13296749
244.54105059,-28.59754656,-20.18042545
244.63362782,-28.63207317,-20.22672098
244.72621628,-28.66665136,-20.27193994
244.81881547,-28.70127564,-20.31617653
244.91142460,-28.73594071,-20.35953356
245.00404269,-28.77064123,-20.40212182
245.09666845,-28.80537216,-20.44405966
245.18930026,-28.84012870,-20.48547349
245.28193629,-28.87490625,-20.52649804
245.37457437,-28.90970043,-20.56727436
245.46721202,-28.94450728,-20.60795036
245.55984650,-28.97932309,-20.64868109
245.65247472,-29.01414459,-20.68962821
245.74509334,-29.04896885,-20.73095816
245.83769871,-29.08379333,-20.77284356
245.93028691,-29.11861593,-20.81546174
246.02285372,-29.15343501,-20.85899311
246.11539469,-29.18824937,-20.90362208
246.20790509,-29.22305833,-20.94953668
246.30037998,-29.25786151,-20.99692726
246.39281413,-29.29265925,-21.04598626
246.48520213,-29.32745222,-21.09690771
246.57753833,-29.36224158,-21.14988730
246.66981687,-29.39702905,-21.20512230
246.76203174,-29.43181677,-21.26280942
246.85417670,-29.46660739,-21.32314483
246.94624538,-29.50140403,-21.38632469
247.03823124,-29.53621033,-21.45254364
247.13012758,-29.57103045,-21.52199528
247.22192760,-29.60586891,-21.59487022
247.31362436,-29.64073087,-21.67135626
247.40521081,-29.67562183,-21.75163933
247.49667980,-29.71054786,-21.83590002
247.58802411,-29.74551543,-21.92431633
247.67923646,-29.78053141,-22.01706070
247.77030948,-29.81560323,-22.11430076
247.86123576,-29.85073865,-22.21619902
247.95200787,-29.88594588,-22.32291096
248.04261833,-29.92123353,-22.43458675
248.13305970,-29.95661056,-22.55136853
248.22332449,-29.99208635,-22.67339089
248.31340525,-30.02767060,-22.80078100
248.40329458,-30.06337328,-22.93365683
248.49298511,-30.09920472,-23.07212837
248.58246957,-30.13517539,-23.21629521
248.67174069,-30.17129618,-23.36624800
248.76079138,-30.20757796,-23.52206746
248.84961462,-30.24403187,-23.68382362
248.93820349,-30.28066919,-23.85157688
249.02655122,-30.31750122,-24.02537678
249.11465116,-30.35453941,-24.20526226
249.20249678,-30.39179518,-24.39126225
249.29008176,-30.42927996,-24.58339476
249.37739983,-30.46700529,-24.78166666
249.46444496,-30.50498247,-24.98607460
249.55121121,-30.54322301,-25.19660509
249.63769282,-30.58173817,-25.41323421
249.72388418,-30.62053919,-25.63592610
249.80977983,-30.65963725,-25.86463540
249.89537446,-30.69904342,-26.09930682
249.98066299,-30.73876852,-26.33987392
250.06564045,-30.77882333,-26.58625999
250.15030213,-30.81921832,-26.83837737
250.23464342,-30.85996388,-27.09612907
250.31866000,-30.90107004,-27.35940811
250.40234770,-30.94254664,-27.62809735
250.48570261,-30.98440311,-27.90207221
250.56872100,-31.02664864,-28.18119743
250.65139936,-31.06929206,-28.46533062
250.73373441,-31.11234181,-28.75432360
250.81572312,-31.15580586,-29.04801957
250.89736263,-31.19969187,-29.34625550
250.97865033,-31.24400702,-29.64886330
251.05958379,-31.28875816,-29.95567034
251.14016081,-31.33395159,-30.26649958
251.22037935,-31.37959330,-30.58117036
251.30023756,-31.42568878,-30.89949903
251.37973377,-31.47224317,-31.22129962
251.45886646,-31.51926117,-31.54638529
251.53763430,-31.56674706,-31.87456810
251.61603611,-31.61470467,-32.20565831
251.69407081,-31.66313754,-32.53946633
251.77173753,-31.71204871,-32.87580381
251.84903549,-31.76144093,-33.21448278
251.92596406,-31.81131645,-33.55531689
252.00252271,-31.86167727,-33.89812086
252.07871108,-31.91252489,-34.24271185
252.15452889,-31.96386049,-34.58891195
252.22997598,-32.01568488,-34.93654486
252.30505234,-32.06799845,-35.28543755
252.37975807,-32.12080120,-35.63542241
252.45409332,-32.17409285,-35.98633650
252.52805843,-32.22787266,-36.33802147
252.60165374,-32.28213963,-36.69032452
252.67487974,-32.33689233,-37.04309948
252.74773695,-32.39212907,-37.39620691
252.82022596,-32.44784779,-37.74951467
252.89234740,-32.50404616,-38.10289694
252.96410195,-32.56072152,-38.45623637
253.03549034,-32.61787094,-38.80942364
253.10651327,-32.67549128,-39.16235686
253.17717145,-32.73357909,-39.51494295
253.24746562,-32.79213073,-39.86709636
253.31739645,-32.85114236,-40.21874099
253.38696463,-32.91060989,-40.56980923
253.45617075,-32.97052914,-40.92024179
253.52501539,-33.03089568,-41.26998810
253.59349910,-33.09170493,-41.61900547
253.66162225,-33.15295227,-41.96726216
253.72938524,-33.21463284,-42.31473319
253.79678831,-33.27674175,-42.66140229
253.86383165,-33.33927394,-43.00726271
253.93051529,-33.40222433,-43.35231513
253.99683919,-33.46558775,-43.69656919
254.06280317,-33.52935895,-44.04004161
254.12840691,-33.59353266,-44.38275746
254.19364999,-33.65810353,-44.72474998
254.25853175,-33.72306630,-45.06605826
254.32305143,-33.78841562,-45.40672986
254.38720811,-33.85414614,-45.74681999
254.45100062,-33.92025259,-46.08639027
254.51442770,-33.98672966,-46.42550833
254.57748780,-34.05357213,-46.76424855
254.64017926,-34.12077480,-47.10269103
254.70250018,-34.18833255,-47.44092109
254.76444846,-34.25624031,-47.77902983
254.82602177,-34.32449313,-48.11711184
254.88721754,-34.39308617,-48.45526683
254.94803297,-34.46201469,-48.79359914
255.00846501,-34.53127405,-49.13221643
255.06851036,-34.60085979,-49.47122943
255.12816548,-34.67076753,-49.81075133
255.18742648,-34.74099315,-50.15089857
255.24628935,-34.81153259,-50.49178886
255.30474965,-34.88238205,-50.83354049
255.36280280,-34.95353786,-51.17627159
255.42044389,-35.02499658,-51.52010026
255.47766775,-35.09675497,-51.86514512
255.53446900,-35.16880996,-52.21152162
255.59084204,-35.24115865,-52.55934344
255.64678105,-35.31379832,-52.90872248
255.70227996,-35.38672647,-53.25976686
255.75733255,-35.45994074,-53.61258197
255.81193251,-35.53343888,-53.96726868
255.86607324,-35.60721887,-54.32392379
255.91974807,-35.68127878,-54.68263977
255.97295018,-35.75561686,-55.04350368
256.02567256,-35.83023150,-55.40659806
256.07790819,-35.90512119,-55.77200011
256.12964986,-35.98028455,-56.13978030
256.18089028,-36.05572037,-56.51000218
256.23162203,-36.13142756,-56.88272412
256.28183767,-36.20740512,-57.25799758
256.33152967,-36.28365217,-57.63586498
256.38069041,-36.36016797,-58.01636177
256.42931228,-36.43695185,-58.39951654
256.47738769,-36.51400321,-58.78534758
256.52490905,-36.59132154,-59.17386593
256.57186884,-36.66890637,-59.56507487
256.61825967,-36.74675724,-59.95896637
256.66407415,-36.82487376,-60.35552456
256.70930510,-36.90325554,-60.75472677
256.75394546,-36.98190215,-61.15654023
256.79798831,-37.06081318,-61.56092391
256.84142688,-37.13998819,-61.96782963
256.88425458,-37.21942670,-62.37720190
256.92646508,-37.29912816,-62.78897754
256.96805209,-37.37909205,-63.20308553
257.00900966,-37.45931774,-63.61944852
257.04933195,-37.53980460,-64.03798086
257.08901325,-37.62055200,-64.45859063
257.12804811,-37.70155923,-64.88117873
257.16643123,-37.78282558,-65.30563863
257.20415747,-37.86435030,-65.73185868
257.24122193,-37.94613261,-66.15971952
257.27761989,-38.02817171,-66.58909589
257.31334696,-38.11046671,-67.01985583
257.34839881,-38.19301678,-67.45185979
257.38277155,-38.27582097,-67.88496343
257.41646147,-38.35887833,-68.31901517
257.44946515,-38.44218787,-68.75385737
257.48177946,-38.52574854,-69.18932723
257.51340161,-38.60955923,-69.62525730
257.54432907,-38.69361882,-70.06147526
257.57455981,-38.77792607,-70.49780372
257.60409196,-38.86247973,-70.93406213
257.63292423,-38.94727843,-71.37006457
257.66105552,-39.03232081,-71.80562334
257.68848519,-39.11760543,-72.24054825
257.71521299,-39.20313076,-72.67464512
257.74123896,-39.28889527,-73.10771849
257.76656358,-39.37489733,-73.53957238
257.79118762,-39.46113532,-73.97000912
257.81511229,-39.54760752,-74.39883070
257.83833918,-39.63431219,-74.82583908
257.86087020,-39.72124754,-75.25083589
257.88270771,-39.80841175,-75.67362366
257.90385433,-39.89580298,-76.09400564
257.92431320,-39.98341934,-76.51178643
257.94408776,-40.07125892,-76.92677155
257.96318183,-40.15931980,-77.33876893
257.98159963,-40.24760002,-77.74758892
257.99934580,-40.33609759,-78.15304510
258.01642528,-40.42481050,-78.55495534
258.03284354,-40.51373668,-78.95314042
258.04860624,-40.60287408,-79.34742554
258.06371959,-40.69222059,-79.73764130
258.07819002,-40.78177412,-80.12362277
258.09202445,-40.87153251,-80.50521130
258.10523004,-40.96149361,-80.88225340
258.11781438,-41.05165523,-81.25460217
258.12978531,-41.14201518,-81.62211745
258.14115107,-41.23257123,-81.98466569
258.15192012,-41.32332116,-82.34212107
258.16210139,-41.41426269,-82.69436412
258.17170391,-41.50539354,-83.04128395
258.18073716,-41.59671140,-83.38277803
258.18921079,-41.68821393,-83.71875200
258.19713479,-41.77989875,-84.04912027
258.20451930,-41.87176348,-84.37380637
258.21137479,-41.96380566,-84.69274236
258.21771183,-42.05602284,-85.00586958
258.22354125,-42.14841251,-85.31313860
258.22887401,-42.24097213,-85.61451007
258.23372120,-42.33369911,-85.90995400
258.23809394,-42.42659082,-86.19944949
258.24200350,-42.51964461,-86.48298590
258.24546121,-42.61285774,-86.76056149
258.24847838,-42.70622746,-87.03218361
258.25106634,-42.79975098,-87.29786943
258.25323651,-42.89342544,-87.55764394
258.25500014,-42.98724797,-87.81154120
258.25636857,-43.08121563,-88.05960444
258.25735297,-43.17532545,-88.30188347
258.25796459,-43.26957440,-88.53843680
258.25821443,-43.36395941,-88.76933141
258.25811361,-43.45847734,-88.99464216
258.25767300,-43.55312500,-89.21445061
258.25690345,-43.64789914,-89.42884654
258.25581563,-43.74279645,-89.63792758
258.25442010,-43.83781354,-89.84179740
258.25272718,-43.93294697,-90.04056745
258.25074708,-44.02819322,-90.23435567
258.24848972,-44.12354870,-90.42328603
258.24596485,-44.21900975,-90.60748942
258.24318182,-44.31457265,-90.78710342
258.24014984,-44.41023358,-90.96227010
258.23687772,-44.50598870,-91.13313654
258.23337399,-44.60183407,-91.29985546
258.22964685,-44.69776571,-91.46258270
258.22570412,-44.79377958,-91.62147927
258.22155331,-44.88987158,-91.77670923
258.21720156,-44.98603757,-91.92843992
258.21265573,-45.08227334,-92.07684277
258.20792230,-45.17857468,-92.22208960
258.20300730,-45.27493728,-92.36435588
258.19791657,-45.37135684,-92.50381975
258.19265542,-45.46782900,-92.64066018
258.18722889,-45.56434935,-92.77505824
258.18164150,-45.66091344,-92.90719597
258.17589734,-45.75751680,-93.03725759
258.17000016,-45.85415492,-93.16542765
258.16395306,-45.95082327,-93.29189159
258.15775889,-46.04751731,-93.41683381
258.15141984,-46.14423250,-93.54043617
258.14493760,-46.24096430,-93.66288099
258.13831342,-46.33770822,-93.78434864
258.13154795,-46.43445979,-93.90501568
258.12464147,-46.53121457,-94.02505476
258.11759356,-46.62796817,-94.14463515
258.11040348,-46.72471631,-94.26392234
258.10307005,-46.82145475,-94.38307631
258.09559155,-46.91817935,-94.50225263
258.08796610,-47.01488606,-94.62159987
258.08019116,-47.11157097,-94.74126052
258.07226406,-47.20823024,-94.86137118
258.06418170,-47.30486020,-94.98206101
258.05594078,-47.40145729,-95.10345317
258.04753766,-47.49801806,-95.22566201
258.03896840,-47.59453922,-95.34879582
258.03022892,-47.69101762,-95.47295624
258.02131492,-47.78745024,-95.59823545
258.01222183,-47.88383420,-95.72471973
258.00294508,-47.98016679,-95.85248654
257.99347977,-48.07644545,-95.98160579
257.98382100,-48.17266776,-96.11213909
257.97396360,-48.26883147,-96.24413973
257.96390249,-48.36493450,-96.37765337
257.95363233,-48.46097490,-96.51271637
257.94314772,-48.55695091,-96.64935851
257.93244336,-48.65286091,-96.78760070
257.92151379,-48.74870347,-96.92745461
257.91035359,-48.84447729,-97.06892529
257.89895749,-48.94018129,-97.21200947
257.88732010,-49.03581451,-97.35669470
257.87543626,-49.13137619,-97.50296075
257.86330075,-49.22686573,-97.65078063
257.85090868,-49.32228270,-97.80011854
257.83825505,-49.41762681,-97.95093158
257.82533515,-49.51289794,-98.10317133
257.81214445,-49.60809611,-98.25678119
257.79867850,-49.70322150,-98.41169907
257.78493312,-49.79827443,-98.56785745
257.77090434,-49.89325534,-98.72518187
257.75658835,-49.98816485,-98.88359219
257.74198161,-50.08300369,-99.04300387
257.72708075,-50.17777271,-99.20332726
257.71188276,-50.27247294,-99.36446671
257.69638465,-50.36710547,-99.52632312
257.68058397,-50.46167157,-99.68879411
257.66447837,-50.55617259,-99.85177244
257.64806583,-50.65060999,-100.01514904
257.63134468,-50.74498536,-100.17881126
257.61431346,-50.83930037,-100.34264363
257.59697107,-50.93355679,-100.50653012
257.57931665,-51.02775649,-100.67035236
257.56134969,-51.12190139,-100.83399087
257.54306995,-51.21599352,-100.99732512
257.52447733,-51.31003493,-101.16023538
257.50557227,-51.40402777,-101.32260094
257.48635526,-51.49797425,-101.48430091
257.46682718,-51.59187662,-101.64521612
257.44698915,-51.68573718,-101.80522619
257.42684250,-51.77955830,-101.96421297
257.40638889,-51.87334237,-102.12205946
257.38563023,-51.96709183,-102.27864966
257.36456868,-52.06080918,-102.43386945
257.34320672,-52.15449691,-102.58760614
257.32154704,-52.24815757,-102.73975172
257.29959277,-52.34179376,-102.89019877
257.27734710,-52.43540804,-103.03884261
257.25481371,-52.52900305,-103.18558312
257.23199645,-52.62258139,-103.33032311
257.20889942,-52.71614568,-103.47297012
257.18552704,-52.80969852,-103.61343546
257.16188393,-52.90324249,-103.75163576
257.13797506,-52.99678017,-103.88749256
257.11380549,-53.09031407,-104.02093230
257.08938053,-53.18384667,-104.15188740
257.06470584,-53.27738044,-104.28029510
257.03978700,-53.37091773,-104.40609866
257.01462997,-53.46446088,-104.52924734
256.98924071,-53.55801212,-104.64969584
256.96362536,-53.65157361,-104.76740515
256.93779015,-53.74514744,-104.88234299
256.91174144,-53.83873560,-104.99448336
256.88548569,-53.93233999,-105.10380510
256.85902937,-54.02596240,-105.21029306
256.83237903,-54.11960455,-105.31393939
256.80554136,-54.21326804,-105.41474121
256.77852287,-54.30695436,-105.51270160
256.75133033,-54.40066490,-105.60782932
256.72397026,-54.49440090,-105.70013854
256.69644930,-54.58816350,-105.78965010
256.66877396,-54.68195370,-105.87639021
256.64095073,-54.77577237,-105.96039010
256.61298598,-54.86962026,-106.04168535
256.58488597,-54.96349795,-106.12031743
256.55665678,-55.05740591,-106.19633291
256.52830449,-55.15134451,-106.26978078
256.49983482,-55.24531392,-106.34071514
256.47125349,-55.33931426,-106.40919268
256.44256586,-55.43334548,-106.47527297
256.41377726,-55.52740744,-106.53901921
256.38489272,-55.62149990,-106.60049593
256.35591715,-55.71562248,-106.65977071
256.32685519,-55.80977473,-106.71691327
256.29771133,-55.90395610,-106.77199405
256.26848990,-55.99816595,-106.82508545
256.23919507,-56.09240360,-106.87626064
256.20983066,-56.18666823,-106.92559369
256.18040056,-56.28095904,-106.97315924
256.15090818,-56.37527507,-107.01903261
256.12135701,-56.46961537,-107.06328932
256.09175013,-56.56397887,-107.10600429
256.06209055,-56.65836450,-107.14725354
256.03238104,-56.75277109,-107.18711292
256.00262423,-56.84719748,-107.22565719
255.97282246,-56.94164241,-107.26296048
255.94297801,-57.03610462,-107.29909585
255.91309282,-57.13058281,-107.33413599
255.88316881,-57.22507568,-107.36815197
255.85320743,-57.31958184,-107.40121326
255.82321027,-57.41409995,-107.43338778
255.79317841,-57.50862861,-107.46474122
255.76311295,-57.60316644,-107.49533818
255.73301468,-57.69771203,-107.52524073
255.70288429,-57.79226400,-107.55450900
255.67272224,-57.88682097,-107.58320030
255.64252892,-57.98138159,-107.61136905
255.61230438,-58.07594450,-107.63906736
255.58204880,-58.17050845,-107.66634322
255.55176189,-58.26507213,-107.69324267
255.52144354,-58.35963437,-107.71980846
255.49109332,-58.45419398,-107.74607921
255.46071080,-58.54874984,-107.77209114
255.43029537,-58.64330088,-107.79787684
255.39984644,-58.73784613,-107.82346663
255.36936328,-58.83238462,-107.84888703
255.33884517,-58.92691551,-107.87416045
255.30829120,-59.02143797,-107.89930716
255.27770062,-59.11595130,-107.92434351
255.24707239,-59.21045482,-107.94928303
255.21640570,-59.30494797,-107.97413654
255.18569957,-59.39943027,-107.99890993
255.15495307,-59.49390128,-108.02360704
255.12416522,-59.58836067,-108.04822948
255.09333509,-59.68280818,-108.07277537
255.06246179,-59.77724364,-108.09723992
255.03154444,-59.87166696,-108.12161537
255.00058208,-59.96607807,-108.14589228
254.96957391,-60.06047706,-108.17005810
254.93851902,-60.15486401,-108.19409768
254.90741667,-60.24923914,-108.21799494
254.87626610,-60.34360273,-108.24172945
254.84506651,-60.43795509,-108.26527906
254.81381723,-60.53229664,-108.28862024
254.78251765,-60.62662791,-108.31172669
254.75116724,-60.72094948,-108.33457001
254.71976552,-60.81526199,-108.35711904
254.68831207,-60.90956619,-108.37934166
254.65680674,-61.00386293,-108.40120419
254.62523096,-61.09814695,-108.42267149
254.59361952,-61.19243087,-108.44370757
254.56198544,-61.28672008,-108.46427405
254.53032570,-61.38101461,-108.48433290
254.49862672,-61.47531095,-108.50384640
254.46686868,-61.56960351,-108.52277617
254.43502964,-61.66388594,-108.54108303
254.40308879,-61.75815228,-108.55872847
254.37102939,-61.85239791,-108.57567546
254.33884106,-61.94662032,-108.59188562
254.30652138,-62.04081968,-108.60732255
254.27412367,-62.13501479,-108.62195098
254.24166812,-62.22921341,-108.63573530
254.20917394,-62.32342294,-108.64864266
254.17665947,-62.41765047,-108.66064127
254.14412635,-62.51189742,-108.67170065
254.11159337,-62.60617099,-108.68179154
254.07912909,-62.70049521,-108.69088606
254.04677143,-62.79488372,-108.69895828
254.01453102,-62.88934084,-108.70598230
253.98237362,-62.98385567,-108.71193547
253.95027391,-63.07842026,-108.71679641
253.91823125,-63.17303497,-108.72054485
253.88622403,-63.26769300,-108.72316279
253.85421538,-63.36238229,-108.72463299
253.82212804,-63.45707707,-108.72494143
253.78995313,-63.55177467,-108.72407541
253.75777504,-63.64650399,-108.72202388
253.72563691,-63.74127984,-108.71877760
253.69356757,-63.83611216,-108.71432977
253.66157583,-63.93100400,-108.70867680
253.62969859,-64.02596787,-108.70181623
253.59797672,-64.12101754,-108.69374775
253.56640623,-64.21615151,-108.68447330
253.53495394,-64.31135833,-108.67399703
253.50355352,-64.40661526,-108.66232565
253.47217974,-64.50191343,-108.64946760
253.44083866,-64.59725453,-108.63543372
253.40951441,-64.69263276,-108.62023695
253.37818963,-64.78804179,-108.60389264
253.34684567,-64.88347479,-108.58641934
253.31542817,-64.97891301,-108.56783724
253.28394079,-65.07435707,-108.54816803
253.25239566,-65.16981035,-108.52743694
253.22081155,-65.26527843,-108.50567113
253.18921165,-65.36076827,-108.48289999
253.15762054,-65.45628723,-108.45915567
253.12606074,-65.55184190,-108.43447259
253.09454835,-65.64743662,-108.40888806
253.06308812,-65.74307189,-108.38244048
253.03166791,-65.83874246,-108.35517143
253.00025198,-65.93443522,-108.32712471
252.96886042,-66.03015560,-108.29834500
252.93749409,-66.12590262,-108.26887960
252.90615388,-66.22167519,-108.23877823
252.87484062,-66.31747221,-108.20809283
252.84355513,-66.41329250,-108.17687613
252.81229823,-66.50913483,-108.14518271
252.78107064,-66.60499794,-108.11306901
252.74987311,-66.70088052,-108.08059202
252.71870644,-66.79678128,-108.04780972
252.68757121,-66.89269882,-108.01478062
252.65646816,-66.98863178,-107.98156420
252.62539787,-67.08457875,-107.94821990
252.59436098,-67.18053833,-107.91480783
252.56335795,-67.27650905,-107.88138847
252.53238922,-67.37248944,-107.84802166
252.50145518,-67.46847802,-107.81476734
252.47055609,-67.56447327,-107.78168483
252.43969222,-67.66047369,-107.74883302
252.40886373,-67.75647775,-107.71627144
252.37807069,-67.85248390,-107.68405852
252.34731313,-67.94849058,-107.65225213
252.31659107,-68.04449625,-107.62090969
252.28590441,-68.14049933,-107.59008810
252.25525299,-68.23649829,-107.55984394
252.22463663,-68.33249157,-107.53023185
252.19405507,-68.42847763,-107.50130485
252.16350799,-68.52445498,-107.47311446
252.13297710,-68.62041653,-107.44571146
252.10249680,-68.71637169,-107.41914518
252.07207885,-68.81232283,-107.39346203
252.04171884,-68.90826732,-107.36870584
252.01140165,-69.00419927,-107.34492016
251.98110627,-69.10011099,-107.32214575
251.95080996,-69.19599439,-107.30042035
251.92049166,-69.29184193,-107.27978009
251.89013475,-69.38764755,-107.26025770
251.85972932,-69.48340736,-107.24188267
251.82927370,-69.57912008,-107.22468320
251.79882096,-69.67480157,-107.20868394
251.76839002,-69.77045706,-107.19390611
251.73799827,-69.86609134,-107.18036810
251.70766154,-69.96170879,-107.16808612
251.67737206,-70.05730659,-107.15707356
251.64715957,-70.15289353,-107.14734007
251.61708670,-70.24848860,-107.13889339
251.58720387,-70.34410711,-107.13173838
251.55745664,-70.43973213,-107.12587674
251.52780973,-70.53535274,-107.12130890
251.49829865,-70.63097989,-107.11803191
251.46888737,-70.72660258,-107.11603991
251.43949338,-70.82219558,-107.11532567
251.41006721,-70.91774392,-107.11587817
251.38060593,-71.01324705,-107.11768441
251.35116618,-71.10872285,-107.12072797
251.32181859,-71.20419359,-107.12499005
251.29259151,-71.29966862,-107.13044998
251.26344179,-71.39513533,-107.13708283
251.23439338,-71.49060188,-107.14486181
251.20549339,-71.58608362,-107.15375785
251.17668267,-71.68156326,-107.16373889
251.14789127,-71.77702023,-107.17477128
251.11909692,-71.87244870,-107.18681801
251.09029768,-71.96784916,-107.19983966
251.06147374,-72.06321664,-107.21379514
251.03260424,-72.15854587,-107.22864114
251.00366729,-72.25383132,-107.24433228
250.97460767,-72.34905702,-107.26082027
250.94542580,-72.44422441,-107.27805639
250.91613058,-72.53933758,-107.29599081
250.88673732,-72.63440265,-107.31457134
250.85726562,-72.72942714,-107.33374497
250.82773649,-72.82441901,-107.35345725
250.79816893,-72.91938566,-107.37365287
250.76857577,-73.01433262,-107.39427597
250.73895916,-73.10926209,-107.41526977
250.70930518,-73.20417129,-107.43657683
250.67957794,-73.29905057,-107.45813877
250.64979481,-73.39390690,-107.47989819
250.61995517,-73.48874164,-107.50179695
250.59005839,-73.58355613,-107.52377669
250.56010413,-73.67835183,-107.54578046
250.53009213,-73.77313018,-107.56775088
250.50002233,-73.86789268,-107.58963134
250.46989479,-73.96264083,-107.61136564
250.43970976,-74.05737620,-107.63289921
250.40946759,-74.15210033,-107.65417845
250.37915001,-74.24680879,-107.67515056
250.34879326,-74.34151455,-107.69576429
250.31841161,-74.43622353,-107.71596956
250.28800299,-74.53093636,-107.73571917
250.25755442,-74.62565014,-107.75496740
250.22704637,-74.72035979,-107.77366948
250.19645693,-74.81505937,-107.79178324
250.16576512,-74.90974322,-107.80926851
250.13495380,-75.00440680,-107.82608775
250.10401201,-75.09904751,-107.84220604
250.07293686,-75.19366530,-107.85758989
250.04178238,-75.28827830,-107.87220738
250.01056886,-75.38289382,-107.88603030
249.97931560,-75.47751880,-107.89903315
249.94804104,-75.57215987,-107.91119146
249.91674770,-75.66681842,-107.92248444
249.88545173,-75.76150021,-107.93289449
249.85422330,-75.85622848,-107.94240518
249.82310173,-75.95101640,-107.95100245
249.79209863,-76.04586809,-107.95867654
249.76120164,-76.14077982,-107.96541850
249.73034809,-76.23573145,-107.97122141
249.69951913,-76.33071698,-107.97608218
249.66869041,-76.42572857,-107.98000009
249.63783475,-76.52075734,-107.98297695
249.60692497,-76.61579435,-107.98501717
249.57597441,-76.71084371,-107.98612822
249.54503889,-76.80592323,-107.98631977
249.51411037,-76.90102996,-107.98560410
249.48322436,-76.99617499,-107.98399743
249.45238151,-77.09135803,-107.98151768
249.42154843,-77.18656766,-107.97818452
249.39073573,-77.28180669,-107.97402112
249.35988287,-77.37705482,-107.96905259
249.32899957,-77.47231447,-107.96330544
249.29811467,-77.56759419,-107.95680806
249.26725592,-77.66290209,-107.94959073
249.23644717,-77.75824501,-107.94168550
249.20570597,-77.85362765,-107.93312613
249.17509216,-77.94906842,-107.92394779
249.14461375,-78.04456885,-107.91418684
249.11425494,-78.14012273,-107.90388015
249.08397317,-78.23571516,-107.89306727
249.05369715,-78.33132194,-107.88178888
249.02343158,-78.42694345,-107.87008572
248.99316817,-78.52257585,-107.85800072
248.96289125,-78.61821288,-107.84557812
248.93256539,-78.71384197,-107.83286196
248.90220988,-78.80946808,-107.81989752
248.87178987,-78.90507880,-107.80673212
248.84131193,-79.00067499,-107.79341281
248.81077866,-79.09625623,-107.77998678
248.78019075,-79.19182147,-107.76650287
248.74954838,-79.28736949,-107.75301065
248.71885161,-79.38289903,-107.73955942
248.68810012,-79.47840867,-107.72619953
248.65729173,-79.57389641,-107.71298142
248.62642043,-79.66935898,-107.69995406
248.59552216,-79.76480658,-107.68716809
248.56457867,-79.86023203,-107.67467373
248.53362616,-79.95564557,-107.66251937
248.50268120,-80.05105117,-107.65075327
248.47175301,-80.14645045,-107.63942283
248.44083759,-80.24184091,-107.62857432
248.41000770,-80.33724434,-107.61825279
248.37930695,-80.43267335,-107.60850157
248.34875198,-80.52813199,-107.59936249
248.31833527,-80.62361672,-107.59087579
248.28799722,-80.71910756,-107.58308035
248.25772067,-80.81459799,-107.57601362
248.22748197,-80.91007953,-107.56971128
248.19725362,-81.00554250,-107.56420694
248.16700698,-81.10097695,-107.55953254
248.13673257,-81.19637905,-107.55571740
248.10647004,-81.29176063,-107.55278901
248.07626728,-81.38713612,-107.55077326
248.04614068,-81.48251007,-107.54969301
248.01607441,-81.57787690,-107.54956835
247.98602014,-81.67322081,-107.55041651
247.95594025,-81.76852948,-107.55225384
247.92581849,-81.86379741,-107.55509224
247.89568384,-81.95903351,-107.55894060
247.86556536,-82.05424678,-107.56380618
247.83548919,-82.14944543,-107.56969200
247.80547564,-82.24463587,-107.57659912
247.77559152,-82.33983935,-107.58452551
247.74585053,-82.43506041,-107.59346565
247.71624084,-82.53029558,-107.60341139
247.68672132,-82.62553220,-107.61435079
247.65721791,-82.72074725,-107.62627029
247.62771095,-82.81593499,-107.63915352
247.59819835,-82.91109531,-107.65298045
247.56866024,-83.00622251,-107.66772928
247.53907561,-83.10131058,-107.68337533
247.50942239,-83.19635322,-107.69989166
247.47964275,-83.29133266,-107.71724873
247.44973889,-83.38625044,-107.73541419
247.41972141,-83.48111081,-107.75435431
247.38960757,-83.57592023,-107.77403284
247.35941860,-83.67068649,-107.79441104
247.32917690,-83.76541782,-107.81544946
247.29890235,-83.86012171,-107.83710601
247.26860792,-83.95480351,-107.85933600
247.23829509,-84.04946493,-107.88209391
247.20794800,-84.14410215,-107.90533302
247.17752750,-84.23870392,-107.92900492
247.14705195,-84.33327747,-107.95305873
247.11651981,-84.42782367,-107.97744337
247.08592984,-84.52234351,-108.00210649
247.05528078,-84.61683804,-108.02699393
247.02457155,-84.71130836,-108.05205152
246.99380119,-84.80575565,-108.07722331
246.96296880,-84.90018111,-108.10245301
246.93207369,-84.99458606,-108.12768350
246.90111519,-85.08897180,-108.15285739
246.87009284,-85.18333976,-108.17791719
246.83900635,-85.27769139,-108.20280298
246.80785533,-85.37202817,-108.22745620
246.77663987,-85.46635168,-108.25181863
246.74534030,-85.56065700,-108.27583041
246.71399432,-85.65495824,-108.29943219
246.68261575,-85.74926157,-108.32256527
246.65120106,-85.84356744,-108.34517170
246.61973525,-85.93787244,-108.36719246
246.58819683,-86.03217096,-108.38856960
246.55656230,-86.12645672,-108.40924658
246.52480988,-86.22072395,-108.42916579
246.49292240,-86.31496842,-108.44827216
246.46089016,-86.40918835,-108.46651044
246.42871232,-86.50338491,-108.48382544
246.39644797,-86.59757918,-108.50016418
246.36412019,-86.69178031,-108.51547462
246.33175095,-86.78599708,-108.52970562
246.29936110,-86.88023787,-108.54280749
246.26695105,-86.97450417,-108.55473255
246.23456824,-87.06881324,-108.56543483
246.20225125,-87.16317934,-108.57487077
246.17001586,-87.25760899,-108.58299875
246.13787135,-87.35210646,-108.58977854
246.10582094,-87.44667390,-108.59517349
246.07386437,-87.54131219,-108.59914982
246.04193778,-87.63600074,-108.60167644
246.01004550,-87.73074179,-108.60272497
245.97819102,-87.82553719,-108.60226993
245.94637696,-87.92038842,-108.60028935
245.91465359,-88.01531286,-108.59676311
245.88304346,-88.11031848,-108.59167619
245.85155321,-88.20540778,-108.58501608
245.82018888,-88.30058294,-108.57677215
245.78894544,-88.39584232,-108.56693823
245.75779865,-88.49117772,-108.55551153
245.72668537,-88.58656774,-108.54249301
245.69561907,-88.68201671,-108.52788614
245.66458395,-88.77751900,-108.51169732
245.63356225,-88.87306828,-108.49393589
245.60253433,-88.96865753,-108.47461448
245.57144466,-89.06426779,-108.45374989
245.54029370,-89.15989867,-108.43136083
245.50909072,-89.25555264,-108.40746745
245.47785244,-89.35123457,-108.38209360
245.44660069,-89.44695099,-108.35526694
245.41535959,-89.54270908,-108.32701725
245.38415210,-89.63851555,-108.29737588
245.35299558,-89.73437515,-108.26637724
245.32189659,-89.83028897,-108.23405871
245.29084485,-89.92625245,-108.20045963
245.25980624,-90.02225306,-108.16562225
245.22880074,-90.11829619,-108.12959100
245.19783003,-90.21438109,-108.09241143
245.16689580,-90.31050695,-108.05413215
245.13599966,-90.40667293,-108.01480435
245.10514316,-90.50287807,-107.97447885
245.07432789,-90.59912144,-107.93320886
245.04355539,-90.69540201,-107.89104974
245.01282709,-90.79171874,-107.84805727
244.98214444,-90.88807050,-107.80428836
244.95150878,-90.98445615,-107.75980172
244.92092143,-91.08087447,-107.71465717
244.89038360,-91.17732422,-107.66891557
244.85989639,-91.27380409,-107.62263825
244.82946088,-91.37031271,-107.57588775
244.79907806,-91.46684871,-107.52872722
244.76874882,-91.56341064,-107.48122083
244.73847397,-91.65999702,-107.43343376
244.70825420,-91.75660631,-107.38543099
244.67809015,-91.85323692,-107.33727855
244.64798243,-91.94988728,-107.28904272
244.61793146,-92.04655573,-107.24079096
244.58793761,-92.14324058,-107.19259128
244.55800112,-92.23994010,-107.14450983
244.52812223,-92.33665254,-107.09661375
244.49830104,-92.43337614,-107.04897215
244.46853756,-92.53010909,-107.00165255
244.43883177,-92.62684957,-106.95472243
244.40918347,-92.72359571,-106.90824916
244.37959249,-92.82034565,-106.86229918
244.35005853,-92.91709753,-106.81693963
244.32058124,-93.01384946,-106.77223731
244.29116013,-93.11059952,-106.72825734
244.26179469,-93.20734584,-106.68506353
244.23248442,-93.30408655,-106.64271910
244.20322864,-93.40081975,-106.60128715
244.17402665,-93.49754359,-106.56082807
244.14487775,-93.59425623,-106.52140174
244.11578106,-93.69095583,-106.48306619
244.08673581,-93.78764062,-106.44587682
244.05774105,-93.88430883,-106.40988855
244.02877730,-93.98095335,-106.37515349
243.99987992,-94.07758309,-106.34172113
243.97105988,-94.17419989,-106.30963915
243.94231084,-94.27080062,-106.27895269
243.91361554,-94.36737905,-106.24970348
243.88495109,-94.46392742,-106.22193144
243.85629359,-94.56043774,-106.19567397
243.82762158,-94.65690286,-106.17096446
243.79891928,-94.75331734,-106.14783388
243.77017840,-94.84967797,-106.12631027
243.74139983,-94.94598431,-106.10641792
243.71264119,-95.04225246,-106.08817824
243.68392344,-95.13848785,-106.07161003
243.65526535,-95.23469535,-106.05672915
243.62666133,-95.33087290,-106.04354750
243.59816356,-95.42703507,-106.03207450
243.56980380,-95.52319066,-106.02231630
243.54158048,-95.61933897,-106.01427686
243.51349797,-95.71548113,-106.00795652
243.48557231,-95.81162169,-106.00335275
243.45780205,-95.90776028,-106.00046030
243.43014080,-96.00388374,-105.99927067
243.40259108,-96.09999306,-105.99977331
243.37514897,-96.19608744,-106.00195459
243.34780428,-96.29216441,-106.00579843
243.32059693,-96.38823594,-106.01128658
243.29351978,-96.48430061,-106.01839777
243.26654765,-96.58035188,-106.02710973
243.23967326,-96.67638841,-106.03739658
243.21288792,-96.77240855,-106.04923026
243.18615310,-96.86840213,-106.06258174
243.15941156,-96.96435364,-106.07741902
243.13266246,-97.06026380,-106.09370758
243.10588131,-97.15612658,-106.11141066
243.07904214,-97.25193552,-106.13049158
243.05208188,-97.34767337,-106.15091053
243.02499672,-97.44334014,-106.17262448
242.99779224,-97.53893855,-106.19559060
242.97048194,-97.63447370,-106.21976334
242.94308443,-97.72995222,-106.24509473
242.91562090,-97.82538153,-106.27153738
242.88811107,-97.92076868,-106.29904088
242.86056863,-98.01611904,-106.32755226
242.83299591,-98.11143470,-106.35701947
242.80537778,-98.20671270,-106.38738920
242.77767441,-98.30194291,-106.41860485
242.74990305,-98.39713184,-106.45060977
242.72206166,-98.49228038,-106.48334712
242.69414854,-98.58738957,-106.51675742
242.66616181,-98.68246041,-106.55078174
242.63809999,-98.77749403,-106.58536094
242.60996162,-98.87249155,-106.62043383
242.58174544,-98.96745421,-106.65593984
242.55345020,-99.06238320,-106.69181872
242.52507494,-99.15727983,-106.72800853
242.49661878,-99.25214544,-106.76444787
242.46808092,-99.34698137,-106.80107610
242.43946078,-99.44178904,-106.83783214
242.41075792,-99.53656989,-106.87465463
242.38197193,-99.63132535,-106.91148361
242.35310269,-99.72605695,-106.94825947
242.32415017,-99.82076621,-106.98492317
242.29511451,-99.91545469,-107.02141618
242.26599596,-100.01012397,-107.05767992
242.23679495,-100.10477564,-107.09365867
242.20751204,-100.19941131,-107.12929691
242.17814792,-100.29403260,-107.16454063
242.14870353,-100.38864116,-107.19933762
242.11917979,-100.48323859,-107.23363674
242.08957783,-100.57782650,-107.26738919
242.05989902,-100.67240656,-107.30054865
242.03014464,-100.76698034,-107.33306996
242.00031631,-100.86154946,-107.36490902
241.97041559,-100.95611548,-107.39602496
241.94044421,-101.05067996,-107.42637988
241.91040398,-101.14524443,-107.45593668
241.88029687,-101.23981038,-107.48466157
241.85012488,-101.33437930,-107.51252248
241.81987060,-101.42894638,-107.53949007
241.78957322,-101.52352481,-107.56553850
241.75924867,-101.61812032,-107.59064230
241.72889593,-101.71273315,-107.61477980
241.69850258,-101.80735989,-107.63793212
241.66804955,-101.90199489,-107.66008181
241.63751540,-101.99663166,-107.68121480
241.60687983,-102.09126400,-107.70132051
241.57612653,-102.18588689,-107.72038973
241.54524561,-102.28049732,-107.73841533
241.51423531,-102.37509480,-107.75539346
241.48315272,-102.46969753,-107.77132258
241.45201923,-102.56431238,-107.78620186
241.42085493,-102.65894572,-107.80003382
241.38967866,-102.75360353,-107.81282342
241.35848927,-102.84828528,-107.82457633
241.32731079,-102.94299852,-107.83530069
241.29621379,-103.03776578,-107.84500703
241.26523627,-103.13259902,-107.85370772
241.23438743,-103.22750090,-107.86141604
241.20365173,-103.32246602,-107.86814791
241.17296197,-103.41747226,-107.87392081
241.14229714,-103.51251236,-107.87875288
241.11163081,-103.60757726,-107.88266498
241.08093409,-103.70265703,-107.88567924
241.05017838,-103.79774180,-107.88781874
241.01938575,-103.89283800,-107.88910758
240.98861046,-103.98796240,-107.88957280
240.95786457,-104.08311810,-107.88924306
240.92714737,-104.17830410,-107.88814602
240.89644220,-104.27351414,-107.88631318
240.86571355,-104.36873588,-107.88377747
240.83498432,-104.46397578,-107.88057183
240.80425588,-104.55923332,-107.87673213
240.77352956,-104.65450791,-107.87229434
240.74280661,-104.74979895,-107.86729551
240.71208825,-104.84510576,-107.86177477
240.68137564,-104.94042763,-107.85577122
240.65066987,-105.03576383,-107.84932504
240.61997196,-105.13111355,-107.84247640
240.58928290,-105.22647598,-107.83526684
240.55860357,-105.32185026,-107.82773883
240.52793482,-105.41723551,-107.81993357
240.49727742,-105.51263081,-107.81189413
240.46663205,-105.60803522,-107.80366246
240.43599934,-105.70344778,-107.79528071
240.40537984,-105.79886752,-107.78679157
240.37477403,-105.89429344,-107.77823628
240.34418231,-105.98972453,-107.76965712
240.31360503,-106.08515978,-107.76109455
240.28304244,-106.18059816,-107.75258883
240.25249472,-106.27603863,-107.74418043
240.22196200,-106.37148016,-107.73590820
240.19144431,-106.46692173,-107.72781021
240.16094164,-106.56236229,-107.71992380
240.13045388,-106.65780082,-107.71228579
240.09998087,-106.75323629,-107.70493099
240.06952238,-106.84866770,-107.69789385
240.03907812,-106.94409403,-107.69120781
240.00864774,-107.03951428,-107.68490457
239.97823080,-107.13492746,-107.67901612
239.94782683,-107.23033260,-107.67357192
239.91743530,-107.32572873,-107.66860072
239.88705561,-107.42111492,-107.66412987
239.85668710,-107.51649023,-107.66018557
239.82632908,-107.61185379,-107.65679204
239.79598078,-107.70720472,-107.65397146
239.76564140,-107.80254219,-107.65174521
239.73531007,-107.89786540,-107.65013201
239.70498591,-107.99317361,-107.64914845
239.67466797,-108.08846610,-107.64881006
239.64435527,-108.18374219,-107.64912917
239.61404679,-108.27900128,-107.65011672
239.58372096,-108.37423624,-107.65178100
239.55341282,-108.46945807,-107.65412800
239.52313796,-108.56467161,-107.65716259
239.49289618,-108.65987673,-107.66088644
239.46267492,-108.75506944,-107.66529999
239.43241282,-108.85023020,-107.67040115
239.40211086,-108.94535944,-107.67618565
239.37179587,-109.04046589,-107.68264745
239.34149381,-109.13555805,-107.68977831
239.31122721,-109.23064343,-107.69756739
239.28101240,-109.32572761,-107.70600254
239.25090912,-109.42083004,-107.71507002
239.22092518,-109.51595370,-107.72475363
239.19104444,-109.61109397,-107.73503608
239.16122360,-109.70623760,-107.74589835
239.13139001,-109.80136201,-107.75731914
239.10154093,-109.89646694,-107.76927690
239.07166877,-109.99155061,-107.78174696
239.04175598,-110.08660811,-107.79470348
239.01178449,-110.18163439,-107.80811916
238.98173566,-110.27662424,-107.82196471
238.95155758,-110.37156171,-107.83620885
238.92125649,-110.46644965,-107.85081841
238.89084621,-110.56129340,-107.86576033
238.86034633,-110.65610020,-107.88099894
238.82977949,-110.75087832,-107.89649630
238.79916846,-110.84563612,-107.91221453
238.76853300,-110.94038105,-107.92811380
238.73788567,-111.03511827,-107.94415307
238.70722766,-111.12984931,-107.96029081
238.67652448,-111.22456415,-107.97648394
238.64577575,-111.31926396,-107.99268863
238.61501434,-111.41396059,-108.00885989
238.58423725,-111.50865431,-108.02495360
238.55343010,-111.60334169,-108.04092461
238.52257143,-111.69801696,-108.05672507
238.49163680,-111.79267342,-108.07230855
238.46060244,-111.88730455,-108.08762869
238.42944797,-111.98190494,-108.10263687
238.39815910,-112.07647118,-108.11728613
238.36672963,-112.17100249,-108.13152986
238.33521213,-112.26551725,-108.14532053
238.30362550,-112.36002289,-108.15861143
238.27198813,-112.45452673,-108.17135643
238.24031798,-112.54903589,-108.18351029
238.20862211,-112.64355394,-108.19502826
238.17690534,-112.73808369,-108.20586633
238.14524130,-112.83265061,-108.21598154
238.11367334,-112.92727019,-108.22533215
238.08221716,-113.02194878,-108.23387763
238.05086402,-113.11668463,-108.24157899
238.01955308,-113.21145875,-108.24839825
237.98824720,-113.30625992,-108.25429964
237.95695730,-113.40109270,-108.25924814
237.92567419,-113.49595497,-108.26321228
237.89437348,-113.59083954,-108.26616208
237.86304739,-113.68574459,-108.26806768
237.83171288,-113.78067641,-108.26890389
237.80035358,-113.87563028,-108.26864714
237.76899887,-113.97061651,-108.26727416
237.73766319,-114.06564041,-108.26476396
237.70633997,-114.16070030,-108.26109838
237.67507502,-114.25581171,-108.25626075
237.64393699,-114.35099764,-108.25023636
237.61294735,-114.44626546,-108.24301316
237.58210458,-114.54161485,-108.23458091
237.55137974,-114.63703639,-108.22493154
237.52071233,-114.73251018,-108.21405936
237.49007358,-114.82802675,-108.20196118
237.45947187,-114.92358880,-108.18863617
237.42889256,-115.01919140,-108.17408456
237.39831956,-115.11482911,-108.15831069
237.36773524,-115.21049592,-108.14132023
237.33708847,-115.30617488,-108.12312163
237.30638187,-115.40186656,-108.10372566
237.27562621,-115.49757409,-108.08314506
237.24483847,-115.59330259,-108.06139614
237.21404006,-115.68905856,-108.03849608
237.18325400,-115.78484893,-108.01446580
237.15250148,-115.88067996,-107.98932850
237.12179800,-115.97655597,-107.96310861
237.09114868,-116.07247782,-107.93583384
237.06054267,-116.16844110,-107.90753391
237.02994712,-116.26443422,-107.87824097
236.99938101,-116.36046240,-107.84798848
236.96884577,-116.45652510,-107.81681275
236.93834258,-116.55262166,-107.78475136
236.90787288,-116.64875147,-107.75184206
236.87743797,-116.74491385,-107.71812536
236.84703918,-116.84110810,-107.68364182
236.81667781,-116.93733350,-107.64843251
236.78635518,-117.03358931,-107.61253963
236.75607254,-117.12987476,-107.57600597
236.72583115,-117.22618906,-107.53887444
236.69563211,-117.32253138,-107.50118868
236.66547665,-117.41890088,-107.46299364
236.63536572,-117.51529667,-107.42433287
236.60530043,-117.61171787,-107.38525150
236.57528167,-117.70816351,-107.34579522
236.54531042,-117.80463269,-107.30600904
236.51538753,-117.90112441,-107.26593908
236.48551379,-117.99763769,-107.22563052
236.45569002,-118.09417156,-107.18512929
236.42591693,-118.19072499,-107.14448112
236.39619519,-118.28729696,-107.10373045
236.36652544,-118.38388648,-107.06292195
236.33690824,-118.48049252,-107.02210021
236.30734417,-118.57711408,-106.98130837
236.27783374,-118.67375016,-106.94058840
236.24837748,-118.77039977,-106.89998274
236.21897586,-118.86706193,-106.85953317
236.18962924,-118.96373566,-106.81927886
236.16033809,-119.06042004,-106.77925948
236.13110274,-119.15711412,-106.73951343
236.10192347,-119.25381701,-106.70007613
236.07280059,-119.35052785,-106.66098219
236.04373430,-119.44724580,-106.62226503
236.01472475,-119.54397004,-106.58395430
235.98577213,-119.64069982,-106.54607912
235.95687648,-119.73743438,-106.50866784
235.92803780,-119.83417300,-106.47174658
235.89925596,-119.93091495,-106.43533877
235.87053093,-120.02765959,-106.39946687
235.84186239,-120.12440622,-106.36415309
235.81325006,-120.22115419,-106.32941621
235.78469364,-120.31790290,-106.29527409
235.75619268,-120.41465173,-106.26174381
235.72774676,-120.51140010,-106.22884022
235.69935545,-120.60814747,-106.19657806
235.67101809,-120.70489325,-106.16497017
235.64273421,-120.80163697,-106.13402816
235.61450306,-120.89837808,-106.10376221
235.58632413,-120.99511614,-106.07418158
235.55819658,-121.09185068,-106.04529501
235.53011966,-121.18858123,-106.01710824
235.50209264,-121.28530740,-105.98962737
235.47411470,-121.38202878,-105.96285732
235.44618496,-121.47874498,-105.93680207
235.41830258,-121.57545563,-105.91146550
235.39046652,-121.67216034,-105.88684886
235.36267590,-121.76885876,-105.86295440
235.33492964,-121.86555052,-105.83978350
235.30720710,-121.96222977,-105.81733673
235.27954388,-122.05890650,-105.79561501
235.25195310,-122.15558435,-105.77461698
235.22443107,-122.25226223,-105.75434214
235.19696234,-122.34893579,-105.73479052
235.16952440,-122.44559870,-105.71596167
235.14209169,-122.54224376,-105.69785536
235.11463906,-122.63886392,-105.68047100
235.08714485,-122.73545312,-105.66380822
235.05959319,-122.83200691,-105.64786767
235.03197609,-122.92852307,-105.63265057
235.00434462,-123.02501594,-105.61815807
234.97671529,-123.12149009,-105.60439107
234.94910377,-123.21794982,-105.59135126
234.92152490,-123.31439919,-105.57904252
234.89397919,-123.41083821,-105.56746800
234.86647549,-123.50726921,-105.55663137
234.83908312,-123.60371125,-105.54653788
234.81184049,-123.70017479,-105.53719227
234.78475796,-123.79666247,-105.52860200
234.75782174,-123.89317020,-105.52077419
234.73096542,-123.98967928,-105.51371719
234.70416790,-124.08618357,-105.50744031
234.67740223,-124.18267528,-105.50195343
234.65063826,-124.27914573,-105.49726849
234.62384556,-124.37558615,-105.49339693
234.59700956,-124.47199216,-105.49035116
234.57022241,-124.56838896,-105.48814508
234.54351170,-124.66478381,-105.48679328
234.51687713,-124.76117620,-105.48631060
234.49028992,-124.85755773,-105.48671293
234.46366251,-124.95390368,-105.48801704
234.43698991,-125.05021219,-105.49023936
234.41030037,-125.14649061,-105.49339815
234.38362278,-125.24274649,-105.49751104
234.35698372,-125.33898672,-105.50259614
234.33040472,-125.43521679,-105.50867152
234.30395273,-125.53145482,-105.51575499
234.27764460,-125.62770503,-105.52386534
234.25147329,-125.72396505,-105.53302027
234.22540350,-125.82022468,-105.54323713
234.19936795,-125.91646486,-105.55453168
234.17333896,-126.01267752,-105.56692035
234.14731999,-126.10886326,-105.58041894
234.12129299,-126.20501671,-105.59504030
234.09523852,-126.30113212,-105.61079720
234.06913574,-126.39720335,-105.62770178
234.04292896,-126.49321446,-105.64576446
234.01661936,-126.58916549,-105.66499491
233.99021602,-126.68505872,-105.68540191
233.96373440,-126.78089825,-105.70699236
233.93719384,-126.87668932,-105.72977140
233.91061495,-126.97243757,-105.75374449
233.88401603,-127.06814806,-105.77891461
233.85740903,-127.16382411,-105.80528232
233.83079476,-127.25946596,-105.83284745
233.80415744,-127.35506922,-105.86160818
233.77745846,-127.45062314,-105.89156016
233.75071394,-127.54613238,-105.92269669
233.72392104,-127.64159636,-105.95500949
233.69707702,-127.73701454,-105.98848775
233.67017899,-127.83238644,-106.02311793
233.64322415,-127.92771163,-106.05888431
233.61620965,-128.02298974,-106.09576927
233.58913263,-128.11822045,-106.13375310
233.56199027,-128.21340349,-106.17281291
233.53477978,-128.30853869,-106.21292370
233.50749840,-128.40362593,-106.25405837
233.48014338,-128.49866514,-106.29618639
233.45271199,-128.59365636,-106.33927536
233.42520165,-128.68859971,-106.38329049
233.39760972,-128.78349534,-106.42819376
233.36993370,-128.87834353,-106.47394462
233.34217111,-128.97314459,-106.52050098
233.31431959,-129.06789894,-106.56781891
233.28637694,-129.16260709,-106.61585137
233.25834093,-129.25726958,-106.66454958
233.23020953,-129.35188708,-106.71386284
233.20198078,-129.44646031,-106.76373828
233.17365279,-129.54099006,-106.81412228
233.14522391,-129.63547722,-106.86495866
233.11669242,-129.72992271,-106.91618961
233.08805687,-129.82432756,-106.96775609
233.05931580,-129.91869284,-107.01959771
233.03046799,-130.01301971,-107.07165392
233.00151231,-130.10730938,-107.12386128
232.97244776,-130.20156317,-107.17615551
232.94327351,-130.29578242,-107.22847205
232.91398883,-130.38996857,-107.28074527
232.88459320,-130.48412312,-107.33290919
232.85508628,-130.57824763,-107.38489620
232.82546774,-130.67234370,-107.43663989
232.79573768,-130.76641303,-107.48807339
232.76589613,-130.86045732,-107.53912938
232.73594348,-130.95447837,-107.58974194
232.70588026,-131.04847802,-107.63984518
232.67570716,-131.14245813,-107.68937372
232.64542507,-131.23642061,-107.73826316
232.61503503,-131.33036741,-107.78645101
232.58453837,-131.42430051,-107.83387539
232.55393651,-131.51822189,-107.88047571
232.52323095,-131.61213353,-107.92619523
232.49242361,-131.70603745,-107.97097765
232.46151631,-131.79993565,-108.01476879
232.43051119,-131.89383012,-108.05751796
232.39941046,-131.98772284,-108.09917618
232.36821649,-132.08161580,-108.13969694
232.33693177,-132.17551092,-108.17903625
232.30555891,-132.26941014,-108.21715384
232.27410067,-132.36331536,-108.25401123
232.24255987,-132.45722842,-108.28957223
232.21093934,-132.55115111,-108.32380541
232.17922455,-132.64507932,-108.35668141
232.14745286,-132.73902625,-108.38817319
232.11563920,-132.83299750,-108.41825777
232.08378240,-132.92699322,-108.44691479
232.05187096,-133.02101005,-108.47412744
232.01988794,-133.11504267,-108.49988147
231.98781509,-133.20908525,-108.52416556
231.95563626,-133.30313258,-108.54697090
231.92333993,-133.39718091,-108.56829095
231.89092141,-133.49122872,-108.58812373
231.85838437,-133.58527725,-108.60646892
231.82578617,-133.67934563,-108.62332742
231.79314987,-133.77344154,-108.63870479
231.76049675,-133.86757197,-108.65260844
231.72784624,-133.96174329,-108.66504813
231.69519048,-134.05595253,-108.67603732
231.66257184,-134.15021366,-108.68559110
231.63005389,-134.24454781,-108.69372645
231.59766744,-134.33896491,-108.70046351
231.56543522,-134.43347211,-108.70582546
231.53323974,-134.52802897,-108.70983598
231.50113382,-134.62265268,-108.71252070
231.46909590,-134.71733517,-108.71390870
231.43708784,-134.81206267,-108.71403052
231.40502391,-134.90680528,-108.71291763
231.37286946,-135.00155033,-108.71060333
231.34069468,-135.09632061,-108.70712268
231.30857173,-135.19113953,-108.70251151
231.27653698,-135.28601838,-108.69680711
231.24460870,-135.38096222,-108.69004756
231.21273134,-135.47595110,-108.68227125
231.18101757,-135.57102202,-108.67351835
231.14943681,-135.66616344,-108.66383076
231.11795101,-135.76136126,-108.65324969
231.08649096,-135.85659087,-108.64181593
231.05504739,-135.95184791,-108.62957243
231.02361855,-136.04713060,-108.61656259
230.99218868,-136.14243242,-108.60282918
230.96074105,-136.23774656,-108.58841568
230.92925821,-136.33306597,-108.57336446
230.89768877,-136.42837232,-108.55771796
230.86603903,-136.52366660,-108.54151928
230.83432344,-136.61895257,-108.52480974
230.80256259,-136.71423604,-108.50763054
230.77078078,-136.80952407,-108.49002250
230.73900310,-136.90482400,-108.47202564
230.70725181,-137.00014223,-108.45367950
230.67554247,-137.09548291,-108.43502265
230.64387915,-137.19084637,-108.41609188
230.61224946,-137.28622747,-108.39692298
230.58061855,-137.38161361,-108.37755172
230.54900658,-137.47701062,-108.35801116
230.51741458,-137.57241798,-108.33833246
230.48584365,-137.66783523,-108.31854690
230.45429472,-137.76326187,-108.29868333
230.42276879,-137.85869752,-108.27876884
230.39126669,-137.95414174,-108.25882923
230.35978937,-138.04959418,-108.23888821
230.32833755,-138.14505449,-108.21896728
230.29691209,-138.24052239,-108.19908772
230.26551367,-138.33599757,-108.17926885
230.23414289,-138.43147979,-108.15952642
230.20280042,-138.52696885,-108.13987536
230.17148685,-138.62246456,-108.12032931
230.14020256,-138.71796673,-108.10089975
230.10894814,-138.81347527,-108.08159705
230.07772391,-138.90899003,-108.06242933
230.04653023,-139.00451093,-108.04340394
230.01536739,-139.10003788,-108.02452734
229.98423568,-139.19557085,-108.00580386
229.95313518,-139.29110973,-107.98723756
229.92206601,-139.38665451,-107.96883054
229.89102826,-139.48220514,-107.95058410
229.86002191,-139.57776160,-107.93249943
229.82904683,-139.67332382,-107.91457571
229.79810300,-139.76889181,-107.89681288
229.76719014,-139.86446548,-107.87921080
229.73630812,-139.96004479,-107.86176759
229.70545660,-140.05562966,-107.84448250
229.67463533,-140.15122001,-107.82735491
229.64384390,-140.24681571,-107.81038454
229.61308192,-140.34241664,-107.79357068
229.58234904,-140.43802265,-107.77691350
229.55164484,-140.53363360,-107.76041394
229.52096885,-140.62924931,-107.74407211
229.49032072,-140.72486961,-107.72788969
229.45969997,-140.82049429,-107.71186873
229.42910624,-140.91612317,-107.69601066
229.39853911,-141.01175603,-107.68031865
229.36799824,-141.10739266,-107.66479641
229.33748319,-141.20303282,-107.64944713
229.30699356,-141.29867629,-107.63427394
229.27652906,-141.39432284,-107.61928103
229.24606951,-141.48996598,-107.60447302
229.21565071,-141.58561692,-107.58985402
229.18528731,-141.68128014,-107.57542790
229.15497769,-141.77695497,-107.56119942
229.12470853,-141.87263706,-107.54717384
229.09445895,-141.96831969,-107.53335569
229.06420418,-142.06399490,-107.51975035
229.03391882,-142.15965457,-107.50636312
229.00357992,-142.25529133,-107.49319807
228.97316943,-142.35089939,-107.48026051
228.94267630,-142.44647520,-107.46755610
228.91214837,-142.54203376,-107.45508907
228.88160057,-142.63757966,-107.44286336
228.85104758,-142.73311741,-107.43088403
228.82050377,-142.82865139,-107.41915621
228.78997794,-142.92418422,-107.40768481
228.75946105,-143.01971295,-107.39647579
228.72902465,-143.11525975,-107.38553410
228.69871238,-143.21083806,-107.37486483
228.66854177,-143.30645315,-107.36447461
228.63850682,-143.40210292,-107.35436999
228.60854881,-143.49776885,-107.34455698
228.57865205,-143.59344579,-107.33504111
228.54879441,-143.68912665,-107.32582926
228.51894971,-143.78480304,-107.31692799
228.48909050,-143.88046623,-107.30834316
228.45920439,-143.97611218,-107.30008114
228.42935467,-144.07176051,-107.29214622
228.39955279,-144.16741465,-107.28454366
228.36979808,-144.26307425,-107.27727891
228.34007387,-144.35873400,-107.27035554
228.31034321,-144.45438228,-107.26377699
228.28062594,-144.55002519,-107.25754607
228.25092151,-144.64566247,-107.25166611
228.22122932,-144.74129391,-107.24613905
228.19154882,-144.83691927,-107.24096626
228.16187941,-144.93253834,-107.23614880
228.13222050,-145.02815093,-107.23168603
228.10257149,-145.12375686,-107.22757846
228.07293178,-145.21935597,-107.22382589
228.04330078,-145.31494810,-107.22042611
228.01367787,-145.41053313,-107.21737714
227.98406245,-145.50611094,-107.21467618
227.95445393,-145.60168143,-107.21231969
227.92485168,-145.69724455,-107.21030356
227.89525511,-145.79280025,-107.20862263
227.86566361,-145.88834849,-107.20727082
227.83607660,-145.98388926,-107.20624165
227.80649348,-146.07942259,-107.20552752
227.77691368,-146.17494852,-107.20512078
227.74733661,-146.27046713,-107.20501298
227.71776171,-146.36597850,-107.20519288
227.68818842,-146.46148278,-107.20564920
227.65861620,-146.55698011,-107.20637087
227.62904451,-146.65247071,-107.20734454
227.59947283,-146.74795479,-107.20855575
227.56990068,-146.84343259,-107.20998990
227.54032757,-146.93890440,-107.21163163
227.51075304,-147.03437052,-107.21346456
227.48117665,-147.12983129,-107.21547163
227.45159800,-147.22528706,-107.21763539
227.42201669,-147.32073821,-107.21993691
227.39243237,-147.41618516,-107.22235771
227.36284469,-147.51162833,-107.22487882
227.33325336,-147.60706820,-107.22747879
227.30365810,-147.70250522,-107.23013732
227.27405866,-147.79793990,-107.23283450
227.24445485,-147.89337273,-107.23554912
227.21484648,-147.98880424,-107.23826104
227.18523343,-148.08423493,-107.24094919
227.15561559,-148.17966534,-107.24359324
227.12599290,-148.27509598,-107.24617404
227.09636532,-148.37052739,-107.24867181
227.06673287,-148.46596009,-107.25106771
227.03709558,-148.56139459,-107.25334262
227.00745354,-148.65683140,-107.25547938
226.97780686,-148.75227103,-107.25746191
226.94815567,-148.84771396,-107.25927268
226.91850017,-148.94316067,-107.26089656
226.88884056,-149.03861163,-107.26231954
226.85917709,-149.13406728,-107.26352731
226.82951001,-149.22952806,-107.26450747
226.79983964,-149.32499437,-107.26524849
226.77016630,-149.42046660,-107.26574016
226.74049034,-149.51594512,-107.26597293
226.71081212,-149.61143029,-107.26593757
226.68113205,-149.70692246,-107.26562658
226.65145052,-149.80242194,-107.26503206
226.62176797,-149.89792906,-107.26414728
226.59208484,-149.99344413,-107.26296657
226.56240157,-150.08896744,-107.26148349
226.53271865,-150.18449927,-107.25969371
226.50303656,-150.28003988,-107.25759262
226.47335578,-150.37558955,-107.25517626
226.44367682,-150.47114852,-107.25244144
226.41400019,-150.56671702,-107.24938485
226.38432643,-150.66229527,-107.24600491
226.35465604,-150.75788349,-107.24229952
226.32498958,-150.85348188,-107.23826769
226.29532758,-150.94909059,-107.23390863
226.26567061,-151.04470980,-107.22922270
226.23601921,-151.14033965,-107.22421242
226.20637394,-151.23598023,-107.21887906
226.17673536,-151.33163166,-107.21322513
226.14710404,-151.42729398,-107.20725475
226.11748055,-151.52296727,-107.20097289
226.08786543,-151.61865154,-107.19438460
226.05825924,-151.71434680,-107.18749506
226.02866254,-151.81005303,-107.18031196
225.99907588,-151.90577018,-107.17284258
225.96949979,-152.00149819,-107.16509524
225.93993481,-152.09723695,-107.15708059
225.91038145,-152.19298634,-107.14880839
225.88084024,-152.28874621,-107.14028966
225.85131166,-152.38451639,-107.13153628
225.82179619,-152.48029668,-107.12256060
225.79229430,-152.57608688,-107.11337559
225.76280643,-152.67188676,-107.10399403
225.73333300,-152.76769607,-107.09443007
225.70387441,-152.86351456,-107.08469722
225.67443105,-152.95934197,-107.07480861
225.64500326,-153.05517803,-107.06477939
225.61559139,-153.15102243,-107.05462294
225.58619575,-153.24687490,-107.04435354
225.55681662,-153.34273513,-107.03398546
225.52745427,-153.43860281,-107.02353254
225.49810893,-153.53447762,-107.01300967
225.46878083,-153.63035924,-107.00242984
225.43947016,-153.72624733,-106.99180837
225.41017708,-153.82214155,-106.98116019
225.38090174,-153.91804155,-106.97049846
225.35164426,-154.01394695,-106.95983838
225.32240474,-154.10985738,-106.94919452
225.29318326,-154.20577245,-106.93858191
225.26397986,-154.30169178,-106.92801605
225.23479457,-154.39761495,-106.91751134
225.20562740,-154.49354153,-106.90708340
225.17647830,-154.58947111,-106.89674700
225.14734725,-154.68540325,-106.88651821
225.11823415,-154.78133750,-106.87641268
225.08913891,-154.87727338,-106.86644493
225.06006141,-154.97321044,-106.85663170
225.03100150,-155.06914818,-106.84698951
225.00195898,-155.16508611,-106.83753357
224.97293367,-155.26102372,-106.82828064
224.94392533,-155.35696050,-106.81924686
224.91493370,-155.45289592,-106.81044823
224.88595850,-155.54882946,-106.80190148
224.85699940,-155.64476056,-106.79362262
224.82805608,-155.74068868,-106.78562842
224.79912817,-155.83661324,-106.77793510
224.77021526,-155.93253368,-106.77055952
224.74131695,-156.02844942,-106.76351891
224.71243278,-156.12435984,-106.75682936
224.68356227,-156.22026435,-106.75050878
224.65470493,-156.31616231,-106.74457425
224.62586022,-156.41205309,-106.73904288
224.59702759,-156.50793602,-106.73393372
224.56820644,-156.60381045,-106.72926412
224.53939617,-156.69967568,-106.72505242
224.51059612,-156.79553102,-106.72131752
224.48180563,-156.89137576,-106.71807736
224.45302400,-156.98720917,-106.71535094
224.42425047,-157.08303052,-106.71315820
224.39548431,-157.17883903,-106.71151822
224.36672471,-157.27463393,-106.71045018
224.33797085,-157.37041441,-106.70997513
224.30920007,-157.46617310,-106.71011463
224.28044918,-157.56192048,-106.71088916
224.25173548,-157.65766117,-106.71231979
224.22306006,-157.75339492,-106.71442833
224.19441110,-157.84911760,-106.71723553
224.16573308,-157.94481194,-106.72076309
224.13700716,-158.04047166,-106.72503290
224.10826253,-158.13610496,-106.73006575
224.07952867,-158.23172012,-106.73588338
224.05083224,-158.32732459,-106.74250767
224.02219433,-158.42292419,-106.74996047
223.99368298,-158.51853881,-106.75826246
223.96531330,-158.61417250,-106.76743353
223.93707572,-158.70982188,-106.77749397
223.90893170,-158.80547490,-106.78846419
223.88081018,-158.90110971,-106.80036399
223.85269062,-158.99671964,-106.81321073
223.82457406,-159.09230453,-106.82702321
223.79644277,-159.18785857,-106.84181935
223.76827771,-159.28337558,-106.85761545
223.74005871,-159.37884898,-106.87442903
223.71172965,-159.47426123,-106.89227507
223.68329413,-159.56961297,-106.91116865
223.65476387,-159.66490735,-106.93112427
223.62615673,-159.76014937,-106.95215549
223.59749432,-159.85534522,-106.97427655
223.56879915,-159.95050139,-106.99749902
223.54009074,-160.04562351,-107.02183500
223.51138192,-160.14071518,-107.04729547
223.48267355,-160.23577641,-107.07389010
223.45394941,-160.33080202,-107.10162902
223.42516975,-160.42577965,-107.13051982
223.39635217,-160.52071444,-107.16056947
223.36749440,-160.61560554,-107.19178398
223.33859407,-160.71045208,-107.22416724
223.30964873,-160.80525318,-107.25772338
223.28065603,-160.90000806,-107.29245381
223.25161332,-160.99471586,-107.32835813
223.22251822,-161.08937586,-107.36543500
223.19336799,-161.18398727,-107.40368098
223.16416013,-161.27854940,-107.44309074
223.13489190,-161.37306157,-107.48365668
223.10556068,-161.46752313,-107.52536980
223.07616376,-161.56193351,-107.56821887
223.04669840,-161.65629215,-107.61218956
223.01716183,-161.75059854,-107.65726677
222.98755147,-161.84485229,-107.70343207
222.95786452,-161.93905298,-107.75066477
222.92809840,-162.03320034,-107.79894226
222.89825037,-162.12729409,-107.84823872
222.86831789,-162.22133408,-107.89852680
222.83829830,-162.31532017,-107.94977689
222.80818915,-162.40925232,-108.00195705
222.77798795,-162.50313054,-108.05503236
222.74769229,-162.59695492,-108.10896689
222.71729977,-162.69072560,-108.16372337
222.68680827,-162.78444286,-108.21926134
222.65621546,-162.87810695,-108.27553809
222.62551931,-162.97171828,-108.33250897
222.59471768,-163.06527725,-108.39012757
222.56380869,-163.15878441,-108.44834626
222.53279036,-163.25224030,-108.50711553
222.50166101,-163.34564560,-108.56638393
222.47041891,-163.43900102,-108.62609778
222.43906240,-163.53230732,-108.68620336
222.40759002,-163.62556538,-108.74664546
222.37600048,-163.71877615,-108.80736578
222.34429235,-163.81194060,-108.86830477
222.31246455,-163.90505981,-108.92940276
222.28051591,-163.99813488,-108.99059917
222.24844560,-164.09116706,-109.05183114
222.21625265,-164.18415757,-109.11303575
222.18393645,-164.27710777,-109.17414934
222.15149638,-164.37001905,-109.23510552
222.11893194,-164.46289287,-109.29583930
222.08624287,-164.55573077,-109.35628492
222.05342902,-164.64853438,-109.41637384
222.02049024,-164.74130531,-109.47603910
221.98742667,-164.83404530,-109.53521401
221.95423858,-164.92675613,-109.59383069
221.92092636,-165.01943966,-109.65182042
221.88749050,-165.11209774,-109.70911603
221.85393180,-165.20473237,-109.76565099
221.82025105,-165.29734554,-109.82135693
221.78644922,-165.38993926,-109.87616784
221.75252748,-165.48251565,-109.93001854
221.71848716,-165.57507684,-109.98284330
221.68432960,-165.66762497,-110.03457837
221.65005643,-165.76016224,-110.08516140
221.61566941,-165.85269091,-110.13452953
221.58117040,-165.94521323,-110.18262185
221.54656132,-166.03773147,-110.22937959
221.51184441,-166.13024798,-110.27474422
221.47702188,-166.22276506,-110.31865840
221.44209608,-166.31528505,-110.36106728
221.40705039,-166.40780310,-110.40191821
221.37192571,-166.50033593,-110.44115879
221.33673663,-166.59289038,-110.47873891
221.30147985,-166.68546652,-110.51461157
221.26614076,-166.77806014,-110.54872979
221.23069945,-166.87066494,-110.58104893
221.19513558,-166.96327440,-110.61152697
221.15943241,-167.05588327,-110.64012312
221.12357965,-167.14848872,-110.66679894
221.08757585,-167.24109115,-110.69151853
221.05142980,-167.33369481,-110.71424867
221.01518780,-167.42631792,-110.73495666
220.97891456,-167.51898590,-110.75361418
220.94265692,-167.61171736,-110.77019546
220.90644455,-167.70452436,-110.78467501
220.87029166,-167.79741303,-110.79703203
220.83411344,-167.89035174,-110.80724811
220.79800617,-167.98337768,-110.81530687
220.76203502,-168.07651612,-110.82119455
220.72623473,-168.16978065,-110.82490074
220.69061304,-168.26317443,-110.82641783
220.65512266,-168.35667965,-110.82574029
220.61981474,-168.45031572,-110.82286717
220.58468856,-168.54408227,-110.81779849
220.54971732,-168.63796886,-110.81053767
220.51484524,-168.73195394,-110.80109239
220.47998459,-168.82600368,-110.78947055
220.44522934,-168.92015331,-110.77568364
220.41057511,-169.01440056,-110.75974642
220.37600022,-169.10873653,-110.74167529
220.34146489,-169.20314537,-110.72148919
220.30690961,-169.29760375,-110.69920922
220.27229884,-169.39209762,-110.67485971
220.23762921,-169.48662490,-110.64846602
220.20290731,-169.58118720,-110.62005620
220.16814797,-169.67578922,-110.58966062
220.13337255,-169.77043806,-110.55731024
220.09860584,-169.86514204,-110.52303963
220.06387253,-169.95990936,-110.48688463
220.02919233,-170.05474628,-110.44888172
219.99457454,-170.14965509,-110.40907003
219.96001109,-170.24463149,-110.36749086
219.92546888,-170.33966180,-110.32418709
219.89096851,-170.43475244,-110.27920208
219.85651288,-170.52990313,-110.23258060
219.82210459,-170.62511348,-110.18437031
219.78774638,-170.72038308,-110.13461959
219.75344082,-170.81571145,-110.08337759
219.71919048,-170.91109806,-110.03069452
219.68499779,-171.00654229,-109.97662233
219.65086524,-171.10204354,-109.92121431
219.61679516,-171.19760109,-109.86452557
219.58278986,-171.29321419,-109.80661133
219.54885153,-171.38888203,-109.74752751
219.51498241,-171.48460377,-109.68733209
219.48118457,-171.58037849,-109.62608433
219.44746004,-171.67620524,-109.56384379
219.41381079,-171.77208303,-109.50067064
219.38023871,-171.86801080,-109.43662624
219.34674560,-171.96398748,-109.37177222
219.31333325,-172.06001195,-109.30616978
219.28000329,-172.15608307,-109.23988168
219.24675729,-172.25219961,-109.17297061
219.21359680,-172.34836037,-109.10549933
219.18052325,-172.44456409,-109.03753137
219.14753796,-172.54080945,-108.96913015
219.11464213,-172.63709509,-108.90035928
219.08183686,-172.73341964,-108.83128265
219.04912323,-172.82978169,-108.76196393
219.01650213,-172.92617979,-108.69246602
218.98397439,-173.02261246,-108.62285256
218.95154075,-173.11907819,-108.55318688
218.91920183,-173.21557546,-108.48353169
218.88695815,-173.31210267,-108.41395014
218.85481013,-173.40865823,-108.34450553
218.82275809,-173.50524050,-108.27526097
218.79080222,-173.60184783,-108.20627860
218.75894261,-173.69847852,-108.13761965
218.72717927,-173.79513086,-108.06934591
218.69551210,-173.89180312,-108.00151923
218.66394093,-173.98849356,-107.93420053
218.63246552,-174.08520042,-107.86744961
218.60108545,-174.18192189,-107.80132672
218.56980030,-174.27865619,-107.73589107
218.53860956,-174.37540152,-107.67120129
218.50751256,-174.47215606,-107.60731560
218.47650864,-174.56891801,-107.54429080
218.44559702,-174.66568555,-107.48218251
218.41477694,-174.76245690,-107.42104555
218.38404746,-174.85923025,-107.36093382
218.35340766,-174.95600383,-107.30189947
218.32285655,-175.05277590,-107.24399477
218.29239302,-175.14954468,-107.18726908
218.26201595,-175.24630849,-107.13176935
218.23172416,-175.34306562,-107.07754262
218.20151636,-175.43981439,-107.02463295
218.17139122,-175.53655320,-106.97308302
218.14134738,-175.63328043,-106.92293338
218.11138341,-175.72999453,-106.87422217
218.08149778,-175.82669395,-106.82698593
218.05168898,-175.92337721,-106.78125919
218.02195533,-176.02004284,-106.73707541
217.99229507,-176.11668938,-106.69446412
217.96270656,-176.21331549,-106.65345358
217.93318795,-176.30991981,-106.61407039
217.90371876,-176.40649554,-106.57633808
217.87433370,-176.50305224,-106.54027808
217.84504286,-176.59959219,-106.50591015
217.81583901,-176.69611268,-106.47325240
217.78670395,-176.79260781,-106.44231988
217.75761394,-176.88907014,-106.41312619
217.72854411,-176.98549198,-106.38568248
217.69947223,-177.08186651,-106.35999659
217.67038170,-177.17818861,-106.33607552
217.64126339,-177.27445542,-106.31392419
217.61211740,-177.37066684,-106.29354432
217.58300078,-177.46683958,-106.27493551
217.55393362,-177.56297943,-106.25809562
217.52493377,-177.65909158,-106.24302041
217.49601699,-177.75518066,-106.22970364
217.46717427,-177.85124415,-106.21813655
217.43845551,-177.94729669,-106.20830663
217.40988694,-178.04334615,-106.20020023
217.38147462,-178.13939457,-106.19380211
217.35322345,-178.23544379,-106.18909344
217.32512377,-178.33149146,-106.18605372
217.29712376,-178.42752309,-106.18466041
217.26922389,-178.52353944,-106.18488858
217.24142111,-178.61954033,-106.18671166
217.21370901,-178.71552468,-106.19010193
217.18607754,-178.81149042,-106.19502852
217.15857030,-178.90745111,-106.20145902
217.13118516,-179.00340713,-106.20936071
217.10391041,-179.09935606,-106.21869796
217.07673210,-179.19529495,-106.22943444
217.04961301,-179.29121406,-106.24153349
217.02249731,-179.38709830,-106.25495557
216.99538616,-179.48294915,-106.26966069
216.96825737,-179.57876129,-106.28560826
216.94108737,-179.67452901,-106.30275637
216.91385118,-179.77024617,-106.32106212
216.88648665,-179.86589563,-106.34048310
216.85899276,-179.96147823,-106.36097612
216.83137779,-180.05699756,-106.38249603
216.80365762,-180.15245941,-106.40499907
216.77585320,-180.24787112,-106.42844087
216.74798743,-180.34324060,-106.45277526
216.72008122,-180.43857520,-106.47795706
216.69214915,-180.53388043,-106.50394153
216.66419391,-180.62915831,-106.53068200
216.63620036,-180.72440560,-106.55813366
216.60812869,-180.81961175,-106.58625208
216.57999754,-180.91478346,-106.61499189
216.55180569,-181.00992152,-106.64430833
216.52355206,-181.10502680,-106.67415658
216.49523562,-181.20010016,-106.70449184
216.46685547,-181.29514249,-106.73527011
216.43841080,-181.39015469,-106.76644821
216.40990099,-181.48513771,-106.79798217
216.38132546,-181.58009249,-106.82982885
216.35268374,-181.67501996,-106.86194734
216.32397556,-181.76992110,-106.89429647
216.29520071,-181.86479687,-106.92683721
216.26635915,-181.95964825,-106.95953223
216.23745094,-182.05447621,-106.99234326
216.20847618,-182.14928167,-107.02523484
216.17943510,-182.24406560,-107.05817454
216.15032812,-182.33882892,-107.09113021
216.12115562,-182.43357256,-107.12407075
216.09191812,-182.52829738,-107.15696742
216.06261612,-182.62300423,-107.18979349
216.03325026,-182.71769395,-107.22252399
216.00382115,-182.81236732,-107.25513571
215.97432960,-182.90702513,-107.28760698
215.94477629,-183.00166808,-107.31991748
215.91516191,-183.09629683,-107.35204952
215.88548729,-183.19091205,-107.38398775
215.85575328,-183.28551438,-107.41571659
215.82596063,-183.38010436,-107.44722260
215.79611016,-183.47468254,-107.47849343
215.76620260,-183.56924942,-107.50951828
215.73623878,-183.66380546,-107.54028870
215.70621951,-183.75835112,-107.57079624
215.67614552,-183.85288679,-107.60103319
215.64601757,-183.94741281,-107.63099331
215.61583639,-184.04192956,-107.66067256
215.58560276,-184.13643736,-107.69006671
215.55531739,-184.23093649,-107.71917107
215.52498097,-184.32542724,-107.74798293
215.49459429,-184.41990988,-107.77649990
215.46415791,-184.51438462,-107.80472049
215.43367264,-184.60885171,-107.83264451
215.40313919,-184.70331136,-107.86027053
215.37255816,-184.79776375,-107.88759836
215.34193028,-184.89220906,-107.91462937
215.31125621,-184.98664745,-107.94136438
215.28053665,-185.08107910,-107.96780425
215.24977224,-185.17550411,-107.99395168
215.21896356,-185.26992259,-108.01980944
215.18811133,-185.36433468,-108.04537959
215.15721603,-185.45874041,-108.07066591
215.12627832,-185.55313991,-108.09567213
215.09529876,-185.64753323,-108.12040026
215.06427778,-185.74192039,-108.14485508
215.03321592,-185.83630146,-108.16904059
215.00211363,-185.93067646,-108.19295937
214.97097138,-186.02504542,-108.21661574
214.93978953,-186.11940835,-108.24001319
214.90856845,-186.21376527,-108.26315550
214.87730855,-186.30811621,-108.28604516
214.84601007,-186.40246115,-108.30868504
214.81467339,-186.49680014,-108.33107799
214.78329873,-186.59113318,-108.35322540
214.75188629,-186.68546027,-108.37512945
214.72043640,-186.77978148,-108.39679159
214.68894920,-186.87409680,-108.41821298
214.65742490,-186.96840630,-108.43939332
214.62586370,-187.06271004,-108.46033137
214.59426578,-187.15700809,-108.48102747
214.56263134,-187.25130057,-108.50147942
214.53096052,-187.34558754,-108.52168474
214.49925358,-187.43986918,-108.54164118
214.46751066,-187.53414560,-108.56134528
214.43573199,-187.62841695,-108.58079356
214.40391783,-187.72268344,-108.59998196
214.37206839,-187.81694524,-108.61890612
214.34018398,-187.91120259,-108.63756087
214.30826480,-188.00545567,-108.65594109
214.27631117,-188.09970476,-108.67404127
214.24432343,-188.19395010,-108.69185552
214.21230180,-188.28819193,-108.70937799
214.18024670,-188.38243056,-108.72660184
214.14813920,-188.47665973,-108.74352034
214.11601512,-188.57089181,-108.76012682
214.08388903,-188.66513198,-108.77641344
214.05175952,-188.75937998,-108.79237273
214.01961375,-188.85363164,-108.80799676
213.98743173,-188.94788037,-108.82327763
213.95519015,-189.04211843,-108.83820655
213.92286550,-189.13633799,-108.85277445
213.89043708,-189.23053222,-108.86697285
213.85788952,-189.32469608,-108.88079175
213.82521455,-189.41882698,-108.89422090
213.79246148,-189.51294197,-108.90725039
213.75964686,-189.60704699,-108.91986917
213.72678683,-189.70114785,-108.93206574
213.69389709,-189.79525026,-108.94382949
213.66098478,-189.88935697,-108.95514919
213.62804911,-189.98346804,-108.96601276
213.59516051,-190.07760806,-108.97640849
213.56236108,-190.17179190,-108.98632542
213.52966673,-190.26602542,-108.99575102
213.49707021,-190.36030649,-109.00467361
213.46451314,-190.45461533,-109.01308289
213.43197971,-190.54894684,-109.02096650
213.39944808,-190.64329382,-109.02831358
213.36689285,-190.73764780,-109.03511509
213.33428775,-190.83200000,-109.04136097
213.30162917,-190.92634941,-109.04704281
213.26897780,-191.02071713,-109.05215303
213.23634580,-191.11510756,-109.05668495
213.20373345,-191.20952096,-109.06063288
213.17112547,-191.30395221,-109.06399145
213.13848726,-191.39838949,-109.06675618
213.10583987,-191.49284017,-109.06892323
213.07318425,-191.58730466,-109.07048929
213.04052138,-191.68178339,-109.07145105
213.00785223,-191.77627674,-109.07180639
212.97517780,-191.87078510,-109.07155427
212.94249908,-191.96530886,-109.07069354
212.90981706,-192.05984837,-109.06922243
212.87711251,-192.15439703,-109.06714050
212.84442188,-192.24896744,-109.06444699
212.81176278,-192.34356568,-109.06114085
212.77913726,-192.43819249,-109.05722245
212.74653552,-192.53284448,-109.05269069
212.71390202,-192.62750250,-109.04754449
212.68123428,-192.72216573,-109.04178346
212.64856084,-192.81684402,-109.03540750
212.61590992,-192.91154710,-109.02841661
212.58330648,-193.00628357,-109.02080871
212.55076976,-193.10106002,-109.01258350
212.51836213,-193.19589796,-109.00374135
212.48609550,-193.29080143,-108.99428079
212.45395841,-193.38576644,-108.98420234
212.42191298,-193.48077987,-108.97350620
212.38989214,-193.57581853,-108.96219122
212.35789096,-193.67088070,-108.95025856
212.32590720,-193.76596557,-108.93770932
212.29392667,-193.86106822,-108.92454462
212.26193436,-193.95618344,-108.91076569
212.22991458,-194.05130580,-108.89637361
212.19781856,-194.14641862,-108.88137141
212.16565435,-194.24152460,-108.86576193
212.13343748,-194.33662895,-108.84954995
212.10118882,-194.43173870,-108.83273948
212.06893237,-194.52686192,-108.81533453
212.03669237,-194.62200671,-108.79734258
212.00448982,-194.71718006,-108.77876981
211.97233893,-194.81238656,-108.75962353
211.94024258,-194.90762695,-108.73991197
211.90818756,-195.00289642,-108.71964355
211.87613916,-195.09818285,-108.69882937
211.84411693,-195.19349257,-108.67748167
211.81212148,-195.28882543,-108.65561226
211.78015330,-195.38418119,-108.63323466
211.74821294,-195.47955961,-108.61036402
211.71630088,-195.57496039,-108.58701690
211.68441743,-195.67038313,-108.56321170
211.65256301,-195.76582742,-108.53896738
211.62073788,-195.86129278,-108.51430453
211.58894235,-195.95677867,-108.48924607
211.55717661,-196.05228449,-108.46381677
211.52544070,-196.14780956,-108.43804221
211.49373473,-196.24335311,-108.41194960
211.46205868,-196.33891434,-108.38557015
211.43041244,-196.43449231,-108.35893591
211.39879590,-196.53008606,-108.33208167
211.36720871,-196.62569447,-108.30504502
211.33565056,-196.72131636,-108.27786491
211.30412104,-196.81695047,-108.25058360
211.27261964,-196.91259544,-108.22324626
211.24114572,-197.00824978,-108.19590071
211.20969859,-197.10391191,-108.16859672
211.17827747,-197.19958016,-108.14138829
211.14688152,-197.29525276,-108.11433221
211.11550964,-197.39092775,-108.08748752
211.08416086,-197.48660319,-108.06091781
211.05281635,-197.58227122,-108.03468849
211.02150977,-197.67794091,-108.00886818
210.99025084,-197.77361348,-107.98352979
210.95903243,-197.86928461,-107.95874895
210.92783667,-197.96494644,-107.93460455
210.89664031,-198.06058931,-107.91117905
210.86541922,-198.15620319,-107.88855789
210.83415220,-198.25177894,-107.86683011
210.80282391,-198.34730923,-107.84608769
210.77140716,-198.44278287,-107.82642591
210.73993558,-198.53820804,-107.80794300
210.70848649,-198.63360696,-107.79074071
210.67709068,-198.72898668,-107.77492431
210.64576570,-198.82434988,-107.76060122
210.61451632,-198.91969505,-107.74788279
210.58325071,-199.01498973,-107.73688379
210.55201732,-199.11024615,-107.72772138
210.52092010,-199.20549418,-107.72051607
210.49003005,-199.30075311,-107.71539090
210.45938660,-199.39603207,-107.71247039
210.42905049,-199.49134706,-107.71188305
210.39899733,-199.58668673,-107.71375968
210.36922596,-199.68204724,-107.71823214
210.33970109,-199.77741380,-107.72543465
210.31034816,-199.87275911,-107.73550252
210.28104828,-199.96804175,-107.74857252
210.25184821,-200.06327321,-107.76478361
210.22278333,-200.15846132,-107.78427415
210.19383894,-200.25359797,-107.80718249
210.16498325,-200.34866954,-107.83364692
210.13613387,-200.44364605,-107.86380623
210.10723795,-200.53850714,-107.89779744
210.07830636,-200.63325288,-107.93575494
210.04933739,-200.72787938,-107.97781242
210.02033614,-200.82238502,-108.02410046
209.99131244,-200.91676978,-108.07474688
209.96227753,-201.01103419,-108.12987818
209.93323978,-201.10517798,-108.18961650
209.90419889,-201.19919815,-108.25407956
209.87513894,-201.29308677,-108.32338212
209.84601982,-201.38682809,-108.39763425
209.81684727,-201.48042136,-108.47694111
209.78761198,-201.57386103,-108.56140325
209.75830450,-201.66714165,-108.65111549
209.72891502,-201.76025771,-108.74616792
209.69943372,-201.85320382,-108.84664478
209.66985046,-201.94597460,-108.95262412
209.64015500,-202.03856473,-109.06417849
209.61033694,-202.13096895,-109.18137339
209.58038571,-202.22318204,-109.30426793
209.55029069,-202.31519889,-109.43291458
209.52004108,-202.40701442,-109.56735923
209.48962604,-202.49862364,-109.70764058
209.45903473,-202.59002167,-109.85378822
209.42825610,-202.68120366,-110.00582678
209.39727925,-202.77216491,-110.16377251
209.36609321,-202.86290080,-110.32763160
209.33468702,-202.95340681,-110.49740582
209.30304982,-203.04367852,-110.67308805
209.27117075,-203.13371163,-110.85466270
209.23903902,-203.22350190,-111.04210710
209.20664394,-203.31304524,-111.23539116
209.17397496,-203.40233765,-111.43447757
209.14102162,-203.49137525,-111.63932004
209.10777356,-203.58015423,-111.84986608
209.07422067,-203.66867096,-112.06605639
209.04035291,-203.75692186,-112.28782253
209.00616040,-203.84490349,-112.51509002
208.97163355,-203.93261253,-112.74777714
208.93676287,-204.02004575,-112.98579395
208.90153913,-204.10720007,-113.22904492
208.86595333,-204.19407251,-113.47742832
208.82999673,-204.28066020,-113.73083590
208.79366088,-204.36696044,-113.98915308
208.75693753,-204.45297058,-114.25225907
208.71981879,-204.53868814,-114.52002886
208.68229702,-204.62411075,-114.79233154
208.64436493,-204.70923618,-115.06903102
208.60601554,-204.79406229,-115.34998769
208.56724219,-204.87858708,-115.63505742
208.52803856,-204.96280866,-115.92409291
208.48839869,-205.04672528,-116.21694365
208.44831697,-205.13033528,-116.51345682
208.40778817,-205.21363715,-116.81347646
208.36680742,-205.29662947,-117.11684424
208.32537013,-205.37931090,-117.42340209
208.28347224,-205.46168028,-117.73299146
208.24110992,-205.54373649,-118.04545234
208.19827980,-205.62547852,-118.36062519
208.15497880,-205.70690545,-118.67835183
208.11120427,-205.78801646,-118.99847457
208.06695393,-205.86881083,-119.32083742
208.02222580,-205.94928786,-119.64528678
207.97701834,-206.02944701,-119.97167116
207.93133030,-206.10928773,-120.29984171
207.88516074,-206.18880955,-120.62965430
207.83850914,-206.26801206,-120.96096845
207.79137531,-206.34689493,-121.29364656
207.74375929,-206.42545780,-121.62755635
207.69566149,-206.50370038,-121.96257131
207.64708267,-206.58162243,-122.29857005
207.59802382,-206.65922369,-122.63543572
207.54848622,-206.73650392,-122.97305874
207.49847143,-206.81346289,-123.31133585
207.44798126,-206.89010036,-123.65016833
207.39701771,-206.96641603,-123.98946580
207.34558312,-207.04240966,-124.32914491
207.29367995,-207.11808090,-124.66912809
207.24131087,-207.19342938,-125.00934547
207.18847874,-207.26845467,-125.34973538
207.13518661,-207.34315630,-125.69024256
207.08143767,-207.41753371,-126.03081835
207.02723518,-207.49158623,-126.37142228
206.97258258,-207.56531316,-126.71202101
206.91748338,-207.63871365,-127.05258738
206.86194109,-207.71178670,-127.39310227
206.80595944,-207.78453130,-127.73355305
206.74954205,-207.85694622,-128.07393326
206.69269264,-207.92903014,-128.41424323
206.63541491,-208.00078158,-128.75448922
206.57771264,-208.07219897,-129.09468330
206.51958949,-208.14328055,-129.43484234
206.46104916,-208.21402445,-129.77498849
206.40209532,-208.28442862,-130.11514945
206.34273157,-208.35449090,-130.45535680
206.28296147,-208.42420894,-130.79564723
206.22278860,-208.49358033,-131.13606052
206.16221643,-208.56260247,-131.47663983
206.10124840,-208.63127263,-131.81743268
206.03988787,-208.69958797,-132.15848868
205.97813818,-208.76754552,-132.49986070
205.91600258,-208.83514218,-132.84160383
205.85348423,-208.90237467,-133.18377538
205.79058627,-208.96923965,-133.52643492
205.72731175,-209.03573364,-133.86964440
205.66366363,-209.10185301,-134.21346743
205.59964481,-209.16759402,-134.55796824
205.53525808,-209.23295280,-134.90321182
205.47050617,-209.29792537,-135.24926441
205.40539168,-209.36250758,-135.59619278
205.33991711,-209.42669519,-135.94406363
205.27408488,-209.49048382,-136.29294326
205.20789728,-209.55386894,-136.64289840
205.14135653,-209.61684596,-136.99399448
205.07446472,-209.67941013,-137.34629565
205.00722386,-209.74155663,-137.69986457
204.93963584,-209.80328052,-138.05476285
204.87170250,-209.86457679,-138.41104999
204.80342555,-209.92544034,-138.76878259
204.73480668,-209.98586602,-139.12801571
204.66584744,-210.04584858,-139.48880166
204.59654941,-210.10538280,-139.85119041
204.52691403,-210.16446333,-140.21522966
204.45694277,-210.22308489,-140.58096283
204.38663700,-210.28124206,-140.94843079
204.31599811,-210.33892949,-141.31767224
204.24502736,-210.39614171,-141.68872304
204.17372612,-210.45287333,-142.06161559
204.10209559,-210.50911883,-142.43637914
204.03013707,-210.56487279,-142.81303993
203.95785175,-210.62012969,-143.19162135
203.88524090,-210.67488410,-143.57214303
203.81230573,-210.72913055,-143.95462073
203.73904749,-210.78286367,-144.33906745
203.66546738,-210.83607796,-144.72549217
203.59156669,-210.88876811,-145.11390032
203.51734666,-210.94092871,-145.50429429
203.44280865,-210.99255455,-145.89667354
203.36795401,-211.04364036,-146.29103462
203.29278421,-211.09418103,-146.68737054
203.21730069,-211.14417140,-147.08567228
203.14150507,-211.19360658,-147.48592805
203.06539898,-211.24248159,-147.88812243
202.98898410,-211.29079158,-148.29223840
202.91226225,-211.33853180,-148.69825676
202.83523533,-211.38569761,-149.10615618
202.75790529,-211.43228439,-149.51591426
202.68027424,-211.47828767,-149.92750702
202.60234433,-211.52370302,-150.34090829
202.52411785,-211.56852616,-150.75609061
202.44559714,-211.61275278,-151.17302670
202.36678472,-211.65637879,-151.59168776
202.28768312,-211.69940007,-152.01204246
202.20829501,-211.74181256,-152.43406151
202.12862319,-211.78361239,-152.85771491
202.04867049,-211.82479562,-153.28297099
201.96843991,-211.86535849,-153.70979839
201.88793448,-211.90529722,-154.13816523
201.80715737,-211.94460813,-154.56803923
201.72611180,-211.98328757,-154.99938791
201.64480108,-212.02133192,-155.43217930
201.56322865,-212.05873769,-155.86638129
201.48139800,-212.09550136,-156.30196071
201.39931266,-212.13161939,-156.73888635
201.31697633,-212.16708848,-157.17712510
201.23439268,-212.20190515,-157.61664365
201.15156553,-212.23606613,-158.05740853
201.06849867,-212.26956802,-158.49938580
200.98519603,-212.30240758,-158.94254191
200.90166153,-212.33458147,-159.38684149
200.81789916,-212.36608644,-159.83224955
200.73391296,-212.39691925,-160.27872997
200.64970700,-212.42707669,-160.72624450
200.56528535,-212.45655552,-161.17475487
200.48065217,-212.48535261,-161.62422069
200.39581155,-212.51346473,-162.07460025
200.31076768,-212.54088881,-162.52584945
200.22552470,-212.56762168,-162.97792218
200.14008679,-212.59366031,-163.43077047
200.05445809,-212.61900162,-163.88434323
199.96864279,-212.64364268,-164.33858773
199.88264503,-212.66758050,-164.79344723
199.79646896,-212.69081223,-165.24886208
199.71011870,-212.71333506,-165.70476951
199.62359837,-212.73514626,-166.16110424
199.53691206,-212.75624321,-166.61779698
199.45006385,-212.77662342,-167.07477464
199.36305775,-212.79628445,-167.53196039
199.27589780,-212.81522408,-167.98927379
199.18858796,-212.83344015,-168.44663112
199.10113218,-212.85093072,-168.90394366
199.01353435,-212.86769388,-169.36111980
198.92579834,-212.88372804,-169.81806507
198.83792798,-212.89903170,-170.27467993
198.74992703,-212.91360352,-170.73086280
198.66179924,-212.92744245,-171.18650789
198.57354827,-212.94054747,-171.64150618
198.48517772,-212.95291791,-172.09574505
198.39669114,-212.96455316,-172.54910845
198.30809201,-212.97545290,-173.00147731
198.21938372,-212.98561696,-173.45272800
198.13056960,-212.99504528,-173.90273663
198.04165288,-213.00373821,-174.35137527
197.95263672,-213.01169612,-174.79851110
197.86352418,-213.01891964,-175.24401002
197.77431821,-213.02540966,-175.68773425
197.68502167,-213.03116717,-176.12954373
197.59563730,-213.03619359,-176.56929562
197.50616774,-213.04049034,-177.00684368
197.41661553,-213.04405935,-177.44203923
197.32698304,-213.04690257,-177.87473136
197.23727257,-213.04902230,-178.30476835
197.14748625,-213.05042130,-178.73199439
197.05762613,-213.05110238,-179.15625187
196.96769410,-213.05106873,-179.57738287
196.87769193,-213.05032391,-179.99522821
196.78762126,-213.04887169,179.59037123
196.69748360,-213.04671631,179.17957586
196.60728033,-213.04386224,178.77254576
196.51701270,-213.04031430,178.36944111
196.42668181,-213.03607761,177.97042171
196.33628863,-213.03115762,177.57564481
196.24583400,-213.02556023,177.18526829
196.15531864,-213.01929143,176.79944772
196.06474312,-213.01235772,176.41833530
195.97410790,-213.00476582,176.04208151
195.88341329,-212.99652284,175.67083375
195.79265946,-212.98763628,175.30473695
195.70184647,-212.97811386,174.94393286
195.61097425,-212.96796368,174.58855923
195.52004259,-212.95719411,174.23874994
195.42905119,-212.94581391,173.89463323
195.33799961,-212.93383211,173.55633365
195.24688734,-212.92125801,173.22397017
195.15571374,-212.90810129,172.89765502
195.06447808,-212.89437192,172.57749533
194.97317952,-212.88008012,172.26359093
194.88181715,-212.86523650,171.95603693
194.79038999,-212.84985179,171.65492203
194.69889695,-212.83393707,171.36032598
194.60733690,-212.81750362,171.07232200
194.51570865,-212.80056298,170.79097664
194.42401095,-212.78312685,170.51634802
194.33224254,-212.76520721,170.24848636
194.24040208,-212.74681617,169.98743389
194.14848823,-212.72796607,169.73322510
194.05649964,-212.70866935,169.48588619
193.96443492,-212.68893868,169.24543551
193.87229271,-212.66878666,169.01188329
193.78007165,-212.64822614,168.78523095
193.68777039,-212.62727003,168.56547246
193.59538761,-212.60593126,168.35259395
193.50292204,-212.58422279,168.14657171
193.41037242,-212.56215773,167.94737550
193.31773755,-212.53974909,167.75496795
193.22501628,-212.51700993,167.56930326
193.13220754,-212.49395322,167.39032854
193.03931030,-212.47059198,167.21798338
192.94632367,-212.44693901,167.05219972
192.85324678,-212.42300723,166.89290285
192.76007890,-212.39880932,166.74001218
192.66681938,-212.37435788,166.59343915
192.57346767,-212.34966536,166.45308889
192.48002331,-212.32474417,166.31886210
192.38648599,-212.29960640,166.19065379
192.29285547,-212.27426407,166.06835306
192.19913170,-212.24872885,165.95184376
192.10531470,-212.22301232,165.84100541
192.01140464,-212.19712575,165.73571186
191.91740178,-212.17108033,165.63583385
191.82330657,-212.14488675,165.54123888
191.72911953,-212.11855566,165.45178963
191.63484133,-212.09209734,165.36734627
191.54047274,-212.06552188,165.28776590
191.44601468,-212.03883901,165.21290390
191.35146820,-212.01205820,165.14261323
191.25683446,-211.98518859,165.07674355
191.16211476,-211.95823903,165.01514259
191.06731050,-211.93121812,164.95765693
190.97242323,-211.90413412,164.90413276
190.87745967,-211.87697647,164.85441375
190.78241182,-211.84978841,164.80834292
190.68727820,-211.82258939,164.76576319
190.59206191,-211.79538226,164.72651660
190.49676906,-211.76815891,164.69044639
190.40140743,-211.74090528,164.65739533
190.30598537,-211.71360541,164.62720668
190.21051085,-211.68624464,164.59972328
190.11499075,-211.65881231,164.57479053
190.01943037,-211.63130349,164.55225498
189.92383295,-211.60372046,164.53196341
189.82818668,-211.57612023,164.51376567
189.73248967,-211.54852322,164.49751376
189.63674059,-211.52094745,164.48306297
189.54093874,-211.49340850,164.47027047
189.44509276,-211.46588817,164.45899711
189.34919150,-211.43843890,164.44910785
189.25322253,-211.41111734,164.44046978
189.15718255,-211.38394720,164.43295521
189.06107583,-211.35692455,164.42643953
188.96491283,-211.33002297,164.42080301
188.86871710,-211.30316886,164.41593071
188.77249883,-211.27633593,164.41171157
188.67626912,-211.24949432,164.40804083
188.58003921,-211.22261325,164.40481699
188.48381969,-211.19566380,164.40194378
188.38759753,-211.16870143,164.39932956
188.29136500,-211.14176200,164.39688739
188.19512170,-211.11485469,164.39453552
188.09887052,-211.08797640,164.39219641
188.00261843,-211.06110900,164.38979804
187.90637709,-211.03421724,164.38727165
187.81014219,-211.00732257,164.38455275
187.71392118,-210.98040405,164.38158256
187.61770534,-210.95349813,164.37830472
187.52149126,-210.92662187,164.37466632
187.42527986,-210.89977651,164.37061988
187.32907550,-210.87295067,164.36612164
187.23289511,-210.84608776,164.36113043
187.13674241,-210.81917808,164.35560920
187.04061038,-210.79224978,164.34952493
186.94449202,-210.76533077,164.34284672
186.84838109,-210.73844587,164.33554695
186.75227285,-210.71161413,164.32760054
186.65614999,-210.68489935,164.31898471
186.56000958,-210.65831363,164.30968120
186.46385537,-210.63184496,164.29967391
186.36769881,-210.60545363,164.28894825
186.27155991,-210.57906928,164.27749195
186.17544242,-210.55267939,164.26529535
186.07934720,-210.52628159,164.25235174
185.98327925,-210.49985860,164.23865546
185.88724376,-210.47339228,164.22420241
185.79124618,-210.44686358,164.20899048
185.69530174,-210.42021893,164.19301963
185.59940905,-210.39346322,164.17629287
185.50356455,-210.36660889,164.15881277
185.40776295,-210.33967429,164.14058308
185.31199798,-210.31268111,164.12161012
185.21626321,-210.28565153,164.10189986
185.12055293,-210.25860492,164.08145991
185.02486343,-210.23155360,164.06029858
184.92919414,-210.20449861,164.03842455
184.83354920,-210.17742445,164.01584906
184.73793911,-210.15029317,163.99258292
184.64235845,-210.12312277,163.96863780
184.54680733,-210.09591176,163.94402675
184.45128579,-210.06865881,163.91876237
184.35579389,-210.04136252,163.89285830
184.26033166,-210.01402154,163.86632803
184.16489908,-209.98663464,163.83918710
184.06949615,-209.95920050,163.81145076
183.97412282,-209.93171791,163.78313328
183.87877901,-209.90418573,163.75425240
183.78346466,-209.87660270,163.72482476
183.68817967,-209.84896778,163.69486629
183.59292393,-209.82127981,163.66439443
183.49769731,-209.79353780,163.63342651
183.40249966,-209.76574071,163.60198035
183.30733082,-209.73788757,163.57007373
183.21219059,-209.70997749,163.53772553
183.11707880,-209.68200951,163.50495457
183.02199523,-209.65398280,163.47177870
182.92693964,-209.62589657,163.43821740
182.83191184,-209.59774994,163.40428978
182.73691155,-209.56954222,163.37001426
182.64193853,-209.54127270,163.33540979
182.54699250,-209.51294074,163.30049605
182.45207317,-209.48454568,163.26529261
182.35718023,-209.45608698,163.22981864
182.26231339,-209.42756403,163.19409359
182.16747233,-209.39897630,163.15813760
182.07265673,-209.37032328,163.12197010
181.97786626,-209.34160450,163.08561023
181.88310062,-209.31281936,163.04907775
181.78835945,-209.28396748,163.01239208
181.69364243,-209.25504837,162.97557316
181.59894919,-209.22606153,162.93864163
181.50427940,-209.19700648,162.90161797
181.40963265,-209.16788278,162.86452392
181.31500858,-209.13868986,162.82738133
181.22040676,-209.10942730,162.79021278
181.12582679,-209.08009450,162.75304243
181.03126820,-209.05069101,162.71589479
180.93673055,-209.02121622,162.67879466
180.84221330,-208.99166976,162.64176865
180.74771592,-208.96205108,162.60484508
180.65323782,-208.93235976,162.56805200
180.55877838,-208.90259536,162.53141920
180.46433691,-208.87275754,162.49497883
180.36991270,-208.84284589,162.45876322
180.27550496,-208.81286022,162.42280611
180.18111291,-208.78280017,162.38714299
180.08673565,-208.75266564,162.35180971
179.99237228,-208.72245648,162.31684212
179.89802179,-208.69217280,162.28227860
179.80368319,-208.66181458,162.24815845
179.70935537,-208.63138203,162.21452045
179.61503721,-208.60087540,162.18140524
179.52072748,-208.57029512,162.14885389
179.42642499,-208.53964161,162.11690797
179.33212842,-208.50891550,162.08560967
179.23783647,-208.47811742,162.05500023
179.14354775,-208.44724823,162.02512110
179.04926090,-208.41630877,161.99601420
178.95498057,-208.38528144,161.96772147
178.86069346,-208.35420353,161.94028447
178.76639387,-208.32308903,161.91374389
178.67208167,-208.29193496,161.88813965
178.57776035,-208.26072742,161.86351160
178.48343541,-208.22944649,161.83989937
178.38911290,-208.19807067,161.81734082
178.29479827,-208.16658043,161.79587306
178.20049536,-208.13496121,161.77553282
178.10620568,-208.10320559,161.75635526
178.01192783,-208.07131516,161.73837419
177.91764160,-208.03934871,161.72162274
177.82333837,-208.00732971,161.70613278
177.72901001,-207.97528014,161.69193416
177.63464884,-207.94322057,161.67905654
177.54025458,-207.91114944,161.66752817
177.44580925,-207.87911853,161.65737466
177.35130087,-207.84716165,161.64862152
177.25672545,-207.81528865,161.64129236
177.16207723,-207.78351488,161.63540859
177.06735561,-207.75184036,161.63099049
176.97257424,-207.72022229,161.62805718
176.87773005,-207.68866844,161.62662525
176.78282118,-207.65718318,161.62671026
176.68784690,-207.62576768,161.62832603
176.59280762,-207.59441984,161.63148350
176.49768763,-207.56318644,161.63619218
176.40248444,-207.53207461,161.64245908
176.30720007,-207.50107817,161.65028942
176.21183500,-207.47019585,161.65968528
176.11639866,-207.43939954,161.67064636
176.02090704,-207.40864173,161.68317123
175.92535765,-207.37793054,161.69725470
175.82975587,-207.34725075,161.71289034
175.73410768,-207.31658531,161.73006897
175.63841975,-207.28591528,161.74877879
175.54271011,-207.25518712,161.76900639
175.44697914,-207.22440114,161.79073451
175.35122453,-207.19356604,161.81394486
175.25544165,-207.16269780,161.83861555
175.15962431,-207.13181730,161.86472199
175.06376565,-207.10094777,161.89223889
174.96785924,-207.07011139,161.92113635
174.87190055,-207.03932484,161.95138220
174.77588849,-207.00859452,161.98294219
174.67982737,-206.97791058,162.01577886
174.58372914,-206.94724009,162.04985301
174.48758870,-206.91660217,162.08512179
174.39140688,-206.88599820,162.12154076
174.29518451,-206.85542970,162.15906278
174.19892255,-206.82489794,162.19763683
174.10262202,-206.79440427,162.23721185
174.00628401,-206.76395002,162.27773264
173.90990970,-206.73353635,162.31914171
173.81350033,-206.70316448,162.36138052
173.71705720,-206.67283553,162.40438670
173.62058172,-206.64255052,162.44809702
173.52407531,-206.61231055,162.49244622
173.42753949,-206.58211651,162.53736711
173.33097578,-206.55196941,162.58279114
173.23438584,-206.52187000,162.62864775
173.13777131,-206.49181913,162.67486600
173.04113388,-206.46181760,162.72137336
172.94447531,-206.43186603,162.76809606
172.84779738,-206.40196511,162.81495984
172.75110191,-206.37211539,162.86188929
172.65439077,-206.34231732,162.90880972
172.55766579,-206.31257145,162.95564565
172.46092891,-206.28287804,163.00232111
172.36418201,-206.25323745,163.04876060
172.26742704,-206.22364984,163.09488963
172.17066595,-206.19411538,163.14063375
172.07390068,-206.16463412,163.18591864
171.97713320,-206.13520599,163.23067125
171.88036547,-206.10583088,163.27481907
171.78359948,-206.07650858,163.31829093
171.68683721,-206.04723870,163.36101737
171.59008059,-206.01802097,163.40292869
171.49333163,-205.98885481,163.44395694
171.39659228,-205.95973963,163.48403628
171.29986450,-205.93067478,163.52310190
171.20315021,-205.90165953,163.56109046
171.10645135,-205.87269298,163.59794024
171.00977547,-205.84375479,163.63359200
170.91311329,-205.81488225,163.66798808
170.81646304,-205.78608691,163.70107263
170.71982815,-205.75736203,163.73279278
170.62321535,-205.72868946,163.76309655
170.52663304,-205.70004497,163.79193437
170.43008982,-205.67140334,163.81926077
170.33359340,-205.64274208,163.84503109
170.23714974,-205.61404457,163.86920365
170.14076239,-205.58530226,163.89174042
170.04443197,-205.55651642,163.91260538
169.94814174,-205.52774803,163.93176629
169.85188615,-205.49901951,163.94919264
169.75566661,-205.47032893,163.96485746
169.65946810,-205.44173137,163.97873747
169.56328119,-205.41326225,163.99081098
169.46710225,-205.38493645,164.00106133
169.37094311,-205.35671450,164.00947531
169.27479030,-205.32864489,164.01604256
169.17863731,-205.30075151,164.02075621
169.08248372,-205.27303643,164.02361296
168.98634341,-205.24545143,164.02461380
168.89021625,-205.21799676,164.02376273
168.79410469,-205.19066316,164.02106744
168.69799770,-205.16348808,164.01653999
168.60189804,-205.13646023,164.01019463
168.50581430,-205.10954767,164.00205003
168.40975960,-205.08270216,163.99212962
168.31372237,-205.05596141,163.98045893
168.21770858,-205.02930144,163.96706769
168.12172931,-205.00268015,163.95198989
168.02580127,-204.97603554,163.93526161
167.92992413,-204.94936491,163.91692281
167.83410463,-204.92264066,163.89701737
167.73836028,-204.89579809,163.87559286
167.64269169,-204.86883053,163.85269805
167.54709659,-204.84174110,163.82838550
167.45157031,-204.81454089,163.80271090
167.35610640,-204.78724695,163.77573225
167.26069753,-204.75987911,163.74751132
167.16533654,-204.73245630,163.71811081
167.07001782,-204.70499185,163.68759499
166.97473886,-204.67748825,163.65603116
166.87950217,-204.64993045,163.62348977
166.78431744,-204.62227870,163.59004217
166.68917802,-204.59454939,163.55576045
166.59408259,-204.56674027,163.52071905
166.49902980,-204.53884926,163.48499328
166.40401816,-204.51087454,163.44866031
166.30904619,-204.48281435,163.41179821
166.21411226,-204.45466727,163.37448481
166.11921472,-204.42643200,163.33679750
166.02435182,-204.39810761,163.29881432
165.92952182,-204.36969318,163.26061319
165.83472289,-204.34118811,163.22227023
165.73995316,-204.31259199,163.18386264
165.64521076,-204.28390456,163.14546535
165.55049372,-204.25512584,163.10715253
165.45580011,-204.22625598,163.06899846
165.36112796,-204.19729525,163.03107450
165.26647528,-204.16824417,162.99345120
165.17184009,-204.13910340,162.95619703
165.07722036,-204.10987382,162.91937923
164.98261413,-204.08055630,162.88306268
164.88801939,-204.05115206,162.84730983
164.79343417,-204.02166232,162.81218272
164.69885650,-203.99208847,162.77773902
164.60428440,-203.96243213,162.74403547
164.50971596,-203.93269487,162.71112680
164.41514926,-203.90287849,162.67906429
164.32058239,-203.87298492,162.64789745
164.22601347,-203.84301616,162.61767408
164.13144626,-203.81295660,162.58843981
164.03686812,-203.78284274,162.56023636
163.94227343,-203.75268893,162.53310369
163.84766174,-203.72249345,162.50707899
163.75303592,-203.69224435,162.48219630
163.65840064,-203.66192419,162.45848806
163.56376117,-203.63151394,162.43598245
163.46912224,-203.60099665,162.41470508
163.37448719,-203.57035992,162.39467912
163.27985732,-203.53959805,162.37592503
163.18523142,-203.50871353,162.35845909
163.09059124,-203.47776287,162.34229399
162.99592929,-203.44676874,162.32744183
162.90123863,-203.41575211,162.31390938
162.80651292,-203.38473243,162.30170032
162.71175380,-203.35370436,162.29081635
162.61694951,-203.32270475,162.28125423
162.52207944,-203.29179832,162.27300790
162.42713339,-203.26101756,162.26606875
162.33211015,-203.23036712,162.26042468
162.23702266,-203.19980783,162.25605954
162.14188109,-203.16930934,162.25295522
162.04668769,-203.13886642,162.25109198
161.95145121,-203.10845380,162.25044518
161.85618492,-203.07803235,162.25098770
161.76091683,-203.04751701,162.25269107
161.66563746,-203.01694022,162.25552338
161.57032408,-202.98637598,162.25945019
161.47496527,-202.95586317,162.26443499
161.37955461,-202.92542525,162.27043992
161.28409233,-202.89506516,162.27742462
161.18857028,-202.86481206,162.28534672
161.09297925,-202.83469873,162.29416344
160.99732427,-202.80471347,162.30382993
160.90161921,-202.77481706,162.31429905
160.80588760,-202.74494010,162.32552330
160.71013255,-202.71507708,162.33745469
160.61435667,-202.68522419,162.35004331
160.51856639,-202.65536551,162.36323867
160.42276840,-202.62548441,162.37699021
160.32696961,-202.59556345,162.39124642
160.23118740,-202.56555204,162.40595568
160.13542106,-202.53545667,162.42106685
160.03966735,-202.50529189,162.43652806
159.94392115,-202.47507806,162.45228783
159.84817625,-202.44483912,162.46829515
159.75242625,-202.41459958,162.48449909
159.65666567,-202.38438107,162.50084898
159.56089120,-202.35419836,162.51729488
159.46510307,-202.32405494,162.53378695
159.36931284,-202.29391827,162.55027664
159.27352140,-202.26378991,162.56671635
159.17771938,-202.23370371,162.58305926
159.08190850,-202.20365812,162.59925997
158.98609412,-202.17363985,162.61527425
158.89028377,-202.14362847,162.63105960
158.79448599,-202.11360020,162.64657444
158.69870920,-202.08353145,162.66177900
158.60296081,-202.05340167,162.67663526
158.50724642,-202.02319595,162.69110592
158.41156924,-201.99290690,162.70515700
158.31591409,-201.96258588,162.71875533
158.22027634,-201.93225032,162.73186983
158.12465156,-201.90191709,162.74447183
158.02903550,-201.87160225,162.75653291
157.93342711,-201.84131150,162.76802856
157.83782653,-201.81104653,162.77893483
157.74221227,-201.78087881,162.78923002
157.64657212,-201.75084977,162.79889480
157.55090232,-201.72097336,162.80791052
157.45520657,-201.69123922,162.81626265
157.35950467,-201.66158461,162.82393695
157.26380288,-201.63199051,162.83092040
157.16810930,-201.60243182,162.83720313
157.07243311,-201.57287978,162.84277512
156.97678362,-201.54330498,162.84762801
156.88116179,-201.51370492,162.85175523
156.78554945,-201.48413894,162.85515130
156.68994355,-201.45461728,162.85781143
156.59434485,-201.42513777,162.85973290
156.49875900,-201.39568232,162.86091523
156.40319764,-201.36621317,162.86135775
156.30765469,-201.33674984,162.86106172
156.21213047,-201.30729107,162.86003165
156.11662522,-201.27783560,162.85827259
156.02114539,-201.24836196,162.85579124
155.92568006,-201.21890474,162.85259659
155.83022431,-201.18947894,162.84869835
155.73477808,-201.16008372,162.84410907
155.63934497,-201.13070619,162.83884327
155.54394426,-201.10128259,162.83291564
155.44857300,-201.07182097,162.82634399
155.35322263,-201.04234728,162.81914786
155.25788484,-201.01288640,162.81134879
155.16255245,-200.98345946,162.80297011
155.06722019,-200.95408115,162.79403624
154.97186961,-200.92480875,162.78457366
154.87649824,-200.89564758,162.77460995
154.78111092,-200.86657927,162.76417472
154.68572067,-200.83755896,162.75329853
154.59034926,-200.80851347,162.74201174
154.49499456,-200.77944690,162.73034732
154.39965883,-200.75034909,162.71833858
154.30434638,-200.72120321,162.70601790
154.20906164,-200.69199218,162.69341944
154.11380911,-200.66269859,162.68057776
154.01860348,-200.63327260,162.66752778
153.92344131,-200.60372234,162.65430428
153.82832287,-200.57404409,162.64094303
153.73322947,-200.54429459,162.62747962
153.63814816,-200.51451218,162.61394846
153.54307110,-200.48471898,162.60038507
153.44799514,-200.45492203,162.58682446
153.35292173,-200.42511385,162.57330051
153.25785698,-200.39527197,162.55984794
153.16281216,-200.36535757,162.54650044
153.06780432,-200.33531349,162.53329216
152.97283163,-200.30514285,162.52025764
152.87789596,-200.27483692,162.50742985
152.78298097,-200.24444505,162.49484158
152.68808049,-200.21398403,162.48252593
152.59318844,-200.18347039,162.47051564
152.49829884,-200.15292030,162.45884286
152.40340777,-200.12234345,162.44753927
152.30851593,-200.09173490,162.43663582
152.21359945,-200.06116724,162.42616315
152.11864341,-200.03068475,162.41615152
152.02364126,-200.00030537,162.40663090
151.92859398,-199.97002336,162.39762940
151.83351904,-199.93978113,162.38917526
151.73842045,-199.90956363,162.38129650
151.64330425,-199.87934943,162.37401923
151.54817772,-199.84911335,162.36736865
151.45304851,-199.81882910,162.36136933
151.35791872,-199.78848813,162.35604532
151.26276758,-199.75815394,162.35141897
151.16759049,-199.72783917,162.34751022
151.07238668,-199.69754448,162.34433972
150.97716047,-199.66725477,162.34192618
150.88192241,-199.63693533,162.34028632
150.78667213,-199.60658605,162.33943569
150.69139697,-199.57624550,162.33938777
150.59609052,-199.54593276,162.34015560
150.50075157,-199.51565077,162.34175020
150.40538297,-199.48538980,162.34418088
150.31000224,-199.45509405,162.34745503
150.21461218,-199.42475421,162.35157853
150.11920275,-199.39440147,162.35655694
150.02376399,-199.36406696,162.36239333
149.92828694,-199.33377877,162.36908931
149.83276456,-199.30355916,162.37664524
149.73717522,-199.27347636,162.38506081
149.64151418,-199.24354567,162.39433514
149.54578463,-199.21375754,162.40446370
149.44999888,-199.18407394,162.41544173
149.35417942,-199.15442482,162.42726384
149.25833028,-199.12479827,162.43992255
149.16245169,-199.09519450,162.45340851
149.06654890,-199.06559789,162.46771065
148.97062754,-199.03599179,162.48281726
148.87469355,-199.00635854,162.49871519
148.77876397,-198.97664515,162.51538993
148.68283710,-198.94685837,162.53282478
148.58690876,-198.91701289,162.55100175
148.49097288,-198.88712962,162.56990159
148.39502232,-198.85723305,162.58950340
148.29904976,-198.82734843,162.60978498
148.20304886,-198.79749805,162.63072169
148.10701554,-198.76769722,162.65228719
148.01094950,-198.73794942,162.67445372
147.91485578,-198.70824113,162.69719294
147.81874672,-198.67853578,162.72047413
147.72261677,-198.64885386,162.74426429
147.62646663,-198.61919600,162.76853030
147.53029706,-198.58956289,162.79323690
147.43410885,-198.55995513,162.81834841
147.33790276,-198.53037347,162.84382843
147.24167962,-198.50081850,162.86963896
147.14544025,-198.47129086,162.89574202
147.04918548,-198.44179119,162.92210001
146.95291618,-198.41232007,162.94867548
146.85663319,-198.38287814,162.97542954
146.76033737,-198.35346596,163.00232334
146.66402962,-198.32408404,163.02931806
146.56771083,-198.29473284,163.05637520
146.47138193,-198.26541275,163.08345696
146.37504380,-198.23612423,163.11052434
146.27869739,-198.20686756,163.13753919
146.18234363,-198.17764299,163.16446480
146.08598347,-198.14845071,163.19126325
145.98961788,-198.11929090,163.21789753
145.89324780,-198.09016365,163.24433155
145.79687419,-198.06106900,163.27052816
145.70049808,-198.03200684,163.29645079
145.60412047,-198.00297704,163.32206466
145.50774233,-197.97397947,163.34733531
145.41136468,-197.94501396,163.37222727
145.31498855,-197.91608018,163.39670550
145.21861493,-197.88717786,163.42073619
145.12224486,-197.85830666,163.44428540
145.02587937,-197.82946620,163.46732006
144.92952492,-197.80063747,163.48980777
144.83317215,-197.77185522,163.51171537
144.73681821,-197.74313205,163.53301221
144.64046497,-197.71446442,163.55367003
144.54411750,-197.68583783,163.57365974
144.44778274,-197.65723127,163.59295288
144.35146834,-197.62862118,163.61152272
144.25518160,-197.59998498,163.62934371
144.15892874,-197.57130377,163.64639208
144.06271413,-197.54256468,163.66264472
143.96653979,-197.51376271,163.67807979
143.87039120,-197.48494895,163.69267733
143.77426379,-197.45614081,163.70641943
143.67815318,-197.42735477,163.71929106
143.58205534,-197.39860618,163.73127744
143.48597111,-197.36989343,163.74236587
143.38989629,-197.34123214,163.75254582
143.29381205,-197.31268810,163.76180741
143.19770848,-197.28429641,163.77014371
143.10158360,-197.25606457,163.77754930
143.00544231,-197.22797638,163.78401981
142.90930385,-197.19996599,163.78955259
142.81317478,-197.17201110,163.79414717
142.71706313,-197.14408410,163.79780461
142.62097768,-197.11615467,163.80052689
142.52492713,-197.08819261,163.80231728
142.42891383,-197.06018936,163.80318040
142.33291198,-197.03223313,163.80312253
142.23691377,-197.00435018,163.80215064
142.14091959,-196.97653830,163.80027335
142.04493792,-196.94876744,163.79750102
141.94899656,-196.92094104,163.79384437
141.85309098,-196.89307360,163.78931545
141.75721275,-196.86519297,163.78392594
141.66135349,-196.83732661,163.77768932
141.56550579,-196.80949868,163.77062000
141.46966394,-196.78172717,163.76273264
141.37380905,-196.75407551,163.75404382
141.27793763,-196.72655385,163.74456987
141.18205343,-196.69914747,163.73432924
141.08616840,-196.67181329,163.72334137
140.99030361,-196.64447697,163.71162602
140.89446112,-196.61712933,163.69920472
140.79864190,-196.58976498,163.68609971
140.70285069,-196.56236546,163.67233511
140.60709243,-196.53491160,163.65793600
140.51137228,-196.50738347,163.64292733
140.41570566,-196.47972646,163.62733615
140.32009035,-196.45194579,163.61118999
140.22452171,-196.42405481,163.59451666
140.12899331,-196.39607295,163.57734394
140.03349764,-196.36802324,163.55970038
139.93802699,-196.33992927,163.54161560
139.84257453,-196.31181158,163.52311897
139.74713551,-196.28368365,163.50423987
139.65170858,-196.25554727,163.48500793
139.55629740,-196.22738732,163.46545219
139.46091236,-196.19916598,163.44560227
139.36554699,-196.17090255,163.42548809
139.27020066,-196.14259660,163.40513808
139.17487275,-196.11424767,163.38458014
139.07956263,-196.08585543,163.36384188
138.98426963,-196.05741969,163.34295123
138.88899314,-196.02894014,163.32193494
138.79373250,-196.00041671,163.30081833
138.69848708,-195.97184924,163.27962668
138.60325624,-195.94323771,163.25838543
138.50803935,-195.91458207,163.23711879
138.41283578,-195.88588233,163.21585003
138.31764490,-195.85713859,163.19460304
138.22246610,-195.82835086,163.17340066
138.12729875,-195.79951932,163.15226358
138.03214222,-195.77064419,163.13121435
137.93699590,-195.74172561,163.11027400
137.84185918,-195.71276391,163.08946258
137.74673143,-195.68375937,163.06880041
137.65161201,-195.65471244,163.04830686
137.55650035,-195.62562344,163.02800042
137.46139581,-195.59649285,163.00789805
137.36629781,-195.56732120,162.98801834
137.27120575,-195.53810901,162.96837704
137.17611905,-195.50885688,162.94898846
137.08103712,-195.47956550,162.92986799
136.98595940,-195.45023546,162.91102943
136.89088535,-195.42086750,162.89248578
136.79581442,-195.39146233,162.87424854
136.70074607,-195.36202077,162.85632940
136.60567983,-195.33254348,162.83873925
136.51062133,-195.30301155,162.82148650
136.41555879,-195.27346221,162.80457975
136.32048716,-195.24391099,162.78802714
136.22540652,-195.21435708,162.77183587
136.13032058,-195.18478796,162.75601182
136.03523543,-195.15518362,162.74056084
135.94015828,-195.12552047,162.72548714
135.84509648,-195.09577465,162.71079460
135.75005656,-195.06592502,162.69648819
135.65504349,-195.03595545,162.68257070
135.56005995,-195.00585728,162.66904434
135.46509029,-194.97568075,162.65591138
135.37012928,-194.94544256,162.64317469
135.27517181,-194.91515895,162.63083624
135.18021290,-194.88484569,162.61889732
135.08525018,-194.85451027,162.60736001
134.99028431,-194.82415049,162.59622467
134.89529261,-194.79383832,162.58549299
134.80026145,-194.76361696,162.57516643
134.70518553,-194.73350300,162.56524552
134.61006701,-194.70348926,162.55573254
134.51492459,-194.67351608,162.54662828
134.41976323,-194.64356743,162.53793402
134.32458988,-194.61362100,162.52965184
134.22941262,-194.58365089,162.52178361
134.13423989,-194.55363011,162.51433095
134.03907326,-194.52355361,162.50729444
133.94389309,-194.49348374,162.50067554
133.84869545,-194.46343292,162.49447461
133.75348025,-194.43340131,162.48869261
133.65825246,-194.40337302,162.48333164
133.56302336,-194.37331223,162.47839152
133.46778622,-194.34324026,162.47387254
133.37254080,-194.31315779,162.46977528
133.27728688,-194.28306554,162.46610054
133.18202425,-194.25296421,162.46284804
133.08675268,-194.22285448,162.46001727
132.99147196,-194.19273708,162.45760804
132.89618188,-194.16261269,162.45561970
132.80088223,-194.13248202,162.45405211
132.70557281,-194.10234578,162.45290484
132.61025343,-194.07220468,162.45217720
132.51492389,-194.04205942,162.45186735
132.41958399,-194.01191069,162.45197378
132.32423353,-193.98175920,162.45249675
132.22887232,-193.95160565,162.45343571
132.13350013,-193.92145073,162.45479014
132.03811673,-193.89129512,162.45656035
131.94272189,-193.86113952,162.45874703
131.84731537,-193.83098461,162.46135166
131.75189690,-193.80083109,162.46437567
131.65646620,-193.77067962,162.46782148
131.56102300,-193.74053090,162.47169091
131.46556700,-193.71038562,162.47598635
131.37010429,-193.68022426,162.48071178
131.27462330,-193.65008329,162.48586948
131.17911863,-193.61997965,162.49146110
131.08358981,-193.58991464,162.49748984
130.98804017,-193.55987756,162.50395733
130.89248839,-193.52980890,162.51086502
130.79693262,-193.49971440,162.51821447
130.70136409,-193.46962189,162.52600647
130.60577433,-193.43955838,162.53424120
130.51015602,-193.40954723,162.54291824
130.41450380,-193.37960572,162.55203708
130.31879883,-193.34979391,162.56159550
130.22303850,-193.32012051,162.57159140
130.12722760,-193.29057073,162.58202233
130.03137912,-193.26110378,162.59288340
129.93551500,-193.23165038,162.60417070
129.83963455,-193.20221321,162.61587931
129.74373980,-193.17278637,162.62800246
129.64783545,-193.14335541,162.64053332
129.55192634,-193.11390548,162.65346455
129.45601750,-193.08442121,162.66678837
129.36012412,-193.05485430,162.68049661
129.26424349,-193.02521422,162.69457973
129.16837067,-192.99551753,162.70902801
129.07249912,-192.96578605,162.72383138
128.97662153,-192.93604420,162.73897847
128.88073066,-192.90631626,162.75445746
128.78482040,-192.87662299,162.77025464
128.68888694,-192.84697788,162.78635704
128.59293003,-192.81738303,162.80275075
128.49695448,-192.78782440,162.81942032
128.40097169,-192.75826660,162.83635021
128.30497602,-192.72872931,162.85352364
128.20896784,-192.69921276,162.87092430
128.11294756,-192.66971727,162.88853440
128.01691561,-192.64024304,162.90633473
127.92087243,-192.61079034,162.92430713
127.82481848,-192.58135936,162.94243189
127.72875429,-192.55195026,162.96068881
127.63268034,-192.52256323,162.97905738
127.53659718,-192.49319839,162.99751565
127.44050538,-192.46385585,163.01604218
127.34440550,-192.43453572,163.03461503
127.24829816,-192.40523803,163.05321116
127.15218394,-192.37596288,163.07180753
127.05606349,-192.34671026,163.09038076
126.95993747,-192.31748015,163.10890693
126.86380651,-192.28827259,163.12736181
126.76767131,-192.25908752,163.14572066
126.67153253,-192.22992493,163.16395921
126.57539087,-192.20078473,163.18205274
126.47924703,-192.17166681,163.19997634
126.38310171,-192.14257110,163.21770542
126.28696149,-192.11347786,163.23521505
126.19081617,-192.08442330,163.25248111
126.09466216,-192.05542165,163.26947932
125.99850082,-192.02647058,163.28618585
125.90233699,-191.99755616,163.30257709
125.80617764,-191.96865717,163.31862951
125.71003074,-191.93974904,163.33431999
125.61390419,-191.91080737,163.34962584
125.51780497,-191.88181072,163.36452482
125.42173837,-191.85274328,163.37899518
125.32570739,-191.82359676,163.39301571
125.22969744,-191.79442165,163.40656563
125.13370406,-191.76523468,163.41962495
125.03772300,-191.73605193,163.43217462
124.94175018,-191.70688890,163.44419488
124.84578459,-191.67775068,163.45566665
124.74982637,-191.64863857,163.46657274
124.65385499,-191.61962354,163.47689560
124.55785878,-191.59074676,163.48661860
124.46183413,-191.56202205,163.49572613
124.36578457,-191.53343910,163.50420293
124.26972911,-191.50493514,163.51203485
124.17367371,-191.47649137,163.51920855
124.07762616,-191.44808277,163.52571092
123.98159524,-191.41968082,163.53153011
123.88558995,-191.39125618,163.53665564
123.78961127,-191.36280648,163.54107760
123.69364189,-191.33439100,163.54478594
123.59767904,-191.30602005,163.54777186
123.50172354,-191.27769154,163.55002812
123.40578092,-191.24938743,163.55154769
123.30986251,-191.22106999,163.55232430
123.21396267,-191.19275877,163.55235279
123.11808819,-191.16443113,163.55162909
123.02222846,-191.13612328,163.55015072
122.92637871,-191.10785156,163.54791639
122.83053894,-191.07961599,163.54492460
122.73471289,-191.05140388,163.54117573
122.63891852,-191.02315439,163.53667142
122.54315752,-190.99486164,163.53141487
122.44742147,-190.96655372,163.52540959
122.35170208,-190.93825826,163.51865895
122.25599197,-190.90999956,163.51116941
122.16028556,-190.88179587,163.50294690
122.06456377,-190.85371094,163.49399734
121.96882325,-190.82575527,163.48432862
121.87306797,-190.79791456,163.47394823
121.77731022,-190.77014628,163.46286445
121.68157152,-190.74237684,163.45108627
121.58585418,-190.71459750,163.43862329
121.49015928,-190.68680364,163.42548571
121.39449183,-190.65897749,163.41168417
121.29885702,-190.63110052,163.39723031
121.20326032,-190.60315346,163.38213537
121.10771769,-190.57508206,163.36641059
121.01222709,-190.54689220,163.35006907
120.91678410,-190.51859759,163.33312459
120.82138254,-190.49021784,163.31558981
120.72601515,-190.46177606,163.29747904
120.63067456,-190.43329561,163.27880750
120.53535429,-190.40479673,163.25959036
120.44004999,-190.37629255,163.23984382
120.34476082,-190.34778427,163.21958521
120.24949100,-190.31925623,163.19883237
120.15425160,-190.29066993,163.17760273
120.05903644,-190.26204432,163.15591568
119.96384536,-190.23337826,163.13379176
119.86867814,-190.20467070,163.11124999
119.77353455,-190.17592071,163.08831099
119.67841432,-190.14712730,163.06499628
119.58331719,-190.11828958,163.04132546
119.48824285,-190.08940675,163.01732062
119.39319097,-190.06047794,162.99300410
119.29816121,-190.03150242,162.96839765
119.20315322,-190.00247942,162.94352383
119.10816658,-189.97340834,162.91840585
119.01320089,-189.94428848,162.89306738
118.91825575,-189.91511924,162.86753119
118.82333068,-189.88590014,162.84182092
118.72842524,-189.85663063,162.81596048
118.63353894,-189.82731031,162.78997326
118.53867125,-189.79793884,162.76388365
118.44382168,-189.76851582,162.73771578
118.34898969,-189.73904100,162.71149360
118.25417473,-189.70951412,162.68524074
118.15937623,-189.67993501,162.65898108
118.06459365,-189.65030345,162.63273905
117.96982640,-189.62061935,162.60653790
117.87507390,-189.59088260,162.58040168
117.78033553,-189.56109313,162.55435401
117.68561069,-189.53125094,162.52841890
117.59089876,-189.50135604,162.50262052
117.49619907,-189.47140849,162.47698265
117.40151099,-189.44140839,162.45152935
117.30683383,-189.41135588,162.42628471
117.21216689,-189.38125116,162.40127261
117.11750949,-189.35109448,162.37651713
117.02286089,-189.32088612,162.35204269
116.92822036,-189.29062643,162.32787300
116.83358717,-189.26031579,162.30403121
116.73896057,-189.22995462,162.28054114
116.64433981,-189.19954334,162.25742560
116.54972411,-189.16908248,162.23470752
116.45511270,-189.13857259,162.21241012
116.36050477,-189.10801427,162.19055611
116.26590598,-189.07738825,162.16916781
116.17130346,-189.04673244,162.14826761
116.07669175,-189.01606181,162.12787856
115.98207088,-188.98537439,162.10802273
115.88744471,-188.95465643,162.08872278
115.79281935,-188.92388722,162.07000052
115.69820191,-188.89304308,162.05187683
115.60359932,-188.86210104,162.03437284
115.50901731,-188.83104173,162.01750954
115.41445968,-188.79985194,162.00130827
115.31992758,-188.76852655,161.98578861
115.22540275,-188.73712035,161.97096979
115.13087830,-188.70565304,161.95687143
115.03634753,-188.67414355,161.94351280
114.94180403,-188.64261000,161.93091248
114.84724610,-188.61105610,161.91908705
114.75266945,-188.57949350,161.90805312
114.65804962,-188.54799550,161.89782631
114.56337248,-188.51660386,161.88842120
114.46863320,-188.48533207,161.87985164
114.37383513,-188.45416869,161.87212868
114.27899899,-188.42304938,161.86526384
114.18413063,-188.39195535,161.85926811
114.08923787,-188.36086188,161.85414982
113.99432961,-188.32974101,161.84991823
113.89941485,-188.29856464,161.84658114
113.80449730,-188.26732093,161.84414474
113.70954548,-188.23610547,161.84261528
113.61454945,-188.20494817,161.84199740
113.51950844,-188.17385099,161.84229574
113.42443109,-188.14278731,161.84351391
113.32934643,-188.11166831,161.84565561
113.23425160,-188.08050246,161.84872317
113.13913665,-188.04932009,161.85271672
113.04399157,-188.01815175,161.85763841
112.94880728,-187.98702528,161.86348757
112.85357652,-187.95596308,161.87026126
112.75827755,-187.92503182,161.87795829
112.66290517,-187.89424779,161.88657528
112.56746200,-187.86360360,161.89610840
112.47195975,-187.83306405,161.90655370
112.37642026,-187.80256309,161.91790611
112.28084872,-187.77208551,161.93015941
112.18524465,-187.74163342,161.94330718
112.08961310,-187.71119210,161.95734310
111.99395952,-187.68074561,161.97225815
111.89828965,-187.65027710,161.98804320
111.80262025,-187.61973559,162.00468965
111.70694960,-187.58912716,162.02218751
111.61127343,-187.55846580,162.04052614
111.51558554,-187.52777152,162.05969449
111.41987848,-187.49706813,162.07968143
111.32414460,-187.46638025,162.10047565
111.22837708,-187.43572999,162.12206603
111.13257124,-187.40513290,162.14444014
111.03672607,-187.37459328,162.16758549
110.94084583,-187.34409911,162.19148997
110.84494206,-187.31361589,162.21614078
110.74900859,-187.28316386,162.24152580
110.65304539,-187.25274430,162.26763094
110.55705249,-187.22235835,162.29444312
110.46102987,-187.19200730,162.32194882
110.36497760,-187.16169228,162.35013368
110.26889571,-187.13141446,162.37898345
110.17278427,-187.10117501,162.40848268
110.07664339,-187.07097494,162.43861700
109.98047314,-187.04081543,162.46937065
109.88427367,-187.01069744,162.50072800
109.78804509,-186.98062207,162.53267422
109.69178754,-186.95059040,162.56519189
109.59550123,-186.92060326,162.59826496
109.49918631,-186.89066176,162.63187639
109.40284299,-186.86076680,162.66600835
109.30647149,-186.83091930,162.70064375
109.21007206,-186.80112014,162.73576438
109.11364496,-186.77137014,162.77135267
109.01719043,-186.74167022,162.80739003
108.92070877,-186.71202112,162.84385802
108.82420028,-186.68242367,162.88073811
108.72766526,-186.65287866,162.91800992
108.63110409,-186.62338666,162.95565472
108.53451710,-186.59394852,162.99365334
108.43790470,-186.56456473,163.03198435
108.34126728,-186.53523591,163.07062789
108.24460528,-186.50596257,163.10956354
108.14791914,-186.47674523,163.14877043
108.05120935,-186.44758432,163.18822712
107.95447640,-186.41848031,163.22791116
107.85772081,-186.38943358,163.26779996
107.76094312,-186.36044452,163.30787001
107.66414393,-186.33151338,163.34809853
107.56732378,-186.30264062,163.38846133
107.47048330,-186.27382641,163.42893298
107.37362311,-186.24507104,163.46948953
107.27674382,-186.21637473,163.51010666
107.17984609,-186.18773770,163.55075892
107.08293058,-186.15916008,163.59142179
106.98599793,-186.13064205,163.63206983
106.88904886,-186.10218359,163.67267737
106.79208408,-186.07378477,163.71321928
106.69510433,-186.04544550,163.75366975
106.59811035,-186.01716575,163.79400247
106.50110295,-185.98894527,163.83419085
106.40408294,-185.96078386,163.87420820
106.30705117,-185.93268125,163.91402691
106.21000850,-185.90463709,163.95361886
106.11295587,-185.87665090,163.99295624
106.01589418,-185.84872233,164.03200938
105.91882445,-185.82085067,164.07074843
105.82174766,-185.79303542,164.10914382
105.72466484,-185.76527589,164.14716424
105.62757706,-185.73757138,164.18477848
105.53048544,-185.70992110,164.22195452
105.43339107,-185.68232430,164.25865963
105.33629512,-185.65478021,164.29485953
105.23919875,-185.62728792,164.33051979
105.14210317,-185.59984660,164.36560658
105.04500955,-185.57245546,164.40008382
104.94791916,-185.54511341,164.43391613
104.85083316,-185.51781974,164.46706902
104.75375279,-185.49057345,164.49950643
104.65667926,-185.46337364,164.53119369
104.55961378,-185.43621928,164.56209699
104.46255753,-185.40910952,164.59218263
104.36551172,-185.38204331,164.62141621
104.26848282,-185.35500016,164.64976506
104.17146186,-185.32801632,164.67719785
104.07444642,-185.30110388,164.70368193
103.97743885,-185.27425743,164.72918797
103.88044452,-185.24746031,164.75368613
103.78347058,-185.22068922,164.77714577
103.68652463,-185.19391893,164.79953912
103.58961382,-185.16712589,164.82083965
103.49274395,-185.14029133,164.84102012
103.39591893,-185.11340336,164.86005376
103.29914024,-185.08645895,164.87791658
103.20239328,-185.05951411,164.89458477
103.10567341,-185.03258845,164.91003608
103.00897637,-185.00570004,164.92425111
102.91229822,-184.97886562,164.93720989
102.81564147,-184.95207802,164.94889432
102.71899890,-184.92536608,164.95928899
102.62234729,-184.89881825,164.96837905
102.52568761,-184.87243265,164.97614980
102.42903083,-184.84616982,164.98258977
102.33237711,-184.82003054,164.98768952
102.23571944,-184.79404201,164.99144005
102.13907782,-184.76813040,164.99383565
102.04246906,-184.74223355,164.99487235
101.94589447,-184.71634681,164.99454842
101.84935484,-184.69046725,164.99286474
101.75283529,-184.66465004,164.98982445
101.65631623,-184.63896768,164.98543220
101.55980497,-184.61339200,164.97969476
101.46330478,-184.58790979,164.97262222
101.36680679,-184.56255275,164.96422651
101.27030901,-184.53732672,164.95452047
101.17383503,-184.51214195,164.94351975
101.07739355,-184.48696407,164.93124119
100.98098307,-184.46179664,164.91770404
100.88460841,-184.43661950,164.90292918
100.78827474,-184.41141107,164.88693837
100.69198761,-184.38614841,164.86975588
100.59576193,-184.36077409,164.85140744
100.49959750,-184.33528627,164.83191983
100.40349179,-184.30969164,164.81132164
100.30744035,-184.28400376,164.78964292
100.21143743,-184.25824093,164.76691476
100.11547677,-184.23242321,164.74316798
100.01955243,-184.20656925,164.71843558
99.92366007,-184.18069170,164.69275196
99.82779818,-184.15479274,164.66615063
99.73196967,-184.12885814,164.63866786
99.63618367,-184.10285095,164.61033999
99.54043473,-184.07678770,164.58120203
99.44472235,-184.05066679,164.55129055
99.34904596,-184.02448679,164.52064242
99.25340501,-183.99824632,164.48929410
99.15779892,-183.97194407,164.45728056
99.06222704,-183.94557907,164.42463772
98.96668879,-183.91915016,164.39140110
98.87118351,-183.89265648,164.35760460
98.77571055,-183.86609722,164.32328288
98.68026930,-183.83947159,164.28846848
98.58485909,-183.81277896,164.25319346
98.48947929,-183.78601882,164.21748885
98.39412928,-183.75919061,164.18138506
98.29880843,-183.73229396,164.14491187
98.20351614,-183.70532851,164.10809589
98.10825175,-183.67829415,164.07096420
98.01301473,-183.65119059,164.03354271
97.91780446,-183.62401784,163.99585454
97.82262039,-183.59677593,163.95792275
97.72746197,-183.56946494,163.91976824
97.63232865,-183.54208509,163.88141034
97.53721996,-183.51463664,163.84286688
97.44213538,-183.48712002,163.80415326
97.34707451,-183.45953559,163.76528246
97.25203694,-183.43188388,163.72626519
97.15702229,-183.40416556,163.68711110
97.06203027,-183.37638115,163.64782667
96.96706062,-183.34853139,163.60841453
96.87211312,-183.32061702,163.56887679
96.77718764,-183.29263874,163.52921279
96.68228409,-183.26459733,163.48941845
96.58740244,-183.23649357,163.44948757
96.49254275,-183.20832818,163.40941218
96.39770515,-183.18010185,163.36918142
96.30288981,-183.15181533,163.32878144
96.20809702,-183.12346925,163.28819733
96.11332714,-183.09506408,163.24741150
96.01858057,-183.06660040,163.20640354
95.92385782,-183.03807862,163.16515236
95.82915947,-183.00949899,163.12363494
95.73448613,-182.98086184,163.08182594
95.63983850,-182.95216730,163.03970016
95.54521733,-182.92341538,162.99723141
95.45062342,-182.89460605,162.95439122
95.35605761,-182.86573920,162.91115181
95.26152082,-182.83681452,162.86748527
95.16701401,-182.80783166,162.82336124
95.07253813,-182.77879025,162.77875032
94.97809420,-182.74968976,162.73362316
94.88368330,-182.72052954,162.68794849
94.78930649,-182.69130894,162.64169672
94.69496488,-182.66202714,162.59483909
94.60065963,-182.63268316,162.54734518
94.50639191,-182.60327601,162.49918601
94.41216289,-182.57380451,162.45033460
94.31797383,-182.54426730,162.40076290
94.22382594,-182.51466302,162.35044333
94.12972043,-182.48499017,162.29935160
94.03565855,-182.45524710,162.24746436
93.94164153,-182.42543203,162.19475950
93.84767054,-182.39554319,162.14121780
93.75374680,-182.36557852,162.08682212
93.65987147,-182.33553597,162.03155675
93.56604571,-182.30541335,161.97540930
93.47227066,-182.27520832,161.91836978
93.37854742,-182.24491845,161.86042907
93.28487703,-182.21454133,161.80158248
93.19126049,-182.18407437,161.74182841
93.09769873,-182.15351498,161.68116859
93.00419265,-182.12286042,161.61960812
92.91074301,-182.09210801,161.55715569
92.81735056,-182.06125490,161.49382433
92.72401592,-182.03029832,161.42963089
92.63073967,-181.99923537,161.36459606
92.53752224,-181.96806326,161.29874315
92.44436401,-181.93677914,161.23209987
92.35126522,-181.90538031,161.16469802
92.25822602,-181.87386400,161.09657229
92.16524643,-181.84222761,161.02776248
92.07232641,-181.81046843,160.95831116
91.97946572,-181.77858402,160.88826451
91.88666410,-181.74657185,160.81767277
91.79392114,-181.71442950,160.74658939
91.70123632,-181.68215466,160.67507017
91.60860901,-181.64974516,160.60317471
91.51603846,-181.61719885,160.53096636
91.42352380,-181.58451377,160.45851021
91.33106405,-181.55168803,160.38587542
91.23865809,-181.51871991,160.31313449
91.14630473,-181.48560771,160.24036148
91.05400259,-181.45235009,160.16763352
90.96175023,-181.41894564,160.09503090
90.86954606,-181.38539326,160.02263420
90.77738838,-181.35169197,159.95052679
90.68527534,-181.31784109,159.87879559
90.59320505,-181.28383989,159.80752731
90.50117541,-181.24968811,159.73681001
90.40918430,-181.21538549,159.66673399
90.31722943,-181.18093206,159.59738954
90.22530847,-181.14632801,159.52886727
90.13341895,-181.11157378,159.46125874
90.04155832,-181.07667001,159.39465580
89.94972393,-181.04161754,159.32914953
89.85791307,-181.00641741,159.26483201
89.76612288,-180.97107097,159.20179522
89.67435052,-180.93557958,159.14012917
89.58259299,-180.89994503,159.07992381
89.49084730,-180.86416916,159.02126806
89.39911033,-180.82825414,158.96424888
89.30737893,-180.79220236,158.90895251
89.21564990,-180.75601634,158.85546227
89.12391997,-180.71969894,158.80386082
89.03219331,-180.68323416,158.75422908
88.94045126,-180.64666428,158.70664348
88.84868604,-180.61000388,158.66117960
88.75689733,-180.57324877,158.61791016
88.66508918,-180.53638390,158.57690339
88.57326755,-180.49938961,158.53822445
88.48143822,-180.46224707,158.50193520
88.38960513,-180.42494231,158.46809481
88.29776924,-180.38746927,158.43675603
88.20593672,-180.34980901,158.40796833
88.11408556,-180.31201384,158.38177716
88.02217638,-180.27418039,158.35822145
87.93019195,-180.23634927,158.33733823
87.83812189,-180.19854404,158.31915828
87.74596195,-180.16077306,158.30370689
87.65376746,-180.12289568,158.29100547
87.56147597,-180.08506693,158.28107032
87.46904285,-180.04739767,158.27391437
87.37644065,-180.00995603,158.26954335
87.28365773,-179.97277105,158.26795853
87.19067344,-179.93589492,158.26915776
87.09750687,-179.89928044,158.27313236
87.00416696,-179.86290650,158.27986995
86.91067806,-179.82671377,158.28935356
86.81708124,-179.79060141,158.30156180
86.72343557,-179.75442388,158.31646824
86.62968212,-179.71833187,158.33404239
86.53582114,-179.68232796,158.35425004
86.44185953,-179.64639822,158.37705193
86.34781127,-179.61051122,158.40240520
86.25371215,-179.57458022,158.43026217
86.15958190,-179.53855950,158.46057080
86.06541121,-179.50247670,158.49327569
85.97119655,-179.46634518,158.52831736
85.87693149,-179.43018593,158.56563239
85.78260786,-179.39402458,158.60515354
85.68821739,-179.35788732,158.64681057
85.59375364,-179.32179593,158.69052991
85.49921459,-179.28576130,158.73623506
85.40460544,-179.24977610,158.78384689
85.30994204,-179.21380592,158.83328279
85.21521843,-179.17787204,158.88445833
85.12043588,-179.14197751,158.93728683
85.02559571,-179.10612529,158.99167913
84.93069934,-179.07031824,159.04754475
84.83574821,-179.03455924,159.10479210
84.74074386,-178.99885098,159.16332819
84.64568782,-178.96319624,159.22305820
84.55058174,-178.92759755,159.28388644
84.45542728,-178.89205746,159.34571737
84.36022614,-178.85657840,159.40845428
84.26498009,-178.82116268,159.47200024
84.16969089,-178.78581259,159.53625819
84.07436040,-178.75053013,159.60113118
83.97899048,-178.71531734,159.66652370
83.88358300,-178.68017613,159.73233985
83.78813989,-178.64510819,159.79848484
83.69266305,-178.61011526,159.86486410
83.59715449,-178.57519873,159.93138406
83.50161616,-178.54036007,159.99795329
83.40605006,-178.50560054,160.06448050
83.31045822,-178.47092124,160.13087585
83.21484265,-178.43632321,160.19705026
83.11920543,-178.40180721,160.26291750
83.02354855,-178.36737409,160.32839353
82.92787406,-178.33302447,160.39339396
82.83218397,-178.29875886,160.45783838
82.73648029,-178.26457768,160.52164775
82.64076505,-178.23048119,160.58474526
82.54504021,-178.19646962,160.64705689
82.44930775,-178.16254301,160.70850978
82.35356960,-178.12870132,160.76903443
82.25782767,-178.09494439,160.82856349
82.16208387,-178.06127191,160.88703387
82.06634002,-178.02768358,160.94438465
81.97059795,-177.99417892,161.00055657
81.87485943,-177.96075731,161.05549417
81.77912619,-177.92741813,161.10914495
81.68339994,-177.89416055,161.16145938
81.58768232,-177.86098377,161.21239024
81.49197495,-177.82788676,161.26189419
81.39627934,-177.79486858,161.30993079
81.30059702,-177.76192806,161.35646234
81.20492940,-177.72906408,161.40145501
81.10927784,-177.69627543,161.44487723
81.01364367,-177.66356077,161.48670077
80.91802814,-177.63091875,161.52690076
80.82243241,-177.59834796,161.56545564
80.72686391,-177.56582774,161.60234725
80.63131138,-177.53339384,161.63756059
80.53577161,-177.50105733,161.67108523
80.44024703,-177.46881203,161.70291269
80.34474371,-177.43664035,161.73303720
80.24926954,-177.40451878,161.76145650
80.15383284,-177.37242225,161.78817092
80.05844116,-177.34032774,161.81318482
79.96310027,-177.30821726,161.83650531
79.86781351,-177.27608004,161.85814223
79.77258125,-177.24391411,161.87810862
79.67738462,-177.21177568,161.89641934
79.58221702,-177.17968379,161.91309306
79.48707243,-177.14765557,161.92815096
79.39194545,-177.11570606,161.94161524
79.29684037,-177.08382033,161.95351076
79.20174319,-177.05203945,161.96386545
79.10663282,-177.02042621,161.97270968
79.01149961,-176.98900797,161.98007568
78.91634372,-176.95778161,161.98599791
78.82117338,-176.92671899,161.99051284
78.72602004,-176.89572032,161.99365829
78.63088054,-176.86479201,161.99547461
78.53575953,-176.83391625,161.99600548
78.44066733,-176.80305758,161.99529443
78.34561772,-176.77216971,161.99338687
78.25061647,-176.74123094,161.99033135
78.15564707,-176.71028787,161.98617696
78.06069648,-176.67937640,161.98097430
77.96575611,-176.64851843,161.97477482
77.87082363,-176.61771651,161.96763162
77.77590458,-176.58694893,161.95959826
77.68097081,-176.55629745,161.95072938
77.58601862,-176.52576864,161.94108172
77.49105236,-176.49534420,161.93071009
77.39608545,-176.46497799,161.91967008
77.30114116,-176.43459368,161.90801871
77.20621844,-176.40418973,161.89581193
77.11131891,-176.37375648,161.88310564
77.01644716,-176.34327523,161.86995530
76.92160792,-176.31272693,161.85641563
76.82680606,-176.28209226,161.84254099
76.73205758,-176.25131824,161.82838496
76.63735892,-176.22041148,161.81400050
76.54270385,-176.18938682,161.79943918
76.44809068,-176.15824543,161.78475073
76.35349807,-176.12704808,161.76998472
76.25891177,-176.09583404,161.75518930
76.16432402,-176.06462307,161.74041060
76.06973331,-176.03341601,161.72569432
75.97514447,-176.00219464,161.71108388
75.88056903,-175.97092061,161.69662060
75.78602590,-175.93953336,161.68234496
75.69151452,-175.90803164,161.66829581
75.59703906,-175.87640007,161.65450881
75.50260121,-175.84463078,161.64101783
75.40818322,-175.81277501,161.62785551
75.31377843,-175.78085045,161.61505120
75.21938033,-175.74887448,161.60263200
75.12498262,-175.71686395,161.59062393
75.03058174,-175.68482770,161.57904903
74.93617780,-175.65276374,161.56792738
74.84174578,-175.62074549,161.55727753
74.74727040,-175.58881723,161.54711443
74.65274553,-175.55699617,161.53745000
74.55817310,-175.52527552,161.52829505
74.46357272,-175.49359592,161.51965726
74.36894956,-175.46194140,161.51154112
74.27431095,-175.43028974,161.50394929
74.17966557,-175.39861499,161.49688122
74.08502250,-175.36689018,161.49033357
73.99038381,-175.33510965,161.48430164
73.89572855,-175.30333671,161.47877715
73.80105280,-175.27158399,161.47374875
73.70635679,-175.23985179,161.46920414
73.61164621,-175.20812440,161.46512848
73.51693343,-175.17636630,161.46150458
73.42221179,-175.14459898,161.45831273
73.32748162,-175.11282330,161.45553049
73.23274327,-175.08104014,161.45313459
73.13799718,-175.04925031,161.45110044
73.04324384,-175.01745463,161.44939991
72.94848379,-174.98565386,161.44800273
72.85371764,-174.95384873,161.44687929
72.75894604,-174.92203995,161.44599809
72.66416971,-174.89022817,161.44532480
72.56938939,-174.85841398,161.44482491
72.47460589,-174.82659795,161.44446219
72.37982004,-174.79478057,161.44420041
72.28503272,-174.76296230,161.44400334
72.19024484,-174.73114351,161.44383376
72.09545731,-174.69932454,161.44365250
72.00067109,-174.66750565,161.44342224
71.90588714,-174.63568703,161.44310728
71.81110644,-174.60386883,161.44266959
71.71632997,-174.57205111,161.44207267
71.62155870,-174.54023388,161.44128160
71.52679361,-174.50841707,161.44026129
71.43203567,-174.47660055,161.43897889
71.33728583,-174.44478415,161.43740272
71.24254504,-174.41296759,161.43550076
71.14781421,-174.38115057,161.43324315
71.05309425,-174.34933270,161.43060331
70.95838602,-174.31751356,161.42755503
70.86369035,-174.28569264,161.42407381
70.76901497,-174.25384879,161.42013859
70.67434834,-174.22201785,161.41572969
70.57968555,-174.19021585,161.41082976
70.48502704,-174.15844261,161.40542479
70.39037734,-174.12668571,161.39950324
70.29575806,-174.09488179,161.39305496
70.20116737,-174.06303687,161.38607392
70.10659625,-174.03117797,161.37855658
70.01203598,-173.99933103,161.37050123
69.91747898,-173.96751823,161.36191050
69.82291977,-173.93575533,161.35278996
69.72833814,-173.90410149,161.34314806
69.63373152,-173.87256325,161.33299584
69.53910546,-173.84112283,161.32234776
69.44447450,-173.80973555,161.31122194
69.34986303,-173.77832738,161.29963835
69.25526983,-173.74690008,161.28761981
69.16069739,-173.71544422,161.27519223
69.06615083,-173.68394233,161.26238377
68.97163539,-173.65237658,161.24922596
68.87715640,-173.62072857,161.23575208
68.78273053,-173.58894673,161.22199751
68.68835432,-173.55703827,161.20799963
68.59402846,-173.52499827,161.19379779
68.49973237,-173.49288384,161.17943379
68.40545198,-173.46073289,161.16495007
68.31117884,-173.42856664,161.15039053
68.21690969,-173.39639110,161.13580094
68.12264622,-173.36419765,161.12122799
68.02839517,-173.33196278,161.10671971
67.93416885,-173.29964671,161.09232366
67.83998577,-173.26719143,161.07808836
67.74584340,-173.23460063,161.06406405
67.65174310,-173.20186650,161.05029970
67.55766580,-173.16904094,161.03684508
67.46360392,-173.13614213,161.02375018
67.36954994,-173.10318799,161.01106409
67.27549648,-173.07019608,160.99883615
67.18143902,-173.03717555,160.98711603
67.08737657,-173.00412544,160.97595142
66.99328183,-172.97112094,160.96538859
66.89913782,-172.93820732,160.95547440
66.80493712,-172.90540226,160.94625403
66.71068088,-172.87269875,160.93777122
66.61638867,-172.84003666,160.93006925
66.52206493,-172.80739977,160.92318927
66.42771634,-172.77476547,160.91717101
66.33335819,-172.74208651,160.91205205
66.23898655,-172.70937132,160.90786870
66.14459601,-172.67663290,160.90465419
66.05016241,-172.64393859,160.90243996
65.95568379,-172.61129177,160.90125551
65.86117597,-172.57864455,160.90112784
65.76665257,-172.54595555,160.90208239
65.67211482,-172.51321945,160.90414171
65.57754383,-172.48048932,160.90732593
65.48292868,-172.44779534,160.91165291
65.38826028,-172.41516271,160.91713749
65.29351402,-172.38266171,160.92379197
65.19868254,-172.35031302,160.93162627
65.10376691,-172.31811333,160.94064747
65.00877813,-172.28603077,160.95085904
64.91373851,-172.25400106,160.96226168
64.81865723,-172.22199812,160.97485395
64.72353221,-172.19002858,160.98862984
64.62836912,-172.15807690,161.00358107
64.53317415,-172.12612618,161.01969689
64.43795407,-172.09415803,161.03696252
64.34272756,-172.06211932,161.05536009
64.24749405,-172.03001332,161.07487026
64.15225019,-171.99785161,161.09546990
64.05699051,-171.96565223,161.11713233
63.96170808,-171.93343764,161.13982958
63.86639557,-171.90123175,161.16353161
63.77104639,-171.86905659,161.18820437
63.67565611,-171.83692799,161.21381176
63.58022415,-171.80485085,161.24031618
63.48475560,-171.77281358,161.26767773
63.38926338,-171.74078172,161.29585515
63.29374193,-171.70877504,161.32480534
63.19819204,-171.67679480,161.35448316
63.10261458,-171.64484215,161.38484377
63.00701040,-171.61291828,161.41584106
62.91138041,-171.58102437,161.44742771
62.81572550,-171.54916163,161.47955669
62.72004658,-171.51733121,161.51217872
62.62434464,-171.48553416,161.54524561
62.52862059,-171.45377166,161.57870973
62.43287541,-171.42204477,161.61252146
62.33711010,-171.39035448,161.64663222
62.24132559,-171.35870186,161.68099401
62.14552289,-171.32708782,161.71555891
62.04970296,-171.29551335,161.75027949
61.95386675,-171.26397933,161.78510943
61.85801522,-171.23248665,161.82000385
61.76214928,-171.20103617,161.85491707
61.66626990,-171.16962857,161.88980653
61.57037793,-171.13826470,161.92463056
61.47447428,-171.10694519,161.95934701
61.37855981,-171.07567068,161.99391780
61.28263536,-171.04444176,162.02830535
61.18670174,-171.01325897,162.06247275
61.09075976,-170.98212277,162.09638585
60.99481017,-170.95103357,162.13001166
60.89885375,-170.91999172,162.16331923
60.80289118,-170.88899759,162.19627840
60.70692320,-170.85805128,162.22886153
60.61095046,-170.82715306,162.26104257
60.51497362,-170.79630297,162.29279699
60.41899329,-170.76550109,162.32410242
60.32301009,-170.73474739,162.35493796
60.22702457,-170.70404181,162.38528388
60.13103733,-170.67338415,162.41512210
60.03504887,-170.64277427,162.44443641
59.93905974,-170.61221183,162.47321199
59.84307042,-170.58169658,162.50143486
59.74708143,-170.55122803,162.52909207
59.65109323,-170.52080576,162.55617350
59.55510627,-170.49042930,162.58266926
59.45912101,-170.46009810,162.60856938
59.36313788,-170.42981152,162.63386640
59.26715729,-170.39956897,162.65855321
59.17117969,-170.36936973,162.68262344
59.07520545,-170.33921312,162.70607178
58.97923496,-170.30909839,162.72889306
58.88326862,-170.27902473,162.75108339
58.78730681,-170.24899132,162.77263913
58.69135578,-170.21897816,162.79355871
58.59540486,-170.18902015,162.81383905
58.49945014,-170.15913036,162.83347778
58.40349266,-170.12930557,162.85247448
58.30753695,-170.09953133,162.87082839
58.21158965,-170.06978611,162.88853884
58.11565832,-170.04004534,162.90560596
58.01975045,-170.01028467,162.92202925
57.92387254,-169.98048282,162.93780945
57.82802939,-169.95062409,162.95294805
57.73222347,-169.92070020,162.96744541
57.63643958,-169.89076038,162.98130232
57.54067292,-169.86082025,162.99452003
57.44491886,-169.83089484,163.00710036
57.34917303,-169.80099838,163.01904530
57.25343491,-169.77113254,163.03035510
57.15770271,-169.74130314,163.04103121
57.06195593,-169.71157763,163.05107496
56.96618304,-169.68199408,163.06048668
56.87038070,-169.65256362,163.06926721
56.77455269,-169.62327397,163.07741585
56.67871831,-169.59406182,163.08493234
56.58288360,-169.56490746,163.09181643
56.48705634,-169.53578551,163.09806718
56.39124530,-169.50666737,163.10368318
56.29545934,-169.47752405,163.10866176
56.19969749,-169.44835904,163.11299998
56.10394292,-169.41922799,163.11669388
56.00819274,-169.39014089,163.11973840
55.91244782,-169.36109542,163.12212835
55.81671374,-169.33207382,163.12385621
55.72100196,-169.30303916,163.12491375
55.62531313,-169.27399000,163.12529196
55.52963693,-169.24496134,163.12498070
55.43396871,-169.21596954,163.12396864
55.33830854,-169.18701543,163.12224327
55.24266028,-169.15808740,163.11979128
55.14704068,-169.12913164,163.11659896
55.05145525,-169.10013124,163.11265286
54.95589594,-169.07111406,163.10793860
54.86035462,-169.04210809,163.10244045
54.76482401,-169.01313864,163.09614418
54.66929842,-168.98422566,163.08903495
54.57375859,-168.95543382,163.08109784
54.47820058,-168.92677718,163.07231839
54.38262772,-168.89824591,163.06268184
54.28705171,-168.86980245,163.05217595
54.19149370,-168.84137827,163.04078797
54.09595971,-168.81295443,163.02850583
54.00044998,-168.78453106,163.01532010
53.90497007,-168.75609063,163.00122138
53.80952589,-168.72761453,162.98620209
53.71412364,-168.69908299,162.97025634
53.61878015,-168.67044178,162.95337910
53.52349461,-168.64169397,162.93556761
53.42826376,-168.61285039,162.91682087
53.33308248,-168.58392775,162.89714036
53.23794452,-168.55494634,162.87652813
53.14284326,-168.52592728,162.85498894
53.04777290,-168.49688895,162.83253109
52.95272957,-168.46784311,162.80916255
52.85771280,-168.43879035,162.78489413
52.76272711,-168.40971475,162.75974022
52.66778392,-168.38057794,162.73371622
52.57287762,-168.35139666,162.70683940
52.47800842,-168.32216855,162.67913090
52.38317644,-168.29289129,162.65061340
52.28838176,-168.26356257,162.62131173
52.19362437,-168.23418013,162.59125369
52.09890423,-168.20474173,162.56046819
52.00422119,-168.17524517,162.52898632
51.90957503,-168.14568839,162.49684226
51.81496552,-168.11606922,162.46407199
51.72039230,-168.08638566,162.43071271
51.62585497,-168.05663574,162.39680380
51.53135303,-168.02681756,162.36238765
51.43688594,-167.99692925,162.32750837
51.34245307,-167.96696904,162.29221244
51.24805371,-167.93693522,162.25654746
51.15368707,-167.90682621,162.22056254
51.05935228,-167.87664049,162.18431046
50.96504840,-167.84637670,162.14784535
50.87077442,-167.81603344,162.11122154
50.77652922,-167.78560964,162.07449585
50.68231164,-167.75510422,162.03772693
50.58812040,-167.72451630,162.00097344
50.49395420,-167.69384508,161.96429626
50.39981162,-167.66308994,161.92775674
50.30569122,-167.63225034,161.89141624
50.21159146,-167.60132593,161.85533842
50.11751075,-167.57031647,161.81958689
50.02344743,-167.53922193,161.78422574
49.92939981,-167.50804223,161.74931882
49.83536610,-167.47677772,161.71493052
49.74134450,-167.44542862,161.68112578
49.64733310,-167.41399553,161.64796882
49.55332999,-167.38247911,161.61552450
49.45933319,-167.35088016,161.58385698
49.36534689,-167.31918115,161.55303049
49.27135685,-167.28741950,161.52310751
49.17735687,-167.25560869,161.49414913
49.08334643,-167.22374532,161.46621780
48.98932875,-167.19181508,161.43937264
48.89530885,-167.15979840,161.41367099
48.80129228,-167.12767444,161.38916964
48.70728366,-167.09542515,161.36592278
48.61328587,-167.06303795,161.34398344
48.51929921,-167.03050801,161.32340182
48.42532090,-166.99783979,161.30422507
48.33132905,-166.96509475,161.28649670
48.23731387,-166.93229840,161.27025896
48.14326618,-166.89947455,161.25555090
48.04918479,-166.86662383,161.24240623
47.95504966,-166.83380243,161.23085550
47.86084743,-166.80104725,161.22092546
47.76657607,-166.76836229,161.21263810
47.67223057,-166.73576053,161.20601137
47.57780252,-166.70326550,161.20105940
47.48328969,-166.67088288,161.19779071
47.38870538,-166.63857323,161.19620922
47.29404673,-166.60634503,161.19631427
47.19931330,-166.57420013,161.19809981
47.10450701,-166.54213395,161.20155527
47.00961381,-166.51018930,161.20666438
46.91463518,-166.47836385,161.21340627
46.81957870,-166.44663776,161.22175415
46.72444528,-166.41501134,161.23167557
46.62923715,-166.38348136,161.24313421
46.53396671,-166.35201515,161.25608791
46.43865295,-166.32056101,161.27048920
46.34329598,-166.28912301,161.28628635
46.24790393,-166.25768191,161.30342354
46.15248563,-166.22621675,161.32183962
46.05706194,-166.19467082,161.34147002
45.96163471,-166.16304417,161.36224643
45.86620288,-166.13134576,161.38409576
45.77076293,-166.09959210,161.40694184
45.67530972,-166.06780477,161.43070448
45.57983740,-166.03600771,161.45530118
45.48434070,-166.00422341,161.48064658
45.38881641,-165.97246859,161.50665229
45.29326506,-165.94074896,161.53322757
45.19769295,-165.90905328,161.56027882
45.10211445,-165.87734636,161.58771157
45.00652563,-165.84564755,161.61542952
44.91092887,-165.81395759,161.64333486
44.81532656,-165.78227719,161.67132894
44.71972117,-165.75060693,161.69931189
44.62411518,-165.71894735,161.72718379
44.52851111,-165.68729893,161.75484466
44.43291746,-165.65564381,161.78219436
44.33732508,-165.62401818,161.80913307
44.24173272,-165.59243406,161.83556094
44.14614475,-165.56088624,161.86137892
44.05056904,-165.52935866,161.88648964
43.95501531,-165.49782954,161.91079593
43.85949355,-165.46627606,161.93420187
43.76401285,-165.43467797,161.95661400
43.66858041,-165.40302069,161.97794047
43.57320083,-165.37129749,161.99809140
43.47787558,-165.33951106,162.01698004
43.38258772,-165.30772041,162.03452230
43.28733948,-165.27592552,162.05063630
43.19211382,-165.24418594,162.06524398
43.09689984,-165.21254209,162.07827115
43.00169232,-165.18101649,162.08964644
42.90649871,-165.14959209,162.09930311
42.81132866,-165.11824479,162.10717897
42.71616458,-165.08703437,162.11321560
42.62099693,-165.05599532,162.11735986
42.52582339,-165.02513917,162.11956509
42.43065773,-164.99442709,162.11978866
42.33550008,-164.96386190,162.11799409
42.24033557,-164.93349227,162.11415144
42.14516629,-164.90331371,162.10823604
42.05000230,-164.87329643,162.10023000
41.95486279,-164.84338173,162.09012157
41.85975792,-164.81353837,162.07790443
41.76467691,-164.78379941,162.06357802
41.66962805,-164.75413835,162.04714921
41.57462519,-164.72451096,162.02863098
41.47968834,-164.69485352,162.00804055
41.38481977,-164.66515696,161.98540296
41.29004144,-164.63535141,161.96074927
41.19535583,-164.60542635,161.93411463
41.10076198,-164.57538131,161.90554200
41.00625600,-164.54522441,161.87507864
40.91183170,-164.51497039,161.84277740
40.81748161,-164.48463739,161.80869710
40.72319824,-164.45424328,161.77290045
40.62897563,-164.42380058,161.73545673
40.53481137,-164.39331071,161.69643961
40.44070880,-164.36275703,161.65592680
40.34667977,-164.33209680,161.61400129
40.25271709,-164.30134506,161.57074926
40.15881973,-164.27049782,161.52626127
40.06498648,-164.23955127,161.48063083
39.97121598,-164.20850196,161.43395444
39.87750672,-164.17734665,161.38633113
39.78385704,-164.14608238,161.33786209
39.69026516,-164.11470647,161.28865141
39.59672914,-164.08321653,161.23880388
39.50324693,-164.05161044,161.18842539
39.40981637,-164.01988641,161.13762321
39.31643516,-163.98804294,161.08650534
39.22310091,-163.95607884,161.03517982
39.12981117,-163.92399311,160.98375398
39.03656335,-163.89178522,160.93233385
38.94335484,-163.85945480,160.88102573
38.85018295,-163.82700181,160.82993458
38.75704492,-163.79442648,160.77916198
38.66393799,-163.76172928,160.72880870
38.57085934,-163.72891094,160.67897317
38.47780611,-163.69597253,160.62975055
38.38477541,-163.66291533,160.58123476
38.29176437,-163.62974079,160.53351666
38.19877011,-163.59645064,160.48668267
38.10578969,-163.56304690,160.44081708
38.01282020,-163.52953179,160.39600185
37.91985883,-163.49590760,160.35231351
37.82690268,-163.46217701,160.30982509
37.73394892,-163.42834282,160.26860627
37.64099481,-163.39440795,160.22872100
37.54803756,-163.36037570,160.19022943
37.45508122,-163.32623088,160.15318881
37.36210996,-163.29201322,160.11765069
37.26911679,-163.25773843,160.08366132
37.17610101,-163.22340525,160.05126386
37.08306596,-163.18900170,160.02049747
36.99001710,-163.15451033,159.99139464
36.89696035,-163.11991293,159.96398367
36.80390084,-163.08519376,159.93828904
36.71084187,-163.05034253,159.91432826
36.61778404,-163.01535662,159.89211542
36.52472490,-162.98024221,159.87166040
36.43164147,-162.94506196,159.85296573
36.33852419,-162.90984193,159.83603058
36.24536438,-162.87460599,159.82084972
36.15215430,-162.83937580,159.80741330
36.05889814,-162.80414087,159.79570699
35.96557704,-162.76895360,159.78571114
35.87215921,-162.73390176,159.77740325
35.77864742,-162.69897970,159.77075590
35.68505697,-162.66414814,159.76573795
35.59138950,-162.62940518,159.76231449
35.49763664,-162.59477642,159.76044617
35.40383076,-162.56017726,159.76009113
35.30998659,-162.52557119,159.76120323
35.21610607,-162.49095674,159.76373349
35.12219065,-162.45633407,159.76763038
35.02821328,-162.42178079,159.77283797
34.93415220,-162.38736047,159.77929855
34.84002051,-162.35304229,159.78695217
34.74582507,-162.31881254,159.79573645
34.65155818,-162.28469715,159.80558716
34.55722124,-162.25069744,159.81643910
34.46285064,-162.21671986,159.82822587
34.36845166,-162.18275527,159.84087910
34.27402722,-162.14880093,159.85433044
34.17958539,-162.11484006,159.86851158
34.08513457,-162.08085499,159.88335437
33.99068338,-162.04682724,159.89879043
33.89625300,-162.01270377,159.91475192
33.80184299,-161.97849062,159.93117202
33.70744975,-161.94420241,159.94798526
33.61306731,-161.90986017,159.96512879
33.51868812,-161.87548908,159.98254103
33.42430430,-161.84111511,160.00016150
33.32990893,-161.80676153,160.01793323
33.23549755,-161.77244468,160.03580126
33.14106994,-161.73816921,160.05371259
33.04663201,-161.70392270,160.07161735
32.95219798,-161.66966970,160.08946738
32.85776155,-161.63543089,160.10721732
32.76332344,-161.60120745,160.12482472
32.66888438,-161.56700041,160.14225008
32.57445193,-161.53279152,160.15945657
32.48001389,-161.49861729,160.17640961
32.38556565,-161.46449299,160.19307845
32.29110829,-161.43041780,160.20943469
32.19664694,-161.39637942,160.22545278
32.10218925,-161.36235827,160.24111032
32.00774406,-161.32833121,160.25638754
31.91332020,-161.29427481,160.27126825
31.81892551,-161.26016825,160.28573815
31.72456593,-161.22599562,160.29978662
31.63024481,-161.19174811,160.31340620
31.53594478,-161.15747436,160.32659179
31.44166028,-161.12319003,160.33934161
31.34738588,-161.08891018,160.35165686
31.25311637,-161.05464921,160.36354123
31.15884959,-161.02041263,160.37500099
31.06458600,-160.98619851,160.38604574
30.97030085,-160.95207567,160.39668617
30.87597941,-160.91808461,160.40693612
30.78161627,-160.88423955,160.41681147
30.68721416,-160.85053152,160.42632926
30.59279407,-160.81690006,160.43550942
30.49836162,-160.78332773,160.44437416
30.40392454,-160.74979105,160.45294717
30.30949174,-160.71626306,160.46125310
30.21507238,-160.68271592,160.46931960
30.12066733,-160.64914496,160.47717415
30.02625474,-160.61560942,160.48484553
29.93182991,-160.58212017,160.49236500
29.83739239,-160.54867610,160.49976303
29.74294723,-160.51526049,160.50707125
29.64850636,-160.48183709,160.51432348
29.55406892,-160.44840558,160.52155402
29.45962153,-160.41500112,160.52879699
29.36515749,-160.38163988,160.53608831
29.27067550,-160.34832267,160.54346513
29.17617844,-160.31503847,160.55096400
29.08168486,-160.28173164,160.55862317
28.98719528,-160.24839767,160.56648167
28.89269899,-160.21506388,160.57457762
28.79818547,-160.18175721,160.58294918
28.70364524,-160.14850156,160.59163576
28.60907077,-160.11531539,160.60067554
28.51443928,-160.08226044,160.61010572
28.41974573,-160.04934825,160.61996434
28.32499312,-160.01656758,160.63028766
28.23019359,-159.98388134,160.64111156
28.13536938,-159.95122379,160.65247091
28.04052140,-159.91858973,160.66439978
27.94564916,-159.88597803,160.67693048
27.85075654,-159.85337532,160.69009411
27.75584768,-159.82076746,160.70392150
27.66092704,-159.78813955,160.71843973
27.56601061,-159.75544358,160.73367454
27.47109464,-159.72268833,160.74965123
27.37617294,-159.68988968,160.76639278
27.28123758,-159.65706867,160.78392015
27.18627971,-159.62424911,160.80225278
27.09129051,-159.59145491,160.82140877
26.99626235,-159.55870680,160.84140480
26.90119003,-159.52601866,160.86225561
26.80607233,-159.49339313,160.88397389
26.71091359,-159.46081698,160.90657131
26.61572564,-159.42825564,160.93005775
26.52050136,-159.39572904,160.95444146
26.42524029,-159.36323806,160.97972934
26.32994204,-159.33078360,161.00592579
26.23460626,-159.29836656,161.03303434
26.13923262,-159.26598791,161.06105714
26.04382082,-159.23364864,161.08999442
25.94837059,-159.20134982,161.11984378
25.85288172,-159.16909245,161.15060227
25.75735400,-159.13687766,161.18226649
25.66178727,-159.10470653,161.21482973
25.56618139,-159.07258020,161.24828486
25.47053623,-159.04049985,161.28262408
25.37485170,-159.00846664,161.31783784
25.27912773,-158.97648178,161.35391601
25.18336428,-158.94454649,161.39084765
25.08756129,-158.91266203,161.42862027
24.99171878,-158.88082965,161.46722029
24.89583678,-158.84905053,161.50663392
24.79991532,-158.81732601,161.54684585
24.70395448,-158.78565722,161.58784041
24.60795437,-158.75404540,161.62960144
24.51191511,-158.72249172,161.67211168
24.41583686,-158.69099733,161.71535387
24.31971980,-158.65956337,161.75930899
24.22356416,-158.62819089,161.80395812
24.12737017,-158.59688099,161.84928143
24.03113816,-158.56563465,161.89525779
23.93486844,-158.53445284,161.94186541
23.83856137,-158.50333657,161.98908030
23.74221739,-158.47228662,162.03687951
23.64583694,-158.44130393,162.08523833
23.54942052,-158.41038926,162.13413021
23.45296863,-158.37954345,162.18352887
23.35648185,-158.34876726,162.23340610
23.25996077,-158.31806134,162.28373363
23.16340602,-158.28742642,162.33448203
23.06681826,-158.25686313,162.38562081
22.97019819,-158.22637211,162.43711954
22.87354651,-158.19595401,162.48894537
22.77686401,-158.16560926,162.54106566
22.68015145,-158.13533849,162.59344795
22.58340963,-158.10514218,162.64605780
22.48663941,-158.07502080,162.69886039
22.38984163,-158.04497475,162.75182015
22.29301721,-158.01500434,162.80490161
22.19616703,-157.98510997,162.85806964
22.09929205,-157.95529184,162.91128827
22.00239319,-157.92555025,162.96452138
21.90547142,-157.89588541,163.01773147
21.80852777,-157.86629733,163.07088136
21.71156324,-157.83678622,163.12393553
21.61457884,-157.80735213,163.17685563
21.51757567,-157.77799501,163.22960300
21.42055476,-157.74871481,163.28214019
21.32351724,-157.71951138,163.33443028
21.22646418,-157.69038460,163.38643563
21.12939671,-157.66133425,163.43811882
21.03231590,-157.63236015,163.48944278
20.93522287,-157.60346202,163.54036973
20.83811876,-157.57463950,163.59086394
20.74100468,-157.54589228,163.64088956
20.64388172,-157.51722007,163.69040955
20.54675102,-157.48862233,163.73938897
20.44961367,-157.46009865,163.78779334
20.35247079,-157.43164849,163.83558862
20.25532346,-157.40327136,163.88274170
20.15817276,-157.37496657,163.92922098
20.06101975,-157.34673357,163.97499512
19.96386552,-157.31857151,164.02003340
19.86671113,-157.29047962,164.06430676
19.76955767,-157.26245699,164.10778636
19.67240617,-157.23450273,164.15044439
19.57525775,-157.20661570,164.19225358
19.47811344,-157.17879489,164.23318728
19.38097435,-157.15103908,164.27321913
19.28384156,-157.12334712,164.31232338
19.18671618,-157.09571762,164.35047456
19.08959926,-157.06814941,164.38764668
18.99249197,-157.04064095,164.42381500
18.89539534,-157.01319093,164.45895532
18.79831049,-156.98579784,164.49304434
18.70123846,-156.95846028,164.52605920
18.60418035,-156.93117670,164.55797735
18.50714263,-156.90392566,164.58877757
18.41011583,-156.87674406,164.61843839
18.31309726,-156.84964410,164.64693910
18.21608907,-156.82262001,164.67426079
18.11909660,-156.79565432,164.70038424
18.02212697,-156.76872279,164.72529213
17.92518776,-156.74179931,164.74896879
17.82828608,-156.71485933,164.77139895
17.73142764,-156.68788322,164.79256880
17.63461621,-156.66085836,164.81246596
17.53785306,-156.63378127,164.83107944
17.44112285,-156.60670918,164.84839916
17.34442053,-156.57966174,164.86441681
17.24774150,-156.55265703,164.87912541
17.15108152,-156.52571159,164.89251914
17.05444310,-156.49881683,164.90459311
16.95781820,-156.47200330,164.91534481
16.86118847,-156.44533983,164.92477243
16.76454501,-156.41885992,164.93287490
16.66788118,-156.39258850,164.93965385
16.57123215,-156.36639480,164.94511146
16.47458302,-156.34033414,164.94925098
16.37794057,-156.31438095,164.95207812
16.28131656,-156.28849093,164.95359946
16.18473527,-156.26257313,164.95382292
16.08821151,-156.23657152,164.95275673
15.99172878,-156.21054647,164.95041209
15.89526479,-156.18457957,164.94680210
15.79880904,-156.15870857,164.94193897
15.70235608,-156.13295207,164.93583791
15.60592240,-156.10724694,164.92851465
15.50947446,-156.08171613,164.91998561
15.41302041,-156.05632720,164.91026988
15.31657063,-156.03103944,164.89938593
15.22014474,-156.00577768,164.88735320
15.12374913,-155.98051587,164.87419270
15.02738313,-155.95525420,164.85992667
14.93105167,-155.92997208,164.84457823
14.83476000,-155.90464770,164.82816945
14.73851370,-155.87925810,164.81072448
14.64232850,-155.85374337,164.79226770
14.54620342,-155.82810484,164.77282244
14.45013505,-155.80235278,164.75241404
14.35411809,-155.77650439,164.73106727
14.25814595,-155.75058150,164.70880660
14.16221167,-155.72460732,164.68565787
14.06630888,-155.69860267,164.66164732
13.97043307,-155.67258162,164.63680003
13.87458292,-155.64654642,164.61114137
13.77876197,-155.62048157,164.58469797
13.68298044,-155.59434719,164.55749584
13.58723254,-155.56816210,164.52956021
13.49151797,-155.54192492,164.50091710
13.39583642,-155.51563433,164.47159212
13.30018758,-155.48928916,164.44160999
13.20457112,-155.46288818,164.41099711
13.10898672,-155.43643021,164.37977949
13.01343404,-155.40991407,164.34798143
12.91791272,-155.38333879,164.31562850
12.82242239,-155.35670332,164.28274724
12.72696269,-155.33000662,164.24936313
12.63153324,-155.30324777,164.21550173
12.53613364,-155.27642587,164.18118818
12.44076351,-155.24954003,164.14644734
12.34542245,-155.22258946,164.11130527
12.25011003,-155.19557341,164.07578733
12.15482586,-155.16849109,164.03991826
12.05956949,-155.14134187,164.00372218
11.96434048,-155.11412515,163.96722396
11.86913838,-155.08684036,163.93044919
11.77396274,-155.05948694,163.89342237
11.67881306,-155.03206446,163.85616805
11.58368889,-155.00457247,163.81871056
11.48858972,-154.97701063,163.78107381
11.39351507,-154.94937865,163.74328170
11.29846444,-154.92167625,163.70535721
11.20343734,-154.89390326,163.66732288
11.10843324,-154.86605960,163.62920102
11.01345164,-154.83814523,163.59101318
10.91849199,-154.81016018,163.55278068
10.82355380,-154.78210448,163.51452411
10.72863655,-154.75397830,163.47626345
10.63373972,-154.72578181,163.43801826
10.53886280,-154.69751526,163.39980612
10.44400531,-154.66917892,163.36164411
10.34916678,-154.64077307,163.32354890
10.25434674,-154.61229813,163.28553521
10.15954473,-154.58375449,163.24761779
10.06476031,-154.55514255,163.20980988
9.96999308,-154.52646275,163.17212391
9.87524262,-154.49771557,163.13457200
9.78050857,-154.46890142,163.09716465
9.68579055,-154.44002080,163.05991217
9.59108824,-154.41107412,163.02282398
9.49640129,-154.38206188,162.98590891
9.40172941,-154.35298452,162.94917456
9.30707228,-154.32384258,162.91262813
9.21242962,-154.29463648,162.87627707
9.11780118,-154.26536668,162.84012756
9.02318667,-154.23603374,162.80418512
8.92858583,-154.20663809,162.76845569
8.83399845,-154.17718023,162.73294392
8.73942427,-154.14766068,162.69765442
8.64486308,-154.11807991,162.66259161
8.55031467,-154.08843842,162.62775862
8.45577884,-154.05873667,162.59315838
8.36125539,-154.02897524,162.55879446
8.26674413,-153.99915458,162.52466968
8.17224490,-153.96927516,162.49078501
8.07775752,-153.93933750,162.45714286
7.98328185,-153.90934204,162.42374559
7.88881772,-153.87928925,162.39059403
7.79436499,-153.84917962,162.35768964
7.69992352,-153.81901356,162.32503411
7.60549319,-153.78879148,162.29262816
7.51107386,-153.75851384,162.26047248
7.41666540,-153.72818105,162.22856858
7.32226770,-153.69779350,162.19691789
7.22788064,-153.66735154,162.16552087
7.13350407,-153.63685562,162.13437900
7.03913791,-153.60630606,162.10349325
6.94478201,-153.57570323,162.07286482
6.85043623,-153.54504757,162.04249545
6.75610045,-153.51433942,162.01238720
6.66177453,-153.48357910,161.98254160
6.56745830,-153.45276711,161.95295991
6.47315162,-153.42190378,161.92364459
6.37885432,-153.39098952,161.89459849
6.28456627,-153.36002468,161.86582335
6.19028726,-153.32900980,161.83732073
6.09601717,-153.29794516,161.80909307
6.00175578,-153.26683129,161.78114186
5.90750293,-153.23566864,161.75346965
5.81325845,-153.20445762,161.72607920
5.71902215,-153.17319864,161.69897154
5.62479382,-153.14189229,161.67214940
5.53057329,-153.11053889,161.64561556
5.43636038,-153.07913897,161.61937168
5.34215490,-153.04769292,161.59341946
5.24795665,-153.01620127,161.56776156
5.15376547,-152.98466438,161.54240019
5.05958114,-152.95308278,161.51733643
4.96540347,-152.92145691,161.49257393
4.87123230,-152.88978715,161.46811475
4.77706741,-152.85807395,161.44396048
4.68290857,-152.82631783,161.42011527
4.58875563,-152.79451904,161.39658150
4.49460837,-152.76267810,161.37336134
4.40046659,-152.73079529,161.35045897
4.30633008,-152.69887107,161.32787824
4.21219865,-152.66690570,161.30562239
4.11807204,-152.63489963,161.28369578
4.02395004,-152.60285314,161.26210384
3.92983243,-152.57076650,161.24085068
3.83571893,-152.53864014,161.21994200
3.74160924,-152.50647439,161.19938543
3.64750313,-152.47426947,161.17918726
3.55340024,-152.44202583,161.15935488
3.45930027,-152.40974376,161.13989646
3.36520286,-152.37742369,161.12081998
3.27111436,-152.34504643,161.10213457
3.17702193,-152.31264868,161.08384976
3.08292024,-152.28024515,161.06597503
2.98880955,-152.24783424,161.04851946
2.89469408,-152.21540287,161.03149356
2.80058055,-152.18293075,161.01490866
2.70647681,-152.15039428,160.99877507
2.61239063,-152.11777012,160.98310365
2.51832878,-152.08503783,160.96790519
2.42429610,-152.05218265,160.95319107
2.33029484,-152.01919729,160.93897305
2.23630712,-151.98613297,160.92526216
2.14232657,-151.95300730,160.91206871
2.04834700,-151.91983736,160.89940302
1.95436239,-151.88663966,160.88727625
1.86037039,-151.85342018,160.87569848
1.76636960,-151.82018211,160.86468046
1.67233480,-151.78699704,160.85423233
1.57825106,-151.75390705,160.84436328
1.48411277,-151.72092731,160.83508362
1.38992263,-151.68804914,160.82640286
1.29570147,-151.65521191,160.81832975
1.20145486,-151.62239873,160.81087292
1.10719050,-151.58958671,160.80404151
1.01291730,-151.55674953,160.79784417
0.91864443,-151.52386016,160.79228890
0.82437153,-151.49091899,160.78738437
0.73007734,-151.45798659,160.78313768
0.63575734,-151.42507535,160.77955570
0.54141130,-151.39218538,160.77664495
0.44704451,-151.35930100,160.77441182
0.35266909,-151.32638699,160.77286216
0.25827735,-151.29346505,160.77200017
0.16386876,-151.26053628,160.77183091
0.06944284,-151.22760180,160.77235878
-0.02499362,-151.19464182,160.77358701
-0.11945384,-151.16169408,160.77551872
-0.21394426,-151.12877685,160.77815562
-0.30846571,-151.09589248,160.78149960
-0.40301471,-151.06303095,160.78555108
-0.49757141,-151.03013521,160.79030972
-0.59213474,-150.99720227,160.79577545
-0.68671502,-150.96426193,160.80194591
-0.78132238,-150.93134353,160.80881892
-0.87596579,-150.89847312,160.81639199
-0.97065212,-150.86567092,160.82466079
-1.06540372,-150.83300154,160.83362188
-1.16022476,-150.80047753,160.84327092
-1.25511100,-150.76808726,160.85360266
-1.35004864,-150.73579171,160.86461127
-1.44501332,-150.70352153,160.87629001
-1.54000285,-150.67127096,160.88863400
-1.63501628,-150.63903790,160.90163587
-1.73004822,-150.60680742,160.91528740
-1.82509305,-150.57456391,160.92958220
-1.92014489,-150.54229099,160.94451166
-2.01518609,-150.50993803,160.96006773
-2.11021928,-150.47751322,160.97624190
-2.20524966,-150.44503228,160.99302458
-2.30028444,-150.41251685,161.01040627
-2.39533188,-150.37999160,161.02837650
-2.49040034,-150.34748164,161.04692600
-2.58549707,-150.31500894,161.06604388
-2.68062687,-150.28258833,161.08571867
-2.77579049,-150.25022310,161.10593928
-2.87098300,-150.21789987,161.12669329
-2.96619177,-150.18558301,161.14796823
-3.06142346,-150.15329296,161.16975078
-3.15667796,-150.12103044,161.19202912
-3.25195521,-150.08879639,161.21478954
-3.34725503,-150.05659147,161.23801750
-3.44257733,-150.02441651,161.26170006
-3.53792193,-149.99227224,161.28582290
-3.63328869,-149.96015945,161.31037114
-3.72867743,-149.92807888,161.33532946
-3.82408794,-149.89603124,161.36068281
-3.91952004,-149.86401729,161.38641459
-4.01497350,-149.83203766,161.41250866
-4.11044808,-149.80009305,161.43895043
-4.20594360,-149.76818422,161.46572287
-4.30145979,-149.73631172,161.49280979
-4.39699644,-149.70447628,161.52019556
-4.49255331,-149.67267854,161.54786456
-4.58813019,-149.64091920,161.57580124
-4.68372683,-149.60919887,161.60398888
-4.77934300,-149.57751816,161.63241260
-4.87497848,-149.54587775,161.66105621
-4.97063299,-149.51427815,161.68990439
-5.06630632,-149.48271994,161.71894280
-5.16199825,-149.45120373,161.74815663
-5.25770853,-149.41972999,161.77753200
-5.35343695,-149.38829925,161.80705514
-5.44918329,-149.35691199,161.83671309
-5.54494732,-149.32556870,161.86649262
-5.64072882,-149.29426981,161.89638061
-5.73652758,-149.26301572,161.92636565
-5.83234338,-149.23180687,161.95643537
-5.92817598,-149.20064356,161.98657748
-6.02402517,-149.16952614,162.01678120
-6.11989073,-149.13845493,162.04703575
-6.21577242,-149.10743019,162.07733002
-6.31167005,-149.07645221,162.10765402
-6.40758340,-149.04552125,162.13799755
-6.50351223,-149.01463745,162.16835105
-6.59945636,-148.98380111,162.19870547
-6.69541554,-148.95301233,162.22905131
-6.79138959,-148.92227134,162.25938000
-6.88737827,-148.89157820,162.28968262
-6.98338139,-148.86093311,162.31995114
-7.07939873,-148.83033614,162.35017745
-7.17543008,-148.79978734,162.38035368
-7.27147522,-148.76928681,162.41047258
-7.36753395,-148.73883462,162.44052597
-7.46360605,-148.70843069,162.47050801
-7.55969134,-148.67807515,162.50041147
-7.65578958,-148.64776787,162.53022894
-7.75190056,-148.61750888,162.55995517
-7.84802407,-148.58729810,162.58958368
-7.94415988,-148.55713543,162.61910751
-8.04030777,-148.52702077,162.64851990
-8.13646748,-148.49695393,162.67781612
-8.23263878,-148.46693482,162.70698950
-8.32882142,-148.43696320,162.73603289
-8.42501513,-148.40703885,162.76494097
-8.52121968,-148.37716166,162.79370688
-8.61743475,-148.34733128,162.82232441
-8.71366009,-148.31754755,162.85078697
-8.80989540,-148.28781016,162.87908708
-8.90614039,-148.25811890,162.90721780
-9.00239475,-148.22847341,162.93517192
-9.09865816,-148.19887340,162.96294281
-9.19493033,-148.16931862,162.99052282
-9.29121092,-148.13980867,163.01790472
-9.38749963,-148.11034328,163.04508125
-9.48379613,-148.08092215,163.07204454
-9.58010008,-148.05154490,163.09878696
-9.67641116,-148.02221124,163.12530033
-9.77272904,-147.99292086,163.15157724
-9.86905339,-147.96367346,163.17760998
-9.96538390,-147.93446869,163.20339015
-10.06172024,-147.90530626,163.22891051
-10.15806214,-147.87618592,163.25416425
-10.25440926,-147.84710730,163.27914447
-10.35076136,-147.81807023,163.30384431
-10.44711816,-147.78907433,163.32825714
-10.54347939,-147.76011934,163.35237751
-10.63984480,-147.73120497,163.37620096
-10.73621417,-147.70233092,163.39972256
-10.83258727,-147.67349689,163.42293740
-10.92896389,-147.64470256,163.44584187
-11.02534380,-147.61594757,163.46843285
-11.12172682,-147.58723159,163.49070704
-11.21811275,-147.55855431,163.51266231
-11.31450142,-147.52991535,163.53429610
-11.41089265,-147.50131431,163.55560620
-11.50728627,-147.47275079,163.57659247
-11.60368213,-147.44422443,163.59725392
-11.70008010,-147.41573486,163.61758974
-11.79648001,-147.38728158,163.63760012
-11.89288176,-147.35886421,163.65728516
-11.98928519,-147.33048232,163.67664537
-12.08569020,-147.30213543,163.69568219
-12.18209668,-147.27382311,163.71439668
-12.27850450,-147.24554492,163.73278991
-12.37491357,-147.21730034,163.75086368
-12.47132377,-147.18908889,163.76862010
-12.56773501,-147.16091012,163.78606114
-12.66414721,-147.13276357,163.80318835
-12.76056025,-147.10464864,163.82000475
-12.85697406,-147.07656497,163.83651319
-12.95338857,-147.04851203,163.85271560
-13.04980370,-147.02048935,163.86861526
-13.14621940,-146.99249652,163.88421516
-13.24262992,-146.96451327,163.89951840
-13.33904559,-146.93657528,163.91452797
-13.43547068,-146.90869713,163.92924750
-13.53190482,-146.88087728,163.94368136
-13.62834429,-146.85310241,163.95783235
-13.72478317,-146.82535157,163.97170600
-13.82121449,-146.79760000,163.98530763
-13.91763108,-146.76982218,163.99864074
-14.01402640,-146.74199483,164.01171096
-14.11039536,-146.71409951,164.02452349
-14.20673479,-146.68612465,164.03708291
-14.30305845,-146.65811751,164.04939482
-14.39937061,-146.63009241,164.06146494
-14.49567546,-146.60206351,164.07329814
-14.59197711,-146.57404466,164.08489945
-14.68827808,-146.54604424,164.09627460
-14.78457582,-146.51805269,164.10742924
-14.88089056,-146.49014089,164.11836799
-14.97723470,-146.46235215,164.12909562
-15.07361328,-146.43470395,164.13961740
-15.17002470,-146.40719041,164.14993803
-15.26645247,-146.37975305,164.16006239
-15.36289229,-146.35237642,164.16999456
-15.45933804,-146.32503866,164.17973811
-15.55578245,-146.29771393,164.18929740
-15.65221791,-146.27037509,164.19867592
-15.74864099,-146.24300970,164.20787722
-15.84506971,-146.21568107,164.21690354
-15.94150745,-146.18840085,164.22575652
-16.03795413,-146.16116869,164.23443925
-16.13440515,-146.13396821,164.24295281
-16.23085015,-146.10676276,164.25129785
-16.32729484,-146.07957241,164.25947498
-16.42373913,-146.05239687,164.26748351
-16.52018292,-146.02523588,164.27532386
-16.61662610,-145.99808914,164.28299476
-16.71306854,-145.97095640,164.29049357
-16.80951009,-145.94383736,164.29781758
-16.90595058,-145.91673177,164.30496360
-17.00238982,-145.88963935,164.31192769
-17.09882757,-145.86255982,164.31870417
-17.19526361,-145.83549290,164.32528729
-17.29169767,-145.80843831,164.33167033
-17.38812945,-145.78139577,164.33784445
-17.48455864,-145.75436497,164.34380230
-17.58098489,-145.72734560,164.34953463
-17.67740784,-145.70033735,164.35502979
-17.77382710,-145.67333989,164.36027733
-17.87024226,-145.64635288,164.36526609
-17.96665287,-145.61937594,164.36998346
-18.06305849,-145.59240871,164.37441652
-18.15945864,-145.56545079,164.37855239
-18.25585283,-145.53850176,164.38237661
-18.35224054,-145.51156119,164.38587422
-18.44862125,-145.48462862,164.38903127
-18.54499440,-145.45770357,164.39183314
-18.64135945,-145.43078553,164.39426312
-18.73771582,-145.40387398,164.39630580
-18.83406293,-145.37696836,164.39794642
-18.93040019,-145.35006809,164.39916897
-19.02672700,-145.32317257,164.39995737
-19.12304276,-145.29628116,164.40029616
-19.21934686,-145.26939321,164.40016937
-19.31563871,-145.24250802,164.39956190
-19.41191769,-145.21562488,164.39845971
-19.50818321,-145.18874305,164.39684824
-19.60442897,-145.16184128,164.39471321
-19.70066437,-145.13495457,164.39204183
-19.79689355,-145.10809894,164.38882168
-19.89311630,-145.08127475,164.38504037
-19.98932901,-145.05447026,164.38068618
-20.08551538,-145.02762829,164.37574831
-20.18167331,-145.00074242,164.37021648
-20.27781012,-144.97383968,164.36408122
-20.37393307,-144.94694683,164.35733383
-20.47004856,-144.92008738,164.34996586
-20.56616140,-144.89327917,164.34197046
-20.66228865,-144.86658365,164.33334147
-20.75843318,-144.84001146,164.32407247
-20.85459127,-144.81354959,164.31415857
-20.95075168,-144.78715825,164.30359591
-21.04689490,-144.76076794,164.29238100
-21.14301834,-144.73436966,164.28051093
-21.23912096,-144.70795989,164.26798339
-21.33519808,-144.68152204,164.25479827
-21.43124478,-144.65503862,164.24095580
-21.52725593,-144.62849150,164.22645648
-21.62321689,-144.60182894,164.21130214
-21.71912926,-144.57505656,164.19549487
-21.81499678,-144.54818739,164.17903855
-21.91082479,-144.52123999,164.16193787
-22.00661955,-144.49423613,164.14419759
-22.10238747,-144.46719787,164.12582354
-22.19813414,-144.44014429,164.10682345
-22.29386323,-144.41308749,164.08720697
-22.38957521,-144.38602827,164.06698273
-22.48526606,-144.35895136,164.04616107
-22.58092552,-144.33181958,164.02475425
-22.67655894,-144.30465064,164.00277538
-22.77216628,-144.27744314,163.98023874
-22.86774751,-144.25019563,163.95715838
-22.96330267,-144.22290683,163.93354991
-23.05883181,-144.19557538,163.90943030
-23.15433503,-144.16820003,163.88481852
-23.24981245,-144.14077951,163.85973337
-23.34526421,-144.11331251,163.83419306
-23.44069053,-144.08579800,163.80821901
-23.53609160,-144.05823471,163.78183290
-23.63146767,-144.03062161,163.75505615
-23.72681901,-144.00295757,163.72791199
-23.82214593,-143.97524153,163.70042335
-23.91744879,-143.94747257,163.67261510
-24.01272795,-143.91964974,163.64451294
-24.10798382,-143.89177213,163.61614245
-24.20321683,-143.86383883,163.58753062
-24.29842744,-143.83584907,163.55870429
-24.39361619,-143.80780217,163.52969191
-24.48878358,-143.77969734,163.50052194
-24.58393018,-143.75153402,163.47122322
-24.67905659,-143.72331164,163.44182635
-24.77416344,-143.69502967,163.41236017
-24.86925140,-143.66668778,163.38285509
-24.96432114,-143.63828556,163.35334265
-25.05937337,-143.60982272,163.32385312
-25.15440884,-143.58129908,163.29441758
-25.24942832,-143.55271453,163.26506680
-25.34443260,-143.52406906,163.23583219
-25.43942247,-143.49536259,163.20674490
-25.53439880,-143.46659535,163.17783561
-25.62936243,-143.43776752,163.14913528
-25.72431422,-143.40887934,163.12067372
-25.81925508,-143.37993123,163.09248108
-25.91418586,-143.35092353,163.06458735
-26.00910750,-143.32185680,163.03702073
-26.10402090,-143.29273162,163.00980933
-26.19892696,-143.26354858,162.98298139
-26.29382662,-143.23430845,162.95656410
-26.38872076,-143.20501191,162.93058291
-26.48361034,-143.17565987,162.90506271
-26.57849624,-143.14625312,162.88002934
-26.67337939,-143.11679263,162.85550716
-26.76826068,-143.08727933,162.83151897
-26.86314102,-143.05771423,162.80808648
-26.95802131,-143.02809841,162.78523160
-27.05289645,-142.99841382,162.76297581
-27.14777856,-142.96869765,162.74133853
-27.24267284,-142.93896486,162.72033892
-27.33757933,-142.90921394,162.69999494
-27.43249451,-142.87943221,162.68032419
-27.52741271,-142.84960011,162.66134337
-27.62232738,-142.81969542,162.64306788
-27.71723209,-142.78969653,162.62551179
-27.81212156,-142.75958545,162.60868726
-27.90699228,-142.72935018,162.59260716
-28.00184318,-142.69898642,162.57728305
-28.09669121,-142.66854767,162.56272419
-28.19154269,-142.63805332,162.54893958
-28.28640364,-142.60752183,162.53593757
-28.38127979,-142.57697080,162.52372538
-28.47617205,-142.54640255,162.51230848
-28.57108496,-142.51583100,162.50169095
-28.66604081,-142.48532633,162.49187609
-28.76105219,-142.45492801,162.48286636
-28.85612293,-142.42464798,162.47466226
-28.95124928,-142.39447420,162.46726336
-29.04641129,-142.36434369,162.46066818
-29.14160300,-142.33423773,162.45487268
-29.23681657,-142.30413199,162.44987204
-29.33204324,-142.27399920,162.44565998
-29.42727411,-142.24381199,162.44222807
-29.52251256,-142.21358187,162.43956600
-29.61777614,-142.18336543,162.43766337
-29.71306830,-142.15317469,162.43650753
-29.80838857,-142.12300940,162.43608253
-29.90373149,-142.09285368,162.43637269
-29.99908557,-142.06267279,162.43736108
-30.09445724,-142.03248877,162.43902798
-30.18984633,-142.00230290,162.44135184
-30.28525263,-141.97211643,162.44431028
-30.38067583,-141.94193061,162.44787837
-30.47611559,-141.91174663,162.45202992
-30.57157153,-141.88156567,162.45673779
-30.66704319,-141.85138886,162.46197121
-30.76253006,-141.82121730,162.46769835
-30.85803157,-141.79105206,162.47388700
-30.95354709,-141.76089414,162.48050298
-31.04907594,-141.73074452,162.48750930
-31.14461738,-141.70060411,162.49486755
-31.24017059,-141.67047379,162.50253848
-31.33573468,-141.64035437,162.51047992
-31.43130873,-141.61024660,162.51864870
-31.52689173,-141.58015118,162.52700034
-31.62248262,-141.55006874,162.53548708
-31.71808025,-141.51999983,162.54406128
-31.81368344,-141.48994496,162.55267364
-31.90929090,-141.45990455,162.56127176
-32.00490132,-141.42987894,162.56980183
-32.10051328,-141.39986839,162.57820969
-32.19612530,-141.36987310,162.58643861
-32.29173586,-141.33989315,162.59442976
-32.38734335,-141.30992857,162.60212422
-32.48294609,-141.27997928,162.60946089
-32.57854233,-141.25004511,162.61637647
-32.67413027,-141.22012580,162.62280732
-32.76970140,-141.19019984,162.62868718
-32.86526470,-141.16030177,162.63394834
-32.96082401,-141.13044980,162.63852268
-33.05637862,-141.10064765,162.64234003
-33.15192388,-141.07088660,162.64532888
-33.24744719,-141.04113253,162.64741756
-33.34292772,-141.01132519,162.64853261
-33.43837282,-140.98149448,162.64859840
-33.53379045,-140.95167248,162.64753926
-33.62918842,-140.92189079,162.64527783
-33.72457343,-140.89217748,162.64173595
-33.81996680,-140.86260753,162.63683432
-33.91537535,-140.83320951,162.63049204
-34.01079873,-140.80398907,162.62262761
-34.10622759,-140.77492311,162.61315890
-34.20164188,-140.74595430,162.60200265
-34.29702118,-140.71702423,162.58907331
-34.39236919,-140.68815167,162.57428630
-34.48767832,-140.65931936,162.55755583
-34.58294022,-140.63050770,162.53879470
-34.67814573,-140.60169452,162.51791735
-34.77327415,-140.57282160,162.49483612
-34.86832184,-140.54388451,162.46946306
-34.96328763,-140.51488680,162.44171141
-35.05817252,-140.48583874,162.41149375
-35.15297904,-140.45675554,162.37872227
-35.24771050,-140.42765465,162.34331015
-35.34236988,-140.39855243,162.30517173
-35.43695848,-140.36945983,162.26422078
-35.53147441,-140.34037751,162.22037232
-35.62591047,-140.31128946,162.17354325
-35.72025198,-140.28215599,162.12364915
-35.81450096,-140.25299008,162.07060749
-35.90865375,-140.22378662,162.01433829
-36.00270663,-140.19454033,161.95476118
-36.09665588,-140.16524583,161.89179727
-36.19049778,-140.13589756,161.82536962
-36.28422857,-140.10648981,161.75540320
-36.37784444,-140.07701663,161.68182454
-36.47134163,-140.04747207,161.60456240
-36.56471628,-140.01784976,161.52354792
-36.65796458,-139.98814335,161.43871301
-36.75108268,-139.95834636,161.34999359
-36.84406675,-139.92845206,161.25732911
-36.93691290,-139.89845354,161.16066023
-37.02961729,-139.86834390,161.05993077
-37.12217610,-139.83811599,160.95508845
-37.21458550,-139.80776265,160.84608464
-37.30684167,-139.77727651,160.73287397
-37.39894083,-139.74665016,160.61541625
-37.49087920,-139.71587603,160.49367367
-37.58265306,-139.68494662,160.36761199
-37.67425872,-139.65385429,160.23720270
-37.76569250,-139.62259135,160.10242088
-37.85695076,-139.59115007,159.96324520
-37.94802993,-139.55952278,159.81965840
-38.03892646,-139.52770171,159.67164805
-38.12963686,-139.49567917,159.51920660
-38.22015764,-139.46344733,159.36233080
-38.31048540,-139.43099851,159.20102109
-38.40061672,-139.39832487,159.03528170
-38.49054831,-139.36541885,158.86512247
-38.58027686,-139.33227268,158.69055766
-38.66979914,-139.29887876,158.51160532
-38.75911193,-139.26522943,158.32828866
-38.84821216,-139.23131729,158.14063573
-38.93709674,-139.19713483,157.94867881
-39.02576271,-139.16267479,157.75245526
-39.11420709,-139.12792987,157.55200662
-39.20242704,-139.09289298,157.34737757
-39.29041976,-139.05755714,157.13861794
-39.37818254,-139.02191555,156.92578228
-39.46571269,-138.98596148,156.70892828
-39.55300763,-138.94968842,156.48811685
-39.64006482,-138.91308998,156.26341188
-39.72688184,-138.87616010,156.03488156
-39.81345624,-138.83889267,155.80259685
-39.89978576,-138.80128200,155.56663104
-39.98586808,-138.76332235,155.32706117
-40.07170103,-138.72500839,155.08396598
-40.15728248,-138.68633490,154.83742680
-40.24261035,-138.64729688,154.58752697
-40.32768261,-138.60788951,154.33435168
-40.41249730,-138.56810824,154.07798636
-40.49705254,-138.52794877,153.81851726
-40.58134650,-138.48740705,153.55603369
-40.66537737,-138.44647915,153.29062450
-40.74914345,-138.40516156,153.02237833
-40.83264304,-138.36345084,152.75138419
-40.91587456,-138.32134399,152.47773022
-40.99883641,-138.27883815,152.20150450
-41.08152708,-138.23593078,151.92279261
-41.16394505,-138.19261956,151.64167930
-41.24608886,-138.14890242,151.35824665
-41.32795710,-138.10477763,151.07257514
-41.40954834,-138.06024366,150.78474329
-41.49086112,-138.01529912,150.49482474
-41.57189405,-137.96994305,150.20289026
-41.65264568,-137.92417455,149.90900631
-41.73311462,-137.87799312,149.61323578
-41.81329937,-137.83139833,149.31563790
-41.89319848,-137.78439006,149.01626726
-41.97281043,-137.73696834,148.71517373
-42.05213364,-137.68913338,148.41240166
-42.13116653,-137.64088566,148.10799128
-42.20990738,-137.59222574,147.80197689
-42.28835442,-137.54315435,147.49438564
-42.36650583,-137.49367245,147.18523983
-42.44435965,-137.44378107,146.87455571
-42.52191388,-137.39348146,146.56234421
-42.59916634,-137.34277486,146.24860999
-42.67611478,-137.29166269,145.93335163
-42.75275678,-137.24014642,145.61656208
-42.82908980,-137.18822758,145.29822711
-42.90511116,-137.13590783,144.97832727
-42.98081799,-137.08318879,144.65683762
-43.05620726,-137.03007214,144.33372653
-43.13127586,-136.97655969,144.00895745
-43.20602039,-136.92265312,143.68248848
-43.28043739,-136.86835428,143.35427204
-43.35452312,-136.81366489,143.02425555
-43.42827372,-136.75858676,142.69238091
-43.50168509,-136.70312161,142.35858606
-43.57475297,-136.64727119,142.02280302
-43.64747290,-136.59103723,141.68496032
-43.71984014,-136.53442132,141.34498324
-43.79184983,-136.47742511,141.00279114
-43.86349687,-136.42005016,140.65830114
-43.93477585,-136.36229787,140.31142662
-44.00568121,-136.30416963,139.96207776
-44.07620710,-136.24566668,139.61016337
-44.14634746,-136.18679017,139.25558947
-44.21609593,-136.12754108,138.89826077
-44.28544594,-136.06792026,138.53808102
-44.35439068,-136.00792846,138.17495437
-44.42292304,-135.94756620,137.80878388
-44.49103575,-135.88683394,137.43947374
-44.55872127,-135.82573195,137.06693133
-44.62597184,-135.76426030,136.69106450
-44.69277948,-135.70241895,136.31178364
-44.75913607,-135.64020776,135.92900331
-44.82503324,-135.57762638,135.54264212
-44.89046250,-135.51467438,135.15262191
-44.95541518,-135.45135122,134.75886925
-45.01988252,-135.38765624,134.36131601
-45.08385556,-135.32358866,133.95989917
-45.14732534,-135.25914770,133.55456308
-45.21028274,-135.19433242,133.14525840
-45.27271855,-135.12914181,132.73194213
-45.33462355,-135.06357485,132.31457739
-45.39598847,-134.99763047,131.89313588
-45.45680397,-134.93130753,131.46759721
-45.51706068,-134.86460486,131.03794782
-45.57674930,-134.79752131,130.60418327
-45.63586046,-134.73005566,130.16630762
-45.69438483,-134.66220670,129.72433373
-45.75231315,-134.59397326,129.27828330
-45.80963618,-134.52535412,128.82818802
-45.86634472,-134.45634811,128.37408804
-45.92242976,-134.38695414,127.91603204
-45.97788238,-134.31717115,127.45408037
-46.03269372,-134.24699807,126.98830251
-46.08685516,-134.17643402,126.51877722
-46.14035824,-134.10547813,126.04559415
-46.19319467,-134.03412966,125.56885211
-46.24535637,-133.96238796,125.08865774
-46.29683553,-133.89025256,124.60512716
-46.34762453,-133.81772305,124.11838683
-46.39771598,-133.74479919,123.62856970
-46.44710284,-133.67148090,123.13581791
-46.49577830,-133.59776824,122.64028283
-46.54373582,-133.52366141,122.14212163
-46.59096926,-133.44916083,121.64149925
-46.63747274,-133.37426706,121.13858841
-46.68324070,-133.29898084,120.63356754
-46.72826792,-133.22330306,120.12662063
-46.77254965,-133.14723487,119.61793835
-46.81608137,-133.07077755,119.10771698
-46.85885898,-132.99393259,118.59615559
-46.90087885,-132.91670174,118.08345768
-46.94213762,-132.83908688,117.56982952
-46.98263246,-132.76109016,117.05547877
-47.02236095,-132.68271398,116.54061616
-47.06132102,-132.60396087,116.02545384
-47.09951107,-132.52483362,115.51020418
-47.13692994,-132.44533523,114.99507875
-47.17357691,-132.36546892,114.48028889
-47.20945157,-132.28523810,113.96604422
-47.24455397,-132.20464639,113.45255069
-47.27888458,-132.12369764,112.94001151
-47.31244418,-132.04239585,112.42862557
-47.34523403,-131.96074526,111.91858796
-47.37725569,-131.87875027,111.41009046
-47.40851105,-131.79641542,110.90331818
-47.43900242,-131.71374548,110.39845038
-47.46873236,-131.63074533,109.89566052
-47.49770380,-131.54742001,109.39511612
-47.52591987,-131.46377471,108.89697791
-47.55338411,-131.37981476,108.40139870
-47.58010025,-131.29554560,107.90852413
-47.60607232,-131.21097283,107.41849235
-47.63130459,-131.12610214,106.93143361
-47.65580161,-131.04093937,106.44746989
-47.67956800,-130.95549040,105.96671331
-47.70260875,-130.86976126,105.48926859
-47.72492892,-130.78375804,105.01523304
-47.74653385,-130.69748693,104.54469428
-47.76742886,-130.61095415,104.07773110
-47.78761961,-130.52416603,103.61441443
-47.80711173,-130.43712892,103.15480644
-47.82591105,-130.34984925,102.69896040
-47.84402343,-130.26233348,102.24692104
-47.86145487,-130.17458811,101.79872525
-47.87821134,-130.08661965,101.35440169
-47.89429895,-129.99843467,100.91397036
-47.90972377,-129.91003972,100.47744404
-47.92449190,-129.82144137,100.04482784
-47.93860939,-129.73264620,99.61611865
-47.95208231,-129.64366077,99.19130719
-47.96491660,-129.55449161,98.77037723
-47.97711818,-129.46514525,98.35330573
-47.98869282,-129.37562815,97.94006432
-47.99964626,-129.28594676,97.53061953
-48.00998398,-129.19610746,97.12493266
-48.01971141,-129.10611657,96.72295926
-48.02883375,-129.01598034,96.32465210
-48.03735609,-128.92570494,95.92996080
-48.04528323,-128.83529647,95.53883200
-48.05261987,-128.74476090,95.15120985
-48.05937043,-128.65410412,94.76703754
-48.06553919,-128.56333189,94.38625714
-48.07113018,-128.47244987,94.00880983
-48.07614727,-128.38146358,93.63463798
-48.08059408,-128.29037842,93.26368421
-48.08447414,-128.19919962,92.89589246
-48.08779076,-128.10793231,92.53120812
-48.09054708,-128.01658143,92.16957979
-48.09274602,-127.92515179,91.81095855
-48.09439050,-127.83364804,91.45529728
-48.09548313,-127.74207467,91.10255320
-48.09602654,-127.65043600,90.75268677
-48.09602313,-127.55873619,90.40566220
-48.09547529,-127.46697924,90.06144774
-48.09438527,-127.37516894,89.72001646
-48.09275524,-127.28330893,89.38134691
-48.09058728,-127.19140266,89.04542220
-48.08788341,-127.09945340,88.71223082
-48.08464559,-127.00746422,88.38176551
-48.08087578,-126.91543802,88.05402588
-48.07657587,-126.82337752,87.72901614
-48.07174778,-126.73128522,87.40674656
-48.06639341,-126.63916346,87.08723319
-48.06051470,-126.54701436,86.77049704
-48.05411365,-126.45483985,86.45656689
-48.04719232,-126.36264167,86.14547634
-48.03975280,-126.27042136,85.83726443
-48.03179736,-126.17818028,85.53197486
-48.02332832,-126.08591958,85.22965754
-48.01434827,-125.99364022,84.93036840
-48.00485982,-125.90134299,84.63416676
-47.99486585,-125.80902845,84.34111731
-47.98436937,-125.71669702,84.05128935
-47.97337364,-125.62434892,83.76475483
-47.96188211,-125.53198420,83.48158964
-47.94989844,-125.43960277,83.20187307
-47.93742656,-125.34720434,82.92568628
-47.92447063,-125.25478848,82.65311279
-47.91103514,-125.16235457,82.38423856
-47.89712479,-125.06990187,82.11915073
-47.88274455,-124.97742949,81.85793833
-47.86789976,-124.88493637,81.60068981
-47.85259599,-124.79242136,81.34749422
-47.83683911,-124.69988316,81.09843964
-47.82063529,-124.60732039,80.85361253
-47.80399107,-124.51473152,80.61309845
-47.78691324,-124.42211497,80.37698018
-47.76940897,-124.32946904,80.14533797
-47.75148573,-124.23679198,79.91824864
-47.73315122,-124.14408196,79.69578534
-47.71441355,-124.05133708,79.47801732
-47.69528098,-123.95855543,79.26500882
-47.67576216,-123.86573502,79.05682004
-47.65586584,-123.77287391,78.85350554
-47.63560114,-123.67997012,78.65511214
-47.61497732,-123.58702165,78.46168193
-47.59400381,-123.49402658,78.27325060
-47.57269028,-123.40098298,78.08984660
-47.55104654,-123.30788897,77.91149250
-47.52908250,-123.21474269,77.73820307
-47.50680822,-123.12154235,77.56998656
-47.48423384,-123.02828624,77.40684498
-47.46136965,-122.93497267,77.24877331
-47.43822584,-122.84160009,77.09575919
-47.41481288,-122.74816698,76.94778238
-47.39114116,-122.65467193,76.80481714
-47.36722107,-122.56111366,76.66682954
-47.34306306,-122.46749096,76.53377830
-47.31867759,-122.37380274,76.40561627
-47.29407504,-122.28004807,76.28228872
-47.26926578,-122.18622612,76.16373356
-47.24426019,-122.09233617,76.04988196
-47.21906849,-121.99837767,75.94065924
-47.19370078,-121.90435023,75.83598315
-47.16816722,-121.81025354,75.73576637
-47.14247766,-121.71608751,75.63991575
-47.11664180,-121.62185221,75.54833055
-47.09066930,-121.52754782,75.46090453
-47.06456955,-121.43317475,75.37752647
-47.03835168,-121.33873356,75.29807969
-47.01202466,-121.24422499,75.22244062
-46.98559719,-121.14964994,75.15048283
-46.95907765,-121.05500950,75.08207569
-46.93247408,-120.96030495,75.01708234
-46.90579436,-120.86553769,74.95536487
-46.87904578,-120.77070936,74.89678173
-46.85223535,-120.67582176,74.84118665
-46.82536981,-120.58087680,74.78843211
-46.79845544,-120.48587657,74.73836944
-46.77149803,-120.39082334,74.69084735
-46.74450312,-120.29571947,74.64571417
-46.71747581,-120.20056746,74.60281866
-46.69042069,-120.10536993,74.56200819
-46.66334207,-120.01012961,74.52313022
-46.63624389,-119.91484930,74.48603442
-46.60912950,-119.81953195,74.45057154
-46.58200198,-119.72418053,74.41659137
-46.55486409,-119.62879808,74.38394725
-46.52771816,-119.53338770,74.35249580
-46.50056603,-119.43795257,74.32209392
-46.47340936,-119.34249587,74.29260215
-46.44624935,-119.24702080,74.26388404
-46.41908681,-119.15153061,74.23580550
-46.39192236,-119.05602854,74.20823663
-46.36475620,-118.96051782,74.18105194
-46.33758811,-118.86500170,74.15412937
-46.31041768,-118.76948339,74.12734974
-46.28324429,-118.67396604,74.10059948
-46.25606682,-118.57845283,74.07377066
-46.22888402,-118.48294685,74.04675825
-46.20169440,-118.38745116,74.01946157
-46.17449619,-118.29196872,73.99178675
-46.14728745,-118.19650246,73.96364376
-46.12006599,-118.10105521,73.93494801
-46.09282945,-118.00562974,73.90562111
-46.06557526,-117.91022874,73.87558799
-46.03830071,-117.81485479,73.84477926
-46.01100304,-117.71951040,73.81313166
-45.98367917,-117.62419799,73.78058595
-45.95632608,-117.52891985,73.74708837
-45.92894058,-117.43367817,73.71259044
-45.90151938,-117.33847507,73.67704909
-45.87405915,-117.24331252,73.64042690
-45.84655647,-117.14819238,73.60269067
-45.81900785,-117.05311645,73.56381227
-45.79140977,-116.95808637,73.52376857
-45.76375872,-116.86310370,73.48254092
-45.73605114,-116.76816986,73.44011576
-45.70828343,-116.67328620,73.39648294
-45.68045206,-116.57845392,73.35163823
-45.65255348,-116.48367411,73.30558249
-45.62458413,-116.38894779,73.25831829
-45.59654057,-116.29427580,73.20985458
-45.56841931,-116.19965893,73.16020378
-45.54021697,-116.10509781,73.10938135
-45.51193027,-116.01059299,73.05740797
-45.48355596,-115.91614489,73.00430717
-45.45509093,-115.82175382,72.95010617
-45.42653209,-115.72742001,72.89483517
-45.39787657,-115.63314355,72.83852713
-45.36912150,-115.53892448,72.78121851
-45.34026413,-115.44476274,72.72294662
-45.31130197,-115.35065814,72.66375232
-45.28223248,-115.25661043,72.60367932
-45.25305333,-115.16261928,72.54277149
-45.22376228,-115.06868427,72.48107605
-45.19435722,-114.97480491,72.41864217
-45.16483619,-114.88098062,72.35552023
-45.13519718,-114.78721080,72.29176186
-45.10543847,-114.69349476,72.22741951
-45.07555832,-114.59983175,72.16254790
-45.04555505,-114.50622100,72.09720189
-45.01542733,-114.41266159,72.03143769
-44.98517367,-114.31915265,71.96531400
-44.95479275,-114.22569320,71.89888900
-44.92428342,-114.13228218,71.83222181
-44.89364459,-114.03891851,71.76537366
-44.86287530,-113.94560102,71.69840728
-44.83197465,-113.85232852,71.63138493
-44.80094194,-113.75909971,71.56436985
-44.76977658,-113.66591326,71.49742649
-44.73847811,-113.57276779,71.43061823
-44.70704627,-113.47966181,71.36401015
-44.67548082,-113.38659385,71.29766869
-44.64378175,-113.29356235,71.23165807
-44.61194916,-113.20056570,71.16604218
-44.57998342,-113.10760220,71.10088629
-44.54788485,-113.01467019,71.03625580
-44.51565400,-112.92176792,70.97221419
-44.48329163,-112.82889359,70.90882456
-44.45079855,-112.73604537,70.84614987
-44.41817573,-112.64322140,70.78425230
-44.38542431,-112.55041979,70.72319396
-44.35254545,-112.45763865,70.66303455
-44.31954053,-112.36487602,70.60383286
-44.28641100,-112.27212998,70.54564651
-44.25315857,-112.17939849,70.48853280
-44.21978478,-112.08667964,70.43254747
-44.18629155,-111.99397137,70.37774374
-44.15268078,-111.90127166,70.32417509
-44.11895452,-111.80857849,70.27189368
-44.08511489,-111.71588980,70.22095025
-44.05116418,-111.62320353,70.17139327
-44.01710469,-111.53051763,70.12326946
-43.98293895,-111.43783001,70.07662529
-43.94866956,-111.34513858,70.03150421
-43.91429935,-111.25244122,69.98794929
-43.87983106,-111.15973588,69.94600023
-43.84526773,-111.06702042,69.90569501
-43.81059557,-110.97429900,69.86707096
-43.77585150,-110.88155710,69.83016119
-43.74104934,-110.78878873,69.79499700
-43.70618702,-110.69599387,69.76160732
-43.67125269,-110.60317620,69.73001858
-43.63622989,-110.51034118,69.70025350
-43.60110177,-110.41749451,69.67233259
-43.56585467,-110.32464078,69.64627483
-43.53048042,-110.23178265,69.62209516
-43.49497870,-110.13891992,69.59980492
-43.45935779,-110.04604926,69.57941273
-43.42367810,-109.95314810,69.56092514
-43.38796537,-109.86020671,69.54434487
-43.35222156,-109.76722431,69.52967150
-43.31650426,-109.67417937,69.51690198
-43.28085111,-109.58105787,69.50602979
-43.24527744,-109.48785426,69.49704628
-43.20975373,-109.39457985,69.48993850
-43.17432638,-109.30121764,69.48469032
-43.13902007,-109.20775889,69.48128226
-43.10384042,-109.11420211,69.47969144
-43.06874953,-109.02056219,69.47989260
-43.03375218,-108.92683821,69.48185537
-42.99884453,-108.83303257,69.48554577
-42.96406832,-108.73913073,69.49092887
-42.92941719,-108.64513627,69.49796550
-42.89486458,-108.55106040,69.50661289
-42.86037306,-108.45691850,69.51682621
-42.82597814,-108.36269869,69.52855841
-42.79166157,-108.26840930,69.54176064
-42.75738956,-108.17406451,69.55638068
-42.72311149,-108.07968481,69.57236431
-42.68882896,-107.98527120,69.58965623
-42.65452169,-107.89083287,69.60819834
-42.62013336,-107.79639229,69.62793188
-42.58566536,-107.70195062,69.64879651
-42.55112810,-107.60750564,69.67073059
-42.51653952,-107.51305239,69.69367241
-42.48192269,-107.41858403,69.71755816
-42.44730278,-107.32409297,69.74232431
-42.41270344,-107.22957218,69.76790683
-42.37814226,-107.13501694,69.79424117
-42.34362562,-107.04042669,69.82126383
-42.30914276,-106.94580717,69.84890942
-42.27465872,-106.85117310,69.87711292
-42.24019381,-106.75651871,69.90581070
-42.20574951,-106.66184523,69.93493827
-42.17132722,-106.56715388,69.96443079
-42.13692829,-106.47244593,69.99422410
-42.10255394,-106.37772262,70.02425508
-42.06820540,-106.28298522,70.05446128
-42.03388381,-106.18823498,70.08478133
-41.99959023,-106.09347314,70.11515527
-41.96532580,-105.99870088,70.14552354
-41.93109143,-105.90391944,70.17582901
-41.89688813,-105.80912997,70.20601697
-41.86271688,-105.71433358,70.23603257
-41.82857853,-105.61953139,70.26582315
-41.79447393,-105.52472446,70.29533896
-41.76040386,-105.42991381,70.32453216
-41.72636904,-105.33510043,70.35335782
-41.69237017,-105.24028521,70.38177323
-41.65840783,-105.14546904,70.40973946
-41.62448268,-105.05065269,70.43721998
-41.59059521,-104.95583691,70.46418111
-41.55674590,-104.86102237,70.49059317
-41.52293524,-104.76620967,70.51642797
-41.48916358,-104.67139938,70.54166122
-41.45543125,-104.57659198,70.56627167
-41.42173850,-104.48178790,70.59024084
-41.38808557,-104.38698749,70.61355428
-41.35447266,-104.29219103,70.63620001
-41.32089986,-104.19739873,70.65817046
-41.28736733,-104.10261070,70.67946096
-41.25387516,-104.00782698,70.70006867
-41.22042336,-103.91304757,70.71999577
-41.18701196,-103.81827234,70.73924751
-41.15362145,-103.72350789,70.75783114
-41.12028728,-103.62874164,70.77575737
-41.08702414,-103.53396811,70.79304083
-41.05383094,-103.43918728,70.80969888
-41.02069510,-103.34440299,70.82575125
-40.98759650,-103.24962164,70.84122079
-40.95451118,-103.15485086,70.85613366
-40.92141434,-103.06009848,70.87051692
-40.88828310,-102.96537161,70.88440073
-40.85509907,-102.87067569,70.89781893
-40.82187030,-102.77600701,70.91080535
-40.78860672,-102.68136101,70.92339675
-40.75530552,-102.58673756,70.93563187
-40.72197917,-102.49213127,70.94754969
-40.68865148,-102.39753280,70.95919047
-40.65535414,-102.30293009,70.97059600
-40.62212332,-102.20830953,70.98180885
-40.58899674,-102.11365700,70.99287107
-40.55601073,-102.01895885,71.00382582
-40.52319793,-101.92420272,71.01471722
-40.49058485,-101.82937837,71.02558848
-40.45817104,-101.73448497,71.03648236
-40.42592903,-101.63953087,71.04744111
-40.39382525,-101.54452654,71.05850643
-40.36182237,-101.44948373,71.06971897
-40.32988178,-101.35441465,71.08111838
-40.29796638,-101.25933099,71.09274269
-40.26604365,-101.16424289,71.10462981
-40.23408885,-101.06915783,71.11681593
-40.20208874,-100.97407939,71.12933503
-40.17004537,-100.87900592,71.14222049
-40.13794799,-100.78394013,71.15550286
-40.10578789,-100.68888420,71.16921067
-40.07358287,-100.59383132,71.18337134
-40.04135533,-100.49877315,71.19800960
-40.00912955,-100.40370080,71.21314736
-39.97692922,-100.30860566,71.22880455
-39.94477405,-100.21348058,71.24499881
-39.91267632,-100.11832099,71.26174478
-39.88063692,-100.02312630,71.27905424
-39.84864087,-99.92790140,71.29693638
-39.81665255,-99.83265827,71.31539753
-39.78469143,-99.73739019,71.33444076
-39.75275743,-99.64209719,71.35406743
-39.72085063,-99.54677933,71.37427554
-39.68897101,-99.45143676,71.39506071
-39.65711868,-99.35606964,71.41641597
-39.62529368,-99.26067825,71.43833064
-39.59349608,-99.16526292,71.46079385
-39.56172604,-99.06982400,71.48379083
-39.52998367,-98.97436197,71.50730394
-39.49826908,-98.87887732,71.53131366
-39.46658242,-98.78337063,71.55579710
-39.43492371,-98.68784258,71.58073004
-39.40329322,-98.59229382,71.60608557
-39.37169095,-98.49672517,71.63183448
-39.34011708,-98.40113743,71.65794459
-39.30857161,-98.30553151,71.68438166
-39.27705456,-98.20990839,71.71111145
-39.24556610,-98.11426904,71.73809584
-39.21410612,-98.01861457,71.76529455
-39.18267463,-97.92294609,71.79266640
-39.15127160,-97.82726480,71.82016782
-39.11989691,-97.73157194,71.84775470
-39.08855063,-97.63586878,71.87537993
-39.05723256,-97.54015666,71.90299460
-39.02594272,-97.44443693,71.93054915
-38.99468087,-97.34871104,71.95799231
-38.96344691,-97.25298042,71.98527342
-38.93224081,-97.15724648,72.01233923
-38.90106229,-97.06151075,72.03913633
-38.86991124,-96.96577468,72.06561289
-38.83878748,-96.87003976,72.09171560
-38.80769079,-96.77430750,72.11739222
-38.77662112,-96.67857933,72.14258971
-38.74555927,-96.58286278,72.16725579
-38.71454108,-96.48714781,72.19133933
-38.68357930,-96.39143172,72.21478931
-38.65267003,-96.29571712,72.23755756
-38.62179825,-96.20001012,72.25959513
-38.59094243,-96.10431886,72.28085564
-38.56007902,-96.00865204,72.30129564
-38.52918583,-95.91301789,72.32087190
-38.49824483,-95.81742321,72.33954464
-38.46724474,-95.72187263,72.35727528
-38.43618235,-95.62636811,72.37402788
-38.40511184,-95.53089327,72.38977016
-38.37405237,-95.43544287,72.40447088
-38.34302187,-95.34001205,72.41810240
-38.31203686,-95.24459629,72.43063997
-38.28109338,-95.14919752,72.44206118
-38.25021427,-95.05380912,72.45234695
-38.21946634,-94.95841052,72.46148181
-38.18888378,-94.86299137,72.46945301
-38.15847186,-94.76755035,72.47625010
-38.12821130,-94.67209380,72.48186719
-38.09801070,-94.57665071,72.48630175
-38.06788262,-94.48121718,72.48955249
-38.03781495,-94.38579699,72.49162244
-38.00777694,-94.29039970,72.49251743
-37.97772551,-94.19503869,72.49224548
-37.94762219,-94.09972579,72.49081838
-37.91750646,-94.00444818,72.48825084
-37.88741648,-93.90919337,72.48455922
-37.85737774,-93.81395277,72.47976275
-37.82739726,-93.71872356,72.47388373
-37.79745787,-93.62351046,72.46694556
-37.76764527,-93.52828568,72.45897420
-37.73797115,-93.43304473,72.44999785
-37.70842192,-93.33779101,72.44004603
-37.67895495,-93.24253708,72.42915017
-37.64949524,-93.14730566,72.41734286
-37.62002744,-93.05210064,72.40465908
-37.59054723,-92.95692236,72.39113563
-37.56103483,-92.86177606,72.37680994
-37.53146951,-92.76666725,72.36172066
-37.50182977,-92.67160167,72.34590828
-37.47205887,-92.57659636,72.32941447
-37.44216000,-92.48164920,72.31228137
-37.41214476,-92.38675537,72.29455249
-37.38203126,-92.29190795,72.27627140
-37.35184166,-92.19709870,72.25748201
-37.32159917,-92.10231899,72.23823012
-37.29132422,-92.00756108,72.21856214
-37.26103047,-91.91281934,72.19852448
-37.23071996,-91.81809182,72.17816393
-37.20037772,-91.72338203,72.15752862
-37.16996562,-91.62870088,72.13666555
-37.13950278,-91.53404099,72.11562225
-37.10898857,-91.43940128,72.09444735
-37.07842260,-91.34478061,72.07318730
-37.04780460,-91.25017782,72.05188834
-37.01713443,-91.15559170,72.03059692
-36.98641209,-91.06102104,72.00935938
-36.95563768,-90.96646462,71.98821991
-36.92481146,-90.87192118,71.96722183
-36.89393382,-90.77738944,71.94640778
-36.86300521,-90.68286817,71.92581864
-36.83202635,-90.58835606,71.90549439
-36.80099786,-90.49385190,71.88547301
-36.76990130,-90.39936077,71.86579065
-36.73877374,-90.30486954,71.84648257
-36.70763035,-90.21037233,71.82758160
-36.67646992,-90.11586867,71.80911925
-36.64527981,-90.02136193,71.79112463
-36.61404057,-89.92685780,71.77362486
-36.58272966,-89.83236305,71.75664510
-36.55132497,-89.73788438,71.74020823
-36.51980766,-89.64342747,71.72433541
-36.48816453,-89.54899623,71.70904486
-36.45639016,-89.45459201,71.69435404
-36.42453716,-89.36019712,71.68027838
-36.39262430,-89.26580503,71.66683005
-36.36066958,-89.17140948,71.65402017
-36.32869018,-89.07700452,71.64185741
-36.29669082,-88.98258840,71.63034850
-36.26467944,-88.88815833,71.61949882
-36.23272718,-88.79369051,71.60931087
-36.20087507,-88.69917121,71.59978590
-36.16913696,-88.60459578,71.59092262
-36.13750269,-88.50996763,71.58271892
-36.10591058,-88.41530741,71.57517056
-36.07434296,-88.32062114,71.56827129
-36.04277628,-88.22591684,71.56201377
-36.01118372,-88.13120368,71.55638889
-35.97953810,-88.03649098,71.55138752
-35.94784455,-87.94177735,71.54699836
-35.91616189,-87.84704352,71.54320943
-35.88450228,-87.75228579,71.54000872
-35.85286558,-87.65750457,71.53738257
-35.82123586,-87.56270556,71.53531702
-35.78957798,-87.46790091,71.53379675
-35.75791365,-87.37308380,71.53280625
-35.72624386,-87.27825437,71.53232969
-35.69456958,-87.18341273,71.53234955
-35.66289176,-87.08855903,71.53284976
-35.63121131,-86.99369342,71.53381402
-35.59952914,-86.89881604,71.53522607
-35.56784609,-86.80392706,71.53706985
-35.53616300,-86.70902663,71.53932951
-35.50448068,-86.61411491,71.54198991
-35.47279991,-86.51919208,71.54503564
-35.44112143,-86.42425829,71.54845136
-35.40944598,-86.32931370,71.55222235
-35.37777425,-86.23435848,71.55633354
-35.34610691,-86.13939279,71.56077192
-35.31444459,-86.04441679,71.56552477
-35.28278793,-85.94943062,71.57057839
-35.25113750,-85.85443441,71.57592017
-35.21949387,-85.75942832,71.58153890
-35.18785760,-85.66441247,71.58742311
-35.15622920,-85.56938698,71.59356198
-35.12460918,-85.47435199,71.59994513
-35.09299800,-85.37930760,71.60656224
-35.06139614,-85.28425391,71.61340419
-35.02980404,-85.18919104,71.62046161
-34.99822211,-85.09411909,71.62772632
-34.96665077,-84.99903814,71.63518983
-34.93509041,-84.90394829,71.64284387
-34.90354139,-84.80884964,71.65068113
-34.87200409,-84.71374225,71.65869364
-34.84047884,-84.61862621,71.66687494
-34.80896597,-84.52350160,71.67521885
-34.77746581,-84.42836848,71.68371863
-34.74597865,-84.33322691,71.69236865
-34.71450478,-84.23807695,71.70116257
-34.68304450,-84.14291866,71.71009592
-34.65159806,-84.04775209,71.71916448
-34.62016572,-83.95257726,71.72836312
-34.58874773,-83.85739421,71.73768770
-34.55734432,-83.76220294,71.74713517
-34.52593550,-83.66701009,71.75670382
-34.49455772,-83.57180374,71.76639172
-34.46322705,-83.47657864,71.77619704
-34.43194358,-83.38133480,71.78611979
-34.40069534,-83.28607615,71.79615950
-34.36941800,-83.19082381,71.80631678
-34.33812692,-83.09557269,71.81659291
-34.30684879,-83.00031401,71.82698852
-34.27560874,-82.90503949,71.83750581
-34.24442788,-82.80974217,71.84814828
-34.21332079,-82.71441720,71.85891948
-34.18234466,-82.61904576,71.86982259
-34.15150409,-82.52362625,71.88086186
-34.12078046,-82.42816474,71.89204287
-34.09012957,-82.33267562,71.90336918
-34.05948008,-82.23718217,71.91484467
-34.02884431,-82.14168023,71.92647494
-33.99821242,-82.04617286,71.93826354
-33.96757046,-81.95066453,71.95021481
-33.93690436,-81.85515967,71.96233343
-33.90619980,-81.75966282,71.97462273
-33.87540992,-81.66418906,71.98708628
-33.84454657,-81.56873438,71.99972758
-33.81362846,-81.47329260,72.01255031
-33.78267907,-81.37785598,72.02555636
-33.75172376,-81.28241620,72.03874837
-33.72078728,-81.18696516,72.05213018
-33.68989032,-81.09149606,72.06570295
-33.65904578,-80.99600471,72.07946887
-33.62825493,-80.90049063,72.09343019
-33.59750292,-80.80495862,72.10758895
-33.56675403,-80.70942021,72.12194668
-33.53602842,-80.61386882,72.13650491
-33.50532640,-80.51830430,72.15126682
-33.47464844,-80.42272644,72.16623388
-33.44399479,-80.32713510,72.18140864
-33.41336591,-80.23153008,72.19679459
-33.38276222,-80.13591116,72.21239362
-33.35218403,-80.04027820,72.22820828
-33.32163183,-79.94463095,72.24424186
-33.29110594,-79.84896924,72.26049799
-33.26060683,-79.75329284,72.27697926
-33.23013486,-79.65760156,72.29368848
-33.19969041,-79.56189518,72.31063023
-33.16927401,-79.46617346,72.32780814
-33.13888603,-79.37043619,72.34522514
-33.10852691,-79.27468313,72.36288549
-33.07819714,-79.17891403,72.38079299
-33.04789711,-79.08312867,72.39895204
-33.01762733,-78.98732678,72.41736681
-32.98738822,-78.89150810,72.43604191
-32.95718026,-78.79567239,72.45498239
-32.92700385,-78.69981938,72.47419271
-32.89685944,-78.60394881,72.49367895
-32.86674758,-78.50806040,72.51344607
-32.83666868,-78.41215388,72.53349790
-32.80662319,-78.31622899,72.55384038
-32.77661163,-78.22028546,72.57447873
-32.74663444,-78.12432303,72.59541802
-32.71669218,-78.02834141,72.61666284
-32.68678525,-77.93234036,72.63821771
-32.65691417,-77.83631958,72.66008849
-32.62707946,-77.74027881,72.68228003
-32.59728152,-77.64421780,72.70479799
-32.56752094,-77.54813625,72.72764758
-32.53779815,-77.45203389,72.75083320
-32.50811359,-77.35591051,72.77436028
-32.47846779,-77.25976582,72.79823350
-32.44886114,-77.16359963,72.82245705
-32.41929415,-77.06741169,72.84703456
-32.38976717,-76.97120182,72.87196924
-32.36028066,-76.87496984,72.89726479
-32.33083502,-76.77871559,72.92292275
-32.30143065,-76.68243890,72.94894557
-32.27206795,-76.58613965,72.97533558
-32.24274730,-76.48981773,73.00209252
-32.21346906,-76.39347306,73.02921664
-32.18423364,-76.29710555,73.05670730
-32.15504128,-76.20071521,73.08456337
-32.12589244,-76.10430197,73.11278285
-32.09678735,-76.00786588,73.14136231
-32.06772633,-75.91140698,73.17029806
-32.03870971,-75.81492534,73.19958513
-32.00973772,-75.71842108,73.22921710
-31.98081065,-75.62189433,73.25918753
-31.95192879,-75.52534524,73.28948833
-31.92309229,-75.42877405,73.32010986
-31.89430145,-75.33218098,73.35104170
-31.86555639,-75.23556631,73.38227356
-31.83685737,-75.13893033,73.41379299
-31.80820453,-75.04227340,73.44558548
-31.77959805,-74.94559586,73.47763739
-31.75103805,-74.84889815,73.50993302
-31.72252467,-74.75218070,73.54245447
-31.69405794,-74.65544400,73.57518426
-31.66563802,-74.55868857,73.60810303
-31.63726480,-74.46191499,73.64119028
-31.60893839,-74.36512384,73.67442444
-31.58065864,-74.26831579,73.70778281
-31.55242559,-74.17149148,73.74124202
-31.52423904,-74.07465167,73.77477664
-31.49609887,-73.97779711,73.80836025
-31.46800492,-73.88092862,73.84196515
-31.43995694,-73.78404704,73.87556247
-31.41195456,-73.68715332,73.90912194
-31.38399755,-73.59024837,73.94261175
-31.35608542,-73.49333321,73.97600037
-31.32821791,-73.39640884,74.00925364
-31.30039443,-73.29947636,74.04233588
-31.27261458,-73.20253687,74.07521181
-31.24487774,-73.10559156,74.10784367
-31.21718343,-73.00864161,74.14019303
-31.18953101,-72.91168825,74.17222003
-31.16191984,-72.81473275,74.20388392
-31.13434921,-72.71777642,74.23514383
-31.10681843,-72.62082059,74.26595807
-31.07932671,-72.52386663,74.29628454
-31.05187344,-72.42691587,74.32607929
-31.02445762,-72.32996975,74.35529801
-30.99707849,-72.23302969,74.38389710
-30.96973516,-72.13609711,74.41183277
-30.94240769,-72.03917874,74.43906098
-30.91513194,-71.94226585,74.46553618
-30.88791983,-71.84535636,74.49121418
-30.86076606,-71.74845295,74.51605153
-30.83365397,-71.65156141,74.54000473
-30.80656068,-71.55468923,74.56303060
-30.77946150,-71.45784434,74.58508544
-30.75233336,-71.36103422,74.60612699
-30.72515822,-71.26426491,74.62611504
-30.69792511,-71.16754051,74.64500940
-30.67063204,-71.07086260,74.66276997
-30.64333516,-70.97421674,74.67935823
-30.61605467,-70.87759844,74.69473681
-30.58880932,-70.78100362,74.70886891
-30.56161628,-70.68442861,74.72171852
-30.53446947,-70.58787609,74.73325156
-30.50741897,-70.49133340,74.74343430
-30.48049612,-70.39479297,74.75223431
-30.45370982,-70.29825330,74.75962152
-30.42706376,-70.20171428,74.76556665
-30.40055480,-70.10517757,74.77004154
-30.37413619,-70.00865669,74.77302016
-30.34781268,-69.91215106,74.77447860
-30.32158558,-69.81566097,74.77439335
-30.29545265,-69.71918762,74.77274308
-30.26940832,-69.62273304,74.76950915
-30.24349828,-69.52628524,74.76467419
-30.21772614,-69.42984359,74.75822261
-30.19208096,-69.33341138,74.75014140
-30.16654846,-69.23699272,74.74042016
-30.14109810,-69.14059608,74.72904977
-30.11567587,-69.04423629,74.71602303
-30.09028422,-68.94791272,74.70133600
-30.06490182,-68.85163119,74.68498646
-30.03950518,-68.75539806,74.66697387
-30.01406897,-68.65922018,74.64730062
-29.98853126,-68.56311447,74.62597278
-29.96288660,-68.46708225,74.60299729
-29.93713856,-68.37112230,74.57838389
-29.91129818,-68.27523124,74.55214674
-29.88538181,-68.17940421,74.52430115
-29.85940836,-68.08363555,74.49486419
-29.83339564,-67.98791981,74.46385621
-29.80735589,-67.89225302,74.43130034
-29.78129060,-67.79663410,74.39722039
-29.75518430,-67.70106660,74.36164423
-29.72899725,-67.60556075,74.32460278
-29.70274452,-67.51011155,74.28612711
-29.67642272,-67.41471908,74.24625200
-29.65002857,-67.31938329,74.20501524
-29.62355874,-67.22410415,74.16245592
-29.59701012,-67.12888146,74.11861533
-29.57037956,-67.03371503,74.07353732
-29.54366404,-66.93860456,74.02726704
-29.51686067,-66.84354966,73.97985224
-29.48996661,-66.74854990,73.93134346
-29.46297906,-66.65360479,73.88179215
-29.43589545,-66.55871373,73.83125244
-29.40871319,-66.46387607,73.77977965
-29.38142989,-66.36909108,73.72743075
-29.35404318,-66.27435799,73.67426470
-29.32655095,-66.17967593,73.62034232
-29.29895106,-66.08504397,73.56572541
-29.27124164,-65.99046111,73.51047579
-29.24342093,-65.89592628,73.45465944
-29.21548721,-65.80143835,73.39834187
-29.18743897,-65.70699614,73.34158843
-29.15927486,-65.61259839,73.28446787
-29.13099357,-65.51824381,73.22704761
-29.10259408,-65.42393101,73.16939578
-29.07407543,-65.32965858,73.11158187
-29.04543682,-65.23542504,73.05367554
-29.01667761,-65.14122887,72.99574612
-28.98779738,-65.04706846,72.93786363
-28.95879576,-64.95294219,72.88009921
-28.92967252,-64.85884840,72.82252203
-28.90042772,-64.76478535,72.76520175
-28.87106141,-64.67075131,72.70820811
-28.84157383,-64.57674449,72.65160934
-28.81196544,-64.48276308,72.59547313
-28.78223677,-64.38880522,72.53986745
-28.75238855,-64.29486902,72.48485855
-28.72242158,-64.20095259,72.43051210
-28.69233686,-64.10705398,72.37689412
-28.66213547,-64.01317124,72.32406805
-28.63181865,-63.91930241,72.27209616
-28.60138783,-63.82544545,72.22104122
-28.57084442,-63.73159840,72.17096355
-28.54019011,-63.63775921,72.12192195
-28.50942665,-63.54392586,72.07397393
-28.47855597,-63.45009628,72.02717553
-28.44758012,-63.35626841,71.98158192
-28.41650124,-63.26244021,71.93724632
-28.38532161,-63.16860960,71.89421942
-28.35404362,-63.07477453,71.85255004
-28.32266987,-62.98093290,71.81228596
-28.29120300,-62.88708267,71.77347371
-28.25962773,-62.79322781,71.73615610
-28.22798260,-62.69935440,71.70037356
-28.19628193,-62.60545663,71.66616537
-28.16452337,-62.51153429,71.63356788
-28.13269407,-62.41759074,71.60261661
-28.10077610,-62.32363113,71.57334282
-28.06875096,-62.22966087,71.54577482
-28.03660312,-62.13568445,71.51993980
-28.00432292,-62.04170449,71.49586220
-27.97190843,-61.94772108,71.47356370
-27.93936693,-61.85373130,71.45306175
-27.90676107,-61.75971379,71.43437137
-27.87411720,-61.66565933,71.41750609
-27.84143791,-61.57156673,71.40247499
-27.80878160,-61.47741604,71.38928522
-27.77618715,-61.38319396,71.37794024
-27.74367248,-61.28889434,71.36843958
-27.71120588,-61.19452787,71.36078144
-27.67883671,-61.10007796,71.35496050
-27.64659172,-61.00553577,71.35096781
-27.61447759,-60.91089931,71.34879260
-27.58245489,-60.81618225,71.34842071
-27.55052920,-60.72138320,71.34983517
-27.51869729,-60.62650383,71.35301708
-27.48700183,-60.53153045,71.35794418
-27.45543759,-60.43646559,71.36459085
-27.42397918,-60.34131870,71.37292925
-27.39258710,-60.24610409,71.38292939
-27.36130069,-60.15080951,71.39455753
-27.33010240,-60.05544200,71.40777778
-27.29895784,-59.96001431,71.42255326
-27.26781468,-59.86454532,71.43884260
-27.23667534,-59.76903546,71.45660222
-27.20551913,-59.67349297,71.47578765
-27.17428895,-59.57793825,71.49635029
-27.14298503,-59.48237260,71.51824050
-27.11161683,-59.38679425,71.54140587
-27.08020137,-59.29119899,71.56579191
-27.04876109,-59.19558083,71.59134353
-27.01732082,-59.09993305,71.61800272
-26.98590401,-59.00424945,71.64571031
-26.95452849,-58.90852579,71.67440439
-26.92320072,-58.81276167,71.70402089
-26.89191002,-58.71696243,71.73449524
-26.86062126,-58.62114159,71.76576113
-26.82935456,-58.52529428,71.79775104
-26.79811122,-58.42942193,71.83039495
-26.76689247,-58.33352602,71.86362365
-26.73569956,-58.23760803,71.89736677
-26.70453362,-58.14166952,71.93155228
-26.67339572,-58.04571209,71.96610876
-26.64228691,-57.94973732,72.00096246
-26.61120804,-57.85374691,72.03603957
-26.58015994,-57.75774254,72.07126711
-26.54914335,-57.66172595,72.10657207
-26.51815898,-57.56569886,72.14188080
-26.48720735,-57.46966306,72.17711949
-26.45628892,-57.37362035,72.21221550
-26.42540410,-57.27757255,72.24709532
-26.39455311,-57.18152152,72.28168653
-26.36373620,-57.08546913,72.31591701
-26.33295344,-56.98941725,72.34971472
-26.30220470,-56.89336783,72.38300858
-26.27148989,-56.79732277,72.41572853
-26.24080873,-56.70128403,72.44780569
-26.21016098,-56.60525354,72.47917089
-26.17952748,-56.50923911,72.50975615
-26.14894437,-56.41323124,72.53949417
-26.11842317,-56.31722814,72.56831888
-26.08795804,-56.22123341,72.59616631
-26.05753199,-56.12525411,72.62297219
-26.02712212,-56.02929905,72.64867368
-25.99670431,-55.93337740,72.67321037
-25.96625696,-55.83749749,72.69652318
-25.93576393,-55.74166589,72.71855457
-25.90521695,-55.64588670,72.73924795
-25.87461693,-55.55016110,72.75854837
-25.84402236,-55.45447230,72.77640313
-25.81343456,-55.35882131,72.79276149
-25.78290712,-55.26319299,72.80757493
-25.75247694,-55.16757732,72.82079640
-25.72216507,-55.07196915,72.83238023
-25.69195256,-54.97637559,72.84228467
-25.66182887,-54.88080113,72.85047043
-25.63184969,-54.78522974,72.85689931
-25.60204484,-54.68965331,72.86153549
-25.57242133,-54.59407066,72.86434609
-25.54293541,-54.49849619,72.86530131
-25.51358706,-54.40293073,72.86437230
-25.48441673,-54.30736249,72.86153336
-25.45541863,-54.21179388,72.85676134
-25.42656510,-54.11623393,72.85003469
-25.39780377,-54.02069923,72.84133595
-25.36911985,-53.92519465,72.83065018
-25.34054327,-53.82971124,72.81796393
-25.31205098,-53.73425627,72.80326632
-25.28360225,-53.63884244,72.78654989
-25.25513642,-53.54348853,72.76781007
-25.22664878,-53.44819603,72.74704350
-25.19807789,-53.35298408,72.72424982
-25.16941395,-53.25785565,72.69943154
-25.14065620,-53.16281084,72.67259381
-25.11181151,-53.06784732,72.64374420
-25.08289278,-52.97296080,72.61289356
-25.05391611,-52.87814594,72.58005525
-25.02489747,-52.78339734,72.54524337
-24.99584834,-52.68871093,72.50847682
-24.96677032,-52.59408564,72.46977668
-24.93764901,-52.49952537,72.42916472
-24.90844665,-52.40504126,72.38666702
-24.87917591,-52.31062865,72.34231184
-24.84983279,-52.21628803,72.29612938
-24.82041327,-52.12201983,72.24815215
-24.79091349,-52.02782442,72.19841498
-24.76132959,-51.93370208,72.14695531
-24.73165779,-51.83965303,72.09381260
-24.70189441,-51.74567742,72.03902872
-24.67203583,-51.65177535,71.98264702
-24.64207852,-51.55794680,71.92471305
-24.61201909,-51.46419172,71.86527508
-24.58185415,-51.37050998,71.80438334
-24.55158049,-51.27690138,71.74208955
-24.52119492,-51.18336567,71.67844676
-24.49069446,-51.08990249,71.61350948
-24.46007614,-50.99651146,71.54733501
-24.42933714,-50.90319214,71.47998185
-24.39847471,-50.80994399,71.41150859
-24.36748630,-50.71676642,71.34197656
-24.33636940,-50.62365879,71.27144838
-24.30512170,-50.53062036,71.19998736
-24.27374088,-50.43765037,71.12765862
-24.24222486,-50.34474797,71.05452807
-24.21057163,-50.25191226,70.98066259
-24.17877935,-50.15914226,70.90613020
-24.14684625,-50.06643697,70.83099998
-24.11477066,-49.97379532,70.75534109
-24.08255111,-49.88121618,70.67922296
-24.05018625,-49.78869835,70.60271667
-24.01767473,-49.69624063,70.52589353
-23.98501547,-49.60384172,70.44882540
-23.95220736,-49.51150030,70.37158437
-23.91924950,-49.41921497,70.29424308
-23.88614109,-49.32698428,70.21687533
-23.85288143,-49.23480675,70.13955544
-23.81946990,-49.14268083,70.06235765
-23.78590607,-49.05060491,69.98535599
-23.75218964,-48.95857731,69.90862578
-23.71832043,-48.86659630,69.83224308
-23.68429836,-48.77466012,69.75628297
-23.65012360,-48.68276691,69.68082127
-23.61579630,-48.59091478,69.60593314
-23.58131701,-48.49910173,69.53169337
-23.54668624,-48.40732576,69.45817811
-23.51190474,-48.31558478,69.38546197
-23.47697338,-48.22387667,69.31361817
-23.44189325,-48.13219924,69.24271998
-23.40666558,-48.04055024,69.17284043
-23.37129176,-47.94892740,69.10405105
-23.33577328,-47.85732843,69.03642160
-23.30011191,-47.76575093,68.97002142
-23.26430938,-47.67419257,68.90491735
-23.22836785,-47.58265087,68.84117551
-23.19228937,-47.49112341,68.77886141
-23.15607622,-47.39960773,68.71803712
-23.11973083,-47.30810134,68.65876374
-23.08325577,-47.21660172,68.60110046
-23.04665376,-47.12510634,68.54510469
-23.00992756,-47.03361268,68.49083217
-22.97308013,-46.94211821,68.43833600
-22.93611458,-46.85062036,68.38766740
-22.89903404,-46.75911660,68.33887469
-22.86184191,-46.66760434,68.29200495
-22.82452367,-46.57608827,68.24710333
-22.78711900,-46.48455130,68.20421099
-22.74964234,-46.39298653,68.16336777
-22.71209077,-46.30139411,68.12461016
-22.67445107,-46.20977840,68.08797312
-22.63670529,-46.11814580,68.05348891
-22.59883568,-46.02650268,68.02118581
-22.56082838,-45.93485393,67.99109094
-22.52267616,-45.84320184,67.96322840
-22.48438062,-45.75154517,67.93761904
-22.44593258,-45.65988718,67.91428126
-22.40743247,-45.56818672,67.89323036
-22.36892859,-45.47642370,67.87447860
-22.33045288,-45.38458472,67.85803551
-22.29202235,-45.29266251,67.84390853
-22.25358792,-45.20067686,67.83210157
-22.21515971,-45.10862345,67.82261578
-22.17683471,-45.01646265,67.81545032
-22.13867428,-44.92416945,67.81060068
-22.10070757,-44.83173210,67.80805942
-22.06293485,-44.73915077,67.80781677
-22.02535423,-44.64642663,67.80986056
-21.98796799,-44.55355925,67.81417498
-21.95075080,-44.46055959,67.82074194
-21.91364704,-44.36745109,67.82954124
-21.87656783,-44.27427084,67.84054997
-21.83952188,-44.18101619,67.85374295
-21.80256422,-44.08766570,67.86909165
-21.76568631,-43.99422388,67.88656597
-21.72886392,-43.90070172,67.90613362
-21.69205576,-43.80711715,67.92775905
-21.65516977,-43.71350864,67.95140533
-21.61822370,-43.61987014,67.97703283
-21.58122266,-43.52620082,68.00459974
-21.54418002,-43.43249654,68.03406226
-21.50711547,-43.33875068,68.06537370
-21.47005236,-43.24495519,68.09848661
-21.43301415,-43.15110208,68.13335088
-21.39601976,-43.05718524,68.16991402
-21.35907833,-42.96320256,68.20812314
-21.32218265,-42.86915858,68.24792261
-21.28530156,-42.77506752,68.28925511
-21.24845436,-42.68092327,68.33206287
-21.21164363,-42.58672650,68.37628655
-21.17487189,-42.49247793,68.42186488
-21.13814161,-42.39817835,68.46873596
-21.10145520,-42.30382859,68.51683736
-21.06481500,-42.20942952,68.56610450
-21.02822328,-42.11498207,68.61647228
-20.99168230,-42.02048720,68.66787575
-20.95519418,-41.92594594,68.72024754
-20.91876098,-41.83135935,68.77352018
-20.88238473,-41.73672851,68.82762701
-20.84606731,-41.64205458,68.88250011
-20.80981060,-41.54733871,68.93807170
-20.77361635,-41.45258209,68.99427405
-20.73748623,-41.35778596,69.05103881
-20.70142191,-41.26295155,69.10829879
-20.66542490,-41.16808014,69.16598704
-20.62949670,-41.07317303,69.22403542
-20.59363871,-40.97823151,69.28237755
-20.55785225,-40.88325691,69.34094756
-20.52213854,-40.78825057,69.39967910
-20.48649874,-40.69321385,69.45850842
-20.45093396,-40.59814806,69.51737248
-20.41544517,-40.50305459,69.57620820
-20.38003318,-40.40793478,69.63495546
-20.34469880,-40.31279001,69.69355494
-20.30944268,-40.21762165,69.75194783
-20.27426539,-40.12243106,69.81007764
-20.23916734,-40.02721965,69.86788902
-20.20414888,-39.93198883,69.92532671
-20.16921020,-39.83674001,69.98233723
-20.13435138,-39.74147464,70.03886918
-20.09957249,-39.64619413,70.09487038
-20.06487335,-39.55089997,70.15028980
-20.03025369,-39.45559363,70.20507922
-19.99571326,-39.36027657,70.25919048
-19.96125166,-39.26495026,70.31257675
-19.92686839,-39.16961616,70.36519268
-19.89256291,-39.07427575,70.41699289
-19.85833459,-38.97893048,70.46793438
-19.82418265,-38.88358186,70.51797523
-19.79010636,-38.78823131,70.56707389
-19.75610489,-38.69288029,70.61518968
-19.72217724,-38.59753027,70.66228348
-19.68832238,-38.50218268,70.70831857
-19.65453925,-38.40683896,70.75325951
-19.62082675,-38.31150051,70.79707089
-19.58718364,-38.21616874,70.83971849
-19.55360869,-38.12084503,70.88117026
-19.52010052,-38.02553078,70.92139495
-19.48665774,-37.93022735,70.96036306
-19.45327900,-37.83493607,70.99804641
-19.41996271,-37.73965828,71.03441686
-19.38670731,-37.64439532,71.06944831
-19.35349324,-37.54915456,71.10311678
-19.32035388,-37.45392540,71.13539959
-19.28729935,-37.35870508,71.16627388
-19.25432308,-37.26349650,71.19571893
-19.22140811,-37.16830604,71.22371528
-19.18853181,-37.07314192,71.25024430
-19.15567044,-36.97801272,71.27529088
-19.12280250,-36.88292616,71.29883875
-19.08991150,-36.78788824,71.32087321
-19.05698812,-36.69290248,71.34138251
-19.02403168,-36.59796946,71.36035587
-18.99109631,-36.50307112,71.37778491
-18.95820111,-36.40820132,71.39366179
-18.92536323,-36.31335455,71.40798062
-18.89259809,-36.21852585,71.42073676
-18.85989817,-36.12371792,71.43192851
-18.82731042,-36.02891518,71.44155644
-18.79486044,-35.93410911,71.44962008
-18.76255511,-35.83929743,71.45612251
-18.73040092,-35.74447793,71.46106928
-18.69839019,-35.64965307,71.46446752
-18.66647440,-35.55483896,71.46632625
-18.63465464,-35.46003496,71.46665585
-18.60292867,-35.36524151,71.46546931
-18.57129093,-35.27046006,71.46278066
-18.53973250,-35.17569313,71.45860688
-18.50829410,-35.08092652,71.45296771
-18.47697467,-34.98615999,71.44588259
-18.44576427,-34.89139616,71.43737364
-18.41465115,-34.79663826,71.42746634
-18.38360077,-34.70189706,71.41618774
-18.35256019,-34.60718946,71.40356586
-18.32153088,-34.51251408,71.38963125
-18.29049181,-34.41787704,71.37441787
-18.25942045,-34.32328492,71.35796025
-18.22829276,-34.22874479,71.34029555
-18.19705011,-34.13427547,71.32146447
-18.16568973,-34.03987676,71.30150798
-18.13421759,-33.94554549,71.28046988
-18.10264664,-33.85127604,71.25839715
-18.07099475,-33.75706107,71.23533924
-18.03928168,-33.66289252,71.21134698
-18.00752566,-33.56876277,71.18647331
-17.97573916,-33.47466608,71.16077464
-17.94392384,-33.38060030,71.13430925
-17.91206490,-33.28656882,71.10713720
-17.88012460,-33.19258277,71.07932076
-17.84811894,-33.09863499,71.05092510
-17.81604569,-33.00472444,71.02201756
-17.78390275,-32.91084999,70.99266641
-17.75168817,-32.81701041,70.96294279
-17.71940005,-32.72320438,70.93292036
-17.68703664,-32.62943052,70.90267329
-17.65459635,-32.53568729,70.87227809
-17.62207772,-32.44197309,70.84181423
-17.58947937,-32.34828624,70.81136197
-17.55680021,-32.25462490,70.78100320
-17.52403918,-32.16098718,70.75082291
-17.49119544,-32.06737108,70.72090625
-17.45826833,-31.97377451,70.69133816
-17.42523809,-31.88020210,70.66220626
-17.39214241,-31.78663815,70.63359952
-17.35899390,-31.69307580,70.60560569
-17.32578738,-31.59951444,70.57831303
-17.29250633,-31.50595747,70.55181174
-17.25912846,-31.41241038,70.52619068
-17.22563064,-31.31887897,70.50153856
-17.19199259,-31.22536807,70.47794365
-17.15820020,-31.13188035,70.45549249
-17.12424790,-31.03841547,70.43427109
-17.09014031,-30.94496953,70.41436320
-17.05592169,-30.85152467,70.39585079
-17.02165180,-30.75805733,70.37881379
-16.98737534,-30.66454934,70.36333035
-16.95312220,-30.57098785,70.34947657
-16.91890826,-30.47736508,70.33732465
-16.88466777,-30.38370250,70.32694545
-16.85046605,-30.28997477,70.31840647
-16.81637247,-30.19615513,70.31177319
-16.78242780,-30.10222721,70.30710910
-16.74864647,-30.00818413,70.30447252
-16.71498810,-29.91403876,70.30391995
-16.68150635,-29.81977049,70.30550495
-16.64820749,-29.72537575,70.30927748
-16.61507318,-29.63085998,70.31528382
-16.58205697,-29.53623877,70.32356583
-16.54908130,-29.44153902,70.33416184
-16.51620936,-29.34673741,70.34710682
-16.48345292,-29.25182910,70.36243211
-16.45079344,-29.15682027,70.38016407
-16.41819340,-29.06172398,70.40032420
-16.38559461,-28.96656078,70.42293036
-16.35296397,-28.87134215,70.44799597
-16.32029580,-28.77607010,70.47552879
-16.28759340,-28.68074352,70.50553276
-16.25486833,-28.58535854,70.53800683
-16.22213855,-28.48990913,70.57294413
-16.18942597,-28.39438801,70.61033438
-16.15675311,-28.29878785,70.65016223
-16.12413863,-28.20310283,70.69240658
-16.09159179,-28.10733060,70.73704235
-16.05910609,-28.01147451,70.78404022
-16.02665130,-27.91554640,70.83336524
-15.99424633,-27.81954085,70.88497779
-15.96189391,-27.72345829,70.93883436
-15.92959689,-27.62729921,70.99488768
-15.89735805,-27.53106423,71.05308509
-15.86518009,-27.43475411,71.11337083
-15.83306588,-27.33836964,71.17568553
-15.80101813,-27.24191177,71.23996431
-15.76903948,-27.14538155,71.30614026
-15.73713264,-27.04878010,71.37414229
-15.70530016,-26.95210870,71.44389546
-15.67354460,-26.85536868,71.51532219
-15.64186832,-26.75856154,71.58834076
-15.61027377,-26.66168880,71.66286715
-15.57876322,-26.56475214,71.73881317
-15.54733878,-26.46775335,71.81608941
-15.51600271,-26.37069424,71.89460288
-15.48475690,-26.27357679,71.97425658
-15.45360327,-26.17640305,72.05495262
-15.42254368,-26.07917514,72.13659018
-15.39157979,-25.98189529,72.21906693
-15.36071320,-25.88456579,72.30227774
-15.32994534,-25.78718901,72.38611672
-15.29927771,-25.68976738,72.47047602
-15.26871154,-25.59230339,72.55524583
-15.23824799,-25.49479961,72.64031742
-15.20788826,-25.39725860,72.72557905
-15.17763322,-25.29968305,72.81091917
-15.14748382,-25.20207561,72.89622721
-15.11744088,-25.10443898,72.98139126
-15.08750512,-25.00677586,73.06630024
-15.05767722,-24.90908896,73.15084450
-15.02795769,-24.81138101,73.23491694
-14.99834715,-24.71365466,73.31840972
-14.96884584,-24.61591265,73.40121679
-14.93945397,-24.51815765,73.48323596
-14.91017176,-24.42039228,73.56436636
-14.88099896,-24.32261925,73.64451061
-14.85193541,-24.22484113,73.72357490
-14.82298068,-24.12706054,73.80146729
-14.79413414,-24.02928008,73.87809888
-14.76539500,-23.93150232,73.95338391
-14.73676237,-23.83372984,74.02723905
-14.70823516,-23.73596518,74.09958153
-14.67981197,-23.63821095,74.17033154
-14.65149136,-23.54046970,74.23941372
-14.62327178,-23.44274395,74.30675257
-14.59515135,-23.34503625,74.37227595
-14.56712830,-23.24734906,74.43591551
-14.53920054,-23.14968486,74.49760424
-14.51136590,-23.05204609,74.55727864
-14.48362215,-22.95443514,74.61487787
-14.45596698,-22.85685434,74.67034267
-14.42839788,-22.75930603,74.72361700
-14.40089225,-22.66179787,74.77464823
-14.37348817,-22.56432116,74.82338628
-14.34619461,-22.46687501,74.86978223
-14.31900061,-22.36946377,74.91379065
-14.29188354,-22.27209486,74.95536804
-14.26481554,-22.17477698,74.99447324
-14.23776913,-22.07751864,75.03106953
-14.21072151,-21.98032698,75.06512217
-14.18365782,-21.88320699,75.09659811
-14.15655055,-21.78616687,75.12546809
-14.12944255,-21.68919617,75.15170644
-14.10242421,-21.59227166,75.17528957
-14.07552853,-21.49538545,75.19619788
-14.04877146,-21.39853407,75.21441489
-14.02215368,-21.30171797,75.22992746
-13.99552787,-21.20497635,75.24272714
-13.96903637,-21.10827208,75.25281007
-13.94278368,-21.01157786,75.26018346
-13.91683015,-20.91487788,75.26485987
-13.89119584,-20.81816685,75.26684756
-13.86592230,-20.72143379,75.26615097
-13.84095040,-20.62469428,75.26276974
-13.81625015,-20.52795623,75.25670165
-13.79175327,-20.43123755,75.24794437
-13.76734998,-20.33456688,75.23649888
-13.74288552,-20.23798445,75.22237286
-13.71849772,-20.14145334,75.20558531
-13.69418344,-20.04497340,75.18617204
-13.66991931,-19.94854957,75.16417871
-13.64566371,-19.85219145,75.13965308
-13.62131960,-19.75592328,75.11264857
-13.59682850,-19.65975891,75.08322501
-13.57220825,-19.56369191,75.05144668
-13.54746160,-19.46771973,75.01738318
-13.52259920,-19.37183756,74.98111121
-13.49763667,-19.27603912,74.94271199
-13.47259080,-19.18031770,74.90227144
-13.44747431,-19.08466751,74.85988055
-13.42228986,-18.98908529,74.81563581
-13.39702223,-18.89357250,74.76963801
-13.37162989,-18.79813755,74.72199213
-13.34612578,-18.70277416,74.67280900
-13.32050523,-18.60748068,74.62220157
-13.29476405,-18.51225524,74.57028685
-13.26889818,-18.41709585,74.51718693
-13.24290384,-18.32200036,74.46302610
-13.21677758,-18.22696645,74.40793213
-13.19051615,-18.13199170,74.35203533
-13.16411677,-18.03707347,74.29546954
-13.13757672,-17.94220907,74.23837129
-13.11089379,-17.84739560,74.18087697
-13.08406606,-17.75263007,74.12312713
-13.05709181,-17.65790936,74.06526217
-13.02996985,-17.56323023,74.00742250
-13.00269920,-17.46858933,73.94974997
-12.97527925,-17.37398322,73.89238647
-12.94770977,-17.27940832,73.83547449
-12.91999314,-17.18486032,73.77915455
-12.89212467,-17.09033698,73.72356825
-12.86410387,-16.99583488,73.66885529
-12.83593330,-16.90134969,73.61515234
-12.80761708,-16.80687667,73.56259714
-12.77915979,-16.71241111,73.51132445
-12.75056595,-16.61794809,73.46146587
-12.72182397,-16.52348726,73.41315186
-12.69297001,-16.42901415,73.36651037
-12.66401307,-16.33452301,73.32166694
-12.63494435,-16.24001405,73.27880158
-12.60573955,-16.14549249,73.23799796
-12.57637794,-16.05096268,73.19922888
-12.54684249,-15.95642762,73.16254496
-12.51709804,-15.86189538,73.12806016
-12.48718456,-15.76735034,73.09593451
-12.45713753,-15.67277660,73.06635949
-12.42698825,-15.57815853,73.03954581
-12.39680295,-15.48347044,73.01571005
-12.36659762,-15.38870276,72.99506312
-12.33634931,-15.29385899,72.97780001
-12.30590709,-15.19898313,72.96394431
-12.27549058,-15.10400663,72.95343504
-12.24526170,-15.00887957,72.94628541
-12.21532767,-14.91356948,72.94250281
-12.18580813,-14.81804038,72.94208569
-12.15673555,-14.72228271,72.94502433
-12.12808607,-14.62630425,72.95130182
-12.09975459,-14.53013817,72.96089239
-12.07163446,-14.43381848,72.97376274
-12.04355950,-14.33739770,72.98987201
-12.01536305,-14.24092874,73.00917151
-11.98722977,-14.14435685,73.03160479
-11.95916131,-14.04768359,73.05710966
-11.93114497,-13.95091506,73.08561787
-11.90311174,-13.85407444,73.11705366
-11.87504126,-13.75717035,73.15133569
-11.84691306,-13.66021157,73.18837645
-11.81870671,-13.56320700,73.22808252
-11.79046471,-13.46614646,73.27035553
-11.76221431,-13.36902460,73.31509089
-11.73398405,-13.27183583,73.36217863
-11.70579823,-13.17457596,73.41150406
-11.67766941,-13.07724451,73.46294821
-11.64959028,-12.97984705,73.51638793
-11.62152307,-12.88239839,73.57169504
-11.59349016,-12.78489527,73.62873916
-11.56549440,-12.68734042,73.68738561
-11.53753853,-12.58973663,73.74749680
-11.50962512,-12.49208681,73.80893356
-11.48184058,-12.39437019,73.87155339
-11.45392567,-12.29666388,73.93521186
-11.42601785,-12.19893257,73.99976239
-11.39820656,-12.10115482,74.06505804
-11.37054130,-12.00332065,74.13095037
-11.34303759,-11.90542506,74.19728954
-11.31568882,-11.80748225,74.26392626
-11.28847022,-11.70951555,74.33070982
-11.26133897,-11.61153278,74.39748981
-11.23424247,-11.51353526,74.46411650
-11.20712584,-11.41552424,74.52838724
-11.17971918,-11.31756756,74.59336396
-11.15223566,-11.21960505,74.66275599
-11.12470759,-11.12163936,74.73380231
-11.09716604,-11.02368500,74.80414260
-11.06964107,-10.92576684,74.87182184
-11.04216731,-10.82793932,74.93528871
-11.01477288,-10.73024276,74.99339441
-10.98747107,-10.63267056,75.04538259
-10.96027003,-10.53520251,75.09087780
-10.93317460,-10.43780972,75.12987168
-10.90604979,-10.34049593,75.16788421
-10.87921345,-10.24314692,75.20763748
-10.85266845,-10.14573790,75.24641672
-10.82640064,-10.04825944,75.28422235
-10.80038209,-9.95072027,75.32105384
-10.77457390,-9.85314918,75.35691078
-10.74892253,-9.75556812,75.39179457
-10.72336229,-9.65798837,75.42570482
-10.69782378,-9.56042822,75.45864128
-10.67223627,-9.46290624,75.49060360
-10.64653173,-9.36544017,75.52159224
-10.62099837,-9.26795468,75.55160766
-10.59552127,-9.17047994,75.58064914
-10.57009869,-9.07301649,75.60871778
-10.54472907,-8.97556480,75.63581281
-10.51939112,-8.87813038,75.66193426
-10.49412023,-8.78070433,75.68708298
-10.46892843,-8.68328371,75.71125880
-10.44381088,-8.58586988,75.73446102
-10.41875107,-8.48846711,75.75668967
-10.39372596,-8.39108133,75.77794595
-10.36870986,-8.29371910,75.79822874
-10.34367811,-8.19638674,75.81753803
-10.31860995,-8.09908953,75.83587455
-10.29349108,-8.00183115,75.85323863
-10.26831526,-7.90461322,75.86963004
-10.24313526,-7.80742244,75.88504854
-10.21796833,-7.71025456,75.89949419
-10.19283076,-7.61310560,75.91296674
-10.16773748,-7.51597194,75.92546691
-10.14269020,-7.41885325,75.93699423
-10.11769799,-7.32174742,75.94754818
-10.09282281,-7.22463909,75.95712958
-10.06809868,-7.12751993,75.96573796
-10.04353550,-7.03038742,75.97337375
-10.01912281,-6.93324402,75.98003666
-9.99483456,-6.83609770,75.98572684
-9.97063261,-6.73895931,75.99044429
-9.94644533,-6.64184679,75.99418871
-9.92224400,-6.54476589,75.99687878
-9.89800161,-6.44772082,75.99835837
-9.87377418,-6.35069326,75.99908547
-9.84957395,-6.25367721,75.99936491
-9.82541312,-6.15666666,75.99932570
-9.80130391,-6.05965563,75.99901601
