east,north,yaw
-5.97862664,2.54263804,79.52976887
-5.96003541,2.63896433,79.40522679
-5.94123414,2.73403104,79.27633530
-5.92219168,2.82806109,79.13047530
-5.90287688,2.92127737,78.95036873
-5.88325860,3.01390277,78.70101139
-5.86327277,3.10634881,78.43439796
-5.84293368,3.19855559,78.22197071
-5.82221397,3.29074449,78.01321355
-5.80109038,3.38310472,77.80813586
-5.77955861,3.47571816,77.60674734
-5.75766747,3.56839263,77.40905586
-5.73546183,3.66095973,77.21507030
-5.71292938,3.75352503,77.02479836
-5.69007687,3.84609078,76.83824627
-5.66690952,3.93865889,76.65542096
-5.64343108,4.03123092,76.47632801
-5.61963650,4.12380641,76.30097276
-5.59553708,4.21638854,76.12936050
-5.57113853,4.30897922,75.96149572
-5.54644654,4.40158036,75.79738248
-5.52146681,4.49419386,75.63702434
-5.49620508,4.58682162,75.48042512
-5.47066699,4.67946550,75.32758705
-5.44485834,4.77212741,75.17851258
-5.41878483,4.86480919,75.03320500
-5.39245215,4.95751269,74.89166530
-5.36586614,5.05023982,74.75389541
-5.33903249,5.14299239,74.61989741
-5.31195700,5.23577226,74.48967174
-5.28464538,5.32858126,74.36321944
-5.25710348,5.42142126,74.24054169
-5.22933708,5.51429408,74.12163877
-5.20135192,5.60720154,74.00651066
-5.17315390,5.70014550,73.89515799
-5.14463774,5.79309446,73.78758140
-5.11609623,5.88613621,73.68377947
-5.08746521,5.97925186,73.58375258
-5.05868063,6.07242239,73.48750095
-5.02968207,6.16562964,73.39502377
-5.00041394,6.25886301,73.30632013
-4.97083421,6.35210160,73.22138945
-4.94089872,6.44531293,73.14023196
-4.91062632,6.53850195,73.06284639
-4.88002152,6.63168404,72.98923192
-4.84908677,6.72488467,72.91662352
-4.81810491,6.81821837,72.84786616
-4.78693930,6.91167825,72.78856284
-4.75559742,7.00529519,72.73853503
-4.72409577,7.09909210,72.69727425
-4.69246292,7.19307963,72.66392988
-4.66072956,7.28721613,72.63729959
-4.62899569,7.38146633,72.61581575
-4.59738705,7.47583594,72.59754165
-4.56596773,7.57032206,72.58017470
-4.53477694,7.66492566,72.56104525
-4.50398608,7.75970073,72.54411375
-4.47325661,7.85455265,72.53253256
-4.44266842,7.94952231,72.52399901
-4.41225578,8.04463497,72.51837988
-4.38202038,8.13989565,72.51554647
-4.35194563,8.23528213,72.51537468
-4.32205457,8.33078941,72.51773883
-4.29229933,8.42640401,72.52251348
-4.26269249,8.52212645,72.52957698
-4.23325291,8.61795923,72.53880696
-4.20401135,8.71390858,72.55007991
-4.17462376,8.80986271,72.56327256
-4.14529209,8.90588181,72.57826216
-4.11601460,9.00196194,72.59492654
-4.08677546,9.09809480,72.61314450
-4.05754355,9.19426736,72.63279525
-4.02823778,9.29045114,72.65375855
-3.99881933,9.38663091,72.67591849
-3.96931865,9.48281324,72.69916390
-3.93975189,9.57900030,72.72338452
-3.91014156,9.67519632,72.74847183
-3.88051343,9.77140663,72.77431986
-3.85089248,9.86763633,72.80082731
-3.82129839,9.96388891,72.82789746
-3.79173991,10.06016454,72.85543279
-3.76220812,10.15645793,72.88333501
-3.73266904,10.25275606,72.91151010
-3.70314215,10.34906257,72.93986809
-3.67362919,10.44537558,72.96831903
-3.64413166,10.54169323,72.99677190
-3.61465313,10.63801431,73.02513866
-3.58519191,10.73433609,73.05333323
-3.55574695,10.83065607,73.08127408
-3.52631840,10.92697220,73.10888433
-3.49690766,11.02328292,73.13608770
-3.46751723,11.11958721,73.16281143
-3.43815080,11.21588439,73.18898781
-3.40881323,11.31217388,73.21455534
-3.37951036,11.40845542,73.23945699
-3.35024840,11.50472924,73.26364023
-3.32103368,11.60099617,73.28700681
-3.29186655,11.69725599,73.30950684
-3.26274891,11.79350983,73.33120158
-3.23368220,11.88975949,73.35217204
-3.20466726,11.98600735,73.37250824
-3.17570434,12.08225606,73.39229921
-3.14679334,12.17850766,73.41162397
-3.11793381,12.27476313,73.43054532
-3.08912490,12.37102281,73.44909738
-3.06036507,12.46728642,73.46727231
-3.03165222,12.56355333,73.48500656
-3.00297979,12.65982156,73.50229656
-2.97434550,12.75609058,73.51919936
-2.94574802,12.85236043,73.53574183
-2.91718684,12.94863176,73.55195279
-2.88866238,13.04490572,73.56786063
-2.86017576,13.14118354,73.58349406
-2.83172847,13.23746641,73.59888447
-2.80332187,13.33375563,73.61406584
-2.77495637,13.43005220,73.62907399
-2.74663082,13.52635667,73.64394344
-2.71834100,13.62266869,73.65870624
-2.69008717,13.71898918,73.67339345
-2.66186814,13.81531856,73.68803396
-2.63368258,13.91165711,73.70265479
-2.60552905,14.00800498,73.71727936
-2.57740610,14.10436221,73.73192435
-2.54931213,14.20072867,73.74660057
-2.52124559,14.29710416,73.76131590
-2.49320503,14.39348838,73.77607670
-2.46518917,14.48988100,73.79088562
-2.43719680,14.58628161,73.80574098
-2.40922684,14.68268977,73.82063844
-2.38127844,14.77910503,73.83556859
-2.35335083,14.87552684,73.85051945
-2.32544329,14.97195463,73.86547894
-2.29753553,15.06838213,73.88043072
-2.26966298,15.16481906,73.89535561
-2.24183905,15.26126878,73.91023441
-2.21406061,15.35772981,73.92504713
-2.18631287,15.45419728,73.93977209
-2.15857372,15.55066417,73.95438458
-2.13081778,15.64712242,73.96885687
-2.10301990,15.74356394,73.98315628
-2.07515806,15.83998147,73.99724443
-2.04721600,15.93636930,74.01108033
-2.01918535,16.03272392,74.02462093
-1.99111653,16.12905870,74.03782222
-1.96302662,16.22537736,74.05064003
-1.93493233,16.32168351,74.06302949
-1.90684998,16.41798062,74.07494735
-1.87878706,16.51426955,74.08635151
-1.85074288,16.61054877,74.09719597
-1.82279038,16.70683761,74.10742898
-1.79497254,16.80314682,74.11699591
-1.76730495,16.89947942,74.12584381
-1.73977867,16.99583159,74.13392505
-1.71233187,17.09218475,74.14120267
-1.68494612,17.18853297,74.14765295
-1.65759650,17.28486875,74.15326196
-1.63025424,17.38118375,74.15802766
-1.60288977,17.47746956,74.16195673
-1.57549699,17.57372455,74.16505286
-1.54813645,17.66996602,74.16731697
-1.52081828,17.76619694,74.16875168
-1.49354033,17.86241675,74.16935906
-1.46628441,17.95862034,74.16913942
-1.43899139,18.05479103,74.16809684
-1.41171792,18.15094503,74.16623892
-1.38447985,18.24708702,74.16357115
-1.35727659,18.34321708,74.16010154
-1.33009503,18.43933180,74.15584266
-1.30287158,18.53541345,74.15080794
-1.27560706,18.63146268,74.14501233
-1.24832886,18.72748776,74.13847333
-1.22106376,18.82349687,74.13121079
-1.19383478,18.91949716,74.12324649
-1.16665869,19.01549404,74.11460489
-1.13959717,19.11150568,74.10530995
-1.11265828,19.20753507,74.09538206
-1.08582541,19.30357814,74.08484281
-1.05905419,19.39962293,74.07371551
-1.03226973,19.49564875,74.06202351
-1.00546943,19.59165545,74.04978826
-0.97864573,19.68764148,74.03702894
-0.95178096,19.78360240,74.02376832
-0.92485666,19.87953355,74.01003140
-0.89785387,19.97543011,73.99584284
-0.87071900,20.07127730,73.98122728
-0.84345871,20.16707773,73.96620976
-0.81608756,20.26283631,73.95081966
-0.78862566,20.35855957,73.93508836
-0.76109646,20.45425508,73.91904832
-0.73352344,20.54993049,73.90273201
-0.70592706,20.64559265,73.88617241
-0.67832068,20.74124639,73.86940844
-0.65070586,20.83689317,73.85247950
-0.62306765,20.93252971,73.83542355
-0.59536872,21.02814625,73.81827688
-0.56762918,21.12374955,73.80107367
-0.53984929,21.21934057,73.78384888
-0.51202925,21.31492018,73.76663538
-0.48416935,21.41048921,73.74946188
-0.45626983,21.50604841,73.73235208
-0.42833096,21.60159851,73.71532719
-0.40035305,21.69714022,73.69841046
-0.37233622,21.79267421,73.68162603
-0.34428078,21.88820123,73.66499989
-0.31618685,21.98372200,73.64855906
-0.28803489,22.07923150,73.63232987
-0.25986144,22.17474123,73.61633899
-0.23168205,22.27025649,73.60061372
-0.20349638,22.36577784,73.58517970
-0.17529288,22.46130246,73.57005980
-0.14705274,22.55682531,73.55527184
-0.11875373,22.65234024,73.54082924
-0.09037312,22.74784081,73.52674362
-0.06189067,22.84332117,73.51302368
-0.03329076,22.93877671,73.49967305
-0.00456465,23.03420466,73.48668703
0.02423788,23.12961940,73.47405373
0.05310027,23.22502540,73.46175626
0.08200666,23.32042676,73.44977289
0.11094167,23.41582739,73.43807983
0.13991759,23.51122286,73.42665064
0.16890329,23.60662168,73.41545588
0.19781185,23.70204905,73.40446573
0.22660011,23.79751711,73.39365031
0.25526289,23.89302664,73.38298133
0.28386595,23.98855717,73.37242923
0.31246457,24.08409131,73.36196235
0.34104720,24.17963167,73.35154584
0.36960942,24.27517864,73.34114235
0.39815419,24.37073038,73.33071372
0.42669157,24.46628286,73.32022191
0.45516938,24.56185057,73.30962601
0.48351708,24.65745347,73.29888206
0.51173701,24.75308971,73.28794462
0.53986930,24.84874605,73.27676666
0.56799791,24.94439607,73.26529912
0.59615701,25.04002819,73.25349333
0.62433032,25.13564590,73.24129955
0.65253109,25.23124385,73.22866589
0.68077313,25.32681649,73.21554029
0.70907088,25.42235811,73.20187129
0.73747220,25.51785285,73.18760937
0.76596655,25.61330254,73.17270711
0.79453691,25.70871100,73.15711742
0.82316147,25.80408349,73.14079135
0.85181643,25.89942588,73.12367875
0.88047856,25.99474383,73.10572737
0.90912845,26.09004183,73.08688478
0.93775412,26.18532212,73.06709809
0.96635521,26.28058337,73.04631332
0.99494751,26.37581940,73.02447548
1.02356823,26.47101748,73.00152889
1.05219878,26.56618180,72.97741890
1.08084068,26.66131045,72.95209037
1.10949524,26.75640151,72.92548833
1.13816407,26.85145301,72.89755655
1.16684875,26.94646292,72.86823340
1.19555088,27.04142920,72.83745779
1.22427213,27.13634979,72.80517032
1.25301428,27.23122253,72.77131141
1.28177903,27.32604533,72.73582170
1.31056833,27.42081596,72.69863962
1.33938418,27.51553218,72.65970182
1.36822883,27.61019161,72.61894250
1.39710445,27.70479185,72.57629632
1.42601355,27.79933036,72.53169768
1.45495868,27.89380456,72.48507737
1.48394243,27.98821186,72.43636646
1.51296771,28.08254959,72.38549707
1.54203780,28.17681492,72.33240095
1.57115625,28.27100495,72.27701208
1.60032697,28.36511671,72.21926567
1.62955406,28.45914717,72.15909540
1.65884170,28.55309329,72.09643589
1.68819420,28.64695208,72.03122513
1.71761620,28.74072047,71.96340543
1.74711240,28.83439549,71.89292140
1.77668746,28.92797423,71.81972131
1.80634607,29.02145387,71.74375920
1.83609313,29.11483153,71.66499053
1.86593369,29.20810432,71.58337141
1.89587305,29.30126932,71.49885926
1.92591652,29.39432358,71.41141105
1.95606947,29.48726417,71.32098714
1.98633731,29.58008815,71.22755205
2.01672570,29.67279258,71.13107258
2.04724039,29.76537460,71.03151760
2.07788735,29.85783136,70.92886070
2.10867266,29.95016007,70.82308455
2.13960255,30.04235798,70.71417898
2.17068328,30.13442245,70.60213635
2.20192110,30.22635091,70.48695194
2.23332233,30.31814086,70.36862572
2.26489336,30.40978982,70.24716214
2.29664045,30.50129540,70.12257045
2.32856979,30.59265533,69.99486403
2.36068727,30.68386747,69.86406038
2.39299881,30.77492974,69.73017955
2.42551015,30.86584022,69.59324460
2.45822693,30.95659708,69.45328446
2.49115454,31.04719862,69.31033223
2.52429806,31.13764331,69.16442638
2.55766249,31.22792967,69.01560919
2.59125259,31.31805631,68.86391961
2.62507295,31.40802189,68.70939604
2.65912798,31.49782507,68.55207946
2.69342189,31.58746453,68.39201349
2.72795879,31.67693893,68.22923951
2.76274254,31.76624702,68.06379443
2.79777708,31.85538747,67.89571694
2.83306656,31.94435888,67.72504851
2.86861513,32.03315977,67.55183425
2.90442726,32.12178860,67.37612048
2.94050727,32.21024384,67.19795315
2.97685936,32.29852407,67.01738068
3.01348795,32.38662779,66.83445418
3.05039740,32.47455355,66.64922817
3.08759209,32.56229998,66.46176124
3.12507583,32.64986598,66.27211787
3.16285219,32.73725057,66.08036769
3.20092458,32.82445288,65.88657986
3.23929629,32.91147209,65.69082262
3.27797040,32.99830743,65.49316301
3.31694946,33.08495828,65.29366956
3.35623564,33.17142412,65.09241341
3.39583101,33.25770440,64.88946138
3.43573751,33.34379858,64.68487446
3.47595705,33.42970604,64.47871071
3.51649134,33.51542620,64.27102972
3.55734201,33.60095841,64.06189335
3.59851060,33.68630200,63.85136198
3.63999855,33.77145636,63.63949163
3.68180731,33.85642085,63.42633420
3.72393817,33.94119486,63.21194418
3.76639232,34.02577778,62.99638100
3.80917072,34.11016905,62.77970397
3.85227398,34.19436824,62.56196825
3.89570245,34.27837499,62.34322187
3.93945629,34.36218893,62.12350805
3.98353542,34.44580970,61.90286907
4.02793947,34.52923693,61.68134604
4.07266768,34.61247033,61.45897632
4.11771902,34.69550966,61.23578960
4.16309225,34.77835464,61.01180610
4.20878611,34.86100484,60.78703969
4.25479927,34.94345968,60.56150152
4.30113019,35.02571854,60.33519846
4.34777710,35.10778074,60.10813106
4.39473820,35.18964550,59.88028982
4.44201169,35.27131188,59.65165664
4.48959602,35.35277861,59.42220942
4.53748956,35.43404432,59.19192351
4.58569063,35.51510745,58.96076998
4.63419754,35.59596633,58.72871148
4.68300870,35.67661911,58.49570204
4.73212264,35.75706372,58.26169018
4.78153809,35.83729787,58.02662250
4.83125380,35.91731910,57.79044641
4.88126854,35.99712483,57.55310589
4.93158112,36.07671233,57.31453902
4.98219060,36.15607866,57.07467600
5.03309610,36.23522071,56.83344214
5.08429687,36.31413515,56.59076432
5.13579209,36.39281858,56.34657001
5.18758110,36.47126741,56.10078274
5.23966342,36.54947790,55.85332052
5.29203882,36.62744603,55.60409786
5.34470723,36.70516759,55.35302834
5.39766875,36.78263813,55.10002859
5.45092362,36.85985301,54.84501497
5.50447225,36.93680745,54.58789833
5.55831492,37.01349672,54.32858617
5.61245194,37.08991608,54.06698840
5.66688378,37.16606063,53.80302161
5.72161115,37.24192525,53.53660689
5.77663490,37.31750470,53.26766318
5.83195592,37.39279367,52.99610456
5.88757506,37.46778672,52.72184229
5.94349352,37.54247806,52.44479068
5.99971284,37.61686151,52.16486407
6.05623467,37.69093077,51.88197380
6.11306054,37.76467961,51.59603196
6.17019215,37.83810171,51.30695697
6.22763150,37.91119051,51.01467583
6.28538095,37.98393926,50.71912087
6.34344294,38.05634120,50.42022647
6.40181989,38.12838965,50.11793104
6.46051413,38.20007791,49.81218185
6.51952801,38.27139930,49.50293038
6.57886380,38.34234715,49.19012602
6.63852362,38.41291489,48.87371731
6.69850942,38.48309600,48.55365848
6.75882313,38.55288388,48.22990934
6.81946662,38.62227188,47.90242891
6.88044169,38.69125341,47.57117379
6.94175017,38.75982174,47.23610264
7.00339398,38.82797000,46.89717972
7.06537512,38.89569115,46.55437278
7.12769562,38.96297813,46.20764957
7.19035749,39.02982386,45.85698274
7.25336286,39.09622105,45.50235177
7.31671390,39.16216238,45.14373978
7.38041286,39.22764041,44.78113065
7.44446196,39.29264768,44.41451009
7.50886338,39.35717673,44.04387333
7.57361930,39.42122001,43.66922471
7.63873194,39.48476996,43.29056922
7.70420344,39.54781909,42.90791158
7.77003592,39.61035989,42.52126533
7.83623147,39.67238481,42.13065670
7.90279224,39.73388615,41.73611512
7.96972019,39.79485646,41.33766897
8.03701700,39.85528857,40.93535270
8.10468416,39.91517544,40.52921022
8.17272315,39.97451000,40.11929410
8.24113536,40.03328528,39.70565856
8.30992195,40.09149454,39.28835902
8.37908356,40.14913150,38.86745845
8.44862065,40.20619003,38.44302647
8.51853363,40.26266385,38.01513216
8.58882300,40.31854653,37.58383837
8.65948877,40.37383202,37.14920821
8.73053058,40.42851459,36.71131567
8.80194798,40.48258842,36.27024031
8.87374059,40.53604752,35.82605646
8.94590805,40.58888581,35.37883457
9.01844977,40.64109743,34.92864929
9.09136483,40.69267673,34.47558526
9.16465218,40.74361814,34.01973410
9.23831075,40.79391613,33.56118708
9.31233933,40.84356529,33.10003034
9.38673643,40.89256052,32.63635024
9.46150030,40.94089694,32.17024340
9.53662898,40.98856971,31.70181259
9.61212026,41.03557426,31.23115622
9.68797162,41.08190636,30.75836502
9.76418036,41.12756194,30.28352412
9.84074357,41.17253697,29.80672036
9.91765813,41.21682756,29.32804669
9.99492075,41.26042995,28.84759748
10.07252795,41.30334057,28.36546174
10.15047613,41.34555591,27.88172069
10.22876169,41.38707237,27.39645273
10.30738099,41.42788609,26.90973934
10.38633026,41.46799327,26.42166541
10.46560556,41.50739030,25.93231587
10.54520287,41.54607368,25.44177125
10.62511818,41.58403989,24.95010718
10.70534748,41.62128534,24.45740202
10.78588668,41.65780643,23.96374183
10.86673157,41.69359983,23.46921819
10.94787782,41.72866244,22.97392124
11.02932105,41.76299132,22.47793636
11.11105689,41.79658353,21.98134708
11.19308088,41.82943621,21.48424032
11.27538842,41.86154667,20.98670863
11.35797472,41.89291260,20.48884658
11.44083492,41.92353187,19.99074338
11.52396412,41.95340255,19.49248218
11.60735744,41.98252266,18.99414612
11.69100995,42.01089030,18.49582415
11.77491662,42.03850374,17.99761147
11.85907238,42.06536144,17.49960280
11.94347218,42.09146194,17.00188679
12.02811103,42.11680378,16.50454774
12.11298390,42.14138556,16.00767191
12.19808569,42.16520616,15.51135363
12.28341126,42.18826467,15.01569143
12.36895544,42.21056056,14.52077991
12.45471309,42.23209355,14.02670970
12.54067911,42.25286360,13.53357115
12.62684834,42.27287086,13.04146096
12.71321560,42.29211553,12.55048057
12.79977571,42.31059791,12.06072801
12.88652346,42.32831861,11.57229185
12.97345362,42.34527844,11.08525304
13.06056092,42.36147836,10.59969526
13.14784017,42.37691909,10.11570734
13.23528619,42.39160153,9.63337884
13.32289391,42.40552677,9.15279644
13.41065828,42.41869635,8.67404439
13.49857438,42.43111171,8.19721190
13.58663738,42.44277417,7.72239385
13.67484252,42.45368512,7.24968495
13.76318509,42.46384643,6.77917749
13.85166035,42.47326044,6.31096165
13.94026364,42.48192967,5.84512856
14.02899035,42.48985665,5.38176872
14.11783594,42.49704410,4.92096962
14.20679591,42.50349509,4.46281714
14.29586580,42.50921296,4.00739921
14.38504120,42.51420116,3.55480345
14.47431785,42.51846314,3.10511122
14.56369156,42.52200258,2.65840001
14.65315823,42.52482325,2.21475007
14.74271381,42.52692906,1.77424665
14.83235439,42.52832414,1.33697295
14.92207617,42.52901279,0.90300625
15.01187544,42.52899931,0.47242134
15.10174858,42.52828806,0.04529542
15.19169202,42.52688360,-0.37829264
15.28170230,42.52479059,-0.79826859
15.37177607,42.52201389,-1.21456280
15.46191008,42.51855840,-1.62710395
15.55210120,42.51442900,-2.03581935
15.64234641,42.50963061,-2.44063863
15.73264282,42.50416843,-2.84149276
15.82298768,42.49804786,-3.23830902
15.91337833,42.49127437,-3.63101426
16.00381232,42.48385372,-4.01954137
16.09428732,42.47579206,-4.40382581
16.18480120,42.46709592,-4.78380011
16.27535186,42.45777208,-5.15939277
16.36593733,42.44782741,-5.53053574
16.45655574,42.43726881,-5.89717277
16.54720529,42.42610359,-6.25925663
16.63788423,42.41433925,-6.61673845
16.72859076,42.40198324,-6.96956858
16.81932315,42.38904258,-7.31770807
16.91007978,42.37552438,-7.66112880
17.00085918,42.36143592,-7.99980077
17.09165999,42.34678463,-8.33368532
17.18248090,42.33157741,-8.66274209
17.27332074,42.31582087,-8.98693607
17.36417851,42.29952151,-9.30623813
17.45505341,42.28268637,-9.62061600
17.54594476,42.26532265,-9.93003005
17.63685198,42.24743745,-10.23443966
17.72777462,42.22903776,-10.53381048
17.81871245,42.21013092,-10.82811463
17.90966536,42.19072462,-11.11732381
18.00063337,42.17082684,-11.40140383
18.09161653,42.15044541,-11.68032147
18.18261506,42.12958832,-11.95405175
18.27362928,42.10826361,-12.22257663
18.36465968,42.08647958,-12.48587927
18.45570676,42.06424445,-12.74393875
18.54677113,42.04156652,-12.99673273
18.63785348,42.01845405,-13.24424235
18.72895460,41.99491537,-13.48645680
18.82007535,41.97095868,-13.72337181
18.91121669,41.94659232,-13.95498014
19.00237952,41.92182434,-14.18127090
19.09356494,41.89666315,-14.40223450
19.18477413,41.87111716,-14.61786601
19.27600845,41.84519498,-14.82816653
19.36726923,41.81890486,-15.03313812
19.45855788,41.79225520,-15.23277957
19.54987585,41.76525440,-15.42708631
19.64122469,41.73791098,-15.61605753
19.73260603,41.71023364,-15.79970183
19.82402159,41.68223111,-15.97803152
19.91547302,41.65391186,-16.15105892
20.00696205,41.62528459,-16.31879455
20.09849047,41.59635809,-16.48124797
20.19006015,41.56714133,-16.63843295
20.28167304,41.53764329,-16.79037067
20.37333106,41.50787279,-16.93708608
20.46503610,41.47783859,-17.07860123
20.55679003,41.44754949,-17.21493838
20.64859480,41.41701461,-17.34612260
20.74045244,41.38624325,-17.47218510
20.83236493,41.35524455,-17.59316496
20.92433421,41.32402768,-17.70910362
21.01636221,41.29260176,-17.82003982
21.10845081,41.26097613,-17.92601224
21.20060189,41.22916011,-18.02706520
21.29281729,41.19716309,-18.12325169
21.38509871,41.16499414,-18.21463188
21.47744775,41.13266227,-18.30126727
21.56986587,41.10017627,-18.38321718
21.66235442,41.06754494,-18.46054216
21.75491468,41.03477676,-18.53330900
21.84754289,41.00186566,-18.60159196
21.94025091,40.96885119,-18.66546699
22.03304208,40.93574806,-18.72500599
22.12591432,40.90255519,-18.78027730
22.21886271,40.86926324,-18.83135060
22.31188156,40.83586058,-18.87830189
22.40496601,40.80233808,-18.92120772
22.49811305,40.76869224,-18.96014308
22.59131442,40.73490448,-18.99518041
22.68458597,40.70102609,-19.02639404
22.77794120,40.66710170,-19.05386612
22.87140378,40.63320597,-19.07768346
22.96497994,40.59936293,-19.09793613
23.05867017,40.56558029,-19.11471711
23.15243124,40.53174032,-19.12812139
23.24629212,40.49793344,-19.13824765
23.34029622,40.46429208,-19.14519890
23.43446969,40.43089946,-19.14908261
23.52882316,40.39779441,-19.15000971
23.62337372,40.36503498,-19.14809252
23.71811303,40.33260615,-19.14344213
23.81301016,40.30042795,-19.13616938
23.90803822,40.26843235,-19.12638954
24.00315589,40.23650985,-19.11422078
24.09830683,40.20450757,-19.09977833
24.19351736,40.17251073,-19.08317285
24.28879927,40.14056237,-19.06451416
24.38414680,40.10865487,-19.04391306
24.47954950,40.07676671,-19.02148006
24.57497962,40.04482561,-18.99732361
24.67042568,40.01280677,-18.97154875
24.76587644,39.98068576,-18.94426006
24.86134151,39.94849848,-18.91556231
24.95682593,39.91626772,-18.88556010
25.05233606,39.88402010,-18.85435945
25.14787817,39.85178210,-18.82206852
25.24345659,39.81957471,-18.78879599
25.33907168,39.78740752,-18.75464820
25.43471744,39.75527162,-18.71973134
25.53037880,39.72313155,-18.68415551
25.62606027,39.69100888,-18.64803424
25.72175995,39.65890639,-18.61147774
25.81747601,39.62682675,-18.57458830
25.91320674,39.59477269,-18.53746114
26.00895060,39.56274688,-18.50018815
26.10470622,39.53075196,-18.46285804
26.20047227,39.49879021,-18.42555186
26.29624752,39.46686389,-18.38834121
26.39203080,39.43497518,-18.35129325
26.48782101,39.40312609,-18.31447475
26.58361700,39.37131818,-18.27795205
26.67941754,39.33955260,-18.24178680
26.77522139,39.30783029,-18.20603583
26.87102737,39.27615215,-18.17075197
26.96683435,39.24451892,-18.13598513
27.06264123,39.21293110,-18.10178454
27.15844685,39.18138884,-18.06819542
27.25425012,39.14989231,-18.03525797
27.35005006,39.11844177,-18.00301005
27.44584571,39.08703730,-17.97148786
27.54163614,39.05567888,-17.94072563
27.63742041,39.02436624,-17.91075419
27.73319762,38.99309910,-17.88160121
27.82896692,38.96187719,-17.85329213
27.92472756,38.93070033,-17.82585142
28.02047883,38.89956828,-17.79930316
28.11621377,38.86846088,-17.77366738
28.21194361,38.83741493,-17.74895861
28.30767238,38.80644441,-17.72518898
28.40339879,38.77554623,-17.70236754
28.49911795,38.74470569,-17.68050105
28.59482284,38.71390093,-17.65959307
28.69050556,38.68310712,-17.63964078
28.78615850,38.65229999,-17.62063814
28.88177525,38.62145872,-17.60257713
28.97735133,38.59056840,-17.58544871
29.07288478,38.55962177,-17.56924227
29.16839255,38.52867093,-17.55394464
29.26388032,38.49773257,-17.53954022
29.35935342,38.46682224,-17.52600988
29.45481687,38.43595444,-17.51333392
29.55027032,38.40512658,-17.50149433
29.64571857,38.37435227,-17.49047273
29.74118352,38.34369957,-17.48024941
29.83667720,38.31320492,-17.47080094
29.93220273,38.28287631,-17.46210016
30.02775568,38.25269736,-17.45411742
30.12331526,38.22259931,-17.44682231
30.21887529,38.19255968,-17.44018264
30.31442785,38.16255030,-17.43416221
30.40996416,38.13254026,-17.42872339
30.50547544,38.10249849,-17.42382906
30.60096659,38.07243744,-17.41944402
30.69645573,38.04241151,-17.41553413
30.79194700,38.01243060,-17.41206327
30.88744056,37.98249188,-17.40899293
30.98293161,37.95257659,-17.40628014
31.07840926,37.92264655,-17.40388242
31.17388112,37.89272243,-17.40176088
31.26934807,37.86280350,-17.39987571
31.36481098,37.83288909,-17.39818939
31.46027073,37.80297860,-17.39666328
31.55572818,37.77307148,-17.39525778
31.65118422,37.74316729,-17.39393487
31.74663974,37.71326562,-17.39265791
31.84209561,37.68336615,-17.39139368
31.93755270,37.65346862,-17.39010717
32.03301183,37.62357283,-17.38876473
32.12847378,37.59367869,-17.38733662
32.22393929,37.56378613,-17.38579372
32.31940910,37.53389517,-17.38411141
32.41488390,37.50400587,-17.38226740
32.51036438,37.47411831,-17.38023830
32.60585124,37.44423266,-17.37799900
32.70134516,37.41434909,-17.37552450
32.79684683,37.38446786,-17.37279256
32.89235696,37.35458922,-17.36978156
32.98787622,37.32471350,-17.36647073
33.08340529,37.29484106,-17.36284050
33.17894485,37.26497228,-17.35886966
33.27448914,37.23508681,-17.35453629
33.37005034,37.20522179,-17.34982036
33.46563439,37.17539447,-17.34470094
33.56124228,37.14560612,-17.33915540
33.65687111,37.11584578,-17.33316310
33.75250259,37.08605310,-17.32670565
33.84813826,37.05623158,-17.31976676
33.94378744,37.02641001,-17.31233352
34.03945917,36.99661640,-17.30439575
34.13516126,36.96687521,-17.29594441
34.23089952,36.93720470,-17.28697268
34.32669343,36.90766719,-17.27747660
34.42254594,36.87827247,-17.26745532
34.51845251,36.84900635,-17.25691308
34.61440003,36.81982756,-17.24585797
34.71036623,36.79066535,-17.23429885
34.80635099,36.76152031,-17.22224514
34.90235239,36.73238722,-17.20970708
34.99836552,36.70325118,-17.19669536
35.09438530,36.67409671,-17.18322096
35.19040645,36.64490775,-17.16929536
35.28641329,36.61563425,-17.15492862
35.38240838,36.58628552,-17.14013232
35.47839649,36.55687810,-17.12492170
35.57438407,36.52743405,-17.10931132
35.67037847,36.49797844,-17.09331603
35.76638695,36.46853628,-17.07695115
35.86241570,36.43912911,-17.06023256
35.95846865,36.40977116,-17.04317727
36.05454603,36.38046485,-17.02580308
36.15064300,36.35119598,-17.00812840
36.24674791,36.32192826,-16.99016977
36.34286645,36.29268177,-16.97194533
36.43899808,36.26345643,-16.95347391
36.53514223,36.23425205,-16.93477337
36.63129828,36.20506857,-16.91586527
36.72746552,36.17590571,-16.89677392
36.82364317,36.14676333,-16.87752526
36.91983037,36.11764124,-16.85814859
37.01602618,36.08853928,-16.83867704
37.11222963,36.05945735,-16.81914642
37.20843970,36.03039532,-16.79959332
37.30465543,36.00135331,-16.78005574
37.40087579,35.97233125,-16.76057108
37.49709985,35.94332917,-16.74117344
37.59332670,35.91434725,-16.72189788
37.68955540,35.88538535,-16.70277864
37.78578507,35.85644357,-16.68384848
37.88200914,35.82750289,-16.66514107
37.97823729,35.79859883,-16.64668989
38.07447257,35.76974484,-16.62852913
38.17071315,35.74093802,-16.61069389
38.26695382,35.71216421,-16.59322071
38.36318733,35.68340228,-16.57614714
38.45940560,35.65462835,-16.55950921
38.55560073,35.62581906,-16.54334383
38.65176585,35.59695434,-16.52768560
38.74789591,35.56802024,-16.51256777
38.84398819,35.53901054,-16.49802461
38.94005704,35.50997630,-16.48408800
39.03610688,35.48093511,-16.47078884
39.13214189,35.45190374,-16.45815577
39.22816608,35.42289812,-16.44621388
39.32417960,35.39392096,-16.43498558
39.42018414,35.36497999,-16.42449063
39.51619940,35.33614427,-16.41474890
39.61223615,35.30745245,-16.40578006
39.70829703,35.27891575,-16.39760447
39.80437761,35.25052133,-16.39024509
39.90045848,35.22220543,-16.38372505
39.99653298,35.19394772,-16.37806824
40.09259280,35.16572210,-16.37329819
40.18862875,35.13749923,-16.36943555
40.28463159,35.10924939,-16.36649746
40.38059572,35.08095490,-16.36449765
40.47654814,35.05270884,-16.36344781
40.57249651,35.02453830,-16.36335804
40.66844016,34.99644172,-16.36423656
40.76437017,34.96838916,-16.36608948
40.86025784,34.94028303,-16.36891819
40.95610729,34.91213723,-16.37271896
41.05192700,34.88397992,-16.37748361
41.14772549,34.85583904,-16.38320040
41.24351036,34.82773911,-16.38985534
41.33928751,34.79969837,-16.39743230
41.43507629,34.77178061,-16.40591020
41.53088034,34.74399592,-16.41526389
41.62669600,34.71632919,-16.42546693
41.72251121,34.68873655,-16.43649070
41.81830456,34.66114214,-16.44830451
41.91407387,34.63353529,-16.46087441
42.00981831,34.60590971,-16.47416258
42.10553314,34.57824568,-16.48812815
42.20121341,34.55052273,-16.50272847
42.29685397,34.52271959,-16.51792048
42.39243918,34.49477979,-16.53366073
42.48797151,34.46670744,-16.54990372
42.58345588,34.43851485,-16.56660149
42.67889928,34.41022094,-16.58370060
42.77430985,34.38184824,-16.60114391
42.86969608,34.35342021,-16.61887416
42.96506562,34.32495739,-16.63683435
43.06042414,34.29647349,-16.65496769
43.15577382,34.26797049,-16.67321464
43.25111171,34.23943332,-16.69151567
43.34642219,34.21080458,-16.70981433
43.44172381,34.18214090,-16.72805388
43.53702227,34.15345601,-16.74617853
43.63231825,34.12474703,-16.76413054
43.72760878,34.09599922,-16.78185147
43.82288890,34.06719122,-16.79928590
43.91815273,34.03829885,-16.81638039
44.01339474,34.00929898,-16.83308342
44.10861052,33.98017235,-16.84934081
44.20379764,33.95090615,-16.86509743
44.29895628,33.92149618,-16.88029636
44.39410456,33.89199756,-16.89487952
44.48925013,33.86243078,-16.90879314
44.58440050,33.83281581,-16.92198572
44.67956284,33.80317160,-16.93440766
44.77474005,33.77350325,-16.94601053
44.86993714,33.74382281,-16.95674624
44.96517821,33.71420479,-16.96656688
45.06047768,33.68469214,-16.97542622
45.15584110,33.65529883,-16.98328092
45.25126627,33.62601383,-16.99008796
45.34672823,33.59675194,-16.99580888
45.44223373,33.56753207,-17.00040925
45.53778176,33.53834820,-17.00385861
45.63336525,33.50917490,-17.00613324
45.72897299,33.47997373,-17.00721266
45.82459091,33.45069743,-17.00708150
45.92023272,33.42139007,-17.00573014
46.01591195,33.39209566,-17.00315435
46.11163810,33.36284568,-16.99935755
46.20741481,33.33365296,-16.99434941
46.30323790,33.30450541,-16.98814638
46.39913498,33.27549523,-16.98076817
46.49511088,33.24664051,-16.97223737
46.59116254,33.21793374,-16.96258040
46.68727768,33.18933754,-16.95182311
46.78343373,33.16078091,-16.93999525
46.87962409,33.13224536,-16.92712916
46.97584814,33.10373217,-16.91325907
47.07209947,33.07522396,-16.89842458
47.16837119,33.04670212,-16.88266920
47.26465597,33.01814697,-16.86604269
47.36093557,32.98950278,-16.84859895
47.45720970,32.96077370,-16.83039616
47.55348061,32.93197243,-16.81149629
47.64975249,32.90311833,-16.79196231
47.74603081,32.87423524,-16.77185972
47.84232137,32.84534816,-16.75125527
47.93862920,32.81647977,-16.73021615
48.03495726,32.78764599,-16.70881094
48.13130490,32.75885100,-16.68710930
48.22766618,32.73008165,-16.66518423
48.32402797,32.70130084,-16.64311036
48.42039430,32.67252859,-16.62096304
48.51676319,32.64376509,-16.59881949
48.61312686,32.61499092,-16.57675587
48.70949424,32.58624325,-16.55484852
48.80586716,32.55753536,-16.53317629
48.90224232,32.52886329,-16.51181777
48.99861300,32.50021156,-16.49085269
49.09497058,32.47155823,-16.47036140
49.19130583,32.44287931,-16.45042539
49.28761001,32.41415232,-16.43112590
49.38387585,32.38535948,-16.41253998
49.48009823,32.35649018,-16.39474379
49.57627468,32.32754252,-16.37780861
49.67242034,32.29857388,-16.36180198
49.76853975,32.26960576,-16.34678944
49.86463708,32.24065831,-16.33283206
49.96071621,32.21175034,-16.31998922
50.05677505,32.18288016,-16.30831731
50.15282524,32.15409275,-16.29787055
50.24887548,32.12542268,-16.28869809
50.34492760,32.09688074,-16.28084292
50.44098314,32.06847621,-16.27434452
50.53704070,32.04020795,-16.26923812
50.63309731,32.01206893,-16.26555648
50.72913305,31.98399368,-16.26332784
50.82514735,31.95598261,-16.26257548
50.92113940,31.92803499,-16.26332009
51.01710822,31.90014903,-16.26557744
51.11306659,31.87236987,-16.26936146
51.20901900,31.84471367,-16.27468325
51.30496549,31.81718116,-16.28155060
51.40090698,31.78977566,-16.28996729
51.49683945,31.76248322,-16.29993262
51.59275368,31.73527178,-16.31144329
51.68863060,31.70807518,-16.32449308
51.78447246,31.68090003,-16.33907413
51.88027328,31.65372443,-16.35517399
51.97602664,31.62652461,-16.37277384
52.07172567,31.59927503,-16.39185032
52.16735281,31.57191390,-16.41237583
52.26290747,31.54443658,-16.43432037
52.35839189,31.51684776,-16.45765169
52.45381051,31.48915937,-16.48233475
52.54916942,31.46138875,-16.50833198
52.64447547,31.43355559,-16.53560303
52.73973524,31.40567839,-16.56410554
52.83495369,31.37777000,-16.59379530
52.93013263,31.34983237,-16.62462786
53.02526884,31.32185042,-16.65655687
53.12035202,31.29378506,-16.68953280
53.21538827,31.26565262,-16.72350626
53.31037831,31.23745103,-16.75842696
53.40532289,31.20917822,-16.79424377
53.50022284,31.18083232,-16.83090471
53.59507903,31.15241155,-16.86835436
53.68989234,31.12391424,-16.90653700
53.78466370,31.09533889,-16.94539846
53.87939400,31.06668407,-16.98488724
53.97408419,31.03794863,-17.02495457
54.06873522,31.00913143,-17.06555282
54.16334804,30.98023145,-17.10663292
54.25792371,30.95124800,-17.14814353
54.35246329,30.92218035,-17.19003279
54.44696794,30.89302806,-17.23225074
54.54143880,30.86379074,-17.27474758
54.63587699,30.83446805,-17.31747518
54.73028365,30.80505988,-17.36038720
54.82465988,30.77556623,-17.40343929
54.91900685,30.74598740,-17.44658964
55.01332565,30.71632378,-17.48979881
55.10761737,30.68657582,-17.53303030
55.20188303,30.65674405,-17.57624854
55.29612353,30.62682870,-17.61941965
55.39033973,30.59683010,-17.66251295
55.48453246,30.56674858,-17.70549907
55.57870247,30.53658433,-17.74834986
55.67285057,30.50633765,-17.79103753
55.76697751,30.47600872,-17.83353368
55.86108413,30.44559786,-17.87580843
55.95517124,30.41510540,-17.91783081
56.04923975,30.38453178,-17.95957145
56.14329055,30.35387752,-18.00099901
56.23732450,30.32314313,-18.04208480
56.33134244,30.29232917,-18.08280332
56.42534523,30.26143635,-18.12312874
56.51933365,30.23046533,-18.16303756
56.61330851,30.19941695,-18.20250731
56.70727060,30.16829206,-18.24151684
56.80122075,30.13709157,-18.28004600
56.89515974,30.10581634,-18.31807399
56.98908841,30.07446730,-18.35557947
57.08300762,30.04304540,-18.39253978
57.17691817,30.01155141,-18.42893271
57.27082088,29.97998628,-18.46473699
57.36471658,29.94835092,-18.49993134
57.45860604,29.91664625,-18.53449673
57.55249004,29.88487324,-18.56841616
57.64636935,29.85303288,-18.60167245
57.74024471,29.82112619,-18.63424918
57.83411692,29.78915427,-18.66613026
57.92798682,29.75711824,-18.69729822
58.02185521,29.72501916,-18.72773434
58.11572292,29.69285803,-18.75741951
58.20959078,29.66063590,-18.78633525
58.30345965,29.62835375,-18.81446270
58.39733032,29.59601256,-18.84178275
58.49119712,29.56359439,-18.86827707
58.58507346,29.53113687,-18.89392717
58.67896477,29.49865432,-18.91871558
58.77287067,29.46614414,-18.94262479
58.86678688,29.43359243,-18.96563527
58.96070694,29.40097884,-18.98772723
59.05462359,29.36828088,-19.00888053
59.14853008,29.33547739,-19.02907418
59.24242118,29.30255164,-19.04828683
59.33629403,29.26949368,-19.06649701
59.43014880,29.23630226,-19.08368174
59.52400573,29.20303424,-19.09981650
59.61787301,29.16971126,-19.11487597
59.71175853,29.13635387,-19.12883281
59.80566979,29.10298140,-19.14165869
59.89960714,29.06959263,-19.15332768
59.99358046,29.03621385,-19.16381409
60.08761519,29.00291609,-19.17309360
60.18173240,28.96975813,-19.18114628
60.27591610,28.93669249,-19.18795588
60.37015546,28.90368687,-19.19350883
60.46446611,28.87078509,-19.19779375
60.55883772,28.83795673,-19.20080280
60.65324487,28.80512819,-19.20252843
60.74766781,28.77224224,-19.20296394
60.84210716,28.73930035,-19.20210489
60.93658209,28.70635738,-19.19994695
61.03112148,28.67349613,-19.19648843
61.12573792,28.64075280,-19.19172888
61.22041867,28.60809105,-19.18566778
61.31517410,28.57554093,-19.17830658
61.41002441,28.54316107,-19.16964903
61.50495120,28.51089935,-19.15970085
61.59993202,28.47869223,-19.14847057
61.69495646,28.44651102,-19.13597055
61.79002656,28.41436295,-19.12221506
61.88513623,28.38223228,-19.10722211
61.98027880,28.35010177,-19.09101579
62.07544697,28.31795261,-19.07362302
62.17062155,28.28573169,-19.05507450
62.26580242,28.25344130,-19.03540658
62.36099218,28.22109200,-19.01465724
62.45619577,28.18870111,-18.99286399
62.55141964,28.15629062,-18.97006825
62.64667074,28.12388406,-18.94631336
62.74195542,28.09150337,-18.92164181
62.83727792,28.05916470,-18.89609971
62.93263876,28.02687351,-18.86973677
63.02803274,27.99461882,-18.84260345
63.12344683,27.96236694,-18.81475210
63.21888624,27.93013728,-18.78623858
63.31434984,27.89793087,-18.75711738
63.40983653,27.86574870,-18.72744169
63.50534516,27.83359179,-18.69726517
63.60087451,27.80146087,-18.66664100
63.69642335,27.76935673,-18.63562380
63.79199041,27.73728019,-18.60427098
63.88757431,27.70523190,-18.57264255
63.98317360,27.67321245,-18.54079978
64.07878679,27.64122246,-18.50880555
64.17441234,27.60926242,-18.47672450
64.27004867,27.57733279,-18.44462000
64.36569428,27.54543417,-18.41255545
64.46134767,27.51356717,-18.38059422
64.55700738,27.48173245,-18.34879883
64.65267202,27.44993069,-18.31722963
64.74834019,27.41816253,-18.28594541
64.84401052,27.38642841,-18.25500386
64.93968162,27.35472862,-18.22445978
65.03535213,27.32306338,-18.19436593
65.13102068,27.29143267,-18.16477287
65.22668589,27.25983646,-18.13572968
65.32234638,27.22827456,-18.10728503
65.41800073,27.19674672,-18.07948744
65.51364113,27.16523289,-18.05238574
65.60927834,27.13377037,-18.02602832
65.70491535,27.10237246,-18.00046350
65.80054946,27.07103484,-17.97573817
65.89617426,27.03974146,-17.95189598
65.99178130,27.00846969,-17.92897814
66.08736149,26.97719466,-17.90702266
66.18290635,26.94589310,-17.88606576
66.27840892,26.91454614,-17.86614060
66.37386452,26.88314184,-17.84727691
66.46927135,26.85167688,-17.82950213
66.56464693,26.82020770,-17.81284230
66.65999699,26.78875418,-17.79732033
66.75532675,26.75733462,-17.78295747
66.85064104,26.72596590,-17.76977358
66.94593768,26.69464280,-17.75778476
67.04122426,26.66339051,-17.74700444
67.13652253,26.63227816,-17.73744260
67.23184338,26.60134075,-17.72910483
67.32718818,26.57058306,-17.72199330
67.42254381,26.53996417,-17.71610717
67.51789789,26.50944520,-17.71144311
67.61324757,26.47901692,-17.70799422
67.70858349,26.44864959,-17.70575302
67.80389170,26.41829887,-17.70471167
67.89914488,26.38787849,-17.70486071
67.99434626,26.35739762,-17.70619120
68.08952152,26.32693555,-17.70869054
68.18468291,26.29652927,-17.71234224
68.27983769,26.26619982,-17.71712651
68.37498634,26.23594668,-17.72301932
68.47013709,26.20579335,-17.72999481
68.56530167,26.17577403,-17.73802598
68.66047726,26.14587726,-17.74708400
68.75565237,26.11606413,-17.75713805
68.85080571,26.08626502,-17.76815462
68.94593247,26.05646176,-17.78009797
69.04103292,26.02665192,-17.79293088
69.13610209,25.99681682,-17.80661555
69.23113474,25.96693683,-17.82111427
69.32612525,25.93699146,-17.83638965
69.42105728,25.90692719,-17.85240655
69.51593239,25.87674619,-17.86913165
69.61075473,25.84645860,-17.88653294
69.70553050,25.81608096,-17.90457910
69.80026720,25.78563383,-17.92323589
69.89497266,25.75513862,-17.94246768
69.98965404,25.72461455,-17.96223828
70.08431647,25.69407445,-17.98251064
70.17896161,25.66352033,-18.00324837
70.27358596,25.63293829,-18.02441540
70.36817897,25.60229273,-18.04597590
70.46274726,25.57160119,-18.06789359
70.55729156,25.54086312,-18.09013414
70.65181269,25.51007820,-18.11266452
70.74631146,25.47924626,-18.13545069
70.84078863,25.44836701,-18.15846161
70.93524499,25.41744036,-18.18166675
71.02968121,25.38646608,-18.20503574
71.12409797,25.35544400,-18.22854161
71.21849593,25.32437397,-18.25215883
71.31287571,25.29325589,-18.27586188
71.40723792,25.26208960,-18.29962616
71.50158321,25.23087509,-18.32342788
71.59591225,25.19961244,-18.34724225
71.69022574,25.16830168,-18.37104289
71.78452436,25.13694284,-18.39480454
71.87880882,25.10553615,-18.41850167
71.97307975,25.07408155,-18.44210979
72.06733780,25.04257925,-18.46560699
72.16158359,25.01102951,-18.48897254
72.25581773,24.97943264,-18.51218718
72.35004084,24.94778905,-18.53523418
72.44425358,24.91609937,-18.55809660
72.53845663,24.88436418,-18.58075577
72.63265068,24.85258419,-18.60319402
72.72683639,24.82076000,-18.62539367
72.82101442,24.78889233,-18.64733686
72.91518534,24.75698170,-18.66900903
73.00934973,24.72502880,-18.69039785
73.10350809,24.69303433,-18.71149149
73.19766090,24.66099899,-18.73228138
73.29180863,24.62892352,-18.75276057
73.38595180,24.59680886,-18.77292099
73.48009081,24.56465563,-18.79275489
73.57422615,24.53246467,-18.81225471
73.66835822,24.50023659,-18.83141160
73.76248743,24.46797202,-18.85021771
73.85661417,24.43567158,-18.86866627
73.95073883,24.40333595,-18.88675166
74.04486178,24.37096583,-18.90446815
74.13897673,24.33854256,-18.92181139
74.23309641,24.30610285,-18.93877752
74.32722625,24.27366211,-18.95536136
74.42136600,24.24121940,-18.97156027
74.51551151,24.20876242,-18.98737136
74.60965600,24.17627142,-19.00279217
74.70379146,24.14372308,-19.01782281
74.79790972,24.11109386,-19.03246217
74.89200354,24.07836279,-19.04671049
74.98606740,24.04551404,-19.06056828
75.08009831,24.01253892,-19.07403428
75.17411330,23.97948683,-19.08710673
75.26811806,23.94637408,-19.09978160
75.36211815,23.91321650,-19.11205419
75.45611906,23.88002959,-19.12392062
75.55012334,23.84682048,-19.13537717
75.64413037,23.81358714,-19.14642209
75.73816488,23.78040036,-19.15705297
75.83224173,23.74730261,-19.16726644
75.92636675,23.71431031,-19.17706107
76.02053756,23.68141634,-19.18643543
76.11473383,23.64856198,-19.19538705
76.20895015,23.61573143,-19.20391291
76.30317901,23.58290272,-19.21200926
76.39741168,23.55005032,-19.21967176
76.49163910,23.51714769,-19.22689389
76.58585978,23.48418997,-19.23366908
76.68009531,23.45123849,-19.23998804
76.77435022,23.41830545,-19.24583948
76.86862484,23.38539100,-19.25121449
76.96291399,23.35247954,-19.25610318
77.05720565,23.31953586,-19.26049523
77.15150741,23.28658100,-19.26438299
77.24581980,23.25361572,-19.26775875
77.34014337,23.22064077,-19.27061229
77.43447870,23.18765692,-19.27293113
77.52882644,23.15466496,-19.27470233
77.62318726,23.12166565,-19.27591079
77.71756190,23.08865981,-19.27653970
77.81194396,23.05562779,-19.27657245
77.90634662,23.02260581,-19.27599050
78.00077669,22.98961178,-19.27477541
78.09523571,22.95664854,-19.27290675
78.18972102,22.92370674,-19.27036171
78.28421556,22.89073585,-19.26711825
78.37871472,22.85772084,-19.26315474
78.47322943,22.82469125,-19.25844916
78.56777062,22.79167679,-19.25297988
78.66234832,22.75870468,-19.24672609
78.75697069,22.72579685,-19.23966880
78.85166122,22.69301927,-19.23179131
78.94642608,22.66038840,-19.22307797
79.04126325,22.62789742,-19.21351114
79.13616125,22.59551244,-19.20307434
79.23109792,22.56316911,-19.19175382
79.32606795,22.53085126,-19.17953630
79.42107277,22.49856218,-19.16641001
79.51610767,22.46628767,-19.15236457
79.61116761,22.43401253,-19.13739071
79.70624711,22.40172030,-19.12147928
79.80132904,22.36936082,-19.10462082
79.89641575,22.33694022,-19.08680780
79.99151214,22.30447226,-19.06803406
80.08662515,22.27197664,-19.04829593
80.18176284,22.23947662,-19.02759210
80.27693351,22.20699620,-19.00592192
80.37214446,22.17455681,-18.98328736
80.46740063,22.14217316,-18.95969146
80.56270314,22.10984907,-18.93513984
80.65804738,22.07757185,-18.90963901
80.75342116,22.04530701,-18.88319584
80.84883091,22.01307410,-18.85582145
80.94427649,21.98087400,-18.82752881
81.03975776,21.94870775,-18.79833418
81.13527446,21.91657633,-18.76825830
81.23082630,21.88448084,-18.73732433
81.32641291,21.85242232,-18.70555831
81.42203382,21.82040164,-18.67298695
81.51768857,21.78841972,-18.63963835
81.61337658,21.75647717,-18.60554028
81.70909732,21.72457478,-18.57071945
81.80485022,21.69271320,-18.53520423
81.90063460,21.66089311,-18.49902465
81.99644970,21.62911504,-18.46221439
82.09229461,21.59737946,-18.42481181
82.18816830,21.56568688,-18.38686009
82.28406963,21.53403757,-18.34840704
82.37999728,21.50243172,-18.30950246
82.47594994,21.47086953,-18.27019824
82.57192617,21.43935106,-18.23054711
82.66792455,21.40787655,-18.19060277
82.76394368,21.37644627,-18.15042100
82.85998215,21.34506066,-18.11005985
82.95603852,21.31372014,-18.06957819
83.05211133,21.28242518,-18.02903399
83.14819909,21.25117626,-17.98848913
83.24430022,21.21997361,-17.94800671
83.34041309,21.18881732,-17.90764834
83.43653609,21.15770752,-17.86747568
83.53266753,21.12664407,-17.82755010
83.62880573,21.09562680,-17.78793170
83.72494897,21.06465549,-17.74868058
83.82109554,21.03372988,-17.70985854
83.91724360,21.00284953,-17.67152732
84.01339139,20.97201416,-17.63374917
84.10953706,20.94122341,-17.59658961
84.20567868,20.91047664,-17.56011332
84.30181434,20.87977329,-17.52438328
84.39794215,20.84911277,-17.48946313
84.49406025,20.81849446,-17.45541540
84.59016682,20.78791768,-17.42229877
84.68625401,20.75736220,-17.39016966
84.78233198,20.72686562,-17.35908364
84.87840311,20.69644041,-17.32909318
84.97446433,20.66608132,-17.30024986
85.07050901,20.63577137,-17.27260462
85.16652858,20.60548719,-17.24620424
85.26251415,20.57520394,-17.22109185
85.35845755,20.54489884,-17.19730850
85.45435231,20.51455429,-17.17489239
85.55019437,20.48416018,-17.15387723
85.64598267,20.45371574,-17.13429270
85.74173475,20.42328007,-17.11616600
85.83745648,20.39287446,-17.09951965
85.93315321,20.36251841,-17.08437376
86.02882972,20.33222935,-17.07074603
86.12448219,20.30199645,-17.05864952
86.22012836,20.27187913,-17.04809565
86.31577741,20.24190859,-17.03909371
86.41143297,20.21209775,-17.03165096
86.50709119,20.18243470,-17.02577129
86.60274978,20.15291219,-17.02145484
86.69840374,20.12351376,-17.01869767
86.79403678,20.09418560,-17.01748967
86.88964795,20.06492335,-17.01781589
86.98523603,20.03572140,-17.01965700
87.08079971,20.00657318,-17.02298844
87.17635790,19.97753788,-17.02778012
87.27191366,19.94862244,-17.03399871
87.36746729,19.91982457,-17.04160907
87.46301452,19.89112667,-17.05057299
87.55855266,19.86251610,-17.06084976
87.65407259,19.83395908,-17.07239690
87.74955957,19.80540337,-17.08516921
87.84501492,19.77684899,-17.09912039
87.94043342,19.74827458,-17.11420355
88.03580945,19.71965755,-17.13036892
88.13113701,19.69097406,-17.14756602
88.22639909,19.66216489,-17.16574649
88.32159669,19.63322903,-17.18486099
88.41673359,19.60417434,-17.20485844
88.51181580,19.57501583,-17.22568633
88.60685087,19.54577336,-17.24729094
88.70184697,19.51646861,-17.26961682
88.79681174,19.48712132,-17.29260761
88.89175099,19.45774522,-17.31620620
88.98666709,19.42834277,-17.34035276
89.08155719,19.39889951,-17.36498631
89.17641111,19.36937755,-17.39004649
89.27123605,19.33979491,-17.41547351
89.36603325,19.31015062,-17.44120858
89.46080402,19.28044392,-17.46719508
89.55554970,19.25067430,-17.49337663
89.65027165,19.22084137,-17.51969723
89.74497130,19.19094493,-17.54610231
89.83965010,19.16098496,-17.57253671
89.93430953,19.13096148,-17.59894443
90.02895102,19.10087452,-17.62527072
90.12357598,19.07072411,-17.65146328
90.21818582,19.04051038,-17.67747084
90.31278190,19.01023347,-17.70324332
90.40736557,18.97989372,-17.72873453
90.50193827,18.94949175,-17.75389847
90.59650146,18.91902824,-17.77868940
90.69105667,18.88850419,-17.80306249
90.78560548,18.85792079,-17.82697161
90.88014951,18.82727934,-17.85037141
90.97468408,18.79656193,-17.87321845
91.06922249,18.76580632,-17.89547210
91.16377070,18.73502791,-17.91709629
91.25832917,18.70422552,-17.93806000
91.35289461,18.67338671,-17.95833724
91.44746147,18.64249251,-17.97790495
91.54202321,18.61152109,-17.99674273
91.63657350,18.58045152,-18.01483191
91.73110715,18.54926637,-18.03215412
91.82562085,18.51795426,-18.04869141
91.92011385,18.48651163,-18.06442604
92.01460418,18.45499295,-18.07934372
92.10909863,18.42341812,-18.09343358
92.20360370,18.39180607,-18.10668591
92.29812546,18.36017477,-18.11909306
92.39266473,18.32852616,-18.13064902
92.48722690,18.29687627,-18.14134907
92.58183531,18.26529586,-18.15119190
92.67650301,18.23382449,-18.16017706
92.77123381,18.20247370,-18.16830516
92.86602348,18.17123076,-18.17557925
92.96085084,18.14003162,-18.18200498
93.05570940,18.10885708,-18.18759069
93.15059077,18.07768236,-18.19234637
93.24548551,18.04647977,-18.19628442
93.34038418,18.01522161,-18.19941833
93.43529081,17.98392137,-18.20176155
93.53022353,17.95263546,-18.20332890
93.62518594,17.92137598,-18.20413390
93.72017753,17.89014252,-18.20418960
93.81519265,17.85891895,-18.20350969
93.91021938,17.82767026,-18.20210724
94.00526466,17.79641871,-18.19999616
94.10032849,17.76516558,-18.19719128
94.19541081,17.73391217,-18.19370916
94.29050487,17.70263939,-18.18956862
94.38562237,17.67138464,-18.18479048
94.48076844,17.64016539,-18.17939585
94.57594295,17.60898313,-18.17340754
94.67114177,17.57782722,-18.16684887
94.76634398,17.54663566,-18.15974190
94.86155267,17.51541978,-18.15210916
94.95677648,17.48420776,-18.14397226
95.05202363,17.45302658,-18.13535183
95.14730110,17.42189927,-18.12626839
95.24261370,17.39084241,-18.11674157
95.33798034,17.35991534,-18.10679086
95.43340272,17.32912515,-18.09643511
95.52887478,17.29845513,-18.08569384
95.62438186,17.26786221,-18.07458731
95.71990002,17.23727502,-18.06313489
95.81543110,17.20670078,-18.05135651
95.91097177,17.17613094,-18.03927136
96.00651666,17.14555058,-18.02689830
96.10206027,17.11494437,-18.01425721
96.19759699,17.08429663,-18.00136674
96.29311057,17.05355877,-17.98824628
96.38860372,17.02274080,-17.97491721
96.48408149,16.99186005,-17.96140197
96.57955052,16.96093890,-17.94772468
96.67501825,16.93000230,-17.93391040
96.77049196,16.89907482,-17.91998513
96.86597770,16.86817724,-17.90597459
96.96147912,16.83732297,-17.89190391
97.05699609,16.80651368,-17.87779768
97.15251701,16.77571545,-17.86367906
97.24804106,16.74492809,-17.84957132
97.34357863,16.71418591,-17.83549905
97.43912856,16.68348748,-17.82148828
97.53468595,16.65281975,-17.80756518
97.63024356,16.62216232,-17.79375621
97.72579297,16.59149110,-17.78008739
97.82132571,16.56078173,-17.76658310
97.91683418,16.53001251,-17.75326814
98.01231244,16.49916684,-17.74016695
98.10775687,16.46823546,-17.72730414
98.20318248,16.43726700,-17.71470441
98.29859371,16.40627746,-17.70239147
98.39399489,16.37528249,-17.69039095
98.48939021,16.34429725,-17.67872725
98.58478169,16.31333018,-17.66742409
98.68016690,16.28237558,-17.65650505
98.77556780,16.25150456,-17.64599115
98.87099739,16.22075991,-17.63590306
98.96646040,16.19015817,-17.62625843
99.06195409,16.15969230,-17.61707225
99.15745937,16.12930339,-17.60835811
99.25297064,16.09897499,-17.60012748
99.34848030,16.06868426,-17.59239204
99.44397959,16.03840446,-17.58516121
99.53945942,16.00810778,-17.57844403
99.63491647,15.97778439,-17.57224925
99.73037004,15.94749563,-17.56658208
99.82582342,15.91725225,-17.56144709
99.92127611,15.88705300,-17.55684741
100.01672268,15.85688082,-17.55278376
100.11215151,15.82669903,-17.54925602
100.20756869,15.79652688,-17.54626281
100.30297396,15.76636350,-17.54380296
100.39836706,15.73620798,-17.54187599
100.49374772,15.70605944,-17.54048227
100.58911571,15.67591696,-17.53962105
100.68447082,15.64577964,-17.53928865
100.77981292,15.61564656,-17.53947987
100.87514192,15.58551680,-17.54018789
100.97045776,15.55538943,-17.54140204
101.06576044,15.52526354,-17.54311107
101.16104994,15.49513825,-17.54530467
101.25632627,15.46501266,-17.54797255
101.35158941,15.43488594,-17.55110641
101.44683937,15.40475724,-17.55469676
101.54207619,15.37462571,-17.55873325
101.63729995,15.34449053,-17.56320370
101.73251079,15.31435088,-17.56809295
101.82770888,15.28420594,-17.57338407
101.92289449,15.25405494,-17.57905821
102.01806791,15.22389707,-17.58509595
102.11322950,15.19373160,-17.59147592
102.20837965,15.16355780,-17.59817511
102.30351879,15.13337496,-17.60517009
102.39864744,15.10318240,-17.61243405
102.49376615,15.07297950,-17.61994006
102.58887553,15.04276563,-17.62765929
102.68397624,15.01254023,-17.63556028
102.77906897,14.98230277,-17.64361173
102.87415443,14.95205279,-17.65178177
102.96923336,14.92178986,-17.66003925
103.06430645,14.89151363,-17.66835332
103.15937443,14.86122380,-17.67669510
103.25443797,14.83092013,-17.68503770
103.34949777,14.80060240,-17.69335322
103.44455455,14.77027049,-17.70161450
103.53960902,14.73992426,-17.70979500
103.63466197,14.70956366,-17.71786512
103.72971419,14.67918864,-17.72579468
103.82476654,14.64879923,-17.73355276
103.91981990,14.61839548,-17.74110825
104.01487519,14.58797750,-17.74842864
104.10993340,14.55754542,-17.75548043
104.20499550,14.52709945,-17.76223053
104.30006253,14.49663986,-17.76864434
104.39513551,14.46616694,-17.77468765
104.49021548,14.43568107,-17.78032731
104.58530340,14.40518272,-17.78553213
104.68040020,14.37467241,-17.79027365
104.77550676,14.34415072,-17.79452747
104.87062384,14.31361832,-17.79827437
104.96575216,14.28307592,-17.80149699
105.06089235,14.25252430,-17.80418084
105.15604499,14.22196426,-17.80631442
105.25121064,14.19139664,-17.80788851
105.34638977,14.16082233,-17.80889408
105.44158284,14.13024222,-17.80932429
105.53679027,14.09965723,-17.80917631
105.63201241,14.06906832,-17.80844683
105.72724962,14.03847645,-17.80713483
105.82250219,14.00788258,-17.80524072
105.91777043,13.97728769,-17.80276538
106.01305463,13.94669274,-17.79970952
106.10835507,13.91609872,-17.79607415
106.20366557,13.88548644,-17.79186097
106.29899788,13.85489278,-17.78706994
106.39435735,13.82433480,-17.78170497
106.48974417,13.79381373,-17.77577329
106.58515462,13.76331882,-17.76928405
106.68056842,13.73278780,-17.76225099
106.77598918,13.70223332,-17.75469060
106.87142532,13.67168330,-17.74662172
106.96688478,13.64116432,-17.73806435
107.06237416,13.61069896,-17.72903955
107.15789798,13.58030343,-17.71956922
107.25347433,13.55003631,-17.70967594
107.34910457,13.51990411,-17.69938394
107.44478250,13.48988977,-17.68871852
107.54049361,13.45995022,-17.67770492
107.63621446,13.43001432,-17.66636938
107.73194713,13.40009071,-17.65473650
107.82768813,13.37017044,-17.64282939
107.92343217,13.34023877,-17.63067141
108.01917388,13.31028060,-17.61828243
108.11490787,13.28028056,-17.60568197
108.21061842,13.25019058,-17.59289070
108.30630825,13.22002076,-17.57992787
108.40198232,13.18978844,-17.56681325
108.49764713,13.15951595,-17.55356868
108.59330995,13.12922812,-17.54021831
108.68897155,13.09892937,-17.52678672
108.78464926,13.06867674,-17.51329977
108.88035116,13.03849817,-17.49978358
108.97607652,13.00839358,-17.48626255
109.07181580,12.97833504,-17.47276232
109.16755043,12.94826586,-17.45930920
109.26327814,12.91818093,-17.44592853
109.35899042,12.88805529,-17.43264600
109.45467953,12.85786659,-17.41948871
109.55033938,12.82759761,-17.40648436
109.64596615,12.79723840,-17.39366027
109.74157470,12.76683836,-17.38104294
109.83716938,12.73641358,-17.36865835
109.93275450,12.70597992,-17.35653156
110.02833429,12.67555295,-17.34468649
110.12391117,12.64514238,-17.33314499
110.21948203,12.61474006,-17.32192796
110.31506908,12.58441931,-17.31105534
110.41068563,12.55422473,-17.30054709
110.50633662,12.52417421,-17.29042300
110.60201960,12.49426155,-17.28070164
110.69771560,12.46442733,-17.27140010
110.79341916,12.43465534,-17.26253244
110.88912287,12.40492277,-17.25410986
110.98481816,12.37520275,-17.24613970
111.08049612,12.34546708,-17.23862506
111.17615284,12.31570321,-17.23156619
111.27180817,12.28597495,-17.22496132
111.36746562,12.25629355,-17.21880940
111.46312493,12.22665800,-17.21310897
111.55878084,12.19705113,-17.20785773
111.65442180,12.16743553,-17.20305325
111.75005409,12.13783100,-17.19869166
111.84567759,12.10823676,-17.19476798
111.94129223,12.07865204,-17.19127567
112.03689795,12.04907607,-17.18820792
112.13249471,12.01950811,-17.18555729
112.22808243,11.98994740,-17.18331603
112.32366107,11.96039323,-17.18147896
112.41923055,11.93084487,-17.18004116
112.51479085,11.90130163,-17.17899655
112.61034196,11.87176277,-17.17833746
112.70588394,11.84222760,-17.17805424
112.80141694,11.81269538,-17.17813338
112.89694116,11.78316540,-17.17855783
112.99245689,11.75363697,-17.17930988
113.08796444,11.72410940,-17.18036880
113.18346415,11.69458205,-17.18171371
113.27895638,11.66505431,-17.18332611
113.37444152,11.63552558,-17.18518681
113.46991995,11.60599531,-17.18727522
113.56539207,11.57646298,-17.18957048
113.66085830,11.54692810,-17.19205200
113.75631906,11.51739023,-17.19469907
113.85177474,11.48784895,-17.19749181
113.94722570,11.45830391,-17.20041265
114.04267227,11.42875478,-17.20344539
114.13811473,11.39920130,-17.20657760
114.23355336,11.36964320,-17.20979806
114.32898841,11.34008026,-17.21309498
114.42442015,11.31051226,-17.21645615
114.51984887,11.28093900,-17.21986862
114.61527490,11.25136031,-17.22331767
114.71069862,11.22177601,-17.22678770
114.80612040,11.19218597,-17.23026308
114.90154066,11.16259005,-17.23372734
114.99695982,11.13298817,-17.23716403
115.09237831,11.10338026,-17.24055707
115.18779657,11.07376627,-17.24389000
115.28321507,11.04414618,-17.24714637
115.37863424,11.01452002,-17.25030969
115.47405451,10.98488783,-17.25336394
115.56947631,10.95524969,-17.25629474
115.66490000,10.92560574,-17.25908985
115.76032588,10.89595613,-17.26173996
115.85575423,10.86630105,-17.26423746
115.95118527,10.83664071,-17.26657715
116.04661921,10.80697534,-17.26875492
116.14205624,10.77730519,-17.27076651
116.23749655,10.74763049,-17.27260825
116.33294034,10.71795151,-17.27427472
116.42838784,10.68826849,-17.27576038
116.52383926,10.65858170,-17.27706074
116.61929481,10.62889142,-17.27817013
116.71475468,10.59919795,-17.27908524
116.81021905,10.56950159,-17.27980334
116.90568809,10.53980264,-17.28032235
117.00116194,10.51010143,-17.28064050
117.09664073,10.48039829,-17.28075629
117.19212458,10.45069355,-17.28067047
117.28761359,10.42098754,-17.28038258
117.38310784,10.39128061,-17.27989306
117.47860734,10.36157313,-17.27920497
117.57411207,10.33186546,-17.27832278
117.66962195,10.30215797,-17.27725455
117.76513682,10.27245106,-17.27601019
117.86065645,10.24274509,-17.27460152
117.95618059,10.21304044,-17.27304318
118.05170894,10.18333746,-17.27135100
118.14724121,10.15363647,-17.26953977
118.24277710,10.12393777,-17.26762306
118.33831630,10.09424163,-17.26561461
118.43385854,10.06454830,-17.26352707
118.52940352,10.03485801,-17.26137272
118.62495096,10.00517094,-17.25916453
118.72050057,9.97548728,-17.25691539
118.81605207,9.94580718,-17.25463766
118.91160521,9.91613075,-17.25234285
119.00715977,9.88645809,-17.25003977
119.10271555,9.85678927,-17.24773559
119.19827242,9.82712432,-17.24543590
119.29383025,9.79746327,-17.24314524
119.38938896,9.76780612,-17.24086651
119.48494846,9.73815289,-17.23860223
119.58050870,9.70850355,-17.23635568
119.67606962,9.67885809,-17.23412846
119.77163117,9.64921648,-17.23192147
119.86719333,9.61957871,-17.22973560
119.96275607,9.58994473,-17.22757136
120.05831937,9.56031452,-17.22542998
120.15388322,9.53068803,-17.22331081
120.24944762,9.50106522,-17.22121325
120.34501258,9.47144605,-17.21913751
120.44057807,9.44183050,-17.21708281
120.53614407,9.41221852,-17.21504940
120.63171053,9.38261010,-17.21303843
120.72727734,9.35300522,-17.21105309
120.82284442,9.32340387,-17.20909858
120.91841164,9.29380601,-17.20717910
121.01397889,9.26421162,-17.20529866
121.10954608,9.23462065,-17.20345992
121.20511313,9.20503304,-17.20166450
121.30067999,9.17544874,-17.19991374
121.39624662,9.14586766,-17.19820769
121.49181296,9.11628975,-17.19654645
121.58737896,9.08671494,-17.19493108
121.68294458,9.05714316,-17.19336395
121.77850979,9.02757432,-17.19184617
121.87407459,8.99800834,-17.19037608
121.96963905,8.96844511,-17.18895116
122.06520325,8.93888452,-17.18756619
122.16076738,8.90932646,-17.18621329
122.25633160,8.87977081,-17.18488347
122.35189612,8.85021748,-17.18356784
122.44746116,8.82066639,-17.18225756
122.54302691,8.79111747,-17.18094499
122.63859359,8.76157067,-17.17962347
122.73416141,8.73202594,-17.17828485
122.82973059,8.70248326,-17.17691998
122.92530136,8.67294261,-17.17552064
123.02087393,8.64340399,-17.17407829
123.11644850,8.61386744,-17.17258518
123.21202521,8.58433299,-17.17103642
123.30760418,8.55480074,-17.16942866
123.40318547,8.52527076,-17.16776072
123.49876914,8.49574315,-17.16603312
123.59435524,8.46621800,-17.16424561
123.68994385,8.43669540,-17.16239689
123.78553506,8.40717543,-17.16048352
123.88112901,8.37765817,-17.15850072
123.97672589,8.34814369,-17.15644266
124.07232590,8.31863209,-17.15430252
124.16792922,8.28912345,-17.15207475
124.26353606,8.25961788,-17.14975254
124.35914657,8.23011550,-17.14733110
124.45476092,8.20061646,-17.14480726
124.55037922,8.17112091,-17.14217843
124.64600157,8.14162902,-17.13944372
124.74162801,8.11214095,-17.13660193
124.83725859,8.08265691,-17.13365392
124.93289329,8.05317707,-17.13060223
125.02853208,8.02370165,-17.12745030
125.12417489,7.99423084,-17.12420363
125.21982164,7.96476483,-17.12086707
125.31547224,7.93530382,-17.11744670
125.41112658,7.90584797,-17.11394811
125.50678459,7.87639747,-17.11037644
125.60244614,7.84695246,-17.10673741
125.69811113,7.81751311,-17.10303599
125.79377941,7.78807957,-17.09927889
125.88945082,7.75865197,-17.09547410
125.98512515,7.72923048,-17.09163032
126.08080216,7.69981521,-17.08775845
126.17648158,7.67040630,-17.08387000
126.27216313,7.64100385,-17.07997676
126.36784649,7.61160796,-17.07609144
126.46353134,7.58221871,-17.07222635
126.55921733,7.55283614,-17.06839401
126.65490414,7.52346029,-17.06460780
126.75059138,7.49409117,-17.06088102
126.84627869,7.46472878,-17.05722692
126.94196568,7.43537310,-17.05365916
127.03765195,7.40602407,-17.05019243
127.13333709,7.37668162,-17.04684023
127.22902071,7.34734566,-17.04361554
127.32470243,7.31801604,-17.04053200
127.42038192,7.28869260,-17.03760009
127.51605891,7.25937515,-17.03482793
127.61173315,7.23006345,-17.03222150
127.70740449,7.20075725,-17.02978264
127.80307280,7.17145628,-17.02751228
127.89873800,7.14216025,-17.02541088
127.99440002,7.11286887,-17.02347668
128.09005885,7.08358186,-17.02170793
128.18571448,7.05429891,-17.02010214
128.28136694,7.02501971,-17.01865526
128.37701627,6.99574396,-17.01736191
128.47266254,6.96647138,-17.01621567
128.56830579,6.93720169,-17.01521063
128.66394608,6.90793460,-17.01434197
128.75958344,6.87866988,-17.01360674
128.85521788,6.84940727,-17.01300200
128.95084938,6.82014655,-17.01252542
129.04647793,6.79088748,-17.01217588
129.14210348,6.76162986,-17.01195217
129.23772599,6.73237346,-17.01185288
129.33334542,6.70311807,-17.01187721
129.42896169,6.67386349,-17.01202498
129.52457473,6.64460951,-17.01229713
129.62018449,6.61535593,-17.01269422
129.71579091,6.58610253,-17.01321552
129.81139394,6.55684910,-17.01386024
129.90699358,6.52759543,-17.01462597
130.00258986,6.49834127,-17.01550880
130.09818286,6.46908641,-17.01650508
130.19377268,6.43983059,-17.01760777
130.28935947,6.41057360,-17.01880764
130.38494343,6.38131520,-17.02009607
130.48052472,6.35205519,-17.02146285
130.57610355,6.32279338,-17.02289805
130.67168009,6.29352959,-17.02439415
130.76725447,6.26426368,-17.02594465
130.86282683,6.23499550,-17.02754292
130.95839731,6.20572496,-17.02918401
131.05396603,6.17645191,-17.03086235
131.14953316,6.14717626,-17.03257040
131.24509888,6.11789791,-17.03429973
131.34066339,6.08861675,-17.03604220
131.43622693,6.05933271,-17.03778800
131.53178971,6.03004571,-17.03952709
131.62735198,6.00075571,-17.04125102
131.72291398,5.97146266,-17.04295075
131.81847596,5.94216654,-17.04461724
131.91403817,5.91286735,-17.04624148
132.00960092,5.88356507,-17.04781301
132.10516447,5.85425973,-17.04932113
132.20072914,5.82495136,-17.05075445
132.29629518,5.79564002,-17.05210333
132.39186285,5.76632580,-17.05335989
132.48743234,5.73700882,-17.05451727
132.58300384,5.70768921,-17.05557152
132.67857749,5.67836710,-17.05651949
132.77415346,5.64904266,-17.05735767
132.86973193,5.61971602,-17.05808161
132.96531310,5.59038733,-17.05868520
133.06089723,5.56105675,-17.05915997
133.15648460,5.53172443,-17.05949663
133.25207551,5.50239054,-17.05968625
133.34767026,5.47305526,-17.05971994
133.44326916,5.44371879,-17.05958910
133.53887248,5.41438136,-17.05928568
133.63448050,5.38504320,-17.05880264
133.73009348,5.35570457,-17.05813317
133.82571165,5.32636574,-17.05727176
133.92133524,5.29702701,-17.05621364
134.01696444,5.26768866,-17.05495442
134.11259944,5.23835102,-17.05349162
134.20824042,5.20901440,-17.05182235
134.30388754,5.17967914,-17.04994434
134.39954098,5.15034556,-17.04785483
134.49520090,5.12101400,-17.04555138
134.59086748,5.09168481,-17.04303196
134.68654087,5.06235833,-17.04029368
134.78222123,5.03303492,-17.03733506
134.87790871,5.00371493,-17.03415481
134.97360342,4.97439874,-17.03075224
135.06930549,4.94508671,-17.02712805
135.16501498,4.91577924,-17.02328306
135.26073199,4.88647669,-17.01921861
135.35645656,4.85717945,-17.01493674
135.45218875,4.82788790,-17.01044036
135.54792863,4.79860241,-17.00573133
135.64367625,4.76932335,-17.00081132
135.73943171,4.74005108,-16.99568133
135.83519508,4.71078595,-16.99034162
135.93096648,4.68152833,-16.98479225
136.02674602,4.65227855,-16.97903253
136.12253382,4.62303696,-16.97306249
136.21833000,4.59380392,-16.96688093
136.31413470,4.56457978,-16.96048684
136.40994806,4.53536487,-16.95387951
136.50577024,4.50615955,-16.94705615
136.60160141,4.47696416,-16.94001425
136.69744177,4.44777904,-16.93275125
136.79329154,4.41860454,-16.92526296
136.88915095,4.38944099,-16.91754416
136.98502027,4.36028876,-16.90958930
137.08089359,4.33112789,-16.90139262
137.17678219,4.30199523,-16.89294824
137.27269112,4.27290712,-16.88425306
137.36862043,4.24386373,-16.87530713
137.46456650,4.21485312,-16.86611066
137.56050918,4.18580892,-16.85666617
137.65645418,4.15675039,-16.84697882
137.75240952,4.12770460,-16.83705312
137.84838268,4.09869704,-16.82689655
137.94437979,4.06974882,-16.81651848
138.04040487,4.04087432,-16.80592803
138.13647484,4.01213056,-16.79513649
138.23258436,3.98350115,-16.78415697
138.32873796,3.95500265,-16.77300392
138.42492587,3.92660437,-16.76169275
138.52112507,3.89823175,-16.75023944
138.61733572,3.86988675,-16.73866184
138.71354736,3.84153632,-16.72697889
138.80974753,3.81314055,-16.71521090
138.90592344,3.78465864,-16.70337813
139.00206300,3.75605191,-16.69150019
139.09814578,3.72725380,-16.67959871
139.19417124,3.69826432,-16.66769661
139.29015892,3.66915037,-16.65581827
139.38611982,3.63995072,-16.64398892
139.48206551,3.61070620,-16.63223372
139.57800726,3.58145689,-16.62057945
139.67395425,3.55223612,-16.60905452
139.76990505,3.52304175,-16.59768914
139.86588123,3.49394955,-16.58651681
139.96189118,3.46499124,-16.57557372
140.05792910,3.43615112,-16.56489903
140.15399891,3.40744598,-16.55453259
140.25008260,3.37881880,-16.54451294
140.34617485,3.35025531,-16.53487765
140.44226831,3.32173425,-16.52566341
140.53835433,3.29322997,-16.51690576
140.63442377,3.26471497,-16.50864017
140.73046978,3.23616942,-16.50090221
140.82651129,3.20766024,-16.49372681
140.92255082,3.17919913,-16.48714929
141.01858727,3.15078553,-16.48120351
141.11461474,3.12240254,-16.47592155
141.21062119,3.09401252,-16.47133536
141.30661157,3.06563495,-16.46747544
141.40257873,3.03724839,-16.46437195
141.49853189,3.00888680,-16.46205370
141.59447506,2.98056639,-16.46054887
141.69040779,2.95228834,-16.45988544
141.78632605,2.92404163,-16.46009187
141.88221414,2.89577577,-16.46119739
141.97806455,2.86746779,-16.46322838
142.07388477,2.83914521,-16.46620963
142.16968252,2.81083596,-16.47016171
142.26546491,2.78256560,-16.47509910
142.36123767,2.75435460,-16.48103437
142.45701960,2.72626747,-16.48797698
142.55281510,2.69831979,-16.49593474
142.64862169,2.67050373,-16.50491601
142.74442875,2.64278381,-16.51492959
142.84021643,2.61509326,-16.52598119
142.93597724,2.58740702,-16.53807467
143.03171166,2.55972687,-16.55121302
143.12741426,2.53203454,-16.56539511
143.22307925,2.50431037,-16.58061934
143.31870044,2.47653340,-16.59688402
143.41426152,2.44864881,-16.61418589
143.50976281,2.42065719,-16.63251922
143.60520706,2.39256698,-16.65187447
143.70059895,2.36439274,-16.67223802
143.79594447,2.33615299,-16.69359101
143.89125001,2.30786724,-16.71591082
143.98652142,2.27955290,-16.73917217
144.08176280,2.25122111,-16.76334643
144.17697510,2.22287226,-16.78840334
144.27215452,2.19449066,-16.81431059
144.36729070,2.16603859,-16.84103153
144.46238939,2.13753172,-16.86852606
144.55745093,2.10896751,-16.89675129
144.65247580,2.08034349,-16.92566138
144.74746458,2.05165740,-16.95520750
144.84241791,2.02290685,-16.98533788
144.93733658,1.99408978,-17.01599906
145.03222140,1.96520406,-17.04713521
145.12707335,1.93624784,-17.07868818
145.22189345,1.90721938,-17.11059802
145.31668283,1.87811708,-17.14280275
145.41144271,1.84893955,-17.17523970
145.50617437,1.81968550,-17.20784550
145.60087917,1.79035380,-17.24055563
145.69555857,1.76094353,-17.27330344
145.79021407,1.73145385,-17.30602155
145.88484731,1.70188423,-17.33864184
145.97945998,1.67223433,-17.37109563
146.07405387,1.64250406,-17.40331417
146.16863084,1.61269361,-17.43522813
146.26319279,1.58280329,-17.46677069
146.35774165,1.55283369,-17.49787509
146.45227943,1.52278564,-17.52847535
146.54680811,1.49266019,-17.55850813
146.64132970,1.46245855,-17.58791198
146.73584617,1.43218211,-17.61662937
146.83035315,1.40181264,-17.64460520
146.92486475,1.37138976,-17.67178643
147.01938733,1.34092909,-17.69812286
147.11392163,1.31042879,-17.72356491
147.20846458,1.27987545,-17.74806621
147.30301101,1.24924932,-17.77158348
147.39755499,1.21852856,-17.79407554
147.49209099,1.18769298,-17.81550463
147.58661488,1.15672702,-17.83583713
147.68112467,1.12562218,-17.85504324
147.77562113,1.09437874,-17.87309767
147.87012421,1.06305713,-17.88997876
147.96464204,1.03168100,-17.90566860
148.05918220,1.00027254,-17.92015288
148.15375166,0.96885239,-17.93342091
148.24834993,0.93741854,-17.94546794
148.34298693,0.90600142,-17.95629423
148.43768620,0.87467393,-17.96590560
148.53246000,0.84347453,-17.97431333
148.62731066,0.81241145,-17.98153357
148.72223205,0.78146734,-17.98758712
148.81720075,0.75057194,-17.99249642
148.91220876,0.71970274,-17.99628646
149.00724622,0.68883183,-17.99898636
149.10230231,0.65792888,-18.00062878
149.19736641,0.62696434,-18.00125201
149.29244644,0.59596625,-18.00089942
149.38755876,0.56498896,-17.99961826
149.48270603,0.53404484,-17.99745833
149.57788650,0.50313298,-17.99447179
149.67309309,0.47223628,-17.99071349
149.76831243,0.44131850,-17.98624097
149.86355059,0.41040345,-17.98111385
149.95880633,0.37949269,-17.97539578
150.05407835,0.34858767,-17.96915318
150.14936529,0.31768974,-17.96245192
150.24466573,0.28680014,-17.95535837
150.33997821,0.25592000,-17.94793874
150.43530126,0.22505035,-17.94025861
150.53063335,0.19419210,-17.93238291
150.62597291,0.16334606,-17.92437891
150.72131830,0.13251293,-17.91631597
150.81666783,0.10169330,-17.90826207
150.91201974,0.07088767,-17.90028758
151.00737221,0.04009641,-17.89246317
151.10272338,0.00931977,-17.88485926
151.19807136,-0.02144210,-17.87754827
151.29341422,-0.05218918,-17.87060154
151.38875001,-0.08292160,-17.86408956
151.48407673,-0.11363956,-17.85808070
151.57938544,-0.14436480,-17.85264435
151.67468562,-0.17506178,-17.84785245
151.76998106,-0.20571233,-17.84377815
151.86527060,-0.23631353,-17.84049817
151.96054896,-0.26687521,-17.83809103
152.05579990,-0.29744124,-17.83663600
152.15100768,-0.32805412,-17.83620893
152.24617992,-0.35868397,-17.83688079
152.34132485,-0.38929948,-17.83871832
152.43645033,-0.41987086,-17.84178254
152.53156291,-0.45037287,-17.84613112
152.62668427,-0.48073375,-17.85181746
152.72182043,-0.51093092,-17.85888948
152.81696970,-0.54096628,-17.86738830
152.91212107,-0.57087131,-17.87734924
153.00725259,-0.60071193,-17.88880104
153.10234932,-0.63053265,-17.90176526
153.19741358,-0.66032473,-17.91626107
153.29243849,-0.69010834,-17.93230551
153.38741660,-0.71990558,-17.94991215
153.48233991,-0.74974050,-17.96909080
153.57718872,-0.77967310,-17.98984729
153.67196171,-0.80970727,-18.01218272
153.76666041,-0.83983846,-18.03609313
153.86128870,-0.87005512,-18.06157202
153.95585213,-0.90034087,-18.08860921
154.05035697,-0.93067736,-18.11719237
154.14480921,-0.96104755,-18.14730698
154.23921301,-0.99144021,-18.17893363
154.33356919,-1.02185491,-18.21204857
154.42787316,-1.05230803,-18.24662284
154.52211273,-1.08283956,-18.28262229
154.61629360,-1.11343509,-18.32000805
154.71041554,-1.14409868,-18.35873837
154.80447847,-1.17483422,-18.39876686
154.89848243,-1.20564554,-18.44004271
154.99242759,-1.23653642,-18.48251286
155.08631432,-1.26751023,-18.52611894
155.18014308,-1.29857031,-18.57079870
155.27391453,-1.32971965,-18.61648872
155.36762938,-1.36096116,-18.66312348
155.46128851,-1.39229744,-18.71063482
155.55489288,-1.42373098,-18.75895304
155.64844351,-1.45526413,-18.80800867
155.74194158,-1.48689893,-18.85772827
155.83538828,-1.51863738,-18.90803698
155.92878491,-1.55048129,-18.95886150
156.02213287,-1.58243223,-19.01012617
156.11543355,-1.61449176,-19.06175523
156.20868847,-1.64666120,-19.11367236
156.30189917,-1.67894174,-19.16580097
156.39506733,-1.71133433,-19.21806338
156.48819467,-1.74383981,-19.27037973
156.58128300,-1.77645872,-19.32267215
156.67433425,-1.80919132,-19.37486201
156.76735034,-1.84203782,-19.42687053
156.86033331,-1.87499804,-19.47862165
156.95328525,-1.90807154,-19.53003976
157.04620828,-1.94125772,-19.58105061
157.13910450,-1.97455581,-19.63158205
157.23197604,-2.00796488,-19.68156451
157.32482502,-2.04148385,-19.73093081
157.41765345,-2.07511170,-19.77961611
157.51046337,-2.10884723,-19.82755861
157.60325679,-2.14268914,-19.87469817
157.69603571,-2.17663613,-19.92097636
157.78880220,-2.21068661,-19.96633636
157.88155837,-2.24483891,-20.01072099
157.97430633,-2.27909128,-20.05407209
158.06704821,-2.31344185,-20.09633388
158.15978621,-2.34788857,-20.13745191
158.25252244,-2.38242931,-20.17737312
158.34525904,-2.41706180,-20.21604960
158.43799806,-2.45178361,-20.25343620
158.53073431,-2.48661168,-20.28949122
158.62348392,-2.52150539,-20.32417776
158.71625361,-2.55644939,-20.35745981
158.80904334,-2.59144631,-20.38930202
158.90184876,-2.62651024,-20.41967085
158.99466324,-2.66166122,-20.44853462
159.08747970,-2.69692040,-20.47586179
159.18029199,-2.73230640,-20.50162150
159.27309608,-2.76783206,-20.52578457
159.36589092,-2.80350223,-20.54832189
159.45867902,-2.83931218,-20.56920567
159.55148513,-2.87519744,-20.58840977
159.64431984,-2.91113147,-20.60591090
159.73719291,-2.94708969,-20.62169280
159.83011330,-2.98304943,-20.63574410
159.92308099,-3.01901134,-20.64805890
160.01611684,-3.05492046,-20.65863706
160.10923130,-3.09074905,-20.66748281
160.20243375,-3.12647194,-20.67460402
160.29572864,-3.16207667,-20.68001205
160.38911414,-3.19756714,-20.68372174
160.48257137,-3.23299201,-20.68574967
160.57610151,-3.26834658,-20.68611842
160.66970414,-3.30362986,-20.68485515
160.76337742,-3.33884441,-20.68198991
160.85711810,-3.37399606,-20.67755813
160.95094216,-3.40903960,-20.67159728
161.04484954,-3.44397210,-20.66414600
161.13884187,-3.47878634,-20.65524336
161.23291402,-3.51349299,-20.64492451
161.32705331,-3.54812304,-20.63322104
161.42123974,-3.58272705,-20.62016109
161.51547564,-3.61729667,-20.60576995
161.60975425,-3.65184778,-20.59007242
161.70406817,-3.68639802,-20.57309407
161.79840948,-3.72096653,-20.55486027
161.89275703,-3.75560792,-20.53539700
161.98711106,-3.79031955,-20.51473269
162.08147502,-3.82509009,-20.49289601
162.17585500,-3.85990102,-20.46991684
162.27025878,-3.89472917,-20.44582745
162.36469480,-3.92954947,-20.42066187
162.45917074,-3.96433876,-20.39445488
162.55369206,-3.99907973,-20.36724295
162.64825996,-4.03376647,-20.33906171
162.74286945,-4.06840968,-20.30994385
162.83750678,-4.10304361,-20.27992326
162.93217883,-4.13764728,-20.24903368
163.02688542,-4.17221856,-20.21730747
163.12162648,-4.20675513,-20.18477899
163.21640190,-4.24125479,-20.15148198
163.31121164,-4.27571533,-20.11744791
163.40605565,-4.31013474,-20.08270437
163.50093401,-4.34451089,-20.04727563
163.59584674,-4.37884200,-20.01118293
163.69079397,-4.41312613,-19.97444422
163.78577581,-4.44736152,-19.93707760
163.88079235,-4.48154647,-19.89910170
163.97584362,-4.51567947,-19.86053448
164.07092965,-4.54975905,-19.82139340
164.16605032,-4.58378407,-19.78169620
164.26120554,-4.61775338,-19.74145971
164.35639514,-4.65166608,-19.70069960
164.45161900,-4.68552111,-19.65943263
164.54687689,-4.71931765,-19.61767627
164.64216865,-4.75305468,-19.57544754
164.73749411,-4.78673128,-19.53276393
164.83285305,-4.82034647,-19.48964355
164.92824526,-4.85389939,-19.44610406
165.02367055,-4.88738911,-19.40216236
165.11912867,-4.92081476,-19.35783600
165.21461941,-4.95417549,-19.31314209
165.31014255,-4.98747044,-19.26809781
165.40569789,-5.02069872,-19.22272032
165.50128517,-5.05385961,-19.17702601
165.59690418,-5.08695229,-19.13103053
165.69255464,-5.11997619,-19.08474959
165.78823627,-5.15293067,-19.03819825
165.88394877,-5.18581527,-18.99139243
165.97969179,-5.21862948,-18.94434814
166.07546500,-5.25137286,-18.89708172
166.17126802,-5.28404496,-18.84960969
166.26710046,-5.31664537,-18.80194960
166.36296189,-5.34917368,-18.75411982
166.45885186,-5.38162953,-18.70613886
166.55476991,-5.41401256,-18.65802682
166.65071555,-5.44632253,-18.60980337
166.74668827,-5.47855918,-18.56148718
166.84268756,-5.51072237,-18.51309703
166.93871289,-5.54281201,-18.46465113
167.03476369,-5.57482813,-18.41616769
167.13083936,-5.60677075,-18.36766581
167.22693926,-5.63864000,-18.31916578
167.32306267,-5.67043607,-18.27068938
167.41920884,-5.70215916,-18.22226017
167.51537698,-5.73380948,-18.17390378
167.61156623,-5.76538730,-18.12564629
167.70777576,-5.79689275,-18.07751537
167.80400467,-5.82832608,-18.02953916
167.90025210,-5.85968743,-17.98174661
167.99651716,-5.89097705,-17.93416654
168.09279896,-5.92219512,-17.88682772
168.18909659,-5.95334207,-17.83975862
168.28540909,-5.98441841,-17.79298640
168.38173549,-6.01542478,-17.74653816
168.47807471,-6.04636202,-17.70044157
168.57442561,-6.07723112,-17.65472558
168.67078697,-6.10803315,-17.60942199
168.76715746,-6.13876931,-17.56456497
168.86353567,-6.16944074,-17.52019163
168.95992008,-6.20004876,-17.47634243
169.05630911,-6.23059459,-17.43306118
169.15270109,-6.26107961,-17.39039412
169.24909432,-6.29150515,-17.34838758
169.34548710,-6.32187248,-17.30708950
169.44187772,-6.35218293,-17.26654785
169.53826450,-6.38243773,-17.22680952
169.63464582,-6.41263803,-17.18792056
169.73102007,-6.44278482,-17.14992676
169.82738569,-6.47287901,-17.11287470
169.92374111,-6.50292148,-17.07681160
170.02008483,-6.53291290,-17.04178478
170.11641530,-6.56285417,-17.00784096
170.21273102,-6.59274614,-16.97502437
170.30902536,-6.62260692,-16.94337799
170.40530717,-6.65240370,-16.91294084
170.50157849,-6.68212638,-16.88374664
170.59783661,-6.71178091,-16.85582561
170.69407580,-6.74138352,-16.82920602
170.79028881,-6.77095574,-16.80391467
170.88646807,-6.80052027,-16.77997602
170.98260673,-6.83009747,-16.75741607
171.07869943,-6.85970283,-16.73626080
171.17474295,-6.88934476,-16.71653397
171.27073664,-6.91902312,-16.69826079
171.36669577,-6.94868503,-16.68146490
171.46262541,-6.97831142,-16.66616730
171.55853007,-7.00788506,-16.65238843
171.65440772,-7.03741086,-16.64014512
171.75027215,-7.06684093,-16.62945181
171.84613176,-7.09614569,-16.62031931
171.94198586,-7.12532635,-16.61275593
172.03783573,-7.15437775,-16.60676676
172.13368583,-7.18328435,-16.60235300
172.22953584,-7.21204699,-16.59951515
172.32537298,-7.24070854,-16.59825054
172.42119807,-7.26926652,-16.59855491
172.51701029,-7.29772448,-16.60042106
172.61280714,-7.32609185,-16.60383671
172.70859989,-7.35433235,-16.60878674
172.80438715,-7.38245265,-16.61525033
172.90016268,-7.41047586,-16.62320399
172.99592547,-7.43840793,-16.63262240
173.09167395,-7.46625672,-16.64347756
173.18739844,-7.49405757,-16.65574174
173.28308399,-7.52186335,-16.66938671
173.37873135,-7.54967448,-16.68438279
173.47433475,-7.57751325,-16.70069804
173.56988801,-7.60540341,-16.71829891
173.66537463,-7.63340272,-16.73714950
173.76079449,-7.66151480,-16.75721304
173.85615007,-7.68973462,-16.77845229
173.95144599,-7.71805011,-16.80082922
174.04668843,-7.74644423,-16.82430521
174.14188421,-7.77489785,-16.84883970
174.23703985,-7.80339308,-16.87439054
174.33216030,-7.83191754,-16.90091245
174.42724738,-7.86046941,-16.92835808
174.52229814,-7.88906286,-16.95667809
174.61730280,-7.91773474,-16.98581992
174.71226739,-7.94646984,-17.01573030
174.80719268,-7.97527037,-17.04635377
174.90207949,-8.00413850,-17.07763373
174.99692877,-8.03307620,-17.10951250
175.09174153,-8.06208522,-17.14193069
175.18651886,-8.09116712,-17.17482825
175.28126196,-8.12032330,-17.20814323
175.37597205,-8.14955506,-17.24181422
175.47065047,-8.17886335,-17.27577916
175.56529857,-8.20824909,-17.30997458
175.65991777,-8.23771297,-17.34433806
175.75450955,-8.26725545,-17.37880779
175.84907540,-8.29687688,-17.41332256
175.94361687,-8.32657731,-17.44782290
176.03813554,-8.35635669,-17.48224982
176.13263296,-8.38621485,-17.51654472
176.22711071,-8.41615150,-17.55065060
176.32157034,-8.44616630,-17.58451300
176.41601344,-8.47625869,-17.61807793
176.51044152,-8.50642820,-17.65129245
176.60485610,-8.53667420,-17.68410615
176.69925874,-8.56699600,-17.71646971
176.79365096,-8.59739277,-17.74833473
176.88803430,-8.62786369,-17.77965287
176.98241033,-8.65840776,-17.81037575
177.07678063,-8.68902388,-17.84045654
177.17114678,-8.71971085,-17.86984999
177.26551040,-8.75046730,-17.89851211
177.35987313,-8.78129157,-17.92640023
177.45423019,-8.81220157,-17.95347435
177.54859537,-8.84315807,-17.97969723
177.64297477,-8.87414533,-18.00503333
177.73736884,-8.90516465,-18.02944882
177.83177419,-8.93622890,-18.05291383
177.92618521,-8.96735734,-18.07540291
178.02059541,-8.99857168,-18.09689247
178.11499864,-9.02989226,-18.11736268
178.20939002,-9.06133523,-18.13679715
178.30376681,-9.09291007,-18.15518093
178.39812894,-9.12461796,-18.17250138
178.49249566,-9.15640079,-18.18874740
178.58687447,-9.18823653,-18.20390882
178.68127244,-9.22010443,-18.21797704
178.77569611,-9.25198520,-18.23094613
178.87014524,-9.28388014,-18.24281148
178.96462844,-9.31576347,-18.25356909
179.05916946,-9.34756366,-18.26321784
179.15378103,-9.37924237,-18.27175811
179.24846616,-9.41079061,-18.27919041
179.34321956,-9.44222434,-18.28551699
179.43801870,-9.47361163,-18.29074106
179.53284973,-9.50499414,-18.29486610
179.62771530,-9.53636365,-18.29789510
179.72261116,-9.56773270,-18.29983181
179.81752826,-9.59912821,-18.30068125
179.91247081,-9.63053682,-18.30044927
180.00743913,-9.66195688,-18.29914436
180.10243298,-9.69338816,-18.29677659
180.19746116,-9.72480295,-18.29335969
180.29252711,-9.75618941,-18.28891021
180.38762703,-9.78755745,-18.28344601
180.48277477,-9.81886351,-18.27698722
180.57799124,-9.85004247,-18.26955277
180.67328093,-9.88107882,-18.26116363
180.76864054,-9.91198062,-18.25184107
180.86405777,-9.94278311,-18.24160575
180.95951026,-9.97355190,-18.23048025
181.05499301,-10.00430019,-18.21848597
181.15050571,-10.03502694,-18.20564595
181.24604286,-10.06574693,-18.19198289
181.34159863,-10.09647590,-18.17751957
181.43716694,-10.12723063,-18.16227746
181.53273089,-10.15806106,-18.14627580
181.62829193,-10.18896119,-18.12953642
181.72385400,-10.21991737,-18.11207878
181.81942311,-10.25090971,-18.09392205
181.91500636,-10.28191484,-18.07508696
182.01061116,-10.31290857,-18.05559231
182.10624403,-10.34386921,-18.03545819
182.20190935,-10.37478161,-18.01470539
182.29760785,-10.40564170,-17.99335468
182.39333498,-10.43646158,-17.97142622
182.48907903,-10.46727524,-17.94894230
182.58484573,-10.49806324,-17.92592622
182.68063474,-10.52882479,-17.90239872
182.77644574,-10.55955894,-17.87838228
182.87227835,-10.59026494,-17.85390029
182.96813221,-10.62094192,-17.82897449
183.06400698,-10.65158897,-17.80362748
183.15990229,-10.68220510,-17.77788362
183.25581779,-10.71278936,-17.75176746
183.35175310,-10.74334075,-17.72530436
183.44770786,-10.77385829,-17.69851958
183.54368168,-10.80434118,-17.67143613
183.63967421,-10.83478858,-17.64407629
183.73568514,-10.86519966,-17.61646105
183.83171414,-10.89557378,-17.58860923
183.92776093,-10.92591021,-17.56053870
184.02382520,-10.95620827,-17.53226683
184.11990664,-10.98646729,-17.50381231
184.21600488,-11.01668675,-17.47519489
184.31211952,-11.04686614,-17.44643517
184.40825007,-11.07700519,-17.41755398
184.50439603,-11.10710372,-17.38857183
184.60055687,-11.13716154,-17.35950974
184.69673207,-11.16717856,-17.33038760
184.79292109,-11.19715476,-17.30122468
184.88912339,-11.22709003,-17.27204110
184.98533844,-11.25698429,-17.24285683
185.08156563,-11.28683750,-17.21369308
185.17780435,-11.31664969,-17.18457300
185.27405392,-11.34642097,-17.15552041
185.37031363,-11.37615150,-17.12655990
185.46658275,-11.40584148,-17.09771526
185.56286056,-11.43549108,-17.06901005
185.65914633,-11.46510050,-17.04046933
185.75543929,-11.49466995,-17.01211763
185.85173872,-11.52419957,-16.98397981
185.94804380,-11.55368971,-16.95608253
186.04435372,-11.58314070,-16.92845184
186.14066763,-11.61255301,-16.90111405
186.23698463,-11.64192726,-16.87409537
186.33330383,-11.67126405,-16.84742125
186.42962426,-11.70056415,-16.82111753
186.52594498,-11.72982821,-16.79521146
186.62226494,-11.75905705,-16.76973234
186.71858308,-11.78825143,-16.74471029
186.81489828,-11.81741217,-16.72017832
186.91120937,-11.84654016,-16.69617062
187.00750966,-11.87565491,-16.67271990
187.10380851,-11.90472181,-16.64986008
187.20010858,-11.93372886,-16.62762367
187.29640766,-11.96268040,-16.60604348
187.39270023,-11.99159190,-16.58515286
187.48897896,-12.02048506,-16.56498465
187.58523583,-12.04938393,-16.54557142
187.68146322,-12.07831125,-16.52694608
187.77765473,-12.10728573,-16.50914145
187.87380589,-12.13631962,-16.49218846
187.96991464,-12.16541696,-16.47611974
188.06599577,-12.19452523,-16.46096680
188.16205383,-12.22362610,-16.44675984
188.25809309,-12.25270224,-16.43353114
188.35411741,-12.28173765,-16.42130987
188.45012516,-12.31073506,-16.41012429
188.54612137,-12.33967460,-16.40000237
188.64212478,-12.36848979,-16.39097061
188.73815115,-12.39712428,-16.38305499
188.83418314,-12.42563452,-16.37627991
188.93021295,-12.45404460,-16.37067172
189.02625159,-12.48231447,-16.36625403
189.12228865,-12.51047728,-16.36305073
189.21830132,-12.53860838,-16.36108695
189.31426899,-12.56677560,-16.36038483
189.41019104,-12.59497886,-16.36096749
189.50608124,-12.62316909,-16.36285838
189.60196266,-12.65126574,-16.36608045
189.69784479,-12.67923467,-16.37065482
189.79371515,-12.70711677,-16.37659877
189.88958484,-12.73487299,-16.38392793
189.98546863,-12.76245211,-16.39265363
190.08135015,-12.78990924,-16.40278493
190.17720907,-12.81731324,-16.41432791
190.27303355,-12.84470423,-16.42728564
190.36882536,-12.87207616,-16.44166073
190.46457851,-12.89944971,-16.45745234
190.56028653,-12.92684731,-16.47465713
190.65594256,-12.95429303,-16.49326710
190.75152900,-12.98184704,-16.51326974
190.84704540,-13.00951215,-16.53464941
190.94249399,-13.03728232,-16.55738686
191.03787911,-13.06514458,-16.58146280
191.13320664,-13.09308083,-16.60685622
191.22848309,-13.12107115,-16.63354505
191.32371456,-13.14909701,-16.66150740
191.41890547,-13.17714584,-16.69071747
191.51405701,-13.20521621,-16.72114787
191.60916539,-13.23332353,-16.75276845
191.70421974,-13.26150709,-16.78554506
191.79922579,-13.28975072,-16.81944267
191.89418371,-13.31805703,-16.85442424
191.98909372,-13.34642855,-16.89045165
192.08395616,-13.37486762,-16.92748563
192.17877136,-13.40337659,-16.96548502
192.27353973,-13.43195766,-17.00440801
192.36826169,-13.46061307,-17.04421078
192.46293761,-13.48934515,-17.08485050
192.55756796,-13.51815612,-17.12628331
192.65215314,-13.54704839,-17.16846364
192.74669361,-13.57602432,-17.21134555
192.84118993,-13.60508617,-17.25488053
192.93564278,-13.63423623,-17.29901585
193.03005294,-13.66347658,-17.34369430
193.12442133,-13.69280939,-17.38885404
193.21874895,-13.72223666,-17.43442941
193.31303688,-13.75176045,-17.48035238
193.40728626,-13.78138275,-17.52655458
193.50149832,-13.81110520,-17.57296633
193.59567432,-13.84092947,-17.61951823
193.68981570,-13.87085677,-17.66614115
193.78392395,-13.90088811,-17.71276393
193.87800075,-13.93102428,-17.75931319
193.97204783,-13.96126593,-17.80571194
194.06606704,-13.99161363,-17.85188138
194.16006029,-14.02206780,-17.89774071
194.25402954,-14.05262877,-17.94320861
194.34797680,-14.08329669,-17.98820624
194.44190418,-14.11407126,-18.03265520
194.53581388,-14.14495202,-18.07647904
194.62970817,-14.17593809,-18.11960173
194.72358941,-14.20702840,-18.16194579
194.81746001,-14.23822165,-18.20343471
194.91132239,-14.26951648,-18.24399192
195.00517895,-14.30091137,-18.28354424
195.09903212,-14.33240459,-18.32202107
195.19288429,-14.36399424,-18.35935478
195.28673154,-14.39569712,-18.39548279
195.38058889,-14.42747337,-18.43034375
195.47446292,-14.45930833,-18.46387611
195.56835428,-14.49120486,-18.49601955
195.66225982,-14.52317689,-18.52671533
195.75617445,-14.55524390,-18.55590730
195.85009271,-14.58742614,-18.58354423
195.94401001,-14.61974085,-18.60958082
196.03792375,-14.65219909,-18.63397592
196.13183400,-14.68480368,-18.65669061
196.22574412,-14.71754761,-18.67768858
196.31967704,-14.75036545,-18.69693580
196.41363596,-14.78325037,-18.71439875
196.50764207,-14.81614251,-18.73004735
196.60171045,-14.84899977,-18.74385514
196.69585053,-14.88179658,-18.75580031
196.79005499,-14.91455624,-18.76586466
196.88432834,-14.94726718,-18.77403177
196.97869121,-14.97987013,-18.78028805
197.07315498,-15.01233264,-18.78462097
197.16772293,-15.04464595,-18.78702118
197.26238066,-15.07685275,-18.78748376
197.35712889,-15.10895091,-18.78600808
197.45198200,-15.14089760,-18.78259778
197.54693810,-15.17269751,-18.77726141
197.64198755,-15.20437759,-18.77001297
197.73711218,-15.23598955,-18.76086785
197.83231382,-15.26752595,-18.74984463
197.92760102,-15.29895927,-18.73696698
198.02296647,-15.33030829,-18.72226203
198.11839674,-15.36160950,-18.70576263
198.21387169,-15.39291889,-18.68750499
198.30939070,-15.42423480,-18.66752967
198.40493365,-15.45561334,-18.64587996
198.50049848,-15.48705670,-18.62260138
198.59608614,-15.51855796,-18.59774458
198.69170016,-15.55010236,-18.57136065
198.78734603,-15.58166921,-18.54350352
198.88303014,-15.61323490,-18.51423022
198.97875868,-15.64477633,-18.48359770
199.07453614,-15.67627535,-18.45166461
199.17036346,-15.70772423,-18.41848891
199.26623609,-15.73913154,-18.38412927
199.36214145,-15.77052979,-18.34864537
199.45808438,-15.80189943,-18.31209914
199.55406381,-15.83323845,-18.27455572
199.65007855,-15.86454506,-18.23608053
199.74612739,-15.89581747,-18.19674095
199.84220900,-15.92705423,-18.15660390
199.93832209,-15.95825375,-18.11573572
200.03446529,-15.98941468,-18.07420408
200.13063719,-16.02053568,-18.03207547
200.22683642,-16.05161532,-17.98941884
200.32306145,-16.08265238,-17.94630563
200.41931079,-16.11364554,-17.90280757
200.51558284,-16.14459379,-17.85899852
200.61187596,-16.17549615,-17.81495224
200.70818849,-16.20635183,-17.77074060
200.80451872,-16.23716020,-17.72643330
200.90086498,-16.26792055,-17.68210104
200.99722555,-16.29863239,-17.63781444
201.09359873,-16.32929521,-17.59364277
201.18998277,-16.35990852,-17.54965734
201.28637591,-16.39047193,-17.50592881
201.38277639,-16.42098501,-17.46252757
201.47918250,-16.45144732,-17.41952371
201.57559254,-16.48185836,-17.37698561
201.67200489,-16.51221758,-17.33497975
201.76841802,-16.54252431,-17.29356948
201.86483053,-16.57277780,-17.25281651
201.96124108,-16.60297740,-17.21277823
202.05764843,-16.63312252,-17.17350695
202.15405145,-16.66321271,-17.13504917
202.25044910,-16.69324766,-17.09744519
202.34684043,-16.72322719,-17.06073062
202.44322455,-16.75315129,-17.02493607
202.53960063,-16.78302004,-16.99008975
202.63596785,-16.81283360,-16.95621798
202.73232539,-16.84259233,-16.92334535
202.82867241,-16.87229671,-16.89149532
202.92500808,-16.90194742,-16.86069085
203.02133156,-16.93154535,-16.83095219
203.11764207,-16.96109147,-16.80229471
203.21393353,-16.99060476,-16.77473124
203.31021564,-17.02005172,-16.74827135
203.40649159,-17.04942085,-16.72292100
203.50275984,-17.07871662,-16.69868405
203.59901566,-17.10795428,-16.67556406
203.69525257,-17.13715523,-16.65356350
203.79146347,-17.16634303,-16.63268274
203.88764169,-17.19554012,-16.61292264
203.98378169,-17.22476514,-16.59428082
204.07987990,-17.25403041,-16.57675246
204.17593504,-17.28334041,-16.56033328
204.27196218,-17.31264493,-16.54501956
204.36796628,-17.34192726,-16.53080908
204.46395188,-17.37117194,-16.51770230
204.55992310,-17.40036482,-16.50570161
204.65587788,-17.42951273,-16.49480710
204.75182324,-17.45859190,-16.48501732
204.84777747,-17.48754059,-16.47632688
204.94374976,-17.51632817,-16.46872586
205.03974126,-17.54495138,-16.46220316
205.13574636,-17.57343004,-16.45674620
205.23174529,-17.60183211,-16.45234345
205.32773122,-17.63018176,-16.44898263
205.42369599,-17.65850802,-16.44664979
205.51963081,-17.68684215,-16.44532895
205.61552120,-17.71523507,-16.44499860
205.71138499,-17.74362850,-16.44563495
205.80724126,-17.77196018,-16.44721181
205.90309336,-17.80022121,-16.44970109
205.99893754,-17.82842701,-16.45307554
206.09475176,-17.85665482,-16.45730674
206.19052588,-17.88494177,-16.46236487
206.28627450,-17.91324135,-16.46821839
206.38200609,-17.94152793,-16.47483463
206.47772815,-17.96977906,-16.48218208
206.57344637,-17.99797822,-16.49023048
206.66917918,-18.02606555,-16.49895390
206.76492980,-18.05403232,-16.50833188
206.86069440,-18.08189341,-16.51834656
206.95646116,-18.10969060,-16.52898216
207.05220948,-18.13749497,-16.54022366
207.14793829,-18.16531174,-16.55205448
207.24364625,-18.19314696,-16.56445616
207.33932878,-18.22101769,-16.57741094
207.43498111,-18.24894150,-16.59090108
207.53059829,-18.27693670,-16.60490776
207.62616540,-18.30505468,-16.61941280
207.72168475,-18.33328930,-16.63439803
207.81716095,-18.36162687,-16.64984358
207.91260027,-18.39004805,-16.66572763
208.00800995,-18.41853049,-16.68202849
208.10339738,-18.44705139,-16.69872396
208.19876898,-18.47559113,-16.71579250
208.29412919,-18.50413694,-16.73321395
208.38947907,-18.53268721,-16.75096588
208.48481483,-18.56125664,-16.76902597
208.58012622,-18.58988138,-16.78737275
208.67541944,-18.61854266,-16.80598358
208.77069495,-18.64724083,-16.82483657
208.86595320,-18.67597619,-16.84391097
208.96119461,-18.70474895,-16.86318810
209.05641965,-18.73355917,-16.88265073
209.15162872,-18.76240701,-16.90228268
209.24682225,-18.79129246,-16.92206794
209.34200065,-18.82021547,-16.94198976
209.43716429,-18.84917613,-16.96203304
209.53231355,-18.87817436,-16.98218431
209.62744878,-18.90721010,-17.00243013
209.72257032,-18.93628329,-17.02275863
209.81767850,-18.96539378,-17.04315973
209.91277365,-18.99454131,-17.06362374
210.00785614,-19.02372558,-17.08413996
210.10292628,-19.05294628,-17.10469846
210.19798439,-19.08220309,-17.12529117
210.29303071,-19.11149577,-17.14591063
210.38806537,-19.14082428,-17.16655153
210.48308849,-19.17018851,-17.18721087
210.57810009,-19.19958860,-17.20788607
210.67310013,-19.22902480,-17.22857518
210.76808861,-19.25849739,-17.24927644
210.86306548,-19.28800681,-17.26998546
210.95803075,-19.31755357,-17.29069517
211.05298445,-19.34713829,-17.31139636
211.14792668,-19.37676160,-17.33207811
211.24285760,-19.40642410,-17.35272650
211.33777742,-19.43612636,-17.37332646
211.43268643,-19.46586879,-17.39386156
211.52758500,-19.49565164,-17.41431456
211.62247354,-19.52547500,-17.43466934
211.71735253,-19.55533868,-17.45490877
211.81222246,-19.58524243,-17.47501712
211.90708384,-19.61518587,-17.49498028
212.00193717,-19.64516849,-17.51478454
212.09678297,-19.67518975,-17.53441733
212.19162170,-19.70524909,-17.55386670
212.28645379,-19.73534600,-17.57312206
212.38127968,-19.76547996,-17.59217395
212.47609973,-19.79565049,-17.61101324
212.57091433,-19.82585714,-17.62963183
212.66572383,-19.85609940,-17.64802067
212.76052859,-19.88637688,-17.66617139
212.85532899,-19.91668898,-17.68407702
212.95012545,-19.94703511,-17.70172914
213.04491837,-19.97741465,-17.71911870
213.13970817,-20.00782693,-17.73623811
213.23448882,-20.03829119,-17.75308006
213.32927244,-20.06877029,-17.76963868
213.42406400,-20.09924919,-17.78590873
213.51886305,-20.12972960,-17.80188576
213.61366533,-20.16022511,-17.81756652
213.70846411,-20.19075690,-17.83294784
213.80325159,-20.22134961,-17.84802573
213.89801996,-20.25202803,-17.86279244
213.99276242,-20.28281410,-17.87723720
214.08747403,-20.31372425,-17.89134502
214.18215241,-20.34476732,-17.90509658
214.27681432,-20.37589281,-17.91846987
214.37146584,-20.40708377,-17.93144099
214.46611295,-20.43832373,-17.94398593
214.56076158,-20.46959637,-17.95608123
214.65541489,-20.50089411,-17.96770283
214.75007333,-20.53221770,-17.97882579
214.84476152,-20.56349369,-17.98942457
214.93949456,-20.59467805,-17.99947198
215.03427873,-20.62575388,-18.00894007
215.12911246,-20.65672841,-18.01780332
215.22397688,-20.68766180,-18.02603611
215.31886742,-20.71857026,-18.03361496
215.41377737,-20.74947637,-18.04051828
215.50869879,-20.78040637,-18.04672483
215.60362339,-20.81138733,-18.05221558
215.69855035,-20.84242315,-18.05697301
215.79350065,-20.87345059,-18.06098281
215.88847880,-20.90445681,-18.06423168
215.98348522,-20.93544135,-18.06671030
216.07850825,-20.96644077,-18.06841177
216.17354837,-20.99745433,-18.06932768
216.26861879,-21.02844228,-18.06944999
216.36372086,-21.05940129,-18.06876717
216.45885195,-21.09034052,-18.06726584
216.55399575,-21.12131120,-18.06493196
216.64914725,-21.15233002,-18.06174930
216.74431693,-21.18336620,-18.05770153
216.83951541,-21.21438860,-18.05277072
216.93475243,-21.24536865,-18.04694038
217.03003599,-21.27628312,-18.04019365
217.12538881,-21.30706348,-18.03251440
217.22081697,-21.33769201,-18.02388835
217.31631861,-21.36817520,-18.01430251
217.41188259,-21.39854770,-18.00374854
217.50748741,-21.42887588,-17.99222088
217.60312710,-21.45917820,-17.97971559
217.69880276,-21.48945129,-17.96623040
217.79450936,-21.51971046,-17.95176581
217.89024140,-21.54997234,-17.93632458
217.98599296,-21.58025470,-17.91991030
218.08174689,-21.61061019,-17.90252994
218.17750453,-21.64103367,-17.88419449
218.27326977,-21.67151199,-17.86491823
218.36904840,-21.70202562,-17.84471961
218.46484740,-21.73255120,-17.82362019
218.56067397,-21.76306427,-17.80164416
218.65653449,-21.79354282,-17.77881743
218.75243319,-21.82397133,-17.75516794
218.84837057,-21.85434573,-17.73072347
218.94434178,-21.88467857,-17.70551187
219.04033464,-21.91500524,-17.67956198
219.13635476,-21.94530572,-17.65290370
219.23240151,-21.97557925,-17.62556764
219.32847423,-22.00582498,-17.59758672
219.42457217,-22.03604213,-17.56899756
219.52069451,-22.06622985,-17.53983928
219.61684038,-22.09638731,-17.51015408
219.71300881,-22.12651367,-17.47998783
219.80919877,-22.15660830,-17.44938699
219.90540924,-22.18667050,-17.41839764
220.00163915,-22.21669969,-17.38706543
220.09788750,-22.24669523,-17.35543561
220.19415325,-22.27665668,-17.32355160
220.29043541,-22.30658339,-17.29145637
220.38673290,-22.33647489,-17.25919424
220.48304466,-22.36633059,-17.22681078
220.57936950,-22.39615011,-17.19435507
220.67570616,-22.42593321,-17.16187886
220.77205322,-22.45567991,-17.12943483
220.86840922,-22.48539040,-17.09707561
220.96477257,-22.51506523,-17.06485397
221.06114172,-22.54470487,-17.03282353
221.15751500,-22.57431011,-17.00103712
221.25389078,-22.60388154,-16.96954745
221.35026736,-22.63341979,-16.93840918
221.44664305,-22.66292524,-16.90768072
221.54301607,-22.69239834,-16.87742449
221.63938458,-22.72183955,-16.84770387
221.73574671,-22.75124924,-16.81858498
221.83210060,-22.78062786,-16.79013419
221.92843890,-22.80999432,-16.76241361
222.02477053,-22.83931342,-16.73548314
222.12109754,-22.86857319,-16.70939935
222.21741713,-22.89777812,-16.68421284
222.31372339,-22.92694349,-16.65997147
222.41000871,-22.95609044,-16.63672261
222.50626503,-22.98524189,-16.61451258
222.60248487,-23.01441901,-16.59338458
222.69866219,-23.04363830,-16.57338132
222.79479302,-23.07290955,-16.55454388
222.89087598,-23.10223412,-16.53690697
222.98692652,-23.13155724,-16.52050260
223.08294965,-23.16085925,-16.50536038
223.17894998,-23.19012203,-16.49150530
223.27493172,-23.21932899,-16.47895969
223.37089193,-23.24848796,-16.46774280
223.46684553,-23.27754638,-16.45787296
223.56280041,-23.30647565,-16.44936685
223.65875826,-23.33526830,-16.44223900
223.75471877,-23.36392365,-16.43650457
223.85068043,-23.39244549,-16.43217588
223.94663899,-23.42084692,-16.42926451
224.04257685,-23.44918678,-16.42777986
224.13849342,-23.47746636,-16.42772686
224.23438802,-23.50568771,-16.42910789
224.33025976,-23.53385379,-16.43192161
224.42612457,-23.56191099,-16.43616450
224.52198503,-23.58985099,-16.44183204
224.61784115,-23.61767467,-16.44891736
224.71369243,-23.64538478,-16.45741096
224.80953537,-23.67299463,-16.46730023
224.90536052,-23.70053790,-16.47856888
225.00115141,-23.72807245,-16.49119668
225.09690972,-23.75559477,-16.50516020
225.19262989,-23.78312615,-16.52043467
225.28830596,-23.81068951,-16.53699143
225.38393149,-23.83830941,-16.55479791
225.47948962,-23.86604560,-16.57381995
225.57498042,-23.89390136,-16.59401771
225.67040659,-23.92187141,-16.61534644
225.76577314,-23.94994319,-16.63775822
225.86108661,-23.97809929,-16.66120026
225.95635432,-24.00632006,-16.68561763
226.05158328,-24.03458722,-16.71095210
226.14677889,-24.06288815,-16.73714267
226.24194349,-24.09122079,-16.76412563
226.33707447,-24.11959956,-16.79183591
226.43216235,-24.14806198,-16.82020859
226.52721390,-24.17659104,-16.84917788
226.62223037,-24.20518814,-16.87868063
226.71721307,-24.23385441,-16.90865516
226.81216328,-24.26259091,-16.93904120
226.90708237,-24.29139841,-16.96977930
227.00197170,-24.32027766,-17.00080840
227.09683266,-24.34922934,-17.03206803
227.19166670,-24.37825400,-17.06349698
227.28647523,-24.40735230,-17.09503272
227.38125970,-24.43652490,-17.12661302
227.47602149,-24.46577251,-17.15817618
227.57076198,-24.49509596,-17.18966068
227.66548255,-24.52449592,-17.22100533
227.76018461,-24.55397310,-17.25215025
227.85486971,-24.58352780,-17.28303316
227.94953944,-24.61316028,-17.31359003
228.04419557,-24.64287041,-17.34375675
228.13884006,-24.67265766,-17.37346656
228.23347495,-24.70252126,-17.40265022
228.32810239,-24.73246012,-17.43123850
228.42272456,-24.76247288,-17.45916446
228.51733761,-24.79257688,-17.48636452
228.61195517,-24.82273393,-17.51278104
228.70658336,-24.85292907,-17.53836398
228.80122289,-24.88316391,-17.56306802
228.89587077,-24.91345134,-17.58685329
228.99052201,-24.94381019,-17.60968464
229.08517093,-24.97426124,-17.63152689
229.17981231,-25.00482371,-17.65234511
229.27444235,-25.03551239,-17.67210449
229.36905934,-25.06633523,-17.69077051
229.46366427,-25.09729176,-17.70831086
229.55827637,-25.12832389,-17.72469596
229.65290359,-25.15940890,-17.73989970
229.74755344,-25.19052531,-17.75390044
229.84223289,-25.22165312,-17.76667953
229.93694167,-25.25279475,-17.77822146
230.03169034,-25.28391879,-17.78851132
230.12650191,-25.31495498,-17.79753544
230.22138860,-25.34586653,-17.80528165
230.31635311,-25.37664593,-17.81173905
230.41138354,-25.40733061,-17.81690330
230.50646926,-25.43795331,-17.82077719
230.60160834,-25.46851896,-17.82337235
230.69679204,-25.49905288,-17.82471215
230.79200680,-25.52959463,-17.82482813
230.88722495,-25.56022726,-17.82375790
230.98245196,-25.59093049,-17.82154100
231.07771258,-25.62162411,-17.81821556
231.17301874,-25.65226797,-17.81381632
231.26837741,-25.68283757,-17.80837370
231.36378882,-25.71332956,-17.80191480
231.45926123,-25.74371577,-17.79446517
231.55480535,-25.77396023,-17.78605140
231.65041730,-25.80407232,-17.77670378
231.74608429,-25.83408880,-17.76645632
231.84178368,-25.86407707,-17.75534428
231.93751085,-25.89404820,-17.74340528
232.03326426,-25.92400362,-17.73067910
232.12903760,-25.95395951,-17.71720599
232.22482425,-25.98393301,-17.70302702
232.32061721,-26.01394215,-17.68818534
232.41639895,-26.04403820,-17.67272822
232.51216967,-26.07421619,-17.65670695
232.60793211,-26.10446300,-17.64017726
232.70369080,-26.13475949,-17.62319827
232.79945143,-26.16508272,-17.60583059
232.89521995,-26.19540878,-17.58813666
232.99100148,-26.22571636,-17.57017901
233.08679909,-26.25599064,-17.55201820
233.18261238,-26.28622778,-17.53371231
233.27843590,-26.31644004,-17.51531858
233.37425733,-26.34666149,-17.49689358
233.47008142,-26.37687258,-17.47849098
233.56590712,-26.40707214,-17.46016265
233.66172723,-26.43727866,-17.44196110
233.75755191,-26.46745526,-17.42393719
233.85338446,-26.49758707,-17.40614137
233.94922303,-26.52767582,-17.38862288
234.04506223,-26.55773473,-17.37142803
234.14089459,-26.58778404,-17.35459935
234.23671176,-26.61784705,-17.33817593
234.33250558,-26.64794674,-17.32219534
234.42826895,-26.67810291,-17.30669120
234.52399667,-26.70832960,-17.29169660
234.61968589,-26.73863345,-17.27724326
234.71535199,-26.76896309,-17.26335646
234.81099981,-26.79930094,-17.25005916
234.90663397,-26.82963042,-17.23737088
235.00225890,-26.85993573,-17.22530728
235.09787528,-26.89021337,-17.21388220
235.19348444,-26.92045784,-17.20310704
235.28910759,-26.95059950,-17.19299315
235.38475662,-26.98059880,-17.18355015
235.48043504,-27.01044356,-17.17478580
235.57613895,-27.04014562,-17.16670554
235.67184853,-27.06976864,-17.15931236
235.76755753,-27.09933239,-17.15261080
235.86325788,-27.12886266,-17.14660373
235.95894059,-27.15838848,-17.14129202
236.05459655,-27.18793937,-17.13667497
236.15022643,-27.21751351,-17.13274834
236.24584802,-27.24705388,-17.12950537
236.34146467,-27.27655059,-17.12693639
236.43707599,-27.30600606,-17.12502656
236.53267692,-27.33543837,-17.12375692
236.62825648,-27.36488500,-17.12310563
236.72382138,-27.39432648,-17.12304747
236.81937205,-27.42376399,-17.12355359
236.91490898,-27.45319869,-17.12459250
237.01043271,-27.48263170,-17.12613091
237.10594387,-27.51206409,-17.12813375
237.20144310,-27.54149686,-17.13056642
237.29693109,-27.57093097,-17.13339448
237.39240850,-27.60036734,-17.13658239
237.48787604,-27.62980679,-17.14009540
237.58333435,-27.65925009,-17.14389994
237.67878405,-27.68869792,-17.14796467
237.77422573,-27.71815092,-17.15226201
237.86965990,-27.74760964,-17.15676647
237.96508704,-27.77707458,-17.16145526
238.06050762,-27.80654621,-17.16630705
238.15592217,-27.83602497,-17.17130031
238.25133126,-27.86551127,-17.17640919
238.34673559,-27.89500550,-17.18160411
238.44213593,-27.92450805,-17.18685232
238.53753317,-27.95401925,-17.19211540
238.63292827,-27.98353938,-17.19735518
238.72832219,-28.01306866,-17.20253313
238.82371593,-28.04260727,-17.20761046
238.91911046,-28.07215527,-17.21255196
239.01450672,-28.10171269,-17.21732399
239.10990563,-28.13127947,-17.22189436
239.20530811,-28.16085549,-17.22623150
239.30071505,-28.19044059,-17.23030498
239.39612730,-28.22003452,-17.23408668
239.49154563,-28.24963696,-17.23754990
239.58697073,-28.27924751,-17.24067348
239.68240310,-28.30886571,-17.24344243
239.77784310,-28.33849101,-17.24584968
239.87329091,-28.36812280,-17.24789693
239.96874658,-28.39776043,-17.24959115
240.06421007,-28.42740328,-17.25094283
240.15968132,-28.45705069,-17.25196330
240.25516034,-28.48670208,-17.25266105
240.35064720,-28.51635690,-17.25303940
240.44614206,-28.54601459,-17.25309770
240.54164515,-28.57567466,-17.25283217
240.63715668,-28.60533656,-17.25223858
240.73267682,-28.63499975,-17.25131673
240.82820560,-28.66466364,-17.25007170
240.92374290,-28.69432761,-17.24851593
241.01928845,-28.72399102,-17.24666985
241.11484182,-28.75365322,-17.24455899
241.21040243,-28.78331359,-17.24221230
241.30596953,-28.81297147,-17.23966297
241.40154224,-28.84262627,-17.23694987
241.49711953,-28.87227739,-17.23411856
241.59270019,-28.90192430,-17.23122087
241.68828281,-28.93156648,-17.22831502
241.78386581,-28.96120348,-17.22546423
241.87944744,-28.99083493,-17.22273760
241.97501952,-29.02048087,-17.22021021
242.07059049,-29.05010743,-17.21795954
242.16616385,-29.07969648,-17.21606442
242.26173872,-29.10924396,-17.21460511
242.35731050,-29.13875767,-17.21366160
242.45286700,-29.16826976,-17.21331556
242.54838813,-29.19783757,-17.21365173
242.64388058,-29.22743192,-17.21475887
242.73935155,-29.25702162,-17.21672913
242.83480799,-29.28657608,-17.21965766
242.93025574,-29.31606800,-17.22364250
243.02571466,-29.34542489,-17.22878220
243.12119077,-29.37461871,-17.23517732
243.21668332,-29.40364337,-17.24292935
243.31218308,-29.43252020,-17.25214013
243.40767067,-29.46130329,-17.26290950
243.50312635,-29.49004788,-17.27533735
243.59855341,-29.51873495,-17.28952456
243.69394440,-29.54738005,-17.30557214
243.78929116,-29.57600090,-17.32358401
243.88458476,-29.60461761,-17.34366408
243.97980529,-29.63328502,-17.36591649
244.07494901,-29.66200633,-17.39044703
244.17001456,-29.69077712,-17.41735923
244.26500245,-29.71958688,-17.44675889
244.35991463,-29.74842043,-17.47875373
244.45475356,-29.77726086,-17.51345335
244.54952132,-29.80609254,-17.55096947
244.64421824,-29.83490540,-17.59141381
244.73884155,-29.86369945,-17.63489729
244.83338343,-29.89249088,-17.68152613
244.92782896,-29.92131866,-17.73140438
245.02217914,-29.95017131,-17.78463385
245.11642957,-29.97905490,-17.84131190
245.21057577,-30.00797597,-17.90153382
245.30461331,-30.03694113,-17.96539102
245.39853777,-30.06595738,-18.03296911
245.49234481,-30.09503167,-18.10435001
245.58603015,-30.12417111,-18.17961235
245.67958963,-30.15338268,-18.25882972
245.77301915,-30.18267351,-18.34207189
245.86631467,-30.21205070,-18.42940496
245.95947222,-30.24152133,-18.52089069
246.05248788,-30.27109258,-18.61658850
246.14535770,-30.30077174,-18.71655449
246.23807777,-30.33056609,-18.82084256
246.33064414,-30.36048314,-18.92950458
246.42305282,-30.39053050,-19.04259015
246.51529979,-30.42071599,-19.16014667
246.60738102,-30.45104760,-19.28221682
246.69929245,-30.48153368,-19.40883913
246.79103002,-30.51218285,-19.54004589
246.88258968,-30.54300400,-19.67586084
246.97396742,-30.57400624,-19.81630120
247.06515928,-30.60519890,-19.96137652
247.15616142,-30.63659130,-20.11108899
247.24697013,-30.66819290,-20.26543285
247.33758184,-30.70001306,-20.42439347
247.42799319,-30.73206094,-20.58794730
247.51820099,-30.76434560,-20.75606208
247.60820222,-30.79687582,-20.92869733
247.69799405,-30.82966013,-21.10580739
247.78757380,-30.86270685,-21.28734130
247.87693889,-30.89602407,-21.47324286
247.96608688,-30.92961954,-21.66345322
248.05501545,-30.96350074,-21.85790824
248.14372243,-30.99767474,-22.05654020
248.23220579,-31.03214830,-22.25927911
248.32046367,-31.06692781,-22.46604997
248.40849420,-31.10201959,-22.67677567
248.49629565,-31.13742967,-22.89137589
248.58386625,-31.17316400,-23.10976843
248.67120428,-31.20922827,-23.33187004
248.75830797,-31.24562815,-23.55759653
248.84517554,-31.28236911,-23.78686428
248.93180522,-31.31945658,-24.01958947
249.01819517,-31.35689590,-24.25568773
249.10434363,-31.39469222,-24.49507134
249.19024892,-31.43285047,-24.73764798
249.27590941,-31.47137542,-24.98332319
249.36132365,-31.51027155,-25.23199967
249.44649018,-31.54954329,-25.48357609
249.53140766,-31.58919481,-25.73794990
249.61607476,-31.62923003,-25.99501693
249.70049025,-31.66965249,-26.25467247
249.78465303,-31.71046527,-26.51681474
249.86856206,-31.75167104,-26.78134561
249.95221639,-31.79327209,-27.04817006
250.03561510,-31.83527046,-27.31719550
250.11875733,-31.87766780,-27.58832956
250.20164230,-31.92046542,-27.86148111
250.28426921,-31.96366443,-28.13656132
250.36663723,-32.00726575,-28.41348720
250.44874543,-32.05127028,-28.69218154
250.53059276,-32.09567875,-28.97257188
250.61217807,-32.14049187,-29.25458897
250.69350017,-32.18571004,-29.53816662
250.77455779,-32.23133361,-29.82324356
250.85534971,-32.27736265,-30.10976383
250.93587459,-32.32379729,-30.39767374
251.01613094,-32.37063774,-30.68692081
251.09611722,-32.41788413,-30.97745361
251.17583173,-32.46553664,-31.26922124
251.25527278,-32.51359530,-31.56217751
251.33443863,-32.56206007,-31.85628011
251.41332746,-32.61093085,-32.15149024
251.49193736,-32.66020750,-32.44777152
251.57026643,-32.70988972,-32.74508940
251.64831286,-32.75997694,-33.04340959
251.72607493,-32.81046839,-33.34269787
251.80355087,-32.86136320,-33.64292528
251.88073908,-32.91266018,-33.94406565
251.95763778,-32.96435824,-34.24609516
252.03424524,-33.01645599,-34.54899476
252.11055973,-33.06895178,-34.85274841
252.18657950,-33.12184382,-35.15734657
252.26230276,-33.17513013,-35.46278719
252.33772763,-33.22880866,-35.76907480
252.41285209,-33.28287734,-36.07621795
252.48767378,-33.33733430,-36.38422902
252.56219022,-33.39217772,-36.69312648
252.63639875,-33.44740579,-37.00293009
252.71029645,-33.50301702,-37.31366410
252.78388028,-33.55900990,-37.62535730
252.85714702,-33.61538315,-37.93803777
252.93009324,-33.67213567,-38.25173368
253.00271547,-33.72926639,-38.56647295
253.07501018,-33.78677427,-38.88228172
253.14697388,-33.84465828,-39.19918477
253.21860302,-33.90291743,-39.51720871
253.28989407,-33.96155060,-39.83638104
253.36084352,-34.02055658,-40.15672956
253.43144781,-34.07993415,-40.47828485
253.50170349,-34.13968183,-40.80107838
253.57160710,-34.19979812,-41.12514168
253.64115514,-34.26028146,-41.45050898
253.71034407,-34.32113026,-41.77721748
253.77917015,-34.38234302,-42.10530657
253.84762951,-34.44391827,-42.43481804
253.91571802,-34.50585470,-42.76579545
253.98343142,-34.56815110,-43.09828244
254.05076524,-34.63080644,-43.43232358
254.11771487,-34.69381985,-43.76796277
254.18427554,-34.75719058,-44.10524159
254.25044227,-34.82091807,-44.44419971
254.31621002,-34.88500188,-44.78487329
254.38157366,-34.94944172,-45.12729442
254.44652806,-35.01423731,-45.47149212
254.51106805,-35.07938849,-45.81749105
254.57518852,-35.14489507,-46.16531189
254.63888432,-35.21075684,-46.51497349
254.70215046,-35.27697345,-46.86649210
254.76498206,-35.34354443,-47.21988045
254.82737419,-35.41046933,-47.57514995
254.88932210,-35.47774756,-47.93231097
254.95082106,-35.54537846,-48.29137094
255.01186632,-35.61336132,-48.65233615
255.07245328,-35.68169525,-49.01521127
255.13257725,-35.75037936,-49.37999985
255.19223365,-35.81941266,-49.74670547
255.25141780,-35.88879421,-50.11533207
255.31012517,-35.95852289,-50.48588152
255.36835116,-36.02859760,-50.85835160
255.42609109,-36.09901721,-51.23274086
255.48334044,-36.16978043,-51.60904739
255.54009463,-36.24088599,-51.98726701
255.59634899,-36.31233265,-52.36739716
255.65209887,-36.38411910,-52.74943191
255.70733943,-36.45624412,-53.13336464
255.76206593,-36.52870635,-53.51918750
255.81627348,-36.60150448,-53.90689089
255.86995735,-36.67463708,-54.29646431
255.92311257,-36.74810288,-54.68789298
255.97573403,-36.82190071,-55.08116207
256.02781661,-36.89602938,-55.47625249
256.07935521,-36.97048768,-55.87313874
256.13034482,-37.04527431,-56.27179355
256.18078072,-37.12038780,-56.67218587
256.23065818,-37.19582673,-57.07428246
256.27997279,-37.27158950,-57.47804656
256.32872011,-37.34767452,-57.88343673
256.37689616,-37.42407987,-58.29040753
256.42449702,-37.50080354,-58.69890996
256.47151912,-37.57784327,-59.10889749
256.51795902,-37.65519666,-59.52032771
256.56381331,-37.73286116,-59.93316076
256.60907865,-37.81083415,-60.34735781
256.65375174,-37.88911281,-60.76287895
256.69782928,-37.96769431,-61.17968266
256.74130803,-38.04657572,-61.59772870
256.78418440,-38.12575431,-62.01697914
256.82645464,-38.20522740,-62.43739524
256.86811458,-38.28499250,-62.85893544
256.90915989,-38.36504716,-63.28155344
256.94958629,-38.44538898,-63.70519890
256.98938952,-38.52601556,-64.12981850
257.02856544,-38.60692458,-64.55535267
257.06710993,-38.68811381,-64.98173617
257.10501894,-38.76958108,-65.40889513
257.14228870,-38.85132413,-65.83674579
257.17891568,-38.93334069,-66.26519917
257.21489681,-39.01562835,-66.69416450
257.25022924,-39.09818461,-67.12355022
257.28491037,-39.18100689,-67.55326432
257.31893803,-39.26409245,-67.98321219
257.35231033,-39.34743837,-68.41329671
257.38502585,-39.43104159,-68.84341858
257.41708337,-39.51489900,-69.27347864
257.44848197,-39.59900742,-69.70338044
257.47922072,-39.68336370,-70.13302560
257.50929873,-39.76796469,-70.56231456
257.53871524,-39.85280715,-70.99114763
257.56746959,-39.93788785,-71.41942452
257.59556125,-40.02320356,-71.84704864
257.62298981,-40.10875105,-72.27392216
257.64975459,-40.19452724,-72.69994572
257.67585516,-40.28052903,-73.12501754
257.70129093,-40.36675340,-73.54903160
257.72606175,-40.45319730,-73.97188103
257.75016773,-40.53985771,-74.39345682
257.77360920,-40.62673167,-74.81364871
257.79638692,-40.71381622,-75.23234309
257.81850187,-40.80110841,-75.64942315
257.83995545,-40.88860525,-76.06477034
257.86074962,-40.97630369,-76.47826355
257.88088652,-41.06420063,-76.88978690
257.90036894,-41.15229284,-77.29923025
257.91919977,-41.24057706,-77.70648809
257.93738237,-41.32904992,-78.11146069
257.95492020,-41.41770798,-78.51405122
257.97181697,-41.50654778,-78.91416686
257.98807652,-41.59556586,-79.31171660
258.00370264,-41.68475884,-79.70661280
258.01869917,-41.77412336,-80.09877175
258.03306986,-41.86365609,-80.48811277
258.04681824,-41.95335379,-80.87455971
258.05994806,-42.04321320,-81.25803776
258.07246301,-42.13323116,-81.63847300
258.08436708,-42.22340454,-82.01579134
258.09566438,-42.31373033,-82.38991847
258.10635945,-42.40420552,-82.76078200
258.11645702,-42.49482713,-83.12831009
258.12596207,-42.58559224,-83.49243421
258.13487997,-42.67649789,-83.85308880
258.14321632,-42.76754115,-84.21021048
258.15097700,-42.85871909,-84.56374123
258.15816835,-42.95002869,-84.91362990
258.16479680,-43.04146689,-85.25983341
258.17086909,-43.13303055,-85.60231604
258.17639191,-43.22471652,-85.94105054
258.18137209,-43.31652160,-86.27601446
258.18581638,-43.40844265,-86.60718936
258.18973160,-43.50047652,-86.93456321
258.19312463,-43.59262006,-87.25812782
258.19600225,-43.68487011,-87.57787995
258.19837124,-43.77722354,-87.89382297
258.20023831,-43.86967723,-88.20596459
258.20161017,-43.96222806,-88.51431592
258.20249354,-44.05487294,-88.81889262
258.20289511,-44.14760877,-89.11971489
258.20282172,-44.24043242,-89.41680825
258.20228014,-44.33334071,-89.71020494
258.20127712,-44.42633047,-89.99994326
258.19981928,-44.51939852,-90.28606505
258.19791312,-44.61254170,-90.56861658
258.19556500,-44.70575683,-90.84764737
258.19278131,-44.79904076,-91.12320975
258.18956841,-44.89239028,-91.39535992
258.18593266,-44.98580222,-91.66415886
258.18188033,-45.07927339,-91.92967258
258.17741758,-45.17280063,-92.19197060
258.17255039,-45.26638078,-92.45112380
258.16728466,-45.36001063,-92.70720490
258.16162641,-45.45368696,-92.96029111
258.15558165,-45.54740651,-93.21046485
258.14915643,-45.64116598,-93.45781522
258.14235672,-45.73496203,-93.70243832
258.13518818,-45.82879131,-93.94443261
258.12765609,-45.92265040,-94.18389734
258.11976556,-46.01653584,-94.42093368
258.11152128,-46.11044413,-94.65564437
258.10292753,-46.20437167,-94.88813698
258.09398799,-46.29831484,-95.11852717
258.08470585,-46.39226994,-95.34693267
258.07508368,-46.48623330,-95.57346837
258.06512365,-46.58020126,-95.79824527
258.05482764,-46.67417029,-96.02136610
258.04419705,-46.76813698,-96.24292707
258.03323264,-46.86209799,-96.46302214
258.02193486,-46.95605010,-96.68173971
258.01030373,-47.04999018,-96.89916148
257.99833911,-47.14391515,-97.11536427
257.98604113,-47.23782214,-97.33041940
257.97341036,-47.33170845,-97.54439160
257.96044737,-47.42557158,-97.75734150
257.94715291,-47.51940916,-97.96932486
257.93352782,-47.61321895,-98.18038879
257.91957279,-47.70699875,-98.39057648
257.90528855,-47.80074637,-98.59993234
257.89067598,-47.89445966,-98.80850169
257.87573575,-47.98813646,-99.01633242
257.86046853,-48.08177460,-99.22347546
257.84487491,-48.17537191,-99.42997933
257.82895554,-48.26892635,-99.63588529
257.81271062,-48.36243588,-99.84122909
257.79614030,-48.45589863,-100.04604314
257.77924422,-48.54931275,-100.25035382
257.76202165,-48.64267645,-100.45418324
257.74447172,-48.73598797,-100.65755042
257.72659360,-48.82924567,-100.86046963
257.70838634,-48.92244795,-101.06295123
257.68984901,-49.01559337,-101.26500281
257.67098065,-49.10868061,-101.46662641
257.65178019,-49.20170847,-101.66781350
257.63224636,-49.29467581,-101.86854927
257.61237831,-49.38758170,-102.06881496
257.59217526,-49.48042533,-102.26858799
257.57163672,-49.57320607,-102.46784466
257.55076241,-49.66592349,-102.66655668
257.52955215,-49.75857728,-102.86468779
257.50800570,-49.85116723,-103.06219414
257.48612306,-49.94369322,-103.25902838
257.46390423,-50.03615521,-103.45514241
257.44134923,-50.12855313,-103.65049069
257.41845801,-50.22088692,-103.84503237
257.39523061,-50.31315660,-104.03872460
257.37166689,-50.40536221,-104.23151954
257.34776679,-50.49750397,-104.42336242
257.32353023,-50.58958226,-104.61418825
257.29895703,-50.68159764,-104.80392458
257.27404691,-50.77355078,-104.99249526
257.24879971,-50.86544251,-105.17982029
257.22321538,-50.95727381,-105.36581587
257.19729422,-51.04904581,-105.55039785
257.17103697,-51.14075988,-105.73347722
257.14444480,-51.23241762,-105.91495905
257.11751930,-51.32402082,-106.09474630
257.09026255,-51.41557146,-106.27274053
257.06267697,-51.50707166,-106.44884383
257.03476535,-51.59852360,-106.62296213
257.00653073,-51.68992954,-106.79500577
256.97797648,-51.78129184,-106.96488575
256.94910611,-51.87261288,-107.13251435
256.91992330,-51.96389510,-107.29780458
256.89043190,-52.05514096,-107.46066962
256.86063563,-52.14635286,-107.62102839
256.83053829,-52.23753319,-107.77880400
256.80014355,-52.32868430,-107.93392240
256.76945525,-52.41980861,-108.08631147
256.73847730,-52.51090858,-108.23589700
256.70721389,-52.60198688,-108.38260311
256.67566949,-52.69304632,-108.52635344
256.64384866,-52.78408978,-108.66707082
256.61175617,-52.87512024,-108.80467848
256.57939685,-52.96614069,-108.93910320
256.54677569,-53.05715412,-109.07027677
256.51389821,-53.14816361,-109.19813473
256.48077021,-53.23917228,-109.32261921
256.44739808,-53.33018336,-109.44367849
256.41378837,-53.42120007,-109.56126361
256.37994777,-53.51222566,-109.67533011
256.34588301,-53.60326335,-109.78583605
256.31160080,-53.69431628,-109.89274181
256.27710793,-53.78538754,-109.99601287
256.24241134,-53.87648017,-110.09562145
256.20751830,-53.96759722,-110.19154789
256.17243619,-54.05874168,-110.28377880
256.13717245,-54.14991649,-110.37230550
256.10173455,-54.24112455,-110.45712089
256.06612973,-54.33236859,-110.53821977
256.03036516,-54.42365121,-110.61560157
255.99444798,-54.51497488,-110.68927087
255.95838528,-54.60634194,-110.75924154
255.92218410,-54.69775460,-110.82553546
255.88583493,-54.78920860,-110.88817807
255.84937951,-54.88071950,-110.94719384
255.81283322,-54.97229273,-111.00260466
255.77619416,-55.06392702,-111.05443052
255.73945076,-55.15561733,-111.10269154
255.70258789,-55.24735712,-111.14741319
255.66559206,-55.33914041,-111.18862794
255.62845515,-55.43096320,-111.22637292
255.59115584,-55.52281627,-111.26068646
255.55373835,-55.61471602,-111.29160615
255.51624313,-55.70667737,-111.31916734
255.47874841,-55.79872983,-111.34340385
255.44128060,-55.89088284,-111.36435494
255.40385081,-55.98313969,-111.38206671
255.36636748,-56.07546328,-111.39659194
255.32887385,-56.16786924,-111.40798957
255.29151284,-56.26041220,-111.41632197
255.25437767,-56.35312717,-111.42165297
255.21751660,-56.44603142,-111.42404457
255.18099191,-56.53914757,-111.42355964
255.14479582,-56.63247062,-111.42026325
255.10885193,-56.72596852,-111.41422501
255.07310106,-56.81961573,-111.40552268
255.03744294,-56.91337037,-111.39424134
255.00173407,-57.00717352,-111.38047080
254.96601252,-57.10103751,-111.36430097
254.93034860,-57.19498737,-111.34581816
254.89473871,-57.28901925,-111.32510366
254.85916483,-57.38312375,-111.30223223
254.82355944,-57.47727239,-111.27727836
254.78789515,-57.57145221,-111.25032000
254.75214223,-57.66564935,-111.22143820
254.71633628,-57.75987551,-111.19071628
254.68049828,-57.85413664,-111.15823685
254.64465344,-57.94844042,-111.12407942
254.60882762,-58.04279484,-111.08831653
254.57304257,-58.13720642,-111.05101540
254.53730989,-58.23167774,-111.01223988
254.50162402,-58.32620480,-110.97205255
254.46595399,-58.42077378,-110.93051966
254.43032032,-58.51539086,-110.88770794
254.39472628,-58.61005565,-110.84368189
254.35917481,-58.70476770,-110.79849989
254.32366900,-58.79952676,-110.75221195
254.28821177,-58.89433256,-110.70486267
254.25280637,-58.98918497,-110.65649415
254.21745602,-59.08408382,-110.60715475
254.18216388,-59.17902888,-110.55689912
254.14693291,-59.27401982,-110.50578362
254.11176578,-59.36905630,-110.45386111
254.07666484,-59.46413799,-110.40117570
254.04163229,-59.55926470,-110.34776134
254.00667023,-59.65443633,-110.29364188
253.97178090,-59.74965293,-110.23883983
253.93696635,-59.84491447,-110.18337952
253.90222873,-59.94022090,-110.12729001
253.86756983,-60.03557202,-110.07060593
253.83299106,-60.13096744,-110.01336126
253.79849358,-60.22640671,-109.95558687
253.76407837,-60.32188934,-109.89730831
253.72974656,-60.41741492,-109.83854887
253.69549941,-60.51298309,-109.77933188
253.66133838,-60.60859355,-109.71968408
253.62726505,-60.70424599,-109.65963724
253.59328080,-60.79994007,-109.59922224
253.55938712,-60.89567553,-109.53846708
253.52558517,-60.99145212,-109.47739370
253.49187621,-61.08726971,-109.41601629
253.45826149,-61.18312824,-109.35434549
253.42474250,-61.27902776,-109.29239117
253.39132063,-61.37496827,-109.23016633
253.35799713,-61.47094971,-109.16768784
253.32477297,-61.56697189,-109.10497455
253.29164859,-61.66303449,-109.04204196
253.25862403,-61.75913713,-108.97889994
253.22569933,-61.85527947,-108.91555493
253.19287437,-61.95146113,-108.85201120
253.16014931,-62.04768178,-108.78827505
253.12752431,-62.14394098,-108.72435854
253.09499958,-62.24023820,-108.66028193
253.06257503,-62.33657267,-108.59607113
253.03025042,-62.43294353,-108.53175382
252.99802514,-62.52934979,-108.46735723
252.96589867,-62.62579051,-108.40290502
252.93387068,-62.72226484,-108.33841707
252.90194121,-62.81877204,-108.27391403
252.87011051,-62.91531141,-108.20941992
252.83837890,-63.01188217,-108.14496382
252.80674656,-63.10848345,-108.08057901
252.77521346,-63.20511431,-108.01630088
252.74377922,-63.30177368,-107.95216256
252.71244351,-63.39846060,-107.88819303
252.68120587,-63.49517410,-107.82441673
252.65006617,-63.59191331,-107.76085673
252.61902418,-63.68867730,-107.69753892
252.58807976,-63.78546509,-107.63449432
252.55723244,-63.88227554,-107.57176137
252.52648133,-63.97910730,-107.50938055
252.49582532,-64.07595899,-107.44739049
252.46526304,-64.17282914,-107.38582680
252.43479303,-64.26971629,-107.32472124
252.40441414,-64.36661904,-107.26410617
252.37412518,-64.46353589,-107.20401761
252.34392528,-64.56046531,-107.14450059
252.31381336,-64.65740562,-107.08560802
252.28378841,-64.75435505,-107.02739521
252.25384913,-64.85131176,-106.96991879
252.22399427,-64.94827396,-106.91322861
252.19422284,-65.04524002,-106.85736977
252.16453404,-65.14220841,-106.80238518
252.13492728,-65.23917770,-106.74831601
252.10540222,-65.33614655,-106.69520703
252.07595830,-65.43311353,-106.64310566
252.04659475,-65.53007721,-106.59205837
252.01731038,-65.62703615,-106.54210727
251.98810387,-65.72398892,-106.49328766
251.95897390,-65.82093422,-106.44562773
251.92991927,-65.91787086,-106.39915135
251.90093916,-66.01479771,-106.35388587
251.87203268,-66.11171362,-106.30986275
251.84319890,-66.20861739,-106.26711593
251.81443678,-66.30550777,-106.22568128
251.78574482,-66.40238352,-106.18559122
251.75712143,-66.49924349,-106.14686850
251.72856516,-66.59608676,-106.10952678
251.70007482,-66.69291260,-106.07357206
251.67164959,-66.78972050,-106.03900694
251.64328890,-66.88651004,-106.00583646
251.61499211,-66.98328078,-105.97406860
251.58673997,-67.08002705,-105.94371281
251.55856617,-67.17675828,-105.91477394
251.53048187,-67.27347763,-105.88725016
251.50248179,-67.37018379,-105.86112999
251.47455005,-67.46687259,-105.83639235
251.44666497,-67.56353834,-105.81301344
251.41880291,-67.66017483,-105.79097079
251.39094173,-67.75677629,-105.77024642
251.36306300,-67.85333800,-105.75082565
251.33515418,-67.94985692,-105.73269205
251.30721014,-68.04633221,-105.71582542
251.27928076,-68.14277867,-105.70019789
251.25138182,-68.23920146,-105.68577539
251.22352768,-68.33560533,-105.67252329
251.19573162,-68.43199466,-105.66041151
251.16798495,-68.52836760,-105.64941784
251.14031367,-68.62473197,-105.63952480
251.11277831,-68.72110522,-105.63071503
251.08540811,-68.81749617,-105.62296438
251.05820500,-68.91390617,-105.61623845
251.03114770,-69.01033022,-105.61049596
251.00416654,-69.10674990,-105.60569157
250.97723656,-69.20315925,-105.60178220
250.95032824,-69.29955101,-105.59873186
250.92341036,-69.39591734,-105.59651126
250.89645253,-69.49225064,-105.59509420
250.86948057,-69.58855902,-105.59445065
250.84253908,-69.68485594,-105.59454464
250.81563620,-69.78114472,-105.59533212
250.78876803,-69.87742539,-105.59676718
250.76191577,-69.97369381,-105.59880699
250.73504315,-70.06994091,-105.60141307
250.70816948,-70.16617306,-105.60455288
250.68129365,-70.26239094,-105.60819517
250.65441459,-70.35859519,-105.61230785
250.62753129,-70.45478653,-105.61685413
250.60064278,-70.55096569,-105.62179315
250.57374821,-70.64713336,-105.62708670
250.54684680,-70.74329015,-105.63270100
250.51993786,-70.83943657,-105.63861202
250.49302077,-70.93557295,-105.64480524
250.46609496,-71.03169959,-105.65126858
250.43915987,-71.12781672,-105.65799024
250.41221500,-71.22392458,-105.66495622
250.38525983,-71.32002343,-105.67214921
250.35829392,-71.41611350,-105.67955146
250.33131685,-71.51219496,-105.68714968
250.30432826,-71.60826785,-105.69493854
250.27730724,-71.70432635,-105.70291932
250.25028996,-71.80038065,-105.71109686
250.22329255,-71.89643528,-105.71947565
250.19631508,-71.99249027,-105.72805459
250.16934561,-72.08854229,-105.73682896
250.14232350,-72.18457420,-105.74579460
250.11525248,-72.28058701,-105.75495166
250.08815959,-72.37658820,-105.76430603
250.06107103,-72.47258493,-105.77386967
250.03400930,-72.56858323,-105.78365904
250.00699092,-72.66458740,-105.79369168
249.98007606,-72.76061407,-105.80398245
249.95327263,-72.85666511,-105.81454368
249.92656528,-72.95273579,-105.82538809
249.89991279,-73.04881396,-105.83653156
249.87324570,-73.14487937,-105.84799794
249.84656620,-73.24093189,-105.85981812
249.81986921,-73.33696923,-105.87202581
249.79314071,-73.43298655,-105.88465445
249.76636584,-73.52897871,-105.89773622
249.73952906,-73.62494042,-105.91130069
249.71258077,-73.72085661,-105.92537561
249.68552992,-73.81672898,-105.93998998
249.65839217,-73.91256115,-105.95517374
249.63118789,-74.00835815,-105.97095658
249.60393976,-74.10412579,-105.98736569
249.57667003,-74.19986990,-106.00442210
249.54939714,-74.29559540,-106.02213843
249.52213194,-74.39130523,-106.04051786
249.49487361,-74.48699913,-106.05955952
249.46760521,-74.58267229,-106.07925881
249.44028827,-74.67831373,-106.09961285
249.41294100,-74.77392872,-106.12062241
249.38556188,-74.86951683,-106.14228734
249.35814965,-74.96507774,-106.16460741
249.33070316,-75.06061113,-106.18758137
249.30322124,-75.15611672,-106.21120595
249.27570238,-75.25159415,-106.23547535
249.24814489,-75.34704301,-106.26038500
249.22054673,-75.44246281,-106.28593088
249.19290584,-75.53785308,-106.31210747
249.16521995,-75.63321340,-106.33890933
249.13748710,-75.72854352,-106.36632475
249.10970517,-75.82384331,-106.39433385
249.08187207,-75.91911278,-106.42291165
249.05398561,-76.01435203,-106.45202759
249.02604371,-76.10956124,-106.48164780
248.99804423,-76.20474061,-106.51173959
248.96998532,-76.29989038,-106.54227330
248.94186548,-76.39501093,-106.57321904
248.91368353,-76.49010273,-106.60454757
248.88543855,-76.58516638,-106.63622705
248.85713000,-76.68020265,-106.66822014
248.82875709,-76.77521228,-106.70048687
248.80031905,-76.87019603,-106.73298692
248.77181519,-76.96515467,-106.76568135
248.74324484,-77.06008894,-106.79853403
248.71460743,-77.15499953,-106.83151234
248.68590275,-77.24988725,-106.86458555
248.65713075,-77.34475294,-106.89772151
248.62829136,-77.43959748,-106.93088585
248.59938458,-77.53442178,-106.96404183
248.57041028,-77.62922672,-106.99715074
248.54136809,-77.72401309,-107.03017539
248.51225779,-77.81878168,-107.06308352
248.48307931,-77.91353327,-107.09584541
248.45383274,-78.00826871,-107.12843173
248.42451848,-78.10298894,-107.16081296
248.39513711,-78.19769500,-107.19295606
248.36568921,-78.29238799,-107.22482396
248.33617538,-78.38706898,-107.25637874
248.30659622,-78.48173901,-107.28758586
248.27695243,-78.57639908,-107.31841395
248.24724484,-78.67105010,-107.34883862
248.21747463,-78.76569302,-107.37884116
248.18764331,-78.86032886,-107.40840228
248.15775256,-78.95495865,-107.43750315
248.12780409,-79.04958343,-107.46612292
248.09779960,-79.14420423,-107.49423931
248.06774066,-79.23882196,-107.52183332
248.03762869,-79.33343737,-107.54889098
248.00746509,-79.42805114,-107.57540529
247.97725139,-79.52266383,-107.60137397
247.94698903,-79.61727594,-107.62679729
247.91667968,-79.71188802,-107.65167523
247.88632481,-79.80650056,-107.67600551
247.85592573,-79.90111400,-107.69978419
247.82548359,-79.99572872,-107.72300734
247.79499933,-80.09034503,-107.74567413
247.76447384,-80.18496318,-107.76778568
247.73390797,-80.27958337,-107.78934542
247.70330261,-80.37420583,-107.81035735
247.67265878,-80.46883085,-107.83082304
247.64197747,-80.56345874,-107.85074150
247.61124004,-80.65808346,-107.87010971
247.58048378,-80.75271707,-107.88892523
247.54972431,-80.84736463,-107.90718837
247.51896081,-80.94202582,-107.92490266
247.48818097,-81.03669655,-107.94207380
247.45736532,-81.13137040,-107.95870627
247.42649090,-81.22603977,-107.97480399
247.39553473,-81.32069710,-107.99036997
247.36447651,-81.41533563,-108.00540643
247.33330107,-81.50995024,-108.01991736
247.30200037,-81.60453809,-108.03390955
247.27062506,-81.69911530,-108.04739239
247.23919206,-81.79368705,-108.06037881
247.20771770,-81.88825836,-108.07288158
247.17621786,-81.98283408,-108.08491243
247.14469862,-82.07741590,-108.09648144
247.11316095,-82.17200385,-108.10759721
247.08167572,-82.26662093,-108.11826932
247.05028485,-82.36128069,-108.12850625
247.01900359,-82.45598801,-108.13831547
246.98782352,-82.55074002,-108.14770337
246.95668398,-82.64551675,-108.15667346
246.92556829,-82.74031276,-108.16522617
246.89445377,-82.83512069,-108.17335900
246.86331420,-82.92993212,-108.18106651
246.83212258,-83.02473850,-108.18833943
246.80087717,-83.11953965,-108.19516355
246.76963859,-83.21435601,-108.20152034
246.73841899,-83.30919227,-108.20738478
246.70721827,-83.40404918,-108.21272709
246.67602044,-83.49892233,-108.21751570
246.64478972,-83.59380079,-108.22171875
246.61354752,-83.68869234,-108.22530775
246.58229468,-83.78359793,-108.22826054
246.55103212,-83.87851839,-108.23055818
246.51976079,-83.97345449,-108.23218594
246.48846049,-84.06839994,-108.23313081
246.45716874,-84.16336744,-108.23338041
246.42590449,-84.25836355,-108.23292276
246.39467114,-84.35338970,-108.23174574
246.36345955,-84.44844327,-108.22983614
246.33221988,-84.54350831,-108.22717716
246.30093107,-84.63857846,-108.22375129
246.26962406,-84.73366454,-108.21953493
246.23833028,-84.82877764,-108.21449849
246.20707877,-84.92392813,-108.20861156
246.17589342,-85.01912467,-108.20184102
246.14484387,-85.11439100,-108.19415482
246.11394898,-85.20973410,-108.18552322
246.08320367,-85.30515297,-108.17591928
246.05257468,-85.40063730,-108.16531800
246.02199684,-85.49616620,-108.15369544
245.99144859,-85.59173310,-108.14103095
245.96093602,-85.68734044,-108.12730465
245.93044481,-85.78298392,-108.11249961
245.89995917,-85.87865875,-108.09660108
245.86946205,-85.97435971,-108.07959544
245.83890097,-86.07007016,-108.06146870
245.80828133,-86.16579223,-108.04220489
245.77761646,-86.26153068,-108.02178843
245.74692599,-86.35729221,-108.00020436
245.71623340,-86.45308470,-107.97744152
245.68556323,-86.54891625,-107.95349478
245.65493741,-86.64479395,-107.92836421
245.62437128,-86.74072261,-107.90205534
245.59386872,-86.83670322,-107.87457633
245.56341688,-86.93273123,-107.84593794
245.53297978,-87.02879454,-107.81615299
245.50257722,-87.12489906,-107.78523626
245.47220978,-87.22104435,-107.75320721
245.44187811,-87.31722991,-107.72009120
245.41158290,-87.41345511,-107.68591845
245.38132491,-87.50971923,-107.65072367
245.35110485,-87.60602145,-107.61454461
245.32092355,-87.70236089,-107.57742129
245.29078182,-87.79873659,-107.53939676
245.26068061,-87.89514753,-107.50051748
245.23062083,-87.99159261,-107.46083436
245.20060347,-88.08807071,-107.42040086
245.17062955,-88.18458066,-107.37927206
245.14070017,-88.28112131,-107.33750417
245.11081634,-88.37769148,-107.29515233
245.08097925,-88.47429001,-107.25227138
245.05119007,-88.57091575,-107.20891636
245.02145008,-88.66756755,-107.16514338
244.99176051,-88.76424419,-107.12101181
244.96212256,-88.86094447,-107.07658224
244.93253723,-88.95766709,-107.03191564
244.90300537,-89.05441076,-106.98707083
244.87352761,-89.15117414,-106.94210378
244.84410449,-89.24795593,-106.89706934
244.81473627,-89.34475473,-106.85202044
244.78542326,-89.44156919,-106.80701031
244.75616554,-89.53839784,-106.76209513
244.72696316,-89.63523914,-106.71733281
244.69781601,-89.73209151,-106.67278316
244.66872385,-89.82895322,-106.62850771
244.63968629,-89.92582251,-106.58456830
244.61070288,-90.02269755,-106.54102739
244.58177310,-90.11957651,-106.49794786
244.55289650,-90.21645756,-106.45539363
244.52407254,-90.31333884,-106.41342815
244.49530068,-90.41021853,-106.37211389
244.46658045,-90.50709484,-106.33151275
244.43791115,-90.60396595,-106.29168403
244.40929214,-90.70083008,-106.25268634
244.38072261,-90.79768541,-106.21457818
244.35220166,-90.89453011,-106.17741687
244.32372845,-90.99136238,-106.14126041
244.29530199,-91.08818039,-106.10616573
244.26690197,-91.18497680,-106.07218920
244.23856532,-91.28176067,-106.03938670
244.21030369,-91.37853383,-106.00780966
244.18211083,-91.47529307,-105.97750899
244.15396888,-91.57203193,-105.94853410
244.12585415,-91.66874239,-105.92093112
244.09774153,-91.76541612,-105.89474429
244.06960845,-91.86204559,-105.87001299
244.04143800,-91.95862498,-105.84677433
244.01322100,-92.05515074,-105.82506255
243.98495787,-92.15162209,-105.80490943
243.95670834,-92.24805522,-105.78634503
243.92849415,-92.34445548,-105.76939528
243.90031310,-92.44082152,-105.75408537
243.87221923,-92.53716788,-105.74043625
243.84424784,-92.63350384,-105.72846559
243.81641684,-92.72983377,-105.71819092
243.78868234,-92.82614468,-105.70962894
243.76109140,-92.92244906,-105.70280066
243.73366934,-93.01875328,-105.69773160
243.70642035,-93.11505771,-105.69444881
243.67929870,-93.21134877,-105.69297863
243.65230673,-93.30762650,-105.69334436
243.62543737,-93.40388841,-105.69556320
243.59872977,-93.50014526,-105.69964390
243.57217536,-93.59639454,-105.70558954
243.54574488,-93.69262811,-105.71339819
243.51938568,-93.78883142,-105.72306285
243.49313641,-93.88501575,-105.73457373
243.46697519,-93.98117546,-105.74791636
243.44086089,-94.07729966,-105.76306983
243.41473244,-94.17337190,-105.78000862
243.38858718,-94.26939223,-105.79870298
243.36239768,-94.36535376,-105.81912144
243.33609971,-94.46123903,-105.84123258
243.30968603,-94.55704681,-105.86500649
243.28315907,-94.65277861,-105.89041377
243.25652927,-94.74843823,-105.91742277
243.22981304,-94.84403124,-105.94599969
243.20302969,-94.93956406,-105.97610604
243.17619768,-95.03504299,-106.00770175
243.14933034,-95.13047288,-106.04074572
243.12243018,-95.22585559,-106.07519532
243.09548276,-95.32118816,-106.11100941
243.06844907,-95.41646065,-106.14814395
243.04134543,-95.51167893,-106.18655154
243.01416986,-95.60684367,-106.22618317
242.98692047,-95.70195551,-106.26699012
242.95959558,-95.79701510,-106.30892646
242.93219354,-95.89202294,-106.35195115
242.90471280,-95.98697947,-106.39603111
242.87715204,-96.08188510,-106.44113751
242.84950996,-96.17674018,-106.48724336
242.82178536,-96.27154514,-106.53431911
242.79397691,-96.36630038,-106.58233091
242.76608308,-96.46100632,-106.63124087
242.73810206,-96.55566330,-106.68100968
242.71003178,-96.65027160,-106.73160116
242.68187011,-96.74483143,-106.78297980
242.65361471,-96.83934293,-106.83511237
242.62526326,-96.93380627,-106.88796579
242.59681359,-97.02822169,-106.94150370
242.56826346,-97.12258949,-106.99568546
242.53961082,-97.21691015,-107.05046410
242.51085353,-97.31118418,-107.10578969
242.48198961,-97.40541227,-107.16160949
242.45301702,-97.49959512,-107.21786873
242.42393405,-97.59373362,-107.27451220
242.39473931,-97.68782878,-107.33148095
242.36543151,-97.78188168,-107.38871385
242.33600981,-97.87589354,-107.44614971
242.30647362,-97.96986562,-107.50372747
242.27682250,-98.06379922,-107.56138850
242.24705634,-98.15769565,-107.61907762
242.21717518,-98.25155625,-107.67674168
242.18717935,-98.34538238,-107.73432903
242.15706915,-98.43917542,-107.79178861
242.12684527,-98.53293684,-107.84906912
242.09650837,-98.62666809,-107.90611747
242.06605901,-98.72037058,-107.96288166
242.03549785,-98.81404568,-108.01931303
242.00482539,-98.90769468,-108.07536477
241.97404217,-99.00131879,-108.13099479
241.94314875,-99.09491918,-108.18616372
241.91214578,-99.18849704,-108.24083133
241.88103396,-99.28205356,-108.29495673
241.84981399,-99.37558996,-108.34849974
241.81848682,-99.46910758,-108.40141862
241.78705331,-99.56260776,-108.45366884
241.75551434,-99.65609185,-108.50520754
241.72387102,-99.74956129,-108.55599099
241.69212449,-99.84301751,-108.60597646
241.66027621,-99.93646200,-108.65512392
241.62832782,-100.02989624,-108.70339488
241.59628120,-100.12332176,-108.75075364
241.56413838,-100.21674006,-108.79716707
241.53190149,-100.31015258,-108.84260686
241.49957288,-100.40356082,-108.88704540
241.46715482,-100.49696617,-108.93045657
241.43464955,-100.59036998,-108.97281782
241.40205954,-100.68377362,-109.01410678
241.36938702,-100.77717835,-109.05430451
241.33663437,-100.87058542,-109.09339296
241.30380381,-100.96399600,-109.13135578
241.27089761,-101.05741123,-109.16817983
241.23791790,-101.15083214,-109.20385232
241.20486687,-101.24425977,-109.23836258
241.17174684,-101.33769515,-109.27170099
241.13856000,-101.43113927,-109.30385881
241.10530870,-101.52459312,-109.33482981
241.07197734,-101.61805137,-109.36460745
241.03860280,-101.71152722,-109.39318464
241.00519939,-101.80502592,-109.42055476
240.97176494,-101.89854684,-109.44671175
240.93828662,-101.99208556,-109.47165066
240.90474559,-102.08563548,-109.49536838
240.87112138,-102.17918937,-109.51786366
240.83739524,-102.27274063,-109.53913503
240.80355294,-102.36628428,-109.55917973
240.76958705,-102.45981784,-109.57799247
240.73549847,-102.55334188,-109.59556313
240.70134282,-102.64687644,-109.61187686
240.66714169,-102.74042963,-109.62691869
240.63291520,-102.83400906,-109.64067278
240.59868210,-102.92762187,-109.65312445
240.56443735,-103.02126664,-109.66426345
240.53021551,-103.11495609,-109.67408014
240.49610351,-103.20872165,-109.68256573
240.46209797,-103.30256238,-109.68971411
240.42816274,-103.39646551,-109.69551871
240.39431066,-103.49043579,-109.69997577
240.36056952,-103.58448320,-109.70308436
240.32686975,-103.67858280,-109.70484643
240.29315623,-103.77271477,-109.70526729
240.25943069,-103.86687961,-109.70435211
240.22569688,-103.96107855,-109.70210617
240.19201713,-104.05533377,-109.69853180
240.15846304,-104.14967081,-109.69362968
240.12500927,-104.24408044,-109.68740232
240.09165025,-104.33856047,-109.67985275
240.05842728,-104.43312544,-109.67098760
240.02534365,-104.52777618,-109.66081719
239.99231473,-104.62248197,-109.64935332
239.95931190,-104.71723212,-109.63661097
239.92634295,-104.81202889,-109.62260486
239.89339258,-104.90686625,-109.60735145
239.86044408,-105.00173762,-109.59087048
239.82747921,-105.09663587,-109.57318288
239.79444476,-105.19154152,-109.55431335
239.76134382,-105.28645503,-109.53428606
239.72818798,-105.38137993,-109.51312358
239.69499558,-105.47632217,-109.49084638
239.66178972,-105.57128939,-109.46747212
239.62859532,-105.66628987,-109.44301837
239.59543570,-105.76133128,-109.41750361
239.56232818,-105.85641905,-109.39095055
239.52927905,-105.95155468,-109.36338602
239.49627775,-106.04673365,-109.33483794
239.46329040,-106.14194325,-109.30533378
239.43033709,-106.23718993,-109.27489753
239.39741930,-106.33247360,-109.24354823
239.36453824,-106.42779414,-109.21130218
239.33169506,-106.52315142,-109.17817520
239.29889090,-106.61854526,-109.14418547
239.26612681,-106.71397534,-109.10935705
239.23340363,-106.80944116,-109.07371911
239.20072213,-106.90494207,-109.03730465
239.16808282,-107.00047722,-109.00015132
239.13548627,-107.09604568,-108.96229888
239.10293298,-107.19164646,-108.92378914
239.07042360,-107.28727853,-108.88466642
239.03795884,-107.38294086,-108.84497726
239.00553956,-107.47863245,-108.80476848
238.97316668,-107.57435231,-108.76408794
238.94084105,-107.67009944,-108.72298427
238.90856352,-107.76587286,-108.68150336
238.87633499,-107.86167157,-108.63969114
238.84415631,-107.95749459,-108.59759365
238.81202846,-108.05334093,-108.55525726
238.77995248,-108.14920959,-108.51273205
238.74792920,-108.24509947,-108.47006999
238.71595951,-108.34100947,-108.42732265
238.68404399,-108.43693842,-108.38454091
238.65218319,-108.53288519,-108.34177497
238.62037735,-108.62884858,-108.29907086
238.58862673,-108.72482748,-108.25647146
238.55693155,-108.82082079,-108.21401907
238.52529197,-108.91682741,-108.17175467
238.49370824,-109.01284621,-108.12972121
238.46218043,-109.10887600,-108.08796578
238.43070833,-109.20491542,-108.04653510
238.39929171,-109.30096312,-108.00547727
238.36793006,-109.39701760,-107.96484163
238.33662284,-109.49307741,-107.92467567
238.30536943,-109.58914108,-107.88502539
238.27416927,-109.68520720,-107.84593510
238.24302190,-109.78127439,-107.80744839
238.21192695,-109.87734132,-107.76960848
238.18088421,-109.97340673,-107.73245982
238.14989343,-110.06946933,-107.69604692
238.11895444,-110.16552792,-107.66041149
238.08806727,-110.26158138,-107.62559449
238.05723183,-110.35762863,-107.59163351
238.02644818,-110.45366875,-107.55856136
237.99571635,-110.54970088,-107.52640922
237.96503633,-110.64572431,-107.49520245
237.93440802,-110.74173839,-107.46496147
237.90383122,-110.83774258,-107.43570260
237.87330563,-110.93373645,-107.40743725
237.84283080,-111.02971959,-107.38017197
237.81238687,-111.12568568,-107.35391024
237.78200976,-111.22164574,-107.32865403
237.75171237,-111.31760367,-107.30440420
237.72149082,-111.41355816,-107.28116169
237.69132963,-111.50950438,-107.25892774
237.66120637,-111.60543536,-107.23770180
237.63109593,-111.70134341,-107.21748054
237.60097387,-111.79722111,-107.19825736
237.57081951,-111.89306228,-107.18002267
237.54061826,-111.98886265,-107.16276547
237.51036359,-112.08462048,-107.14647562
237.48010710,-112.18035201,-107.13114388
237.44986556,-112.27606263,-107.11676185
237.41965456,-112.37175730,-107.10332228
237.38948853,-112.46744065,-107.09081735
237.35936372,-112.56311173,-107.07923823
237.32929664,-112.65877585,-107.06857335
237.29935380,-112.75445365,-107.05880851
237.26957011,-112.85015615,-107.04992856
237.23995243,-112.94588587,-107.04191646
237.21048343,-113.04163804,-107.03475210
237.18109441,-113.13739232,-107.02840978
237.15176225,-113.23314244,-107.02285751
237.12245834,-113.32888063,-107.01805811
237.09315144,-113.42459837,-107.01396981
237.06381050,-113.52028727,-107.01055010
237.03445077,-113.61595308,-107.00775791
237.00512436,-113.71161277,-107.00555580
236.97584061,-113.80727011,-107.00391223
236.94659641,-113.90292498,-107.00279903
236.91737291,-113.99857240,-107.00218890
236.88813245,-114.09420163,-107.00205345
236.85889526,-114.18981966,-107.00236391
236.82966037,-114.28542698,-107.00309022
236.80042691,-114.38102410,-107.00420199
236.77119406,-114.47661151,-107.00567254
236.74196106,-114.57218962,-107.00747769
236.71272721,-114.66775876,-107.00959764
236.68349188,-114.76331916,-107.01201903
236.65425450,-114.85887098,-107.01473007
236.62501452,-114.95441425,-107.01772145
236.59577146,-115.04994897,-107.02098876
236.56652483,-115.14547507,-107.02452986
236.53727416,-115.24099245,-107.02834357
236.50801899,-115.33650103,-107.03242915
236.47875883,-115.43200076,-107.03678409
236.44949319,-115.52749165,-107.04140244
236.42022159,-115.62297376,-107.04627681
236.39094354,-115.71844717,-107.05139795
236.36165858,-115.81391194,-107.05675495
236.33236630,-115.90936809,-107.06234137
236.30306630,-116.00481552,-107.06815653
236.27375822,-116.10025404,-107.07420469
236.24444174,-116.19568336,-107.08049439
236.21511649,-116.29110312,-107.08703629
236.18576139,-116.38650658,-107.09383994
236.15641284,-116.48190472,-107.10091399
236.12708707,-116.57730235,-107.10826495
236.09778416,-116.67269938,-107.11589651
236.06849184,-116.76809188,-107.12381256
236.03914686,-116.86346018,-107.13201795
236.00975593,-116.95880620,-107.14051808
235.98034640,-117.05413819,-107.14932036
235.95094453,-117.14946403,-107.15843423
235.92157271,-117.24479038,-107.16786929
235.89224701,-117.34012192,-107.17763671
235.86302730,-117.43547681,-107.18774934
235.83392045,-117.53085689,-107.19821895
235.80490939,-117.62625667,-107.20905697
235.77595022,-117.72166242,-107.22027300
235.74697020,-117.81705156,-107.23187063
235.71797288,-117.91242517,-107.24384960
235.68895028,-118.00778085,-107.25620604
235.65988668,-118.10311387,-107.26893369
235.63076587,-118.19841932,-107.28202504
235.60157132,-118.29369218,-107.29547407
235.57225287,-118.38891684,-107.30927718
235.54281976,-118.48409618,-107.32343276
235.51328859,-118.57923538,-107.33794137
235.48368119,-118.67434123,-107.35280361
235.45402208,-118.76942136,-107.36801719
235.42433522,-118.86448330,-107.38357964
235.39464091,-118.95953342,-107.39948881
235.36495176,-119.05457575,-107.41574074
235.33526843,-119.14961060,-107.43233254
235.30557515,-119.24463312,-107.44926115
235.27583407,-119.33963157,-107.46652262
235.24606391,-119.43461193,-107.48411301
235.21626344,-119.52957398,-107.50202597
235.18643142,-119.62451757,-107.52025312
235.15656667,-119.71944259,-107.53878273
235.12666800,-119.81434903,-107.55760085
235.09673439,-119.90923696,-107.57669310
235.06676493,-120.00410657,-107.59604203
235.03675884,-120.09895812,-107.61562943
235.00671553,-120.19379193,-107.63543437
234.97663435,-120.28860831,-107.65543591
234.94651494,-120.38340766,-107.67561599
234.91635699,-120.47819032,-107.69595615
234.88616024,-120.57295661,-107.71644135
234.85592470,-120.66770690,-107.73705923
234.82565031,-120.76244151,-107.75779707
234.79533709,-120.85716080,-107.77864254
234.76498509,-120.95186514,-107.79958262
234.73459413,-121.04655488,-107.82060121
234.70416394,-121.14123031,-107.84168084
234.67369388,-121.23589165,-107.86280603
234.64318334,-121.33053909,-107.88396168
234.61263155,-121.42517277,-107.90513223
234.58203769,-121.51979284,-107.92630426
234.55140093,-121.61439948,-107.94746219
234.52072037,-121.70899292,-107.96858583
234.48999503,-121.80357348,-107.98965211
234.45922391,-121.89814154,-108.01063319
234.42840599,-121.99269757,-108.03149681
234.39754025,-122.08724213,-108.05220956
234.36662588,-122.18177587,-108.07273747
234.33566260,-122.27629968,-108.09304527
234.30465039,-122.37081453,-108.11309682
234.27358978,-122.46532163,-108.13285429
234.24248168,-122.55982228,-108.15227846
234.21130761,-122.65431139,-108.17133187
234.18010514,-122.74880222,-108.18997966
234.14889022,-122.84330083,-108.20819132
234.11766248,-122.93780775,-108.22594297
234.08641011,-123.03231955,-108.24321745
234.05511428,-123.12683038,-108.26000381
234.02375288,-123.22133321,-108.27629318
233.99230377,-123.31582094,-108.29207729
233.96074774,-123.41028740,-108.30734685
233.92907065,-123.50472810,-108.32209201
233.89726554,-123.59914088,-108.33630498
233.86538382,-123.69354276,-108.34998013
233.83344306,-123.78793955,-108.36311649
233.80146015,-123.88233675,-108.37571787
233.76945141,-123.97673955,-108.38779342
233.73742251,-124.07114961,-108.39935448
233.70537708,-124.16556786,-108.41041140
233.67338613,-124.26001781,-108.42097287
233.64149129,-124.35451325,-108.43104347
233.60970736,-124.44905915,-108.44062339
233.57802542,-124.54365264,-108.44971009
233.54638448,-124.63827349,-108.45829818
233.51476743,-124.73291621,-108.46638158
233.48315120,-124.82757327,-108.47395401
233.45150932,-124.92223605,-108.48100955
233.41981476,-125.01689567,-108.48754307
233.38806827,-125.11155249,-108.49354971
233.35632980,-125.20622664,-108.49902531
233.32461153,-125.30092226,-108.50396740
233.29291348,-125.39563943,-108.50837396
233.26121985,-125.49037289,-108.51224327
233.22949515,-125.58511085,-108.51557446
233.19776089,-125.67986055,-108.51836646
233.16601793,-125.77462234,-108.52061630
233.13426716,-125.86939663,-108.52231984
233.10250944,-125.96418379,-108.52347382
233.07074566,-126.05898419,-108.52407411
233.03897675,-126.15379816,-108.52411882
233.00720364,-126.24862595,-108.52360996
232.97542728,-126.34346775,-108.52255183
232.94364861,-126.43832374,-108.52095130
232.91186859,-126.53319405,-108.51881631
232.88008812,-126.62807890,-108.51615251
232.84828725,-126.72297157,-108.51296081
232.81650349,-126.81788470,-108.50923792
232.78475462,-126.91282439,-108.50497683
232.75304238,-127.00779149,-108.50016652
232.72135616,-127.10278270,-108.49479623
232.68963704,-127.19777859,-108.48885641
232.65788588,-127.29277963,-108.48233992
232.62613182,-127.38779566,-108.47524370
232.59440341,-127.48283624,-108.46756807
232.56272572,-127.57790968,-108.45931438
232.53111790,-127.67302227,-108.45048412
232.49964334,-127.76819505,-108.44108079
232.46831299,-127.86343150,-108.43110843
232.43711376,-127.95872709,-108.42057067
232.40600528,-128.05406815,-108.40947229
232.37491743,-128.14943114,-108.39781729
232.34384811,-128.24481524,-108.38560919
232.31279324,-128.34021899,-108.37285181
232.28173793,-128.43563734,-108.35954850
232.25066681,-128.53106507,-108.34570110
232.21956405,-128.62649679,-108.33131371
232.18837984,-128.72191588,-108.31639438
232.15712349,-128.81732524,-108.30095152
232.12581193,-128.91273024,-108.28499488
232.09446738,-129.00813799,-108.26853570
232.06311500,-129.10355664,-108.25158222
232.03178002,-129.19899440,-108.23413932
232.00048424,-129.29445841,-108.21620842
231.96924241,-129.38995351,-108.19778714
231.93805765,-129.48548069,-108.17887346
231.90691652,-129.58103547,-108.15946851
231.87578339,-129.67660598,-108.13957502
231.84467886,-129.77219887,-108.11919800
231.81360356,-129.86781416,-108.09834692
231.78255789,-129.96345177,-108.07702994
231.75154220,-130.05911164,-108.05525283
231.72055706,-130.15479379,-108.03302009
231.68960313,-130.25049828,-108.01033406
231.65868148,-130.34622528,-107.98719845
231.62779334,-130.44197501,-107.96362028
231.59693996,-130.53774763,-107.93960769
231.56612241,-130.63354324,-107.91516972
231.53534159,-130.72936191,-107.89031630
231.50459806,-130.82520367,-107.86505486
231.47389213,-130.92106852,-107.83938686
231.44322412,-131.01695653,-107.81331029
231.41259431,-131.11286775,-107.78682370
231.38200300,-131.20880218,-107.75992723
231.35145059,-131.30475978,-107.73262611
231.32093718,-131.40074023,-107.70493272
231.29046265,-131.49674304,-107.67686503
231.26002653,-131.59276753,-107.64844501
231.22962813,-131.68881287,-107.61969560
231.19926656,-131.78487812,-107.59063928
231.16894101,-131.88096236,-107.56129913
231.13865098,-131.97706468,-107.53170033
231.10839607,-132.07318412,-107.50187202
231.07817619,-132.16931970,-107.47184823
231.04799128,-132.26547030,-107.44166987
231.01784111,-132.36163468,-107.41138293
230.98772544,-132.45781151,-107.38103550
230.95764383,-132.55399938,-107.35067554
230.92759584,-132.65019690,-107.32034913
230.89758114,-132.74640270,-107.29010128
230.86759968,-132.84261552,-107.25997679
230.83765160,-132.93883413,-107.23002236
230.80773718,-133.03505730,-107.20028564
230.77785675,-133.13128378,-107.17081760
230.74801055,-133.22751229,-107.14167166
230.71819852,-133.32374144,-107.11289857
230.68842054,-133.41996990,-107.08454748
230.65867624,-133.51619629,-107.05666467
230.62896527,-133.61241935,-107.02929284
230.59928730,-133.70863783,-107.00247217
230.56964206,-133.80485053,-106.97624237
230.54001065,-133.90105062,-106.95064496
230.51042831,-133.99724763,-106.92572229
230.48090720,-134.09344406,-106.90151815
230.45144249,-134.18963726,-106.87807656
230.42201824,-134.28582124,-106.85543974
230.39261229,-134.38198821,-106.83364929
230.36320044,-134.47812977,-106.81274468
230.33376025,-134.57423811,-106.79276312
230.30427384,-134.67030683,-106.77374182
230.27473027,-134.76633163,-106.75571885
230.24512708,-134.86231076,-106.73873309
230.21551836,-134.95825956,-106.72282184
230.18592347,-135.05418283,-106.70802165
230.15636032,-135.15008496,-106.69436760
230.12684542,-135.24596990,-106.68189312
230.09737340,-135.34183512,-106.67063046
230.06797057,-135.43768755,-106.66060904
230.03872394,-135.53355227,-106.65185757
230.00963033,-135.62942751,-106.64440485
229.98064973,-135.72530057,-106.63827685
229.95179187,-135.82117374,-106.63349476
229.92308233,-135.91705421,-106.63007283
229.89444632,-136.01291937,-106.62801905
229.86582627,-136.10875193,-106.62733472
229.83721924,-136.20455103,-106.62801548
229.80862391,-136.30031640,-106.63005495
229.78009219,-136.39606372,-106.63344624
229.75169516,-136.49181445,-106.63818288
229.72340301,-136.58755995,-106.64425746
229.69520295,-136.68329672,-106.65166069
229.66713162,-136.77903616,-106.66037947
229.63918783,-136.87477844,-106.67039533
229.61128045,-136.97049701,-106.68168620
229.58337766,-137.06618311,-106.69422446
229.55548116,-137.16183806,-106.70797906
229.52757040,-137.25745662,-106.72291968
229.49962347,-137.35303312,-106.73901350
229.47161721,-137.44856159,-106.75622577
229.44349359,-137.54402546,-106.77451957
229.41525121,-137.63942534,-106.79385570
229.38689706,-137.73476438,-106.81419293
229.35844489,-137.83004781,-106.83548771
229.32991271,-137.92528218,-106.85769802
229.30132036,-138.02047460,-106.88078059
229.27268568,-138.11563170,-106.90469083
229.24402077,-138.21075847,-106.92938145
229.21532686,-138.30585678,-106.95479790
229.18658877,-138.40092373,-106.98087835
229.15776842,-138.49594963,-107.00755221
229.12888220,-138.59094142,-107.03474301
229.09992823,-138.68590055,-107.06237165
229.07090483,-138.78082854,-107.09035936
229.04181063,-138.87572691,-107.11863242
229.01264485,-138.97059727,-107.14712330
228.98340715,-139.06544123,-107.17576867
228.95409771,-139.16026052,-107.20450806
228.92471705,-139.25505694,-107.23328144
228.89526585,-139.34983232,-107.26202689
228.86574475,-139.44458848,-107.29068037
228.83615421,-139.53932717,-107.31918020
228.80649473,-139.63405008,-107.34746756
228.77676681,-139.72875882,-107.37548690
228.74697120,-139.82345498,-107.40318815
228.71710910,-139.91814020,-107.43052558
228.68718208,-140.01281619,-107.45745437
228.65719199,-140.10748471,-107.48393133
228.62714097,-140.20214755,-107.50991394
228.59703109,-140.29680639,-107.53536029
228.56686437,-140.39146279,-107.56023317
228.53664277,-140.48611813,-107.58450330
228.50636836,-140.58077364,-107.60814914
228.47604321,-140.67543041,-107.63115610
228.44566967,-140.77008951,-107.65351497
228.41525019,-140.86475194,-107.67521783
228.38476789,-140.95941252,-107.69625624
228.35426099,-141.05408367,-107.71662193
228.32374603,-141.14877089,-107.73630590
228.29322287,-141.24347424,-107.75530184
228.26267993,-141.33819001,-107.77360936
228.23209834,-141.43291202,-107.79123238
228.20145608,-141.52763296,-107.80818003
228.17073114,-141.62234543,-107.82446558
228.13990457,-141.71704299,-107.84010224
228.10896262,-141.81172085,-107.85510143
228.07789872,-141.90637651,-107.86947328
228.04676391,-142.00102599,-107.88322835
228.01557560,-142.09567453,-107.89637812
227.98435019,-142.19032700,-107.90893782
227.95310344,-142.28498799,-107.92092647
227.92183934,-142.37965823,-107.93236448
227.89056345,-142.47433893,-107.94327520
227.85934522,-142.56905197,-107.95368391
227.82822493,-142.66380981,-107.96361435
227.79721642,-142.75861628,-107.97309043
227.76631011,-142.85346758,-107.98213888
227.73544506,-142.94834314,-107.99078761
227.70460400,-143.04323659,-107.99906603
227.67376376,-143.13813955,-108.00700660
227.64289798,-143.23304259,-108.01464244
227.61197961,-143.32793607,-108.02200495
227.58101194,-143.42282015,-108.02912537
227.55005298,-143.51771284,-108.03603444
227.51911440,-143.61261710,-108.04276093
227.48819576,-143.70753201,-108.04933307
227.45728086,-143.80245156,-108.05577933
227.42633406,-143.89736347,-108.06212467
227.39537621,-143.99227389,-108.06839194
227.36440756,-144.08718238,-108.07460151
227.33342834,-144.18208855,-108.08076918
227.30243869,-144.27699210,-108.08690713
227.27143876,-144.37189275,-108.09302537
227.24042866,-144.46679026,-108.09913334
227.20940846,-144.56168443,-108.10524027
227.17837821,-144.65657508,-108.11135415
227.14733794,-144.75146207,-108.11748129
227.11628764,-144.84634534,-108.12362491
227.08522727,-144.94122491,-108.12978370
227.05415677,-145.03610089,-108.13595262
227.02307606,-145.13097346,-108.14212350
226.99198509,-145.22584288,-108.14828542
226.96088376,-145.32070944,-108.15442650
226.92977204,-145.41557343,-108.16053493
226.89864988,-145.51043519,-108.16659937
226.86751727,-145.60529508,-108.17260765
226.83637417,-145.70015349,-108.17854594
226.80522060,-145.79501086,-108.18439904
226.77405655,-145.88986770,-108.19014771
226.74288205,-145.98472456,-108.19577118
226.71169716,-146.07958204,-108.20124797
226.68050195,-146.17444079,-108.20655518
226.64929651,-146.26930154,-108.21166965
226.61808097,-146.36416502,-108.21656616
226.58685549,-146.45903208,-108.22121679
226.55562022,-146.55390364,-108.22559045
226.52437539,-146.64878069,-108.22965358
226.49312125,-146.74366429,-108.23336975
226.46185810,-146.83855553,-108.23670147
226.43058632,-146.93345552,-108.23961150
226.39930634,-147.02836542,-108.24206403
226.36801864,-147.12328639,-108.24402465
226.33670353,-147.21821300,-108.24545675
226.30539638,-147.31315805,-108.24632053
226.27411481,-147.40812856,-108.24657173
226.24286171,-147.50312677,-108.24616161
226.21162792,-147.59815102,-108.24503984
226.18036429,-147.69318642,-108.24315687
226.14905318,-147.78822837,-108.24046694
226.11772415,-147.88328767,-108.23693056
226.08640719,-147.97837509,-108.23251579
226.05513005,-148.07350046,-108.22719864
226.02391542,-148.16867181,-108.22095955
225.99282942,-148.26391134,-108.21378129
225.96188955,-148.35922517,-108.20564941
225.93109015,-148.45461167,-108.19655058
225.90039822,-148.55006015,-108.18647408
225.86975007,-148.64554973,-108.17541403
225.83912657,-148.74107409,-108.16336785
225.80853140,-148.83663436,-108.15033812
225.77794959,-148.93222541,-108.13633074
225.74736490,-149.02784165,-108.12135483
225.71675984,-149.12347702,-108.10542281
225.68608342,-149.21911454,-108.08854692
225.65533995,-149.31475519,-108.07074217
225.62454163,-149.41040239,-108.05202753
225.59370676,-149.50606149,-108.03242612
225.56285761,-149.60173900,-108.01196668
225.53201733,-149.69744162,-107.99068147
225.50120694,-149.79317526,-107.96860474
225.47044118,-149.88894373,-107.94577225
225.43972406,-149.98474732,-107.92222024
225.40904366,-150.08058112,-107.89798509
225.37836623,-150.17643311,-107.87310397
225.34771115,-150.27230854,-107.84761435
225.31707964,-150.36820668,-107.82155631
225.28647281,-150.46412676,-107.79497234
225.25589170,-150.56006795,-107.76790680
225.22533704,-150.65602930,-107.74040391
225.19480962,-150.75200988,-107.71250673
225.16430999,-150.84800870,-107.68425897
225.13383874,-150.94402478,-107.65570292
225.10339637,-151.04005709,-107.62688099
225.07298346,-151.13610459,-107.59783896
225.04260042,-151.23216614,-107.56862348
225.01224775,-151.32824058,-107.53928330
224.98192568,-151.42432666,-107.50987027
224.95163443,-151.52042307,-107.48043611
224.92137411,-151.61652848,-107.45103080
224.89114503,-151.71264165,-107.42170390
224.86094742,-151.80876129,-107.39250512
224.83078174,-151.90488623,-107.36348350
224.80064840,-152.00101525,-107.33468802
224.77054791,-152.09714719,-107.30616828
224.74048051,-152.19328086,-107.27797266
224.71044662,-152.28941516,-107.25014722
224.68044652,-152.38554901,-107.22273601
224.65048051,-152.48168142,-107.19577786
224.62054904,-152.57781151,-107.16930856
224.59065284,-152.67393854,-107.14336300
224.56079248,-152.77006178,-107.11797387
224.53096876,-152.86618060,-107.09317305
224.50118207,-152.96229435,-107.06899094
224.47143266,-153.05840240,-107.04545393
224.44170047,-153.15449810,-107.02258271
224.41202248,-153.25059227,-107.00039168
224.38241249,-153.34668880,-106.97889119
224.35286720,-153.44278642,-106.95808680
224.32337167,-153.53888036,-106.93798327
224.29390387,-153.63496367,-106.91858862
224.26443862,-153.73102844,-106.89991237
224.23495134,-153.82706688,-106.88196823
224.20542062,-153.92307217,-106.86477206
224.17583096,-154.01903933,-106.84833591
224.14617477,-154.11496580,-106.83266869
224.11650422,-154.21086730,-106.81777646
224.08683639,-154.30674886,-106.80366186
224.05718754,-154.40261530,-106.79032540
224.02757323,-154.49847122,-106.77776803
223.99799383,-154.59431666,-106.76599193
223.96845999,-154.69015478,-106.75499822
223.93904165,-154.78600657,-106.74478757
223.90977719,-154.88188361,-106.73535698
223.88067652,-154.97778902,-106.72669623
223.85172479,-155.07371862,-106.71879244
223.82285424,-155.16965243,-106.71162878
223.79404298,-155.26558432,-106.70518491
223.76526333,-155.36150649,-106.69944206
223.73648464,-155.45741032,-106.69438041
223.70767605,-155.55328719,-106.68997606
223.67884554,-155.64914028,-106.68620227
223.65004929,-155.74498734,-106.68302791
223.62129733,-155.84083234,-106.68041595
223.59258689,-155.93667549,-106.67832561
223.56389911,-156.03251214,-106.67671725
223.53519554,-156.12833174,-106.67555370
223.50649670,-156.22414136,-106.67480181
223.47780169,-156.31994154,-106.67443464
223.44910967,-156.41573283,-106.67442634
223.42041986,-156.51151577,-106.67474873
223.39173148,-156.60729098,-106.67537299
223.36304384,-156.70305908,-106.67626668
223.33435626,-156.79882075,-106.67739465
223.30566818,-156.89457662,-106.67872469
223.27697907,-156.99032722,-106.68023068
223.24828852,-157.08607299,-106.68189284
223.21959616,-157.18181427,-106.68369715
223.19090166,-157.27755132,-106.68563420
223.16220470,-157.37328437,-106.68769329
223.13350501,-157.46901370,-106.68986149
223.10480232,-157.56473957,-106.69212536
223.07609637,-157.66046226,-106.69446945
223.04738697,-157.75618202,-106.69687894
223.01867396,-157.85189902,-106.69934570
222.98995721,-157.94761333,-106.70186711
222.96123663,-158.04332495,-106.70444445
222.93251212,-158.13903381,-106.70708183
222.90378362,-158.23473984,-106.70978275
222.87505100,-158.33044297,-106.71254758
222.84631419,-158.42614311,-106.71537614
222.81757309,-158.52184018,-106.71827024
222.78882764,-158.61753401,-106.72123206
222.76007777,-158.71322436,-106.72426914
222.73132346,-158.80891088,-106.72739628
222.70256464,-158.90459314,-106.73063001
222.67380124,-159.00027067,-106.73398910
222.64503318,-159.09594298,-106.73749091
222.61626032,-159.19160960,-106.74115057
222.58748248,-159.28727009,-106.74498115
222.55869949,-159.38292402,-106.74899398
222.52991113,-159.47857094,-106.75320287
222.50111716,-159.57421039,-106.75762105
222.47231735,-159.66984192,-106.76226492
222.44351139,-159.76546507,-106.76715057
222.41469896,-159.86107941,-106.77228950
222.38587973,-159.95668453,-106.77769258
222.35705330,-160.05228006,-106.78336774
222.32819883,-160.14785945,-106.78932229
222.29935215,-160.24343326,-106.79556540
222.27052929,-160.33900602,-106.80210741
222.24173044,-160.43457743,-106.80896258
222.21294358,-160.53014349,-106.81614704
222.18410727,-160.62568522,-106.82367603
222.15522614,-160.72120370,-106.83156145
222.12632711,-160.81670683,-106.83981127
222.09743607,-160.91220227,-106.84843147
222.06857531,-161.00769662,-106.85742670
222.03976092,-161.10319462,-106.86680192
222.01105238,-161.19871411,-106.87656441
221.98245714,-161.29425719,-106.88672252
221.95395916,-161.38981884,-106.89728518
221.92551581,-161.48538603,-106.90826046
221.89705575,-161.58093705,-106.91965210
221.86858043,-161.67647227,-106.93146083
221.84008229,-161.77198942,-106.94368447
221.81154508,-161.86748358,-106.95631968
221.78295207,-161.96294975,-106.96936343
221.75428592,-162.05838270,-106.98281137
221.72549625,-162.15376711,-106.99665980
221.69659112,-162.24910561,-107.01090308
221.66758604,-162.34440321,-107.02553012
221.63850170,-162.43966658,-107.04052589
221.60936163,-162.53490336,-107.05587202
221.58018911,-162.63012115,-107.07154869
221.55100394,-162.72532648,-107.08753697
221.52181862,-162.82052358,-107.10382148
221.49263426,-162.91571312,-107.12039004
221.46343575,-163.01089073,-107.13723443
221.43418668,-163.10604546,-107.15434951
221.40490630,-163.20118344,-107.17172816
221.37559428,-163.29630480,-107.18935949
221.34624999,-163.39140969,-107.20723080
221.31687277,-163.48649829,-107.22532662
221.28746154,-163.58157070,-107.24362912
221.25801520,-163.67662704,-107.26212065
221.22853247,-163.77166739,-107.28078304
221.19901227,-163.86669190,-107.29959834
221.16945349,-163.96170077,-107.31854805
221.13985528,-164.05669429,-107.33761204
221.11021689,-164.15167284,-107.35676674
221.08053754,-164.24663688,-107.37598511
221.05081638,-164.34158688,-107.39523932
221.02105282,-164.43652342,-107.41449911
220.99124600,-164.53144704,-107.43373407
220.96139550,-164.62635840,-107.45291506
220.93150093,-164.72125821,-107.47201197
220.90156227,-164.81614728,-107.49099489
220.87157967,-164.91102651,-107.50983206
220.84155350,-165.00589686,-107.52849139
220.81148416,-165.10075931,-107.54694055
220.78137207,-165.19561480,-107.56514769
220.75119858,-165.29045816,-107.58308424
220.72099963,-165.38530154,-107.60072263
220.69078956,-165.48015015,-107.61803964
220.66056702,-165.57500420,-107.63501422
220.63031933,-165.66986026,-107.65162470
220.60002709,-165.76471274,-107.66784945
220.56966775,-165.85955508,-107.68366424
220.53921895,-165.95438075,-107.69904389
220.50866138,-166.04918419,-107.71396375
220.47798109,-166.14396148,-107.72840121
220.44717165,-166.23871105,-107.74233722
220.41628375,-166.33344946,-107.75575521
220.38533511,-166.42818278,-107.76864172
220.35434308,-166.52291696,-107.78098428
220.32332428,-166.61765774,-107.79276847
220.29228460,-166.71240747,-107.80397744
220.26122869,-166.80716812,-107.81459246
220.23022653,-166.90196270,-107.82459589
220.19931908,-166.99680487,-107.83397050
220.16852083,-167.09169972,-107.84270266
220.13782287,-167.18664471,-107.85078350
220.10716564,-167.28162088,-107.85820574
220.07653241,-167.37662309,-107.86496395
220.04590071,-167.47164430,-107.87105304
220.01524470,-167.56667640,-107.87646507
219.98453805,-167.66171110,-107.88119040
219.95378245,-167.75674915,-107.88522039
219.92303676,-167.85180966,-107.88854951
219.89231314,-167.94689667,-107.89117270
219.86161180,-168.04201029,-107.89308806
219.83091744,-168.13714562,-107.89429695
219.80019579,-168.23229160,-107.89480054
219.76944783,-168.32744859,-107.89459833
219.73871020,-168.42262848,-107.89368688
219.70800091,-168.51783723,-107.89206055
219.67732248,-168.61307581,-107.88971107
219.64666537,-168.70834132,-107.88663121
219.61597529,-168.80361643,-107.88281491
219.58524629,-168.89889938,-107.87825643
219.55450761,-168.99419970,-107.87295265
219.52378833,-169.08952681,-107.86690156
219.49311448,-169.18488913,-107.86010215
219.46250654,-169.28029323,-107.85255247
219.43202838,-169.37575965,-107.84425246
219.40169350,-169.47129263,-107.83520430
219.37149176,-169.56688870,-107.82541101
219.34138603,-169.66253570,-107.81487954
219.31130920,-169.75821174,-107.80361744
219.28125254,-169.85391376,-107.79163381
219.25121485,-169.94964112,-107.77893751
219.22118121,-170.04538872,-107.76553729
219.19113590,-170.14115123,-107.75144318
219.16106252,-170.23692305,-107.73666598
219.13091121,-170.33268793,-107.72122026
219.10068915,-170.42844774,-107.70512213
219.07041128,-170.52420677,-107.68839010
219.04009815,-170.61997109,-107.67104483
219.00977375,-170.71574786,-107.65310606
218.97946250,-170.81154440,-107.63459167
218.94918609,-170.90736716,-107.61551708
218.91895948,-171.00322047,-107.59589618
218.88878649,-171.09910517,-107.57574173
218.85865469,-171.19501687,-107.55506746
218.82852977,-171.29094428,-107.53388735
218.79843162,-171.38689331,-107.51221585
218.76836108,-171.48286382,-107.49006868
218.73831864,-171.57885552,-107.46746186
218.70830468,-171.67486811,-107.44441114
218.67831932,-171.77090116,-107.42093209
218.64836278,-171.86695424,-107.39704194
218.61843524,-171.96302685,-107.37275969
218.58853688,-172.05911843,-107.34810812
218.55866793,-172.15522833,-107.32311324
218.52882861,-172.25135584,-107.29780414
218.49901913,-172.34750019,-107.27221307
218.46923963,-172.44366054,-107.24637212
218.43949028,-172.53983605,-107.22031390
218.40977124,-172.63602589,-107.19407166
218.38008263,-172.73222919,-107.16767735
218.35042472,-172.82844516,-107.14116306
218.32079767,-172.92467293,-107.11456268
218.29120171,-173.02091165,-107.08791002
218.26163695,-173.11716040,-107.06123952
218.23210359,-173.21341828,-107.03458806
218.20260165,-173.30968426,-107.00799338
218.17313110,-173.40595733,-106.98149278
218.14369202,-173.50223644,-106.95512515
218.11428433,-173.59852054,-106.92893041
218.08490804,-173.69480856,-106.90294682
218.05556312,-173.79109947,-106.87721268
218.02624960,-173.88739228,-106.85176595
217.99696748,-173.98368599,-106.82664251
217.96771677,-174.07997966,-106.80187697
217.93849751,-174.17627236,-106.77750391
217.90930963,-174.27256316,-106.75355764
217.88015301,-174.36885112,-106.73007014
217.85102750,-174.46513534,-106.70707382
217.82191342,-174.56140911,-106.68460030
217.79284686,-174.65768237,-106.66267956
217.76384108,-174.75395827,-106.64134005
217.73489249,-174.85023497,-106.62060848
217.70598601,-174.94650723,-106.60051214
217.67709978,-175.04276782,-106.58107690
217.64820926,-175.13900877,-106.56232844
217.61929072,-175.23522233,-106.54429313
217.59032416,-175.33140190,-106.52699614
217.56129583,-175.42754278,-106.51046218
217.53219996,-175.52364261,-106.49471467
217.50308919,-175.61971648,-106.47977671
217.47398141,-175.71576910,-106.46566917
217.44489359,-175.81180494,-106.45241104
217.41584162,-175.90782816,-106.44002096
217.38682486,-176.00383812,-106.42851433
217.35785753,-176.09983858,-106.41790501
217.32900839,-176.19584935,-106.40820577
217.30031463,-176.29188096,-106.39942727
217.27178499,-176.38793559,-106.39158052
217.24340361,-176.48400817,-106.38467789
217.21510293,-176.58007848,-106.37873201
217.18686044,-176.67613954,-106.37375509
217.15864800,-176.77218274,-106.36975888
217.13041281,-176.86819229,-106.36675326
217.10216120,-176.96416986,-106.36474530
217.07392225,-177.06012388,-106.36373892
217.04575162,-177.15607062,-106.36373501
217.01764752,-177.25200955,-106.36473352
216.98955087,-177.34792327,-106.36673415
216.96142719,-177.44380166,-106.36973701
216.93326844,-177.53964241,-106.37374126
216.90512443,-177.63546022,-106.37874481
216.87702095,-177.73126282,-106.38474427
216.84897816,-177.82705634,-106.39173333
216.82106247,-177.92286055,-106.39970297
216.79328760,-178.01867983,-106.40864164
216.76564230,-178.11451118,-106.41853848
216.73808636,-178.21034314,-106.42938329
216.71054723,-178.30615466,-106.44116613
216.68300568,-178.40194033,-106.45388063
216.65546076,-178.49770009,-106.46752035
216.62789371,-178.59342865,-106.48207735
216.60028477,-178.68912040,-106.49754416
216.57261316,-178.78476944,-106.51391100
216.54482241,-178.88035922,-106.53116603
216.51691574,-178.97589098,-106.54929672
216.48890445,-179.07136833,-106.56829090
216.46080628,-179.16679685,-106.58813634
216.43264274,-179.26218323,-106.60882053
216.40443629,-179.35753449,-106.63033184
216.37620670,-179.45285688,-106.65265553
216.34796675,-179.54815465,-106.67577479
216.31971747,-179.64342863,-106.69967157
216.29144272,-179.73867456,-106.72432367
216.26310295,-179.83388127,-106.74970765
216.23471581,-179.92905467,-106.77579792
216.20627917,-180.02419484,-106.80256680
216.17779110,-180.11930197,-106.82998571
216.14924975,-180.21437632,-106.85802383
216.12065356,-180.30941830,-106.88664805
216.09200101,-180.40442835,-106.91582225
216.06329064,-180.49940697,-106.94550969
216.03452102,-180.59435466,-106.97567379
216.00569096,-180.68927198,-107.00627836
215.97679922,-180.78415946,-107.03728945
215.94784502,-180.87901775,-107.06867308
215.91882757,-180.97384752,-107.10039458
215.88974643,-181.06864953,-107.13241961
215.86060132,-181.16342464,-107.16471255
215.83139201,-181.25817374,-107.19723559
215.80211829,-181.35289769,-107.22995056
215.77277987,-181.44759732,-107.26282054
215.74337644,-181.54227334,-107.29581313
215.71390781,-181.63692648,-107.32889941
215.68437376,-181.73155734,-107.36205325
215.65477429,-181.82616659,-107.39525001
215.62510937,-181.92075487,-107.42846415
215.59537912,-182.01532294,-107.46166943
215.56558366,-182.10987155,-107.49483631
215.53572290,-182.20440148,-107.52793298
215.50579666,-182.29891346,-107.56092680
215.47580456,-182.39340817,-107.59378525
215.44574608,-182.48788624,-107.62647916
215.41562084,-182.58234829,-107.65897927
215.38542827,-182.67679489,-107.69125675
215.35516803,-182.77122668,-107.72328357
215.32483976,-182.86564438,-107.75502941
215.29444315,-182.96004877,-107.78646056
215.26397797,-183.05444077,-107.81753742
215.23344393,-183.14882136,-107.84821869
215.20284077,-183.24319162,-107.87845995
215.17216825,-183.33755268,-107.90821454
215.14142646,-183.43190578,-107.93743662
215.11061572,-183.52625223,-107.96607934
215.07973657,-183.62059342,-107.99409766
215.04879009,-183.71493086,-108.02144863
215.01775770,-183.80925960,-108.04808927
214.98667858,-183.90359360,-108.07397772
214.95556808,-183.99793900,-108.09907305
214.92442418,-184.09229618,-108.12333559
214.89323330,-184.18666169,-108.14672765
214.86197518,-184.28102977,-108.16921571
214.83062746,-184.37539391,-108.19076810
214.79916912,-184.46974796,-108.21135528
214.76758361,-184.56408720,-108.23095099
214.73586134,-184.65840914,-108.24952808
214.70400133,-184.75271410,-108.26706065
214.67206254,-184.84702206,-108.28352540
214.64006758,-184.94134107,-108.29890010
214.60803774,-185.03567873,-108.31316460
214.57599300,-185.13004215,-108.32630304
214.54393237,-185.22443139,-108.33830214
214.51188242,-185.31885564,-108.34915026
214.47991619,-185.41333943,-108.35884021
214.44807283,-185.50789597,-108.36736772
214.41636171,-185.60252846,-108.37472926
214.38476682,-185.69723156,-108.38092661
214.35319911,-185.79197557,-108.38596640
214.32167183,-185.88676472,-108.38985664
214.29017467,-185.98159536,-108.39260738
214.25867980,-186.07645801,-108.39422766
214.22714792,-186.17133937,-108.39472398
214.19555076,-186.26622982,-108.39410356
214.16393003,-186.36114301,-108.39237382
214.13232663,-186.45609229,-108.38954200
214.10076865,-186.55108667,-108.38561730
214.06926532,-186.64612885,-108.38061367
214.03780142,-186.74121326,-108.37454863
214.00646433,-186.83636844,-108.36743967
213.97527010,-186.93159910,-108.35930692
213.94421125,-187.02690210,-108.35017194
213.91325262,-187.12226507,-108.34005653
213.88232833,-187.21766537,-108.32898486
213.85142297,-187.31309707,-108.31698373
213.82053753,-187.40855963,-108.30408322
213.78965647,-187.50404691,-108.29031794
213.75876313,-187.59955236,-108.27572638
213.72783981,-187.69506902,-108.26034963
213.69683545,-187.79057895,-108.24423066
213.66575464,-187.88608251,-108.22741318
213.63460991,-187.98158265,-108.20994211
213.60341996,-188.07708434,-108.19186192
213.57220742,-188.17259380,-108.17321700
213.54099602,-188.26811757,-108.15405397
213.50980714,-188.36366138,-108.13442136
213.47865574,-188.45922878,-108.11436951
213.44754584,-188.55481968,-108.09395054
213.41646521,-188.65042863,-108.07321756
213.38537959,-188.74604294,-108.05222396
213.35430778,-188.84166739,-108.03102171
213.32325015,-188.93730064,-108.00966360
213.29220701,-189.03294136,-107.98820342
213.26117860,-189.12858816,-107.96669522
213.23016505,-189.22423958,-107.94519420
213.19916651,-189.31989414,-107.92375783
213.16818292,-189.41555025,-107.90244475
213.13719594,-189.51120043,-107.88131484
213.10624062,-189.60685431,-107.86042854
213.07532950,-189.70251423,-107.83984675
213.04445866,-189.79817728,-107.81963134
213.01361322,-189.89383701,-107.79984299
212.98277201,-189.98948499,-107.78054397
212.95191171,-190.08511213,-107.76179635
212.92101035,-190.18070980,-107.74365945
212.89005033,-190.27627082,-107.72619280
212.85902058,-190.37179008,-107.70945429
212.82791860,-190.46726524,-107.69350133
212.79679783,-190.56271185,-107.67839305
212.76567799,-190.65813454,-107.66418908
212.73457756,-190.75353752,-107.65095064
212.70351387,-190.84892454,-107.63873960
212.67248212,-190.94429230,-107.62762040
212.64153151,-191.03965466,-107.61765715
212.61069375,-191.13501994,-107.60890998
212.57998238,-191.23039083,-107.60143652
212.54939535,-191.32576518,-107.59528833
212.51893338,-191.42114182,-107.59051188
212.48855514,-191.51650638,-107.58715069
212.45826783,-191.61185992,-107.58524556
212.42807506,-191.70720243,-107.58483687
212.39797691,-191.80253282,-107.58596511
212.36796974,-191.89784892,-107.58866962
212.33809882,-191.99316414,-107.59298624
212.30836910,-192.08847925,-107.59894658
212.27877133,-192.18379068,-107.60657663
212.24928500,-192.27909145,-107.61589426
212.21988532,-192.37437337,-107.62691338
212.19052102,-192.46961993,-107.63964492
212.16119421,-192.56483163,-107.65409702
212.13188436,-192.66000183,-107.67027807
212.10256882,-192.75512319,-107.68819446
212.07322272,-192.85018769,-107.70785111
212.04378605,-192.94517599,-107.72925239
212.01425265,-193.04008603,-107.75240197
211.98462509,-193.13491864,-107.77729964
211.95491310,-193.22967701,-107.80394080
211.92513156,-193.32436605,-107.83231908
211.89529805,-193.41899166,-107.86242293
211.86542904,-193.51355949,-107.89423714
211.83553596,-193.60807365,-107.92774549
211.80561997,-193.70253503,-107.96292798
211.77566577,-193.79693928,-107.99976331
211.74563483,-193.89127466,-108.03822855
211.71554080,-193.98554626,-108.07829678
211.68537973,-194.07975362,-108.11993561
211.65514763,-194.17389632,-108.16310789
211.62484053,-194.26797404,-108.20777514
211.59445461,-194.36198658,-108.25389609
211.56398587,-194.45593377,-108.30142754
211.53343034,-194.54981553,-108.35032290
211.50278393,-194.64363185,-108.40052902
211.47204231,-194.73738277,-108.45198814
211.44120124,-194.83106845,-108.50463646
211.41025635,-194.92468915,-108.55840472
211.37920340,-195.01824526,-108.61322156
211.34803828,-195.11173734,-108.66901191
211.31675705,-195.20516617,-108.72569557
211.28535608,-195.29853279,-108.78318495
211.25383198,-195.39183846,-108.84138385
211.22218180,-195.48508476,-108.90018939
211.19040298,-195.57827350,-108.95949405
211.15849331,-195.67140665,-109.01918959
211.12645113,-195.76448636,-109.07916841
211.09427503,-195.85751483,-109.13932561
211.06196408,-195.95049437,-109.19956055
211.02951795,-196.04342746,-109.25977213
210.99693660,-196.13631665,-109.31985868
210.96422053,-196.22916460,-109.37972037
210.93137040,-196.32197403,-109.43925950
210.89838701,-196.41474764,-109.49838186
210.86527127,-196.50748811,-109.55699558
210.83202415,-196.60019808,-109.61501108
210.79864687,-196.69288019,-109.67234082
210.76514077,-196.78553706,-109.72890075
210.73150757,-196.87817137,-109.78461159
210.69774947,-196.97078587,-109.83939611
210.66386871,-197.06338328,-109.89318126
210.62986796,-197.15596636,-109.94589763
210.59574999,-197.24853786,-109.99747777
210.56151791,-197.34110051,-110.04785883
210.52717510,-197.43365704,-110.09698321
210.49272520,-197.52621009,-110.14479934
210.45817215,-197.61876226,-110.19126271
210.42352003,-197.71131600,-110.23633734
210.38877317,-197.80387366,-110.27999576
210.35393622,-197.89643758,-110.32221538
210.31901378,-197.98900987,-110.36298021
210.28401086,-198.08159263,-110.40228051
210.24893244,-198.17418777,-110.44011246
210.21378358,-198.26679707,-110.47648098
210.17856933,-198.35942210,-110.51139870
210.14329481,-198.45206426,-110.54488540
210.10796505,-198.54472472,-110.57696746
210.07258515,-198.63740447,-110.60767894
210.03716027,-198.73010432,-110.63706317
210.00169579,-198.82282496,-110.66516975
209.96619697,-198.91556684,-110.69205653
209.93066926,-199.00833029,-110.71778934
209.89511801,-199.10111543,-110.74243912
209.85954866,-199.19392221,-110.76608427
209.82396662,-199.28675037,-110.78881077
209.78837725,-199.37959938,-110.81071198
209.75278578,-199.47246846,-110.83189039
209.71719729,-199.56535648,-110.85245961
209.68161666,-199.65826197,-110.87254374
209.64604869,-199.75118323,-110.89227493
209.61049773,-199.84411811,-110.91179270
209.57496787,-199.93706422,-110.93124463
209.53946278,-200.03001882,-110.95078393
209.50398581,-200.12297891,-110.97056868
209.46853988,-200.21594119,-110.99076176
209.43312761,-200.30890215,-111.01153047
209.39775115,-200.40185796,-111.03304672
209.36241213,-200.49480453,-111.05548675
209.32711176,-200.58773747,-111.07903083
209.29185077,-200.68065213,-111.10386171
209.25662942,-200.77354354,-111.13016499
209.22144746,-200.86640645,-111.15813275
209.18630433,-200.95923542,-111.18796143
209.15119893,-201.05202478,-111.21984872
209.11612963,-201.14476864,-111.25399369
209.08109427,-201.23746093,-111.29059298
209.04609014,-201.33009546,-111.32983834
209.01111400,-201.42266587,-111.37192031
208.97616208,-201.51516564,-111.41702884
208.94123013,-201.60758814,-111.46535313
208.90631332,-201.69992651,-111.51708179
208.87140619,-201.79217371,-111.57240313
208.83650303,-201.88432269,-111.63150209
208.80159769,-201.97636629,-111.69455788
208.76668359,-202.06829732,-111.76174625
208.73175389,-202.16010865,-111.83323786
208.69680127,-202.25179306,-111.90919767
208.66181775,-202.34334326,-111.98978451
208.62679482,-202.43475190,-112.07515085
208.59172350,-202.52601160,-112.16544140
208.55659435,-202.61711495,-112.26079241
208.52139757,-202.70805453,-112.36133482
208.48612317,-202.79882303,-112.46719355
208.45076076,-202.88941315,-112.57848461
208.41529939,-202.97981757,-112.69531539
208.37972778,-203.07002907,-112.81778155
208.34403424,-203.16004054,-112.94596324
208.30820678,-203.24984496,-113.07992721
208.27223338,-203.33943555,-113.21973035
208.23610201,-203.42880576,-113.36541834
208.19980057,-203.51794928,-113.51702575
208.16331684,-203.60685992,-113.67457552
208.12663863,-203.69553175,-113.83807603
208.08975374,-203.78395907,-114.00751938
208.05265012,-203.87213641,-114.18288656
208.01531624,-203.96005865,-114.36415093
207.97774093,-204.04772096,-114.55127738
207.93991325,-204.13511870,-114.74422572
207.90182261,-204.22224753,-114.94294714
207.86345866,-204.30910333,-115.14737973
207.82481131,-204.39568223,-115.35744870
207.78587085,-204.48198057,-115.57307003
207.74662796,-204.56799491,-115.79415546
207.70707363,-204.65372192,-116.02061612
207.66719897,-204.73915824,-116.25236446
207.62699531,-204.82430060,-116.48930992
207.58645416,-204.90914580,-116.73135302
207.54556722,-204.99369074,-116.97838621
207.50432666,-205.07793259,-117.23029506
207.46272498,-205.16186867,-117.48696042
207.42075484,-205.24549639,-117.74826095
207.37840901,-205.32881318,-118.01407364
207.33568035,-205.41181649,-118.28427122
207.29256203,-205.49450390,-118.55871888
207.24904752,-205.57687312,-118.83727610
207.20513096,-205.65892213,-119.11980088
207.16080704,-205.74064914,-119.40615129
207.11607086,-205.82205247,-119.69618797
207.07091794,-205.90313054,-119.98977386
207.02534399,-205.98388181,-120.28676846
206.97934505,-206.06430482,-120.58702889
206.93291751,-206.14439820,-120.89041125
206.88605825,-206.22416073,-121.19677396
206.83876457,-206.30359122,-121.50597986
206.79103397,-206.38268843,-121.81789941
206.74286429,-206.46145112,-122.13240984
206.69425353,-206.53987804,-122.44938858
206.64519994,-206.61796792,-122.76871231
206.59570211,-206.69571960,-123.09025720
206.54575897,-206.77313201,-123.41390231
206.49536974,-206.85020407,-123.73953309
206.44453384,-206.92693463,-124.06704260
206.39325096,-207.00332256,-124.39632981
206.34152098,-207.07936664,-124.72729647
206.28934403,-207.15506570,-125.05984802
206.23672080,-207.23041875,-125.39389247
206.18365229,-207.30542483,-125.72934320
206.13013987,-207.38008303,-126.06612325
206.07618525,-207.45439242,-126.40416488
206.02179027,-207.52835200,-126.74340905
205.96695700,-207.60196068,-127.08380213
205.91168773,-207.67521732,-127.42529720
205.85598499,-207.74812076,-127.76785373
205.79985137,-207.82066956,-128.11144003
205.74328963,-207.89286220,-128.45603651
205.68630261,-207.96469692,-128.80163293
205.62889312,-208.03617172,-129.14822857
205.57106410,-208.10728450,-129.49582992
205.51281848,-208.17803301,-129.84444626
205.45415922,-208.24841486,-130.19409033
205.39508922,-208.31842747,-130.54477991
205.33561134,-208.38806805,-130.89653844
205.27572848,-208.45733364,-131.24939429
205.21544340,-208.52622102,-131.60338412
205.15475910,-208.59472693,-131.95855198
205.09367840,-208.66284784,-132.31494620
205.03220414,-208.73058003,-132.67261930
204.97033909,-208.79791956,-133.03162561
204.90808592,-208.86486229,-133.39202195
204.84544722,-208.93140387,-133.75386861
204.78242557,-208.99753982,-134.11723096
204.71902341,-209.06326545,-134.48217779
204.65524314,-209.12857593,-134.84877840
204.59108694,-209.19346615,-135.21710297
204.52655708,-209.25793102,-135.58721738
204.46165562,-209.32196519,-135.95918602
204.39638465,-209.38556326,-136.33307573
204.33074617,-209.44871966,-136.70895593
204.26474213,-209.51142863,-137.08690069
204.19837441,-209.57368422,-137.46698474
204.13164490,-209.63548038,-137.84927999
204.06455542,-209.69681099,-138.23385521
203.99710762,-209.75766976,-138.62077631
203.92930303,-209.81805024,-139.01010751
203.86114304,-209.87794580,-139.40191026
203.79262871,-209.93734933,-139.79624434
203.72376106,-209.99625364,-140.19316822
203.65454089,-210.05465125,-140.59273540
203.58496903,-210.11253475,-140.99499471
203.51504623,-210.16989670,-141.39998976
203.44477325,-210.22672974,-141.80775557
203.37415068,-210.28302639,-142.21831922
203.30317911,-210.33877914,-142.63170184
203.23185907,-210.39398049,-143.04791754
203.16019117,-210.44862309,-143.46697433
203.08817614,-210.50269977,-143.88887629
203.01581502,-210.55620373,-144.31362371
202.94310902,-210.60912835,-144.74121347
202.87005959,-210.66146732,-145.17163847
202.79666819,-210.71321427,-145.60488791
202.72293640,-210.76436293,-146.04094650
202.64886580,-210.81490699,-146.47979534
202.57445815,-210.86484023,-146.92141728
202.49971540,-210.91415656,-147.36579638
202.42463964,-210.96284987,-147.81291826
202.34923299,-211.01091404,-148.26276736
202.27349753,-211.05834280,-148.71532180
202.19743516,-211.10512969,-149.17055271
202.12104782,-211.15126832,-149.62842206
202.04433746,-211.19675224,-150.08888724
201.96730619,-211.24157518,-150.55190692
201.88995618,-211.28573085,-151.01743923
201.81228960,-211.32921292,-151.48544045
201.73430864,-211.37201508,-151.95585907
201.65601547,-211.41413108,-152.42863313
201.57741244,-211.45555503,-152.90369135
201.49850206,-211.49628128,-153.38095792
201.41928704,-211.53630450,-153.86035967
201.33977029,-211.57561953,-154.34182510
201.25995469,-211.61422119,-154.82528068
201.17984320,-211.65210436,-155.31064682
201.09943888,-211.68926416,-155.79783394
201.01874495,-211.72569602,-156.28674662
200.93776488,-211.76139582,-156.77729036
200.85650233,-211.79635970,-157.26937477
200.77496108,-211.83058385,-157.76291234
200.69314488,-211.86406437,-158.25781475
200.61105749,-211.89679729,-158.75398847
200.52870273,-211.92877884,-159.25133176
200.44608450,-211.96000540,-159.74973758
200.36320689,-211.99047367,-160.24910038
200.28007408,-212.02018055,-160.74931942
200.19669030,-212.04912286,-161.25029674
200.11305979,-212.07729756,-161.75193219
200.02918671,-212.10470152,-162.25411614
199.94507527,-212.13133193,-162.75672909
199.86072973,-212.15718628,-163.25964589
199.77615448,-212.18226251,-163.76274288
199.69135407,-212.20655892,-164.26590107
199.60633314,-212.23007402,-164.76900564
199.52109638,-212.25280654,-165.27194270
199.43564851,-212.27475547,-165.77459286
199.34999427,-212.29592011,-166.27683081
199.26413853,-212.31630029,-166.77852732
199.17808624,-212.33589613,-167.27955777
199.09184249,-212.35470812,-167.77980764
199.00541244,-212.37273680,-168.27916937
198.91880126,-212.38998287,-168.77753979
198.83201412,-212.40644708,-169.27481348
198.74505613,-212.42213033,-169.77088049
198.65793241,-212.43703360,-170.26562807
198.57064804,-212.45115794,-170.75894572
198.48320812,-212.46450439,-171.25073106
198.39561775,-212.47707406,-171.74088735
198.30788200,-212.48886802,-172.22932151
198.22000584,-212.49988767,-172.71593663
198.13199415,-212.51013452,-173.20062794
198.04385165,-212.51961026,-173.68328424
197.95558302,-212.52831675,-174.16379224
197.86719285,-212.53625592,-174.64204042
197.77868572,-212.54342988,-175.11792146
197.69006621,-212.54984097,-175.59133554
197.60133882,-212.55549190,-176.06218570
197.51250801,-212.56038574,-176.53037263
197.42357810,-212.56452568,-176.99579297
197.33455335,-212.56791531,-177.45833853
197.24543787,-212.57055814,-177.91790079
197.15623571,-212.57245792,-178.37437626
197.06695087,-212.57361864,-178.82766773
196.97758728,-212.57404454,-179.27768377
196.88814878,-212.57374003,-179.72433537
196.79863909,-212.57270977,179.83246927
196.70906181,-212.57095868,179.39282731
196.61942039,-212.56849179,178.95683806
196.52971820,-212.56531423,178.52459644
196.43995852,-212.56143128,178.09618950
196.35014461,-212.55684815,177.67169685
196.26027966,-212.55157026,177.25119189
196.17036675,-212.54560315,176.83474999
196.08040879,-212.53895247,176.42245064
195.99040851,-212.53162395,176.01437672
195.90036846,-212.52362337,175.61061202
195.81029111,-212.51495644,175.21123740
195.72017881,-212.50562891,174.81632892
195.63003384,-212.49564666,174.42595845
195.53985830,-212.48501591,174.04019770
195.44965408,-212.47374317,173.65911959
195.35942285,-212.46183536,173.28279928
195.26916611,-212.44929967,172.91131512
195.17888521,-212.43614337,172.54474469
195.08858145,-212.42237389,172.18315999
194.99825604,-212.40799886,171.82662487
194.90791008,-212.39302620,171.47519562
194.81754457,-212.37746419,171.12892307
194.72716036,-212.36132132,170.78785597
194.63675816,-212.34460631,170.45204299
194.54633860,-212.32732777,170.12153147
194.45590223,-212.30949413,169.79636676
194.36544959,-212.29111356,169.47658870
194.27498118,-212.27219395,169.16223092
194.18449745,-212.25274307,168.85332072
194.09399877,-212.23276874,168.54988273
194.00348535,-212.21227868,168.25194267
193.91295725,-212.19128060,167.95953064
193.82241428,-212.16978211,167.67268118
193.73185609,-212.14779072,167.39143278
193.64128208,-212.12531406,167.11582656
193.55069150,-212.10235996,166.84590183
193.46008341,-212.07893650,166.58169453
193.36945671,-212.05505208,166.32323757
193.27881011,-212.03071529,166.07056355
193.18814218,-212.00593492,165.82370677
193.09745140,-211.98071987,165.58270069
193.00673606,-211.95507942,165.34757539
192.91599444,-211.92902299,165.11835471
192.82522470,-211.90256021,164.89505318
192.73442497,-211.87570074,164.67768029
192.64359331,-211.84845402,164.46624547
192.55272772,-211.82082940,164.26076062
192.46182607,-211.79283621,164.06124059
192.37088617,-211.76448374,163.86770095
192.27990580,-211.73578129,163.68015138
192.18888276,-211.70673798,163.49859240
192.09781484,-211.67736275,163.32302045
192.00669988,-211.64766418,163.15343297
191.91553560,-211.61765082,162.98983026
191.82431957,-211.58733138,162.83221905
191.73304914,-211.55671479,162.68060779
191.64172146,-211.52581035,162.53500144
191.55033356,-211.49462752,162.39540240
191.45888235,-211.46317579,162.26181086
191.36736470,-211.43146455,162.13422843
191.27577738,-211.39950346,162.01265957
191.18411704,-211.36730257,161.89710905
191.09238022,-211.33487249,161.78757492
191.00056342,-211.30222444,161.68404355
190.90866307,-211.26937007,161.58648991
190.81667994,-211.23630877,161.49487929
190.72460034,-211.20308246,161.40917499
190.63241982,-211.16970601,161.32934223
190.54013952,-211.13617838,161.25534485
190.44776316,-211.10249151,161.18713946
190.35530369,-211.06861148,161.12466935
190.26274966,-211.03457555,161.06786329
190.17009131,-211.00041657,161.01663952
190.07732042,-210.96616311,160.97091345
189.98443029,-210.93183949,160.93060314
189.89141568,-210.89746606,160.89562924
189.79826200,-210.86309077,160.86591235
189.70499486,-210.82864570,160.84136503
189.61166376,-210.79399483,160.82188621
189.51816559,-210.75944051,160.80736502
189.42442727,-210.72519935,160.79768845
189.33038066,-210.69147454,160.79274913
189.23599568,-210.65836011,160.79244861
189.14126952,-210.62587229,160.79669305
189.04622626,-210.59395095,160.80538366
188.95091654,-210.56246071,160.81840830
188.85542402,-210.53117223,160.83563955
188.75984077,-210.49983333,160.85693714
188.66422756,-210.46828198,160.88215288
188.56850948,-210.43674564,160.91114055
188.47268958,-210.40522791,160.94375869
188.37679068,-210.37367466,160.97986660
188.28081928,-210.34207949,161.01931815
188.18478160,-210.31043737,161.06195559
188.08868356,-210.27874454,161.10760654
187.99253079,-210.24699843,161.15608936
187.89632844,-210.21519810,161.20722143
187.80006355,-210.18339503,161.26082303
187.70373137,-210.15161703,161.31671803
187.60733106,-210.11988075,161.37473189
187.51086891,-210.08818209,161.43468572
187.41436235,-210.05648465,161.49639001
187.31780860,-210.02481136,161.55964670
187.22121133,-209.99316651,161.62425339
187.12457435,-209.96155381,161.69000869
187.02790156,-209.92997650,161.75672096
186.93119680,-209.89843766,161.82420531
186.83446393,-209.86694009,161.89227942
186.73770674,-209.83548659,161.96076117
186.64092911,-209.80407973,162.02946381
186.54413502,-209.77272200,162.09819904
186.44732850,-209.74141553,162.16677721
186.35051379,-209.71016182,162.23501249
186.25369509,-209.67896218,162.30272410
186.15687671,-209.64781743,162.36973612
186.06006290,-209.61672835,162.43587842
185.96325782,-209.58569586,162.50097943
185.86646563,-209.55472068,162.56486771
185.76969045,-209.52380352,162.62737406
185.67293638,-209.49294479,162.68833431
185.57620741,-209.46214482,162.74759329
185.47950742,-209.43140367,162.80500387
185.38284014,-209.40072136,162.86042898
185.28621423,-209.37008112,162.91373824
185.18962222,-209.33951881,162.96480671
185.09306465,-209.30904349,163.01351560
184.99654730,-209.27864632,163.05975156
184.90007884,-209.24830817,163.10341069
184.80366879,-209.21800613,163.14440057
184.70732602,-209.18771853,163.18264211
184.61105740,-209.15742931,163.21806625
184.51487447,-209.12710594,163.25061433
184.41876623,-209.09679055,163.28023653
184.32272322,-209.06651961,163.30688874
184.22672460,-209.03636673,163.33053270
184.13076596,-209.00635080,163.35113501
184.03484788,-208.97647360,163.36866823
183.93900491,-208.94662224,163.38311176
183.84322699,-208.91683285,163.39445415
183.74747089,-208.88725210,163.40269387
183.65170833,-208.85797523,163.40783755
183.55592491,-208.82904987,163.40990226
183.46010007,-208.80054273,163.40891620
183.36423657,-208.77244142,163.40491819
183.26835911,-208.74465884,163.39795666
183.17248817,-208.71712074,163.38808976
183.07665818,-208.68970499,163.37538474
182.98091845,-208.66223859,163.35991694
182.88525872,-208.63474783,163.34177156
182.78965798,-208.60729425,163.32104125
182.69411860,-208.57986038,163.29782712
182.59864732,-208.55241360,163.27223798
182.50326752,-208.52486608,163.24438923
182.40798778,-208.49717852,163.21440019
182.31281684,-208.46931084,163.18239164
182.21774271,-208.44129198,163.14848854
182.12275750,-208.41313705,163.11281811
182.02785168,-208.38486661,163.07550822
181.93301546,-208.35650212,163.03668643
181.83824052,-208.32806053,162.99647553
181.74352194,-208.29954765,162.95499284
181.64886072,-208.27094999,162.91235059
181.55426659,-208.24222548,162.86866074
181.45973106,-208.21339190,162.82403883
181.36525155,-208.18444747,162.77860562
181.27082551,-208.15539021,162.73248625
181.17645040,-208.12621822,162.68580501
181.08212368,-208.09692979,162.63868164
180.98784285,-208.06752337,162.59122867
180.89360537,-208.03799785,162.54355227
180.79940854,-208.00835252,162.49575885
180.70524962,-207.97858669,162.44795980
180.61112576,-207.94869997,162.40027273
180.51703405,-207.91869188,162.35282011
180.42297156,-207.88856219,162.30572303
180.32893536,-207.85831096,162.25909405
180.23492240,-207.82793886,162.21303785
180.14092951,-207.79744719,162.16765573
180.04695337,-207.76683781,162.12304633
179.95299053,-207.73611317,162.07931085
179.85903740,-207.70527608,162.03655611
179.76509055,-207.67432942,161.99488512
179.67114667,-207.64327627,161.95439006
179.57720268,-207.61211991,161.91514918
179.48325565,-207.58086401,161.87722338
179.38930274,-207.54951272,161.84066190
179.29534708,-207.51805253,161.80551081
179.20137412,-207.48652358,161.77181855
179.10737703,-207.45494271,161.73963511
179.01335456,-207.42331025,161.70900899
178.91930926,-207.39161563,161.67998192
178.82524592,-207.35984240,161.65258132
178.73117003,-207.32797283,161.62681910
178.63708657,-207.29599145,161.60269595
178.54299901,-207.26388799,161.58020738
178.44890846,-207.23165938,161.55934984
178.35481335,-207.19931095,161.54012069
178.26069393,-207.16690290,161.52251637
178.16654236,-207.13445969,161.50652760
178.07235173,-207.10200350,161.49213455
177.97811609,-207.06955416,161.47930850
177.88383962,-207.03710169,161.46801335
177.78950739,-207.00469322,161.45820840
177.69509881,-206.97239287,161.44985620
177.60060458,-206.94023109,161.44292412
177.50602517,-206.90820943,161.43737851
177.41136911,-206.87630571,161.43318305
177.31666122,-206.84444974,161.43029387
177.22191110,-206.81261706,161.42865823
177.12712996,-206.78077891,161.42821661
177.03232953,-206.74890522,161.42890701
176.93752779,-206.71694729,161.43066902
176.84269859,-206.68498773,161.43344587
176.74782377,-206.65308518,161.43718548
176.65290117,-206.62125044,161.44183782
176.55793693,-206.58946969,161.44735118
176.46295983,-206.55766155,161.45367104
176.36797788,-206.52580686,161.46073907
176.27297597,-206.49395524,161.46849611
176.17794662,-206.46213372,161.47688515
176.08288362,-206.43036521,161.48585289
175.98778296,-206.39866595,161.49535094
175.89262629,-206.36709475,161.50533364
175.79741295,-206.33565751,161.51575546
175.70215026,-206.30433627,161.52657128
175.60685434,-206.27308664,161.53773630
175.51155069,-206.24183608,161.54920422
175.41623680,-206.21059528,161.56093337
175.32091713,-206.17935382,161.57288667
175.22559758,-206.14809669,161.58503274
175.13028390,-206.11680904,161.59734478
175.03498180,-206.08547589,161.60979627
174.93970779,-206.05404971,161.62235970
174.84445881,-206.02254186,161.63500482
174.74922946,-205.99097079,161.64770207
174.65401256,-205.95936001,161.66042394
174.55880007,-205.92773528,161.67314765
174.46358396,-205.89612204,161.68586029
174.36835726,-205.86454205,161.69855472
174.27311546,-205.83300950,161.71122783
174.17785781,-205.80152709,161.72387686
174.08258907,-205.77008096,161.73649587
173.98732108,-205.73863584,161.74907731
173.89204725,-205.70721194,161.76161299
173.79676764,-205.67580935,161.77409888
173.70148219,-205.64442814,161.78653477
173.60619088,-205.61306813,161.79892665
173.51089359,-205.58172933,161.81128367
173.41559017,-205.55041187,161.82361162
173.32028056,-205.51911571,161.83591343
173.22496475,-205.48784094,161.84818665
173.12964287,-205.45658723,161.86042631
173.03431505,-205.42535429,161.87263007
172.93898142,-205.39414178,161.88479717
172.84364204,-205.36294946,161.89693123
172.74829680,-205.33177756,161.90903692
172.65294563,-205.30062630,161.92111678
172.55758838,-205.26949625,161.93317004
172.46222493,-205.23838782,161.94519184
172.36685523,-205.20730123,161.95717930
172.27147913,-205.17623665,161.96913299
172.17609647,-205.14519403,161.98105998
172.08070688,-205.11417365,161.99297464
171.98530989,-205.08317594,162.00489283
171.88990502,-205.05220142,162.01682979
171.79449179,-205.02125083,162.02879508
171.69906985,-204.99032462,162.04079220
171.60363896,-204.95942298,162.05282424
171.50819894,-204.92854573,162.06489610
171.41274961,-204.89769244,162.07701934
171.31729070,-204.86686277,162.08921182
171.22182187,-204.83605640,162.10149476
171.12634271,-204.80527334,162.11388667
171.03085294,-204.77451356,162.12639890
170.93535239,-204.74377696,162.13903662
170.83984107,-204.71306322,162.15180005
170.74431910,-204.68237174,162.16468745
170.64878670,-204.65170175,162.17770013
170.55324399,-204.62105260,162.19084288
170.45769110,-204.59042375,162.20412203
170.36212807,-204.55981511,162.21754138
170.26655498,-204.52922672,162.23109849
170.17097198,-204.49865859,162.24478414
170.07537939,-204.46811054,162.25858537
169.97977757,-204.43758213,162.27249001
169.88416693,-204.40707276,162.28649016
169.78854782,-204.37658191,162.30058223
169.69292053,-204.34610922,162.31476377
169.59728530,-204.31565467,162.32902979
169.50164241,-204.28521844,162.34336919
169.40599225,-204.25480084,162.35776334
169.31033530,-204.22440197,162.37218686
169.21467217,-204.19402170,162.38661581
169.11900347,-204.16365967,162.40103080
169.02332970,-204.13331559,162.41541782
168.92765126,-204.10298930,162.42976855
168.83196840,-204.07268102,162.44407577
168.73628133,-204.04239114,162.45832831
168.64059031,-204.01212022,162.47250995
168.54490188,-203.98184888,162.48660027
168.44920520,-203.95161317,162.50057797
168.35349606,-203.92142790,162.51442441
168.25777529,-203.89129164,162.52812683
168.16204726,-203.86119149,162.54167797
168.06631861,-203.83110717,162.55507136
167.97059712,-203.80101474,162.56829872
167.87489069,-203.77088986,162.58134914
167.77920656,-203.74071042,162.59420873
167.68355048,-203.71045888,162.60686258
167.58792604,-203.68012432,162.61929984
167.49231845,-203.64975407,162.63151766
167.39672310,-203.61936279,162.64351891
167.30113545,-203.58896487,162.65530820
167.20555094,-203.55857461,162.66689039
167.10996662,-203.52820150,162.67826600
167.01438558,-203.49783559,162.68943217
166.91878583,-203.46754782,162.70038460
166.82315389,-203.43738172,162.71111955
166.72748423,-203.40735503,162.72163829
166.63177849,-203.37746217,162.73194866
166.53605452,-203.34764512,162.74206184
166.44031691,-203.31788855,162.75198800
166.34457220,-203.28817085,162.76173517
166.24882821,-203.25846654,162.77130721
166.15309315,-203.22874884,162.78070451
166.05737110,-203.19900433,162.78992854
165.96164231,-203.16929617,162.79898266
165.86590301,-203.13963603,162.80787355
165.77015312,-203.11002364,162.81661129
165.67439751,-203.08044282,162.82520488
165.57864735,-203.05085715,162.83365876
165.48289640,-203.02128658,162.84197371
165.38714470,-202.99173087,162.85014859
165.29139229,-202.96218978,162.85818189
165.19563917,-202.93266304,162.86607485
165.09988528,-202.90315038,162.87383399
165.00413052,-202.87365154,162.88146919
164.90837479,-202.84416626,162.88899086
164.81261801,-202.81469431,162.89640608
164.71686014,-202.78523550,162.90371730
164.62110119,-202.75578965,162.91092336
164.52534117,-202.72635654,162.91802228
164.42958005,-202.69693599,162.92501640
164.33381773,-202.66752776,162.93191305
164.23805403,-202.63813164,162.93872298
164.14228873,-202.60874741,162.94545929
164.04652162,-202.57937489,162.95213454
163.95075253,-202.55001391,162.95875714
163.85498136,-202.52066436,162.96533021
163.75920803,-202.49132612,162.97185494
163.66343246,-202.46199908,162.97833220
163.56765459,-202.43268313,162.98476628
163.47187433,-202.40337818,162.99116433
163.37609159,-202.37408414,162.99753261
163.28030633,-202.34480095,163.00387553
163.18451854,-202.31552855,163.01019341
163.08872827,-202.28626692,163.01648314
162.99293563,-202.25701604,163.02273883
162.89714070,-202.22777586,163.02895568
162.80134358,-202.19854633,163.03513101
162.70554434,-202.16932741,163.04126367
162.60974308,-202.14011903,163.04735433
162.51393994,-202.11092118,163.05340124
162.41813510,-202.08173382,163.05939745
162.32232883,-202.05255692,163.06533118
162.22652140,-202.02339045,163.07118923
162.13071309,-201.99423435,163.07696069
162.03490414,-201.96508850,163.08263756
161.93909473,-201.93595280,163.08821700
161.84328500,-201.90682711,163.09369765
161.74747512,-201.87771129,163.09907726
161.65166531,-201.84860522,163.10435112
161.55585579,-201.81950878,163.10951077
161.46004683,-201.79042182,163.11454441
161.36423863,-201.76134416,163.11944234
161.26843133,-201.73227560,163.12420128
161.17262494,-201.70321587,163.12882530
161.07681938,-201.67416472,163.13332281
160.98101453,-201.64512188,163.13770422
160.88521024,-201.61608711,163.14197925
160.78940643,-201.58706020,163.14615335
160.69360306,-201.55804095,163.15022740
160.59780016,-201.52902919,163.15419988
160.50199779,-201.50002474,163.15806939
160.40619603,-201.47102745,163.16183501
160.31039500,-201.44203716,163.16549635
160.21459484,-201.41305372,163.16905217
160.11879573,-201.38407699,163.17249791
160.02299792,-201.35510684,163.17582532
159.92720171,-201.32614312,163.17902398
159.83140737,-201.29718569,163.18208234
159.73561518,-201.26823436,163.18499085
159.63982534,-201.23928890,163.18774502
159.54403802,-201.21034909,163.19034374
159.44825340,-201.18141469,163.19278648
159.35247163,-201.15248547,163.19507182
159.25669290,-201.12356119,163.19719374
159.16091746,-201.09464162,163.19914512
159.06514550,-201.06572650,163.20091845
158.96937720,-201.03681555,163.20250840
158.87361262,-201.00790846,163.20391604
158.77785175,-200.97900489,163.20514661
158.68209450,-200.95010450,163.20620998
158.58634072,-200.92120695,163.20711756
158.49059029,-200.89231193,163.20787899
158.39484307,-200.86341914,163.20850082
158.29909896,-200.83452829,163.20898746
158.20335782,-200.80563910,163.20934455
158.10761949,-200.77675130,163.20957987
158.01188377,-200.74786461,163.20970494
157.91615042,-200.71897877,163.20973470
157.82041920,-200.69009354,163.20968192
157.72468992,-200.66120874,163.20955683
157.62896241,-200.63232418,163.20936643
157.53323660,-200.60343972,163.20911299
157.43751244,-200.57455525,163.20879775
157.34178990,-200.54567063,163.20842290
157.24606894,-200.51678575,163.20799036
157.15034957,-200.48790052,163.20750313
157.05463179,-200.45901482,163.20696410
156.95891569,-200.43012861,163.20637300
156.86320141,-200.40124182,163.20572430
156.76748916,-200.37235440,163.20500859
156.67177917,-200.34346629,163.20421614
156.57607170,-200.31457743,163.20333666
156.48036702,-200.28568772,163.20236232
156.38466535,-200.25679706,163.20128809
156.28896692,-200.22790532,163.20010809
156.19327198,-200.19901239,163.19881567
156.09758081,-200.17011813,163.19740215
156.00189370,-200.14122241,163.19585731
155.90621092,-200.11232505,163.19417079
155.81053272,-200.08342588,163.19233388
155.71485929,-200.05452465,163.19034261
155.61919076,-200.02562114,163.18819527
155.52352722,-199.99671508,163.18589395
155.42786875,-199.96780622,163.18344074
155.33221540,-199.93889430,163.18083614
155.23656728,-199.90997908,163.17807853
155.14092446,-199.88106029,163.17516497
155.04528702,-199.85213768,163.17209445
154.94965504,-199.82321099,163.16886741
154.85402855,-199.79427993,163.16548594
154.75840759,-199.76534425,163.16195345
154.66279223,-199.73640369,163.15827204
154.56718262,-199.70745803,163.15443942
154.47157901,-199.67850706,163.15044902
154.37598170,-199.64955059,163.14628964
154.28039111,-199.62058842,163.14194690
154.18480768,-199.59162033,163.13740616
154.08923188,-199.56264610,163.13265311
153.99366420,-199.53366547,163.12767372
153.89810515,-199.50467818,163.12245379
153.80255522,-199.47568392,163.11697880
153.70701496,-199.44668239,163.11123333
153.61148489,-199.41767323,163.10519993
153.51596550,-199.38865607,163.09886420
153.42045726,-199.35963047,163.09221295
153.32496675,-199.33057571,163.08523673
153.22948325,-199.30152759,163.07793094
153.13400217,-199.27250161,163.07029159
153.03852377,-199.24349710,163.06231584
152.94305200,-199.21450134,163.05400196
152.84760711,-199.18544796,163.04534941
152.75218410,-199.15635318,163.03635955
152.65677485,-199.12724306,163.02703670
152.56137159,-199.09814211,163.01739003
152.46596781,-199.06907043,163.00743377
152.37055888,-199.04004159,162.99718464
152.27512721,-199.01111155,162.98666286
152.17967116,-198.98228368,162.97588796
152.08419634,-198.95353767,162.96487923
151.98871617,-198.92482761,162.95365743
151.89325245,-198.89608018,162.94224295
151.79780062,-198.86730844,162.93065792
151.70236360,-198.83850113,162.91892351
151.60694539,-198.80964362,162.90705978
151.51155015,-198.78072115,162.89508278
151.41618218,-198.75171900,162.88300232
151.32085602,-198.72258974,162.87082411
151.22556810,-198.69334492,162.85854826
151.13031278,-198.66400313,162.84617209
151.03508293,-198.63458765,162.83369312
150.93987078,-198.60512387,162.82110985
150.84466876,-198.57563630,162.80842389
150.74947059,-198.54614509,162.79563907
150.65427232,-198.51666266,162.78276024
150.55907369,-198.48718931,162.76979220
150.46387937,-198.45770935,162.75674164
150.36870058,-198.42818585,162.74361594
150.27353123,-198.39863786,162.73042221
150.17837128,-198.36906478,162.71716962
150.08322069,-198.33946592,162.70386787
149.98807936,-198.30984067,162.69052724
149.89294714,-198.28018853,162.67715940
149.79782390,-198.25050892,162.66377681
149.70270935,-198.22080146,162.65039281
149.60760942,-198.19104599,162.63702246
149.51251240,-198.16127830,162.62368291
149.41741317,-198.13151315,162.61039361
149.32231155,-198.10174946,162.59717360
149.22721104,-198.07197455,162.58404200
149.13211753,-198.04216825,162.57101580
149.03703815,-198.01230658,162.55810872
148.94198026,-197.98236510,162.54533375
148.84695056,-197.95232158,162.53270211
148.75195421,-197.92215875,162.52022460
148.65699428,-197.89186619,162.50791117
148.56205543,-197.86149209,162.49577103
148.46713263,-197.83105197,162.48381323
148.37222095,-197.80056109,162.47204296
148.27731565,-197.77003447,162.46046130
148.18241348,-197.73948253,162.44906552
148.08751786,-197.70889495,162.43785024
147.99260608,-197.67834373,162.42680957
147.89766413,-197.64787353,162.41593653
147.80268615,-197.61750324,162.40522448
147.70767367,-197.58722848,162.39466768
147.61264488,-197.55699253,162.38425999
147.51760449,-197.52678099,162.37399489
147.42255929,-197.49657302,162.36386559
147.32751735,-197.46634373,162.35386434
147.23248718,-197.43606678,162.34398459
147.13747331,-197.40572830,162.33422217
147.04245541,-197.37539258,162.32457436
146.94742960,-197.34507179,162.31504136
146.85239575,-197.31476613,162.30562566
146.75735875,-197.28445989,162.29633144
146.66232988,-197.25411717,162.28716430
146.56730251,-197.22375829,162.27813047
146.47227640,-197.19338342,162.26923639
146.37725134,-197.16299277,162.26048812
146.28222710,-197.13258651,162.25189133
146.18720351,-197.10216489,162.24345037
146.09218043,-197.07172814,162.23516756
145.99715775,-197.04127652,162.22704453
145.90213542,-197.01081030,162.21907913
145.80711345,-196.98032977,162.21126711
145.71209187,-196.94983521,162.20360492
145.61707077,-196.91932693,162.19608576
145.52205028,-196.88880521,162.18870093
145.42703056,-196.85827035,162.18144198
145.33201185,-196.82772264,162.17429760
145.23699439,-196.79716236,162.16725535
145.14197850,-196.76658978,162.16030106
145.04696450,-196.73600516,162.15341956
144.95195275,-196.70540873,162.14659512
144.85694357,-196.67480068,162.13981241
144.76193725,-196.64418118,162.13305928
144.66693404,-196.61355033,162.12632530
144.57193410,-196.58290822,162.11960368
144.47693751,-196.55225490,162.11289108
144.38194430,-196.52159039,162.10618661
144.28695440,-196.49091468,162.09949295
144.19196774,-196.46022778,162.09281384
144.09698418,-196.42952966,162.08615437
144.00200357,-196.39882032,162.07951985
143.90702577,-196.36809977,162.07291537
143.81205060,-196.33736801,162.06634740
143.71707789,-196.30662505,162.05982195
143.62210744,-196.27587092,162.05334499
143.52713904,-196.24510563,162.04692393
143.43217244,-196.21432922,162.04056783
143.33720740,-196.18354174,162.03428520
143.24224365,-196.15274324,162.02808515
143.14728093,-196.12193380,162.02197656
143.05231901,-196.09111352,162.01596603
142.95735770,-196.06028251,162.01006030
142.86239687,-196.02944094,162.00426349
142.76743645,-195.99858898,161.99857419
142.67247643,-195.96772682,161.99299008
142.57751690,-195.93685468,161.98750676
142.48255799,-195.90597279,161.98211567
142.38759993,-195.87508137,161.97680631
142.29264298,-195.84418066,161.97156704
142.19768746,-195.81327086,161.96638300
142.10273376,-195.78235220,161.96123778
142.00778226,-195.75142485,161.95611543
141.91283338,-195.72048898,161.95099851
141.81788754,-195.68954471,161.94586959
141.72294511,-195.65859214,161.94071323
141.62800644,-195.62763131,161.93551650
141.53307188,-195.59666225,161.93026708
141.43814174,-195.56568495,161.92495506
141.34321631,-195.53469940,161.91957074
141.24829592,-195.50370554,161.91410203
141.15338092,-195.47270334,161.90853729
141.05847168,-195.44169272,161.90286397
140.96356859,-195.41067361,161.89706851
140.86867202,-195.37964588,161.89113782
140.77378233,-195.34860940,161.88505993
140.67889980,-195.31756399,161.87882671
140.58402469,-195.28650942,161.87243155
140.48915716,-195.25544547,161.86587159
140.39429735,-195.22437186,161.85914659
140.29944535,-195.19328834,161.85225568
140.20460126,-195.16219461,161.84519995
140.10976516,-195.13109043,161.83797952
140.01493717,-195.09997552,161.83059303
139.92011744,-195.06884962,161.82303774
139.82531291,-195.03769192,161.81531058
139.73051178,-195.00653869,161.80740679
139.63570887,-194.97540614,161.79931950
139.54090435,-194.94429437,161.79104244
139.44610243,-194.91319134,161.78256707
139.35132421,-194.88203404,161.77388130
139.25656739,-194.85083053,161.76497339
139.16182340,-194.81960803,161.75582819
139.06708406,-194.78839267,161.74642832
138.97234247,-194.75720663,161.73675771
138.87759381,-194.72606584,161.72679983
138.78281894,-194.69502956,161.71653850
138.68801605,-194.66410428,161.70595921
138.59319113,-194.63327266,161.69505138
138.49835888,-194.60249076,161.68380658
138.40354343,-194.57168588,161.67221903
138.30874344,-194.54086231,161.66028675
138.21396183,-194.51001109,161.64801018
138.11920386,-194.47911607,161.63539492
138.02447482,-194.44816065,161.62244964
137.92978002,-194.41712803,161.60918471
137.83513584,-194.38596814,161.59561426
137.74053885,-194.35469011,161.58175358
137.64598311,-194.32331048,161.56762058
137.55146097,-194.29185088,161.55323416
137.45696388,-194.26033571,161.53861130
137.36248340,-194.22878904,161.52376820
137.26801236,-194.19723127,161.50871899
137.17354616,-194.16567530,161.49347513
137.07908412,-194.13412240,161.47804498
136.98463105,-194.10255743,161.46243635
136.89019896,-194.07094371,161.44665656
136.79578112,-194.03930067,161.43071415
136.70137735,-194.00762780,161.41462286
136.60698754,-193.97592423,161.39839849
136.51261154,-193.94418907,161.38205854
136.41824919,-193.91242123,161.36562356
136.32390036,-193.88061952,161.34911414
136.22956493,-193.84878263,161.33254981
136.13524268,-193.81690945,161.31595251
136.04093335,-193.78499880,161.29934587
135.94664331,-193.75302982,161.28275450
135.85235957,-193.72103837,161.26620884
135.75807661,-193.68903790,161.24974397
135.66379457,-193.65702510,161.23339608
135.56951744,-193.62498512,161.21720426
135.47525159,-193.59289596,161.20120983
135.38100443,-193.56073257,161.18545508
135.28678318,-193.52847048,161.16998143
135.19259379,-193.49608885,161.15483226
135.09844021,-193.46357277,161.14005135
135.00432359,-193.43091560,161.12568078
134.91022484,-193.39817032,161.11176318
134.81613645,-193.36535575,161.09833825
134.72205112,-193.33249032,161.08544191
134.62796172,-193.29959191,161.07310871
134.53386473,-193.26666780,161.06137416
134.43975780,-193.23372179,161.05027472
134.34561430,-193.20082807,161.03984865
134.25141795,-193.16803042,161.03013918
134.15716205,-193.13534475,161.02119056
134.06284834,-193.10276250,161.01304533
133.96849684,-193.07022219,161.00574486
133.87411240,-193.03770666,160.99932599
133.77970914,-193.00517205,160.99382113
133.68528331,-192.97262658,160.98926119
133.59083739,-192.94006052,160.98567657
133.49636947,-192.90747698,160.98309684
133.40186044,-192.87492921,160.98155277
133.30732093,-192.84238401,160.98107499
133.21276014,-192.80981268,160.98169025
133.11817264,-192.77722916,160.98342141
133.02355955,-192.74462869,160.98628715
132.92890284,-192.71206235,160.99030220
132.83419339,-192.67955558,160.99547939
132.73940676,-192.64717837,161.00183238
132.64453516,-192.61495242,161.00937520
132.54957891,-192.58287601,161.01812145
132.45454797,-192.55091953,161.02808568
132.35946341,-192.51902125,161.03927915
132.26433486,-192.48715282,161.05170989
132.16915920,-192.45532303,161.06538372
132.07394134,-192.42351746,161.08030316
131.97868671,-192.39172017,161.09647106
131.88340124,-192.35991379,161.11389136
131.78810244,-192.32804665,161.13256891
131.69278900,-192.29612243,161.15250826
131.59745690,-192.26415279,161.17371206
131.50209999,-192.23215578,161.19618116
131.40671074,-192.20015370,161.21991299
131.31128126,-192.16817015,161.24490240
131.21580447,-192.13622660,161.27114218
131.12027544,-192.10433837,161.29862312
131.02469305,-192.07250996,161.32733485
130.92906187,-192.04072943,161.35726370
130.83339422,-192.00896233,161.38839035
130.73768456,-191.97722727,161.42068822
130.64193370,-191.94552462,161.45412330
130.54614264,-191.91385473,161.48865571
130.45031253,-191.88221799,161.52424016
130.35444458,-191.85061488,161.56082574
130.25854008,-191.81904602,161.59835827
130.16260032,-191.78751225,161.63678227
130.06662657,-191.75601480,161.67603812
129.97062006,-191.72455507,161.71606370
129.87458195,-191.69313481,161.75679419
129.77851345,-191.66175566,161.79816353
129.68241567,-191.63041945,161.84010808
129.58628970,-191.59912796,161.88256648
129.49013654,-191.56788296,161.92548107
129.39395710,-191.53668629,161.96879613
129.29775230,-191.50553966,162.01245801
129.20152302,-191.47444477,162.05641550
129.10527013,-191.44340328,162.10061579
129.00899462,-191.41241646,162.14500672
128.91269751,-191.38148541,162.18953586
128.81637997,-191.35061067,162.23415263
128.72004319,-191.31979261,162.27880966
128.62368845,-191.28903127,162.32345877
128.52731710,-191.25832654,162.36805345
128.43093050,-191.22767819,162.41254563
128.33453015,-191.19708593,162.45688422
128.23811760,-191.16654947,162.50101561
128.14169447,-191.13606851,162.54488215
128.04526253,-191.10564258,162.58842348
127.94882350,-191.07527138,162.63157782
127.85237921,-191.04495441,162.67428343
127.75593141,-191.01469131,162.71647985
127.65948180,-190.98448174,162.75810747
127.56303207,-190.95432528,162.79910927
127.46658378,-190.92422172,162.83943073
127.37013847,-190.89417076,162.87901865
127.27369764,-190.86417213,162.91782139
127.17726274,-190.83422555,162.95578894
127.08083522,-190.80433068,162.99287290
126.98441656,-190.77448708,163.02902553
126.88800819,-190.74469423,163.06419886
126.79161158,-190.71495147,163.09834720
126.69522814,-190.68525806,163.13142679
126.59886525,-190.65559315,163.16339738
126.50251273,-190.62599420,163.19422240
126.40616784,-190.59647358,163.22386717
126.30983316,-190.56702575,163.25230108
126.21351472,-190.53763354,163.27949561
126.11722038,-190.50827334,163.30542259
126.02095853,-190.47891967,163.33005510
125.92473694,-190.44954896,163.35336678
125.82856185,-190.42014248,163.37533310
125.73243727,-190.39068889,163.39593189
125.63636443,-190.36118576,163.41514472
125.54032639,-190.33169122,163.43295651
125.44431750,-190.30222554,163.44935483
125.34833254,-190.27280731,163.46433262
125.25236673,-190.24345346,163.47788524
125.15642312,-190.21415398,163.49001029
125.06049147,-190.18494355,163.50071205
124.96455161,-190.15589016,163.50999788
124.86858738,-190.12704809,163.51787703
124.77261629,-190.09835753,163.52436126
124.67665048,-190.06977678,163.52946048
124.58067825,-190.04134493,163.53318293
124.48471118,-190.01302226,163.53553618
124.38877529,-189.98472027,163.53652544
124.29288784,-189.95638003,163.53615574
124.19704960,-189.92799811,163.53443527
124.10124104,-189.89963953,163.53137581
124.00543899,-189.87138134,163.52699274
123.90963357,-189.84325541,163.52130342
123.81383793,-189.81521555,163.51432684
123.71804391,-189.78728755,163.50608046
123.62223473,-189.75952622,163.49658167
123.52642842,-189.73186855,163.48584973
123.43064641,-189.70423970,163.47390544
123.33489630,-189.67661152,163.46077495
123.23917725,-189.64898392,163.44648825
123.14349470,-189.62133544,163.43107968
123.04785440,-189.59364325,163.41458816
122.95226245,-189.56588332,163.39705313
122.85673589,-189.53799519,163.37851511
122.76127364,-189.50997875,163.35901505
122.66587185,-189.48184307,163.33859592
122.57052448,-189.45360432,163.31730321
122.47522401,-189.42528353,163.29518537
122.37996242,-189.39690322,163.27229342
122.28473229,-189.36848379,163.24867672
122.18952813,-189.34003922,163.22438469
122.09434792,-189.31157200,163.19946477
121.99919487,-189.28306722,163.17396201
121.90407935,-189.25448624,163.14792110
121.80899439,-189.22584818,163.12138770
121.71393884,-189.19715278,163.09440926
121.61891157,-189.16839973,163.06703318
121.52391140,-189.13958895,163.03930619
121.42893731,-189.11072013,163.01127288
121.33398837,-189.08179294,162.98297247
121.23906380,-189.05280696,162.95443858
121.14416289,-189.02376166,162.92570288
121.04928505,-188.99465632,162.89679515
120.95442971,-188.96549014,162.86774622
120.85959629,-188.93626202,162.83859085
120.76478417,-188.90697075,162.80936756
120.66999268,-188.87761483,162.78011903
120.57522107,-188.84819270,162.75089306
120.48046849,-188.81870260,162.72174273
120.38573399,-188.78914284,162.69272408
120.29101648,-188.75951178,162.66389635
120.19631472,-188.72980808,162.63532347
120.10162740,-188.70003045,162.60707111
120.00695303,-188.67017801,162.57920607
119.91229001,-188.64025017,162.55179522
119.81764276,-188.61022714,162.52490621
119.72299742,-188.58014686,162.49860866
119.62834751,-188.55002368,162.47297315
119.53369196,-188.51985485,162.44807162
119.43903324,-188.48962652,162.42397637
119.34437583,-188.45931873,162.40075781
119.24972486,-188.42890992,162.37848269
119.15508508,-188.39838022,162.35721203
119.06045983,-188.36771482,162.33699711
118.96585043,-188.33690607,162.31788087
118.87125548,-188.30595536,162.29989878
118.77665480,-188.27492379,162.28307946
118.68203987,-188.24383588,162.26744650
118.58740278,-188.21271453,162.25302100
118.49273611,-188.18158104,162.23982309
118.39803990,-188.15043361,162.22787076
118.30330370,-188.11930309,162.21718226
118.20849657,-188.08828400,162.20777648
118.11361757,-188.05737756,162.19967044
118.01867907,-188.02654361,162.19288260
117.92367569,-187.99579720,162.18743018
117.82859664,-187.96517041,162.18332897
117.73346340,-187.93459509,162.18059506
117.63829701,-187.90400451,162.17924321
117.54309654,-187.87340039,162.17928651
117.44786041,-187.84278662,162.18073656
117.35256896,-187.81222325,162.18360614
117.25719575,-187.78179153,162.18790985
117.16174798,-187.75146792,162.19366335
117.06622760,-187.72124531,162.20088301
116.97061866,-187.69117242,162.20958363
116.87491824,-187.66125759,162.21977870
116.77915398,-187.63141452,162.23147798
116.68333808,-187.60160520,162.24468567
116.58746682,-187.57184144,162.25940103
116.49154566,-187.54210689,162.27561932
116.39558070,-187.51238339,162.29333385
116.29957872,-187.48265091,162.31253395
116.20355815,-187.45285281,162.33320653
116.10751913,-187.42299033,162.35533326
116.01145914,-187.39307344,162.37889029
115.91537344,-187.36311942,162.40385133
115.81925580,-187.33315072,162.43018392
115.72309943,-187.30319172,162.45785096
115.62689812,-187.27326542,162.48681416
115.53064757,-187.24338902,162.51703357
115.43434702,-187.21356876,162.54846729
115.33800119,-187.18379386,162.58107075
115.24162246,-187.15402942,162.61479716
115.14520554,-187.12429651,162.64959611
115.04875120,-187.09459715,162.68541533
114.95226023,-187.06493337,162.72220303
114.85573339,-187.03530715,162.75990722
114.75917150,-187.00572025,162.79847788
114.66257530,-186.97617445,162.83786889
114.56594550,-186.94667162,162.87803512
114.46928280,-186.91721358,162.91893092
114.37258796,-186.88780211,162.96050914
114.27586180,-186.85843885,163.00272034
114.17910522,-186.82912533,163.04551396
114.08231925,-186.79986265,163.08883804
113.98550497,-186.77065181,163.13264028
113.88866355,-186.74149347,163.17687011
113.79179617,-186.71238816,163.22147860
113.69490405,-186.68333636,163.26641733
113.59798841,-186.65433864,163.31163553
113.50105055,-186.62539546,163.35707915
113.40409186,-186.59650725,163.40269200
113.30711381,-186.56767432,163.44841512
113.21011795,-186.53889695,163.49418693
113.11310590,-186.51017520,163.53994525
113.01607929,-186.48150921,163.58562780
112.91903975,-186.45289894,163.63117350
112.82198891,-186.42434449,163.67652278
112.72492834,-186.39584593,163.72161603
112.62785962,-186.36740339,163.76639316
112.53078434,-186.33901685,163.81079390
112.43370412,-186.31068622,163.85475963
112.33662054,-186.28241138,163.89823242
112.23953519,-186.25419227,163.94115431
112.14244959,-186.22602879,163.98347002
112.04536516,-186.19792119,164.02512520
111.94828328,-186.16986980,164.06606617
111.85120513,-186.14187532,164.10624169
111.75413185,-186.11393846,164.14560320
111.65706438,-186.08606010,164.18410612
111.56000356,-186.05824092,164.22171128
111.46295008,-186.03048151,164.25838824
111.36590445,-186.00278226,164.29411581
111.26886704,-185.97514340,164.32888028
111.17183809,-185.94756500,164.36267585
111.07481769,-185.92004717,164.39550131
110.97780599,-185.89258965,164.42735715
110.88080311,-185.86519214,164.45824390
110.78380934,-185.83785379,164.48816205
110.68682503,-185.81057353,164.51711101
110.58985066,-185.78334966,164.54508926
110.49288682,-185.75618011,164.57209750
110.39593934,-185.72904337,164.59813937
110.29899894,-185.70197309,164.62322113
110.20206258,-185.67498030,164.64734903
110.10513170,-185.64805971,164.67052631
110.00821088,-185.62119490,164.69275272
109.91130648,-185.59436330,164.71402221
109.81442563,-185.56753986,164.73432417
109.71757514,-185.54070082,164.75364475
109.62076082,-185.51382612,164.77196886
109.52398669,-185.48690202,164.78928501
109.42725449,-185.45992273,164.80558766
109.33055008,-185.43294021,164.82087763
109.23386862,-185.40597185,164.83516011
109.13720545,-185.37903399,164.84844592
109.04055611,-185.35214173,164.86075139
108.94392120,-185.32529105,164.87209632
108.84729481,-185.29850157,164.88250510
108.75065858,-185.27183879,164.89200620
108.65400268,-185.24533640,164.90063140
108.55732475,-185.21900004,164.90841480
108.46062888,-185.19281132,164.91539182
108.36393276,-185.16670129,164.92159751
108.26724184,-185.14064633,164.92706601
108.17056295,-185.11461767,164.93183146
108.07390352,-185.08858408,164.93592859
107.97727081,-185.06251487,164.93939420
107.88065885,-185.03642809,164.94226814
107.78405299,-185.01037407,164.94459272
107.68744969,-184.98436200,164.94640933
107.59084883,-184.95838866,164.94775570
107.49425457,-184.93243544,164.94866420
107.39767624,-184.90646522,164.94915966
107.30110790,-184.88049821,164.94925865
107.20454941,-184.85453369,164.94897057
107.10800076,-184.82857093,164.94830236
107.01146197,-184.80260929,164.94725867
106.91493314,-184.77664809,164.94584299
106.81841436,-184.75068671,164.94405983
106.72190576,-184.72472452,164.94191102
106.62540746,-184.69876089,164.93939827
106.52891960,-184.67279520,164.93652297
106.43244228,-184.64682682,164.93328498
106.33597556,-184.62085513,164.92968663
106.23951941,-184.59487946,164.92573448
106.14307373,-184.56889916,164.92144028
106.04663835,-184.54291358,164.91681744
105.95021307,-184.51692209,164.91188100
105.85379770,-184.49092408,164.90664576
105.75739212,-184.46491899,164.90112099
105.66099626,-184.43890630,164.89531447
105.56461580,-184.41286451,164.88922925
105.46824085,-184.38682997,164.88286461
105.37186690,-184.36081922,164.87622190
105.27549377,-184.33483289,164.86930062
105.17912467,-184.30885936,164.86209972
105.08277516,-184.28284171,164.85461584
104.98644743,-184.25677280,164.84684085
104.89013427,-184.23068052,164.83876131
104.79382870,-184.20459241,164.83035738
104.69752468,-184.17853293,164.82160492
104.60121784,-184.15252086,164.81247573
104.50489163,-184.12662009,164.80293909
104.40854372,-184.10084235,164.79296238
104.31217822,-184.07517587,164.78251059
104.21580662,-184.04958194,164.77154660
104.11944854,-184.02399223,164.76003002
104.02310740,-183.99839829,164.74791664
103.92678480,-183.97279874,164.73516109
103.83048603,-183.94717842,164.72171830
103.73421661,-183.92152137,164.70754508
103.63798228,-183.89581056,164.69260100
103.54179825,-183.86999450,164.67684870
103.44566355,-183.84408029,164.66025446
103.34957527,-183.81808195,164.64278709
103.25352903,-183.79201869,164.62441422
103.15751965,-183.76591259,164.60510416
103.06154192,-183.73978563,164.58482538
102.96559150,-183.71365657,164.56354720
102.86966597,-183.68753686,164.54124196
102.77376604,-183.66142631,164.51788451
102.67789698,-183.63530798,164.49345268
102.58207013,-183.60914263,164.46792670
102.48628134,-183.58294725,164.44128959
102.39053190,-183.55671876,164.41352531
102.29482302,-183.53045417,164.38461889
102.19915578,-183.50415062,164.35455935
102.10353115,-183.47780534,164.32333906
102.00794988,-183.45141588,164.29095551
101.91241268,-183.42497968,164.25741150
101.81692010,-183.39849440,164.22271318
101.72147275,-183.37195746,164.18686873
101.62607122,-183.34536637,164.14988374
101.53071613,-183.31871859,164.11176303
101.43540818,-183.29201156,164.07250945
101.34014802,-183.26524288,164.03212367
101.24493623,-183.23841022,163.99060844
101.14977336,-183.21151118,163.94796968
101.05465982,-183.18454340,163.90421969
100.95959608,-183.15750397,163.85937552
100.86458249,-183.13039003,163.81345937
100.76961948,-183.10319815,163.76649617
100.67470742,-183.07592490,163.71851128
100.57984666,-183.04856687,163.66953266
100.48503745,-183.02112065,163.61958920
100.39027987,-182.99358318,163.56871267
100.29557381,-182.96595162,163.51694050
100.20091899,-182.93822329,163.46431674
100.10631495,-182.91039568,163.41089259
100.01176114,-182.88246620,163.35672158
99.91725685,-182.85443265,163.30186083
99.82280140,-182.82629266,163.24636792
99.72839397,-182.79804433,163.19029793
99.63403371,-182.76968602,163.13370615
99.53971964,-182.74121636,163.07664642
99.44545075,-182.71263426,163.01917376
99.35122588,-182.68393891,162.96134545
99.25704391,-182.65512940,162.90322051
99.16290365,-182.62620493,162.84485841
99.06880398,-182.59716456,162.78631687
98.97474365,-182.56800772,162.72765416
98.88072151,-182.53873365,162.66892782
98.78673622,-182.50934215,162.61019295
98.69278639,-182.47983317,162.55150671
98.59887055,-182.45020687,162.49292730
98.50498717,-182.42046363,162.43451268
98.41113472,-182.39060383,162.37632197
98.31731176,-182.36062777,162.31841188
98.22351689,-182.33053581,162.26083556
98.12974883,-182.30032814,162.20364236
98.03600631,-182.27000515,162.14687874
97.94228813,-182.23956708,162.09058993
97.84859300,-182.20901425,162.03482163
97.75491963,-182.17834697,161.97962403
97.66126667,-182.14756531,161.92505014
97.56763274,-182.11666929,161.87115675
97.47401640,-182.08565883,161.81800383
97.38041618,-182.05453387,161.76565139
97.28683044,-182.02329467,161.71416093
97.19325747,-181.99194173,161.66359359
97.09969530,-181.96047623,161.61400934
97.00614182,-181.92889971,161.56547035
96.91259476,-181.89721428,161.51803910
96.81905172,-181.86542239,161.47177793
96.72551036,-181.83352667,161.42674628
96.63196833,-181.80153002,161.38299838
96.53842339,-181.76943554,161.34058143
96.44487340,-181.73724647,161.29953486
96.35131631,-181.70496631,161.25989215
96.25775011,-181.67259875,161.22168054
96.16417283,-181.64014763,161.18492425
96.07058928,-181.60759728,161.14964712
95.97698458,-181.57498939,161.11587058
95.88335246,-181.54234070,161.08361497
95.78969291,-181.50965001,161.05289751
95.69601001,-181.47690453,161.02372916
95.60231015,-181.44408523,160.99611743
95.50860041,-181.41117140,160.97006542
95.41488725,-181.37814440,160.94557111
95.32117542,-181.34499073,160.92263215
95.22746717,-181.31170420,160.90124626
95.13376167,-181.27828761,160.88141014
95.04003760,-181.24480311,160.86312050
94.94628655,-181.21127523,160.84637322
94.85250078,-181.17772649,160.83116291
94.75867315,-181.14417763,160.81748298
94.66480646,-181.11062091,160.80532837
94.57087881,-181.07711915,160.79469431
94.47687752,-181.04370886,160.78557586
94.38279650,-181.01040749,160.77797094
94.28863793,-180.97720895,160.77187659
94.19440528,-180.94410366,160.76728708
94.10010075,-180.91108593,160.76419433
94.00574293,-180.87810335,160.76258600
93.91133251,-180.84515513,160.76244568
93.81687054,-180.81223969,160.76375443
93.72235831,-180.77935490,160.76649330
93.62777376,-180.74656581,160.77064208
93.53311242,-180.71388699,160.77617920
93.43837350,-180.68132276,160.78308426
93.34356141,-180.64886258,160.79133413
93.24868038,-180.61649665,160.80090172
93.15373802,-180.58420561,160.81175937
93.05875271,-180.55193928,160.82387729
92.96372285,-180.51970481,160.83722476
92.86865464,-180.48748687,160.85177200
92.77355476,-180.45526869,160.86749059
92.67843035,-180.42303213,160.88435241
92.58329999,-180.39072583,160.90232808
92.48816368,-180.35835228,160.92138759
92.39301862,-180.32592234,160.94149630
92.29785978,-180.29345339,160.96261523
92.20268068,-180.26096721,160.98470530
92.10747430,-180.22848720,161.00772658
92.01223427,-180.19603485,161.03163966
91.91695621,-180.16362583,161.05640817
91.82163935,-180.13126536,161.08199711
91.72628846,-180.09894257,161.10837168
91.63091596,-180.06662457,161.13549498
91.53551658,-180.03432988,161.16332577
91.44009126,-180.00205945,161.19181808
91.34464119,-179.96981385,161.22092078
91.24916765,-179.93759348,161.25057931
91.15367211,-179.90539859,161.28073657
91.05815611,-179.87322926,161.31133419
90.96262120,-179.84108567,161.34231436
90.86706890,-179.80896821,161.37361650
90.77150077,-179.77687731,161.40517820
90.67591831,-179.74481369,161.43693473
90.58032312,-179.71277800,161.46881881
90.48471676,-179.68077100,161.50076174
90.38910090,-179.64879328,161.53269401
90.29347716,-179.61684532,161.56454734
90.19784719,-179.58492753,161.59625559
90.10221258,-179.55304029,161.62775616
90.00657488,-179.52118398,161.65898810
89.91093556,-179.48935918,161.68989007
89.81529616,-179.45756620,161.72040150
89.71965815,-179.42580548,161.75046169
89.62402310,-179.39407724,161.78001011
89.52839258,-179.36238157,161.80898687
89.43276815,-179.33071839,161.83733350
89.33715140,-179.29908750,161.86499497
89.24154965,-179.26747071,161.89191938
89.14595311,-179.23590240,161.91805715
89.05035926,-179.20439443,161.94336114
88.95477077,-179.17294264,161.96778431
88.85919375,-179.14153199,161.99128094
88.76363611,-179.11014179,162.01380796
88.66810631,-179.07874942,162.03532270
88.57261220,-179.04733391,162.05578639
88.47716009,-179.01587868,162.07516336
88.38175409,-178.98437383,162.09342117
88.28639555,-178.95281768,162.11053008
88.19106807,-178.92126318,162.12646310
88.09576628,-178.88972931,162.14119484
88.00048525,-178.85823362,162.15469990
87.90522061,-178.82679191,162.16695581
87.80997531,-178.79539701,162.17794056
87.71473416,-178.76409827,162.18763287
87.61948859,-178.73292422,162.19601563
87.52423638,-178.70188351,162.20307334
87.42897835,-178.67097516,162.20879042
87.33371595,-178.64019607,162.21315254
87.23845320,-178.60953508,162.21614789
87.14320885,-178.57893487,162.21776377
87.04798364,-178.54839415,162.21798915
86.95277847,-178.51791071,162.21681640
86.85759442,-178.48748154,162.21424134
86.76241522,-178.45715719,162.21026553
86.66723771,-178.42694711,162.20489432
86.57206183,-178.39685058,162.19813690
86.47688865,-178.36686317,162.19000533
86.38172145,-178.33697333,162.18051375
86.28656981,-178.30714964,162.16967800
86.19145138,-178.27733536,162.15751533
86.09636434,-178.24753425,162.14404537
86.00131447,-178.21772608,162.12929256
85.90630805,-178.18788889,162.11328613
85.81135173,-178.15799932,162.09605813
85.71646302,-178.12800042,162.07764440
85.62164192,-178.09788903,162.05808362
85.52688567,-178.06767045,162.03741716
85.43218924,-178.03735677,162.01568670
85.33754592,-178.00696511,161.99293526
85.24294830,-177.97651451,161.96920930
85.14838934,-177.94602276,161.94455614
85.05386369,-177.91550216,161.91902722
84.95936932,-177.88495457,161.89267529
84.86490935,-177.85436608,161.86555266
84.77049408,-177.82370053,161.83771342
84.67611701,-177.79297356,161.80921173
84.58177729,-177.76218336,161.78010150
84.48747400,-177.73132827,161.75043616
84.39320609,-177.70040689,161.72027200
84.29897249,-177.66941781,161.68966714
84.20477206,-177.63835980,161.65868042
84.11060361,-177.60723167,161.62737292
84.01646594,-177.57603226,161.59580495
83.92235780,-177.54476063,161.56403538
83.82827787,-177.51341602,161.53212241
83.73422482,-177.48199789,161.50012401
83.64019718,-177.45050599,161.46809681
83.54619345,-177.41894033,161.43609792
83.45221200,-177.38730117,161.40418560
83.35825123,-177.35558887,161.37241714
83.26430949,-177.32380402,161.34084807
83.17038517,-177.29194733,161.30953074
83.07647667,-177.26001976,161.27851383
82.98258241,-177.22802247,161.24784178
82.88870077,-177.19595696,161.21755516
82.79483023,-177.16382478,161.18769162
82.70096921,-177.13162779,161.15828661
82.60711621,-177.09936791,161.12937347
82.51326983,-177.06704699,161.10098203
82.41942873,-177.03466696,161.07313894
82.32559172,-177.00222961,161.04586626
82.23175773,-176.96973674,161.01918105
82.13792576,-176.93719014,160.99309745
82.04409493,-176.90459153,160.96762651
81.95026438,-176.87194263,160.94277824
81.85643337,-176.83924498,160.91856061
81.76260118,-176.80650013,160.89498110
81.66876718,-176.77370938,160.87204815
81.57493082,-176.74087389,160.84976755
81.48109812,-176.70797606,160.82814493
81.38725636,-176.67505189,160.80718545
81.29340031,-176.64211601,160.78689318
81.19953030,-176.60916704,160.76727309
81.10565051,-176.57619261,160.74833053
81.01176746,-176.54317373,160.73007163
80.91788867,-176.51008850,160.71250152
80.82402150,-176.47691560,160.69562585
80.73017224,-176.44363686,160.67945036
80.63634523,-176.41023972,160.66397827
80.54254220,-176.37671914,160.64921169
80.44874527,-176.34312624,160.63515231
80.35494801,-176.30947925,160.62180154
80.26114430,-176.27579553,160.60915936
80.16732829,-176.24209165,160.59722620
80.07349892,-176.20837047,160.58600338
79.97965235,-176.17464281,160.57549194
79.88576451,-176.14097670,160.56569206
79.79182173,-176.10741072,160.55660319
79.69781970,-176.07395702,160.54822465
79.60376229,-176.04060472,160.54055300
79.50967102,-176.00729307,160.53358532
79.41555218,-175.97400438,160.52731910
79.32141406,-175.94071537,160.52175064
79.22726596,-175.90739984,160.51687836
79.13311728,-175.87403130,160.51270105
79.03896505,-175.84061831,160.50921721
78.94478966,-175.80721646,160.50642596
78.85058701,-175.77383746,160.50432562
78.75635723,-175.74048110,160.50291473
78.66210583,-175.70713197,160.50218995
78.56784488,-175.67375612,160.50214832
78.47356691,-175.64037479,160.50278877
78.37927902,-175.60696799,160.50410966
78.28496778,-175.57357373,160.50611112
78.19062664,-175.54021050,160.50879348
78.09625468,-175.50688083,160.51215791
78.00185542,-175.47357474,160.51620655
77.90744851,-175.44023646,160.52093975
77.81303640,-175.40685896,160.52635899
77.71860840,-175.37347231,160.53246577
77.62415392,-175.34010630,160.53926270
77.52966341,-175.30678766,160.54675493
77.43512938,-175.27353731,160.55494724
77.34052829,-175.24042143,160.56384715
77.24585509,-175.20745401,160.57346226
77.15111323,-175.17462497,160.58379916
77.05631598,-175.14189650,160.59486391
76.96148738,-175.10920015,160.60666119
76.86663049,-175.07652699,160.61919653
76.77174516,-175.04387692,160.63247608
76.67683635,-175.01123545,160.64650731
76.58190920,-174.97858723,160.66129890
76.48696915,-174.94591613,160.67686070
76.39203362,-174.91317143,160.69320438
76.29709939,-174.88036160,160.71033980
76.20216054,-174.84750276,160.72827491
76.10720917,-174.81461683,160.74701771
76.01223622,-174.78172900,160.76657601
75.91723255,-174.74886472,160.78695886
75.82219007,-174.71604644,160.80817700
75.72710316,-174.68328935,160.83024266
75.63197025,-174.65059717,160.85316943
75.53679563,-174.61795684,160.87697113
75.44159150,-174.58533268,160.90165970
75.34635038,-174.55274560,160.92724332
75.25107181,-174.52019654,160.95372712
75.15575545,-174.48768636,160.98111449
75.06040105,-174.45521580,161.00940627
74.96500849,-174.42278531,161.03860288
74.86957765,-174.39039549,161.06870327
74.77410858,-174.35804665,161.09970483
74.67860126,-174.32573937,161.13160363
74.58305588,-174.29347406,161.16439002
74.48747267,-174.26125121,161.19805106
74.39185202,-174.22907122,161.23256911
74.29619448,-174.19693430,161.26792187
74.20050074,-174.16484063,161.30408395
74.10477160,-174.13279028,161.34102519
74.00900800,-174.10078320,161.37871390
73.91321088,-174.06881963,161.41711432
73.81738126,-174.03689979,161.45618773
73.72152017,-174.00502423,161.49589090
73.62562871,-173.97319356,161.53617577
73.52970800,-173.94140855,161.57699258
73.43375923,-173.90967003,161.61828757
73.33778359,-173.87797880,161.66000654
73.24178230,-173.84633565,161.70209440
73.14575656,-173.81474131,161.74449675
73.04970755,-173.78319652,161.78716311
72.95363635,-173.75170221,161.83004365
72.85754404,-173.72025926,161.87308811
72.76143166,-173.68886871,161.91624642
72.66530029,-173.65753149,161.95946784
72.56915107,-173.62624848,162.00269957
72.47298520,-173.59502038,162.04588853
72.37680389,-173.56384770,162.08898185
72.28060842,-173.53273071,162.13192830
72.18440001,-173.50166964,162.17468078
72.08817985,-173.47066460,162.21719474
71.99194909,-173.43971585,162.25942744
71.89570881,-173.40882365,162.30133563
71.79946017,-173.37798816,162.34287594
71.70320431,-173.34720956,162.38400348
71.60694250,-173.31648778,162.42467202
71.51067601,-173.28582254,162.46483673
71.41440616,-173.25521342,162.50445331
71.31813424,-173.22465980,162.54348162
71.22186152,-173.19416112,162.58188371
71.12558921,-173.16371680,162.61962249
71.02931847,-173.13332636,162.65666309
70.93305045,-173.10298946,162.69296807
70.83678635,-173.07270553,162.72849937
70.74052736,-173.04247406,162.76321859
70.64427474,-173.01229424,162.79708844
70.54802973,-172.98216523,162.83007415
70.45179352,-172.95208600,162.86214346
70.35556730,-172.92205547,162.89326753
70.25935216,-172.89207263,162.92341887
70.16315491,-172.86211767,162.95257146
70.06696566,-172.83222550,162.98070032
69.97078165,-172.80240773,163.00777835
69.87460530,-172.77265890,163.03377809
69.77844238,-172.74296255,163.05867340
69.68230049,-172.71329597,163.08243949
69.58618773,-172.68363474,163.10505263
69.49011163,-172.65395613,163.12649019
69.39407823,-172.62424209,163.14673090
69.29809147,-172.59448155,163.16575435
69.20215265,-172.56467197,163.18354153
69.10624575,-172.53486768,163.20007501
69.01036547,-172.50508776,163.21533862
68.91450698,-172.47534958,163.22931848
68.81866586,-172.44566902,163.24200645
68.72284491,-172.41603762,163.25339601
68.62703515,-172.38648606,163.26348274
68.53121744,-172.35707869,163.27226430
68.43537650,-172.32786686,163.27973895
68.33952829,-172.29879769,163.28590684
68.24368515,-172.26983013,163.29076915
68.14783592,-172.24100116,163.29432950
68.05199147,-172.21227412,163.29659439
67.95617616,-172.18356712,163.29757289
67.86040572,-172.15482670,163.29727871
67.76468102,-172.12604888,163.29572561
67.66898425,-172.09729151,163.29292823
67.57329327,-172.06862693,163.28890340
67.47759879,-172.04008437,163.28366742
67.38191302,-172.01162131,163.27723890
67.28622920,-171.98325805,163.26963958
67.19053104,-171.95504655,163.26089418
67.09483532,-171.92692823,163.25102994
66.99916179,-171.89883452,163.24007564
66.90351704,-171.87074071,163.22806262
66.80790031,-171.84264647,163.21502173
66.71231651,-171.81453259,163.20098203
66.61677083,-171.78637895,163.18597422
66.52126876,-171.75816446,163.17002969
66.42582596,-171.72983471,163.15318131
66.33044122,-171.70139078,163.13546364
66.23511087,-171.67284197,163.11691085
66.13982932,-171.64420410,163.09755456
66.04458971,-171.61549736,163.07742334
65.94938479,-171.58674351,163.05654296
65.85420794,-171.55796235,163.03493454
65.75905439,-171.52916784,163.01261527
65.66392260,-171.50036339,162.98960273
65.56881597,-171.47153631,162.96591515
65.47374469,-171.44265170,162.94156895
65.37870298,-171.41372744,162.91657878
65.28369072,-171.38476301,162.89095725
65.18870789,-171.35575782,162.86471185
65.09375464,-171.32671107,162.83784596
64.99883116,-171.29762203,162.81036089
64.90393773,-171.26848974,162.78225650
64.80907457,-171.23931338,162.75353323
64.71424188,-171.21009203,162.72419488
64.61943990,-171.18082441,162.69424945
64.52466894,-171.15150889,162.66370695
64.42992934,-171.12214361,162.63257832
64.33522149,-171.09272646,162.60087500
64.24054577,-171.06325523,162.56860921
64.14590256,-171.03372772,162.53579319
64.05129208,-171.00414196,162.50244195
63.95671444,-170.97449605,162.46857390
63.86216953,-170.94478831,162.43421165
63.76765717,-170.91501711,162.39938544
63.67317707,-170.88518071,162.36413043
63.57872890,-170.85527729,162.32848318
63.48431233,-170.82530512,162.29247933
63.38992696,-170.79526253,162.25615424
63.29557240,-170.76514808,162.21954272
63.20124812,-170.73496059,162.18267720
63.10695346,-170.70469928,162.14559234
63.01268764,-170.67436348,162.10832602
62.91844978,-170.64395265,162.07091965
62.82423897,-170.61346617,162.03341920
62.73005430,-170.58290325,161.99587120
62.63589494,-170.55226297,161.95832102
62.54176008,-170.52154444,161.92081209
62.44764884,-170.49074701,161.88338559
62.35356033,-170.45987018,161.84608074
62.25949350,-170.42891376,161.80893784
62.16544717,-170.39787790,161.77200082
62.07142002,-170.36676278,161.73531835
61.97741071,-170.33556863,161.69894194
61.88341788,-170.30429558,161.66292347
61.78944021,-170.27294372,161.62731394
61.69547643,-170.24151326,161.59216048
61.60152524,-170.21000471,161.55750486
61.50758531,-170.17841877,161.52338661
61.41365523,-170.14675658,161.48984432
61.31973344,-170.11501955,161.45691716
61.22581838,-170.08320915,161.42464675
61.13190843,-170.05132693,161.39307688
61.03800206,-170.01937425,161.36225049
60.94409779,-169.98735249,161.33220667
60.85019423,-169.95526306,161.30298045
60.75629003,-169.92310752,161.27460105
60.66239011,-169.89086925,161.24709517
60.56848106,-169.85858546,161.22048826
60.47455725,-169.82627052,161.19480555
60.38061871,-169.79392224,161.17007452
60.28666927,-169.76152733,161.14632268
60.19271489,-169.72906641,161.12357735
60.09876228,-169.69651798,161.10186398
60.00481757,-169.66386235,161.08120475
59.91088537,-169.63108437,161.06162124
59.81696783,-169.59817591,161.04313631
59.72306410,-169.56513748,161.02577543
59.62915408,-169.53202563,161.00956606
59.53522930,-169.49886248,160.99454032
59.44128174,-169.46566882,160.98073141
59.34730386,-169.43246406,160.96816954
59.25329600,-169.39924496,160.95688254
59.15924644,-169.36604331,160.94689303
59.06512342,-169.33294916,160.93821955
58.97092783,-169.29995833,160.93087907
58.87667026,-169.26703868,160.92488767
58.78234558,-169.23420372,160.92026034
58.68794346,-169.20148207,160.91701229
58.59348900,-169.16880030,160.91515798
58.49899986,-169.13610666,160.91470552
58.40447502,-169.10340388,160.91565762
58.30991305,-169.07069626,160.91801284
58.21529352,-169.03804340,160.92176417
58.12059095,-169.00551980,160.92690186
58.02581511,-168.97309827,160.93341485
57.93096749,-168.94077594,160.94129004
57.83603519,-168.90859170,160.95051109
57.74101851,-168.87654680,160.96105854
57.64594911,-168.84455203,160.97290642
57.55083690,-168.81258154,160.98602142
57.45568104,-168.78064083,161.00036631
57.36048851,-168.74871295,161.01590121
57.26526683,-168.71677948,161.03258391
57.17002406,-168.68482040,161.05037261
57.07478051,-168.65277973,161.06922659
56.97953641,-168.62066036,161.08910292
56.88428902,-168.58847399,161.10995542
56.78903320,-168.55623955,161.13173338
56.69376237,-168.52398049,161.15438139
56.59846947,-168.49172197,161.17784153
56.50314821,-168.45948704,161.20205439
56.40779447,-168.42729249,161.22696027
56.31240805,-168.39514366,161.25249990
56.21699462,-168.36302879,161.27861610
56.12156790,-168.33091240,161.30525129
56.02612232,-168.29881555,161.33234518
55.93065892,-168.26673994,161.35983804
55.83517870,-168.23468727,161.38766961
55.73968272,-168.20265896,161.41578200
55.64417199,-168.17065634,161.44412085
55.54864751,-168.13868056,161.47263538
55.45311016,-168.10673281,161.50127879
55.35756081,-168.07481430,161.53000651
55.26200027,-168.04292630,161.55877485
55.16642933,-168.01107015,161.58753700
55.07084887,-167.97924696,161.61624532
54.97525985,-167.94745750,161.64485375
54.87966326,-167.91570236,161.67331740
54.78406013,-167.88398173,161.70159523
54.68845138,-167.85229580,161.72965055
54.59283797,-167.82064452,161.75745093
54.49722071,-167.78902810,161.78496580
54.40160046,-167.75744671,161.81216388
54.30597808,-167.72590058,161.83901144
54.21035447,-167.69438990,161.86547122
54.11473070,-167.66291450,161.89150424
54.01910789,-167.63147397,161.91707285
53.92348712,-167.60006792,161.94214234
53.82786948,-167.56869570,161.96668102
53.73225587,-167.53735696,161.99066043
53.63664716,-167.50605137,162.01405586
53.54105011,-167.47476017,162.03684280
53.44545395,-167.44351906,162.05899469
53.34985505,-167.41234156,162.08048567
53.25425510,-167.38122460,162.10128873
53.15865945,-167.35015364,162.12137827
53.06307555,-167.31910719,162.14073536
52.96751159,-167.28806112,162.15934459
52.87197548,-167.25699187,162.17719465
52.77647385,-167.22587967,162.19427717
52.68101138,-167.19471075,162.21058335
52.58559022,-167.16347943,162.22610255
52.49019429,-167.13223681,162.24081861
52.39481856,-167.10100007,162.25471399
52.29945843,-167.06978532,162.26776785
52.20410967,-167.03860746,162.27995981
52.10877323,-167.00746523,162.29127273
52.01344525,-166.97637222,162.30169072
51.91810488,-166.94539539,162.31120112
51.82274108,-166.91457081,162.31979164
51.72735154,-166.88390692,162.32745032
51.63194155,-166.85338831,162.33416648
51.53653240,-166.82294895,162.33992999
51.44113126,-166.79256689,162.34473379
51.34574698,-166.76221455,162.34857579
51.25038923,-166.73186138,162.35146095
51.15506754,-166.70147691,162.35339727
51.05977816,-166.67107203,162.35439579
50.96450407,-166.64069914,162.35447042
50.86924861,-166.61034660,162.35363464
50.77400094,-166.58004693,162.35190406
50.67876122,-166.54979785,162.34929723
50.58354035,-166.51956282,162.34583910
50.48833501,-166.48934960,162.34156022
50.39316360,-166.45909753,162.33649716
50.29802537,-166.42880579,162.33069045
50.20291098,-166.39850058,162.32417737
50.10781137,-166.36820745,162.31699154
50.01271865,-166.33794868,162.30916122
49.91762697,-166.30774061,162.30070646
49.82251677,-166.27764307,162.29164208
49.72738489,-166.24766443,162.28198066
49.63223577,-166.21778949,162.27173565
49.53708235,-166.18797632,162.26092157
49.44194690,-166.15815392,162.24955334
49.34683004,-166.12831916,162.23764565
49.25173336,-166.09846601,162.22521100
49.15666181,-166.06857820,162.21225942
49.06162048,-166.03863908,162.19879902
48.96661472,-166.00863138,162.18483626
48.87166070,-165.97850454,162.17037722
48.77675594,-165.94826565,162.15542942
48.68189572,-165.91792899,162.14000243
48.58707366,-165.88751377,162.12410576
48.49228253,-165.85704196,162.10774744
48.39751507,-165.82653541,162.09093508
48.30276505,-165.79601258,162.07367730
48.20802841,-165.76548489,162.05598619
48.11330454,-165.73495243,162.03788079
48.01859790,-165.70439909,162.01938891
47.92391975,-165.67378717,162.00054529
47.82926339,-165.64313422,161.98139133
47.73462825,-165.61243854,161.96197196
47.64001378,-165.58169847,161.94232942
47.54541932,-165.55091278,161.92250179
47.45084416,-165.52008061,161.90252491
47.35628750,-165.48920148,161.88243175
47.26174844,-165.45827534,161.86225510
47.16722594,-165.42730239,161.84203070
47.07271899,-165.39628273,161.82179706
46.97822652,-165.36521653,161.80159280
46.88374749,-165.33410396,161.78145650
46.78928094,-165.30294503,161.76142516
46.69482591,-165.27173988,161.74153118
46.60038144,-165.24048895,161.72180396
46.50594646,-165.20919296,161.70227276
46.41151996,-165.17785264,161.68296595
46.31710087,-165.14646897,161.66391166
46.22268818,-165.11504280,161.64513922
46.12828745,-165.08355545,161.62667506
46.03388592,-165.05204336,161.60854170
45.93947814,-165.02052118,161.59075979
45.84506417,-164.98898715,161.57334721
45.75064788,-164.95742820,161.55631990
45.65623540,-164.92582441,161.53969532
45.56183385,-164.89415277,161.52349549
45.46745030,-164.86239039,161.50774456
45.37309071,-164.83051770,161.49246773
45.27875924,-164.79852050,161.47769117
45.18445761,-164.76639213,161.46343492
45.09016821,-164.73418395,161.44971584
44.99588455,-164.70191401,161.43654925
44.90160035,-164.66959974,161.42394885
44.80730938,-164.63725810,161.41193117
44.71300914,-164.60489492,161.40051652
44.61869720,-164.57251546,161.38972989
44.52434893,-164.54019071,161.37959723
44.42994966,-164.50796213,161.37014324
44.33549389,-164.47584428,161.36138957
44.24098418,-164.44382799,161.35335139
44.14644056,-164.41185277,161.34604015
44.05186842,-164.37990161,161.33946500
43.95727517,-164.34795159,161.33363554
43.86266928,-164.31597658,161.32856413
43.76805945,-164.28394988,161.32426359
43.67344466,-164.25187378,161.32074627
43.57880456,-164.21980794,161.31802205
43.48413490,-164.18776477,161.31609373
43.38943566,-164.15574463,161.31495708
43.29471223,-164.12373221,161.31460201
43.19997664,-164.09169292,161.31501486
43.10522902,-164.05962743,161.31618128
43.01045673,-164.02757413,161.31808841
42.91565378,-163.99555170,161.32072665
42.82081955,-163.96356272,161.32408787
42.72595768,-163.93159704,161.32816613
42.63108781,-163.89959698,161.33295703
42.53621113,-163.86755940,161.33845455
42.44131760,-163.83551444,161.34465248
42.34639729,-163.80349183,161.35154618
42.25144134,-163.77151795,161.35913498
42.15644287,-163.73961329,161.36742067
42.06137971,-163.70784352,161.37640588
41.96624751,-163.67622161,161.38609329
41.87105022,-163.64473610,161.39648387
41.77580130,-163.61334758,161.40757486
41.68052462,-163.58198588,161.41935841
41.58522252,-163.55064473,161.43182511
41.48989617,-163.51932142,161.44496525
41.39455117,-163.48800001,161.45876937
41.29919345,-163.45666355,161.47323062
41.20382922,-163.42529433,161.48834186
41.10847627,-163.39384002,161.50409100
41.01313270,-163.36230784,161.52046044
40.91779406,-163.33071305,161.53742602
40.82245410,-163.29907694,161.55495361
40.72710562,-163.26742405,161.57300155
40.63174138,-163.23577924,161.59152916
40.53635513,-163.20416449,161.61049652
40.44094295,-163.17259462,161.62986564
40.34550467,-163.14107294,161.64960467
40.25004556,-163.10958614,161.66968504
40.15457835,-163.07809846,161.69007903
40.05909676,-163.04663093,161.71076038
39.96360115,-163.01518483,161.73170190
39.86809191,-162.98376133,161.75287355
39.77256954,-162.95236126,161.77424442
39.67703455,-162.92098553,161.79578597
39.58148738,-162.88963517,161.81747002
39.48592841,-162.85831132,161.83926988
39.39035785,-162.82701544,161.86116054
39.29477586,-162.79574905,161.88311805
39.19918249,-162.76451375,161.90512121
39.10357777,-162.73331079,161.92715230
39.00796168,-162.70214126,161.94919860
38.91233422,-162.67100568,161.97125268
38.81669539,-162.63990418,161.99331422
38.72104522,-162.60883658,162.01538651
38.62538380,-162.57780257,162.03747286
38.52971140,-162.54680155,162.05957396
38.43402844,-162.51583299,162.08168169
38.33833563,-162.48489593,162.10377970
38.24263389,-162.45398944,162.12584368
38.14692439,-162.42311221,162.14784399
38.05120836,-162.39226302,162.16974879
37.95548705,-162.36144057,162.19152614
37.85976164,-162.33064384,162.21314668
37.76403320,-162.29987207,162.23458124
37.66830269,-162.26912490,162.25580076
37.57257101,-162.23840225,162.27677474
37.47683902,-162.20770414,162.29746920
37.38110769,-162.17703051,162.31784940
37.28537793,-162.14638136,162.33787978
37.18965688,-162.11573707,162.35752612
37.09393404,-162.08513357,162.37675710
36.99820577,-162.05458501,162.39554278
36.90247350,-162.02408940,162.41385546
36.80674215,-161.99363352,162.43166980
36.71101877,-161.96319726,162.44896135
36.61531131,-161.93275734,162.46570562
36.51962762,-161.90229051,162.48188219
36.42397450,-161.87177645,162.49747535
36.32835694,-161.84120013,162.51247401
36.23277754,-161.81055376,162.52687382
36.13722046,-161.77988751,162.54067483
36.04168054,-161.74921779,162.55387725
35.94615285,-161.71856022,162.56648303
35.85063274,-161.68792961,162.57849370
35.75511929,-161.65732893,162.58990767
35.65961127,-161.62676215,162.60072395
35.56408728,-161.59629767,162.61094333
35.46853519,-161.56597422,162.62056841
35.37295123,-161.53580371,162.62960424
35.27733901,-161.50577431,162.63805801
35.18171822,-161.47582277,162.64593634
35.08609484,-161.44592977,162.65324238
34.99047670,-161.41607013,162.65997754
34.89487265,-161.38621549,162.66614196
34.79929168,-161.35633693,162.67173612
34.70373321,-161.32643586,162.67676326
34.60817925,-161.29656930,162.68123025
34.51262637,-161.26674739,162.68514845
34.41707489,-161.23696812,162.68853079
34.32153007,-161.20721371,162.69139063
34.22600317,-161.17744702,162.69374015
34.13048776,-161.14768775,162.69558929
34.03498383,-161.11793499,162.69694639
33.93949134,-161.08818783,162.69782169
33.84401015,-161.05844535,162.69822981
33.74854001,-161.02870664,162.69818865
33.65308056,-160.99897078,162.69772360
33.55763135,-160.96923689,162.69686466
33.46219185,-160.93950411,162.69564134
33.36676153,-160.90977163,162.69408370
33.27133982,-160.88003870,162.69221928
33.17592623,-160.85030463,162.69007437
33.08052021,-160.82056875,162.68767368
32.98512121,-160.79083045,162.68504299
32.88972862,-160.76108914,162.68221120
32.79434181,-160.73134430,162.67920736
32.69896011,-160.70159542,162.67606417
32.60358287,-160.67184207,162.67281273
32.50820944,-160.64208389,162.66947975
32.41283924,-160.61232056,162.66609068
32.31747166,-160.58255183,162.66266742
32.22210615,-160.55277746,162.65923150
32.12674209,-160.52299727,162.65580675
32.03137880,-160.49321108,162.65241928
31.93601556,-160.46341878,162.64909815
31.84065164,-160.43362026,162.64587339
31.74528628,-160.40381550,162.64277471
31.64991879,-160.37400455,162.63982753
31.55454850,-160.34418748,162.63705380
31.45917477,-160.31436444,162.63447369
31.36379697,-160.28453559,162.63210613
31.26841443,-160.25470114,162.62997210
31.17302641,-160.22486130,162.62809557
31.07763211,-160.19501631,162.62650426
30.98223070,-160.16516646,162.62522785
30.88682136,-160.13531210,162.62429413
30.79140329,-160.10545362,162.62372709
30.69597583,-160.07559152,162.62354674
30.60053836,-160.04572631,162.62376785
30.50509039,-160.01585860,162.62440054
30.40963148,-159.98598900,162.62545259
30.31416121,-159.95611815,162.62693148
30.21867918,-159.92624673,162.62884435
30.12318499,-159.89637540,162.63119894
30.02767825,-159.86650486,162.63400365
29.93215855,-159.83663582,162.63726384
29.83662553,-159.80676900,162.64098406
29.74107883,-159.77690514,162.64517002
29.64551811,-159.74704499,162.64982436
29.54994312,-159.71718933,162.65494784
29.45435364,-159.68733895,162.66053935
29.35874957,-159.65749468,162.66659493
29.26313096,-159.62765739,162.67310551
29.16749801,-159.59782796,162.68005358
29.07185106,-159.56800728,162.68741595
28.97619061,-159.53819625,162.69516323
28.88051724,-159.50839572,162.70326174
28.78483160,-159.47860650,162.71167874
28.68913428,-159.44882936,162.72038290
28.59342586,-159.41906495,162.72934535
28.49770687,-159.38931390,162.73854140
28.40197777,-159.35957675,162.74794889
28.30623904,-159.32985404,162.75754710
28.21049115,-159.30014623,162.76731292
28.11473462,-159.27045378,162.77722207
28.01897001,-159.24077709,162.78724965
27.92319791,-159.21111655,162.79736789
27.82741891,-159.18147248,162.80755094
27.73163361,-159.15184516,162.81777423
27.63584260,-159.12223482,162.82801424
27.54004643,-159.09264166,162.83824888
27.44424564,-159.06306579,162.84845737
27.34844073,-159.03350731,162.85862046
27.25263220,-159.00396628,162.86871920
27.15682050,-158.97444269,162.87873681
27.06100606,-158.94493653,162.88865670
26.96518929,-158.91544770,162.89846486
26.86937058,-158.88597614,162.90814924
26.77355036,-158.85652171,162.91769664
26.67772907,-158.82708429,162.92709343
26.58190720,-158.79766376,162.93632320
26.48608532,-158.76825995,162.94536718
26.39026404,-158.73887269,162.95420409
26.29444396,-158.70950177,162.96281230
26.19862570,-158.68014693,162.97117203
26.10280980,-158.65080787,162.97926576
26.00699673,-158.62148424,162.98708112
25.91118688,-158.59217562,162.99461011
25.81538054,-158.56288157,163.00184680
25.71957798,-158.53360165,163.00878740
25.62377939,-158.50433535,163.01543064
25.52798496,-158.47508220,163.02177546
25.43219484,-158.44584169,163.02782076
25.33640918,-158.41661331,163.03356655
25.24062808,-158.38739655,163.03901504
25.14485167,-158.35819090,163.04416822
25.04908005,-158.32899586,163.04902780
24.95331334,-158.29981093,163.05359675
24.85755164,-158.27063560,163.05787608
24.76179506,-158.24146939,163.06186630
24.66604367,-158.21231178,163.06556942
24.57029752,-158.18316227,163.06898971
24.47455662,-158.15402034,163.07213233
24.37882092,-158.12488548,163.07500444
24.28309037,-158.09575720,163.07761621
24.18736491,-158.06663499,163.07997591
24.09164450,-158.03751840,163.08209057
23.99592913,-158.00840698,163.08396576
23.90021878,-157.97930030,163.08560583
23.80451345,-157.95019792,163.08701396
23.70881306,-157.92109941,163.08819605
23.61311747,-157.89200430,163.08916308
23.51742643,-157.86291216,163.08992879
23.42173962,-157.83382252,163.09051128
23.32605665,-157.80473495,163.09093162
23.23037710,-157.77564906,163.09121109
23.13470055,-157.74656446,163.09136829
23.03902661,-157.71748084,163.09142144
22.94335486,-157.68839790,163.09138760
22.84768487,-157.65931536,163.09128269
22.75201619,-157.63023297,163.09112624
22.65634830,-157.60115049,163.09093991
22.56068067,-157.57206774,163.09074659
22.46501278,-157.54298456,163.09056895
22.36934413,-157.51390085,163.09042778
22.27367430,-157.48481657,163.09033946
22.17800294,-157.45573171,163.09031440
22.08232978,-157.42664632,163.09036185
21.98665457,-157.39756047,163.09048811
21.89097709,-157.36847423,163.09069835
21.79529714,-157.33938770,163.09100090
21.69961448,-157.31030099,163.09140333
21.60392893,-157.28121423,163.09191292
21.50824036,-157.25212758,163.09253441
21.41254869,-157.22304123,163.09326795
21.31685396,-157.19395538,163.09410985
21.22115623,-157.16487026,163.09505223
21.12545567,-157.13578608,163.09608765
21.02975242,-157.10670306,163.09720717
20.93404662,-157.07762138,163.09840227
20.83833843,-157.04854122,163.09966748
20.74262796,-157.01946273,163.10099702
20.64691536,-156.99038608,163.10238549
20.55120078,-156.96131141,163.10382563
20.45548440,-156.93223887,163.10530833
20.35976643,-156.90316858,163.10682411
20.26404711,-156.87410068,163.10836173
20.16832670,-156.84503526,163.10991103
20.07260548,-156.81597243,163.11146126
19.97688373,-156.78691227,163.11300098
19.88116178,-156.75785484,163.11451840
19.78543997,-156.72880019,163.11600120
19.68971867,-156.69974837,163.11743496
19.59399825,-156.67069938,163.11880479
19.49827910,-156.64165320,163.12009660
19.40256153,-156.61260979,163.12129718
19.30684585,-156.58356905,163.12239749
19.21113230,-156.55453087,163.12339022
19.11542113,-156.52549512,163.12426946
19.01971254,-156.49646166,163.12503000
18.92400679,-156.46743033,163.12566462
18.82830415,-156.43840098,163.12616505
18.73260497,-156.40937347,163.12652082
18.63690958,-156.38034762,163.12671949
18.54121833,-156.35132324,163.12674958
18.44553151,-156.32230010,163.12660066
18.34984940,-156.29327795,163.12626746
18.25417216,-156.26425650,163.12574739
18.15849994,-156.23523545,163.12503977
18.06283281,-156.20621449,163.12414540
17.96717086,-156.17719329,163.12306510
17.87151416,-156.14817155,163.12180050
17.77586278,-156.11914895,163.12035164
17.68021680,-156.09012518,163.11871758
17.58457630,-156.06109993,163.11689920
17.48894135,-156.03207288,163.11489655
17.39331203,-156.00304371,163.11271207
17.29768840,-155.97401213,163.11034768
17.20207054,-155.94497783,163.10780343
17.10645853,-155.91594051,163.10507954
17.01085245,-155.88689985,163.10217618
16.91525236,-155.85785556,163.09909423
16.81965827,-155.82880732,163.09583401
16.72407018,-155.79975479,163.09240038
16.62848801,-155.77069765,163.08880091
16.53291168,-155.74163558,163.08504244
16.43734111,-155.71256827,163.08113278
16.34177624,-155.68349544,163.07707762
16.24621710,-155.65441683,163.07287881
16.15066378,-155.62533221,163.06853537
16.05511643,-155.59624136,163.06404325
15.95957528,-155.56714407,163.05939644
15.86404056,-155.53804013,163.05458683
15.76851255,-155.50892931,163.04960753
15.67299150,-155.47981140,163.04445256
15.57747770,-155.45068613,163.03911420
15.48197138,-155.42155325,163.03358675
15.38647278,-155.39241247,163.02786520
15.29098213,-155.36326353,163.02194293
15.19549966,-155.33410610,163.01581568
15.10002560,-155.30493989,163.00947986
15.00456015,-155.27576458,163.00293029
14.90910357,-155.24657984,162.99616202
14.81365606,-155.21738536,162.98917106
14.71821786,-155.18818078,162.98195283
14.62278919,-155.15896575,162.97450235
14.52737649,-155.12971955,162.96681698
14.43196878,-155.10047802,162.95889492
14.33656120,-155.07125695,162.95073577
14.24115374,-155.04205624,162.94234213
14.14575008,-155.01286371,162.93371704
14.05036927,-154.98361726,162.92486255
13.95500896,-154.95432457,162.91577964
13.85966099,-154.92501227,162.90646686
13.76431764,-154.89570580,162.89691953
13.66897235,-154.86642691,162.88713121
13.57362052,-154.83719117,162.87709269
13.47824429,-154.80805731,162.86679427
13.38284184,-154.77903187,162.85622766
13.28741851,-154.75009814,162.84538420
13.19198766,-154.72121350,162.83425548
13.09657126,-154.69230737,162.82283284
13.00116807,-154.66338486,162.81110457
12.90578075,-154.63443840,162.79905817
12.81041427,-154.60545324,162.78668051
12.71507369,-154.57641424,162.77395642
12.61976420,-154.54730593,162.76087173
12.52450129,-154.51807975,162.74741480
12.42928222,-154.48874556,162.73357562
12.33410211,-154.45932007,162.71934520
12.23895451,-154.42982486,162.70471604
12.14383226,-154.40028375,162.68968112
12.04872838,-154.37072001,162.67423131
11.95363701,-154.34115317,162.65835784
11.85855463,-154.31159529,162.64205233
11.76348131,-154.28204678,162.62530594
11.66842211,-154.25249200,162.60811196
11.57338870,-154.22289400,162.59046521
11.47837538,-154.19327149,162.57236165
11.38338256,-154.16362344,162.55379815
11.28841062,-154.13394888,162.53477301
11.19345998,-154.10424668,162.51528529
11.09853101,-154.07451571,162.49533322
11.00362408,-154.04475491,162.47491557
10.90873953,-154.01496318,162.45403348
10.81387772,-153.98513936,162.43268796
10.71903896,-153.95528230,162.41088077
10.62422362,-153.92539063,162.38861602
10.52943201,-153.89546301,162.36589825
10.43466443,-153.86549797,162.34273271
10.33992117,-153.83549406,162.31912752
10.24520243,-153.80544976,162.29509341
10.15050836,-153.77536358,162.27064254
10.05583905,-153.74523409,162.24578926
9.96119445,-153.71505989,162.22055208
9.86657458,-153.68483943,162.19495158
9.77197930,-153.65457131,162.16900963
9.67740856,-153.62425392,162.14274915
9.58286216,-153.59388590,162.11619345
9.48833995,-153.56346573,162.08936761
9.39384164,-153.53299218,162.06229726
9.29936688,-153.50246405,162.03501034
9.20491516,-153.47188034,162.00753744
9.11048594,-153.44124010,161.97991129
9.01607850,-153.41054260,161.95216846
8.92169212,-153.37978711,161.92434714
8.82732597,-153.34897306,161.89648599
8.73297927,-153.31809990,161.86862212
8.63865111,-153.28716745,161.84079217
8.54434063,-153.25617555,161.81303101
8.45004690,-153.22512436,161.78537033
8.35576897,-153.19401412,161.75784296
8.26150584,-153.16284525,161.73048204
8.16725655,-153.13161810,161.70331971
8.07302011,-153.10033308,161.67638817
7.97879559,-153.06899050,161.64972039
7.88458209,-153.03759057,161.62334803
7.79037873,-153.00613360,161.59730027
7.69618461,-152.97461999,161.57160595
7.60199881,-152.94305011,161.54629360
7.50782035,-152.91142461,161.52139187
7.41364822,-152.87974416,161.49693044
7.31948137,-152.84800948,161.47294042
7.22531879,-152.81622124,161.44945262
7.13116606,-152.78436054,161.42649623
7.03700960,-152.75246538,161.40410121
6.94284370,-152.72055047,161.38229374
6.84866843,-152.68861357,161.36109844
6.75448780,-152.65664076,161.34053971
6.66030819,-152.62461130,161.32064142
6.56613683,-152.59250187,161.30142872
6.47198070,-152.56028996,161.28292723
6.37784538,-152.52795707,161.26516381
6.28373434,-152.49549098,161.24816472
6.18964817,-152.46288797,161.23195668
6.09556732,-152.43020388,161.21656658
6.00148413,-152.39745919,161.20201830
5.90739122,-152.36467368,161.18833588
5.81328155,-152.33186610,161.17554234
5.71915371,-152.29903878,161.16365891
5.62500135,-152.26620854,161.15270632
5.53079885,-152.23344860,161.14270389
5.43653163,-152.20079994,161.13367030
5.34219503,-152.16827454,161.12562242
5.24779300,-152.13585946,161.11857696
5.15334753,-152.10348909,161.11254897
5.05886500,-152.07114369,161.10755087
4.96436122,-152.03877608,161.10359410
4.86983284,-152.00639524,161.10068860
4.77528308,-151.97399117,161.09884179
4.68070623,-151.94158021,161.09805844
4.58608595,-151.90920989,161.09834217
4.49143657,-151.87683815,161.09969511
4.39676419,-151.84444708,161.10211748
4.30206393,-151.81205104,161.10560879
4.20733740,-151.77964544,161.11016839
4.11256707,-151.74728166,161.11579522
4.01774471,-151.71498400,161.12248844
3.92284617,-151.68282338,161.13024653
3.82786537,-151.65081810,161.13906568
3.73280487,-151.61896136,161.14894133
3.63767737,-151.58721689,161.15986592
3.54250685,-151.55551562,161.17182884
3.44730000,-151.52383903,161.18481890
3.35205620,-151.49219013,161.19882291
3.25678136,-151.46055285,161.21382678
3.16148180,-151.42890985,161.22981629
3.06616430,-151.39724259,161.24677705
2.97084775,-151.36549655,161.26469197
2.87553095,-151.33367688,161.28354132
2.78020990,-151.30179715,161.30330269
2.68487848,-151.26987747,161.32394959
2.58952930,-151.23794198,161.34545283
2.49415469,-151.20601590,161.36778011
2.39874791,-151.17412191,161.39089726
2.30330455,-151.14227593,161.41476950
2.20782420,-151.11048223,161.43936130
2.11231221,-151.07872808,161.46463564
2.01678193,-151.04697707,161.49055434
1.92122736,-151.01525022,161.51707806
1.82564916,-150.98354886,161.54416619
1.73004801,-150.95187431,161.57177812
1.63442459,-150.92022789,161.59987221
1.53877960,-150.88861082,161.62840750
1.44311372,-150.85702425,161.65734467
1.34742764,-150.82546925,161.68664562
1.25172205,-150.79394688,161.71627457
1.15599758,-150.76245812,161.74619459
1.06025497,-150.73100378,161.77636975
0.96449491,-150.69958469,161.80676502
0.86871819,-150.66820152,161.83734367
0.77292563,-150.63685480,161.86806867
0.67711807,-150.60554512,161.89890177
0.58129642,-150.57427280,161.92980501
0.48546159,-150.54303831,161.96074037
0.38961451,-150.51184195,161.99166971
0.29375609,-150.48068412,162.02255508
0.19788726,-150.44956505,162.05335814
0.10200901,-150.41848484,162.08404209
0.00612231,-150.38744357,162.11457059
-0.08977185,-150.35644116,162.14490681
-0.18567242,-150.32547736,162.17501615
-0.28157838,-150.29455196,162.20486351
-0.37748860,-150.26366453,162.23441317
-0.47340198,-150.23281477,162.26362874
-0.56931732,-150.20200225,162.29247195
-0.66523342,-150.17122659,162.32090205
-0.76114901,-150.14048728,162.34887745
-0.85706279,-150.10978379,162.37635694
-0.95297351,-150.07911563,162.40329974
-1.04887997,-150.04848238,162.42966638
-1.14478099,-150.01788359,162.45542004
-1.24067556,-149.98731913,162.48052550
-1.33655668,-149.95676970,162.50494865
-1.43243471,-149.92627126,162.52865734
-1.52831292,-149.89583706,162.55161987
-1.62418942,-149.86546372,162.57380618
-1.72005883,-149.83513645,162.59518822
-1.81591378,-149.80483388,162.61574202
-1.91174620,-149.77453200,162.63544750
-2.00754839,-149.74420781,162.65428625
-2.10331390,-149.71384204,162.67224265
-2.19903830,-149.68342177,162.68930175
-2.29471961,-149.65294187,162.70544937
-2.39037387,-149.62245471,162.72067288
-2.48600623,-149.59197801,162.73495913
-2.58162154,-149.56152830,162.74829701
-2.67722427,-149.53112084,162.76067847
-2.77281332,-149.50075268,162.77209917
-2.86839405,-149.47044146,162.78255768
-2.96398700,-149.44025384,162.79205527
-3.05960295,-149.41022475,162.80059452
-3.15524405,-149.38036108,162.80817820
-3.25090499,-149.35064550,162.81481093
-3.34656486,-149.32100997,162.82049869
-3.44221662,-149.29143126,162.82524759
-3.53785161,-149.26188070,162.82906534
-3.63346043,-149.23232703,162.83196320
-3.72903377,-149.20273920,162.83395319
-3.82457674,-149.17313255,162.83504787
-3.92010552,-149.14355829,162.83526208
-4.01562324,-149.11402522,162.83460972
-4.11112274,-149.08450886,162.83310551
-4.20660996,-149.05502695,162.83076626
-4.30207899,-149.02555867,162.82760986
-4.39753659,-148.99612414,162.82365654
-4.49297925,-148.96671010,162.81892863
-4.58838776,-148.93725247,162.81344978
-4.68376403,-148.90775543,162.80724308
-4.77911702,-148.87824581,162.80033252
-4.87445544,-148.84874950,162.79274250
-4.96978686,-148.81928872,162.78449616
-5.06511693,-148.78987929,162.77561845
-5.16046493,-148.76058102,162.76613653
-5.25583378,-148.73140070,162.75607855
-5.35121882,-148.70232062,162.74547340
-5.44660695,-148.67329586,162.73435025
-5.54197589,-148.64425197,162.72273792
-5.63732659,-148.61518959,162.71066268
-5.73265706,-148.58610004,162.69815060
-5.82796267,-148.55696610,162.68522730
-5.92323869,-148.52777027,162.67191872
-6.01848026,-148.49849465,162.65825310
-6.11367195,-148.46908767,162.64425914
-6.20881695,-148.43955722,162.62996666
-6.30392084,-148.40991889,162.61540364
-6.39899095,-148.38019392,162.60059712
-6.49403550,-148.35040648,162.58557275
-6.58906271,-148.32058079,162.57035258
-6.68407973,-148.29073773,162.55495954
-6.77909142,-148.26089069,162.53941709
-6.87409895,-148.23104134,162.52374922
-6.96909823,-148.20117444,162.50798167
-7.06407827,-148.17125276,162.49214065
-7.15904574,-148.14129538,162.47625287
-7.25400109,-148.11130150,162.46034391
-7.34894481,-148.08127035,162.44444007
-7.44387128,-148.05118195,162.42856921
-7.53879243,-148.02107123,162.41275986
-7.63371346,-147.99095180,162.39704404
-7.72863453,-147.96082111,162.38145692
-7.82355224,-147.93066544,162.36603647
-7.91846101,-147.90046399,162.35082131
-8.01335428,-147.87019302,162.33584968
-8.10822553,-147.83982898,162.32115849
-8.20306922,-147.80935163,162.30678299
-8.29788163,-147.77874652,162.29275744
-8.39266141,-147.74800678,162.27911384
-8.48742560,-147.71718334,162.26588287
-8.58218078,-147.68629422,162.25309555
-8.67693339,-147.65535690,162.24078375
-8.77168975,-147.62438835,162.22897977
-8.86645303,-147.59339580,162.21771421
-8.96122475,-147.56238124,162.20701930
-9.05602879,-147.53141625,162.19692695
-9.15087964,-147.50054325,162.18746571
-9.24578316,-147.46977798,162.17866321
-9.34073755,-147.43911257,162.17054373
-9.43572444,-147.40848798,162.16312937
-9.53073919,-147.37788799,162.15643980
-9.62577515,-147.34729034,162.15049282
-9.72082450,-147.31666929,162.14530449
-9.81587914,-147.28599837,162.14088955
-9.91093905,-147.25527634,162.13726291
-10.00602419,-147.22456405,162.13443852
-10.10113224,-147.19385311,162.13242992
-10.19627534,-147.16317987,162.13125142
-10.29145462,-147.13254660,162.13091757
-10.38665999,-147.10192076,162.13144453
-10.48189538,-147.07131342,162.13284681
-10.57714406,-147.04067158,162.13513731
-10.67240262,-147.00998383,162.13832659
-10.76768109,-146.97928068,162.14242104
-10.86298945,-146.94859269,162.14742590
-10.95833672,-146.91794760,162.15334408
-11.05373010,-146.88736768,162.16017852
-11.14919106,-146.85691955,162.16793119
-11.24472469,-146.82661919,162.17660320
-11.34032817,-146.79645836,162.18619468
-11.43598967,-146.76640098,162.19670015
-11.53168720,-146.73637981,162.20810939
-11.62741586,-146.70638083,162.22040876
-11.72317553,-146.67640520,162.23358077
-11.81896073,-146.64643743,162.24760708
-11.91476561,-146.61646096,162.26246897
-12.01058400,-146.58645818,162.27814749
-12.10639881,-146.55637706,162.29462322
-12.20221118,-146.52622301,162.31187583
-12.29802475,-146.49600949,162.32988178
-12.39384500,-146.46575602,162.34861267
-12.48967848,-146.43548573,162.36803494
-12.58553181,-146.40522241,162.38811331
-12.68141076,-146.37498740,162.40881009
-12.77731883,-146.34479519,162.43008443
-12.87325592,-146.31464912,162.45189533
-12.96921666,-146.28453614,162.47419798
-13.06518845,-146.25442062,162.49694586
-13.16117620,-146.22432216,162.52009101
-13.25717870,-146.19424131,162.54358226
-13.35319467,-146.16417853,162.56736543
-13.44922274,-146.13413407,162.59138474
-13.54526150,-146.10410807,162.61558652
-13.64130955,-146.07410081,162.63991653
-13.73736542,-146.04411231,162.66431967
-13.83342769,-146.01414282,162.68874103
-13.92949486,-145.98419259,162.71312265
-14.02556537,-145.95426175,162.73740436
-14.12163762,-145.92435051,162.76152415
-14.21770995,-145.89445887,162.78541811
-14.31378063,-145.86458674,162.80902182
-14.40984228,-145.83471541,162.83227344
-14.50590409,-145.80488013,162.85511372
-14.60196831,-145.77509346,162.87748363
-14.69803209,-145.74535127,162.89932594
-14.79408926,-145.71563863,162.92058332
-14.89013176,-145.68593437,162.94119689
-14.98615092,-145.65621528,162.96110798
-15.08213858,-145.62645963,162.98025730
-15.17808791,-145.59665000,162.99858787
-15.27399421,-145.56677571,163.01604633
-15.36985538,-145.53683449,163.03258147
-15.46568667,-145.50688053,163.04814369
-15.56149277,-145.47693365,163.06268345
-15.65727795,-145.44701239,163.07615268
-15.75304612,-145.41713403,163.08850335
-15.84879500,-145.38729529,163.09968861
-15.94453058,-145.35751988,163.10966564
-16.04027838,-145.32789566,163.11839635
-16.13603662,-145.29842009,163.12584907
-16.23179312,-145.26905594,163.13199643
-16.32755022,-145.23981340,163.13681396
-16.42331512,-145.21071849,163.14027939
-16.51906461,-145.18169634,163.14237317
-16.61478159,-145.15269178,163.14308167
-16.71046513,-145.12370237,163.14239809
-16.80611491,-145.09472690,163.14032315
-16.90174578,-145.06581359,163.13686713
-16.99737995,-145.03703428,163.13204787
-17.09300886,-145.00835890,163.12588662
-17.18862956,-144.97977564,163.11840597
-17.28425335,-144.95131941,163.10962987
-17.37988033,-144.92298814,163.09958102
-17.47548352,-144.89469020,163.08828440
-17.57105453,-144.86639512,163.07576985
-17.66659451,-144.83810366,163.06207039
-17.76209807,-144.80979475,163.04722267
-17.85755952,-144.78144610,163.03126741
-17.95297284,-144.75303415,163.01424766
-18.04832141,-144.72450073,162.99620806
-18.14360610,-144.69584444,162.97719623
-18.23883045,-144.66707251,162.95726408
-18.33400015,-144.63819895,162.93646627
-18.42912236,-144.60924243,162.91485848
-18.52420479,-144.58022322,162.89249731
-18.61925461,-144.55115984,162.86943970
-18.71427723,-144.52206470,162.84574298
-18.80927479,-144.49293947,162.82146669
-18.90424447,-144.46376923,162.79667426
-18.99917651,-144.43451622,162.77143437
-19.09407802,-144.40519731,162.74582141
-19.18895058,-144.37581106,162.71991298
-19.28379591,-144.34635635,162.69378778
-19.37861580,-144.31683240,162.66752242
-19.47341214,-144.28723875,162.64119131
-19.56818687,-144.25757544,162.61486727
-19.66294188,-144.22784258,162.58861912
-19.75767914,-144.19804084,162.56251302
-19.85240056,-144.16817098,162.53661304
-19.94710803,-144.13823401,162.51097829
-20.04180343,-144.10823112,162.48566442
-20.13648863,-144.07816364,162.46072402
-20.23116544,-144.04803292,162.43620856
-20.32583564,-144.01784033,162.41216922
-20.42049491,-143.98756814,162.38865512
-20.51515650,-143.95725393,162.36571582
-20.60982632,-143.92691249,162.34339684
-20.70450497,-143.89654219,162.32173889
-20.79918928,-143.86613005,162.30077909
-20.89387396,-143.83565671,162.28054834
-20.98855290,-143.80510053,162.26107585
-21.08322033,-143.77444098,162.24239155
-21.17787171,-143.74366157,162.22452604
-21.27250448,-143.71275197,162.20750915
-21.36711862,-143.68171000,162.19136882
-21.46173248,-143.65059117,162.17613058
-21.55635323,-143.61941625,162.16181287
-21.65098765,-143.58820507,162.14842819
-21.74564203,-143.55697631,162.13598556
-21.84031682,-143.52573091,162.12448873
-21.93501875,-143.49448943,162.11393872
-22.02977060,-143.46332227,162.10433555
-22.12458489,-143.43226823,162.09567669
-22.21946485,-143.40133773,162.08795644
-22.31440582,-143.37051696,162.08116609
-22.40938647,-143.33974108,162.07529243
-22.50439991,-143.30899008,162.07031817
-22.59943740,-143.27823862,162.06622304
-22.69448922,-143.24745859,162.06298366
-22.78954567,-143.21662223,162.06057397
-22.88461172,-143.18574725,162.05896640
-22.97970423,-143.15488843,162.05813116
-23.07482617,-143.12405775,162.05803624
-23.16997637,-143.09325467,162.05864666
-23.26514851,-143.06246307,162.05992204
-23.36033018,-143.03164816,162.06181940
-23.45552735,-143.00083225,162.06429388
-23.55073920,-142.97001665,162.06729854
-23.64596483,-142.93920257,162.07078658
-23.74120335,-142.90839115,162.07471237
-23.83645385,-142.87758344,162.07903058
-23.93171536,-142.84678044,162.08369627
-24.02698688,-142.81598307,162.08866403
-24.12226736,-142.78519219,162.09388452
-24.21755570,-142.75440856,162.09930648
-24.31285077,-142.72363288,162.10488033
-24.40815142,-142.69286575,162.11055700
-24.50345649,-142.66210769,162.11628854
-24.59876484,-142.63135913,162.12202933
-24.69407534,-142.60062040,162.12773478
-24.78938684,-142.56989178,162.13336031
-24.88469825,-142.53917342,162.13886381
-24.98000852,-142.50846541,162.14420485
-25.07531666,-142.47776772,162.14934600
-25.17062182,-142.44708023,162.15425660
-25.26592321,-142.41640275,162.15891195
-25.36122019,-142.38573498,162.16329313
-25.45651219,-142.35507660,162.16738506
-25.55179871,-142.32442722,162.17117470
-25.64707934,-142.29378641,162.17465120
-25.74235374,-142.26315369,162.17780627
-25.83762170,-142.23252852,162.18063644
-25.93288313,-142.20191036,162.18314341
-26.02813809,-142.17129857,162.18533688
-26.12338677,-142.14069254,162.18723351
-26.21862944,-142.11009167,162.18885209
-26.31386641,-142.07949534,162.19021339
-26.40909804,-142.04890300,162.19133659
-26.50432465,-142.01831412,162.19223819
-26.59954660,-141.98772819,162.19293502
-26.69476430,-141.95714473,162.19344585
-26.78997823,-141.92656326,162.19379294
-26.88518899,-141.89598330,162.19400341
-26.98039728,-141.86540440,162.19411011
-27.07560387,-141.83482617,162.19414883
-27.17080962,-141.80424824,162.19415443
-27.26601541,-141.77367029,162.19416299
-27.36122219,-141.74309205,162.19420984
-27.45643091,-141.71251333,162.19433089
-27.55164260,-141.68193396,162.19456493
-27.64685830,-141.65135386,162.19495268
-27.74207912,-141.62077298,162.19553647
-27.83730615,-141.59019138,162.19635660
-27.93254052,-141.55960915,162.19745170
-28.02778340,-141.52902648,162.19885987
-28.12303594,-141.49844358,162.20061957
-28.21829933,-141.46786077,162.20277099
-28.31357478,-141.43727842,162.20535396
-28.40885666,-141.40667587,162.20840828
-28.50415795,-141.37609080,162.21196895
-28.59948512,-141.34554106,162.21606334
-28.69483932,-141.31502841,162.22071210
-28.79021751,-141.28454204,162.22592867
-28.88560059,-141.25402121,162.23172336
-28.98098947,-141.22346812,162.23810512
-29.07639383,-141.19291253,162.24508068
-29.17182302,-141.16238336,162.25265456
-29.26728519,-141.13190609,162.26082923
-29.36278649,-141.10149993,162.26960499
-29.45834735,-141.07122892,162.27897972
-29.55397114,-141.04110389,162.28895069
-29.64965331,-141.01111108,162.29951596
-29.74538029,-140.98120880,162.31067219
-29.84112875,-140.95132489,162.32241180
-29.93689790,-140.92145807,162.33472265
-30.03268562,-140.89160306,162.34758598
-30.12848616,-140.86174358,162.36097988
-30.22429344,-140.83186255,162.37488037
-30.32010105,-140.80194196,162.38926012
-30.41589163,-140.77192930,162.40409042
-30.51166657,-140.74183171,162.41933910
-30.60742960,-140.71166415,162.43496858
-30.70318606,-140.68144727,162.45093406
-30.79893614,-140.65118598,162.46718095
-30.89469709,-140.62093995,162.48364697
-30.99047775,-140.59074277,162.50026462
-31.08627921,-140.56060379,162.51696361
-31.18209523,-140.53050922,162.53367267
-31.27791211,-140.50042185,162.55031935
-31.37370838,-140.47027988,162.56682916
-31.46948095,-140.44007989,162.58312380
-31.56522175,-140.40980303,162.59912103
-31.66092480,-140.37943737,162.61473394
-31.75658676,-140.34897972,162.62987162
-31.85222227,-140.31848456,162.64444075
-31.94783521,-140.28797242,162.65834533
-32.04342228,-140.25744113,162.67148666
-32.13899752,-140.22694442,162.68376440
-32.23457002,-140.19652046,162.69507639
-32.33014414,-140.16619251,162.70531821
-32.42571390,-140.13595081,162.71438344
-32.52127345,-140.10578632,162.72216263
-32.61683150,-140.07573700,162.72854176
-32.71239099,-140.04582241,162.73340656
-32.80794005,-140.01601444,162.73664238
-32.90348065,-139.98632937,162.73813479
-32.99901215,-139.95677484,162.73777270
-33.09454830,-139.92740447,162.73544788
-33.19008907,-139.89822729,162.73105473
-33.28562815,-139.86923199,162.72448877
-33.38115168,-139.84038274,162.71564495
-33.47665181,-139.81166290,162.70441757
-33.57212929,-139.78308339,162.69069993
-33.66757089,-139.75460984,162.67438858
-33.76295658,-139.72618592,162.65538423
-33.85828296,-139.69780852,162.63358909
-33.95353914,-139.66945044,162.60890832
-34.04870225,-139.64104658,162.58124862
-34.14376608,-139.61258452,162.55051620
-34.23872727,-139.58406092,162.51661740
-34.33358512,-139.55548056,162.47946133
-34.42834097,-139.52685455,162.43896363
-34.52299736,-139.49819765,162.39504198
-34.61755704,-139.46952506,162.34761577
-34.71202134,-139.44084735,162.29660484
-34.80638845,-139.41216514,162.24192332
-34.90065123,-139.38346219,162.18348604
-34.99479459,-139.35469696,162.12121072
-35.08881995,-139.32587999,162.05501803
-35.18272339,-139.29700449,161.98483588
-35.27650102,-139.26806357,161.91059965
-35.37014903,-139.23905015,161.83224802
-35.46366354,-139.20995691,161.74971908
-35.55704071,-139.18077643,161.66295310
-35.65027658,-139.15150091,161.57189234
-35.74336724,-139.12212265,161.47648074
-35.83630892,-139.09263409,161.37666799
-35.92909784,-139.06302767,161.27240695
-36.02173037,-139.03329607,161.16365307
-36.11420292,-139.00343191,161.05036457
-36.20651193,-138.97342776,160.93250170
-36.29865375,-138.94327593,160.81002829
-36.39062476,-138.91296868,160.68291300
-36.48242135,-138.88249835,160.55112822
-36.57403990,-138.85185724,160.41464605
-36.66547686,-138.82103800,160.27343845
-36.75672863,-138.79003315,160.12747803
-36.84779160,-138.75883525,159.97673857
-36.93866217,-138.72743684,159.82119850
-37.02933672,-138.69583041,159.66084074
-37.11981166,-138.66400848,159.49565276
-37.21008339,-138.63196361,159.32562526
-37.30014831,-138.59968843,159.15074802
-37.39000275,-138.56717553,158.97101077
-37.47964299,-138.53441749,158.78640382
-37.56906529,-138.50140686,158.59692222
-37.65826583,-138.46813615,158.40256535
-37.74724084,-138.43459797,158.20333518
-37.83598646,-138.40078486,157.99923724
-37.92449882,-138.36668929,157.79027863
-38.01277389,-138.33230357,157.57646816
-38.10080762,-138.29761991,157.35781748
-38.18859591,-138.26263043,157.13434375
-38.27613475,-138.22732741,156.90607113
-38.36342021,-138.19170329,156.67303095
-38.45044844,-138.15575063,156.43525998
-38.53721567,-138.11946214,156.19279784
-38.62371822,-138.08283076,155.94568935
-38.70995243,-138.04584953,155.69398400
-38.79591470,-138.00851175,155.43773584
-38.88160144,-137.97081086,155.17700107
-38.96700920,-137.93274071,154.91183673
-39.05213447,-137.89429533,154.64230155
-39.13697384,-137.85546909,154.36845376
-39.22152388,-137.81625651,154.09035496
-39.30578106,-137.77665204,153.80806779
-39.38974183,-137.73665013,153.52165756
-39.47340250,-137.69624508,153.23119515
-39.55675917,-137.65543085,152.93675457
-39.63980786,-137.61420139,152.63841417
-39.72254450,-137.57255056,152.33625403
-39.80496518,-137.53047252,152.03035785
-39.88706600,-137.48796137,151.72081518
-39.96884335,-137.44501152,151.40772363
-40.05029372,-137.40161747,151.09119381
-40.13141383,-137.35777391,150.77134691
-40.21220064,-137.31347590,150.44831262
-40.29265132,-137.26871887,150.12222499
-40.37276314,-137.22349856,149.79321547
-40.45253356,-137.17781119,149.46141190
-40.53196017,-137.13165341,149.12694105
-40.61104077,-137.08502242,148.78993270
-40.68977324,-137.03791570,148.45051858
-40.76815569,-136.99033112,148.10883254
-40.84618627,-136.94226665,147.76500915
-40.92386309,-136.89372031,147.41918123
-41.00118413,-136.84469006,147.07148105
-41.07814727,-136.79517381,146.72204136
-41.15475027,-136.74516937,146.37099572
-41.23099105,-136.69467483,146.01847838
-41.30686768,-136.64368854,145.66462713
-41.38237857,-136.59220922,145.30958321
-41.45752231,-136.54023588,144.95348991
-41.53229779,-136.48776789,144.59649280
-41.60670409,-136.43480487,144.23873926
-41.68074053,-136.38134679,143.88037853
-41.75440658,-136.32739393,143.52155902
-41.82770207,-136.27294716,143.16242539
-41.90062697,-136.21800784,142.80311415
-41.97318167,-136.16257809,142.44375056
-42.04536669,-136.10666050,142.08445109
-42.11718269,-136.05025802,141.72532466
-42.18863041,-135.99337384,141.36647696
-42.25971067,-135.93601139,141.00800914
-42.33042436,-135.87817435,140.65001657
-42.40077236,-135.81986665,140.29258511
-42.47075549,-135.76109239,139.93578636
-42.54037442,-135.70185581,139.57968003
-42.60962953,-135.64216097,139.22431525
-42.67852107,-135.58201202,138.86973638
-42.74704909,-135.52141303,138.51598491
-42.81521359,-135.46036814,138.16309612
-42.88301457,-135.39888172,137.81109763
-42.95045184,-135.33695802,137.46000669
-43.01752522,-135.27460143,137.10983383
-43.08423425,-135.21181609,136.76058583
-43.15057858,-135.14860626,136.41226999
-43.21655783,-135.08497624,136.06489548
-43.28217176,-135.02093059,135.71846651
-43.34742030,-134.95647421,135.37297843
-43.41230341,-134.89161222,135.02841461
-43.47682096,-134.82634988,134.68474469
-43.54097278,-134.76069262,134.34193185
-43.60475861,-134.69464594,133.99993466
-43.66817827,-134.62821557,133.65870668
-43.73123152,-134.56140740,133.31819436
-43.79391825,-134.49422758,132.97833328
-43.85623798,-134.42668222,132.63904673
-43.91818993,-134.35877731,132.30024497
-43.97977303,-134.29051877,131.96183053
-44.04098585,-134.22191235,131.62370285
-44.10182667,-134.15296372,131.28575725
-44.16229378,-134.08367872,130.94788305
-44.22238510,-134.01406306,130.60995918
-44.28209835,-133.94412245,130.27185315
-44.34143078,-133.87386235,129.93342442
-44.40037933,-133.80328809,129.59452959
-44.45894043,-133.73240463,129.25502642
-44.51711032,-133.66121689,128.91477106
-44.57488498,-133.58972966,128.57361773
-44.63226015,-133.51794767,128.23141503
-44.68923110,-133.44587542,127.88800168
-44.74579286,-133.37351735,127.54321162
-44.80193990,-133.30087751,127.19687967
-44.85766640,-133.22795979,126.84884363
-44.91296628,-133.15476786,126.49894548
-44.96783327,-133.08130532,126.14703007
-45.02226073,-133.00757550,125.79294036
-45.07624168,-132.93358162,125.43651523
-45.12976889,-132.85932672,125.07759352
-45.18283474,-132.78481361,124.71601685
-45.23543147,-132.71004496,124.35163234
-45.28755132,-132.63502344,123.98429654
-45.33918636,-132.55975157,123.61387203
-45.39032857,-132.48423183,123.24022119
-45.44096965,-132.40846658,122.86320664
-45.49110102,-132.33245803,122.48269295
-45.54071361,-132.25620816,122.09854785
-45.58979811,-132.17971880,121.71064406
-45.63834500,-132.10299167,121.31886251
-45.68634452,-132.02602831,120.92309104
-45.73378674,-131.94883022,120.52322223
-45.78066161,-131.87139875,120.11915564
-45.82695862,-131.79373496,119.71079823
-45.87266705,-131.71583969,119.29806781
-45.91777585,-131.63771352,118.88089617
-45.96227398,-131.55935693,118.45923030
-46.00615045,-131.48077043,118.03303002
-46.04939459,-131.40195462,117.60226269
-46.09199611,-131.32291030,117.16690376
-46.13394490,-131.24363835,116.72693595
-46.17523104,-131.16413969,116.28235125
-46.21584483,-131.08441531,115.83315710
-46.25577654,-131.00446622,115.37937461
-46.29501673,-130.92429362,114.92103416
-46.33355606,-130.84389886,114.45816736
-46.37138525,-130.76328342,113.99080416
-46.40849487,-130.68244883,113.51897678
-46.44487543,-130.60139666,113.04272351
-46.48051736,-130.52012842,112.56209787
-46.51541098,-130.43864552,112.07717177
-46.54954679,-130.35694934,111.58803122
-46.58291534,-130.27504125,111.09477466
-46.61550707,-130.19292250,110.59750827
-46.64731256,-130.11059442,110.09634498
-46.67832240,-130.02805833,109.59141108
-46.70852762,-129.94531566,109.08284840
-46.73791983,-129.86236796,108.57081475
-46.76649147,-129.77921700,108.05548149
-46.79423576,-129.69586478,107.53702891
-46.82114657,-129.61231350,107.01564224
-46.84721832,-129.52856558,106.49151018
-46.87244573,-129.44462358,105.96482724
-46.89682378,-129.36049018,105.43579294
-46.92034804,-129.27616827,104.90461185
-46.94301448,-129.19166090,104.37149254
-46.96481968,-129.10697140,103.83663983
-46.98576060,-129.02210327,103.30025406
-47.00583450,-128.93706012,102.76253529
-47.02503862,-128.85184554,102.22368668
-47.04337027,-128.76646303,101.68392029
-47.06082674,-128.68091600,101.14346118
-47.07740543,-128.59520786,100.60254063
-47.09310385,-128.50934203,100.06138761
-47.10791989,-128.42332204,99.52022856
-47.12185138,-128.33715140,98.97928729
-47.13489639,-128.25083362,98.43879126
-47.14705322,-128.16437206,97.89897944
-47.15832063,-128.07777003,97.36010516
-47.16869793,-127.99103071,96.82243224
-47.17818527,-127.90415727,96.28622823
-47.18678332,-127.81715285,95.75176066
-47.19449336,-127.73002057,95.21929328
-47.20131716,-127.64276349,94.68908836
-47.20725725,-127.55538462,94.16141346
-47.21231683,-127.46788698,93.63653967
-47.21650008,-127.38027358,93.11473671
-47.21981187,-127.29254749,92.59626566
-47.22225780,-127.20471179,92.08137406
-47.22384383,-127.11676960,91.57029598
-47.22457643,-127.02872397,91.06325766
-47.22446231,-126.94057791,90.56048300
-47.22350859,-126.85233428,90.06219547
-47.22172274,-126.76399587,89.56861543
-47.21911265,-126.67556538,89.07995393
-47.21568618,-126.58704546,88.59641020
-47.21145140,-126.49843875,88.11816989
-47.20641631,-126.40974783,87.64540848
-47.20058929,-126.32097513,87.17829628
-47.19397887,-126.23212300,86.71700114
-47.18659420,-126.14319357,86.26168968
-47.17844455,-126.05418884,85.81252378
-47.16953951,-125.96511065,85.36965699
-47.15988871,-125.87596071,84.93323309
-47.14950201,-125.78674060,84.50338830
-47.13838936,-125.69745180,84.08025386
-47.12656121,-125.60809558,83.66395545
-47.11402843,-125.51867311,83.25461276
-47.10080242,-125.42918536,82.85233770
-47.08689475,-125.33963320,82.45723202
-47.07231724,-125.25001740,82.06938756
-47.05708167,-125.16033860,81.68888769
-47.04120004,-125.07059735,81.31580787
-47.02468458,-124.98079405,80.95021820
-47.00754789,-124.89092897,80.59218195
-46.98980282,-124.80100224,80.24175201
-46.97146242,-124.71101391,79.89897119
-46.95253982,-124.62096390,79.56387370
-46.93304814,-124.53085207,79.23648692
-46.91300047,-124.44067823,78.91683186
-46.89241020,-124.35044204,78.60492152
-46.87129076,-124.26014316,78.30076013
-46.84965587,-124.16978114,78.00434045
-46.82751929,-124.07935550,77.71564520
-46.80489464,-123.98886578,77.43464842
-46.78179535,-123.89831144,77.16131873
-46.75823474,-123.80769197,76.89562030
-46.73422615,-123.71700677,76.63751271
-46.70978301,-123.62625521,76.38694880
-46.68491883,-123.53543660,76.14387037
-46.65964733,-123.44455021,75.90821107
-46.63398198,-123.35359530,75.67989836
-46.60793618,-123.26257114,75.45885600
-46.58152303,-123.17147701,75.24500647
-46.55475552,-123.08031225,75.03826898
-46.52764664,-122.98907622,74.83855506
-46.50020936,-122.89776839,74.64576377
-46.47245672,-122.80638825,74.45978342
-46.44440127,-122.71493543,74.28049513
-46.41605534,-122.62340961,74.10777796
-46.38743077,-122.53181050,73.94151605
-46.35853894,-122.44013791,73.78159603
-46.32939094,-122.34839171,73.62790355
-46.29999745,-122.25657190,73.48031769
-46.27036881,-122.16467856,73.33870827
-46.24051487,-122.07271192,73.20294040
-46.21044516,-121.98067223,73.07288095
-46.18016902,-121.88855968,72.94840625
-46.14969548,-121.79637441,72.82940019
-46.11903382,-121.70411637,72.71575021
-46.08819310,-121.61178550,72.60734333
-46.05718231,-121.51938177,72.50406131
-46.02601025,-121.42690518,72.40578259
-45.99468547,-121.33435579,72.31238523
-45.96321670,-121.24173362,72.22375077
-45.93161271,-121.14903866,72.13976357
-45.89988258,-121.05627082,72.06030765
-45.86803542,-120.96343006,71.98526327
-45.83608004,-120.87051651,71.91450164
-45.80402496,-120.77753044,71.84789009
-45.77187797,-120.68447240,71.78529552
-45.73964647,-120.59134311,71.72658715
-45.70733751,-120.49814338,71.67163781
-45.67494164,-120.40487956,71.62031991
-45.64249822,-120.31154164,71.57250497
-45.61002312,-120.21812739,71.52806111
-45.57751626,-120.12463991,71.48685678
-45.54496758,-120.03108553,71.44876723
-45.51236220,-119.93747212,71.41367707
-45.47968479,-119.84380761,71.38148049
-45.44692268,-119.75009895,71.35207494
-45.41406872,-119.65635121,71.32535678
-45.38112293,-119.56256693,71.30122023
-45.34809360,-119.46874573,71.27955983
-45.31503878,-119.37487033,71.26027931
-45.28198192,-119.28093480,71.24329515
-45.24894402,-119.18693388,71.22853518
-45.21594360,-119.09286308,71.21593228
-45.18295875,-118.99873171,71.20541560
-45.15006035,-118.90451755,71.19690509
-45.11732234,-118.81019750,71.19031169
-45.08472854,-118.71577930,71.18554205
-45.05223410,-118.62128053,71.18250506
-45.01982963,-118.52670676,71.18111392
-44.98753286,-118.43205443,71.18128247
-44.95525548,-118.33735613,71.18292077
-44.92297277,-118.24262286,71.18593179
-44.89068160,-118.14785833,71.19021242
-44.85838071,-118.05306558,71.19566057
-44.82616640,-117.95821430,71.20218225
-44.79408376,-117.86329152,71.20969275
-44.76209887,-117.76831108,71.21811592
-44.73019605,-117.67328056,71.22737726
-44.69839505,-117.57819543,71.23739798
-44.66669313,-117.48305880,71.24809514
-44.63499991,-117.38790351,71.25938575
-44.60331792,-117.29273063,71.27119369
-44.57164000,-117.19754427,71.28345549
-44.53995083,-117.10235108,71.29612084
-44.50823449,-117.00715771,71.30914825
-44.47647471,-116.91197082,71.32249845
-44.44462230,-116.81680810,71.33613003
-44.41268578,-116.72166780,71.34999537
-44.38068108,-116.62654574,71.36404350
-44.34862956,-116.53143586,71.37822603
-44.31653585,-116.43633770,71.39249973
-44.28446116,-116.34123176,71.40682680
-44.25244184,-116.24610685,71.42117281
-44.22049084,-116.15095961,71.43550233
-44.18859778,-116.05579455,71.44977763
-44.15672860,-115.96062408,71.46396038
-44.12482383,-115.86546913,71.47801219
-44.09287841,-115.77033222,71.49189826
-44.06087042,-115.67522144,71.50558942
-44.02878314,-115.58014305,71.51906173
-43.99660730,-115.48510081,71.53229350
-43.96439294,-115.39007856,71.54526120
-43.93215674,-115.29507144,71.55793882
-43.89991507,-115.20007475,71.57029644
-43.86768371,-115.10508404,71.58230156
-43.83547147,-115.01009716,71.59392272
-43.80327218,-114.91511690,71.60513212
-43.77115879,-114.82011973,71.61590714
-43.73917509,-114.72509174,71.62622925
-43.70733801,-114.63002793,71.63608185
-43.67564024,-114.53493132,71.64544636
-43.64402156,-114.43982245,71.65430238
-43.61246515,-114.34470749,71.66262752
-43.58094769,-114.24959472,71.67040040
-43.54944174,-114.15449366,71.67760440
-43.51791868,-114.05941413,71.68422855
-43.48636810,-113.96435979,71.69026926
-43.45485303,-113.86930986,71.69572532
-43.42338444,-113.77426079,71.70059501
-43.39196092,-113.67921310,71.70487575
-43.36056485,-113.58417259,71.70856574
-43.32915854,-113.48915158,71.71166719
-43.29776158,-113.39414326,71.71418946
-43.26637290,-113.29914753,71.71615179
-43.23499140,-113.20416413,71.71758033
-43.20361602,-113.10919277,71.71850355
-43.17224575,-113.01423309,71.71894745
-43.14087963,-112.91928478,71.71893399
-43.10951671,-112.82434750,71.71848172
-43.07815609,-112.72942092,71.71761040
-43.04679690,-112.63450462,71.71634485
-43.01543827,-112.53959812,71.71471419
-42.98407939,-112.44470088,71.71275140
-42.95271948,-112.34981234,71.71048862
-42.92135784,-112.25493193,71.70795529
-42.88999385,-112.16005919,71.70517593
-42.85862694,-112.06519371,71.70216916
-42.82725660,-111.97033517,71.69895212
-42.79588236,-111.87548327,71.69554006
-42.76450380,-111.78063777,71.69194733
-42.73312051,-111.68579839,71.68818889
-42.70173212,-111.59096489,71.68427900
-42.67033826,-111.49613699,71.68023145
-42.63893863,-111.40131443,71.67605957
-42.60753291,-111.30649700,71.67177591
-42.57612087,-111.21168448,71.66739109
-42.54470226,-111.11687672,71.66291386
-42.51327687,-111.02207358,71.65835118
-42.48184453,-110.92727493,71.65370873
-42.45040503,-110.83248066,71.64899134
-42.41895824,-110.73769068,71.64420469
-42.38750399,-110.64290493,71.63935576
-42.35604216,-110.54812334,71.63444922
-42.32457266,-110.45334591,71.62948695
-42.29309537,-110.35857265,71.62446771
-42.26161018,-110.26380353,71.61939013
-42.23011699,-110.16903854,71.61425558
-42.19861568,-110.07427763,71.60906739
-42.16710613,-109.97952076,71.60383173
-42.13558826,-109.88476792,71.59855340
-42.10406204,-109.79001922,71.59323136
-42.07252745,-109.69527487,71.58785853
-42.04098448,-109.60053516,71.58242051
-42.00943312,-109.50580042,71.57690056
-41.97787328,-109.41107095,71.57128525
-41.94630488,-109.31634700,71.56556890
-41.91472777,-109.22162871,71.55975164
-41.88314180,-109.12691615,71.55383623
-41.85154679,-109.03220936,71.54782640
-41.81994258,-108.93750833,71.54172237
-41.78832899,-108.84281305,71.53552333
-41.75670581,-108.74812342,71.52923167
-41.72507284,-108.65343930,71.52285485
-41.69342983,-108.55876043,71.51640614
-41.66177657,-108.46408653,71.50990371
-41.63011287,-108.36941725,71.50336565
-41.59843857,-108.27475223,71.49680663
-41.56675350,-108.18009110,71.49023878
-41.53505751,-108.08543341,71.48367496
-41.50335044,-107.99077861,71.47713361
-41.47163212,-107.89612602,71.47064195
-41.43990241,-107.80147485,71.46423449
-41.40816122,-107.70682426,71.45794777
-41.37640851,-107.61217343,71.45181507
-41.34464437,-107.51752165,71.44586231
-41.31286894,-107.42286829,71.44010756
-41.28108241,-107.32821283,71.43456240
-41.24928500,-107.23355475,71.42923723
-41.21747694,-107.13889348,71.42414948
-41.18565845,-107.04422836,71.41932286
-41.15382981,-106.94955867,71.41478441
-41.12199129,-106.85488360,71.41056237
-41.09014322,-106.76020234,71.40668242
-41.05828600,-106.66551412,71.40316633
-41.02642006,-106.57081817,71.40003341
-40.99454585,-106.47611374,71.39730377
-40.96266390,-106.38140008,71.39499776
-40.93077474,-106.28667643,71.39313762
-40.89887897,-106.19194206,71.39174670
-40.86697723,-106.09719625,71.39084455
-40.83507020,-106.00243831,71.39044677
-40.80313791,-105.90767455,71.39056623
-40.77121662,-105.81289226,71.39121682
-40.73932446,-105.71808477,71.39241676
-40.70746452,-105.62325034,71.39419183
-40.67562751,-105.52839124,71.39657581
-40.64376531,-105.43352273,71.39960653
-40.61185587,-105.33865125,71.40332109
-40.57992907,-105.24376585,71.40775371
-40.54801537,-105.14885544,71.41293484
-40.51614294,-105.05390973,71.41889028
-40.48433512,-104.95892005,71.42564713
-40.45266014,-104.86386257,71.43323876
-40.42113701,-104.76872996,71.44170253
-40.38976160,-104.67352261,71.45108084
-40.35850234,-104.57825013,71.46141746
-40.32729654,-104.48293260,71.47275184
-40.29612217,-104.38757653,71.48511869
-40.26498550,-104.29217898,71.49854813
-40.23387227,-104.19674397,71.51306701
-40.20276664,-104.10127608,71.52870128
-40.17165156,-104.00578030,71.54548036
-40.14047561,-103.91027306,71.56343322
-40.10924369,-103.81475218,71.58258296
-40.07796833,-103.71921308,71.60294758
-40.04666819,-103.62364938,71.62453418
-40.01536534,-103.52805375,71.64733982
-39.98408269,-103.43241872,71.67135692
-39.95284065,-103.33673781,71.69657469
-39.92165342,-103.24100665,71.72298179
-39.89052431,-103.14522459,71.75056818
-39.85944090,-103.04939627,71.77932170
-39.82836862,-102.95353382,71.80922204
-39.79732731,-102.85763148,71.84024115
-39.76631803,-102.76168986,71.87234338
-39.73534197,-102.66570969,71.90548626
-39.70439988,-102.56969191,71.93962400
-39.67349246,-102.47363746,71.97471326
-39.64262047,-102.37754728,72.01071371
-39.61178481,-102.28142228,72.04758507
-39.58098659,-102.18526333,72.08528637
-39.55022733,-102.08907127,72.12377072
-39.51950843,-101.99284709,72.16298347
-39.48883113,-101.89659190,72.20286582
-39.45819650,-101.80030695,72.24335745
-39.42760548,-101.70399351,72.28439887
-39.39705879,-101.60765291,72.32593273
-39.36655733,-101.51128636,72.36790582
-39.33610225,-101.41489503,72.41026477
-39.30569481,-101.31848004,72.45295417
-39.27533632,-101.22204256,72.49591590
-39.24502810,-101.12558378,72.53908735
-39.21477102,-101.02910503,72.58240571
-39.18456584,-100.93260761,72.62581162
-39.15441311,-100.83609285,72.66925056
-39.12431346,-100.73956197,72.71267158
-39.09426755,-100.64301614,72.75602669
-39.06427614,-100.54645649,72.79926713
-39.03434012,-100.44988416,72.84234012
-39.00446010,-100.35330040,72.88519075
-38.97463639,-100.25670652,72.92776376
-38.94486912,-100.16010386,72.97000525
-38.91515789,-100.06349385,73.01186697
-38.88550243,-99.96687780,73.05330588
-38.85590230,-99.87025702,73.09428091
-38.82635717,-99.77363278,73.13475153
-38.79686670,-99.67700641,73.17467401
-38.76743051,-99.58037927,73.21400061
-38.73804798,-99.48375289,73.25268018
-38.70871839,-99.38712879,73.29066071
-38.67944075,-99.29050860,73.32789431
-38.65021419,-99.19389384,73.36433523
-38.62103765,-99.09728605,73.39994093
-38.59191038,-99.00068667,73.43466989
-38.56283146,-98.90409716,73.46847815
-38.53379984,-98.80751901,73.50132217
-38.50481430,-98.71095375,73.53315754
-38.47585581,-98.61440807,73.56394147
-38.44695712,-98.51787350,73.59363513
-38.41812820,-98.42134821,73.62220152
-38.38936289,-98.32483508,73.64960517
-38.36064500,-98.22833996,73.67580865
-38.33195298,-98.13187029,73.70077144
-38.30326441,-98.03543377,73.72445021
-38.27455888,-97.93903746,73.74679941
-38.24582093,-97.84268691,73.76777889
-38.21704205,-97.74638546,73.78735608
-38.18822219,-97.65013385,73.80550645
-38.15941514,-97.55391694,73.82221408
-38.13064052,-97.45772955,73.83746612
-38.10191614,-97.36156697,73.85125000
-38.07325815,-97.26542503,73.86355229
-38.04465908,-97.16930635,73.87435670
-38.01616744,-97.07319742,73.88364734
-37.98781170,-96.97709045,73.89141035
-37.95959568,-96.88098465,73.89763777
-37.93152143,-96.78487961,73.90232843
-37.90358255,-96.68877719,73.90548513
-37.87573302,-96.59269057,73.90711530
-37.84797572,-96.49661870,73.90722822
-37.82031038,-96.40056133,73.90583598
-37.79273351,-96.30451905,73.90295322
-37.76523807,-96.20849342,73.89859599
-37.73786780,-96.11247131,73.89278337
-37.71062313,-96.01645210,73.88553334
-37.68348935,-95.92043955,73.87686316
-37.65645208,-95.82443735,73.86678719
-37.62947923,-95.72845437,73.85531564
-37.60251870,-95.63250520,73.84245996
-37.57557173,-95.53658901,73.82823292
-37.54861751,-95.44071125,73.81265362
-37.52163359,-95.34487776,73.79574709
-37.49459608,-95.24909472,73.77754197
-37.46744544,-95.15337880,73.75806968
-37.44017968,-95.05772986,73.73735849
-37.41280587,-94.96214517,73.71543463
-37.38533845,-94.86661994,73.69231938
-37.35779717,-94.77114786,73.66803131
-37.33020373,-94.67572207,73.64258976
-37.30257820,-94.58033621,73.61601449
-37.27493449,-94.48498568,73.58832784
-37.24727501,-94.38966927,73.55955013
-37.21958514,-94.29439079,73.52969895
-37.19182624,-94.19916113,73.49879082
-37.16401480,-94.10397504,73.46684099
-37.13614845,-94.00883275,73.43386558
-37.10822475,-93.91373441,73.39988440
-37.08024134,-93.81868007,73.36492456
-37.05219558,-93.72366975,73.32901794
-37.02408482,-93.62870338,73.29219998
-36.99590619,-93.53378094,73.25450813
-36.96765681,-93.43890237,73.21597711
-36.93933414,-93.34406749,73.17664198
-36.91093561,-93.24927611,73.13653972
-36.88245901,-93.15452783,73.09571014
-36.85390230,-93.05982213,73.05419783
-36.82526341,-92.96515840,73.01205266
-36.79654033,-92.87053594,72.96932888
-36.76773101,-92.77595402,72.92608136
-36.73883354,-92.68141184,72.88236452
-36.70984612,-92.58690860,72.83823118
-36.68076740,-92.49244330,72.79373339
-36.65159630,-92.39801487,72.74892686
-36.62233195,-92.30362208,72.70386887
-36.59297365,-92.20926364,72.65861908
-36.56352061,-92.11493826,72.61324186
-36.53397200,-92.02064465,72.56779936
-36.50432690,-91.92638163,72.52234991
-36.47458449,-91.83214801,72.47695020
-36.44474415,-91.73794255,72.43165434
-36.41480557,-91.64376391,72.38651560
-36.38476868,-91.54961061,72.34159205
-36.35463361,-91.45548103,72.29694644
-36.32440046,-91.36137347,72.25264484
-36.29406947,-91.26728614,72.20875624
-36.26364087,-91.17321731,72.16534842
-36.23311498,-91.07916525,72.12248480
-36.20249244,-90.98512825,72.08022276
-36.17177437,-90.89110449,72.03861594
-36.14096224,-90.79709211,71.99771581
-36.11005786,-90.70308916,71.95757475
-36.07906315,-90.60909367,71.91824594
-36.04798011,-90.51510364,71.87978208
-36.01681059,-90.42111719,71.84223528
-35.98555643,-90.32713250,71.80565258
-35.95421950,-90.23314787,71.77007573
-35.92280165,-90.13916167,71.73554276
-35.89130502,-90.04517225,71.70208666
-35.85973193,-89.95117793,71.66973952
-35.82806716,-89.85718294,71.63853628
-35.79634749,-89.76317408,71.60851270
-35.76458689,-89.66914580,71.57970207
-35.73278317,-89.57509799,71.55213682
-35.70092367,-89.48103411,71.52584599
-35.66899027,-89.38695955,71.50085354
-35.63696377,-89.29288015,71.47718235
-35.60482716,-89.19880105,71.45485263
-35.57256850,-89.10472575,71.43388365
-35.54018298,-89.01065535,71.41429601
-35.50767420,-88.91658817,71.39610975
-35.47509959,-88.82250452,71.37934302
-35.44248233,-88.72839611,71.36401120
-35.40984400,-88.63425524,71.35012795
-35.37720429,-88.54007486,71.33770476
-35.34455626,-88.44585692,71.32675180
-35.31196239,-88.35157993,71.31728077
-35.27945176,-88.25723374,71.30930125
-35.24703591,-88.16281425,71.30282027
-35.21471406,-88.06832165,71.29784034
-35.18248517,-87.97375641,71.29435487
-35.15033282,-87.87912441,71.29235137
-35.11821622,-87.78443992,71.29181211
-35.08613771,-87.68970276,71.29271319
-35.05409858,-87.59491318,71.29502802
-35.02209897,-87.50007192,71.29873086
-34.99020133,-87.40515869,71.30379429
-34.95841154,-87.31017246,71.31018767
-34.92673079,-87.21511389,71.31787650
-34.89515298,-87.11998626,71.32682048
-34.86366681,-87.02479475,71.33697197
-34.83223952,-86.92955193,71.34827894
-34.80083124,-86.83427282,71.36068685
-34.76944449,-86.73895818,71.37413851
-34.73806300,-86.64361507,71.38857779
-34.70666927,-86.54825097,71.40394979
-34.67524464,-86.45287368,71.42019889
-34.64373594,-86.35750248,71.43727076
-34.61214681,-86.26213766,71.45511062
-34.58048907,-86.16677672,71.47366235
-34.54878115,-86.07141498,71.49286896
-34.51704559,-85.97604640,71.51267217
-34.48530633,-85.88066454,71.53301412
-34.45358519,-85.78526374,71.55383498
-34.42189770,-85.68984052,71.57507189
-34.39024838,-85.59439517,71.59665916
-34.35862532,-85.49893356,71.61852717
-34.32699381,-85.40346919,71.64060500
-34.29537355,-85.30799742,71.66282094
-34.26376554,-85.21251980,71.68510243
-34.23217087,-85.11703781,71.70738039
-34.20059048,-85.02155289,71.72959050
-34.16902541,-84.92606632,71.75167308
-34.13747664,-84.83057935,71.77357086
-34.10594506,-84.73509314,71.79522976
-34.07441264,-84.63961501,71.81659850
-34.04291577,-84.54413446,71.83762440
-34.01146804,-84.44864845,71.85825591
-33.98006651,-84.35315931,71.87844301
-33.94869679,-84.25767312,71.89813522
-33.91733783,-84.16219805,71.91728296
-33.88596606,-84.06674311,71.93583876
-33.85455896,-83.97131684,71.95375600
-33.82309796,-83.87592652,71.97098921
-33.79157074,-83.78057730,71.98749543
-33.75997320,-83.68527161,72.00323331
-33.72835826,-83.58999325,72.01816231
-33.69674460,-83.49473719,72.03224457
-33.66514995,-83.39949867,72.04544562
-33.63359084,-83.30427331,72.05773159
-33.60206676,-83.20906220,72.06906967
-33.57059384,-83.11386103,72.07942965
-33.53924006,-83.01864874,72.08878154
-33.50804181,-82.92341444,72.09709737
-33.47700721,-82.82815630,72.10435094
-33.44612006,-82.73288026,72.11051744
-33.41529191,-82.63761550,72.11557652
-33.38453720,-82.54235786,72.11951078
-33.35384590,-82.44711098,72.12230772
-33.32318902,-82.35188446,72.12395853
-33.29252486,-82.25669188,72.12445821
-33.26181081,-82.16154702,72.12380783
-33.23108115,-82.06643878,72.12200980
-33.20037484,-81.97135449,72.11906887
-33.16971877,-81.87628532,72.11499090
-33.13912169,-81.78122828,72.10978156
-33.10856840,-81.68618806,72.10344747
-33.07814647,-81.59113618,72.09599511
-33.04787034,-81.49606766,72.08743280
-33.01772916,-81.40098563,72.07777189
-32.98768280,-81.30590255,72.06702776
-32.95765798,-81.21084153,72.05521951
-32.92763207,-81.11580926,72.04236902
-32.89760375,-81.02080550,72.02850078
-32.86755279,-80.92583606,72.01364082
-32.83745789,-80.83090711,71.99781594
-32.80729661,-80.73602512,71.98105451
-32.77701097,-80.64120822,71.96338788
-32.74660227,-80.54645508,71.94484948
-32.71608042,-80.45176155,71.92547614
-32.68546190,-80.35712123,71.90530725
-32.65476752,-80.26252629,71.88438300
-32.62401941,-80.16796841,71.86274680
-32.59323724,-80.07344003,71.84044141
-32.56243428,-79.97893565,71.81750793
-32.53161241,-79.88445349,71.79398910
-32.50075648,-79.78999727,71.76992970
-32.46982802,-79.69557837,71.74537521
-32.43884539,-79.60118957,71.72037211
-32.40780758,-79.50682994,71.69496749
-32.37671362,-79.41249855,71.66920847
-32.34556270,-79.31819446,71.64314137
-32.31435427,-79.22391662,71.61681211
-32.28308776,-79.12966403,71.59026470
-32.25176294,-79.03543561,71.56354175
-32.22037961,-78.94123026,71.53668724
-32.18893768,-78.84704690,71.50974443
-32.15743693,-78.75288450,71.48275455
-32.12587722,-78.65874207,71.45575739
-32.09425841,-78.56461862,71.42879155
-32.06258049,-78.47051318,71.40189464
-32.03084333,-78.37642482,71.37510198
-31.99904708,-78.28235247,71.34844995
-31.96719179,-78.18829513,71.32197680
-31.93527767,-78.09425169,71.29572142
-31.90330483,-78.00022105,71.26972436
-31.87127334,-77.90620215,71.24402647
-31.83918326,-77.81219394,71.21866703
-31.80703482,-77.71819536,71.19368218
-31.77482836,-77.62420531,71.16910696
-31.74256444,-77.53022267,71.14497702
-31.71024363,-77.43624630,71.12132633
-31.67784774,-77.34228148,71.09819010
-31.64541384,-77.24831447,71.07560659
-31.61295642,-77.15433929,71.05361338
-31.58047321,-77.06035572,71.03224778
-31.54795069,-76.96636750,71.01154499
-31.51536877,-76.87238067,70.99153657
-31.48270502,-76.77840218,70.97225114
-31.44993820,-76.68443860,70.95371657
-31.41705106,-76.59049518,70.93596128
-31.38403269,-76.49657498,70.91901203
-31.35088057,-76.40267818,70.90289562
-31.31764989,-76.30878511,70.88763941
-31.28436134,-76.21488796,70.87326817
-31.25103451,-76.12097931,70.85980362
-31.21768794,-76.02705210,70.84726474
-31.18432291,-75.93310527,70.83567131
-31.15095836,-75.83913153,70.82504607
-31.11766516,-75.74510548,70.81541465
-31.08448253,-75.65101269,70.80680404
-31.05142137,-75.55684858,70.79924071
-31.01844800,-75.46262420,70.79274979
-30.98553241,-75.36834941,70.78735248
-30.95267251,-75.27402446,70.78306472
-30.91984604,-75.17965671,70.77989738
-30.88701589,-75.08525877,70.77785906
-30.85410940,-74.99085567,70.77696023
-30.82111275,-74.89645196,70.77721288
-30.78811104,-74.80201766,70.77862933
-30.75514685,-74.70753763,70.78122231
-30.72224843,-74.61300175,70.78500262
-30.68942366,-74.51840704,70.78997994
-30.65670583,-74.42374172,70.79616213
-30.62413782,-74.32899067,70.80355585
-30.59171826,-74.23415420,70.81216905
-30.55941802,-74.13924230,70.82201064
-30.52717633,-74.04427602,70.83309133
-30.49496380,-73.94926544,70.84542080
-30.46278970,-73.85420725,70.85900598
-30.43063984,-73.75910634,70.87385164
-30.39849857,-73.66396814,70.88995809
-30.36634853,-73.56879872,70.90732490
-30.33413854,-73.47361571,70.92595181
-30.30187182,-73.37841800,70.94583977
-30.26955981,-73.28320159,70.96699160
-30.23722038,-73.18796027,70.98941087
-30.20487606,-73.09268626,71.01310093
-30.17255090,-72.99737133,71.03806158
-30.14026719,-72.90200793,71.06428944
-30.10804131,-72.80659063,71.09177819
-30.07587892,-72.71111775,71.12051873
-30.04376933,-72.61559324,71.15050392
-30.01167959,-72.52002870,71.18172871
-29.97962922,-72.42441764,71.21418701
-29.94761996,-72.32875976,71.24787297
-29.91565348,-72.23305477,71.28278013
-29.88373169,-72.13730245,71.31889696
-29.85185621,-72.04150270,71.35620754
-29.82002856,-71.94565555,71.39469438
-29.78825009,-71.84976113,71.43433708
-29.75652188,-71.75381970,71.47511416
-29.72484490,-71.65783158,71.51700584
-29.69322027,-71.56179708,71.55999155
-29.66164910,-71.46571662,71.60404629
-29.63013258,-71.36959066,71.64914162
-29.59867185,-71.27341978,71.69524426
-29.56726812,-71.17720468,71.74231439
-29.53592222,-71.08094624,71.79030963
-29.50463514,-70.98464537,71.83918712
-29.47340773,-70.88830304,71.88890128
-29.44224087,-70.79192025,71.93940685
-29.41113553,-70.69549802,71.99065788
-29.38009289,-70.59903735,72.04260573
-29.34911408,-70.50253933,72.09519851
-29.31820024,-70.40600508,72.14838054
-29.28735231,-70.30943583,72.20209408
-29.25657112,-70.21283289,72.25628073
-29.22585719,-70.11619765,72.31088398
-29.19521121,-70.01953148,72.36584749
-29.16463371,-69.92283578,72.42111329
-29.13412519,-69.82611201,72.47662280
-29.10368629,-69.72936165,72.53231460
-29.07331753,-69.63258628,72.58812415
-29.04301938,-69.53578754,72.64398457
-29.01279204,-69.43896716,72.69982683
-28.98263560,-69.34212693,72.75558241
-28.95254989,-69.24526872,72.81118465
-28.92253466,-69.14839440,72.86656866
-28.89258974,-69.05150579,72.92166847
-28.86271472,-68.95460484,72.97641644
-28.83290919,-68.85769349,73.03074526
-28.80317282,-68.76077372,73.08458474
-28.77350503,-68.66384764,73.13786288
-28.74390530,-68.56691733,73.19050643
-28.71437290,-68.46998500,73.24244182
-28.68490711,-68.37305283,73.29359572
-28.65550714,-68.27612303,73.34389528
-28.62617220,-68.17919775,73.39326941
-28.59690148,-68.08227914,73.44164685
-28.56769411,-67.98536930,73.48895871
-28.53854920,-67.88847031,73.53514005
-28.50946584,-67.79158417,73.58012614
-28.48044299,-67.69471290,73.62385496
-28.45147970,-67.59785847,73.66626604
-28.42257471,-67.50102288,73.70729990
-28.39372690,-67.40420808,73.74689857
-28.36491729,-67.30742108,73.78500477
-28.33617981,-67.21065364,73.82156393
-28.30752406,-67.11390445,73.85652534
-28.27894278,-67.01717699,73.88984136
-28.25041829,-66.92047762,73.92146741
-28.22192803,-66.82381401,73.95136316
-28.19344888,-66.72719386,73.97949170
-28.16496105,-66.63062382,74.00581767
-28.13645042,-66.53410882,74.03031013
-28.10791107,-66.43765135,74.05294247
-28.07934603,-66.34125125,74.07369073
-28.05081293,-66.24489260,74.09253593
-28.02231128,-66.14857611,74.10946284
-27.99389628,-66.05228665,74.12445715
-27.96560357,-65.95601461,74.13750637
-27.93745114,-65.85975531,74.14860146
-27.90940371,-65.76351910,74.15773591
-27.88147103,-65.66730341,74.16490588
-27.85370252,-65.57109431,74.17011453
-27.82612150,-65.47488505,74.17337179
-27.79872838,-65.37867521,74.17469294
-27.77147480,-65.28247802,74.17409882
-27.74435462,-65.18629458,74.17161495
-27.71740475,-65.09011359,74.16727142
-27.69061158,-64.99393798,74.16110072
-27.66393852,-64.89777703,74.15313969
-27.63732331,-64.80164722,74.14342997
-27.61077102,-64.70554582,74.13201596
-27.58429683,-64.60946716,74.11894541
-27.55787395,-64.51341741,74.10426976
-27.53145921,-64.41740737,74.08804090
-27.50499179,-64.32145281,74.07031193
-27.47846572,-64.22555391,74.05113863
-27.45181745,-64.12972733,74.03057948
-27.42504061,-64.03397323,74.00869619
-27.39813842,-63.93828894,73.98555518
-27.37112204,-63.84266940,73.96122759
-27.34400838,-63.74710787,73.93578779
-27.31681720,-63.65159668,73.90931181
-27.28956740,-63.55612837,73.88187707
-27.26227259,-63.46069695,73.85356088
-27.23493577,-63.36529946,73.82444021
-27.20754313,-63.26993775,73.79459419
-27.18005670,-63.17462060,73.76410339
-27.15249366,-63.07934093,73.73304930
-27.12485285,-62.98409694,73.70151434
-27.09713319,-62.88888683,73.66957976
-27.06933377,-62.79370881,73.63732435
-27.04145394,-62.69856110,73.60482316
-27.01349321,-62.60344190,73.57214822
-26.98545151,-62.50834934,73.53936987
-26.95732903,-62.41328149,73.50655784
-26.92912611,-62.31823635,73.47378418
-26.90084311,-62.22321196,73.44112195
-26.87248034,-62.12820638,73.40864283
-26.84403807,-62.03321774,73.37641631
-26.81551653,-61.93824427,73.34450715
-26.78691612,-61.84328426,73.31297545
-26.75823737,-61.74833601,73.28187860
-26.72948104,-61.65339780,73.25127119
-26.70064814,-61.55846777,73.22120908
-26.67173974,-61.46354408,73.19175212
-26.64275698,-61.36862478,73.16296183
-26.61368147,-61.27371391,73.13490066
-26.58455171,-61.17879817,73.10762853
-26.55538226,-61.08387161,73.08120126
-26.52617059,-60.98893360,73.05566981
-26.49690310,-60.89398699,73.03108172
-26.46756015,-60.79903655,73.00748269
-26.43812043,-60.70408765,72.98491556
-26.40856465,-60.60914511,72.96342363
-26.37887812,-60.51421238,72.94304860
-26.34905329,-60.41929088,72.92382748
-26.31909124,-60.32437945,72.90579326
-26.28905216,-60.22945902,72.88897145
-26.25895984,-60.13452167,72.87338090
-26.22883662,-60.03956002,72.85903696
-26.19870340,-59.94456719,72.84595346
-26.16855745,-59.84954368,72.83414237
-26.13843172,-59.75447900,72.82361433
-26.10839803,-59.65935070,72.81437709
-26.07849376,-59.56414711,72.80643185
-26.04872626,-59.46886603,72.79977474
-26.01905644,-59.37351976,72.79439644
-25.98945094,-59.27811896,72.79028120
-25.95990471,-59.18266559,72.78741201
-25.93039171,-59.08716812,72.78577323
-25.90087113,-58.99163962,72.78535058
-25.87125732,-58.89610702,72.78613057
-25.84156979,-58.80056472,72.78810034
-25.81189089,-58.70498772,72.79124337
-25.78226242,-58.60936364,72.79553812
-25.75271016,-58.51368521,72.80096083
-25.72323816,-58.41795196,72.80748285
-25.69387676,-58.32215538,72.81507310
-25.66466366,-58.22628474,72.82369938
-25.63558982,-58.13034381,72.83332840
-25.60661762,-58.03434527,72.84392704
-25.57767741,-57.93831171,72.85546030
-25.54875644,-57.84224814,72.86789112
-25.51985447,-57.74615572,72.88117962
-25.49095527,-57.65004056,72.89528578
-25.46204161,-57.55390908,72.91016986
-25.43309521,-57.45776799,72.92579041
-25.40406323,-57.36163454,72.94210781
-25.37495135,-57.26550806,72.95908133
-25.34577355,-57.16938535,72.97667033
-25.31655035,-57.07326125,72.99483315
-25.28730614,-56.97712941,73.01352528
-25.25806616,-56.88098328,73.03270270
-25.22885306,-56.78481710,73.05232116
-25.19968259,-56.68862720,73.07233778
-25.17055909,-56.59241338,73.09271100
-25.14146990,-56.49618061,73.11340217
-25.11237965,-56.39994074,73.13437341
-25.08330877,-56.30368854,73.15558665
-25.05425817,-56.20742475,73.17700563
-25.02522888,-56.11115007,73.19859200
-24.99622158,-56.01486527,73.22030742
-24.96723679,-55.91857119,73.24211593
-24.93827501,-55.82226862,73.26398184
-24.90933654,-55.72595841,73.28587061
-24.88042177,-55.62964137,73.30774858
-24.85153097,-55.53331835,73.32958232
-24.82266457,-55.43699016,73.35133699
-24.79382287,-55.34065766,73.37297632
-24.76500611,-55.24432173,73.39446488
-24.73621460,-55.14798323,73.41576689
-24.70744841,-55.05164302,73.43684783
-24.67870770,-54.95530194,73.45767662
-24.64999257,-54.85896077,73.47822328
-24.62130300,-54.76262031,73.49845941
-24.59261967,-54.66628699,73.51835725
-24.56397875,-54.56995093,73.53788890
-24.53539390,-54.47360884,73.55702738
-24.50686185,-54.37726243,73.57574460
-24.47836772,-54.28091682,73.59401419
-24.44988963,-54.18457916,73.61181026
-24.42140272,-54.08825746,73.62910585
-24.39288279,-53.99195958,73.64587344
-24.36430925,-53.89569232,73.66208355
-24.33566756,-53.79946073,73.67770592
-24.30695128,-53.70326751,73.69270885
-24.27821225,-53.60709827,73.70705923
-24.24946817,-53.51094866,73.72072567
-24.22073590,-53.41481458,73.73367806
-24.19203141,-53.31869220,73.74588780
-24.16335677,-53.22258167,73.75732832
-24.13472137,-53.12648099,73.76797360
-24.10619532,-53.03037053,73.77779868
-24.07781770,-52.93423964,73.78678006
-24.04959936,-52.83808585,73.79489595
-24.02152673,-52.74191373,73.80212487
-23.99353427,-52.64574293,73.80844611
-23.96560083,-52.54958013,73.81384077
-23.93767894,-52.45343963,73.81829122
-23.90977315,-52.35732056,73.82178129
-23.88187022,-52.26122716,73.82429680
-23.85397810,-52.16515741,73.82582635
-23.82614299,-52.06909811,73.82636168
-23.79832672,-51.97306057,73.82589608
-23.77050167,-51.87705302,73.82442390
-23.74267770,-51.78107279,73.82193920
-23.71484622,-51.68512263,73.81843263
-23.68705393,-51.58918926,73.81389212
-23.65932174,-51.49326689,73.80830607
-23.63171446,-51.39733700,73.80166217
-23.60424845,-51.30139506,73.79394901
-23.57691676,-51.20544326,73.78515933
-23.54968491,-51.10949173,73.77528789
-23.52248709,-51.01355970,73.76433021
-23.49529550,-50.91765535,73.75228133
-23.46811300,-50.82177796,73.73913576
-23.44092134,-50.72593296,73.72488658
-23.41370108,-50.63012611,73.70952831
-23.38643127,-50.53436354,73.69305998
-23.35905710,-50.43866136,73.67548234
-23.33157881,-50.34301938,73.65680031
-23.30400433,-50.24743513,73.63702372
-23.27634771,-50.15190426,73.61616344
-23.24862709,-50.05642119,73.59423067
-23.22086201,-49.96097984,73.57123701
-23.19307007,-49.86557465,73.54719696
-23.16526300,-49.77020169,73.52212726
-23.13744195,-49.67486006,73.49604887
-23.10959199,-49.57955352,73.46898754
-23.08167604,-49.48429230,73.44096921
-23.05371001,-49.38907102,73.41202220
-23.02569141,-49.29388971,73.38217577
-22.99761776,-49.19874839,73.35145642
-22.96948668,-49.10364707,73.31989005
-22.94129584,-49.00858567,73.28750523
-22.91304304,-48.91356403,73.25433337
-22.88472612,-48.81858186,73.22040937
-22.85634293,-48.72363880,73.18577436
-22.82789120,-48.62873441,73.15047259
-22.79936863,-48.53386818,73.11455062
-22.77077306,-48.43903955,73.07805775
-22.74210227,-48.34424790,73.04104282
-22.71335422,-48.24949256,73.00355489
-22.68452716,-48.15477276,72.96564474
-22.65561949,-48.06008760,72.92736488
-22.62662979,-47.96543610,72.88876943
-22.59755674,-47.87081720,72.84991638
-22.56839913,-47.77622976,72.81086573
-22.53915581,-47.68167257,72.77167752
-22.50982592,-47.58714431,72.73241289
-22.48040876,-47.49264361,72.69313317
-22.45090386,-47.39816900,72.65390041
-22.42131100,-47.30371894,72.61477670
-22.39163023,-47.20929180,72.57582405
-22.36186165,-47.11488594,72.53710428
-22.33200551,-47.02049972,72.49867900
-22.30206211,-46.92613154,72.46060789
-22.27203180,-46.83177982,72.42294688
-22.24191514,-46.73744296,72.38574943
-22.21171279,-46.64311933,72.34906845
-22.18142553,-46.54880731,72.31295713
-22.15105432,-46.45450516,72.27746984
-22.12060012,-46.36021113,72.24266114
-22.09006412,-46.26592341,72.20858733
-22.05944749,-46.17164019,72.17530432
-22.02875161,-46.07735967,72.14286487
-21.99797805,-45.98308002,72.11131806
-21.96712875,-45.88879939,72.08070901
-21.93620593,-45.79451592,72.05108072
-21.90519384,-45.70023367,72.02247395
-21.87413027,-45.60593932,71.99492615
-21.84303091,-45.51162678,71.96847263
-21.81189538,-45.41729536,71.94314507
-21.78071280,-45.32294789,71.91897090
-21.74946614,-45.22858939,71.89597218
-21.71813651,-45.13422565,71.87416290
-21.68670641,-45.03986215,71.85355225
-21.65516248,-44.94550314,71.83414630
-21.62349751,-44.85115100,71.81594627
-21.59171216,-44.75680563,71.79894937
-21.55986219,-44.66244899,71.78314913
-21.52796916,-44.56807430,71.76853489
-21.49605298,-44.47367539,71.75509110
-21.46413205,-44.37924666,71.74279910
-21.43220248,-44.28478995,71.73163702
-21.40029419,-44.19029595,71.72158050
-21.36847255,-44.09574360,71.71260657
-21.33677149,-44.00112229,71.70469218
-21.30519729,-43.90643055,71.69781331
-21.27373290,-43.81167472,71.69194518
-21.24231283,-43.71687722,71.68706029
-21.21091589,-43.62204591,71.68312680
-21.17951604,-43.52719034,71.68010994
-21.14808527,-43.43232081,71.67797201
-21.11659622,-43.33744747,71.67667242
-21.08507739,-43.24256206,71.67616976
-21.05357711,-43.14764974,71.67642166
-21.02210655,-43.05270806,71.67738393
-20.99066466,-42.95773860,71.67901207
-20.95923543,-42.86274798,71.68125898
-20.92778528,-42.76774867,71.68407509
-20.89633601,-42.67273489,71.68740912
-20.86488889,-42.57770767,71.69120804
-20.83344508,-42.48266812,71.69541704
-20.80200568,-42.38761739,71.69998029
-20.77057167,-42.29255668,71.70484318
-20.73914395,-42.19748718,71.70995118
-20.70772333,-42.10241009,71.71525053
-20.67631051,-42.00732663,71.72068906
-20.64490610,-41.91223802,71.72621554
-20.61351062,-41.81714547,71.73177966
-20.58212451,-41.72205023,71.73733139
-20.55074811,-41.62695356,71.74282074
-20.51938166,-41.53185669,71.74819861
-20.48802534,-41.43676089,71.75341714
-20.45667921,-41.34166739,71.75843090
-20.42534325,-41.24657738,71.76319550
-20.39401735,-41.15149206,71.76766994
-20.36270131,-41.05641256,71.77181577
-20.33139486,-40.96133998,71.77559610
-20.30009765,-40.86627542,71.77897609
-20.26880924,-40.77121990,71.78192230
-20.23752915,-40.67617444,71.78440441
-20.20625682,-40.58114001,71.78639419
-20.17499160,-40.48611753,71.78786571
-20.14373282,-40.39110783,71.78879618
-20.11247969,-40.29611170,71.78916654
-20.08123141,-40.20112980,71.78896232
-20.04998710,-40.10616272,71.78817272
-20.01874582,-40.01121094,71.78679137
-19.98750661,-39.91627480,71.78481745
-19.95626847,-39.82135457,71.78225420
-19.92503038,-39.72645042,71.77910779
-19.89379129,-39.63156242,71.77538822
-19.86255018,-39.53669056,71.77110807
-19.83130599,-39.44183478,71.76628202
-19.80005770,-39.34699492,71.76092793
-19.76880429,-39.25217077,71.75506608
-19.73754476,-39.15736207,71.74871833
-19.70627813,-39.06256851,71.74190805
-19.67500349,-38.96778972,71.73465973
-19.64371989,-38.87302531,71.72699864
-19.61242648,-38.77827482,71.71895127
-19.58112238,-38.68353770,71.71054602
-19.54980677,-38.58881334,71.70181453
-19.51847886,-38.49410107,71.69279207
-19.48713791,-38.39940014,71.68351536
-19.45578324,-38.30470981,71.67402095
-19.42441424,-38.21002935,71.66434391
-19.39303038,-38.11535805,71.65451595
-19.36163120,-38.02069527,71.64456511
-19.33021628,-37.92604038,71.63451730
-19.29878527,-37.83139276,71.62439835
-19.26733786,-37.73675179,71.61423315
-19.23587377,-37.64211684,71.60404959
-19.20439278,-37.54748725,71.59387595
-19.17289472,-37.45286237,71.58373859
-19.14137945,-37.35824153,71.57366293
-19.10984690,-37.26362411,71.56367180
-19.07829704,-37.16900948,71.55378677
-19.04672987,-37.07439702,71.54402994
-19.01514544,-36.97978612,71.53442343
-18.98354384,-36.88517619,71.52498829
-18.95192524,-36.79056667,71.51574329
-18.92028983,-36.69595710,71.50670491
-18.88863787,-36.60134706,71.49788517
-18.85696964,-36.50673622,71.48929088
-18.82528550,-36.41212433,71.48092536
-18.79358578,-36.31751121,71.47279005
-18.76187088,-36.22289672,71.46488613
-18.73014120,-36.12828082,71.45721313
-18.69839717,-36.03366354,71.44976587
-18.66663922,-35.93904496,71.44253495
-18.63486781,-35.84442527,71.43550827
-18.60308338,-35.74980471,71.42867020
-18.57128633,-35.65518353,71.42200532
-18.53947707,-35.56056200,71.41549897
-18.50765595,-35.46594037,71.40913771
-18.47582332,-35.37131887,71.40291163
-18.44397949,-35.27669777,71.39680971
-18.41212477,-35.18207731,71.39081859
-18.38025943,-35.08745776,71.38492457
-18.34838372,-34.99283936,71.37911344
-18.31649788,-34.89822236,71.37337305
-18.28460207,-34.80360695,71.36769418
-18.25269645,-34.70899327,71.36207111
-18.22078117,-34.61438145,71.35649930
-18.18885634,-34.51977159,71.35097406
-18.15692211,-34.42516385,71.34548977
-18.12497860,-34.33055840,71.34003705
-18.09302594,-34.23595549,71.33460545
-18.06106426,-34.14135540,71.32918291
-18.02909366,-34.04675843,71.32375562
-17.99711422,-33.95216490,71.31831198
-17.96512601,-33.85757508,71.31284083
-17.93312906,-33.76298927,71.30733197
-17.90112337,-33.66840771,71.30177679
-17.86910894,-33.57383065,71.29616709
-17.83708573,-33.47925834,71.29049421
-17.80505372,-33.38469101,71.28475068
-17.77301284,-33.29012889,71.27892838
-17.74096301,-33.19557222,71.27301873
-17.70890414,-33.10102117,71.26701646
-17.67683609,-33.00647591,71.26091748
-17.64475874,-32.91193656,71.25471914
-17.61267192,-32.81740320,71.24842110
-17.58057549,-32.72287591,71.24202385
-17.54846926,-32.62835472,71.23552698
-17.51635307,-32.53383965,71.22893187
-17.48422672,-32.43933068,71.22224177
-17.45209003,-32.34482774,71.21545992
-17.41994279,-32.25033073,71.20859285
-17.38778480,-32.15583947,71.20165010
-17.35561585,-32.06135373,71.19464328
-17.32343573,-31.96687323,71.18758518
-17.29124425,-31.87239762,71.18049086
-17.25904121,-31.77792649,71.17337713
-17.22682643,-31.68345933,71.16626253
-17.19459971,-31.58899554,71.15917102
-17.16236088,-31.49453442,71.15213016
-17.13010978,-31.40007516,71.14517215
-17.09784629,-31.30561684,71.13833275
-17.06557032,-31.21115847,71.13164866
-17.03328182,-31.11669899,71.12515867
-17.00098080,-31.02223728,71.11890251
-16.96866732,-30.92777212,71.11292128
-16.93634149,-30.83330229,71.10725887
-16.90400349,-30.73882645,71.10196103
-16.87165358,-30.64434326,71.09707379
-16.83929208,-30.54985138,71.09264296
-16.80691943,-30.45534947,71.08871260
-16.77453613,-30.36083624,71.08532300
-16.74214279,-30.26631043,71.08251094
-16.70974008,-30.17177081,71.08031163
-16.67730855,-30.07722307,71.07875883
-16.64488392,-29.98265401,71.07788596
-16.61248397,-29.88805660,71.07772922
-16.58011143,-29.79342898,71.07832334
-16.54775712,-29.69877342,71.07970172
-16.51537042,-29.60410645,71.08189446
-16.48293820,-29.50943182,71.08492590
-16.45048983,-29.41473884,71.08881842
-16.41805492,-29.32001684,71.09359223
-16.38566054,-29.22525613,71.09926382
-16.35332863,-29.13044890,71.10584664
-16.32112440,-29.03557268,71.11334923
-16.28906387,-28.94062203,71.12177330
-16.25713968,-28.84559962,71.13111467
-16.22531737,-28.75051753,71.14136415
-16.19353229,-28.65539821,71.15250940
-16.16176925,-28.56024717,71.16454030
-16.13003030,-28.46506398,71.17744991
-16.09830092,-28.36985387,71.19123148
-16.06656575,-28.27462236,71.20587882
-16.03480850,-28.17937532,71.22138318
-16.00297940,-28.08412994,71.23772988
-15.97108431,-27.98888463,71.25490225
-15.93913677,-27.89363517,71.27288281
-15.90715599,-27.79837541,71.29165536
-15.87516477,-27.70309791,71.31120947
-15.84318681,-27.60779496,71.33153781
-15.81124335,-27.51245967,71.35263140
-15.77934911,-27.41708746,71.37447795
-15.74750787,-27.32167757,71.39706090
-15.71570734,-27.22623477,71.42035574
-15.68391320,-27.13077138,71.44433461
-15.65214464,-27.03528166,71.46897023
-15.62040247,-26.93976613,71.49423397
-15.58868745,-26.84422539,71.52009779
-15.55700052,-26.74865996,71.54653323
-15.52534273,-26.65307035,71.57350892
-15.49371518,-26.55745706,71.60099140
-15.46211902,-26.46182056,71.62894819
-15.43055550,-26.36616120,71.65734938
-15.39902583,-26.27047933,71.68616845
-15.36753127,-26.17477523,71.71538310
-15.33607307,-26.07904918,71.74497148
-15.30465256,-25.98330146,71.77490862
-15.27327082,-25.88753244,71.80516631
-15.24192891,-25.79174252,71.83571477
-15.21062771,-25.69593212,71.86652499
-15.17936784,-25.60010174,71.89757223
-15.14814967,-25.50425184,71.92883615
-15.11697346,-25.40838291,71.96029804
-15.08583943,-25.31249546,71.99194061
-15.05474788,-25.21658997,72.02374298
-15.02369924,-25.12066698,72.05568017
-14.99269407,-25.02472702,72.08772387
-14.96173279,-24.92877076,72.11984395
-14.93081559,-24.83279894,72.15201193
-14.89994267,-24.73681231,72.18419884
-14.86911395,-24.64081170,72.21637589
-14.83832949,-24.54479781,72.24851535
-14.80758943,-24.44877132,72.28059156
-14.77689398,-24.35273280,72.31258107
-14.74624344,-24.25668283,72.34446140
-14.71563794,-24.16062199,72.37621163
-14.68507778,-24.06455087,72.40780856
-14.65456298,-23.96847014,72.43922565
-14.62409351,-23.87238053,72.47043732
-14.59366937,-23.77628274,72.50141630
-14.56329069,-23.68017746,72.53213666
-14.53295754,-23.58406531,72.56257605
-14.50267021,-23.48794685,72.59271231
-14.47242841,-23.39182274,72.62252412
-14.44223107,-23.29569389,72.65199193
-14.41207676,-23.19956125,72.68109860
-14.38196441,-23.10342564,72.70982572
-14.35189309,-23.00728781,72.73815382
-14.32186255,-22.91114829,72.76606698
-14.29187340,-22.81500750,72.79355097
-14.26192716,-22.71886571,72.82058631
-14.23202588,-22.62272312,72.84714699
-14.20217202,-22.52657977,72.87319604
-14.17236732,-22.43043573,72.89869420
-14.14261267,-22.33429101,72.92362523
-14.11290864,-22.23814517,72.94800355
-14.08325540,-22.14199741,72.97186483
-14.05365250,-22.04584667,72.99525900
-14.02409918,-21.94969181,73.01824383
-13.99459442,-21.85353196,73.04087328
-13.96513695,-21.75736668,73.06318285
-13.93572484,-21.66119613,73.08518602
-13.90635544,-21.56502115,73.10687216
-13.87702495,-21.46884323,73.12821620
-13.84770947,-21.37267015,73.14919909
-13.81844246,-21.27649251,73.16980289
-13.78923468,-21.18030781,73.19000472
-13.76008028,-21.08411856,73.20977831
-13.73096242,-20.98793060,73.22909364
-13.70185798,-20.89175177,73.24791813
-13.67274167,-20.79559057,73.26621686
-13.64358900,-20.69945531,73.28395180
-13.61437947,-20.60335310,73.30108575
-13.58509846,-20.50728932,73.31758174
-13.55574008,-20.41126682,73.33340098
-13.52635851,-20.31527042,73.34850136
-13.49697268,-20.21929570,73.36283594
-13.46760068,-20.12333858,73.37635472
-13.43825964,-20.02739537,73.38900474
-13.40895080,-19.93146715,73.40073337
-13.37968725,-19.83555154,73.41148886
-13.35054111,-19.73962859,73.42121717
-13.32157487,-19.64368126,73.42986563
-13.29273140,-19.54772801,73.43738284
-13.26399120,-19.45177605,73.44371756
-13.23539854,-19.35581357,73.44882123
-13.20692082,-19.25985146,73.45265035
-13.17848290,-19.16391315,73.45516683
-13.15000906,-19.06802213,73.45633645
-13.12150006,-18.97217906,73.45612923
-13.09299830,-18.87637218,73.45451557
-13.06459473,-18.78057526,73.45146527
-13.03632688,-18.68477792,73.44694959
-13.00815252,-18.58899337,73.44094037
-12.98011615,-18.49320898,73.43341163
-12.95227104,-18.39740938,73.42434299
-12.92456103,-18.30161170,73.41371962
-12.89691563,-18.20583742,73.40152764
-12.86928867,-18.11010068,73.38775211
-12.84169046,-18.01439871,73.37237464
-12.81410138,-17.91873755,73.35535450
-12.78650195,-17.82312319,73.33668485
-12.75886823,-17.72756300,73.31639176
-12.73113745,-17.63207625,73.29446990
-12.70330657,-17.53666441,73.27089424
-12.67538126,-17.44132658,73.24562592
-12.64737426,-17.34606021,73.21861755
-12.61930320,-17.25086145,73.18981988
-12.59118735,-17.15572561,73.15918730
-12.56304393,-17.06064808,73.12668221
-12.53488360,-16.96562565,73.09228354
-12.50670620,-16.87065783,73.05603595
-12.47849059,-16.77575003,73.01801145
-12.45019081,-16.68091483,72.97825559
-12.42181967,-16.58614695,72.93681486
-12.39337105,-16.49144679,72.89373557
-12.36483975,-16.39681463,72.84906690
-12.33622146,-16.30225047,72.80286333
-12.30751278,-16.20775388,72.75518407
-12.27871103,-16.11332413,72.70609171
-12.24981437,-16.01896018,72.65565107
-12.22082129,-15.92466090,72.60392730
-12.19172742,-15.83042600,72.55098431
-12.16252984,-15.73625476,72.49688648
-12.13322554,-15.64214649,72.44169772
-12.10381188,-15.54810031,72.38548392
-12.07428637,-15.45411528,72.32831594
-12.04464668,-15.36019035,72.27026592
-12.01489070,-15.26632432,72.21140909
-11.98501620,-15.17251599,72.15182110
-11.95502126,-15.07876402,72.09157860
-11.92490381,-14.98506712,72.03076176
-11.89466196,-14.89142391,71.96944916
-11.86429413,-14.79783293,71.90772087
-11.83379877,-14.70429272,71.84565600
-11.80317464,-14.61080170,71.78333257
-11.77242053,-14.51735828,71.72082993
-11.74153534,-14.42396082,71.65822642
-11.71051828,-14.33060752,71.59560487
-11.67936833,-14.23729661,71.53304928
-11.64813562,-14.14400884,71.47064579
-11.61666248,-14.05079581,71.40848292
-11.58502887,-13.95762811,71.34664601
-11.55328659,-13.86448584,71.28522218
-11.52146360,-13.77135716,71.22429921
-11.48956984,-13.67823926,71.16396336
-11.45759782,-13.58512727,71.10430061
-11.42552839,-13.49201774,71.04539669
-11.39333928,-13.39892095,70.98734085
-11.36100577,-13.30585376,70.93022118
-11.32850281,-13.21283354,70.87538295
-11.29568190,-13.11991657,70.82097586
-11.26266009,-13.02706267,70.76473606
-11.22944827,-12.93426089,70.70832328
-11.19605757,-12.84149328,70.65315210
-11.16249945,-12.74873569,70.60038792
-11.12878103,-12.65594642,70.55095066
-11.09491345,-12.56309212,70.50551905
-11.06091862,-12.47016739,70.46454064
-11.02682127,-12.37717515,70.42824087
-10.99264807,-12.28412356,70.39663965
-10.95832376,-12.19105992,70.36639505
-10.92407548,-12.09792162,70.33584933
-10.88992871,-12.00471456,70.30664996
-10.85587824,-11.91144892,70.27879700
-10.82189478,-11.81813449,70.25228962
-10.78793089,-11.72477685,70.22712907
-10.75393231,-11.63139068,70.20331482
-10.71984439,-11.53799945,70.18084619
-10.68561264,-11.44462284,70.15972361
-10.65118862,-11.35127835,70.13994743
-10.61653317,-11.25798019,70.12151808
-10.58187674,-11.16464561,70.10443414
-10.54717475,-11.07129059,70.08869557
-10.51244820,-10.97790756,70.07430241
-10.47771665,-10.88448942,70.06125506
-10.44297472,-10.79103816,70.04955462
-10.40825820,-10.69754075,70.03919966
-10.37365588,-10.60396488,70.03018989
-10.33916789,-10.51031053,70.02252579
-10.30475623,-10.41659152,70.01620755
-10.27042741,-10.32280551,70.01123570
-10.23621143,-10.22894160,70.00760882
-10.20204136,-10.13502422,70.00532722
-10.16785620,-10.04107559,70.00439177
-10.13365597,-9.94709580,70.00480269
-10.09944286,-9.85308414,70.00655977
-10.06528044,-9.75901758,70.00966194
-10.03124259,-9.66486936,70.01411003
-9.99730646,-9.57064793,70.01990413
-9.96346174,-9.47635717,70.02704422
-9.92974647,-9.38198340,70.03553106
-9.89618096,-9.28751939,70.04536346
-9.86268966,-9.19299282,70.05654224
-9.82924325,-9.09841452,70.06906806
-9.79585571,-9.00379242,70.08294001
-9.76250235,-8.90911488,70.09815821
-9.72915285,-8.81436768,70.11472286
-9.69578412,-8.71956770,70.13263418
-9.66237478,-8.62474562,70.15189225
-9.62890323,-8.52993754,70.17802373
-9.59534195,-8.43514862,70.20348390
-9.56169265,-8.34043277,70.22221450
-9.52794351,-8.24582434,70.23769022
-9.49408273,-8.15135770,70.25164770
-9.46009849,-8.05706721,70.26540122
