east,north,yaw
-7.93119806,9.05946286,68.71222111
-7.89655120,9.15092717,68.86304614
-7.86292001,9.24123395,69.01911409
-7.83019532,9.33063015,69.19570155
-7.79826795,9.41936272,69.41372434
-7.76702873,9.50767860,69.71556576
-7.73628336,9.59603779,70.03818610
-7.70605387,9.68437007,70.29501425
-7.67622849,9.77291859,70.54726983
-7.64671178,9.86189120,70.79493466
-7.61745670,9.95137450,71.03799237
-7.58853405,10.04114204,71.27642677
-7.56000318,10.13099390,71.51022360
-7.53180997,10.22104577,71.73937020
-7.50394577,10.31129595,71.96385403
-7.47640370,10.40174329,72.18366260
-7.44917853,10.49238718,72.39878563
-7.42227537,10.58323046,72.60921470
-7.39568026,10.67426944,72.81493972
-7.36938592,10.76550269,73.01595307
-7.34338491,10.85692872,73.21224733
-7.31766991,10.94854607,73.40381561
-7.29223359,11.04035323,73.59065306
-7.26706853,11.13234869,73.77275465
-7.24216740,11.22453090,73.95011545
-7.21752283,11.31689833,74.12273073
-7.19312753,11.40944942,74.29059825
-7.16897400,11.50218257,74.45371510
-7.14505492,11.59509620,74.61207780
-7.12136297,11.68818873,74.76568548
-7.09789069,11.78145852,74.91453615
-7.07463077,11.87490396,75.05862842
-7.05157575,11.96852340,75.19796186
-7.02871823,12.06231518,75.33253543
-7.00605079,12.15627766,75.46234883
-6.98365329,12.25043069,75.58740251
-6.96129600,12.34471765,75.70769728
-6.93902091,12.43914930,75.82323257
-6.91687287,12.53373694,75.93400873
-6.89489630,12.62849161,76.04002720
-6.87313091,12.72342884,76.14128907
-6.85163075,12.81855414,76.23779517
-6.83038743,12.91384811,76.32954650
-6.80940920,13.00931222,76.41654398
-6.78870770,13.10496237,76.49878895
-6.76828726,13.20082242,76.57889760
-6.74792508,13.29686414,76.65415540
-6.72773274,13.39314671,76.71927446
-6.70764225,13.48968059,76.77448404
-6.68759062,13.58646726,76.82030286
-6.66752144,13.68349491,76.85754932
-6.64739297,13.78070639,76.88735117
-6.62712722,13.87802235,76.91115662
-6.60669984,13.97540744,76.93074021
-6.58623783,14.07287109,76.94820720
-6.56556526,14.17036343,76.96599701
-6.54468324,14.26788578,76.98026990
-6.52328033,14.36537919,76.98801533
-6.50123551,14.46283083,76.99142374
-6.47853093,14.56025014,76.99061097
-6.45521693,14.65765264,76.98569496
-6.43140764,14.75504847,76.97679644
-6.40729688,14.85247073,76.96403912
-6.38305587,14.94995991,76.94754909
-6.35889851,15.04756163,76.92745449
-6.33473431,15.14525118,76.90388450
-6.31063210,15.24304067,76.87697097
-6.28637846,15.34087699,76.84684770
-6.26210372,15.43878683,76.81364964
-6.23782255,15.53676992,76.77751285
-6.21355068,15.63482621,76.73857436
-6.18930489,15.73295594,76.69697257
-6.16510292,15.83115959,76.65284651
-6.14089170,15.92942112,76.60633590
-6.11664135,16.02772984,76.55758049
-6.09232602,16.12607601,76.50671984
-6.06793134,16.22445256,76.45389456
-6.04346411,16.32285744,76.39924418
-6.01896287,16.42129617,76.34290795
-5.99440621,16.51976010,76.28502489
-5.96979181,16.61824516,76.22573305
-5.94511769,16.71674734,76.16517013
-5.92038196,16.81526273,76.10347159
-5.89558287,16.91378745,76.04077127
-5.87071890,17.01231777,75.97720258
-5.84578877,17.11085001,75.91289684
-5.82078903,17.20938000,75.84798316
-5.79572185,17.30790506,75.78258901
-5.77058850,17.40642231,75.71683919
-5.74538928,17.50492871,75.65085663
-5.72012347,17.60342101,75.58476229
-5.69478935,17.70189586,75.51867326
-5.66938420,17.80034958,75.45270264
-5.64390444,17.89877799,75.38696254
-5.61834597,17.99717678,75.32156184
-5.59270417,18.09554176,75.25660357
-5.56697407,18.19386920,75.19224047
-5.54115652,18.29215749,75.12857556
-5.51524993,18.39040520,75.06560078
-5.48925276,18.48861167,75.00329713
-5.46316369,18.58677691,74.94164025
-5.43698166,18.68490142,74.88060516
-5.41070613,18.78298530,74.82017574
-5.38433727,18.88102792,74.76035478
-5.35787616,18.97902849,74.70117075
-5.33132452,19.07698611,74.64268889
-5.30468484,19.17489996,74.58502630
-5.27796426,19.27277061,74.52823115
-5.25116526,19.37059756,74.47228908
-5.22428953,19.46838042,74.41722101
-5.19733797,19.56611897,74.36304605
-5.17031066,19.66381295,74.30978175
-5.14320725,19.76146183,74.25744387
-5.11602707,19.85906484,74.20604663
-5.08876974,19.95662144,74.15560218
-5.06143545,20.05413129,74.10612046
-5.03402603,20.15159454,74.05761196
-5.00654616,20.24901219,74.01008461
-4.97899560,20.34638390,73.96354470
-4.95137565,20.44370980,73.91799715
-4.92368769,20.54099006,73.87344589
-4.89593303,20.63822490,73.82989495
-4.86811308,20.73541459,73.78734535
-4.84022921,20.83255940,73.74579763
-4.81228287,20.92965967,73.70525139
-4.78427535,21.02671573,73.66570481
-4.75620802,21.12372794,73.62715738
-4.72808242,21.22069677,73.58960560
-4.69989982,21.31762260,73.55304481
-4.67166167,21.41450593,73.51747070
-4.64336926,21.51134719,73.48287752
-4.61502398,21.60814693,73.44925894
-4.58662721,21.70490567,73.41660784
-4.55818025,21.80162394,73.38491639
-4.52968445,21.89830232,73.35417508
-4.50114103,21.99494138,73.32437471
-4.47255131,22.09154172,73.29550665
-4.44391660,22.18810397,73.26755929
-4.41523813,22.28462876,73.24052077
-4.38651724,22.38111675,73.21437965
-4.35775528,22.47756866,73.18912320
-4.32895364,22.57398520,73.16473921
-4.30011366,22.67036711,73.14121428
-4.27123658,22.76671509,73.11853417
-4.24234355,22.86303594,73.09668471
-4.21339874,22.95931904,73.07565215
-4.18438828,23.05556048,73.05542261
-4.15531475,23.15176134,73.03598277
-4.12619230,23.24792632,73.01731904
-4.09704246,23.34406240,72.99941617
-4.06789019,23.44017771,72.98225695
-4.03876061,23.53628051,72.96581988
-4.00967604,23.63237830,72.95007975
-3.98065355,23.72847706,72.93501009
-3.95170298,23.82458060,72.92058195
-3.92277481,23.92067461,72.90676388
-3.89385387,24.01675525,72.89352602
-3.86492563,24.11281889,72.88083872
-3.83597636,24.20886211,72.86867094
-3.80700336,24.30488493,72.85699209
-3.77800515,24.40088776,72.84576979
-3.74891281,24.49685012,72.83497075
-3.71968662,24.59276059,72.82456151
-3.69031345,24.68861597,72.81450763
-3.66080386,24.78442043,72.80477504
-3.63122081,24.88019438,72.79532819
-3.60158251,24.97594439,72.78613231
-3.57191299,25.07167883,72.77715204
-3.54223976,25.16740719,72.76835125
-3.51259086,25.26313909,72.75969466
-3.48296569,25.35887534,72.75114645
-3.45330474,25.45459848,72.74267233
-3.42361691,25.55031226,72.73423612
-3.39386623,25.64600640,72.72580276
-3.36405279,25.74168182,72.71733954
-3.33421273,25.83735065,72.70881274
-3.30433635,25.93301077,72.70018883
-3.27448422,26.02868197,72.69143663
-3.24465107,26.12436345,72.68252559
-3.21480890,26.22004728,72.67342513
-3.18493060,26.31572576,72.66410701
-3.15499259,26.41139224,72.65454370
-3.12497746,26.50704196,72.64470864
-3.09482392,26.60265644,72.63457807
-3.06452314,26.69823349,72.62412886
-3.03408978,26.79377821,72.61333911
-3.00356494,26.88930392,72.60218935
-2.97301830,26.98483284,72.59066204
-2.94244680,27.08036445,72.57874165
-2.91185588,27.17590085,72.56641344
-2.88125962,27.27144678,72.55366410
-2.85067253,27.36700709,72.54048328
-2.82010980,27.46258683,72.52686265
-2.78962007,27.55820158,72.51279509
-2.75919340,27.65384837,72.49827491
-2.72881263,27.74952190,72.48329937
-2.69845578,27.84521530,72.46786826
-2.66809827,27.94092082,72.45198134
-2.63771583,28.03663072,72.43564212
-2.60728801,28.13233843,72.41885532
-2.57680157,28.22803959,72.40162510
-2.54625493,28.32373344,72.38396062
-2.51566292,28.41942437,72.36587290
-2.48506170,28.51512349,72.34737385
-2.45443143,28.61082415,72.32847742
-2.42377189,28.70652586,72.30919932
-2.39308285,28.80222811,72.28955576
-2.36236395,28.89793035,72.26956318
-2.33161468,28.99363196,72.24923923
-2.30083451,29.08933236,72.22859927
-2.27002262,29.18503087,72.20765827
-2.23917820,29.28072687,72.18643108
-2.20830027,29.37641974,72.16492976
-2.17738772,29.47210883,72.14316442
-2.14643934,29.56779356,72.12114421
-2.11545375,29.66347335,72.09887514
-2.08442955,29.75914767,72.07636045
-2.05336509,29.85481600,72.05360080
-2.02225865,29.95047790,72.03059295
-1.99110833,30.04613296,72.00733065
-1.95991199,30.14178080,71.98380487
-1.92866749,30.23742117,71.96000016
-1.89737231,30.33305381,71.93589660
-1.86602384,30.42867858,71.91147057
-1.83461918,30.52429539,71.88669215
-1.80315532,30.61990428,71.86152621
-1.77162895,30.71550535,71.83593097
-1.74003660,30.81109879,71.80985825
-1.70837454,30.90668493,71.78325411
-1.67663885,31.00226417,71.75605799
-1.64482546,31.09783707,71.72820250
-1.61293014,31.19340431,71.69961224
-1.58094818,31.28896662,71.67020557
-1.54887499,31.38452490,71.63989415
-1.51670563,31.48008018,71.60858185
-1.48443500,31.57563357,71.57616651
-1.45205779,31.67118628,71.54253825
-1.41956853,31.76673967,71.50758080
-1.38696148,31.86229513,71.47117162
-1.35423078,31.95785420,71.43318140
-1.32137039,32.05341847,71.39347396
-1.28837411,32.14898964,71.35190626
-1.25523533,32.24456938,71.30833118
-1.22194758,32.34015954,71.26259562
-1.18850401,32.43576194,71.21453953
-1.15489761,32.53137840,71.16399877
-1.12112130,32.62701083,71.11080475
-1.08716771,32.72266107,71.05478325
-1.05302937,32.81833101,70.99575693
-1.01869871,32.91402246,70.93354544
-0.98416796,33.00973722,70.86796410
-0.94942921,33.10547702,70.79882507
-0.91447437,33.20124345,70.72594045
-0.87929540,33.29703812,70.64912022
-0.84388405,33.39286244,70.56817075
-0.80823183,33.48871768,70.48290053
-0.77233037,33.58460501,70.39311745
-0.73617108,33.68052536,70.29862905
-0.69974525,33.77647950,70.19924589
-0.66304421,33.87246798,70.09477970
-0.62605912,33.96849110,69.98504451
-0.58878111,34.06454893,69.86985764
-0.55120120,34.16064123,69.74904098
-0.51331052,34.25676754,69.62242044
-0.47509998,34.35292704,69.48982525
-0.43656043,34.44911856,69.35109321
-0.39768287,34.54534068,69.20606773
-0.35845809,34.64159153,69.05459803
-0.31887694,34.73786893,68.89654245
-0.27893030,34.83417030,68.73176668
-0.23860895,34.93049268,68.56014597
-0.19790380,35.02683273,68.38156465
-0.15680562,35.12318666,68.19591660
-0.11530546,35.21955036,68.00310627
-0.07339416,35.31591921,67.80304830
-0.03106266,35.41228821,67.59566984
0.01169788,35.50865199,67.38090918
0.05489642,35.60500470,67.15871653
0.09854169,35.70134013,66.92905508
0.14264240,35.79765163,66.69190009
0.18720712,35.89393216,66.44724125
0.23224424,35.99017430,66.19508051
0.27776209,36.08637023,65.93543397
0.32376866,36.18251182,65.66833087
0.37027202,36.27859046,65.39381364
0.41727985,36.37459732,65.11194034
0.46479958,36.47052323,64.82278176
0.51283855,36.56635865,64.52642270
0.56140373,36.66209380,64.22296145
0.61050188,36.75771861,63.91251054
0.66013945,36.85322276,63.59519665
0.71032255,36.94859572,63.27115918
0.76105707,37.04382668,62.94055188
0.81234839,37.13890475,62.60353961
0.86420183,37.23381871,62.26030142
0.91662213,37.32855731,61.91102987
0.96961372,37.42310917,61.55592603
1.02318074,37.51746273,61.19520409
1.07732693,37.61160638,60.82908923
1.13205562,37.70552846,60.45781572
1.18736979,37.79921727,60.08162733
1.24327199,37.89266110,59.70077686
1.29976441,37.98584824,59.31552465
1.35684878,38.07876704,58.92613688
1.41452657,38.17140584,58.53288785
1.47279861,38.26375319,58.13605718
1.53166547,38.35579765,57.73592683
1.59112729,38.44752793,57.33278397
1.65118379,38.53893286,56.92691968
1.71183423,38.63000151,56.51862561
1.77307756,38.72072304,56.10819473
1.83491227,38.81108688,55.69592055
1.89733650,38.90108264,55.28209537
1.96034803,38.99070014,54.86701039
2.02394433,39.07992943,54.45095485
2.08812241,39.16876088,54.03421404
2.15287910,39.25718505,53.61706829
2.21821085,39.34519279,53.19979271
2.28411387,39.43277524,52.78265736
2.35058401,39.51992388,52.36592411
2.41761700,39.60663043,51.94984689
2.48520820,39.69288700,51.53467129
2.55335286,39.77868596,51.12063281
2.62204595,39.86402007,50.70795734
2.69128229,39.94888241,50.29686005
2.76105650,40.03326642,49.88754448
2.83136308,40.11716589,49.48020282
2.90219642,40.20057492,49.07501483
2.97355081,40.28348798,48.67214798
3.04542035,40.36589996,48.27175693
3.11779930,40.44780594,47.87398272
3.19068168,40.52920146,47.47895314
3.26406168,40.61008230,47.08678218
3.33793339,40.69044462,46.69757023
3.41229102,40.77028485,46.31140268
3.48712881,40.84959978,45.92835114
3.56244115,40.92838640,45.54847245
3.63822250,41.00664206,45.17180934
3.71446746,41.08436438,44.79839065
3.79117077,41.16155124,44.42822887
3.86832739,41.23820071,44.06132351
3.94593236,41.31431125,43.69766047
4.02398104,41.38988139,43.33721134
4.10246885,41.46491004,42.97993425
4.18139153,41.53939624,42.62577310
4.26074498,41.61333923,42.27465969
4.34052537,41.68673846,41.92651317
4.42072908,41.75959353,41.58124158
4.50135268,41.83190425,41.23873996
4.58239306,41.90367052,40.89889218
4.66384730,41.97489236,40.56157392
4.74571269,42.04556999,40.22664897
4.82798682,42.11570359,39.89397251
4.91066740,42.18529361,39.56339182
4.99375242,42.25434044,39.23474520
5.07724007,42.32284455,38.90786409
5.16112875,42.39080646,38.58257427
5.24541701,42.45822671,38.25869628
5.33010356,42.52510594,37.93604432
5.41518732,42.59144463,37.61443000
5.50066732,42.65724333,37.29366184
5.58654271,42.72250256,36.97354490
5.67281279,42.78722273,36.65388476
5.75947689,42.85140429,36.33448564
5.84653448,42.91504747,36.01515067
5.93398511,42.97815249,35.69568534
6.02182835,43.04071939,35.37589743
6.11006379,43.10274816,35.05559689
6.19869104,43.16423865,34.73459664
6.28770978,43.22519045,34.41271350
6.37711958,43.28560311,34.08976985
6.46692005,43.34547594,33.76559423
6.55711073,43.40480808,33.44002045
6.64769109,43.46359853,33.11288849
6.73866053,43.52184603,32.78404683
6.83001839,43.57954913,32.45335241
6.92176390,43.63670617,32.12067025
7.01389612,43.69331535,31.78587482
7.10641403,43.74937461,31.44884908
7.19931649,43.80488168,31.10948620
7.29260218,43.85983405,30.76769096
7.38626961,43.91422910,30.42337733
7.48031717,43.96806392,30.07647025
7.57474300,44.02133552,29.72690636
7.66954515,44.07404054,29.37463316
7.76472142,44.12617557,29.01960940
7.86026944,44.17773697,28.66180647
7.95618662,44.22872100,28.30120651
8.05247020,44.27912364,27.93780236
8.14911722,44.32894078,27.57159904
8.24612453,44.37816813,27.20261306
8.34348875,44.42680130,26.83087124
8.44120636,44.47483570,26.45641192
8.53927357,44.52226675,26.07928245
8.63768649,44.56908965,25.69953999
8.73644096,44.61529960,25.31725271
8.83553269,44.66089169,24.93249715
8.93495715,44.70586107,24.54535717
9.03470971,44.75020269,24.15592543
9.13478546,44.79391168,23.76430233
9.23517937,44.83698310,23.37059458
9.33588623,44.87941205,22.97491645
9.43690066,44.92119366,22.57738789
9.53821707,44.96232324,22.17813345
9.63982980,45.00279600,21.77728296
9.74173296,45.04260739,21.37497133
9.84392057,45.08175285,20.97133603
9.94638650,45.12022800,20.56651786
10.04912452,45.15802848,20.16066142
10.15212826,45.19515018,19.75391227
10.25539128,45.23158897,19.34641566
10.35890704,45.26734097,18.93831894
10.46266893,45.30240241,18.52976905
10.56667029,45.33676969,18.12091137
10.67090438,45.37043936,17.71188925
10.77536443,45.40340813,17.30284394
10.88004365,45.43567295,16.89391448
10.98493520,45.46723092,16.48523675
11.09003222,45.49807936,16.07694266
11.19532787,45.52821580,15.66915955
11.30081529,45.55763791,15.26201058
11.40648764,45.58634363,14.85561432
11.51233809,45.61433114,14.45008344
11.61835985,45.64159869,14.04552579
11.72454616,45.66814484,13.64204267
11.83089036,45.69396819,13.23972947
11.93738580,45.71906769,12.83867588
12.04402591,45.74344237,12.43896340
12.15080423,45.76709147,12.04066626
12.25771436,45.79001434,11.64385281
12.36475003,45.81221057,11.24858452
12.47190505,45.83367983,10.85491405
12.57917333,45.85442206,10.46288565
12.68654892,45.87443721,10.07253766
12.79402598,45.89372549,9.68390081
12.90159880,45.91228717,9.29699885
13.00926176,45.93012278,8.91184784
13.11700938,45.94723291,8.52845557
13.22483632,45.96361827,8.14682420
13.33273736,45.97927972,7.76694954
13.44070740,45.99421826,7.38882053
13.54874147,46.00843500,7.01241993
13.65683472,46.02193116,6.63772441
13.76498242,46.03470797,6.26470526
13.87317996,46.04676689,5.89332969
13.98142285,46.05810944,5.52355953
14.08970669,46.06873722,5.15535254
14.19802720,46.07865197,4.78866212
14.30638019,46.08785546,4.42343876
14.41476156,46.09634962,4.05962985
14.52316731,46.10413644,3.69718048
14.63159349,46.11121806,3.33603442
14.74003622,46.11759666,2.97613376
14.84849171,46.12327451,2.61742016
14.95695616,46.12825405,2.25983587
15.06542585,46.13253774,1.90332256
15.17389709,46.13612816,1.54782439
15.28236619,46.13902803,1.19328697
15.39082949,46.14124005,0.83965697
15.49928333,46.14276710,0.48688513
15.60772404,46.14361206,0.13492562
15.71614797,46.14377801,-0.21626455
15.82455143,46.14326803,-0.56672417
15.93293071,46.14208528,-0.91648649
16.04128208,46.14023310,-1.26558105
16.14960178,46.13771493,-1.61403145
16.25788601,46.13453423,-1.96185487
16.36613092,46.13069471,-2.30906353
16.47433262,46.12620006,-2.65566255
16.58248717,46.12105423,-3.00164972
16.69059056,46.11526122,-3.34701598
16.79863873,46.10882527,-3.69174542
16.90662756,46.10175059,-4.03581403
17.01455287,46.09404170,-4.37918854
17.12241041,46.08570326,-4.72182894
17.23019588,46.07674004,-5.06368720
17.33790490,46.06715697,-5.40470736
17.44553305,46.05695914,-5.74482455
17.55307587,46.04615185,-6.08396527
17.66052881,46.03474052,-6.42204936
17.76788729,46.02273076,-6.75898812
17.87514669,46.01012838,-7.09468541
17.98230235,45.99693927,-7.42903658
18.08934957,45.98316961,-7.76192919
18.19628364,45.96882574,-8.09324535
18.30309983,45.95391416,-8.42286075
18.40979338,45.93844157,-8.75064373
18.51635956,45.92241484,-9.07645585
18.62279363,45.90584112,-9.40015481
18.72909088,45.88872769,-9.72159267
18.83524662,45.87108211,-10.04061625
18.94125620,45.85291212,-10.35706910
19.04711500,45.83422565,-10.67079002
19.15281848,45.81503096,-10.98161486
19.25836216,45.79533647,-11.28937672
19.36374161,45.77515083,-11.59390573
19.46895248,45.75448288,-11.89502983
19.57399053,45.73334174,-12.19257587
19.67885157,45.71173667,-12.48636938
19.78353152,45.68967713,-12.77623414
19.88802645,45.66717286,-13.06199514
19.99233248,45.64423362,-13.34347850
20.09644588,45.62086936,-13.62051009
20.20036304,45.59709023,-13.89291809
20.30408052,45.57290643,-14.16053326
20.40759497,45.54832831,-14.42318924
20.51090326,45.52336630,-14.68072402
20.61400236,45.49803091,-14.93297977
20.71688948,45.47233273,-15.17980272
20.81956198,45.44628246,-15.42104473
20.92201744,45.41989092,-15.65656534
21.02425361,45.39316880,-15.88622966
21.12626847,45.36612696,-16.10990876
21.22806023,45.33877629,-16.32748173
21.32962726,45.31112761,-16.53883539
21.43096821,45.28319183,-16.74386425
21.53208192,45.25497978,-16.94247119
21.63296746,45.22650221,-17.13456693
21.73362413,45.19776987,-17.32007081
21.83405148,45.16879342,-17.49891211
21.93424929,45.13958343,-17.67103016
22.03421755,45.11015023,-17.83637289
22.13395652,45.08050411,-17.99489770
22.23346673,45.05065522,-18.14657347
22.33274888,45.02061340,-18.29137827
22.43180401,44.99038850,-18.42930105
22.53063337,44.95999003,-18.56034163
22.62923845,44.92942733,-18.68450929
22.72762104,44.89870960,-18.80182453
22.82578316,44.86784573,-18.91231789
22.92373344,44.83686240,-19.01603049
23.02146014,44.80572762,-19.11301389
23.11896348,44.77444249,-19.20332826
23.21625118,44.74302837,-19.28704494
23.31333479,44.71151637,-19.36424349
23.41023402,44.67995934,-19.43501301
23.50694954,44.64835577,-19.49945290
23.60348189,44.61670295,-19.55766953
23.69983153,44.58499712,-19.60977840
23.79599892,44.55323368,-19.65590198
23.89198458,44.52140741,-19.69617128
23.98777312,44.48946720,-19.73072498
24.08336990,44.45742022,-19.75970670
24.17887136,44.42552552,-19.78326785
24.27419009,44.39353155,-19.80156526
24.36924586,44.36120592,-19.81476053
24.46397203,44.32835255,-19.82302131
24.55833983,44.29487982,-19.82651929
24.65234963,44.26077592,-19.82542891
24.74602971,44.22610570,-19.81992868
24.83943490,44.19100690,-19.81020070
24.93265580,44.15571621,-19.79642835
25.02578277,44.12046892,-19.77879689
25.11893074,44.08556821,-19.75749359
25.21202166,44.05078225,-19.73270638
25.30504833,44.01607581,-19.70462317
25.39803156,43.98149215,-19.67343303
25.49098125,43.94704393,-19.63932477
25.58390810,43.91274630,-19.60248471
25.67682367,43.87861691,-19.56310003
25.76974051,43.84467653,-19.52135536
25.86267212,43.81094880,-19.47743251
25.95560648,43.77738637,-19.43151120
26.04854135,43.74396938,-19.38376833
26.14147721,43.71068585,-19.33437708
26.23442009,43.67753969,-19.28350626
26.32738509,43.64456087,-19.23132169
26.42037153,43.61173523,-19.17798390
26.51338309,43.57906139,-19.12364811
26.60642318,43.54653751,-19.06846604
26.69949508,43.51416189,-19.01258359
26.79260173,43.48193223,-18.95614078
26.88574592,43.44984630,-18.89927269
26.97893018,43.41790150,-18.84210929
27.07215687,43.38609522,-18.78477474
27.16542810,43.35442457,-18.72738675
27.25874579,43.32288658,-18.67005835
27.35211167,43.29147815,-18.61289663
27.44552727,43.26019604,-18.55600220
27.53899390,43.22903685,-18.49947114
27.63251272,43.19799719,-18.44339247
27.72608465,43.16707340,-18.38784918
27.81971049,43.13626195,-18.33291951
27.91339081,43.10555905,-18.27867455
28.00712605,43.07496097,-18.22518040
28.10091644,43.04446386,-18.17249656
28.19476207,43.01406393,-18.12067725
28.28866287,42.98375728,-18.06977046
28.38261866,42.95354012,-18.01981779
28.47662904,42.92340855,-17.97085586
28.57069358,42.89335887,-17.92291575
28.66481166,42.86338729,-17.87602384
28.75898261,42.83349026,-17.83020034
28.85320561,42.80366415,-17.78546025
28.94747980,42.77390552,-17.74181533
29.04180423,42.74421108,-17.69927237
29.13617790,42.71457763,-17.65783344
29.23059973,42.68500213,-17.61749771
29.32506864,42.65548162,-17.57826033
29.41958348,42.62601331,-17.54011362
29.51414309,42.59659460,-17.50304801
29.60874629,42.56722293,-17.46705050
29.70339190,42.53789598,-17.43210543
29.79807871,42.50861144,-17.39819573
29.89280552,42.47936721,-17.36530366
29.98757113,42.45016128,-17.33340911
30.08237435,42.42099180,-17.30248979
30.17721397,42.39185692,-17.27252343
30.27208885,42.36275505,-17.24348683
30.36699781,42.33368460,-17.21535586
30.46193972,42.30464414,-17.18810536
30.55691349,42.27563241,-17.16170979
30.65191806,42.24664822,-17.13614407
30.74695237,42.21769044,-17.11138288
30.84201546,42.18875814,-17.08740117
30.93710639,42.15985046,-17.06417452
31.03222429,42.13096668,-17.04167858
31.12736829,42.10210604,-17.01989057
31.22253766,42.07326807,-16.99878921
31.31773165,42.04445218,-16.97835294
31.41295558,42.01567766,-16.95856295
31.50819775,41.98690759,-16.93940138
31.60345319,41.95812697,-16.92085088
31.69872194,41.92933732,-16.90289637
31.79400766,41.90055190,-16.88552385
31.88931623,41.87179124,-16.86872122
31.98465459,41.84307934,-16.85247687
32.08002971,41.81444016,-16.83678089
32.17544772,41.78589491,-16.82162410
32.27091311,41.75745929,-16.80699797
32.36642816,41.72914156,-16.79289656
32.46197731,41.70089102,-16.77931364
32.55755530,41.67269071,-16.76624424
32.65315708,41.64452425,-16.75368519
32.74877782,41.61637575,-16.74163403
32.84441581,41.58823962,-16.73008955
32.94007040,41.56011376,-16.71905138
33.03572019,41.53192657,-16.70851975
33.13135262,41.50363587,-16.69849592
33.22696320,41.47522631,-16.68898125
33.32255465,41.44670654,-16.67997910
33.41814538,41.41813761,-16.67149298
33.51374055,41.38953629,-16.66352638
33.60934720,41.36092548,-16.65608458
33.70497340,41.33233161,-16.64917276
33.80062742,41.30378179,-16.64279700
33.89630949,41.27527624,-16.63696294
33.99200146,41.24675386,-16.63167622
34.08769978,41.21820216,-16.62694266
34.18340455,41.18962099,-16.62276788
34.27912069,41.16102621,-16.61915866
34.37485901,41.13245354,-16.61611955
34.47061314,41.10388117,-16.61365522
34.56638290,41.07530809,-16.61177125
34.66216812,41.04673329,-16.61047142
34.75796859,41.01815578,-16.60976030
34.85378411,40.98957454,-16.60964116
34.94961443,40.96098856,-16.61011630
35.04545932,40.93239683,-16.61118703
35.14131849,40.90379834,-16.61285473
35.23719165,40.87519209,-16.61512052
35.33308460,40.84659753,-16.61798303
35.42898624,40.81797763,-16.62144127
35.52489127,40.78931483,-16.62549345
35.62079909,40.76060740,-16.63013656
35.71671270,40.73186574,-16.63536767
35.81264962,40.70314867,-16.64118338
35.90860876,40.67445293,-16.64757944
36.00458142,40.64574995,-16.65455033
36.10055911,40.61701188,-16.66209090
36.19653436,40.58821445,-16.67019599
36.29250149,40.55933945,-16.67885799
36.38844189,40.53032544,-16.68806945
36.48435237,40.50116268,-16.69782302
36.58023679,40.47186513,-16.70810935
36.67610704,40.44247354,-16.71891825
36.77198370,40.41305767,-16.73023998
36.86786651,40.38361766,-16.74206362
36.96375670,40.35415879,-16.75437695
37.05965843,40.32469606,-16.76716743
37.15557601,40.29524504,-16.78042115
37.25151393,40.26582189,-16.79412271
37.34748677,40.23647600,-16.80825644
37.44349152,40.20719883,-16.82280757
37.53952291,40.17797434,-16.83775825
37.63557407,40.14878125,-16.85308994
37.73163719,40.11959532,-16.86878572
37.82770444,40.09039227,-16.88482691
37.92376896,40.06115118,-16.90119472
38.01982609,40.03185830,-16.91787077
38.11587459,40.00251131,-16.93483617
38.21191817,39.97312423,-16.95207179
38.30796708,39.94373257,-16.96955871
38.40401484,39.91431665,-16.98727834
38.50006084,39.88487613,-17.00521160
38.59610451,39.85541082,-17.02333989
38.69214526,39.82592045,-17.04164508
38.78818252,39.79640481,-17.06010847
38.88421574,39.76686368,-17.07871190
38.98024439,39.73729691,-17.09743840
39.07626794,39.70770434,-17.11627031
39.17228589,39.67808588,-17.13519044
39.26829774,39.64844135,-17.15418227
39.36430299,39.61877070,-17.17322842
39.46030117,39.58907385,-17.19231265
39.55629182,39.55935074,-17.21141864
39.65227448,39.52960135,-17.23053005
39.74824873,39.49982569,-17.24963192
39.84421415,39.47002374,-17.26870861
39.94017036,39.44019558,-17.28774496
40.03611698,39.41034126,-17.30672731
40.13205366,39.38046089,-17.32564235
40.22798005,39.35055455,-17.34447612
40.32389584,39.32062242,-17.36321479
40.41980072,39.29066468,-17.38184601
40.51569443,39.26068160,-17.40035648
40.61157667,39.23067345,-17.41873287
40.70744722,39.20064061,-17.43696319
40.80330581,39.17058339,-17.45503402
40.89915225,39.14050228,-17.47293204
40.99498633,39.11039775,-17.49064502
41.09080783,39.08027029,-17.50816003
41.18661652,39.05012033,-17.52546348
41.28241221,39.01994846,-17.54254165
41.37820096,38.98977495,-17.55938045
41.47397099,38.95956396,-17.57596598
41.56971741,38.92930142,-17.59228411
41.66544062,38.89898982,-17.60832046
41.76114469,38.86864325,-17.62406053
41.85683611,38.83828333,-17.63948977
41.95252247,38.80793509,-17.65459456
42.04821142,38.77762371,-17.66936151
42.14390971,38.74737150,-17.68377628
42.23962243,38.71719548,-17.69782398
42.33535227,38.68710520,-17.71149081
42.43108317,38.65705123,-17.72476321
42.52680969,38.62701774,-17.73762701
42.62252656,38.59698940,-17.75006829
42.71822865,38.56695136,-17.76207271
42.81391362,38.53689757,-17.77362611
42.90958189,38.50683051,-17.78471563
43.00521022,38.47667921,-17.79532722
43.10078473,38.44640183,-17.80544624
43.19630018,38.41598348,-17.81505852
43.29175905,38.38543325,-17.82415081
43.38718077,38.35481282,-17.83270910
43.48257069,38.32414012,-17.84071899
43.57793623,38.29343950,-17.84816715
43.67328598,38.26273888,-17.85504011
43.76862890,38.23206721,-17.86132496
43.86396657,38.20143049,-17.86700966
43.95927921,38.17076822,-17.87208208
44.05456312,38.14006987,-17.87653083
44.14981856,38.10933720,-17.88034566
44.24505101,38.07858801,-17.88351752
44.34027234,38.04785999,-17.88603739
44.43547607,38.01713364,-17.88789685
44.53066237,37.98641010,-17.88908932
44.62583145,37.95569055,-17.88960836
44.72098353,37.92497616,-17.88944903
44.81611887,37.89426808,-17.88860734
44.91124442,37.86358811,-17.88707993
45.00634881,37.83290117,-17.88486511
45.10142697,37.80219162,-17.88196238
45.19647893,37.77145954,-17.87837175
45.29150872,37.74071729,-17.87409427
45.38653576,37.71002497,-17.86913265
45.48156076,37.67938462,-17.86348995
45.57657515,37.64876920,-17.85717022
45.67157054,37.61815223,-17.85017929
45.76653969,37.58751060,-17.84252264
45.86147733,37.55682722,-17.83420716
45.95636409,37.52604117,-17.82524178
46.05119735,37.49514339,-17.81563600
46.14598219,37.46414856,-17.80540006
46.24073248,37.43309866,-17.79454534
46.33547165,37.40206527,-17.78308457
46.43020168,37.37105344,-17.77103150
46.52492483,37.34006895,-17.75840059
46.61964696,37.30912873,-17.74520739
46.71437418,37.27825046,-17.73146861
46.80911276,37.24745235,-17.71720157
46.90387971,37.21678632,-17.70242504
46.99867344,37.18624592,-17.68715828
47.09349000,37.15581708,-17.67142248
47.18832366,37.12548015,-17.65523930
47.28316769,37.09521214,-17.63863119
47.37801531,37.06498989,-17.62162238
47.47286081,37.03479335,-17.60423681
47.56770069,37.00460945,-17.58650006
47.66253517,36.97443663,-17.56843800
47.75736967,36.94428963,-17.55007693
47.85221656,36.91420507,-17.53144409
47.94707053,36.88416393,-17.51256705
48.04193244,36.85416653,-17.49347500
48.13680316,36.82421321,-17.47419641
48.23168353,36.79430408,-17.45476025
48.32657438,36.76443934,-17.43519686
48.42147652,36.73461898,-17.41553570
48.51639074,36.70484302,-17.39580700
48.61131784,36.67511135,-17.37604098
48.70625854,36.64542376,-17.35626784
48.80121358,36.61578000,-17.33651818
48.89618366,36.58617973,-17.31682267
48.99116945,36.55662251,-17.29721119
49.08617159,36.52710787,-17.27771321
49.18119068,36.49763519,-17.25835845
49.27622729,36.46820382,-17.23917578
49.37128194,36.43881303,-17.22019408
49.46635514,36.40946202,-17.20144113
49.56144732,36.38014990,-17.18294371
49.65656493,36.35089532,-17.16472851
49.75169715,36.32166090,-17.14682109
49.84683985,36.29243107,-17.12924584
49.94199399,36.26320686,-17.11202606
50.03716403,36.23400077,-17.09518427
50.13235658,36.20483257,-17.07874173
50.22757924,36.17572524,-17.06271873
50.32283951,36.14670171,-17.04713486
50.41814394,36.11778182,-17.03200724
50.51349729,36.08897984,-17.01735259
50.60890201,36.06030248,-17.00318787
50.70434242,36.03169763,-16.98952612
50.79981328,36.00314705,-16.97638008
50.89530951,35.97463307,-16.96376223
50.99082621,35.94613869,-16.95168308
51.08636171,35.91765757,-16.94015241
51.18191516,35.88918614,-16.92917834
51.27746476,35.86065193,-16.91876784
51.37299779,35.83201235,-16.90892634
51.46850972,35.80325197,-16.89965876
51.56400336,35.77437952,-16.89096873
51.65949732,35.74545613,-16.88285744
51.75499683,35.71649881,-16.87532566
51.85050891,35.68753068,-16.86837342
51.94604160,35.65857836,-16.86199888
52.04160313,35.62966917,-16.85619891
52.13719327,35.60080274,-16.85096987
52.23279336,35.57191803,-16.84630759
52.32839953,35.54300273,-16.84220623
52.42401161,35.51405690,-16.83865924
52.51963428,35.48509656,-16.83565968
52.61527815,35.45615749,-16.83320026
52.71093643,35.42721806,-16.83127205
52.80660862,35.39827745,-16.82986534
52.90229423,35.36933488,-16.82897103
52.99799274,35.34038957,-16.82857882
53.09370365,35.31144077,-16.82867892
53.18942644,35.28248775,-16.82926103
53.28516061,35.25352980,-16.83031418
53.38090563,35.22456622,-16.83182662
53.47666100,35.19559633,-16.83378747
53.57242619,35.16661949,-16.83618612
53.66820070,35.13763507,-16.83900968
53.76398401,35.10864244,-16.84224603
53.85977562,35.07964102,-16.84588369
53.95557502,35.05063024,-16.84991066
54.05138172,35.02160956,-16.85431487
54.14719521,34.99257843,-16.85908417
54.24301502,34.96353636,-16.86420632
54.33884065,34.93448284,-16.86966822
54.43467163,34.90541743,-16.87545798
54.53050749,34.87633967,-16.88156447
54.62634776,34.84724913,-16.88797431
54.72219199,34.81814541,-16.89467534
54.81803975,34.78902811,-16.90165658
54.91389059,34.75989687,-16.90890624
55.00974409,34.73075133,-16.91641245
55.10559985,34.70159115,-16.92416387
55.20145747,34.67241602,-16.93215008
55.29731657,34.64322563,-16.94036026
55.39317680,34.61401968,-16.94878466
55.48903779,34.58479791,-16.95741482
55.58489922,34.55556004,-16.96623978
55.68076077,34.52630582,-16.97525090
55.77662210,34.49703501,-16.98444022
55.87248294,34.46774740,-16.99379897
55.96834298,34.43844275,-17.00331920
56.06420816,34.40914105,-17.01299291
56.16006711,34.37980581,-17.02281400
56.25591472,34.35042108,-17.03277585
56.35175087,34.32098697,-17.04287267
56.44757911,34.29151557,-17.05309943
56.54341950,34.26207255,-17.06345013
56.63926632,34.23263965,-17.07392104
56.73511129,34.20319038,-17.08450873
56.83094663,34.17369989,-17.09520913
56.92676591,34.14414764,-17.10601860
57.02256470,34.11451962,-17.11693407
57.11832557,34.08475949,-17.12795353
57.21404731,34.05486370,-17.13907415
57.30973590,34.02485197,-17.15029420
57.40540518,33.99476957,-17.16161258
57.50107729,33.96468860,-17.17302684
57.59674764,33.93459419,-17.18453643
57.69241966,33.90449750,-17.19614087
57.78809767,33.87441257,-17.20783796
57.88378604,33.84435353,-17.21962766
57.97948913,33.81433447,-17.23150890
58.07522150,33.78440209,-17.24348010
58.17097932,33.75454409,-17.25554089
58.26675671,33.72474145,-17.26769011
58.36254631,33.69497057,-17.27992687
58.45834015,33.66520582,-17.29224914
58.55413058,33.63542269,-17.30465591
58.64991118,33.60560067,-17.31714608
58.74567798,33.57572716,-17.32971743
58.84143063,33.54580133,-17.34236932
58.93717381,33.51583835,-17.35509895
59.03291867,33.48587431,-17.36790342
59.12865893,33.45588933,-17.38078039
59.22439455,33.42588351,-17.39372660
59.32012540,33.39585681,-17.40673919
59.41585141,33.36580931,-17.41981339
59.51157249,33.33574111,-17.43294493
59.60728853,33.30565225,-17.44613010
59.70299941,33.27554281,-17.45936374
59.79870499,33.24541282,-17.47264099
59.89440516,33.21526235,-17.48595646
59.99009977,33.18509146,-17.49930401
60.08578867,33.15490021,-17.51267741
60.18147174,33.12468871,-17.52607167
60.27714880,33.09445697,-17.53948077
60.37281969,33.06420502,-17.55289780
60.46848429,33.03393297,-17.56631663
60.56414244,33.00364090,-17.57973152
60.65979397,32.97332882,-17.59313675
60.75543872,32.94299676,-17.60652529
60.85107657,32.91264487,-17.61989165
60.94670733,32.88227311,-17.63322947
61.04233088,32.85188161,-17.64653188
61.13794708,32.82147048,-17.65979415
61.23355577,32.79103968,-17.67301061
61.32915682,32.76058933,-17.68617500
61.42475010,32.73011953,-17.69928129
61.52033552,32.69963036,-17.71232529
61.61591289,32.66912178,-17.72530236
61.71148851,32.63861374,-17.73820600
61.80705072,32.60807039,-17.75103306
61.90259451,32.57747643,-17.76377921
61.99812006,32.54683294,-17.77643926
62.09363135,32.51615255,-17.78901072
62.18913480,32.48545563,-17.80149004
62.28463824,32.45476675,-17.81387333
62.38014980,32.42411141,-17.82615829
62.47567699,32.39351301,-17.83834340
62.57122579,32.36299032,-17.85042529
62.66680010,32.33255547,-17.86240193
62.76238493,32.30216177,-17.87427303
62.85797563,32.27179484,-17.88603619
62.95356765,32.24144063,-17.89768989
63.04915643,32.21108510,-17.90923386
63.14473840,32.18071730,-17.92066625
63.24031818,32.15035148,-17.93198572
63.33587246,32.11991587,-17.94319223
63.43138663,32.08936563,-17.95428532
63.52685432,32.05868134,-17.96526356
63.62227671,32.02786683,-17.97612752
63.71767209,31.99697851,-17.98687739
63.81304499,31.96603049,-17.99751168
63.90840209,31.93504350,-18.00803038
64.00375144,31.90404241,-18.01843417
64.09910161,31.87305368,-18.02872217
64.19445832,31.84209491,-18.03889422
64.28980043,31.81110093,-18.04895133
64.38512405,31.78005975,-18.05889425
64.48042916,31.74897128,-18.06872404
64.57572095,31.71785143,-18.07844199
64.67101128,31.68673653,-18.08804885
64.76629370,31.65560665,-18.09754506
64.86156828,31.62446194,-18.10693310
64.95683512,31.59330259,-18.11621448
65.05209430,31.56212876,-18.12538964
65.14734590,31.53094062,-18.13445965
65.24259001,31.49973833,-18.14342582
65.33782671,31.46852206,-18.15228937
65.43305608,31.43729197,-18.16105148
65.52827820,31.40604822,-18.16971325
65.62349315,31.37479097,-18.17827555
65.71870102,31.34352038,-18.18673965
65.81390188,31.31223660,-18.19510684
65.90909579,31.28093978,-18.20337775
66.00428283,31.24963009,-18.21155331
66.09946305,31.21830768,-18.21963320
66.19463650,31.18697270,-18.22761734
66.28980323,31.15562533,-18.23550638
66.38496330,31.12426571,-18.24329984
66.48011675,31.09289402,-18.25099776
66.57526362,31.06151040,-18.25859985
66.67040396,31.03011503,-18.26610556
66.76553781,30.99870808,-18.27351480
66.86066521,30.96728970,-18.28082694
66.95578619,30.93586006,-18.28804096
67.05090076,30.90441935,-18.29515622
67.14600897,30.87296773,-18.30217127
67.24111084,30.84150539,-18.30908477
67.33620637,30.81003250,-18.31589525
67.43129561,30.77854925,-18.32260123
67.52637856,30.74705583,-18.32920211
67.62145525,30.71555242,-18.33569577
67.71652570,30.68403923,-18.34208061
67.81158992,30.65251644,-18.34835522
67.90664795,30.62098425,-18.35451776
68.00169979,30.58944287,-18.36056729
68.09674548,30.55789249,-18.36650171
68.19178504,30.52633333,-18.37231938
68.28681849,30.49476559,-18.37801877
68.38184586,30.46318949,-18.38359814
68.47686716,30.43160523,-18.38905669
68.57188244,30.40001304,-18.39439208
68.66689172,30.36841313,-18.39960280
68.76189504,30.33680572,-18.40468802
68.85689244,30.30519104,-18.40964626
68.95188398,30.27356929,-18.41447679
69.04686970,30.24194070,-18.41917920
69.14184969,30.21030547,-18.42375403
69.23682402,30.17866383,-18.42820104
69.33179277,30.14701597,-18.43252062
69.42675605,30.11536209,-18.43671484
69.52171398,30.08370239,-18.44078495
69.61666667,30.05203706,-18.44473303
69.71161425,30.02036627,-18.44856218
69.80655686,29.98869020,-18.45227549
69.90149465,29.95700900,-18.45587550
69.99642778,29.92532283,-18.45936644
70.09135641,29.89363183,-18.46275307
70.18628071,29.86193613,-18.46603933
70.28120086,29.83023586,-18.46923049
70.37611705,29.79853112,-18.47233249
70.47102947,29.76682201,-18.47535044
70.56593833,29.73510860,-18.47829088
70.66084384,29.70339097,-18.48116168
70.75574620,29.67166917,-18.48396907
70.85064565,29.63994322,-18.48672038
70.94554239,29.60821316,-18.48942423
71.04043668,29.57647898,-18.49208788
71.13532871,29.54474069,-18.49472018
71.23021874,29.51299824,-18.49733050
71.32510700,29.48125159,-18.49992713
71.41999370,29.44950069,-18.50251915
71.51487910,29.41774546,-18.50511605
71.60976343,29.38598579,-18.50772767
71.70464690,29.35422158,-18.51036339
71.79952976,29.32245269,-18.51303394
71.89441223,29.29067898,-18.51574889
71.98929451,29.25890029,-18.51851722
72.08417682,29.22711643,-18.52134940
72.17905935,29.19532723,-18.52425423
72.27394229,29.16353246,-18.52724133
72.36882581,29.13173191,-18.53032021
72.46371009,29.09992536,-18.53349930
72.55859529,29.06811253,-18.53678721
72.65348156,29.03629319,-18.54019295
72.74836904,29.00446706,-18.54372569
72.84325786,28.97263385,-18.54739296
72.93814813,28.94079327,-18.55120233
73.03303995,28.90894501,-18.55516112
73.12793341,28.87708876,-18.55927651
73.22282858,28.84522421,-18.56355495
73.31772551,28.81335103,-18.56800229
73.41262424,28.78146889,-18.57262442
73.50752482,28.74957745,-18.57742601
73.60242725,28.71767636,-18.58241229
73.69733154,28.68576528,-18.58758799
73.79223767,28.65384387,-18.59295662
73.88714562,28.62191176,-18.59852123
73.98205533,28.58996862,-18.60428435
74.07696673,28.55801410,-18.61024839
74.17187973,28.52604785,-18.61641333
74.26679422,28.49406954,-18.62277952
74.36171009,28.46207885,-18.62934725
74.45662718,28.43007543,-18.63611475
74.55154534,28.39805899,-18.64308053
74.64646439,28.36602921,-18.65024201
74.74138415,28.33398579,-18.65759566
74.83630441,28.30192846,-18.66513808
74.93122495,28.26985694,-18.67286489
75.02614554,28.23777098,-18.68077075
75.12106593,28.20567032,-18.68884944
75.21598587,28.17355475,-18.69709434
75.31090506,28.14142405,-18.70549869
75.40582323,28.10927804,-18.71405377
75.50074008,28.07711654,-18.72275160
75.59565531,28.04493939,-18.73158279
75.69056859,28.01274648,-18.74053685
75.78547960,27.98053769,-18.74960458
75.88038802,27.94831293,-18.75877501
75.97529351,27.91607213,-18.76803658
76.07019572,27.88381525,-18.77737763
76.16509431,27.85154228,-18.78678625
76.25998893,27.81925321,-18.79624903
76.35487920,27.78694810,-18.80575226
76.44976477,27.75462699,-18.81528274
76.54464526,27.72228997,-18.82482576
76.63952031,27.68993717,-18.83436663
76.73438955,27.65756872,-18.84389004
76.82925262,27.62518480,-18.85338041
76.92410913,27.59278561,-18.86282280
77.01895873,27.56037137,-18.87220066
77.11380105,27.52794235,-18.88149794
77.20863572,27.49549885,-18.89069763
77.30346238,27.46304117,-18.89978227
77.39828066,27.43056967,-18.90873438
77.49309020,27.39808476,-18.91753634
77.58789063,27.36558683,-18.92617018
77.68268159,27.33307635,-18.93461597
77.77746273,27.30055381,-18.94285575
77.87223370,27.26801972,-18.95087077
77.96699417,27.23547464,-18.95864101
78.06174379,27.20291914,-18.96614834
78.15648227,27.17035385,-18.97337351
78.25120928,27.13777942,-18.98029678
78.34592454,27.10519651,-18.98689945
78.44062775,27.07260585,-18.99316297
78.53531866,27.04000816,-18.99906776
78.62999701,27.00740423,-19.00459504
78.72466257,26.97479484,-19.00972698
78.81931510,26.94218083,-19.01444454
78.91395442,26.90956305,-19.01873028
79.00858032,26.87694238,-19.02256706
79.10319265,26.84431972,-19.02593656
79.19779124,26.81169601,-19.02882154
79.29237597,26.77907221,-19.03120570
79.38694670,26.74644931,-19.03307224
79.48150335,26.71382830,-19.03440507
79.57604583,26.68121022,-19.03518913
79.67057409,26.64859611,-19.03540836
79.76508809,26.61598704,-19.03504857
79.85958781,26.58338411,-19.03409635
79.95408052,26.55080950,-19.03253748
80.04855356,26.51822753,-19.03035861
80.14300097,26.48562192,-19.02754758
80.23742238,26.45299247,-19.02409289
80.33182172,26.42035150,-19.01998399
80.42621901,26.38775790,-19.01521127
80.52061663,26.35521940,-19.00976489
80.61500479,26.32270820,-19.00363696
80.70937387,26.29019686,-18.99682089
80.80371535,26.25766111,-18.98931009
80.89802276,26.22508252,-18.98109882
80.99227419,26.19239767,-18.97218301
81.08646575,26.15959546,-18.96255876
81.18060198,26.12668911,-18.95222277
81.27469697,26.09371959,-18.94117365
81.36877542,26.06075862,-18.92941050
81.46284085,26.02781639,-18.91693309
81.55689449,25.99489641,-18.90374286
81.65094235,25.96201598,-18.88984178
81.74499072,25.92919326,-18.87523231
81.83904615,25.89644716,-18.85991801
81.93312696,25.86383128,-18.84390457
82.02723140,25.83134016,-18.82719692
82.12135502,25.79896042,-18.80980030
82.21549147,25.76667298,-18.79172238
82.30963326,25.73445535,-18.77297109
82.40377279,25.70228460,-18.75355516
82.49790355,25.67014085,-18.73348433
82.59202146,25.63801125,-18.71276950
82.68612642,25.60589459,-18.69142137
82.78022402,25.57380627,-18.66945288
82.87432753,25.54178433,-18.64687787
82.96843102,25.50981023,-18.62370947
83.06253520,25.47788501,-18.59996263
83.15664087,25.44600975,-18.57565302
83.25074877,25.41418548,-18.55079601
83.34485967,25.38241317,-18.52540858
83.43897432,25.35069374,-18.49950794
83.53309349,25.31902808,-18.47311172
83.62721792,25.28741703,-18.44623824
83.72134837,25.25586131,-18.41890639
83.81548559,25.22436173,-18.39113561
83.90963032,25.19291891,-18.36294598
84.00378330,25.16153351,-18.33435811
84.09794526,25.13020612,-18.30539254
84.19211693,25.09893732,-18.27607008
84.28629901,25.06772756,-18.24641182
84.38049219,25.03657734,-18.21643892
84.47469715,25.00548701,-18.18617280
84.56891457,24.97445695,-18.15563499
84.66314509,24.94348743,-18.12484732
84.75738936,24.91257868,-18.09383191
84.85164799,24.88173086,-18.06261126
84.94592162,24.85094415,-18.03120765
85.04021082,24.82021857,-17.99964332
85.13451618,24.78955422,-17.96794025
85.22883821,24.75895100,-17.93611964
85.32317745,24.72840889,-17.90420323
85.41753437,24.69792771,-17.87221223
85.51190946,24.66750732,-17.84016707
85.60630312,24.63714741,-17.80808778
85.70071578,24.60684773,-17.77599446
85.79514781,24.57660792,-17.74390713
85.88959958,24.54642769,-17.71184435
85.98407140,24.51630649,-17.67982474
86.07856360,24.48624400,-17.64786617
86.17307642,24.45623964,-17.61598558
86.26761011,24.42629291,-17.58419952
86.36216488,24.39640330,-17.55252346
86.45674091,24.36657019,-17.52097178
86.55133835,24.33679300,-17.48955850
86.64595733,24.30707112,-17.45829744
86.74059796,24.27740397,-17.42720086
86.83526036,24.24779099,-17.39627963
86.92994455,24.21823142,-17.36554581
87.02465066,24.18872485,-17.33501003
87.11937869,24.15927054,-17.30468155
87.21412868,24.12986795,-17.27457038
87.30890069,24.10051651,-17.24468490
87.40369470,24.07121555,-17.21503402
87.49851072,24.04196454,-17.18562630
87.59334876,24.01276286,-17.15646925
87.68820880,23.98360994,-17.12757003
87.78309081,23.95450518,-17.09893493
87.87799473,23.92544788,-17.07057201
87.97292055,23.89643755,-17.04248708
88.06786820,23.86747352,-17.01468539
88.16283763,23.83855517,-16.98717415
88.25782878,23.80968196,-16.95995754
88.35284156,23.78085320,-16.93304147
88.44787592,23.75206837,-16.90643100
88.54293179,23.72332689,-16.88013026
88.63800910,23.69462818,-16.85414433
88.73310778,23.66597174,-16.82847710
88.82822776,23.63735694,-16.80313388
88.92336903,23.60878340,-16.77811951
89.01853152,23.58025052,-16.75343832
89.11371521,23.55175783,-16.72909628
89.20892011,23.52330492,-16.70509822
89.30414616,23.49489118,-16.68145001
89.39939342,23.46651624,-16.65815843
89.49466186,23.43817952,-16.63522948
89.58995152,23.40988056,-16.61267063
89.68526244,23.38161886,-16.59048875
89.78059464,23.35339383,-16.56869181
89.87594819,23.32520501,-16.54728868
89.97132311,23.29705178,-16.52628707
90.06671948,23.26893358,-16.50569634
90.16213736,23.24084989,-16.48552518
90.25757681,23.21279996,-16.46578307
90.35304354,23.18480246,-16.44648102
90.44852712,23.15682087,-16.42762911
90.54402352,23.12884049,-16.40923873
90.63953355,23.10086294,-16.39132073
90.73506128,23.07290111,-16.37388658
90.83061289,23.04497493,-16.35694856
90.92619540,23.01710734,-16.34051895
91.02181573,22.98932094,-16.32461038
91.11747990,22.96163519,-16.30923451
91.21319219,22.93406372,-16.29440437
91.30895470,22.90661267,-16.28013330
91.40475260,22.87923039,-16.26643410
91.50058091,22.85189863,-16.25332008
91.59643486,22.82459983,-16.24080414
91.69230987,22.79731697,-16.22890022
91.78820487,22.77004502,-16.21762246
91.88411822,22.74277709,-16.20698424
91.98002976,22.71544222,-16.19699915
92.07592792,22.68799910,-16.18768053
92.17180896,22.66043341,-16.17904155
92.26767601,22.63275462,-16.17109474
92.36354703,22.60502342,-16.16385241
92.45942733,22.57725693,-16.15732620
92.55532389,22.54947815,-16.15152672
92.65124463,22.52171332,-16.14646497
92.74719757,22.49398920,-16.14215105
92.84318176,22.46630164,-16.13859388
92.93918027,22.43859151,-16.13580221
93.03518973,22.41084640,-16.13378348
93.13121026,22.38306613,-16.13254404
93.22725239,22.35528658,-16.13208958
93.32331594,22.32750667,-16.13242478
93.41938978,22.29968770,-16.13355313
93.51547317,22.27182691,-16.13547570
93.61156884,22.24393373,-16.13819362
93.70769267,22.21606298,-16.14170757
93.80384608,22.18821962,-16.14601600
93.90002042,22.16037414,-16.15111615
93.99620712,22.13249732,-16.15700457
94.09239845,22.10456308,-16.16367600
94.18858830,22.07655103,-16.17112432
94.28475796,22.04839743,-16.17934277
94.38090331,22.02008916,-16.18832203
94.47702713,21.99163695,-16.19805096
94.57314001,21.96307866,-16.20851866
94.66926126,21.93448228,-16.21971242
94.76539284,21.90585602,-16.23161770
94.86153483,21.87720168,-16.24421954
94.95769123,21.84853460,-16.25750097
95.05386625,21.81987093,-16.27144399
95.15006432,21.79122765,-16.28602970
95.24629972,21.76265524,-16.30123849
95.34256996,21.73414704,-16.31704843
95.43887033,21.70568888,-16.33343736
95.53519433,21.67726066,-16.35038246
95.63153449,21.64883906,-16.36785876
95.72788313,21.62040019,-16.38584152
95.82423340,21.59192307,-16.40430397
95.92058043,21.56339362,-16.42321900
96.01692260,21.53480892,-16.44256021
96.11326305,21.50618231,-16.46229934
96.20961139,21.47754905,-16.48240826
96.30596118,21.44888987,-16.50285853
96.40231159,21.42020455,-16.52362189
96.49866173,21.39149278,-16.54466963
96.59501077,21.36275436,-16.56597250
96.69135786,21.33398908,-16.58750131
96.78770217,21.30519679,-16.60922621
96.88404286,21.27637739,-16.63111907
96.98037914,21.24753077,-16.65315102
97.07671020,21.21865686,-16.67529292
97.17303527,21.18975563,-16.69751616
97.26935358,21.16082706,-16.71979271
97.36566436,21.13187114,-16.74209517
97.46196688,21.10288784,-16.76439577
97.55826042,21.07387725,-16.78666759
97.65454424,21.04483933,-16.80888386
97.75081769,21.01577417,-16.83101879
97.84708008,20.98668184,-16.85304730
97.94333076,20.95756233,-16.87494456
98.03956914,20.92841579,-16.89668779
98.13579462,20.89924221,-16.91825496
98.23200666,20.87004171,-16.93962515
98.32820471,20.84081429,-16.96077811
98.42438829,20.81156005,-16.98169504
98.52055694,20.78227907,-17.00235931
98.61671023,20.75297137,-17.02275444
98.71284777,20.72363706,-17.04286536
98.80896922,20.69427620,-17.06267884
98.90507426,20.66488884,-17.08218264
99.00116263,20.63547511,-17.10136687
99.09723407,20.60603501,-17.12022252
99.19328841,20.57656866,-17.13874191
99.28932548,20.54707607,-17.15691875
99.38534517,20.51755739,-17.17474843
99.48134742,20.48801265,-17.19222882
99.57733218,20.45844192,-17.20935796
99.67329947,20.42884531,-17.22613553
99.76924935,20.39922291,-17.24256363
99.86518190,20.36957481,-17.25864417
99.96109725,20.33990114,-17.27438094
100.05700177,20.31022195,-17.28977920
100.15288433,20.28050104,-17.30484481
100.24874032,20.25072323,-17.31958504
100.34457031,20.22088962,-17.33400777
100.44037851,20.19101304,-17.34812231
100.53617164,20.16111410,-17.36193847
100.63195774,20.13121754,-17.37546717
100.72774511,20.10134890,-17.38872006
100.82354148,20.07153163,-17.40170944
100.91935313,20.04178465,-17.41444854
101.01518425,20.01211998,-17.42695073
101.11102053,19.98249053,-17.43923022
101.20685793,19.95288211,-17.45130168
101.30269251,19.92328083,-17.46317974
101.39852033,19.89367296,-17.47487923
101.49433896,19.86404940,-17.48641498
101.59015241,19.83442164,-17.49780146
101.68593856,19.80471844,-17.50905259
101.78168384,19.77489585,-17.52018284
101.87738281,19.74493567,-17.53120566
101.97303735,19.71484284,-17.54213366
102.06866606,19.68467524,-17.55297958
102.16427391,19.65444761,-17.56375500
102.25986785,19.62418113,-17.57447150
102.35545613,19.59390108,-17.58513937
102.45104744,19.56363410,-17.59576782
102.54664643,19.53339415,-17.60636577
102.64223294,19.50311685,-17.61694087
102.73780330,19.47279002,-17.62750042
102.83335763,19.44241354,-17.63805055
102.92890112,19.41200337,-17.64859630
103.02444549,19.38159602,-17.65914271
103.11998434,19.35117104,-17.66969377
103.21551778,19.32072841,-17.68025305
103.31104585,19.29026809,-17.69082297
103.40656859,19.25979003,-17.70140558
103.50208603,19.22929422,-17.71200257
103.59759816,19.19878063,-17.72261349
103.69310494,19.16824923,-17.73323809
103.78860635,19.13770002,-17.74387492
103.88410229,19.10713301,-17.75452092
103.97959269,19.07654820,-17.76517325
104.07507745,19.04594562,-17.77582796
104.17055643,19.01532530,-17.78648011
104.26602952,18.98468731,-17.79712427
104.36149656,18.95403171,-17.80775466
104.45695738,18.92335858,-17.81836449
104.55241180,18.89266802,-17.82894540
104.64785963,18.86196017,-17.83948965
104.74330066,18.83123516,-17.84998755
104.83873467,18.80049315,-17.86042911
104.93416144,18.76973434,-17.87080499
105.02958073,18.73895893,-17.88110346
105.12499232,18.70816714,-17.89131367
105.22039597,18.67735923,-17.90142460
105.31579144,18.64653546,-17.91142431
105.41117850,18.61569614,-17.92130100
105.50655690,18.58484157,-17.93104192
105.60192640,18.55397210,-17.94063480
105.69728678,18.52308809,-17.95006647
105.79263780,18.49218991,-17.95932417
105.88797922,18.46127799,-17.96839529
105.98331082,18.43035275,-17.97726605
106.07863239,18.39941465,-17.98592329
106.17394370,18.36846416,-17.99435347
106.26924454,18.33750177,-18.00254347
106.36453473,18.30652802,-18.01048000
106.45981408,18.27554344,-18.01814990
106.55508242,18.24454858,-18.02554077
106.65033960,18.21354403,-18.03264024
106.74558548,18.18253038,-18.03943625
106.84081993,18.15150824,-18.04591731
106.93604287,18.12047824,-18.05207289
107.03125420,18.08944100,-18.05789181
107.12645389,18.05839717,-18.06336472
107.22164190,18.02734742,-18.06848419
107.31681826,17.99629238,-18.07324210
107.41198299,17.96523274,-18.07763170
107.50713616,17.93416913,-18.08164817
107.60227787,17.90310224,-18.08528746
107.69740824,17.87203271,-18.08854613
107.79252744,17.84096119,-18.09142215
107.88763564,17.80988833,-18.09391489
107.98273307,17.77881476,-18.09602405
108.07781996,17.74774112,-18.09775172
108.17289661,17.71666800,-18.09910135
108.26796330,17.68559600,-18.10007646
108.36302037,17.65452569,-18.10068205
108.45806819,17.62345764,-18.10092470
108.55310711,17.59239237,-18.10081181
108.64813755,17.56133041,-18.10035174
108.74315991,17.53027225,-18.09955401
108.83817463,17.49921836,-18.09842824
108.93318215,17.46816918,-18.09698534
109.02818294,17.43712513,-18.09523738
109.12317745,17.40608662,-18.09319676
109.21816616,17.37505401,-18.09087616
109.31314955,17.34402765,-18.08828821
109.40812811,17.31300785,-18.08544701
109.50310233,17.28199491,-18.08236807
109.59807272,17.25098907,-18.07906612
109.69303977,17.21999058,-18.07555614
109.78800401,17.18899963,-18.07185481
109.88296594,17.15801639,-18.06797896
109.97792607,17.12704099,-18.06394490
110.07288491,17.09607355,-18.05977058
110.16784297,17.06511414,-18.05547309
110.26280075,17.03416281,-18.05106934
110.35775876,17.00321956,-18.04657847
110.45271749,16.97228438,-18.04201900
110.54767741,16.94135722,-18.03740799
110.64263901,16.91043802,-18.03276348
110.73760272,16.87952666,-18.02810398
110.83256899,16.84862301,-18.02344614
110.92753823,16.81772693,-18.01880620
111.02251084,16.78683823,-18.01420183
111.11748722,16.75595671,-18.00964943
111.21246772,16.72508213,-18.00516417
111.30745270,16.69421425,-18.00076272
111.40244251,16.66335278,-17.99646058
111.49743744,16.63249744,-17.99227263
111.59243780,16.60164790,-17.98821319
111.68744387,16.57080382,-17.98429603
111.78245590,16.53996485,-17.98053504
111.87747414,16.50913061,-17.97694356
111.97249880,16.47830071,-17.97353466
112.06753012,16.44747472,-17.97032039
112.16256827,16.41665223,-17.96731235
112.25761343,16.38583278,-17.96452313
112.35266576,16.35501591,-17.96196425
112.44772541,16.32420115,-17.95964600
112.54279249,16.29338801,-17.95757815
112.63786710,16.26257598,-17.95577027
112.73294933,16.23176455,-17.95423198
112.82803922,16.20095322,-17.95297138
112.92313681,16.17014144,-17.95199544
113.01824211,16.13932869,-17.95131090
113.11335511,16.10851443,-17.95092356
113.20847577,16.07769812,-17.95083837
113.30360403,16.04687923,-17.95106007
113.39873982,16.01605720,-17.95159217
113.49388305,15.98523151,-17.95243729
113.58903360,15.95440161,-17.95359786
113.68419133,15.92356695,-17.95507574
113.77935609,15.89272702,-17.95687135
113.87452769,15.86188128,-17.95898409
113.96970595,15.83102922,-17.96141325
114.06489064,15.80017032,-17.96415694
114.16008152,15.76930408,-17.96721239
114.25527835,15.73843003,-17.97057614
114.35048086,15.70754767,-17.97424409
114.44568876,15.67665655,-17.97821122
114.54090174,15.64575623,-17.98247244
114.63611950,15.61484625,-17.98702179
114.73134170,15.58392622,-17.99185139
114.82656801,15.55299572,-17.99695305
114.92179806,15.52205439,-18.00231950
115.01703149,15.49110186,-18.00794178
115.11226791,15.46013780,-18.01380924
115.20750696,15.42916187,-18.01991245
115.30274823,15.39817379,-18.02624066
115.39799134,15.36717328,-18.03278277
115.49323589,15.33616008,-18.03952783
115.58848148,15.30513396,-18.04646368
115.68372771,15.27409470,-18.05357898
115.77897422,15.24304211,-18.06086195
115.87422060,15.21197602,-18.06830088
115.96946648,15.18089627,-18.07588396
116.06471151,15.14980273,-18.08359917
116.15995531,15.11869527,-18.09143585
116.25519755,15.08757380,-18.09938173
116.35043788,15.05643824,-18.10742595
116.44567598,15.02528853,-18.11555744
116.54091152,14.99412461,-18.12376444
116.63614420,14.96294647,-18.13203714
116.73137371,14.93175408,-18.14036423
116.82659975,14.90054745,-18.14873466
116.92182204,14.86932662,-18.15713817
117.01704030,14.83809161,-18.16556404
117.11225423,14.80684250,-18.17400082
117.20746356,14.77557937,-18.18243786
117.30266803,14.74430230,-18.19086419
117.39786734,14.71301143,-18.19926821
117.49306123,14.68170689,-18.20763852
117.58824944,14.65038885,-18.21596361
117.68343170,14.61905749,-18.22423146
117.77860773,14.58771301,-18.23242976
117.87377727,14.55635564,-18.24054695
117.96894007,14.52498563,-18.24857041
118.06409586,14.49360325,-18.25648681
118.15924437,14.46220880,-18.26428406
118.25438536,14.43080258,-18.27194888
118.34951858,14.39938495,-18.27946810
118.44464379,14.36795625,-18.28682875
118.53976076,14.33651688,-18.29401818
118.63486927,14.30506722,-18.30102374
118.72996913,14.27360770,-18.30783334
118.82506014,14.24213876,-18.31443511
118.92014215,14.21066083,-18.32081710
119.01521499,14.17917440,-18.32696837
119.11027852,14.14767994,-18.33287846
119.20533263,14.11617795,-18.33853680
119.30037722,14.08466893,-18.34393354
119.39541220,14.05315341,-18.34905968
119.49043749,14.02163192,-18.35390611
119.58545306,13.99010499,-18.35846433
119.68045884,13.95857319,-18.36272697
119.77545483,13.92703707,-18.36668571
119.87044101,13.89549720,-18.37033311
119.96541738,13.86395416,-18.37366304
120.06038395,13.83240855,-18.37666823
120.15534074,13.80086096,-18.37934270
120.25028780,13.76931198,-18.38168099
120.34522518,13.73776223,-18.38367746
120.44015294,13.70621233,-18.38532611
120.53507116,13.67466288,-18.38662332
120.62997994,13.64311451,-18.38756601
120.72487940,13.61156783,-18.38814977
120.81976966,13.58002346,-18.38837187
120.91465086,13.54848204,-18.38823076
121.00952316,13.51694416,-18.38772379
121.10438673,13.48541046,-18.38685038
121.19924177,13.45388154,-18.38561014
121.29408847,13.42235800,-18.38400268
121.38892706,13.39084046,-18.38202910
121.48375779,13.35932949,-18.37969150
121.57858090,13.32782568,-18.37699240
121.67339666,13.29632960,-18.37393364
121.76820536,13.26484181,-18.37051943
121.86300730,13.23336287,-18.36675405
121.95780277,13.20189331,-18.36264139
122.05259208,13.17043367,-18.35818719
122.14737557,13.13898445,-18.35339701
122.24215357,13.10754615,-18.34827645
122.33692641,13.07611927,-18.34283223
122.43169446,13.04470427,-18.33707197
122.52645806,13.01330160,-18.33100330
122.62121759,12.98191169,-18.32463362
122.71597343,12.95053498,-18.31797251
122.81072594,12.91917184,-18.31102885
122.90547552,12.88782268,-18.30381131
123.00022255,12.85648785,-18.29633025
123.09496741,12.82516769,-18.28859515
123.18971050,12.79386254,-18.28061626
123.28445219,12.76257270,-18.27240434
123.37919289,12.73129845,-18.26397028
123.47393300,12.70004007,-18.25532525
123.56867291,12.66879779,-18.24648112
123.66341304,12.63757182,-18.23745016
123.75815378,12.60636238,-18.22824441
123.85289557,12.57516962,-18.21887740
123.94763880,12.54399369,-18.20936263
124.04238389,12.51283471,-18.19971325
124.13713128,12.48169278,-18.18994463
124.23188139,12.45056796,-18.18007106
124.32663463,12.41946028,-18.17010650
124.42139145,12.38836976,-18.16006742
124.51615226,12.35729638,-18.14997009
124.61091751,12.32624009,-18.13982984
124.70568761,12.29520081,-18.12966385
124.80046301,12.26417844,-18.11948953
124.89524414,12.23317282,-18.10932334
124.99003140,12.20218379,-18.09918299
125.08482523,12.17121116,-18.08908665
125.17962603,12.14025468,-18.07905161
125.27443420,12.10931411,-18.06909479
125.36925013,12.07838917,-18.05923417
125.46407417,12.04747953,-18.04948727
125.55890668,12.01658486,-18.03987004
125.65374799,11.98570481,-18.03039926
125.74859840,11.95483900,-18.02109002
125.84345818,11.92398703,-18.01195655
125.93832757,11.89314848,-18.00301407
126.03320680,11.86232293,-17.99427508
126.12809605,11.83150993,-17.98575150
126.22299547,11.80070903,-17.97745388
126.31790520,11.76991976,-17.96939279
126.41282534,11.73914166,-17.96157844
126.50775594,11.70837424,-17.95401785
126.60269707,11.67761702,-17.94671869
126.69764873,11.64686950,-17.93968727
126.79261091,11.61613121,-17.93292925
126.88758357,11.58540165,-17.92644972
126.98256666,11.55468032,-17.92025163
127.07756010,11.52396674,-17.91433803
127.17256378,11.49326042,-17.90871045
127.26757758,11.46256087,-17.90337079
127.36260137,11.43186760,-17.89832034
127.45763497,11.40118016,-17.89355831
127.55267824,11.37049805,-17.88908427
127.64773098,11.33982081,-17.88489679
127.74279300,11.30914799,-17.88099449
127.83786409,11.27847913,-17.87737566
127.93294403,11.24781379,-17.87403719
128.02803260,11.21715153,-17.87097559
128.12312954,11.18649192,-17.86818724
128.21823462,11.15583455,-17.86566842
128.31334756,11.12517902,-17.86341431
128.40846810,11.09452493,-17.86141945
128.50359594,11.06387190,-17.85967720
128.59873078,11.03321959,-17.85818076
128.69387231,11.00256764,-17.85692381
128.78902021,10.97191573,-17.85589853
128.88417413,10.94126355,-17.85509517
128.97933375,10.91061081,-17.85450494
129.07449870,10.87995724,-17.85411896
129.16966860,10.84930260,-17.85392617
129.26484310,10.81864666,-17.85391552
129.36002181,10.78798922,-17.85407568
129.45520434,10.75733011,-17.85439439
129.55039032,10.72666916,-17.85485948
129.64557936,10.69600624,-17.85545972
129.74077107,10.66534125,-17.85618185
129.83596508,10.63467408,-17.85701227
129.93116100,10.60400468,-17.85793918
130.02635846,10.57333301,-17.85894866
130.12155708,10.54265904,-17.86002689
130.21675648,10.51198278,-17.86116118
130.31195631,10.48130426,-17.86233703
130.40715619,10.45062354,-17.86354035
130.50235579,10.41994068,-17.86475829
130.59755476,10.38925578,-17.86597792
130.69275276,10.35856896,-17.86718480
130.78794947,10.32788036,-17.86836527
130.88314458,10.29719014,-17.86950652
130.97833775,10.26649850,-17.87059406
131.07352869,10.23580564,-17.87161442
131.16871709,10.20511179,-17.87255449
131.26390266,10.17441721,-17.87340019
131.35908513,10.14372217,-17.87413769
131.45426422,10.11302698,-17.87475418
131.54943968,10.08233194,-17.87523714
131.64461126,10.05163740,-17.87557303
131.73977873,10.02094370,-17.87574929
131.83494188,9.99025123,-17.87575400
131.93010051,9.95956037,-17.87557515
132.02525441,9.92887154,-17.87520131
132.12040343,9.89818515,-17.87462103
132.21554741,9.86750164,-17.87382320
132.31068621,9.83682148,-17.87279754
132.40581971,9.80614511,-17.87153489
132.50094782,9.77547302,-17.87002641
132.59607046,9.74480569,-17.86826316
132.69118758,9.71414360,-17.86623759
132.78629917,9.68348725,-17.86394281
132.88140520,9.65283715,-17.86137381
132.97650571,9.62219379,-17.85852553
133.07160075,9.59155766,-17.85539269
133.16669040,9.56092928,-17.85197304
133.26177475,9.53030913,-17.84826510
133.35685393,9.49969770,-17.84426742
133.45192809,9.46909547,-17.83997930
133.54699740,9.43850292,-17.83540172
133.64206205,9.40792052,-17.83053649
133.73712225,9.37734871,-17.82538530
133.83217824,9.34678796,-17.81995263
133.92723026,9.31623867,-17.81424212
134.02227858,9.28570129,-17.80825746
134.11732346,9.25517620,-17.80200545
134.21236520,9.22466381,-17.79549091
134.30740407,9.19416449,-17.78871993
134.40244038,9.16367862,-17.78169943
134.49747442,9.13320654,-17.77443601
134.59250650,9.10274859,-17.76693714
134.68753692,9.07230511,-17.75920964
134.78256600,9.04187639,-17.75126166
134.87759404,9.01146273,-17.74310118
134.97262136,8.98106441,-17.73473636
135.06764826,8.95068170,-17.72617617
135.16267509,8.92031484,-17.71742863
135.25770214,8.88996407,-17.70850259
135.35272974,8.85962959,-17.69940780
135.44775820,8.82931160,-17.69015395
135.54278787,8.79901029,-17.68075084
135.63781908,8.76872579,-17.67120826
135.73285217,8.73845825,-17.66153752
135.82788747,8.70820778,-17.65175064
135.92292535,8.67797448,-17.64185895
136.01796614,8.64775840,-17.63187461
136.11301021,8.61755960,-17.62180951
136.20805789,8.58737810,-17.61167579
136.30310954,8.55721390,-17.60148713
136.39816551,8.52706698,-17.59125653
136.49322616,8.49693729,-17.58099706
136.58829183,8.46682475,-17.57072238
136.68336286,8.43672929,-17.56044642
136.77843961,8.40665077,-17.55018358
136.87352240,8.37658905,-17.53994686
136.96861156,8.34654398,-17.52975048
137.06370742,8.31651536,-17.51960869
137.15881029,8.28650298,-17.50953521
137.25392046,8.25650662,-17.49954363
137.34903822,8.22652601,-17.48964710
137.44416386,8.19656089,-17.47985919
137.53929763,8.16661097,-17.47019307
137.63443978,8.13667594,-17.46066151
137.72959055,8.10675545,-17.45127723
137.82475018,8.07684917,-17.44205164
137.91991886,8.04695673,-17.43299687
138.01509682,8.01707775,-17.42412566
138.11028422,7.98721181,-17.41544949
138.20548124,7.95735850,-17.40697902
138.30068806,7.92751739,-17.39872524
138.39590480,7.89768803,-17.39069895
138.49113161,7.86786995,-17.38290967
138.58636859,7.83806268,-17.37536748
138.68161584,7.80826574,-17.36808156
138.77687345,7.77847861,-17.36106039
138.87214148,7.74870079,-17.35431260
138.96742000,7.71893176,-17.34784624
139.06270902,7.68917099,-17.34166885
139.15800856,7.65941795,-17.33578628
139.25331863,7.62967208,-17.33020547
139.34863920,7.59993285,-17.32493184
139.44397021,7.57019971,-17.31996884
139.53931161,7.54047210,-17.31532157
139.63466332,7.51074948,-17.31099326
139.73002521,7.48103129,-17.30698586
139.82539718,7.45131698,-17.30330153
139.92077908,7.42160601,-17.29994079
140.01617074,7.39189785,-17.29690402
140.11157199,7.36219195,-17.29419129
140.20698262,7.33248779,-17.29180108
140.30240243,7.30278484,-17.28973165
140.39783119,7.27308260,-17.28798026
140.49326865,7.24338056,-17.28654418
140.58871456,7.21367822,-17.28541969
140.68416865,7.18397512,-17.28460200
140.77963064,7.15427077,-17.28408700
140.87510025,7.12456471,-17.28386896
140.97057718,7.09485651,-17.28394266
141.06606113,7.06514573,-17.28430270
141.16155179,7.03543194,-17.28494092
141.25704886,7.00571473,-17.28585168
141.35255202,6.97599373,-17.28702818
141.44806094,6.94626853,-17.28846261
141.54357531,6.91653879,-17.29014819
141.63909481,6.88680414,-17.29207637
141.73461912,6.85706425,-17.29423943
141.83014793,6.82731879,-17.29663004
141.92568092,6.79756746,-17.29924059
142.02121779,6.76780994,-17.30206370
142.11675825,6.73804594,-17.30509041
142.21230200,6.70827521,-17.30831399
142.30784876,6.67849746,-17.31172792
142.40339825,6.64871244,-17.31532375
142.49895018,6.61891992,-17.31909480
142.59450429,6.58911966,-17.32303315
142.69006030,6.55931145,-17.32713125
142.78561795,6.52949509,-17.33138258
142.88117698,6.49967038,-17.33577879
142.97673710,6.46983716,-17.34031292
143.07229806,6.43999525,-17.34497646
143.16785958,6.41014451,-17.34976076
143.26342138,6.38028482,-17.35465816
143.35898319,6.35041606,-17.35965903
143.45454474,6.32053814,-17.36475507
143.55010576,6.29065097,-17.36993709
143.64566597,6.26075449,-17.37519584
143.74122510,6.23084865,-17.38052257
143.83678289,6.20093342,-17.38590744
143.93233908,6.17100878,-17.39134131
144.02789340,6.14107473,-17.39681471
144.12344560,6.11113129,-17.40231810
144.21899544,6.08117849,-17.40784237
144.31454266,6.05121637,-17.41337768
144.41008703,6.02124501,-17.41891446
144.50562831,5.99126448,-17.42444327
144.60116626,5.96127488,-17.42995473
144.69670066,5.93127631,-17.43543952
144.79223128,5.90126892,-17.44088723
144.88775790,5.87125284,-17.44628819
144.98328030,5.84122824,-17.45163308
145.07879826,5.81119530,-17.45691193
145.17431158,5.78115421,-17.46211455
145.26982002,5.75110520,-17.46723005
145.36532339,5.72104851,-17.47224815
145.46082146,5.69098438,-17.47715879
145.55631402,5.66091309,-17.48195060
145.65180086,5.63083494,-17.48661217
145.74728178,5.60075024,-17.49113269
145.84275655,5.57065933,-17.49550082
145.93822498,5.54056257,-17.49970461
146.03368686,5.51046032,-17.50373238
146.12914200,5.48035299,-17.50757222
146.22459019,5.45024099,-17.51121234
146.32003127,5.42012476,-17.51464139
146.41546503,5.39000476,-17.51784762
146.51089130,5.35988145,-17.52081831
146.60630992,5.32975535,-17.52354137
146.70172072,5.29962696,-17.52600595
146.79712354,5.26949681,-17.52819972
146.89251825,5.23936547,-17.53011161
146.98790474,5.20923348,-17.53173039
147.08328290,5.17910144,-17.53304526
147.17865264,5.14896993,-17.53404726
147.27401390,5.11883956,-17.53472738
147.36936662,5.08871093,-17.53507589
147.46471076,5.05858469,-17.53508385
147.56004629,5.02846147,-17.53474337
147.65537319,4.99834193,-17.53404589
147.75069146,4.96822671,-17.53298379
147.84600110,4.93811651,-17.53154945
147.94130212,4.90801199,-17.52973547
148.03659456,4.87791385,-17.52753541
148.13187846,4.84782279,-17.52494295
148.22715386,4.81773952,-17.52195168
148.32242083,4.78766474,-17.51855479
148.41767943,4.75759920,-17.51474741
148.51292974,4.72754360,-17.51052412
148.60817184,4.69749870,-17.50587886
148.70341233,4.66748581,-17.50080812
148.79863982,4.63746918,-17.49530708
148.89384927,4.60743306,-17.48937212
148.98904066,4.57737769,-17.48300030
149.08421788,4.54731559,-17.47618901
149.17940074,4.51731000,-17.46893694
149.27458714,4.48735427,-17.46124307
149.36976865,4.45742156,-17.45310833
149.46493720,4.42748597,-17.44453383
149.56008594,4.39752549,-17.43552201
149.65521007,4.36752433,-17.42607706
149.75029113,4.33742331,-17.41620304
149.84532723,4.30721577,-17.40590614
149.94032406,4.27691898,-17.39519318
150.03529569,4.24657691,-17.38407267
150.13026525,4.21626236,-17.37255478
150.22523197,4.18597194,-17.36064947
150.32019887,4.15571424,-17.34836877
150.41517132,4.12550537,-17.33572637
150.51015491,4.09536198,-17.32273659
150.60515529,4.06530104,-17.30941445
150.70018854,4.03537299,-17.29577583
150.79525238,4.00556914,-17.28183825
150.89034228,3.97587351,-17.26761965
150.98545209,3.94626474,-17.25314002
151.08057485,3.91671880,-17.23841961
151.17570369,3.88721175,-17.22347972
151.27083290,3.85772331,-17.20834290
151.36595907,3.82824043,-17.19303259
151.46108245,3.79876187,-17.17757293
151.55620835,3.76930257,-17.16198769
151.65134881,3.73989913,-17.14630171
151.74649837,3.71053188,-17.13054046
151.84165775,3.68120084,-17.11472976
151.93682758,3.65190590,-17.09889509
152.03200856,3.62264700,-17.08306213
152.12720128,3.59342383,-17.06725758
152.22240638,3.56423620,-17.05150755
152.31763051,3.53510360,-17.03583776
152.41286306,3.50598901,-17.02027425
152.50810006,3.47687710,-17.00484257
152.60334258,3.44776915,-16.98956840
152.69859526,3.41867810,-16.97447640
152.79386496,3.38962434,-16.95959114
152.88915959,3.36063174,-16.94493696
152.98448709,3.33172434,-16.93053769
153.07985446,3.30292320,-16.91641690
153.17526709,3.27424416,-16.90259718
153.27072799,3.24569531,-16.88910008
153.36622205,3.21722538,-16.87594702
153.46174441,3.18881670,-16.86315825
153.55729036,3.16045206,-16.85075259
153.65285528,3.13211464,-16.83874732
153.74843698,3.10379565,-16.82715954
153.84403654,3.07549733,-16.81600531
153.93963209,3.04714572,-16.80529920
154.03521061,3.01869625,-16.79505466
154.13076716,2.99013134,-16.78528286
154.22630413,2.96145772,-16.77599555
154.32183981,2.93273520,-16.76720291
154.41737926,2.90397969,-16.75891188
154.51292940,2.87521348,-16.75112941
154.60849826,2.84646266,-16.74386103
154.70409411,2.81775431,-16.73711059
154.79971877,2.78909428,-16.73088071
154.89535304,2.76041876,-16.72517331
154.99099312,2.73171506,-16.71998798
155.08663888,2.70298285,-16.71532336
155.18229507,2.67423806,-16.71117865
155.27797240,2.64551667,-16.70754976
155.37366425,2.61679706,-16.70443141
155.46937024,2.58807843,-16.70181961
155.56508995,2.55935997,-16.69970843
155.66082295,2.53064092,-16.69809014
155.75656881,2.50192052,-16.69695661
155.85232704,2.47319803,-16.69629910
155.94809718,2.44447274,-16.69610828
156.04387873,2.41574395,-16.69637420
156.13967121,2.38701099,-16.69708574
156.23547409,2.35827321,-16.69823082
156.33128687,2.32952999,-16.69979819
156.42710902,2.30078071,-16.70177569
156.52293999,2.27202482,-16.70414983
156.61877925,2.24326176,-16.70690639
156.71462622,2.21449101,-16.71002980
156.81048031,2.18571210,-16.71350426
156.90634092,2.15692458,-16.71731307
157.00220744,2.12812805,-16.72143789
157.09807924,2.09932212,-16.72585967
157.19395568,2.07050647,-16.73055822
157.28983610,2.04168081,-16.73551394
157.38571985,2.01284488,-16.74070498
157.48160625,1.98399847,-16.74610907
157.57749466,1.95514142,-16.75170428
157.67338440,1.92627358,-16.75746764
157.76927484,1.89739487,-16.76337636
157.86516532,1.86850524,-16.76940736
157.96105523,1.83960467,-16.77553854
158.05694397,1.81069318,-16.78174751
158.15283094,1.78177083,-16.78801198
158.24871561,1.75283769,-16.79431120
158.34459744,1.72389388,-16.80062427
158.44047593,1.69493955,-16.80693134
158.53635063,1.66597487,-16.81321432
158.63222111,1.63700002,-16.81945507
158.72808695,1.60801522,-16.82563593
158.82394778,1.57902070,-16.83174101
158.91980327,1.55001674,-16.83775504
159.01565308,1.52100360,-16.84366284
159.11149691,1.49198158,-16.84945032
159.20733450,1.46295100,-16.85510387
159.30316560,1.43391219,-16.86061047
159.39898997,1.40486551,-16.86595818
159.49480740,1.37581131,-16.87113559
159.59061770,1.34674999,-16.87613090
159.68642070,1.31768193,-16.88093349
159.78221623,1.28860754,-16.88553278
159.87800414,1.25952726,-16.88991886
159.97378432,1.23044152,-16.89408248
160.06955664,1.20135077,-16.89801402
160.16532102,1.17225547,-16.90170536
160.26107740,1.14315609,-16.90514866
160.35682570,1.11405311,-16.90833697
160.45256591,1.08494700,-16.91126336
160.54829800,1.05583826,-16.91392192
160.64402196,1.02672738,-16.91630747
160.73973781,0.99761488,-16.91841370
160.83544556,0.96850124,-16.92023621
160.93114524,0.93938700,-16.92177079
161.02683689,0.91027266,-16.92301229
161.12252057,0.88115876,-16.92395706
161.21819632,0.85204581,-16.92460200
161.31386422,0.82293436,-16.92494295
161.40952434,0.79382493,-16.92497656
161.50517676,0.76471806,-16.92470054
161.60082155,0.73561429,-16.92411136
161.69645882,0.70651418,-16.92320567
161.79208867,0.67741827,-16.92198191
161.88771119,0.64832712,-16.92043811
161.98332649,0.61924126,-16.91857138
162.07893470,0.59016126,-16.91638032
162.17453593,0.56108767,-16.91386343
162.27013032,0.53202105,-16.91101820
162.36571799,0.50296196,-16.90784404
162.46129909,0.47391095,-16.90434036
162.55687374,0.44486858,-16.90050567
162.65244211,0.41583542,-16.89633858
162.74800434,0.38681201,-16.89183906
162.84356057,0.35779892,-16.88700657
162.93911098,0.32879671,-16.88184086
163.03465574,0.29980592,-16.87634212
163.13019501,0.27082711,-16.87051006
163.22572899,0.24186083,-16.86434587
163.32125786,0.21290762,-16.85785089
163.41678183,0.18396803,-16.85102626
163.51230723,0.15506284,-16.84387431
163.60782335,0.12615634,-16.83639778
163.70332557,0.09723301,-16.82859908
163.79881415,0.06829338,-16.82048179
163.89429302,0.03935005,-16.81205071
163.98978204,0.01046849,-16.80330961
164.08527695,-0.01836587,-16.79426376
164.18077000,-0.04717932,-16.78492035
164.27625388,-0.07599681,-16.77528588
164.37172258,-0.10483911,-16.76536805
164.46717209,-0.13372048,-16.75517618
164.56258554,-0.16269778,-16.74472069
164.65796204,-0.19177513,-16.73401166
164.75330780,-0.22093311,-16.72306087
164.84863690,-0.25012625,-16.71188159
164.94397173,-0.27928148,-16.70048649
165.03930935,-0.30840975,-16.68889038
165.13465352,-0.33749991,-16.67710853
165.23000921,-0.36653674,-16.66515627
165.32538148,-0.39550473,-16.65305017
165.42077543,-0.42438832,-16.64080682
165.51620587,-0.45313921,-16.62844512
165.61167007,-0.48176805,-16.61598281
165.70716900,-0.51027306,-16.60343782
165.80268563,-0.53871300,-16.59082996
165.89820856,-0.56712786,-16.57817791
165.99373139,-0.59554084,-16.56550126
166.08925239,-0.62395944,-16.55281851
166.18477432,-0.65237607,-16.54014952
166.28030465,-0.68076741,-16.52751471
166.37585577,-0.70909351,-16.51493376
166.47144563,-0.73729571,-16.50242763
166.56707407,-0.76537635,-16.49001650
166.66274461,-0.79332531,-16.47772334
166.75844341,-0.82119113,-16.46557089
166.85416633,-0.84898986,-16.45358164
166.94990932,-0.87673740,-16.44178056
167.04566840,-0.90444952,-16.43019294
167.14144090,-0.93213758,-16.41884497
167.23723043,-0.95979185,-16.40776363
167.33301609,-0.98748603,-16.39697642
167.42878522,-1.01526600,-16.38651124
167.52453285,-1.04315150,-16.37639708
167.62026094,-1.07113875,-16.36666396
167.71598689,-1.09917120,-16.35734002
167.81171562,-1.12723501,-16.34845423
167.90745394,-1.15530976,-16.34003702
168.00320984,-1.18337097,-16.33211691
168.09899169,-1.21139283,-16.32472224
168.19480414,-1.23936211,-16.31788135
168.29062855,-1.26734477,-16.31162117
168.38646178,-1.29535403,-16.30596826
168.48230422,-1.32339102,-16.30094860
168.57816086,-1.35144093,-16.29658646
168.67404259,-1.37946885,-16.29290551
168.76994370,-1.40749638,-16.28992883
168.86586437,-1.43552487,-16.28767767
168.96181086,-1.46353480,-16.28617230
169.05777273,-1.49156369,-16.28543298
169.15374493,-1.51963049,-16.28547721
169.24972696,-1.54773857,-16.28632192
169.34572186,-1.57587895,-16.28798370
169.44174523,-1.60399970,-16.29047776
169.53780143,-1.63208722,-16.29381853
169.63388185,-1.66017220,-16.29801919
169.72997772,-1.68828555,-16.30309083
169.82608107,-1.71645546,-16.30904347
169.92218541,-1.74470464,-16.31588683
170.01827118,-1.77310057,-16.32362708
170.11433357,-1.80165995,-16.33226912
170.21037477,-1.83037535,-16.34181705
170.30640513,-1.85921135,-16.35227322
170.40244411,-1.88810124,-16.36363827
170.49849632,-1.91702902,-16.37591074
170.59456097,-1.94599699,-16.38908796
170.69064235,-1.97498991,-16.40316506
170.78674504,-2.00399150,-16.41813575
170.88287395,-2.03298428,-16.43399178
170.97904418,-2.06191639,-16.45072308
171.07525375,-2.09079345,-16.46831830
171.17149836,-2.11962893,-16.48676337
171.26777183,-2.14844232,-16.50604423
171.36406681,-2.17725701,-16.52614355
171.46037569,-2.20609700,-16.54704307
171.55669151,-2.23498390,-16.56872363
171.65300929,-2.26393252,-16.59116313
171.74932728,-2.29294657,-16.61433887
171.84564865,-2.32201300,-16.63822692
171.94198319,-2.35109639,-16.66280274
172.03832436,-2.38021640,-16.68803882
172.13467124,-2.40937348,-16.71390683
172.23102291,-2.43856807,-16.74037897
172.32737837,-2.46780076,-16.76742484
172.42373669,-2.49707182,-16.79501386
172.52009686,-2.52638179,-16.82311454
172.61645793,-2.55573099,-16.85169543
172.71281886,-2.58511985,-16.88072420
172.80917869,-2.61454860,-16.91016777
172.90553639,-2.64401768,-16.93999384
173.00189095,-2.67352738,-16.97016740
173.09824140,-2.70307787,-17.00065482
173.19458671,-2.73266945,-17.03142279
173.29092591,-2.76230230,-17.06243661
173.38725803,-2.79197656,-17.09366232
173.48358211,-2.82169243,-17.12506680
173.57989723,-2.85144987,-17.15661660
173.67620242,-2.88124910,-17.18827763
173.77249683,-2.91108998,-17.22001772
173.86877954,-2.94097261,-17.25180425
173.96504969,-2.97089690,-17.28360369
174.06130646,-3.00086272,-17.31538498
174.15754902,-3.03086991,-17.34711635
174.25377658,-3.06091832,-17.37876683
174.34998836,-3.09100772,-17.41030586
174.44618363,-3.12113785,-17.44170246
174.54236165,-3.15130847,-17.47292770
174.63852172,-3.18151930,-17.50395250
174.73466316,-3.21176996,-17.53474851
174.83078531,-3.24206020,-17.56528871
174.92688756,-3.27238966,-17.59554624
175.02296931,-3.30275799,-17.62549515
175.11902997,-3.33316489,-17.65511172
175.21506900,-3.36361005,-17.68437303
175.31108586,-3.39409320,-17.71325612
175.40708010,-3.42461400,-17.74174066
175.50305124,-3.45517219,-17.76980790
175.59899885,-3.48576758,-17.79743948
175.69492260,-3.51639983,-17.82461976
175.79082215,-3.54706875,-17.85133558
175.88669720,-3.57777414,-17.87757444
175.98254754,-3.60851577,-17.90332608
176.07837300,-3.63929339,-17.92858300
176.17417345,-3.67010683,-17.95333868
176.26994879,-3.70095586,-17.97758824
176.36569905,-3.73184015,-18.00132957
176.46142425,-3.76275946,-18.02456161
176.55712444,-3.79371358,-18.04728435
176.65279981,-3.82470205,-18.06950031
176.74845050,-3.85572462,-18.09121358
176.84407673,-3.88678098,-18.11242872
176.93967875,-3.91787074,-18.13315126
177.03525685,-3.94899356,-18.15338840
177.13081133,-3.98014909,-18.17314861
177.22634255,-4.01133696,-18.19244030
177.32185085,-4.04255684,-18.21127394
177.41733664,-4.07380840,-18.22966174
177.51280032,-4.10509134,-18.24761446
177.60824234,-4.13640531,-18.26514518
177.70366313,-4.16775008,-18.28226885
177.79906315,-4.19912542,-18.29899932
177.89444286,-4.23053113,-18.31535186
177.98980278,-4.26196694,-18.33134291
178.08514341,-4.29343269,-18.34698964
178.18046525,-4.32492825,-18.36230981
178.27576887,-4.35645341,-18.37732157
178.37105478,-4.38800812,-18.39204410
178.46632358,-4.41959218,-18.40649684
178.56157584,-4.45120546,-18.42070000
178.65681214,-4.48284787,-18.43467472
178.75203309,-4.51451924,-18.44844143
178.84723931,-4.54621942,-18.46202012
178.94243139,-4.57794821,-18.47543183
179.03760997,-4.60970545,-18.48869832
179.13277563,-4.64149098,-18.50183935
179.22792898,-4.67330454,-18.51487423
179.32307062,-4.70514595,-18.52782198
179.41820109,-4.73701500,-18.54070178
179.51332098,-4.76891141,-18.55353138
179.60843080,-4.80083498,-18.56632687
179.70353109,-4.83278540,-18.57910488
179.79862233,-4.86476246,-18.59188061
179.89370501,-4.89676583,-18.60466834
179.98877958,-4.92879525,-18.61748164
180.08384644,-4.96085050,-18.63033216
180.17890599,-4.99293121,-18.64323116
180.27395857,-5.02503715,-18.65618845
180.36900451,-5.05716802,-18.66921146
180.46404407,-5.08932351,-18.68230720
180.55907753,-5.12150329,-18.69548109
180.65410510,-5.15370705,-18.70873816
180.74912694,-5.18593451,-18.72208127
180.84414324,-5.21818528,-18.73551139
180.93915410,-5.25045910,-18.74902957
181.03415962,-5.28275558,-18.76263521
181.12915985,-5.31507438,-18.77632676
181.22415480,-5.34741521,-18.79010089
181.31914450,-5.37977765,-18.80395174
181.41412889,-5.41216130,-18.81787419
181.50910793,-5.44456576,-18.83186188
181.60408152,-5.47699060,-18.84590571
181.69904954,-5.50943538,-18.85999573
181.79401188,-5.54189959,-18.87412126
181.88896838,-5.57438269,-18.88827001
181.98391885,-5.60688416,-18.90242899
182.07886984,-5.63938378,-18.91658404
182.17380870,-5.67191712,-18.93071846
182.26873011,-5.70449822,-18.94481554
182.36363437,-5.73712474,-18.95885739
182.45852574,-5.76978270,-18.97282452
182.55341107,-5.80245053,-18.98669561
182.64829847,-5.83510303,-19.00044882
182.74319611,-5.86771469,-19.01406143
182.83811122,-5.90026273,-19.02750922
182.93304921,-5.93272959,-19.04076739
183.02801290,-5.96510516,-19.05381022
183.12298485,-5.99743808,-19.06661002
183.21795894,-6.02974396,-19.07913964
183.31292909,-6.06203812,-19.09137037
183.40788933,-6.09433554,-19.10327228
183.50283587,-6.12664470,-19.11481587
183.59777033,-6.15895860,-19.12597029
183.69266682,-6.19134913,-19.13670465
183.78750942,-6.22385954,-19.14698763
183.88229144,-6.25650645,-19.15678825
183.97701447,-6.28928260,-19.16607561
184.07169848,-6.32212805,-19.17481829
184.16634849,-6.35502580,-19.18298581
184.26097179,-6.38795237,-19.19054770
184.35557709,-6.42088023,-19.19747425
184.45017356,-6.45378072,-19.20373604
184.54476438,-6.48664239,-19.20930451
184.63932724,-6.51952722,-19.21415213
184.73385778,-6.55244558,-19.21825146
184.82835592,-6.58539560,-19.22157758
184.92283451,-6.61833842,-19.22410575
185.01729344,-6.65127246,-19.22581229
185.11171934,-6.68423427,-19.22667480
185.20611138,-6.71722452,-19.22667179
185.30047317,-6.75023124,-19.22578283
185.39482284,-6.78320092,-19.22398902
185.48916722,-6.81611247,-19.22127327
185.58349612,-6.84899381,-19.21761877
185.67779927,-6.88187325,-19.21300982
185.77206730,-6.91477657,-19.20743283
185.86629276,-6.94772424,-19.20087597
185.96045248,-6.98078196,-19.19332786
186.05454102,-7.01396471,-19.18477885
186.14856144,-7.04726327,-19.17522083
186.24252671,-7.08064010,-19.16464713
186.33646092,-7.11402576,-19.15305411
186.43037209,-7.14739714,-19.14043877
186.52425995,-7.18075501,-19.12679993
186.61813101,-7.21408081,-19.11213866
186.71199221,-7.24735480,-19.09645804
186.80585093,-7.28055602,-19.07976376
186.89972659,-7.31362859,-19.06206189
186.99361875,-7.34657439,-19.04336123
187.08752427,-7.37940322,-19.02367277
187.18143786,-7.41213131,-19.00300914
187.27535288,-7.44477888,-18.98138468
187.36926241,-7.47736731,-18.95881590
187.46316038,-7.50991556,-18.93532217
187.55704301,-7.54243622,-18.91092311
187.65091042,-7.57493073,-18.88564064
187.74476847,-7.60738395,-18.85949910
187.83863089,-7.63975786,-18.83252339
187.93249236,-7.67207000,-18.80474066
188.02635418,-7.70431873,-18.77617924
188.12021761,-7.73650266,-18.74686749
188.21408393,-7.76862036,-18.71683640
188.30795443,-7.80067050,-18.68611896
188.40183040,-7.83265186,-18.65474794
188.49571311,-7.86456332,-18.62275656
188.58960385,-7.89640381,-18.59018011
188.68350387,-7.92817241,-18.55705613
188.77741447,-7.95986817,-18.52342188
188.87133689,-7.99149037,-18.48931489
188.96527240,-8.02303828,-18.45477421
189.05922221,-8.05451133,-18.41983978
189.15318754,-8.08590903,-18.38455306
189.24716959,-8.11723093,-18.34895409
189.34116955,-8.14847669,-18.31308325
189.43518857,-8.17964612,-18.27698341
189.52922779,-8.21073901,-18.24069638
189.62328833,-8.24175539,-18.20426492
189.71737130,-8.27269518,-18.16773204
189.81147775,-8.30355860,-18.13113990
189.90560873,-8.33434586,-18.09453234
189.99976525,-8.36505731,-18.05795349
190.09394830,-8.39569337,-18.02144652
190.18815884,-8.42625453,-17.98505453
190.28239776,-8.45674152,-17.94882125
190.37666592,-8.48715506,-17.91279019
190.47096417,-8.51749591,-17.87700269
190.56529325,-8.54776514,-17.84150047
190.65965391,-8.57796371,-17.80632519
190.75404679,-8.60809285,-17.77151682
190.84847253,-8.63815375,-17.73711506
190.94293170,-8.66814777,-17.70315851
191.03742484,-8.69807628,-17.66968489
191.13195241,-8.72794083,-17.63673090
191.22651480,-8.75774303,-17.60433225
191.32111240,-8.78748445,-17.57252334
191.41574552,-8.81716679,-17.54133575
191.51041436,-8.84679197,-17.51080082
191.60511916,-8.87636175,-17.48094909
191.69986001,-8.90587808,-17.45180896
191.79463701,-8.93534289,-17.42340696
191.88945018,-8.96475822,-17.39576757
191.98429947,-8.99412616,-17.36891436
192.07918479,-9.02344877,-17.34286880
192.17411201,-9.05270875,-17.31765152
192.26906960,-9.08194487,-17.29328057
192.36405305,-9.11117309,-17.26977121
192.45906300,-9.14039266,-17.24713864
192.55410359,-9.16959122,-17.22539609
192.64918098,-9.19874983,-17.20455416
192.74430209,-9.22784677,-17.18462169
192.83947353,-9.25686128,-17.16560552
192.93470066,-9.28577626,-17.14751218
193.02998696,-9.31458070,-17.13034580
193.12533338,-9.34327157,-17.11410840
193.22072277,-9.37190423,-17.09880032
193.31614882,-9.40049908,-17.08442043
193.41160554,-9.42907535,-17.07096641
193.50708730,-9.45765105,-17.05843321
193.60259388,-9.48622646,-17.04681465
193.69811921,-9.51482074,-17.03610311
193.79364159,-9.54350428,-17.02628952
193.88914896,-9.57231562,-17.01736342
193.98463793,-9.60126506,-17.00931205
194.08011247,-9.63033841,-17.00212179
194.17559235,-9.65946976,-16.99577661
194.27108332,-9.68863886,-16.99026008
194.36659279,-9.71781983,-16.98555359
194.46212899,-9.74698406,-16.98163691
194.55770004,-9.77610307,-16.97849007
194.65330017,-9.80519372,-16.97609021
194.74891193,-9.83431106,-16.97441451
194.84453110,-9.86346677,-16.97343951
194.94015728,-9.89265988,-16.97314034
195.03579495,-9.92187351,-16.97349145
195.13145435,-9.95107175,-16.97446621
195.22712802,-9.98027668,-16.97603869
195.32281496,-10.00948907,-16.97818175
195.41851422,-10.03870963,-16.98086817
195.51422484,-10.06793906,-16.98407056
195.60994587,-10.09717797,-16.98776010
195.70567638,-10.12642695,-16.99191030
195.80141545,-10.15568653,-16.99649437
195.89716217,-10.18495722,-17.00148390
195.99291568,-10.21423946,-17.00685135
196.08867511,-10.24353365,-17.01257044
196.18443962,-10.27284015,-17.01861465
196.28020838,-10.30215929,-17.02495700
196.37598062,-10.33149136,-17.03157200
196.47175556,-10.36083658,-17.03843412
196.56753247,-10.39019517,-17.04551842
196.66331064,-10.41956729,-17.05280221
196.75908941,-10.44895309,-17.06026173
196.85486815,-10.47835267,-17.06787462
196.95064623,-10.50776612,-17.07562013
197.04642310,-10.53719346,-17.08347798
197.14219821,-10.56663474,-17.09142860
197.23797107,-10.59608995,-17.09945259
197.33374120,-10.62555905,-17.10753398
197.42950818,-10.65504202,-17.11565607
197.52527162,-10.68453880,-17.12380399
197.62103118,-10.71404930,-17.13196469
197.71678654,-10.74357346,-17.14012515
197.81253744,-10.77311116,-17.14827518
197.90828363,-10.80266232,-17.15640452
198.00402491,-10.83222681,-17.16450486
198.09976111,-10.86180454,-17.17256840
198.19549211,-10.89139537,-17.18058875
198.29121781,-10.92099921,-17.18856209
198.38693813,-10.95061594,-17.19648460
198.48265307,-10.98024545,-17.20435413
198.57836262,-11.00988766,-17.21216959
198.67406684,-11.03954247,-17.21993200
198.76976578,-11.06920981,-17.22764311
198.86545956,-11.09888961,-17.23530613
198.96114832,-11.12858185,-17.24292650
199.05683223,-11.15828651,-17.25050872
199.15251149,-11.18800356,-17.25806052
199.24818631,-11.21773304,-17.26559147
199.34385695,-11.24747500,-17.27311050
199.43952366,-11.27722950,-17.28062766
199.53518672,-11.30699663,-17.28815406
199.63084641,-11.33677651,-17.29570207
199.72650302,-11.36656928,-17.30328387
199.82215687,-11.39637511,-17.31091245
199.91780826,-11.42619420,-17.31860135
200.01345751,-11.45602676,-17.32636443
200.10910495,-11.48587306,-17.33421734
200.20475724,-11.51571314,-17.34217551
200.30040347,-11.54558324,-17.35025409
200.39603890,-11.57549986,-17.35846915
200.49166371,-11.60546372,-17.36683638
200.58728188,-11.63546358,-17.37537225
200.68291289,-11.66543862,-17.38409264
200.77855469,-11.69539683,-17.39301289
200.87419910,-11.72536558,-17.40214849
200.96983827,-11.75537118,-17.41151497
201.06546546,-11.78543622,-17.42112709
201.16107587,-11.81557716,-17.43099871
201.25665122,-11.84585334,-17.44114316
201.35218941,-11.87627238,-17.45157247
201.44769560,-11.90681867,-17.46229883
201.54318306,-11.93745076,-17.47333374
201.63867381,-11.96809925,-17.48468724
201.73416639,-11.99876964,-17.49636887
201.82966307,-12.02945540,-17.50838656
201.92516846,-12.06014260,-17.52074771
202.02068721,-12.09081699,-17.53345923
202.11622415,-12.12146385,-17.54652700
202.21179451,-12.15203569,-17.55995503
202.30739513,-12.18254282,-17.57374652
202.40302061,-12.21300267,-17.58790478
202.49866394,-12.24343750,-17.60243049
202.59431737,-12.27387186,-17.61732431
202.68997319,-12.30433001,-17.63258561
202.78562486,-12.33483239,-17.64821158
202.88126814,-12.36539201,-17.66419971
202.97690238,-12.39601047,-17.68054606
203.07253202,-12.42667321,-17.69724481
203.16816820,-12.45734459,-17.71428881
203.26380449,-12.48804410,-17.73167032
203.35944060,-12.51877184,-17.74938032
203.45507623,-12.54952786,-17.76740724
203.55071106,-12.58031209,-17.78574063
203.64634472,-12.61112464,-17.80436798
203.74197685,-12.64196544,-17.82327466
203.83760705,-12.67283445,-17.84244715
203.93323487,-12.70373171,-17.86186936
204.02885988,-12.73465714,-17.88152388
204.12448163,-12.76561064,-17.90139375
204.22009963,-12.79659216,-17.92146087
204.31571341,-12.82760157,-17.94170640
204.41132245,-12.85863879,-17.96211031
204.50692626,-12.88970363,-17.98265290
204.60252429,-12.92079604,-18.00331341
204.69811603,-12.95191577,-18.02407002
204.79370093,-12.98306268,-18.04490171
204.88927843,-13.01423663,-18.06578583
204.98484799,-13.04543735,-18.08669903
205.08040909,-13.07666459,-18.10761948
205.17596115,-13.10791815,-18.12852433
205.27150364,-13.13919777,-18.14939068
205.36703600,-13.17050323,-18.17019596
205.46255773,-13.20183418,-18.19091675
205.55806827,-13.23319042,-18.21153045
205.65356711,-13.26457159,-18.23201485
205.74905373,-13.29597742,-18.25234766
205.84452765,-13.32740756,-18.27250625
205.93998838,-13.35886168,-18.29246905
206.03543548,-13.39033934,-18.31221562
206.13086848,-13.42184026,-18.33172518
206.22628698,-13.45336396,-18.35097756
206.32169054,-13.48491014,-18.36995267
206.41707880,-13.51647826,-18.38863153
206.51245140,-13.54806793,-18.40699607
206.60781444,-13.57965939,-18.42502814
206.70315567,-13.61128786,-18.44271019
206.79847002,-13.64296703,-18.46002588
206.89375785,-13.67469445,-18.47695930
206.98902340,-13.70645618,-18.49349519
207.08427327,-13.73823133,-18.50961908
207.17951525,-13.76999551,-18.52531710
207.27475711,-13.80172450,-18.54057585
207.37000576,-13.83339683,-18.55538318
207.46526628,-13.86499646,-18.56972804
207.56054136,-13.89651463,-18.58359955
207.65581440,-13.92800020,-18.59698787
207.75107990,-13.95946887,-18.60988476
207.84633253,-13.99093581,-18.62228248
207.94156721,-14.02241551,-18.63417396
208.03678225,-14.05391248,-18.64555303
208.13197727,-14.08542741,-18.65641558
208.22712888,-14.11702899,-18.66675826
208.32222344,-14.14875710,-18.67657682
208.41725630,-14.18062517,-18.68586979
208.51223079,-14.21262306,-18.69463586
208.60716758,-14.24468951,-18.70287412
208.70207283,-14.27680627,-18.71058512
208.79695470,-14.30894917,-18.71776947
208.89182259,-14.34109053,-18.72442840
208.98668613,-14.37320208,-18.73056457
209.08154616,-14.40528158,-18.73618143
209.17638314,-14.43738710,-18.74128281
209.27119363,-14.46952912,-18.74587320
209.36597834,-14.50170597,-18.74995787
209.46074328,-14.53390043,-18.75354321
209.55550102,-14.56607596,-18.75663653
209.65024513,-14.59825212,-18.75924514
209.74497607,-14.63042817,-18.76137602
209.83969431,-14.66260340,-18.76303776
209.93440030,-14.69477710,-18.76423869
210.02909451,-14.72694860,-18.76498646
210.12377741,-14.75911722,-18.76529011
210.21844947,-14.79128230,-18.76515935
210.31311115,-14.82344323,-18.76460239
210.40776292,-14.85559937,-18.76362846
210.50240524,-14.88775013,-18.76224817
210.59703858,-14.91989493,-18.76047032
210.69166341,-14.95203320,-18.75830444
210.78628020,-14.98416440,-18.75576185
210.88088942,-15.01628800,-18.75285248
210.97549154,-15.04840350,-18.74958715
211.07008704,-15.08051042,-18.74597811
211.16467639,-15.11260829,-18.74203648
211.25926006,-15.14469668,-18.73777337
211.35383853,-15.17677517,-18.73320121
211.44841226,-15.20884336,-18.72833228
211.54298172,-15.24090087,-18.72317779
211.63754736,-15.27294735,-18.71775052
211.73210964,-15.30498246,-18.71206302
211.82666899,-15.33700587,-18.70612674
211.92122583,-15.36901730,-18.69995347
212.01578059,-15.40101645,-18.69355526
212.11033366,-15.43300306,-18.68694239
212.20488543,-15.46497687,-18.68012606
212.29943625,-15.49693766,-18.67311738
212.39398651,-15.52888518,-18.66592575
212.48853652,-15.56081925,-18.65856089
212.58308661,-15.59273964,-18.65103243
212.67763709,-15.62464618,-18.64334937
212.77218825,-15.65653869,-18.63551945
212.86674036,-15.68841700,-18.62755067
212.96129368,-15.72028095,-18.61945109
213.05584847,-15.75213039,-18.61122702
213.15040495,-15.78396517,-18.60288609
213.24496335,-15.81578518,-18.59443482
213.33952387,-15.84759028,-18.58587846
213.43408672,-15.87938034,-18.57722350
213.52865209,-15.91115527,-18.56847537
213.62322014,-15.94291494,-18.55963895
213.71779103,-15.97465926,-18.55071865
213.81236493,-16.00638814,-18.54171904
213.90694197,-16.03810146,-18.53264452
214.00152227,-16.06979916,-18.52349816
214.09610597,-16.10148113,-18.51428392
214.19069317,-16.13314730,-18.50500489
214.28528398,-16.16479758,-18.49566288
214.37987849,-16.19643190,-18.48626180
214.47447678,-16.22805017,-18.47680355
214.56907893,-16.25965232,-18.46728916
214.66368500,-16.29123827,-18.45772064
214.75829505,-16.32280793,-18.44809892
214.85290912,-16.35436123,-18.43842510
214.94752723,-16.38589808,-18.42869911
215.04214942,-16.41741840,-18.41892107
215.13677571,-16.44892209,-18.40909025
215.23140609,-16.48040906,-18.39920527
215.32604058,-16.51187922,-18.38926648
215.42067916,-16.54333245,-18.37927231
215.51532182,-16.57476866,-18.36922050
215.60997517,-16.60616766,-18.35910925
215.70462728,-16.63756535,-18.34893593
215.79927289,-16.66897732,-18.33869772
215.89391208,-16.70040321,-18.32839266
215.98854880,-16.73183074,-18.31801767
216.08320438,-16.76319507,-18.30756788
216.17787332,-16.79451254,-18.29703993
216.27254691,-16.82580916,-18.28643151
216.36721697,-16.85710944,-18.27573847
216.46187672,-16.88843368,-18.26495521
216.55652148,-16.91979574,-18.25407748
216.65113264,-16.95125169,-18.24310140
216.74570888,-16.98280522,-18.23202216
216.84025653,-17.01443694,-18.22083560
216.93479026,-17.04610216,-18.20953741
217.02933356,-17.07772929,-18.19812215
217.12388195,-17.10933153,-18.18658617
217.21843886,-17.14089804,-18.17492670
217.31300885,-17.17241455,-18.16313885
217.40759651,-17.20386667,-18.15121784
217.50220647,-17.23523990,-18.13916106
217.59685394,-17.26648724,-18.12696559
217.69153498,-17.29762026,-18.11462729
217.78624348,-17.32865730,-18.10214343
217.88097187,-17.35962122,-18.08951245
217.97571196,-17.39053679,-18.07673118
218.07045581,-17.42142807,-18.06379808
218.16519690,-17.45231490,-18.05071278
218.25993125,-17.48320940,-18.03747333
218.35465867,-17.51411209,-18.02407869
218.44938423,-17.54500748,-18.01052945
218.54411976,-17.57585927,-17.99682582
218.63885893,-17.60668685,-17.98296722
218.73360186,-17.63748989,-17.96895470
218.82834870,-17.66826802,-17.95478983
218.92309961,-17.69902076,-17.94047311
219.01785474,-17.72974784,-17.92600563
219.11261425,-17.76044881,-17.91139017
219.20737836,-17.79112326,-17.89662880
219.30214724,-17.82177084,-17.88172421
219.39692113,-17.85239109,-17.86668061
219.49170026,-17.88298362,-17.85150170
219.58648487,-17.91354805,-17.83619155
219.68127522,-17.94408397,-17.82075563
219.77607158,-17.97459106,-17.80520046
219.87087424,-18.00506889,-17.78953212
219.96568347,-18.03551724,-17.77375675
220.06049955,-18.06593579,-17.75788272
220.15532278,-18.09632427,-17.74191832
220.25015344,-18.12668251,-17.72587165
220.34499181,-18.15701030,-17.70975074
220.43983816,-18.18730754,-17.69356435
220.53469275,-18.21757414,-17.67732232
220.62955585,-18.24780999,-17.66103299
220.72442771,-18.27801514,-17.64470604
220.81930858,-18.30818949,-17.62835111
220.91419870,-18.33833314,-17.61197704
221.00909827,-18.36844614,-17.59559338
221.10400754,-18.39852851,-17.57920944
221.19892673,-18.42858035,-17.56283432
221.29385602,-18.45860179,-17.54647677
221.38879564,-18.48859292,-17.53014657
221.48374578,-18.51855389,-17.51385370
221.57870664,-18.54848481,-17.49760606
221.67367840,-18.57838589,-17.48141325
221.76866128,-18.60825718,-17.46528488
221.86365545,-18.63809894,-17.44922939
221.95866108,-18.66791134,-17.43325654
222.05367838,-18.69769455,-17.41737534
222.14870751,-18.72744882,-17.40159490
222.24374862,-18.75717439,-17.38592521
222.33880190,-18.78687154,-17.37037530
222.43386750,-18.81654055,-17.35495438
222.52894557,-18.84618167,-17.33967218
222.62403623,-18.87579535,-17.32453800
222.71913963,-18.90538185,-17.30956034
222.81426200,-18.93492186,-17.29474809
222.90939221,-18.96445194,-17.28011095
223.00452574,-18.99398751,-17.26565669
223.09966304,-19.02352779,-17.25139352
223.19480821,-19.05306029,-17.23732993
223.28996767,-19.08256491,-17.22347291
223.38514899,-19.11201780,-17.20983015
223.48035991,-19.14139446,-17.19640861
223.57560739,-19.17067288,-17.18321441
223.67089685,-19.19983587,-17.17025382
223.76623151,-19.22887340,-17.15753213
223.86159635,-19.25783422,-17.14505466
223.95698657,-19.28673416,-17.13282638
224.05239746,-19.31558881,-17.12085103
224.14782442,-19.34441342,-17.10913287
224.24326459,-19.37321756,-17.09767557
224.33872047,-19.40199333,-17.08648169
224.43416994,-19.43081310,-17.07555438
224.52959951,-19.45972125,-17.06489621
224.62500365,-19.48873618,-17.05450929
224.72038404,-19.51785267,-17.04439520
224.81575851,-19.54701277,-17.03455530
224.91113166,-19.57620161,-17.02499128
225.00651005,-19.60539793,-17.01570289
225.10190146,-19.63457641,-17.00669049
225.19731401,-19.66371053,-16.99795330
225.29275109,-19.69278907,-16.98949001
225.38819298,-19.72187618,-16.98129945
225.48363584,-19.75098423,-16.97337841
225.57907950,-19.78011355,-16.96572404
225.67452869,-19.80924834,-16.95833297
225.76999430,-19.83835260,-16.95120068
225.86546984,-19.86744713,-16.94432300
225.96095504,-19.89653230,-16.93769436
226.05644963,-19.92560849,-16.93130838
226.15195335,-19.95467605,-16.92515922
226.24746590,-19.98373531,-16.91924066
226.34298700,-20.01278659,-16.91354587
226.43851634,-20.04183021,-16.90806744
226.53405364,-20.07086646,-16.90279710
226.62959857,-20.09989562,-16.89772656
226.72515080,-20.12891794,-16.89284793
226.82071002,-20.15793366,-16.88815115
226.91627588,-20.18694300,-16.88362608
227.01184803,-20.21594617,-16.87926208
227.10742612,-20.24494332,-16.87504791
227.20300977,-20.27393462,-16.87097249
227.29859861,-20.30292019,-16.86702341
227.39419224,-20.33190012,-16.86318689
227.48979026,-20.36087450,-16.85944881
227.58539227,-20.38984335,-16.85579471
227.68099782,-20.41880669,-16.85220970
227.77660651,-20.44776451,-16.84867754
227.87221788,-20.47671674,-16.84518192
227.96783152,-20.50566332,-16.84170570
228.06344698,-20.53460413,-16.83823153
228.15906383,-20.56353903,-16.83474275
228.25468165,-20.59246783,-16.83122152
228.35030000,-20.62139035,-16.82764993
228.44591847,-20.65030635,-16.82401010
228.54153665,-20.67921556,-16.82028360
228.63715413,-20.70811768,-16.81645273
228.73277053,-20.73701239,-16.81249969
228.82838544,-20.76589934,-16.80840640
228.92399850,-20.79477814,-16.80415443
229.01960932,-20.82364837,-16.79972568
229.11521754,-20.85250957,-16.79510162
229.21082280,-20.88136128,-16.79026334
229.30642471,-20.91020297,-16.78519206
229.40202910,-20.93901362,-16.77986879
229.49762477,-20.96782866,-16.77427465
229.59320638,-20.99666412,-16.76838973
229.68877332,-21.02552022,-16.76219455
229.78432866,-21.05438510,-16.75567047
229.87988951,-21.08319993,-16.74879752
229.97545589,-21.11196294,-16.74155693
230.07101919,-21.14070104,-16.73392934
230.16657104,-21.16944046,-16.72589554
230.26210407,-21.19820411,-16.71743802
230.35761271,-21.22700901,-16.70853902
230.45307832,-21.25591577,-16.69918206
230.54849773,-21.28493360,-16.68934996
230.64387484,-21.31404826,-16.67902742
230.73922155,-21.34321897,-16.66820055
230.83455849,-21.37237593,-16.65685553
230.92988659,-21.40151486,-16.64498021
231.02520699,-21.43063092,-16.63256303
231.12052420,-21.45970809,-16.61959324
231.21584294,-21.48872972,-16.60606160
231.31116814,-21.51767846,-16.59196031
231.40651468,-21.54650343,-16.57728327
231.50188029,-21.57521160,-16.56202460
231.59726059,-21.60381721,-16.54618012
231.69264966,-21.63233975,-16.52974697
231.78804076,-21.66080160,-16.51272335
231.88342723,-21.68922509,-16.49510882
231.97880340,-21.71762928,-16.47690437
232.07416583,-21.74602603,-16.45811204
232.16951444,-21.77441586,-16.43873452
232.26485406,-21.80278301,-16.41877737
232.36019593,-21.83109004,-16.39824713
232.45553494,-21.85935490,-16.37715170
232.55087178,-21.88757608,-16.35550069
232.64620716,-21.91575213,-16.33330506
232.74154187,-21.94388154,-16.31057843
232.83687672,-21.97196290,-16.28733607
232.93221257,-21.99999473,-16.26359523
233.02755034,-22.02797561,-16.23937483
233.12289097,-22.05590421,-16.21469528
233.21823542,-22.08377922,-16.18957989
233.31358471,-22.11159937,-16.16405364
233.40893991,-22.13936344,-16.13814374
233.50430209,-22.16707036,-16.11187905
233.59967235,-22.19471908,-16.08529081
233.69505185,-22.22230862,-16.05841202
233.79044173,-22.24983813,-16.03127741
233.88584316,-22.27730683,-16.00392368
233.98125734,-22.30471403,-15.97638826
234.07668546,-22.33205918,-15.94871106
234.17212873,-22.35934181,-15.92093297
234.26758839,-22.38656152,-15.89309700
234.36306566,-22.41371804,-15.86524712
234.45856179,-22.44081122,-15.83742886
234.55407803,-22.46784094,-15.80968974
234.64961566,-22.49480716,-15.78207711
234.74517595,-22.52171001,-15.75464026
234.84076017,-22.54854964,-15.72743011
234.93636962,-22.57532637,-15.70049838
235.03200557,-22.60204057,-15.67389820
235.12766934,-22.62869276,-15.64768426
235.22336774,-22.65526370,-15.62191216
235.31909137,-22.68179259,-15.59663814
235.41483777,-22.70829397,-15.57192117
235.51060947,-22.73476437,-15.54782021
235.60641226,-22.76118868,-15.52439381
235.70225367,-22.78754542,-15.50170193
235.79814176,-22.81381125,-15.47980538
235.89408398,-22.83996494,-15.45876494
235.99008632,-22.86599052,-15.43864073
236.08615263,-22.89187979,-15.41949272
236.18228410,-22.91763422,-15.40138125
236.27846494,-22.94331646,-15.38436660
236.37468975,-22.96895206,-15.36850792
236.47095350,-22.99456521,-15.35386435
236.56725791,-23.02015555,-15.34049443
236.66358813,-23.04578319,-15.32845507
236.75993452,-23.07148935,-15.31780409
236.85629308,-23.09729452,-15.30859778
236.95266934,-23.12318423,-15.30089086
237.04905661,-23.14918864,-15.29473863
237.14545304,-23.17532015,-15.29019552
237.24186979,-23.20154326,-15.28731361
237.33830401,-23.22787366,-15.28614408
237.43475451,-23.25432075,-15.28673935
237.53122174,-23.28088762,-15.28914848
237.62769175,-23.30762973,-15.29341773
237.72416341,-23.33455544,-15.29959472
237.82064069,-23.36165411,-15.30772254
237.91713138,-23.38890072,-15.31784190
238.01363241,-23.41630958,-15.32999279
238.11015284,-23.44385042,-15.34420930
238.20670753,-23.47147132,-15.36052365
238.30329526,-23.49917893,-15.37896567
238.39992166,-23.52695452,-15.39956197
238.49659297,-23.55477690,-15.42233410
238.59332646,-23.58258508,-15.44730068
238.69012282,-23.61037761,-15.47447837
238.78697991,-23.63816279,-15.50387677
238.88389325,-23.66595705,-15.53550349
238.98085648,-23.69378318,-15.56936320
239.07786227,-23.72166701,-15.60545397
239.17490333,-23.74963373,-15.64377222
239.27197377,-23.77770307,-15.68430939
239.36907076,-23.80588324,-15.72705333
239.46619637,-23.83416436,-15.77198809
239.56336003,-23.86250999,-15.81909324
239.66055491,-23.89094168,-15.86834548
239.75777947,-23.91946154,-15.91971589
239.85503218,-23.94807139,-15.97317333
239.95231132,-23.97677324,-16.02868197
240.04961516,-24.00556881,-16.08620180
240.14694188,-24.03445980,-16.14568919
240.24428957,-24.06344784,-16.20709528
240.34165627,-24.09253438,-16.27036900
240.43903993,-24.12172084,-16.33545400
240.53643846,-24.15100841,-16.40228950
240.63384967,-24.18039834,-16.47081222
240.73127134,-24.20989161,-16.54095385
240.82870116,-24.23948916,-16.61264253
240.92613679,-24.26919187,-16.68580281
241.02357580,-24.29900045,-16.76035594
241.12101572,-24.32891562,-16.83621966
241.21845403,-24.35893793,-16.91330816
241.31588819,-24.38906782,-16.99153270
241.41331555,-24.41930580,-17.07080191
241.51073354,-24.44965206,-17.15102292
241.60813946,-24.48010694,-17.23209967
241.70553069,-24.51067053,-17.31393506
241.80290456,-24.54134286,-17.39643062
241.90025842,-24.57212392,-17.47948681
241.99758963,-24.60301354,-17.56300378
242.09489553,-24.63401155,-17.64687987
242.19217353,-24.66511757,-17.73101277
242.28942106,-24.69633114,-17.81530117
242.38663555,-24.72765175,-17.89964317
242.48381453,-24.75907866,-17.98393723
242.58095551,-24.79061124,-18.06808168
242.67805609,-24.82224855,-18.15197567
242.77511391,-24.85398971,-18.23552072
242.87212665,-24.88583374,-18.31861859
242.96909203,-24.91777965,-18.40117308
243.06600786,-24.94982640,-18.48308920
243.16287199,-24.98197291,-18.56427426
243.25968236,-25.01421810,-18.64463956
243.35643694,-25.04656092,-18.72409803
243.45313383,-25.07900028,-18.80256710
243.54977117,-25.11153527,-18.87996808
243.64634725,-25.14416479,-18.95622546
243.74286043,-25.17688797,-19.03127080
243.83930915,-25.20970401,-19.10503963
243.93569200,-25.24261211,-19.17747281
244.03200770,-25.27561155,-19.24851775
244.12825509,-25.30870171,-19.31812795
244.22443311,-25.34188213,-19.38626314
244.32054090,-25.37515234,-19.45289022
244.41657775,-25.40851193,-19.51798374
244.51254305,-25.44196077,-19.58152443
244.60843642,-25.47549862,-19.64350102
244.70425763,-25.50912545,-19.70391112
244.80000656,-25.54284143,-19.76275866
244.89568331,-25.57664671,-19.82005512
244.99128813,-25.61054169,-19.87582173
245.08682143,-25.64452689,-19.93008713
245.18228374,-25.67860304,-19.98288585
245.27767583,-25.71277093,-20.03426211
245.37299857,-25.74703164,-20.08426928
245.46825299,-25.78138644,-20.13296749
245.56344031,-25.81583673,-20.18042545
245.65856190,-25.85038417,-20.22672098
245.75361928,-25.88503066,-20.27193994
245.84861413,-25.91977827,-20.31617653
245.94354830,-25.95462925,-20.35953356
246.03842375,-25.98958620,-20.40212182
246.13324261,-26.02465185,-20.44405966
246.22800718,-26.05982905,-20.48547349
246.32271987,-26.09512093,-20.52649804
246.41738323,-26.13053081,-20.56727436
246.51199996,-26.16606207,-20.60795036
246.60657285,-26.20171836,-20.64868109
246.70110483,-26.23750341,-20.68962821
246.79559891,-26.27342113,-20.73095816
246.89005816,-26.30947559,-20.77284356
246.98448573,-26.34567101,-20.81546174
247.07888482,-26.38201171,-20.85899311
247.17325861,-26.41850219,-20.90362208
247.26761036,-26.45514700,-20.94953668
247.36194322,-26.49195100,-20.99692726
247.45626041,-26.52891899,-21.04598626
247.55056505,-26.56605601,-21.09690771
247.64486022,-26.60336725,-21.14988730
247.73914890,-26.64085798,-21.20512230
247.83343399,-26.67853365,-21.26280942
247.92771825,-26.71639986,-21.32314483
248.02200431,-26.75446230,-21.38632469
248.11629466,-26.79272680,-21.45254364
248.21059164,-26.83119927,-21.52199528
248.30489734,-26.86988583,-21.59487022
248.39921373,-26.90879260,-21.67135626
248.49354252,-26.94792586,-21.75163933
248.58788523,-26.98729195,-21.83590002
248.68224311,-27.02689730,-21.92431633
248.77661714,-27.06674851,-22.01706070
248.87100809,-27.10685211,-22.11430076
248.96541642,-27.14721479,-22.21619902
249.05984231,-27.18784324,-22.32291096
249.15428564,-27.22874422,-22.43458675
249.24874598,-27.26992455,-22.55136853
249.34322260,-27.31139099,-22.67339089
249.43771443,-27.35315040,-22.80078100
249.53222004,-27.39520966,-22.93365683
249.62673772,-27.43757558,-23.07212837
249.72126532,-27.48025513,-23.21629521
249.81580043,-27.52325508,-23.36624800
249.91034020,-27.56658242,-23.52206746
250.00488145,-27.61024402,-23.68382362
250.09942066,-27.65424679,-23.85157688
250.19395390,-27.69859762,-24.02537678
250.28847694,-27.74330342,-24.20526226
250.38298515,-27.78837104,-24.39126225
250.47747357,-27.83380738,-24.58339476
250.57193695,-27.87961915,-24.78166666
250.66636967,-27.92581320,-24.98607460
250.76076585,-27.97239608,-25.19660509
250.85511929,-28.01937439,-25.41323421
250.94942351,-28.06675458,-25.63592610
251.04367179,-28.11454293,-25.86463540
251.13785716,-28.16274557,-26.09930682
251.23197235,-28.21136857,-26.33987392
251.32600991,-28.26041771,-26.58625999
251.41996212,-28.30989873,-26.83837737
251.51382110,-28.35981704,-27.09612907
251.60757873,-28.41017801,-27.35940811
251.70122672,-28.46098670,-27.62809735
251.79475656,-28.51224815,-27.90207221
251.88815965,-28.56396709,-28.18119743
251.98142720,-28.61614808,-28.46533062
252.07455030,-28.66879553,-28.75432360
252.16751989,-28.72191373,-29.04801957
252.26032686,-28.77550669,-29.34625550
252.35296200,-28.82957829,-29.64886330
252.44541606,-28.88413211,-29.95567034
252.53767972,-28.93917165,-30.26649958
252.62974369,-28.99470008,-30.58117036
252.72159867,-29.05072040,-30.89949903
252.81323539,-29.10723531,-31.22129962
252.90464463,-29.16424730,-31.54638529
252.99581722,-29.22175863,-31.87456810
253.08674403,-29.27977131,-32.20565831
253.17741609,-29.33828701,-32.53946633
253.26782447,-29.39730725,-32.87580381
253.35796039,-29.45683318,-33.21448278
253.44781517,-29.51686581,-33.55531689
253.53738030,-29.57740578,-33.89812086
253.62664737,-29.63845358,-34.24271185
253.71560816,-29.70000943,-34.58891195
253.80425456,-29.76207332,-34.93654486
253.89257863,-29.82464508,-35.28543755
253.98057258,-29.88772434,-35.63542241
254.06822882,-29.95131049,-35.98633650
254.15553988,-30.01540283,-36.33802147
254.24249853,-30.08000040,-36.69032452
254.32909764,-30.14510221,-37.04309948
254.41533036,-30.21070701,-37.39620691
254.50118996,-30.27681353,-37.74951467
254.58666994,-30.34342030,-38.10289694
254.67176400,-30.41052581,-38.45623637
254.75646602,-30.47812842,-38.80942364
254.84077010,-30.54622641,-39.16235686
254.92467054,-30.61481799,-39.51494295
255.00816183,-30.68390131,-39.86709636
255.09123869,-30.75347440,-40.21874099
255.17389599,-30.82353536,-40.56980923
255.25612888,-30.89408213,-40.92024179
255.33793260,-30.96511271,-41.26998810
255.41930262,-31.03662511,-41.61900547
255.50023464,-31.10861723,-41.96726216
255.58072447,-31.18108708,-42.31473319
255.66076811,-31.25403264,-42.66140229
255.74036170,-31.32745198,-43.00726271
255.81950156,-31.40134314,-43.35231513
255.89818414,-31.47570426,-43.69656919
255.97640596,-31.55053354,-44.04004161
256.05416376,-31.62582922,-44.38275746
256.13145428,-31.70158966,-44.72474998
256.20827447,-31.77781322,-45.06605826
256.28462134,-31.85449839,-45.40672986
256.36049193,-31.93164378,-45.74681999
256.43588345,-32.00924801,-46.08639027
256.51079306,-32.08730989,-46.42550833
256.58521809,-32.16582824,-46.76424855
256.65915579,-32.24480205,-47.10269103
256.73260351,-32.32423038,-47.44092109
256.80555857,-32.40411238,-47.77902983
256.87801834,-32.48444729,-48.11711184
256.94998020,-32.56523441,-48.45526683
257.02144151,-32.64647313,-48.79359914
257.09239963,-32.72816292,-49.13221643
257.16285191,-32.81030330,-49.47122943
257.23279566,-32.89289384,-49.81075133
257.30222822,-32.97593412,-50.15089857
257.37114681,-33.05942380,-50.49178886
257.43954871,-33.14336249,-50.83354049
257.50743105,-33.22774984,-51.17627159
257.57479096,-33.31258546,-51.52010026
257.64162553,-33.39786893,-51.86514512
257.70793173,-33.48359979,-52.21152162
257.77370640,-33.56977760,-52.55934344
257.83894630,-33.65640185,-52.90872248
257.90364813,-33.74347191,-53.25976686
257.96780841,-33.83098716,-53.61258197
258.03142347,-33.91894695,-53.96726868
258.09448959,-34.00735047,-54.32392379
258.15700288,-34.09619689,-54.68263977
258.21895931,-34.18548524,-55.04350368
258.28035475,-34.27521446,-55.40659806
258.34118486,-34.36538339,-55.77200011
258.40144524,-34.45599073,-56.13978030
258.46113136,-34.54703503,-56.51000218
258.52023862,-34.63851463,-56.88272412
258.57876224,-34.73042778,-57.25799758
258.63669740,-34.82277251,-57.63586498
258.69403919,-34.91554663,-58.01636177
258.75078262,-35.00874779,-58.39951654
258.80692255,-35.10237342,-58.78534758
258.86245382,-35.19642075,-59.17386593
258.91737112,-35.29088682,-59.56507487
258.97166904,-35.38576847,-59.95896637
259.02534216,-35.48106230,-60.35552456
259.07838493,-35.57676472,-60.75472677
259.13079173,-35.67287196,-61.15654023
259.18255695,-35.76938001,-61.56092391
259.23367491,-35.86628468,-61.96782963
259.28413996,-35.96358156,-62.37720190
259.33394634,-36.06126607,-62.78897754
259.38308849,-36.15933336,-63.20308553
259.43156076,-36.25777841,-63.61944852
259.47935762,-36.35659597,-64.03798086
259.52647374,-36.45578049,-64.45859063
259.57290385,-36.55532624,-64.88117873
259.61864287,-36.65522724,-65.30563863
259.66368592,-36.75547723,-65.73185868
259.70802829,-36.85606976,-66.15971952
259.75166555,-36.95699811,-66.58909589
259.79459333,-37.05825536,-67.01985583
259.83680771,-37.15983430,-67.45185979
259.87830483,-37.26172753,-67.88496343
259.91908118,-37.36392744,-68.31901517
259.95913351,-37.46642616,-68.75385737
259.99845885,-37.56921565,-69.18932723
260.03705448,-37.67228768,-69.62525730
260.07491807,-37.77563379,-70.06147526
260.11204740,-37.87924545,-70.49780372
260.14844074,-37.98311388,-70.93406213
260.18409649,-38.08723022,-71.37006457
260.21901354,-38.19158542,-71.80562334
260.25319097,-38.29617034,-72.24054825
260.28662827,-38.40097571,-72.67464512
260.31932531,-38.50599217,-73.10771849
260.35128228,-38.61121025,-73.53957238
260.38249982,-38.71662039,-73.97000912
260.41297888,-38.82221299,-74.39883070
260.44272079,-38.92797841,-74.82583908
260.47172730,-39.03390691,-75.25083589
260.50000050,-39.13998879,-75.67362366
260.52754296,-39.24621428,-76.09400564
260.55435747,-39.35257361,-76.51178643
260.58044732,-39.45905704,-76.92677155
260.60581614,-39.56565485,-77.33876893
260.63046793,-39.67235733,-77.74758892
260.65440699,-39.77915488,-78.15304510
260.67763806,-39.88603793,-78.55495534
260.70016606,-39.99299704,-78.95314042
260.72199641,-40.10002283,-79.34742554
260.74313471,-40.20710607,-79.73764130
260.76358695,-40.31423765,-80.12362277
260.78335934,-40.42140860,-80.50521130
260.80245846,-40.52861013,-80.88225340
260.82089107,-40.63583358,-81.25460217
260.83866425,-40.74307052,-81.62211745
260.85578530,-40.85031269,-81.98466569
260.87226177,-40.95755202,-82.34212107
260.88810131,-41.06478072,-82.69436412
260.90331192,-41.17199117,-83.04128395
260.91790163,-41.27917604,-83.38277803
260.93187870,-41.38632823,-83.71875200
260.94525148,-41.49344094,-84.04912027
260.95802848,-41.60050763,-84.37380637
260.97021824,-41.70752203,-84.69274236
260.98182950,-41.81447818,-85.00586958
260.99287097,-41.92137044,-85.31313860
261.00335147,-42.02819344,-85.61451007
261.01327989,-42.13494215,-85.90995400
261.02266520,-42.24161185,-86.19944949
261.03151637,-42.34819813,-86.48298590
261.03984238,-42.45469693,-86.76056149
261.04765226,-42.56110449,-87.03218361
261.05495504,-42.66741737,-87.29786943
261.06175962,-42.77363245,-87.55764394
261.06807504,-42.87974695,-87.81154120
261.07391012,-42.98575837,-88.05960444
261.07927374,-43.09166455,-88.30188347
261.08417455,-43.19746363,-88.53843680
261.08862128,-43.30315405,-88.76933141
261.09262228,-43.40873458,-88.99464216
261.09618594,-43.51420427,-89.21445061
261.09932038,-43.61956249,-89.42884654
261.10203360,-43.72480889,-89.63792758
261.10433337,-43.82994343,-89.84179740
261.10622736,-43.93496632,-90.04056745
261.10772295,-44.03987810,-90.23435567
261.10882742,-44.14467952,-90.42328603
261.10954775,-44.24937166,-90.60748942
261.10989090,-44.35395580,-90.78710342
261.10986347,-44.45843350,-90.96227010
261.10947197,-44.56280652,-91.13313654
261.10872268,-44.66707686,-91.29985546
261.10762166,-44.77124671,-91.46258270
261.10617480,-44.87531846,-91.62147927
261.10438776,-44.97929469,-91.77670923
261.10226596,-45.08317814,-91.92843992
261.09981454,-45.18697168,-92.07684277
261.09703842,-45.29067836,-92.22208960
261.09394232,-45.39430135,-92.36435588
261.09053060,-45.49784392,-92.50381975
261.08680749,-45.60130946,-92.64066018
261.08277685,-45.70470148,-92.77505824
261.07844246,-45.80802355,-92.90719597
261.07380784,-45.91127936,-93.03725759
261.06887627,-46.01447262,-93.16542765
261.06365098,-46.11760712,-93.29189159
261.05813484,-46.22068666,-93.41683381
261.05233072,-46.32371506,-93.54043617
261.04624135,-46.42669614,-93.66288099
261.03986928,-46.52963367,-93.78434864
261.03321704,-46.63253141,-93.90501568
261.02628692,-46.73539302,-94.02505476
261.01908129,-46.83822211,-94.14463515
261.01160230,-46.94102220,-94.26392234
261.00385193,-47.04379668,-94.38307631
260.99583219,-47.14654881,-94.50225263
260.98754470,-47.24928172,-94.62159987
260.97899124,-47.35199840,-94.74126052
260.97017325,-47.45470164,-94.86137118
260.96109210,-47.55739409,-94.98206101
260.95174898,-47.66007819,-95.10345317
260.94214496,-47.76275622,-95.22566201
260.93228109,-47.86543027,-95.34879582
260.92215812,-47.96810220,-95.47295624
260.91177674,-48.07077371,-95.59823545
260.90113759,-48.17344629,-95.72471973
260.89024104,-48.27612122,-95.85248654
260.87908753,-48.37879957,-95.98160579
260.86767728,-48.48148219,-96.11213909
260.85601059,-48.58416975,-96.24413973
260.84408749,-48.68686268,-96.37765337
260.83190817,-48.78956123,-96.51271637
260.81947272,-48.89226545,-96.64935851
260.80678109,-48.99497515,-96.78760070
260.79383331,-49.09768998,-96.92745461
260.78062940,-49.20040936,-97.06892529
260.76716917,-49.30313253,-97.21200947
260.75345262,-49.40585853,-97.35669470
260.73947957,-49.50858619,-97.50296075
260.72525000,-49.61131419,-97.65078063
260.71076367,-49.71404100,-97.80011854
260.69602060,-49.81676495,-97.95093158
260.68102066,-49.91948422,-98.10317133
260.66576376,-50.02219682,-98.25678119
260.65024992,-50.12490064,-98.41169907
260.63447913,-50.22759344,-98.56785745
260.61845141,-50.33027284,-98.72518187
260.60216691,-50.43293635,-98.88359219
260.58562578,-50.53558139,-99.04300387
260.56882833,-50.63820527,-99.20332726
260.55177479,-50.74080518,-99.36446671
260.53446576,-50.84337831,-99.52632312
260.51690161,-50.94592170,-99.68879411
260.49908300,-51.04843235,-99.85177244
260.48101064,-51.15090724,-100.01514904
260.46268524,-51.25334327,-100.17881126
260.44410773,-51.35573733,-100.34264363
260.42527906,-51.45808627,-100.50653012
260.40620036,-51.56038696,-100.67035236
260.38687278,-51.66263624,-100.83399087
260.36729767,-51.76483098,-100.99732512
260.34747662,-51.86696808,-101.16023538
260.32741108,-51.96904442,-101.32260094
260.30710289,-52.07105696,-101.48430091
260.28655391,-52.17300268,-101.64521612
260.26576613,-52.27487859,-101.80522619
260.24474180,-52.37668180,-101.96421297
260.22348318,-52.47840942,-102.12205946
260.20199271,-52.58005866,-102.27864966
260.18027295,-52.68162678,-102.43386945
260.15832656,-52.78311112,-102.58760614
260.13615632,-52.88450911,-102.73975172
260.11376496,-52.98581821,-102.89019877
260.09115549,-53.08703602,-103.03884261
260.06833081,-53.18816019,-103.18558312
260.04529394,-53.28918851,-103.33032311
260.02204799,-53.39011885,-103.47297012
259.99859605,-53.49094922,-103.61343546
259.97494129,-53.59167773,-103.75163576
259.95108683,-53.69230262,-103.88749256
259.92703589,-53.79282227,-104.02093230
259.90279174,-53.89323521,-104.15188740
259.87835747,-53.99354005,-104.28029510
259.85373648,-54.09373565,-104.40609866
259.82893191,-54.19382091,-104.52924734
259.80394713,-54.29379498,-104.64969584
259.77878541,-54.39365711,-104.76740515
259.75345004,-54.49340674,-104.88234299
259.72794432,-54.59304345,-104.99448336
259.70227145,-54.69256696,-105.10380510
259.67643476,-54.79197720,-105.21029306
259.65043743,-54.89127422,-105.31393939
259.62428260,-54.99045820,-105.41474121
259.59797351,-55.08952952,-105.51270160
259.57151315,-55.18848867,-105.60782932
259.54490470,-55.28733634,-105.70013854
259.51815114,-55.38607335,-105.78965010
259.49125552,-55.48470066,-105.87639021
259.46422077,-55.58321941,-105.96039010
259.43704985,-55.68163086,-106.04168535
259.40974563,-55.77993643,-106.12031743
259.38231108,-55.87813766,-106.19633291
259.35474895,-55.97623620,-106.26978078
259.32706218,-56.07423386,-106.34071514
259.29925349,-56.17213250,-106.40919268
259.27132580,-56.26993417,-106.47527297
259.24328181,-56.36764090,-106.53901921
259.21512430,-56.46525490,-106.60049593
259.18685596,-56.56277838,-106.65977071
259.15847949,-56.66021366,-106.71691327
259.12999749,-56.75756310,-106.77199405
259.10141250,-56.85482908,-106.82508545
259.07272695,-56.95201403,-106.87626064
259.04394337,-57.04912042,-106.92559369
259.01506396,-57.14615068,-106.97315924
258.98609115,-57.24310735,-107.01903261
258.95702703,-57.33999287,-107.06328932
258.92787383,-57.43680978,-107.10600429
258.89863361,-57.53356056,-107.14725354
258.86930842,-57.63024771,-107.18711292
258.83990015,-57.72687367,-107.22565719
258.81041076,-57.82344092,-107.26296048
258.78084202,-57.91995187,-107.29909585
258.75119579,-58.01640894,-107.33413599
258.72147369,-58.11281443,-107.36815197
258.69167759,-58.20917073,-107.40121326
258.66180899,-58.30548005,-107.43338778
258.63186966,-58.40174466,-107.46474122
258.60186115,-58.49796673,-107.49533818
258.57178509,-58.59414838,-107.52524073
258.54164300,-58.69029167,-107.55450900
258.51143645,-58.78639859,-107.58320030
258.48116688,-58.88247104,-107.61136905
258.45083591,-58.97851090,-107.63906736
258.42044484,-59.07451986,-107.66634322
258.38999528,-59.17049965,-107.69324267
258.35948854,-59.26645179,-107.71980846
258.32892609,-59.36237781,-107.74607921
258.29830927,-59.45827910,-107.77209114
258.26763952,-59.55415698,-107.79787684
258.23691811,-59.65001265,-107.82346663
258.20614639,-59.74584725,-107.84888703
258.17532561,-59.84166179,-107.87416045
258.14445713,-59.93745724,-107.89930716
258.11354208,-60.03323441,-107.92434351
258.08258186,-60.12899409,-107.94928303
258.05157758,-60.22473693,-107.97413654
258.02053049,-60.32046349,-107.99890993
257.98944179,-60.41617429,-108.02360704
257.95831270,-60.51186973,-108.04822948
257.92714441,-60.60755014,-108.07277537
257.89593807,-60.70321577,-108.09723992
257.86469484,-60.79886680,-108.12161537
257.83341601,-60.89450339,-108.14589228
257.80210269,-60.99012555,-108.17005810
257.77075622,-61.08573333,-108.19409768
257.73937778,-61.18132663,-108.21799494
257.70796861,-61.27690535,-108.24172945
257.67653012,-61.37246936,-108.26527906
257.64506361,-61.46801843,-108.28862024
257.61357044,-61.56355228,-108.31172669
257.58205195,-61.65907060,-108.33457001
257.55050957,-61.75457302,-108.35711904
257.51894472,-61.85005916,-108.37934166
257.48735870,-61.94552852,-108.40120419
257.45577134,-62.04098677,-108.42267149
257.42414920,-62.13642175,-108.44370757
257.39248078,-62.23182854,-108.46427405
257.36077069,-62.32720767,-108.48433290
257.32903428,-62.42256320,-108.50384640
257.29729322,-62.51790135,-108.52277617
257.26557147,-62.61322912,-108.54108303
257.23389195,-62.70855319,-108.55872847
257.20227366,-62.80387893,-108.57567546
257.17072936,-62.89920961,-108.59188562
257.13926397,-62.99454593,-108.60732255
257.10782678,-63.08986993,-108.62195098
257.07640036,-63.18517478,-108.63573530
257.04496833,-63.28045402,-108.64864266
257.01351532,-63.37570154,-108.66064127
256.98204275,-63.47091695,-108.67170065
256.95053498,-63.56609410,-108.68179154
256.91892672,-63.66121004,-108.69088606
256.88718338,-63.75625226,-108.69895828
256.85529775,-63.85121756,-108.70598230
256.82330760,-63.94611802,-108.71193547
256.79124183,-64.04096279,-108.71679641
256.75910472,-64.13575273,-108.72054485
256.72692160,-64.23049587,-108.72316279
256.69473311,-64.32520553,-108.72463299
256.66262036,-64.41990874,-108.72494143
256.63059607,-64.51460947,-108.72407541
256.59857978,-64.60928013,-108.72202388
256.56653228,-64.70390720,-108.71877760
256.53442871,-64.79848207,-108.71432977
256.50226426,-64.89300301,-108.70867680
256.47000602,-64.98745884,-108.70181623
256.43761713,-65.08183710,-108.69374775
256.40510559,-65.17614062,-108.68447330
256.37250855,-65.27038217,-108.67399703
256.33989634,-65.36458581,-108.66232565
256.30729812,-65.45876168,-108.64946760
256.27471176,-65.55290940,-108.63543372
256.24215700,-65.64703603,-108.62023695
256.20965504,-65.74114917,-108.60389264
256.17722832,-65.83525687,-108.58641934
256.14493490,-65.92937910,-108.56783724
256.11277477,-66.02351642,-108.54816803
256.08073937,-66.11766662,-108.52743694
256.04881341,-66.21182523,-108.50567113
256.01697709,-66.30598640,-108.48289999
255.98520912,-66.40014382,-108.45915567
255.95349015,-66.49429193,-108.43447259
255.92180717,-66.58842735,-108.40888806
255.89015833,-66.68255055,-108.38244048
255.85855860,-66.77666764,-108.35517143
255.82704635,-66.87079261,-108.32712471
255.79560404,-66.96492078,-108.29834500
255.76423315,-67.05905391,-108.26887960
255.73293501,-67.15319376,-108.23877823
255.70171080,-67.24734207,-108.20809283
255.67056157,-67.34150061,-108.17687613
255.63948821,-67.43567110,-108.14518271
255.60849146,-67.52985526,-108.11306901
255.57757191,-67.62405480,-108.08059202
255.54672987,-67.71827135,-108.04780972
255.51596567,-67.81250656,-108.01478062
255.48527933,-67.90676200,-107.98156420
255.45467079,-68.00103921,-107.94821990
255.42413974,-68.09533969,-107.91480783
255.39368585,-68.18966490,-107.88138847
255.36330863,-68.28401625,-107.84802166
255.33300742,-68.37839512,-107.81476734
255.30278149,-68.47280283,-107.78168483
255.27262992,-68.56724065,-107.74883302
255.24255169,-68.66170980,-107.71627144
255.21254568,-68.75621145,-107.68405852
255.18261061,-68.85074674,-107.65225213
255.15274501,-68.94531673,-107.62090969
255.12294738,-69.03992241,-107.59008810
255.09321604,-69.13456474,-107.55984394
255.06354917,-69.22924459,-107.53023185
255.03394486,-69.32396277,-107.50130485
255.00440106,-69.41872001,-107.47311446
254.97493354,-69.51352256,-107.44571146
254.94550520,-69.60836012,-107.41914518
254.91610143,-69.70322939,-107.39346203
254.88672363,-69.79813202,-107.36870584
254.85738377,-69.89307289,-107.34492016
254.82809958,-69.98805860,-107.32214575
254.79889037,-70.08309616,-107.30042035
254.76977365,-70.17819194,-107.27978009
254.74076236,-70.27335083,-107.26025770
254.71186268,-70.36857552,-107.24188267
254.68307240,-70.46386604,-107.22468320
254.65433450,-70.55920526,-107.20868394
254.62562604,-70.65458668,-107.19390611
254.59692552,-70.75000419,-107.18036810
254.56821297,-70.84545208,-107.16808612
254.53949195,-70.94093184,-107.15707356
254.51072849,-71.03643332,-107.14734007
254.48185568,-71.13193619,-107.13889339
254.45281881,-71.22742378,-107.13173838
254.42366802,-71.32291163,-107.12587674
254.39443430,-71.41840933,-107.12130890
254.36507781,-71.51390455,-107.11803191
254.33563029,-71.60940693,-107.11603991
254.30617001,-71.70494035,-107.11532567
254.27674218,-71.80051846,-107.11587817
254.24734554,-71.89614047,-107.11768441
254.21791931,-71.99178721,-107.12072797
254.18838877,-72.08743509,-107.12499005
254.15872152,-72.18307352,-107.13044998
254.12895679,-72.27871386,-107.13708283
254.09906676,-72.37434672,-107.14486181
254.06900054,-72.46995558,-107.15375785
254.03881362,-72.56555657,-107.16373889
254.00857239,-72.66116913,-107.17477128
253.97829569,-72.75679803,-107.18681801
253.94798214,-72.85244172,-107.19983966
253.91764836,-72.94810419,-107.21379514
253.88731218,-73.04378972,-107.22864114
253.85699259,-73.13950297,-107.24433228
253.82674209,-73.23525901,-107.26082027
253.79655769,-73.33105563,-107.27805639
253.76642806,-73.42688795,-107.29599081
253.73633567,-73.52274916,-107.31457134
253.70625884,-73.61863110,-107.33374497
253.67617468,-73.71452520,-107.35345725
253.64606251,-73.81042352,-107.37365287
253.61590796,-73.90632006,-107.39427597
253.58570755,-74.00221221,-107.41526977
253.55547408,-74.09810237,-107.43657683
253.52524248,-74.19399991,-107.45813877
253.49499464,-74.28989760,-107.47989819
253.46473060,-74.38579392,-107.50179695
253.43445064,-74.48168739,-107.52377669
253.40415493,-74.57757651,-107.54578046
253.37384373,-74.67345984,-107.56775088
253.34351732,-74.76933594,-107.58963134
253.31317604,-74.86520341,-107.61136564
253.28282021,-74.96106089,-107.63289921
253.25245024,-75.05690705,-107.65417845
253.22208534,-75.15274663,-107.67515056
253.19169037,-75.24856699,-107.69576429
253.16125236,-75.34436262,-107.71596956
253.13077480,-75.44013332,-107.73571917
253.10027228,-75.53588252,-107.75496740
253.06976606,-75.63161583,-107.77366948
253.03927996,-75.72733977,-107.79178324
253.00883697,-75.82306067,-107.80926851
252.97845640,-75.91878372,-107.82608775
252.94815148,-76.01451223,-107.84220604
252.91792751,-76.11024702,-107.85758989
252.88773293,-76.20597074,-107.87220738
252.85755007,-76.30167691,-107.88603030
252.82736231,-76.39735942,-107.89903315
252.79715399,-76.49301254,-107.91119146
252.76692544,-76.58863575,-107.92248444
252.73666340,-76.68422422,-107.93289449
252.70630069,-76.77975566,-107.94240518
252.67580101,-76.87521785,-107.95100245
252.64515579,-76.97060763,-107.95867654
252.61438049,-77.06592973,-107.96541850
252.58354090,-77.16120525,-107.97122141
252.55265898,-77.25644120,-107.97608218
252.52176223,-77.35164642,-107.98000009
252.49088098,-77.44683077,-107.98297695
252.46004551,-77.54200421,-107.98501717
252.42924561,-77.63716360,-107.98612822
252.39842851,-77.73229210,-107.98631977
252.36760530,-77.82739365,-107.98560410
252.33674348,-77.92245810,-107.98399743
252.30584531,-78.01748669,-107.98151768
252.27494706,-78.11249176,-107.97818452
252.24404092,-78.20747138,-107.97402112
252.21319016,-78.30244672,-107.96905259
252.18238769,-78.39741620,-107.96330544
252.15160720,-78.49237211,-107.95680806
252.12082341,-78.58730709,-107.94959073
252.09001478,-78.68221508,-107.94168550
252.05916600,-78.77709206,-107.93312613
252.02821937,-78.87192034,-107.92394779
251.99716885,-78.96669900,-107.91418684
251.96603214,-79.06143487,-107.90388015
251.93485352,-79.15614340,-107.89306727
251.90370591,-79.25084933,-107.88178888
251.87258609,-79.34555275,-107.87008572
251.84150369,-79.44025793,-107.85800072
251.81047558,-79.53497152,-107.84557812
251.77953823,-79.62970641,-107.83286196
251.74867325,-79.72445797,-107.81989752
251.71791624,-79.81923883,-107.80673212
251.68726122,-79.91404832,-107.79341281
251.65670602,-80.00888701,-107.77998678
251.62625022,-80.10375605,-107.76650287
251.59589375,-80.19865668,-107.75301065
251.56563650,-80.29359018,-107.73955942
251.53547856,-80.38855787,-107.72619953
251.50542173,-80.48356165,-107.71298142
251.47547146,-80.57860461,-107.69995406
251.44559109,-80.67367633,-107.68716809
251.41579799,-80.76878372,-107.67467373
251.38605490,-80.86391618,-107.66251937
251.35634404,-80.95906938,-107.65075327
251.32665482,-81.05424125,-107.63942283
251.29698971,-81.14943382,-107.62857432
251.26727428,-81.24462475,-107.61825279
251.23746308,-81.33980087,-107.60850157
251.20753751,-81.43495748,-107.59936249
251.17750299,-81.53009746,-107.59087579
251.14741688,-81.62524008,-107.58308035
251.11729397,-81.72039108,-107.57601362
251.08715546,-81.81555818,-107.56971128
251.05702621,-81.91075021,-107.56420694
251.02693218,-82.00597625,-107.55953254
250.99688002,-82.10123923,-107.55571740
250.96682721,-82.19652639,-107.55278901
250.93672283,-82.29182233,-107.55077326
250.90654746,-82.38712153,-107.54969301
250.87631374,-82.48242854,-107.54956835
250.84606683,-82.57775812,-107.55041651
250.81584107,-82.67312155,-107.55225384
250.78564941,-82.76852327,-107.55509224
250.75545953,-82.86395329,-107.55894060
250.72523901,-82.95940149,-107.56380618
250.69495829,-83.05485861,-107.56969200
250.66459371,-83.15031710,-107.57659912
250.63407504,-83.24575462,-107.58452551
250.60338523,-83.34116555,-107.59346565
250.57253273,-83.43655226,-107.60341139
250.54155536,-83.53192632,-107.61435079
250.51052392,-83.62730970,-107.62627029
250.47945481,-83.72270708,-107.63915352
250.44834696,-83.81811753,-107.65298045
250.41721716,-83.91354575,-107.66772928
250.38608340,-84.00899675,-107.68337533
250.35496480,-84.10447588,-107.69989166
250.32391637,-84.19999997,-107.71724873
250.29293315,-84.29556659,-107.73541419
250.26200194,-84.39117063,-107.75435431
250.23110296,-84.48680479,-107.77403284
250.20021258,-84.58246051,-107.79441104
250.16930615,-84.67812880,-107.81544946
250.13836170,-84.77380149,-107.83710601
250.10736424,-84.86947256,-107.85933600
250.07631050,-84.96513971,-107.88209391
250.04521465,-85.06080618,-107.90533302
250.01411432,-85.15648273,-107.92900492
249.98298982,-85.25216169,-107.95305873
249.95184149,-85.34784178,-107.97744337
249.92066959,-85.44352166,-108.00210649
249.88947451,-85.53920003,-108.02699393
249.85825670,-85.63487554,-108.05205152
249.82701665,-85.73054686,-108.07722331
249.79575496,-85.82621268,-108.10245301
249.76447226,-85.92187167,-108.12768350
249.73316928,-86.01752251,-108.15285739
249.70184677,-86.11316388,-108.17791719
249.67050552,-86.20879448,-108.20280298
249.63914657,-86.30441305,-108.22745620
249.60777072,-86.40001826,-108.25181863
249.57639868,-86.49561542,-108.27583041
249.54499404,-86.59119081,-108.29943219
249.51354442,-86.68673873,-108.32256527
249.48205500,-86.78225927,-108.34517170
249.45054264,-86.87775646,-108.36719246
249.41903086,-86.97323657,-108.38856960
249.38754538,-87.06870661,-108.40924658
249.35611041,-87.16417314,-108.42916579
249.32474571,-87.25964126,-108.44827216
249.29346379,-87.35511367,-108.46651044
249.26226843,-87.45059017,-108.48382544
249.23110370,-87.54605073,-108.50016418
249.19994985,-87.64148729,-108.51547462
249.16878839,-87.73689222,-108.52970562
249.13760215,-87.83225835,-108.54280749
249.10639453,-87.92758547,-108.55473255
249.07512207,-88.02285760,-108.56543483
249.04375032,-88.11806187,-108.57487077
249.01226776,-88.21319315,-108.58299875
248.98066951,-88.30824863,-108.58977854
248.94895691,-88.40322766,-108.59517349
248.91713485,-88.49813087,-108.59914982
248.88527194,-88.59298045,-108.60167644
248.85336872,-88.68777573,-108.60272497
248.82142665,-88.78251648,-108.60226993
248.78944812,-88.87720289,-108.60028935
248.75738796,-88.97181924,-108.59676311
248.72522879,-89.06635924,-108.59167619
248.69296915,-89.16082210,-108.58501608
248.66060825,-89.25520735,-108.57677215
248.62815640,-89.34951834,-108.56693823
248.59564312,-89.44376500,-108.55551153
248.56313682,-89.53797043,-108.54249301
248.53062934,-89.63213203,-108.52788614
248.49814172,-89.72625713,-108.51169732
248.46569698,-89.82035375,-108.49393589
248.43331997,-89.91443059,-108.47461448
248.40107136,-90.00850825,-108.45374989
248.36895581,-90.10258877,-108.43136083
248.33696907,-90.19667129,-108.40746745
248.30509940,-90.29075251,-108.38209360
248.27332985,-90.38482747,-108.35526694
248.24164108,-90.47889048,-108.32701725
248.21001482,-90.57293632,-108.29737588
248.17843829,-90.66696168,-108.26637724
248.14690939,-90.76096686,-108.23405871
248.11544274,-90.85495776,-108.20045963
248.08407665,-90.94894823,-108.16562225
248.05279521,-91.04293412,-108.12959100
248.02160063,-91.13691739,-108.09241143
247.99049501,-91.23089997,-108.05413215
247.95948029,-91.32488381,-108.01480435
247.92855837,-91.41887088,-107.97447885
247.89773090,-91.51286309,-107.93320886
247.86699941,-91.60686236,-107.89104974
247.83636535,-91.70087061,-107.84805727
247.80582997,-91.79488971,-107.80428836
247.77539445,-91.88892155,-107.75980172
247.74505978,-91.98296797,-107.71465717
247.71482686,-92.07703082,-107.66891557
247.68469649,-92.17111192,-107.62263825
247.65466931,-92.26521308,-107.57588775
247.62474582,-92.35933607,-107.52872722
247.59492641,-92.45348265,-107.48122083
247.56521134,-92.54765454,-107.43343376
247.53560078,-92.64185346,-107.38543099
247.50609471,-92.73608109,-107.33727855
247.47669296,-92.83033906,-107.28904272
247.44739527,-92.92462899,-107.24079096
247.41820127,-93.01895247,-107.19259128
247.38911044,-93.11331105,-107.14450983
247.36012206,-93.20770624,-107.09661375
247.33123533,-93.30213950,-107.04897215
247.30244930,-93.39661227,-107.00165255
247.27376283,-93.49112591,-106.95472243
247.24517474,-93.58568179,-106.90824916
247.21668357,-93.68028117,-106.86229918
247.18828780,-93.77492529,-106.81693963
247.15998571,-93.86961531,-106.77223731
247.13177553,-93.96435238,-106.72825734
247.10365524,-94.05913754,-106.68506353
247.07562266,-94.15397176,-106.64271910
247.04767552,-94.24885598,-106.60128715
247.01981142,-94.34379103,-106.56082807
246.99202771,-94.43877766,-106.52140174
246.96432174,-94.53381661,-106.48306619
246.93669057,-94.62890844,-106.44587682
246.90913122,-94.72405370,-106.40988855
246.88165911,-94.81925822,-106.37515349
246.85423460,-94.91451174,-106.34172113
246.82684230,-95.00981105,-106.30963915
246.79948397,-95.10515787,-106.27895269
246.77217216,-95.20055697,-106.24970348
246.74492489,-95.29601461,-106.22193144
246.71776106,-95.39153725,-106.19567397
246.69069700,-95.48713050,-106.17096446
246.66374329,-95.58279819,-106.14783388
246.63690289,-95.67854192,-106.12631027
246.61016950,-95.77436049,-106.10641792
246.58348000,-95.87023617,-106.08817824
246.55680788,-95.96616183,-106.07161003
246.53012875,-96.06213093,-106.05672915
246.50344253,-96.15814384,-106.04354750
246.47669135,-96.25418427,-106.03207450
246.44983771,-96.35024174,-106.02231630
246.42287745,-96.44631521,-106.01427686
246.39580044,-96.54240186,-106.00795652
246.36858487,-96.63849542,-106.00335275
246.34122647,-96.73459457,-106.00046030
246.31376592,-96.83071077,-105.99927067
246.28619500,-96.92684137,-105.99977331
246.25851199,-97.02298546,-106.00195459
246.23072149,-97.11914389,-106.00579843
246.20277805,-97.21530304,-106.01128658
246.17468332,-97.31146272,-106.01839777
246.14645711,-97.40762787,-106.02710973
246.11810135,-97.50379826,-106.03739658
246.08961953,-97.59997400,-106.04923026
246.06104503,-97.69616374,-106.06258174
246.03243008,-97.79238150,-106.07741902
246.00377060,-97.88862510,-106.09370758
245.97508627,-97.98489915,-106.11141066
245.94639840,-98.08120873,-106.13049158
245.91776552,-98.17756972,-106.15091053
245.88918702,-98.27398082,-106.17262448
245.86065306,-98.37043802,-106.19559060
245.83214605,-98.46693499,-106.21976334
245.80364341,-98.56346392,-106.24509473
245.77512015,-98.66001623,-106.27153738
245.74655293,-98.75658380,-106.29904088
245.71792459,-98.85316021,-106.32755226
245.68922954,-98.94974237,-106.35701947
245.66047979,-99.04633228,-106.38738920
245.63171226,-99.14293919,-106.41860485
245.60290698,-99.23955576,-106.45060977
245.57406344,-99.33618030,-106.48334712
245.54518101,-99.43281103,-106.51675742
245.51625941,-99.52944629,-106.55078174
245.48729818,-99.62608433,-106.58536094
245.45829705,-99.72272348,-106.62043383
245.42925573,-99.81936200,-106.65593984
245.40017414,-99.91599825,-106.69181872
245.37105210,-100.01263055,-106.72800853
245.34188956,-100.10925724,-106.76444787
245.31268662,-100.20587672,-106.80107610
245.28344332,-100.30248737,-106.83783214
245.25415980,-100.39908762,-106.87465463
245.22483637,-100.49567594,-106.91148361
245.19547322,-100.59225080,-106.94825947
245.16607068,-100.68881072,-106.98492317
245.13662910,-100.78535422,-107.02141618
245.10714892,-100.88187992,-107.05767992
245.07763056,-100.97838642,-107.09365867
245.04807453,-101.07487238,-107.12929691
245.01848137,-101.17133652,-107.16454063
244.98885159,-101.26777758,-107.19933762
244.95918582,-101.36419441,-107.23363674
244.92948472,-101.46058585,-107.26738919
244.89974882,-101.55695082,-107.30054865
244.86997891,-101.65328831,-107.33306996
244.84017559,-101.74959733,-107.36490902
244.81033965,-101.84587702,-107.39602496
244.78047186,-101.94212654,-107.42637988
244.75057301,-102.03834513,-107.45593668
244.72064389,-102.13453208,-107.48466157
244.69068531,-102.23068677,-107.51252248
244.66071762,-102.32681485,-107.53949007
244.63070469,-102.42290407,-107.56553850
244.60063368,-102.51894961,-107.59064230
244.57050884,-102.61495218,-107.61477980
244.54034582,-102.71091619,-107.63793212
244.51016703,-102.80684830,-107.66008181
244.47999728,-102.90275601,-107.68121480
244.44986028,-102.99864656,-107.70132051
244.41977580,-103.09452603,-107.72038973
244.38975719,-103.19039849,-107.73841533
244.35980972,-103.28626550,-107.75539346
244.32987977,-103.38210994,-107.77132258
244.29994946,-103.47792603,-107.78620186
244.27000222,-103.57370846,-107.80003382
244.24002267,-103.66945236,-107.81282342
244.21001545,-103.76515932,-107.82457633
244.17995994,-103.86082286,-107.83530069
244.14978899,-103.95642154,-107.84500703
244.11946799,-104.05194443,-107.85370772
244.08899106,-104.14738993,-107.86141604
244.05837702,-104.24276446,-107.86814791
244.02769628,-104.33809117,-107.87392081
243.99697303,-104.43337831,-107.87875288
243.96623678,-104.52863593,-107.88266498
243.93551946,-104.62387490,-107.88567924
243.90485262,-104.71910604,-107.88781874
243.87421706,-104.81432384,-107.88910758
243.84356129,-104.90951241,-107.88957280
243.81287596,-105.00466949,-107.88924306
243.78216436,-105.09979695,-107.88814602
243.75144567,-105.19490182,-107.88631318
243.72075779,-105.28999721,-107.88377747
243.69008009,-105.38507739,-107.88057183
243.65941337,-105.48014360,-107.87673213
243.62875836,-105.57519706,-107.87229434
243.59811571,-105.67023901,-107.86729551
243.56748603,-105.76527071,-107.86177477
243.53686981,-105.86029340,-107.85577122
243.50626751,-105.95530833,-107.84932504
243.47567949,-106.05031673,-107.84247640
243.44510606,-106.14531985,-107.83526684
243.41454743,-106.24031891,-107.82773883
243.38400377,-106.33531512,-107.81993357
243.35347515,-106.43030967,-107.81189413
243.32296159,-106.52530373,-107.80366246
243.29246303,-106.62029846,-107.79528071
243.26197933,-106.71529498,-107.78679157
243.23151032,-106.81029437,-107.77823628
243.20105574,-106.90529770,-107.76965712
243.17061524,-107.00030600,-107.76109455
243.14018847,-107.09532026,-107.75258883
243.10977496,-107.19034144,-107.74418043
243.07937421,-107.28537044,-107.73590820
243.04898565,-107.38040815,-107.72781021
243.01860868,-107.47545540,-107.71992380
242.98824263,-107.57051296,-107.71228579
242.95788675,-107.66558159,-107.70493099
242.92754030,-107.76066198,-107.69789385
242.89720245,-107.85575479,-107.69120781
242.86687233,-107.95086063,-107.68490457
242.83654904,-108.04598007,-107.67901612
242.80623162,-108.14111362,-107.67357192
242.77591910,-108.23626176,-107.66860072
242.74561044,-108.33142492,-107.66412987
242.71530459,-108.42660346,-107.66018557
242.68500046,-108.52179771,-107.65679204
242.65469695,-108.61700793,-107.65397146
242.62439291,-108.71223433,-107.65174521
242.59408720,-108.80747706,-107.65013201
242.56377865,-108.90273622,-107.64914845
242.53346608,-108.99801182,-107.64881006
242.50314831,-109.09330384,-107.64912917
242.47282415,-109.18861219,-107.65011672
242.44251293,-109.28394326,-107.65178100
242.41217736,-109.37928534,-107.65412800
242.38179957,-109.47463284,-107.65716259
242.35137748,-109.56998516,-107.66088644
242.32092133,-109.66534554,-107.66529999
242.29049023,-109.76073278,-107.67040115
242.26008089,-109.85614571,-107.67618565
242.22966424,-109.95157489,-107.68264745
242.19921207,-110.04701105,-107.68977831
242.16869966,-110.14244601,-107.69756739
242.13810850,-110.23787347,-107.70600254
242.10737673,-110.33327328,-107.71507002
242.07649446,-110.42864180,-107.72475363
242.04547582,-110.52398299,-107.73503608
242.01436216,-110.61930946,-107.74589835
241.98322422,-110.71464319,-107.75731914
241.95206294,-110.80998384,-107.76927690
241.92088415,-110.90533261,-107.78174696
241.88970377,-111.00069388,-107.79470348
241.85853827,-111.09607219,-107.80811916
241.82740482,-111.19147227,-107.82196471
241.79635396,-111.28690962,-107.83620885
241.76537818,-111.38238096,-107.85081841
241.73446250,-111.47788059,-107.86576033
241.70358628,-111.57340092,-107.88099894
241.67272596,-111.66893339,-107.89649630
241.64185799,-111.76446936,-107.91221453
241.61096193,-111.86000120,-107.92811380
241.58002467,-111.95552353,-107.94415307
241.54904464,-112.05103472,-107.96029081
241.51805608,-112.14654469,-107.97648394
241.48705924,-112.24205226,-107.99268863
241.45602130,-112.33754556,-108.00885989
241.42494545,-112.43302439,-108.02495360
241.39384638,-112.52849232,-108.04092461
241.36274605,-112.62395523,-108.05672507
241.33166953,-112.71942007,-108.07230855
241.30064140,-112.81489361,-108.08762869
241.26968298,-112.91038156,-108.10263687
241.23880969,-113.00588772,-108.11728613
241.20802899,-113.10141327,-108.13152986
241.17728971,-113.19694031,-108.14532053
241.14657457,-113.29246190,-108.15861143
241.11586689,-113.38797133,-108.17135643
241.08515060,-113.48346206,-108.18351029
241.05442068,-113.57893121,-108.19502826
241.02367448,-113.67437669,-108.20586633
240.99284071,-113.76977378,-108.21598154
240.96187850,-113.86510780,-108.22533215
240.93077472,-113.96037325,-108.23387763
240.89954088,-114.05557276,-108.24157899
240.86824066,-114.15072629,-108.24839825
240.83691421,-114.24584602,-108.25429964
240.80555369,-114.34092839,-108.25924814
240.77417154,-114.43597657,-108.26321228
240.74279544,-114.53099885,-108.26616208
240.71143659,-114.62599815,-108.26806768
240.68008155,-114.72096932,-108.26890389
240.64875028,-114.81591825,-108.26864714
240.61741707,-114.91083582,-108.26727416
240.58607121,-115.00571792,-108.26476396
240.55472309,-115.10056748,-108.26109838
240.52333077,-115.19537021,-108.25626075
240.49182950,-115.29010436,-108.25023636
240.46020180,-115.38476387,-108.24301316
240.42845318,-115.47935032,-108.23458091
240.39661662,-115.57387445,-108.22493154
240.36475666,-115.66835743,-108.21405936
240.33290615,-115.76281007,-108.20196118
240.30106081,-115.85723094,-108.18863617
240.26923933,-115.95162628,-108.17408456
240.23746189,-116.04600284,-108.15831069
240.20575018,-116.14036791,-108.14132023
240.17415937,-116.23473970,-108.12312163
240.14269083,-116.32911894,-108.10372566
240.11133777,-116.42350373,-108.08314506
240.08008713,-116.51789017,-108.06139614
240.04892135,-116.61227300,-108.03849608
240.01782123,-116.70664646,-108.01446580
239.98676930,-116.80100546,-107.98932850
239.95575370,-116.89534680,-107.96310861
239.92477291,-116.98967074,-107.93583384
239.89384121,-117.08398273,-107.90753391
239.86299485,-117.17829544,-107.87824097
239.83221809,-117.27260460,-107.84798848
239.80151267,-117.36691173,-107.81681275
239.77088041,-117.46121841,-107.78475136
239.74032277,-117.55552609,-107.75184206
239.70984123,-117.64983631,-107.71812536
239.67943709,-117.74415054,-107.68364182
239.64911155,-117.83847024,-107.64843251
239.61886564,-117.93279683,-107.61253963
239.58870034,-118.02713173,-107.57600597
239.55861648,-118.12147632,-107.53887444
239.52861489,-118.21583199,-107.50118868
239.49869612,-118.31020006,-107.46299364
239.46886085,-118.40458188,-107.42433287
239.43910950,-118.49897875,-107.38525150
239.40944250,-118.59339195,-107.34579522
239.37986007,-118.68782272,-107.30600904
239.35036241,-118.78227230,-107.26593908
239.32094960,-118.87674187,-107.22563052
239.29162157,-118.97123257,-107.18512929
239.26237821,-119.06574553,-107.14448112
239.23321928,-119.16028182,-107.10373045
239.20414441,-119.25484246,-107.06292195
239.17515320,-119.34942844,-107.02210021
239.14624506,-119.44404069,-106.98130837
239.11741932,-119.53868007,-106.94058840
239.08867517,-119.63334741,-106.89998274
239.06001172,-119.72804347,-106.85953317
239.03142803,-119.82276898,-106.81927886
239.00292294,-119.91752459,-106.77925948
238.97449528,-120.01231088,-106.73951343
238.94614385,-120.10712841,-106.70007613
238.91786724,-120.20197762,-106.66098219
238.88966408,-120.29685891,-106.62226503
238.86153293,-120.39177262,-106.58395430
238.83347222,-120.48671903,-106.54607912
238.80548042,-120.58169835,-106.50866784
238.77755596,-120.67671077,-106.47174658
238.74969731,-120.77175642,-106.43533877
238.72190277,-120.86683538,-106.39946687
238.69417084,-120.96194771,-106.36415309
238.66649993,-121.05709344,-106.32941621
238.63888840,-121.15227251,-106.29527409
238.61133468,-121.24748489,-106.26174381
238.58383717,-121.34273047,-106.22884022
238.55639416,-121.43800911,-106.19657806
238.52900418,-121.53332068,-106.16497017
238.50166549,-121.62866497,-106.13402816
238.47437663,-121.72404179,-106.10376221
238.44713583,-121.81945086,-106.07418158
238.41994163,-121.91489193,-106.04529501
238.39279247,-122.01036473,-106.01710824
238.36568674,-122.10586891,-105.98962737
238.33862290,-122.20140415,-105.96285732
238.31159944,-122.29697011,-105.93680207
238.28461481,-122.39256639,-105.91146550
238.25766765,-122.48819268,-105.88684886
238.23075645,-122.58384857,-105.86295440
238.20387986,-122.67953369,-105.83978350
238.17705611,-122.77525317,-105.81733673
238.15024717,-122.87099630,-105.79561501
238.12343749,-122.96675870,-105.77461698
238.09662835,-123.06254073,-105.75434214
238.06983280,-123.15834603,-105.73479052
238.04307089,-123.25418024,-105.71596167
238.01636578,-123.35004981,-105.69785536
237.98974020,-123.44596111,-105.68047100
237.96321339,-123.54191949,-105.66380822
237.93679881,-123.63792869,-105.64786767
237.91050201,-123.73399025,-105.63265057
237.88426949,-123.83008912,-105.61815807
237.85808232,-123.92622004,-105.60439107
237.83192238,-124.02237800,-105.59135126
237.80577240,-124.11855827,-105.57904252
237.77962940,-124.21476013,-105.56746800
237.75348205,-124.31098057,-105.55663137
237.72725855,-124.40719982,-105.54653788
237.70091798,-124.50340672,-105.53719227
237.67444745,-124.59959793,-105.52860200
237.64785820,-124.69577684,-105.52077419
237.62121408,-124.79196142,-105.51371719
237.59453356,-124.88815709,-105.50744031
237.56784097,-124.98437091,-105.50195343
237.54116377,-125.08061083,-105.49726849
237.51452966,-125.17688486,-105.49339693
237.48795048,-125.27319662,-105.49035116
237.46133127,-125.36952014,-105.48814508
237.43464158,-125.46584738,-105.48679328
237.40787883,-125.56217803,-105.48631060
237.38106884,-125.65851968,-105.48671293
237.35429616,-125.75489623,-105.48801704
237.32756272,-125.85130868,-105.49023936
237.30083717,-125.94774880,-105.49339815
237.27408742,-126.04420818,-105.49751104
237.24728367,-126.14067903,-105.50259614
237.22040108,-126.23715490,-105.50867152
237.19336934,-126.33361676,-105.51575499
237.16616819,-126.43005941,-105.52386534
237.13880120,-126.52648425,-105.53302027
237.11130011,-126.62290046,-105.54323713
237.08372861,-126.71932609,-105.55453168
237.05611076,-126.81576816,-105.56692035
237.02843938,-126.91222503,-105.58041894
237.00072877,-127.00870098,-105.59504030
236.97299460,-127.10520066,-105.61079720
236.94525387,-127.20172911,-105.62770178
236.91755841,-127.29830114,-105.64576446
236.88990314,-127.39491557,-105.66499491
236.86227505,-127.49156897,-105.68540191
236.83465475,-127.58825608,-105.70699236
236.80701889,-127.68497047,-105.72977140
236.77934290,-127.78170532,-105.75374449
236.75160448,-127.87845438,-105.77891461
236.72378767,-127.97521313,-105.80528232
236.69588766,-128.07198011,-105.83284745
236.66791624,-128.16875850,-105.86160818
236.63990801,-128.26555784,-105.89156016
236.61184289,-128.36237225,-105.92269669
236.58371979,-128.45920111,-105.95500949
236.55553755,-128.55604373,-105.98848775
236.52729518,-128.65289940,-106.02311793
236.49899168,-128.74976735,-106.05888431
236.47062613,-128.84664677,-106.09576927
236.44219771,-128.94353682,-106.13375310
236.41370560,-129.04043660,-106.17281291
236.38514909,-129.13734516,-106.21292370
236.35652747,-129.23426150,-106.25405837
236.32784013,-129.33118458,-106.29618639
236.29908658,-129.42811334,-106.33927536
236.27026626,-129.52504659,-106.38329049
236.24137879,-129.62198320,-106.42819376
236.21242380,-129.71892192,-106.47394462
236.18340104,-129.81586150,-106.52050098
236.15431029,-129.91280065,-106.56781891
236.12515130,-130.00973800,-106.61585137
236.09592403,-130.10667222,-106.66454958
236.06662839,-130.20360188,-106.71386284
236.03726442,-130.30052556,-106.76373828
236.00783225,-130.39744183,-106.81412228
235.97833195,-130.49434918,-106.86495866
235.94876386,-130.59124617,-106.91618961
235.91912825,-130.68813129,-106.96775609
235.88942560,-130.78500305,-107.01959771
235.85965632,-130.88185992,-107.07165392
235.82982099,-130.97870039,-107.12386128
235.79992023,-131.07552294,-107.17615551
235.76995472,-131.17232602,-107.22847205
235.73992527,-131.26910813,-107.28074527
235.70983268,-131.36586774,-107.33290919
235.67967779,-131.46260331,-107.38489620
235.64946167,-131.55931339,-107.43663989
235.61918518,-131.65599644,-107.48807339
235.58884946,-131.75265103,-107.53912938
235.55845551,-131.84927567,-107.58974194
235.52800442,-131.94586896,-107.63984518
235.49749736,-132.04242947,-107.68937372
235.46693546,-132.13895585,-107.73826316
235.43631994,-132.23544678,-107.78645101
235.40565197,-132.33190094,-107.83387539
235.37493275,-132.42831710,-107.88047571
235.34416368,-132.52469412,-107.92619523
235.31334589,-132.62103083,-107.97097765
235.28248078,-132.71732619,-108.01476879
235.25156961,-132.81357919,-108.05751796
235.22061377,-132.90978893,-108.09917618
235.18961459,-133.00595454,-108.13969694
235.15857347,-133.10207524,-108.17903625
235.12749182,-133.19815033,-108.21715384
235.09637101,-133.29417916,-108.25401123
235.06521250,-133.39016120,-108.28957223
235.03401784,-133.48609601,-108.32380541
235.00280605,-133.58198908,-108.35668141
234.97154430,-133.67782865,-108.38817319
234.94022236,-133.77361056,-108.41825777
234.90884610,-133.86933613,-108.44691479
234.87743180,-133.96501026,-108.47412744
234.84600125,-134.06063976,-108.49988147
234.81457755,-134.15623203,-108.52416556
234.78318178,-134.25179384,-108.54697090
234.75183037,-134.34733051,-108.56829095
234.72053296,-134.44284515,-108.58812373
234.68929083,-134.53833811,-108.60646892
234.65805156,-134.63379185,-108.62332742
234.62679701,-134.72920031,-108.63870479
234.59551082,-134.82455805,-108.65260844
234.56417843,-134.91986033,-108.66504813
234.53281253,-135.01511168,-108.67603732
234.50137556,-135.11029970,-108.68559110
234.46980866,-135.20540482,-108.69372645
234.43808571,-135.30041863,-108.70046351
234.40618857,-135.39533552,-108.70582546
234.37423925,-135.49019740,-108.70983598
234.34218938,-135.58498856,-108.71252070
234.31006485,-135.67971851,-108.71390870
234.27790805,-135.77440244,-108.71403052
234.24580886,-135.86907161,-108.71291763
234.21380594,-135.96374006,-108.71060333
234.18183305,-136.05838629,-108.70712268
234.14982183,-136.15298816,-108.70251151
234.11773957,-136.24753563,-108.69680711
234.08557157,-136.34202482,-108.69004756
234.05337682,-136.43647684,-108.68227125
234.02104591,-136.53085578,-108.67351835
233.98861263,-136.62517426,-108.66383076
233.95611802,-136.71944739,-108.65324969
233.92363418,-136.81370077,-108.64181593
233.89117315,-136.90793966,-108.62957243
233.85873927,-137.00216673,-108.61656259
233.82635078,-137.09638933,-108.60282918
233.79402671,-137.19061505,-108.58841568
233.76178671,-137.28485167,-108.57336446
233.72968419,-137.37911822,-108.55771796
233.69771476,-137.47341433,-108.54151928
233.66586572,-137.56773685,-108.52480974
233.63411811,-137.66208050,-108.50763054
233.60244912,-137.75643871,-108.49002250
233.57083500,-137.85080461,-108.47202564
233.53925472,-137.94517219,-108.45367950
233.50769382,-138.03953768,-108.43502265
233.47614918,-138.13390104,-108.41609188
233.44463406,-138.22826771,-108.39692298
233.41318401,-138.32265052,-108.37755172
233.38177952,-138.41704384,-108.35801116
233.35042003,-138.51144834,-108.33833246
233.31910489,-138.60586462,-108.31854690
233.28783347,-138.70029326,-108.29868333
233.25660496,-138.79473471,-108.27876884
233.22541868,-138.88918943,-108.25882923
233.19427372,-138.98365777,-108.23888821
233.16316933,-139.07814006,-108.21896728
233.13210457,-139.17263653,-108.19908772
233.10107857,-139.26714741,-108.17926885
233.07009052,-139.36167285,-108.15952642
233.03913948,-139.45621296,-108.13987536
233.00822454,-139.55076777,-108.12032931
232.97734494,-139.64533735,-108.10089975
232.94649970,-139.73992163,-108.08159705
232.91568808,-139.83452060,-108.06242933
232.88490926,-139.92913416,-108.04340394
232.85416248,-140.02376223,-108.02452734
232.82344694,-140.11840466,-108.00580386
232.79276207,-140.21306135,-107.98723756
232.76210722,-140.30773214,-107.96883054
232.73148177,-140.40241686,-107.95058410
232.70088523,-140.49711535,-107.93249943
232.67031718,-140.59182747,-107.91457571
232.63977713,-140.68655303,-107.89681288
232.60926483,-140.78129192,-107.87921080
232.57877988,-140.87604398,-107.86176759
232.54832210,-140.97080911,-107.84448250
232.51789122,-141.06558720,-107.82735491
232.48748715,-141.16037818,-107.81038454
232.45710974,-141.25518199,-107.79357068
232.42675886,-141.34999858,-107.77691350
232.39643439,-141.44482792,-107.76041394
232.36613628,-141.53967000,-107.74407211
232.33586438,-141.63452479,-107.72788969
232.30561863,-141.72939232,-107.71186873
232.27539885,-141.82427259,-107.69601066
232.24520493,-141.91916562,-107.68031865
232.21503666,-142.01407142,-107.66479641
232.18489390,-142.10899004,-107.64944713
232.15477648,-142.20392151,-107.63427394
232.12468410,-142.29886583,-107.61928103
232.09463635,-142.39382931,-107.60447302
232.06459680,-142.48880052,-107.58985402
232.03455018,-142.58377478,-107.57542790
232.00449746,-142.67875252,-107.56119942
231.97445128,-142.77373786,-107.54717384
231.94443186,-142.86873732,-107.53335569
231.91446328,-142.96375861,-107.51975035
231.88457021,-143.05880964,-107.50636312
231.85477487,-143.15389751,-107.49319807
231.82509458,-143.24902776,-107.48026051
231.79553961,-143.34420373,-107.46755610
231.76606134,-143.43941014,-107.45508907
231.73664406,-143.53464212,-107.44286336
231.70727226,-143.62989493,-107.43088403
231.67793077,-143.72516392,-107.41915621
231.64860992,-143.82044617,-107.40768481
231.61931790,-143.91574440,-107.39647579
231.58998229,-144.01103612,-107.38553410
231.56055853,-144.10630760,-107.37486483
231.53102819,-144.20155330,-107.36447461
231.50139633,-144.29677501,-107.35436999
231.47172070,-144.39199095,-107.34455698
231.44201603,-144.48720595,-107.33504111
231.41230342,-144.58242679,-107.32582926
231.38260807,-144.67766153,-107.31692799
231.35295634,-144.77291858,-107.30834316
231.32335959,-144.86820164,-107.30008114
231.29375343,-144.96349074,-107.29214622
231.26412532,-145.05878211,-107.28454366
231.23447481,-145.15407575,-107.27727891
231.20481744,-145.24937661,-107.27035554
231.17518903,-145.34469596,-107.26377699
231.14556856,-145.44002733,-107.25754607
231.11595544,-145.53537061,-107.25166611
231.08634907,-145.63072566,-107.24613905
231.05674886,-145.72609234,-107.24096626
231.02715421,-145.82147048,-107.23614880
230.99756452,-145.91685991,-107.23168603
230.96797920,-146.01226045,-107.22757846
230.93839769,-146.10767187,-107.22382589
230.90881939,-146.20309397,-107.22042611
230.87924374,-146.29852652,-107.21737714
230.84967018,-146.39396925,-107.21467618
230.82009816,-146.48942189,-107.21231969
230.79052715,-146.58488418,-107.21030356
230.76095662,-146.68035579,-107.20862263
230.73138607,-146.77583641,-107.20727082
230.70181499,-146.87132572,-107.20624165
230.67224293,-146.96682336,-107.20552752
230.64266942,-147.06232897,-107.20512078
230.61309403,-147.15784215,-107.20501298
230.58351634,-147.25336252,-107.20519288
230.55393598,-147.34888963,-107.20564920
230.52435258,-147.44442306,-107.20637087
230.49476581,-147.53996233,-107.20734454
230.46517538,-147.63550698,-107.20855575
230.43558101,-147.73105651,-107.20998990
230.40598247,-147.82661044,-107.21163163
230.37637954,-147.92216823,-107.21346456
230.34677205,-148.01772937,-107.21547163
230.31715987,-148.11329334,-107.21763539
230.28754289,-148.20885961,-107.21993691
230.25792104,-148.30442762,-107.22235771
230.22829429,-148.39999683,-107.22487882
230.19866265,-148.49556670,-107.22747879
230.16902616,-148.59113668,-107.23013732
230.13938489,-148.68670622,-107.23283450
230.10973897,-148.78227480,-107.23554912
230.08008854,-148.87784190,-107.23826104
230.05043378,-148.97340700,-107.24094919
230.02077490,-149.06896964,-107.24359324
229.99111215,-149.16452932,-107.24617404
229.96144580,-149.26008562,-107.24867181
229.93177616,-149.35563809,-107.25106771
229.90210354,-149.45118635,-107.25334262
229.87242831,-149.54673002,-107.25547938
229.84275085,-149.64226875,-107.25746191
229.81307154,-149.73780221,-107.25927268
229.78339081,-149.83333012,-107.26089656
229.75370910,-149.92885221,-107.26231954
229.72402685,-150.02436826,-107.26352731
229.69434455,-150.11987805,-107.26450747
229.66466265,-150.21538143,-107.26524849
229.63498167,-150.31087825,-107.26574016
229.60530209,-150.40636842,-107.26597293
229.57562442,-150.50185184,-107.26593757
229.54594917,-150.59732845,-107.26562658
229.51627689,-150.69279822,-107.26503206
229.48660808,-150.78826111,-107.26414728
229.45694330,-150.88371713,-107.26296657
229.42728307,-150.97916629,-107.26148349
229.39762796,-151.07460863,-107.25969371
229.36797850,-151.17004419,-107.25759262
229.33833526,-151.26547303,-107.25517626
229.30869877,-151.36089524,-107.25244144
229.27906960,-151.45631090,-107.24938485
229.24944831,-151.55172013,-107.24600491
229.21983545,-151.64712304,-107.24229952
229.19023156,-151.74251978,-107.23826769
229.16063719,-151.83791051,-107.23390863
229.13105289,-151.93329541,-107.22922270
229.10147919,-152.02867466,-107.22421242
229.07191660,-152.12404850,-107.21887906
229.04236564,-152.21941716,-107.21322513
229.01282681,-152.31478089,-107.20725475
228.98330060,-152.41013997,-107.20097289
228.95378749,-152.50549468,-107.19438460
228.92428792,-152.60084532,-107.18749506
228.89480234,-152.69619223,-107.18031196
228.86533117,-152.79153573,-107.17284258
228.83587482,-152.88687620,-107.16509524
228.80643365,-152.98221399,-107.15708059
228.77700804,-153.07754952,-107.14880839
228.74759831,-153.17288319,-107.14028966
228.71820476,-153.26821540,-107.13153628
228.68882769,-153.36354658,-107.12256060
228.65946735,-153.45887717,-107.11337559
228.63012398,-153.55420758,-107.10399403
228.60079779,-153.64953827,-107.09443007
228.57148896,-153.74486965,-107.08469722
228.54219766,-153.84020215,-107.07480861
228.51292402,-153.93553620,-107.06477939
228.48366816,-154.03087222,-107.05462294
228.45443017,-154.12621062,-107.04435354
228.42521012,-154.22155180,-107.03398546
228.39600805,-154.31689617,-107.02353254
228.36682398,-154.41224411,-107.01300967
228.33765790,-154.50759602,-107.00242984
228.30850980,-154.60295227,-106.99180837
228.27937961,-154.69831325,-106.98116019
228.25026726,-154.79367932,-106.97049846
228.22117264,-154.88905085,-106.95983838
228.19209564,-154.98442820,-106.94919452
228.16303610,-155.07981174,-106.93858191
228.13399384,-155.17520180,-106.92801605
228.10496865,-155.27059876,-106.91751134
228.07596031,-155.36600295,-106.90708340
228.04696857,-155.46141471,-106.89674700
228.01799313,-155.55683437,-106.88651821
227.98903369,-155.65226227,-106.87641268
227.96008992,-155.74769873,-106.86644493
227.93116146,-155.84314407,-106.85663170
227.90224790,-155.93859862,-106.84698951
227.87334884,-156.03406268,-106.83753357
227.84446383,-156.12953657,-106.82828064
227.81559239,-156.22502058,-106.81924686
227.78673403,-156.32051501,-106.81044823
227.75788821,-156.41602015,-106.80190148
227.72905440,-156.51153626,-106.79362262
227.70023199,-156.60706364,-106.78562842
227.67142038,-156.70260254,-106.77793510
227.64261893,-156.79815324,-106.77055952
227.61382696,-156.89371598,-106.76351891
227.58504379,-156.98929103,-106.75682936
227.55626869,-157.08487863,-106.75050878
227.52750089,-157.18047903,-106.74457425
227.49873960,-157.27609248,-106.73904288
227.46998400,-157.37171923,-106.73393372
227.44123325,-157.46735950,-106.72926412
227.41248644,-157.56301354,-106.72505242
227.38374268,-157.65868158,-106.72131752
227.35500100,-157.75436383,-106.71807736
227.32626042,-157.85006053,-106.71535094
227.29751992,-157.94577190,-106.71315820
227.26877846,-158.04149815,-106.71151822
227.24003493,-158.13723951,-106.71045018
227.21128821,-158.23299620,-106.70997513
227.18255896,-158.32877500,-106.71011463
227.15380826,-158.42456479,-106.71088916
227.12501667,-158.52036031,-106.71231979
227.09618085,-158.61616114,-106.71442833
227.06731033,-158.71197072,-106.71723553
227.03845827,-158.80780562,-106.72076309
227.00964103,-158.90367135,-106.72503290
226.98082694,-158.99955899,-106.73006575
226.95198392,-159.09545947,-106.73588338
226.92308265,-159.19136451,-106.74250767
226.89409932,-159.28726751,-106.74996047
226.86496307,-159.38314768,-106.75826246
226.83565594,-159.47900013,-106.76743353
226.80618455,-159.57482732,-106.77749397
226.77658445,-159.67064039,-106.78846419
226.74692362,-159.76646026,-106.80036399
226.71721946,-159.86229262,-106.81321073
226.68746777,-159.95813665,-106.82702321
226.65768301,-160.05399714,-106.84181935
226.62788091,-160.14987927,-106.85761545
226.59807829,-160.24578855,-106.87442903
226.56832785,-160.34174144,-106.89227507
226.53862253,-160.43773623,-106.91116865
226.50894710,-160.53376867,-106.93112427
226.47928013,-160.62983261,-106.95215549
226.44959642,-160.72592072,-106.97427655
226.41986982,-160.82202534,-106.99749902
226.39007711,-160.91813967,-107.02183500
226.36020177,-161.01425890,-107.04729547
226.33023916,-161.11038181,-107.07389010
226.30020174,-161.20651234,-107.10162902
226.27012545,-161.30266161,-107.13051982
226.23998884,-161.39882321,-107.16056947
226.20979035,-161.49499671,-107.19178398
226.17952846,-161.59118172,-107.22416724
226.14920178,-161.68737778,-107.25772338
226.11880873,-161.78358440,-107.29245381
226.08834812,-161.87980110,-107.32835813
226.05781842,-161.97602729,-107.36543500
226.02721851,-162.07226244,-107.40368098
225.99654705,-162.16850589,-107.44309074
225.96580294,-162.26475701,-107.48365668
225.93498501,-162.36101511,-107.52536980
225.90409221,-162.45727944,-107.56821887
225.87312355,-162.55354925,-107.61218956
225.84207815,-162.64982374,-107.65726677
225.81095496,-162.74610199,-107.70343207
225.77975328,-162.84238314,-107.75066477
225.74847219,-162.93866621,-107.79894226
225.71711106,-163.03495021,-107.84823872
225.68566913,-163.13123408,-107.89852680
225.65414586,-163.22751676,-107.94977689
225.62254062,-163.32379711,-108.00195705
225.59085292,-163.42007397,-108.05503236
225.55908231,-163.51634616,-108.10896689
225.52722846,-163.61261247,-108.16372337
225.49529087,-163.70887157,-108.21926134
225.46326940,-163.80512221,-108.27553809
225.43116377,-163.90136305,-108.33250897
225.39897397,-163.99759278,-108.39012757
225.36669983,-164.09380998,-108.44834626
225.33434151,-164.19001332,-108.50711553
225.30189899,-164.28620136,-108.56638393
225.26937252,-164.38237272,-108.62609778
225.23676241,-164.47852597,-108.68620336
225.20406898,-164.57465969,-108.74664546
225.17129256,-164.67077238,-108.80736578
225.13843381,-164.76686266,-108.86830477
225.10549325,-164.86292904,-108.92940276
225.07247168,-164.95897013,-108.99059917
225.03936976,-165.05498442,-109.05183114
225.00618851,-165.15097055,-109.11303575
224.97292878,-165.24692706,-109.17414934
224.93959167,-165.34285252,-109.23510552
224.90617833,-165.43874555,-109.29583930
224.87268995,-165.53460475,-109.35628492
224.83912777,-165.63042871,-109.41637384
224.80549328,-165.72621612,-109.47603910
224.77178790,-165.82196563,-109.53521401
224.73801314,-165.91767592,-109.59383069
224.70417059,-166.01334568,-109.65182042
224.67026200,-166.10897370,-109.70911603
224.63628900,-166.20455870,-109.76565099
224.60225344,-166.30009950,-109.82135693
224.56815727,-166.39559495,-109.87616784
224.53400237,-166.49104394,-109.93001854
224.49979072,-166.58644536,-109.98284330
224.46552452,-166.68179825,-110.03457837
224.43120583,-166.77710159,-110.08516140
224.39683682,-166.87235444,-110.13452953
224.36241977,-166.96755592,-110.18262185
224.32795705,-167.06270524,-110.22937959
224.29345093,-167.15780158,-110.27474422
224.25890390,-167.25284424,-110.31865840
224.22431849,-167.34783259,-110.36106728
224.18971636,-167.44277323,-110.40191821
224.15506184,-167.53765126,-110.44115879
224.12034571,-167.63246175,-110.47873891
224.08557683,-167.72720658,-110.51461157
224.05077548,-167.82189201,-110.54872979
224.01596742,-167.91652642,-110.58104893
223.98117897,-168.01111847,-110.61152697
223.94643299,-168.10567562,-110.64012312
223.91174600,-168.20020297,-110.66679894
223.87712582,-168.29470242,-110.69151853
223.84257013,-168.38917207,-110.71424867
223.80803919,-168.48359611,-110.73495666
223.77347500,-168.57795156,-110.75361418
223.73883746,-168.67222228,-110.77019546
223.70410376,-168.76639875,-110.78467501
223.66926659,-168.86047738,-110.79703203
223.63441777,-168.95449237,-110.80724811
223.59946804,-169.04840912,-110.81530687
223.56435933,-169.14220499,-110.82119455
223.52906402,-169.23586903,-110.82490074
223.49358154,-169.32940071,-110.82641783
223.45796633,-169.42282052,-110.82574029
223.42217446,-169.51611167,-110.82286717
223.38621383,-169.60927723,-110.81779849
223.35011842,-169.70233028,-110.81053767
223.31395117,-169.79529501,-110.80109239
223.27780697,-169.88820791,-110.78947055
223.24159896,-169.98103635,-110.77568364
223.20533857,-170.07378522,-110.75974642
223.16905452,-170.16646599,-110.74167529
223.13279355,-170.25909706,-110.72148919
223.09662207,-170.35170429,-110.69920922
223.06058244,-170.44430424,-110.67485971
223.02468477,-170.53690143,-110.64846602
222.98892916,-170.62949666,-110.62005620
222.95330733,-170.72208762,-110.58966062
222.91780440,-170.81466954,-110.55731024
222.88240193,-170.90723639,-110.52303963
222.84708151,-170.99978219,-110.48688463
222.81182955,-171.09230286,-110.44888172
222.77664278,-171.18479825,-110.40907003
222.74153515,-171.27727471,-110.36749086
222.70654552,-171.36974795,-110.32418709
222.67165889,-171.46221350,-110.27920208
222.63687787,-171.55467351,-110.23258060
222.60220515,-171.64713021,-110.18437031
222.56764319,-171.73958574,-110.13461959
222.53319442,-171.83204228,-110.08337759
222.49886115,-171.92450199,-110.03069452
222.46464560,-172.01696700,-109.97662233
222.43054985,-172.10943942,-109.92121431
222.39657589,-172.20192134,-109.86452557
222.36272559,-172.29441485,-109.80661133
222.32900076,-172.38692202,-109.74752751
222.29540295,-172.47944484,-109.68733209
222.26193371,-172.57198534,-109.62608433
222.22859445,-172.66454548,-109.56384379
222.19538643,-172.75712721,-109.50067064
222.16231078,-172.84973242,-109.43662624
222.12936853,-172.94236299,-109.37177222
222.09656054,-173.03502072,-109.30616978
222.06388760,-173.12770740,-109.23988168
222.03135037,-173.22042479,-109.17297061
221.99894933,-173.31317456,-109.10549933
221.96668486,-173.40595836,-109.03753137
221.93455724,-173.49877784,-108.96913015
221.90256668,-173.59163457,-108.90035928
221.87071326,-173.68453010,-108.83128265
221.83899690,-173.77746593,-108.76196393
221.80741746,-173.87044351,-108.69246602
221.77597467,-173.96346426,-108.62285256
221.74466817,-174.05652955,-108.55318688
221.71349747,-174.14964073,-108.48353169
221.68246200,-174.24279908,-108.41395014
221.65156103,-174.33600587,-108.34450553
221.62079380,-174.42926232,-108.27526097
221.59015941,-174.52256961,-108.20627860
221.55965688,-174.61592888,-108.13761965
221.52928509,-174.70934124,-108.06934591
221.49904285,-174.80280774,-108.00151923
221.46892881,-174.89632938,-107.93420053
221.43894149,-174.98990713,-107.86744961
221.40907940,-175.08354192,-107.80132672
221.37934084,-175.17723464,-107.73589107
221.34972402,-175.27098610,-107.67120129
221.32022709,-175.36479710,-107.60731560
221.29084800,-175.45866834,-107.54429080
221.26158466,-175.55260052,-107.48218251
221.23243473,-175.64659422,-107.42104555
221.20339590,-175.74065001,-107.36093382
221.17446564,-175.83476838,-107.30189947
221.14564134,-175.92894974,-107.24399477
221.11692029,-176.02319447,-107.18726908
221.08829967,-176.11750287,-107.13176935
221.05977655,-176.21187516,-107.07754262
221.03134795,-176.30631153,-107.02463295
221.00301079,-176.40081206,-106.97308302
220.97476186,-176.49537679,-106.92293338
220.94659790,-176.59000569,-106.87422217
220.91851562,-176.68469865,-106.82698593
220.89051161,-176.77945553,-106.78125919
220.86258245,-176.87427611,-106.73707541
220.83472477,-176.96916013,-106.69446412
220.80693493,-177.06410724,-106.65345358
220.77920940,-177.15911705,-106.61407039
220.75156326,-177.25419459,-106.57633808
220.72395623,-177.34932854,-106.54027808
220.69637266,-177.44451483,-106.50591015
220.66881408,-177.53975438,-106.47325240
220.64129300,-177.63505129,-106.44231988
220.61382738,-177.73041119,-106.41312619
220.58643627,-177.82583995,-106.38568248
220.55913605,-177.92134259,-106.35999659
220.53193745,-178.01692240,-106.33607552
220.50484371,-178.11258043,-106.31392419
220.47784880,-178.20831496,-106.29354432
220.45088977,-178.30410749,-106.27493551
220.42394062,-178.39995043,-106.25809562
220.39697758,-178.49583677,-106.24302041
220.36997902,-178.59176014,-106.22970364
220.34294807,-178.68772126,-106.21813655
220.31582901,-178.78370375,-106.20830663
220.28858982,-178.87969801,-106.20020023
220.26121871,-178.97570026,-106.19380211
220.23370508,-179.07170699,-106.18909344
220.20605298,-179.16771886,-106.18605372
220.17830868,-179.26374871,-106.18466041
220.15046625,-179.35979415,-106.18488858
220.12252333,-179.45585378,-106.18671166
220.09448107,-179.55192709,-106.19010193
220.06634431,-179.64801462,-106.19502852
220.03806437,-179.74410130,-106.20145902
220.00963839,-179.84018530,-106.20936071
219.98107322,-179.93626757,-106.21869796
219.95237805,-180.03234968,-106.22943444
219.92358549,-180.12844000,-106.24153349
219.89474687,-180.22455228,-106.25495557
219.86585668,-180.32068376,-106.26966069
219.83693286,-180.41683850,-106.28560826
219.80799492,-180.51302101,-106.30275637
219.77906387,-180.60923626,-106.32106212
219.75019807,-180.70550024,-106.34048310
219.72139487,-180.80181105,-106.36097612
219.69264250,-180.89816404,-106.38249603
219.66392170,-180.99455241,-106.40499907
219.63520831,-181.09096787,-106.42844087
219.60647638,-181.18740159,-106.45277526
219.57770208,-181.28384533,-106.47795706
219.54886809,-181.38029275,-106.50394153
219.51996909,-181.47674104,-106.53068200
219.49101781,-181.57319269,-106.55813366
219.46205173,-181.66965755,-106.58625208
219.43305007,-181.76612826,-106.61499189
219.40401207,-181.86260338,-106.64430833
219.37493695,-181.95908150,-106.67415658
219.34582403,-182.05556120,-106.70449184
219.31667270,-182.15204110,-106.73527011
219.28748235,-182.24851984,-106.76644821
219.25825235,-182.34499607,-106.79798217
219.22898217,-182.44146848,-106.82982885
219.19967134,-182.53793580,-106.86194734
219.17031926,-182.63439676,-106.89429647
219.14092548,-182.73085015,-106.92683721
219.11148946,-182.82729477,-106.95953223
219.08201072,-182.92372949,-106.99234326
219.05248882,-183.02015321,-107.02523484
219.02292336,-183.11656490,-107.05817454
218.99331381,-183.21296351,-107.09113021
218.96365981,-183.30934810,-107.12407075
218.93396095,-183.40571777,-107.15696742
218.90421695,-183.50207168,-107.18979349
218.87442745,-183.59840903,-107.22252399
218.84459223,-183.69472910,-107.25513571
218.81471091,-183.79103118,-107.28760698
218.78478335,-183.88731467,-107.31991748
218.75480944,-183.98357902,-107.35204952
218.72478898,-184.07982371,-107.38398775
218.69472181,-184.17604826,-107.41571659
218.66460793,-184.27225229,-107.44722260
218.63444730,-184.36843542,-107.47849343
218.60423999,-184.46459737,-107.50951828
218.57398605,-184.56073785,-107.54028870
218.54368554,-184.65685666,-107.57079624
218.51333863,-184.75295360,-107.60103319
218.48294550,-184.84902856,-107.63099331
218.45250635,-184.94508142,-107.66067256
218.42202138,-185.04111209,-107.69006671
218.39149083,-185.13712052,-107.71917107
218.36091502,-185.23310671,-107.74798293
218.33029415,-185.32907061,-107.77649990
218.29962865,-185.42501231,-107.80472049
218.26891872,-185.52093179,-107.83264451
218.23816465,-185.61682911,-107.86027053
218.20736686,-185.71270438,-107.88759836
218.17652561,-185.80855766,-107.91462937
218.14564125,-185.90438906,-107.94136438
218.11471408,-186.00019870,-107.96780425
218.08374444,-186.09598671,-107.99395168
218.05273274,-186.19175327,-108.01980944
218.02167923,-186.28749849,-108.04537959
217.99058440,-186.38322261,-108.07066591
217.95944853,-186.47892577,-108.09567213
217.92827200,-186.57460818,-108.12040026
217.89705532,-186.67027006,-108.14485508
217.86579885,-186.76591162,-108.16904059
217.83450305,-186.86153307,-108.19295937
217.80316834,-186.95713464,-108.21661574
217.77179524,-187.05271657,-108.24001319
217.74038422,-187.14827908,-108.26315550
217.70893575,-187.24382238,-108.28604516
217.67745042,-187.33934674,-108.30868504
217.64592869,-187.43485234,-108.33107799
217.61437116,-187.53033943,-108.35322540
217.58277845,-187.62580825,-108.37512945
217.55115104,-187.72125896,-108.39679159
217.51948962,-187.81669180,-108.41821298
217.48779475,-187.91210695,-108.43939332
217.45606707,-188.00750459,-108.46033137
217.42430720,-188.10288488,-108.48102747
217.39251573,-188.19824797,-108.50147942
217.36069338,-188.29359402,-108.52168474
217.32884069,-188.38892312,-108.54164118
217.29695835,-188.48423541,-108.56134528
217.26504701,-188.57953100,-108.58079356
217.23310724,-188.67480994,-108.59998196
217.20113972,-188.77007235,-108.61890612
217.16914500,-188.86531826,-108.63756087
217.13712383,-188.96054777,-108.65594109
217.10507677,-189.05576091,-108.67404127
217.07300445,-189.15095771,-108.69185552
217.04090759,-189.24613826,-108.70937799
217.00878677,-189.34130256,-108.72660184
216.97666192,-189.43645720,-108.74352034
216.94449822,-189.53159012,-108.76012682
216.91228217,-189.62669651,-108.77641344
216.88001626,-189.72177697,-108.79237273
216.84771441,-189.81683602,-108.80799676
216.81539774,-189.91188064,-108.82327763
216.78309072,-190.00691895,-108.83820655
216.75081803,-190.10195914,-108.85277445
216.71860158,-190.19700848,-108.86697285
216.68645799,-190.29207241,-108.88079175
216.65439680,-190.38715394,-108.89422090
216.62236999,-190.48223647,-108.90725039
216.59036237,-190.57731449,-108.91986917
216.55835917,-190.67238267,-108.93206574
216.52634609,-190.76743578,-108.94382949
216.49431746,-190.86247154,-108.95514919
216.46227556,-190.95749043,-108.96601276
216.43015147,-191.05246834,-108.97640849
216.39790466,-191.14739096,-108.98632542
216.36552083,-191.24225296,-108.99575102
216.33300886,-191.33705703,-109.00467361
216.30042882,-191.43182352,-109.01308289
216.26779822,-191.52655812,-109.02096650
216.23514068,-191.62126864,-109.02831358
216.20248338,-191.71596414,-109.03511509
216.16985439,-191.81065403,-109.04136097
216.13725919,-191.90533998,-109.04704281
216.10463896,-192.00000149,-109.05215303
216.07198342,-192.09463484,-109.05668495
216.03929425,-192.18924042,-109.06063288
216.00658862,-192.28382402,-109.06399145
215.97390312,-192.37839812,-109.06675618
215.94121866,-192.47295604,-109.06892323
215.90853625,-192.56749802,-109.07048929
215.87585692,-192.66202435,-109.07145105
215.84318169,-192.75653532,-109.07180639
215.81051156,-192.85103123,-109.07155427
215.77784757,-192.94551238,-109.07069354
215.74519071,-193.03997911,-109.06922243
215.71256224,-193.13443872,-109.06714050
215.67992773,-193.22887930,-109.06444699
215.64727159,-193.32329545,-109.06114085
215.61459378,-193.41768715,-109.05722245
215.58190614,-193.51205847,-109.05269069
215.54926624,-193.60642924,-109.04754449
215.51667857,-193.70080099,-109.04178346
215.48411663,-193.79516457,-109.03540750
215.45155424,-193.88951094,-109.02841661
215.41896846,-193.98383219,-109.02080871
215.38634210,-194.07812243,-109.01258350
215.35361482,-194.17236084,-109.00374135
215.32077676,-194.26654405,-108.99428079
215.28784141,-194.36067678,-108.98420234
215.25484872,-194.45477284,-108.97350620
215.22186778,-194.54885608,-108.96219122
215.18890558,-194.64292893,-108.95025856
215.15596638,-194.73699288,-108.93770932
215.12306643,-194.83105353,-108.92454462
215.09022278,-194.92511678,-108.91076569
215.05745313,-195.01918873,-108.89637361
215.02480830,-195.11328674,-108.88137141
214.99228224,-195.20740877,-108.86576193
214.95986144,-195.30155027,-108.84954995
214.92752701,-195.39570487,-108.83273948
214.89525692,-195.48986517,-108.81533453
214.86302892,-195.58402368,-108.79734258
214.83082391,-195.67817406,-108.77876981
214.79862963,-195.77231233,-108.75962353
214.76644508,-195.86643838,-108.73991197
214.73428532,-195.96055761,-108.71964355
214.70218691,-196.05468273,-108.69882937
214.67013211,-196.14880799,-108.67748167
214.63812203,-196.24293409,-108.65561226
214.60615790,-196.33706183,-108.63323466
214.57424086,-196.43119197,-108.61036402
214.54237203,-196.52532533,-108.58701690
214.51055266,-196.61946279,-108.56321170
214.47878382,-196.71360522,-108.53896738
214.44706668,-196.80775358,-108.51430453
214.41540229,-196.90190880,-108.48924607
214.38379175,-196.99607190,-108.46381677
214.35223619,-197.09024394,-108.43804221
214.32073662,-197.18442601,-108.41194960
214.28929407,-197.27861925,-108.38557015
214.25790956,-197.37282485,-108.35893591
214.22658399,-197.46704405,-108.33208167
214.19531838,-197.56127817,-108.30504502
214.16411357,-197.65552855,-108.27786491
214.13297040,-197.74979661,-108.25058360
214.10188963,-197.84408379,-108.22324626
214.07087201,-197.93839162,-108.19590071
214.03991816,-198.03272168,-108.16859672
214.00902865,-198.12707559,-108.14138829
213.97820389,-198.22145502,-108.11433221
213.94744437,-198.31586174,-108.08748752
213.91675024,-198.41029750,-108.06091781
213.88613930,-198.50476987,-108.03468849
213.85557663,-198.59926941,-108.00886818
213.82505102,-198.69379452,-107.98352979
213.79456784,-198.78834902,-107.95874895
213.76414296,-198.88294020,-107.93460455
213.73379736,-198.97757711,-107.91117905
213.70355261,-199.07226903,-107.88855789
213.67342707,-199.16702432,-107.86683011
213.64343290,-199.26184939,-107.84608769
213.61359384,-199.35675449,-107.82642591
213.58387248,-199.45173032,-107.80794300
213.55418735,-199.54675350,-107.79074071
213.52450320,-199.64181570,-107.77492431
213.49479766,-199.73691285,-107.76060122
213.46506076,-199.83204497,-107.74788279
213.43537876,-199.92724289,-107.73688379
213.40569724,-200.02249264,-107.72772138
213.37590592,-200.11776249,-107.72051607
213.34592702,-200.21303116,-107.71539090
213.31571398,-200.30828738,-107.71247039
213.28519842,-200.40351289,-107.71188305
213.25439677,-200.49871661,-107.71375968
213.22330169,-200.59389984,-107.71823214
213.19193961,-200.68907462,-107.72543465
213.16037576,-200.78426537,-107.73550252
213.12871923,-200.87951048,-107.74857252
213.09691304,-200.97479523,-107.76478361
213.06491113,-201.07010840,-107.78427415
213.03271705,-201.16545454,-107.80718249
213.00035101,-201.26084349,-107.83364692
212.96788337,-201.35630131,-107.86380623
212.93535450,-201.45184421,-107.89779744
212.90274062,-201.54746780,-107.93575494
212.87003008,-201.64317144,-107.97781242
212.83720401,-201.73895203,-108.02410046
212.80423842,-201.83480466,-108.07474688
212.77110750,-201.93072367,-108.12987818
212.73778788,-202.02670400,-108.18961650
212.70426454,-202.12274310,-108.25407956
212.67053769,-202.21884316,-108.32338212
212.63663141,-202.31501397,-108.39763425
212.60252357,-202.41125012,-108.47694111
212.56820683,-202.50755077,-108.56140325
212.53367364,-202.60391481,-108.65111549
212.49891660,-202.70034095,-108.74616792
212.46392803,-202.79682760,-108.84664478
212.42870036,-202.89337293,-108.95262412
212.39322591,-202.98997487,-109.06417849
212.35749699,-203.08663109,-109.18137339
212.32150590,-203.18333900,-109.30426793
212.28524489,-203.28009575,-109.43291458
212.24870623,-203.37689825,-109.56735923
212.21188219,-203.47374313,-109.70764058
212.17476498,-203.57062673,-109.85378822
212.13734697,-203.66754521,-110.00582678
212.09962038,-203.76449438,-110.16377251
212.06157754,-203.86146985,-110.32763160
212.02321081,-203.95846695,-110.49740582
211.98451253,-204.05548078,-110.67308805
211.94547516,-204.15250617,-110.85466270
211.90609119,-204.24953774,-111.04210710
211.86635321,-204.34656991,-111.23539116
211.82625384,-204.44359682,-111.43447757
211.78578579,-204.54061243,-111.63932004
211.74494196,-204.63761052,-111.84986608
211.70371523,-204.73458461,-112.06605639
211.66209870,-204.83152810,-112.28782253
211.62008565,-204.92843418,-112.51509002
211.57766936,-205.02529586,-112.74777714
211.53484342,-205.12210603,-112.98579395
211.49160149,-205.21885738,-113.22904492
211.44793746,-205.31554251,-113.47742832
211.40384535,-205.41215386,-113.73083590
211.35931933,-205.50868375,-113.98915308
211.31435385,-205.60512442,-114.25225907
211.26894348,-205.70146798,-114.52002886
211.22308302,-205.79770646,-114.79233154
211.17676745,-205.89383182,-115.06903102
211.12999195,-205.98983595,-115.34998769
211.08275192,-206.08571069,-115.63505742
211.03504299,-206.18144785,-115.92409291
210.98686095,-206.27703918,-116.21694365
210.93820183,-206.37247642,-116.51345682
210.88906183,-206.46775130,-116.81347646
210.83943741,-206.56285555,-117.11684424
210.78932527,-206.65778095,-117.42340209
210.73872222,-206.75251923,-117.73299146
210.68762535,-206.84706221,-118.04545234
210.63603194,-206.94140176,-118.36062519
210.58393949,-207.03552978,-118.67835183
210.53134569,-207.12943825,-118.99847457
210.47824840,-207.22311919,-119.32083742
210.42464574,-207.31656475,-119.64528678
210.37053592,-207.40976713,-119.97167116
210.31591741,-207.50271863,-120.29984171
210.26078890,-207.59541172,-120.62965430
210.20514916,-207.68783890,-120.96096845
210.14899713,-207.77999281,-121.29364656
210.09233198,-207.87186625,-121.62755635
210.03515300,-207.96345213,-121.96257131
209.97745957,-208.05474346,-122.29857005
209.91925126,-208.14573343,-122.63543572
209.86052776,-208.23641536,-122.97305874
209.80128885,-208.32678271,-123.31133585
209.74153445,-208.41682907,-123.65016833
209.68126463,-208.50654825,-123.98946580
209.62047944,-208.59593411,-124.32914491
209.55917910,-208.68498074,-124.66912809
209.49736393,-208.77368237,-125.00934547
209.43503428,-208.86203337,-125.34973538
209.37219057,-208.95002826,-125.69024256
209.30883328,-209.03766171,-126.03081835
209.24496300,-209.12492858,-126.37142228
209.18058032,-209.21182385,-126.71202101
209.11568590,-209.29834265,-127.05258738
209.05028054,-209.38448033,-127.39310227
208.98436490,-209.47023227,-127.73355305
208.91793984,-209.55559407,-128.07393326
208.85100621,-209.64056146,-128.41424323
208.78356487,-209.72513028,-128.75448922
208.71561673,-209.80929647,-129.09468330
208.64716272,-209.89305612,-129.43484234
208.57820381,-209.97640542,-129.77498849
208.50874098,-210.05934065,-130.11514945
208.43877522,-210.14185819,-130.45535680
208.36830756,-210.22395451,-130.79564723
208.29733893,-210.30562606,-131.13606052
208.22587035,-210.38686944,-131.47663983
208.15390277,-210.46768123,-131.81743268
208.08143717,-210.54805807,-132.15848868
208.00847447,-210.62799660,-132.49986070
207.93501560,-210.70749348,-132.84160383
207.86106147,-210.78654543,-133.18377538
207.78661296,-210.86514909,-133.52643492
207.71167091,-210.94330113,-133.86964440
207.63623615,-211.02099822,-134.21346743
207.56030950,-211.09823698,-134.55796824
207.48389178,-211.17501403,-134.90321182
207.40698376,-211.25132595,-135.24926441
207.32958626,-211.32716930,-135.59619278
207.25170008,-211.40254060,-135.94406363
207.17332605,-211.47743636,-136.29294326
207.09446501,-211.55185302,-136.64289840
207.01511778,-211.62578696,-136.99399448
206.93528527,-211.69923456,-137.34629565
206.85496837,-211.77219206,-137.69986457
206.77416802,-211.84465571,-138.05476285
206.69288518,-211.91662161,-138.41104999
206.61112089,-211.98808587,-138.76878259
206.52887614,-212.05904442,-139.12801571
206.44615205,-212.12949319,-139.48880166
206.36294969,-212.19942791,-139.85119041
206.27927027,-212.26884431,-140.21522966
206.19511494,-212.33773792,-140.58096283
206.11048497,-212.40610427,-140.94843079
206.02538164,-212.47393869,-141.31767224
205.93980637,-212.54123656,-141.68872304
205.85376054,-212.60799301,-142.06161559
205.76724569,-212.67420325,-142.43637914
205.68026336,-212.73986224,-142.81303993
205.59281527,-212.80496502,-143.19162135
205.50490311,-212.86950641,-143.57214303
205.41652873,-212.93348120,-143.95462073
205.32769404,-212.99688406,-144.33906745
205.23840111,-213.05970969,-144.72549217
205.14865205,-213.12195260,-145.11390032
205.05844911,-213.18360735,-145.50429429
204.96779457,-213.24466826,-145.89667354
204.87669088,-213.30512974,-146.29103462
204.78514050,-213.36498598,-146.68737054
204.69314612,-213.42423127,-147.08567228
204.60071034,-213.48285962,-147.48592805
204.50783602,-213.54086515,-147.88812243
204.41452605,-213.59824189,-148.29223840
204.32078344,-213.65498380,-148.69825676
204.22661128,-213.71108478,-149.10615618
204.13201280,-213.76653877,-149.51591426
204.03699129,-213.82133960,-149.92750702
203.94155017,-213.87548112,-150.34090829
203.84569295,-213.92895713,-150.75609061
203.74942328,-213.98176152,-151.17302670
203.65274487,-214.03388803,-151.59168776
203.55566157,-214.08533053,-152.01204246
203.45817738,-214.13608292,-152.43406151
203.36029631,-214.18613902,-152.85771491
203.26202260,-214.23549277,-153.28297099
203.16336052,-214.28413810,-153.70979839
203.06431450,-214.33206903,-154.13816523
202.96488907,-214.37927958,-154.56803923
202.86508891,-214.42576388,-154.99938791
202.76491881,-214.47151615,-155.43217930
202.66438363,-214.51653059,-155.86638129
202.56348842,-214.56080158,-156.30196071
202.46223835,-214.60432361,-156.73888635
202.36063864,-214.64709112,-157.17712510
202.25869472,-214.68909882,-157.61664365
202.15641210,-214.73034139,-158.05740853
202.05379644,-214.77081377,-158.49938580
201.95085352,-214.81051090,-158.94254191
201.84758928,-214.84942800,-159.38684149
201.74400974,-214.88756035,-159.83224955
201.64012109,-214.92490337,-160.27872997
201.53592964,-214.96145268,-160.72624450
201.43144185,-214.99720409,-161.17475487
201.32666428,-215.03215350,-161.62422069
201.22160367,-215.06629712,-162.07460025
201.11626686,-215.09963120,-162.52584945
201.01066086,-215.13215235,-162.97792218
200.90479277,-215.16385724,-163.43077047
200.79866987,-215.19474287,-163.88434323
200.69229953,-215.22480633,-164.33858773
200.58568927,-215.25404504,-164.79344723
200.47884673,-215.28245657,-165.24886208
200.37177968,-215.31003878,-165.70476951
200.26449599,-215.33678970,-166.16110424
200.15700366,-215.36270763,-166.61779698
200.04931079,-215.38779106,-167.07477464
199.94142558,-215.41203877,-167.53196039
199.83335636,-215.43544974,-167.98927379
199.72511152,-215.45802322,-168.44663112
199.61669954,-215.47975866,-168.90394366
199.50812902,-215.50065589,-169.36111980
199.39940860,-215.52071486,-169.81806507
199.29054697,-215.53993585,-170.27467993
199.18155294,-215.55831945,-170.73086280
199.07243529,-215.57586642,-171.18650789
198.96320293,-215.59257793,-171.64150618
198.85386476,-215.60845535,-172.09574505
198.74442974,-215.62350044,-172.54910845
198.63490684,-215.63771519,-173.00147731
198.52530508,-215.65110200,-173.45272800
198.41563346,-215.66366363,-173.90273663
198.30590102,-215.67540304,-174.35137527
198.19611677,-215.68632364,-174.79851110
198.08628972,-215.69642920,-175.24401002
197.97642888,-215.70572378,-175.68773425
197.86654324,-215.71421190,-176.12954373
197.75664175,-215.72189827,-176.56929562
197.64673331,-215.72878813,-177.00684368
197.53682679,-215.73488689,-177.44203923
197.42693103,-215.74020046,-177.87473136
197.31705476,-215.74473507,-178.30476835
197.20720668,-215.74849708,-178.73199439
197.09739540,-215.75149342,-179.15625187
196.98762942,-215.75373126,-179.57738287
196.87791716,-215.75521804,-179.99522821
196.76826691,-215.75596157,179.59037123
196.65868687,-215.75596985,179.17957586
196.54918507,-215.75525126,178.77254576
196.43976944,-215.75381441,178.36944111
196.33044775,-215.75166827,177.97042171
196.22122761,-215.74882205,177.57564481
196.11211648,-215.74528511,177.18526829
196.00312162,-215.74106730,176.79944772
195.89425013,-215.73617859,176.41833530
195.78550891,-215.73062920,176.04208151
195.67690466,-215.72442960,175.67083375
195.56844390,-215.71759034,175.30473695
195.46013293,-215.71012234,174.94393286
195.35197783,-215.70203659,174.58855923
195.24398448,-215.69334435,174.23874994
195.13615850,-215.68405693,173.89463323
195.02850529,-215.67418582,173.55633365
194.92102999,-215.66374272,173.22397017
194.81373749,-215.65273932,172.89765502
194.70663246,-215.64118743,172.57749533
194.59971926,-215.62909893,172.26359093
194.49300204,-215.61648570,171.95603693
194.38648464,-215.60335979,171.65492203
194.28017066,-215.58973320,171.36032598
194.17406339,-215.57561795,171.07232200
194.06816588,-215.56102610,170.79097664
193.96248085,-215.54596968,170.51634802
193.85701077,-215.53046067,170.24848636
193.75175781,-215.51451102,169.98743389
193.64672386,-215.49813260,169.73322510
193.54191051,-215.48133723,169.48588619
193.43731908,-215.46413658,169.24543551
193.33295057,-215.44654241,169.01188329
193.22880572,-215.42856620,168.78523095
193.12488498,-215.41021936,168.56547246
193.02118851,-215.39151323,168.35259395
192.91771617,-215.37245896,168.14657171
192.81446759,-215.35306751,167.94737550
192.71144211,-215.33334972,167.75496795
192.60863880,-215.31331625,167.56930326
192.50605645,-215.29297762,167.39032854
192.40369363,-215.27234408,167.21798338
192.30154860,-215.25142586,167.05219972
192.19961945,-215.23023275,166.89290285
192.09790394,-215.20877452,166.74001218
191.99639967,-215.18706067,166.59343915
191.89510397,-215.16510052,166.45308889
191.79401401,-215.14290305,166.31886210
191.69312671,-215.12047716,166.19065379
191.59243880,-215.09783145,166.06835306
191.49194681,-215.07497444,165.95184376
191.39164711,-215.05191430,165.84100541
191.29153588,-215.02865904,165.73571186
191.19160917,-215.00521633,165.63583385
191.09186284,-214.98159381,165.54123888
190.99229265,-214.95779872,165.45178963
190.89289423,-214.93383814,165.36734627
190.79366311,-214.90971884,165.28776590
190.69459471,-214.88544746,165.21290390
190.59568433,-214.86103036,165.14261323
190.49692723,-214.83647369,165.07674355
190.39831854,-214.81178339,165.01514259
190.29985338,-214.78696509,164.95765693
190.20152681,-214.76202423,164.90413276
190.10332874,-214.73698453,164.85441375
190.00526390,-214.71181536,164.80834292
189.90733063,-214.68650933,164.76576319
189.80952273,-214.66107511,164.72651660
189.71183113,-214.63553178,164.69044639
189.61424514,-214.60990385,164.65739533
189.51675369,-214.58421717,164.62720668
189.41934613,-214.55849575,164.59972328
189.32201306,-214.53275907,164.57479053
189.22474676,-214.50702038,164.55225498
189.12754169,-214.48128514,164.53196341
189.03040750,-214.45550363,164.51376567
188.93334405,-214.42966217,164.49751376
188.83635072,-214.40374899,164.48306297
188.73942643,-214.37775428,164.47027047
188.64256088,-214.35170153,164.45899711
188.54576368,-214.32554315,164.44910785
188.44904581,-214.29922683,164.44046978
188.35240931,-214.27273282,164.43295521
188.25584870,-214.24606857,164.42643953
188.15935247,-214.21926360,164.42080301
188.06289614,-214.19239421,164.41593071
187.96646867,-214.16548903,164.41171157
187.87005822,-214.13857988,164.40804083
187.77365293,-214.11169918,164.40481699
187.67724169,-214.08487713,164.40194378
187.58083710,-214.05805925,164.39932956
187.48444655,-214.03121039,164.39688739
187.38807020,-214.00432173,164.39453552
187.29170499,-213.97739654,164.39219641
187.19534384,-213.95045282,164.38979804
187.09897511,-213.92352547,164.38727165
187.00260314,-213.89659249,164.38455275
186.90622062,-213.86967404,164.38158256
186.80983645,-213.84273269,164.37830472
186.71345429,-213.81575024,164.37466632
186.61707351,-213.78872415,164.37061988
186.52069011,-213.76166433,164.36612164
186.42428755,-213.73462577,164.36113043
186.32786256,-213.70761643,164.35560920
186.23142262,-213.68060630,164.34952493
186.13497524,-213.65356553,164.34284672
186.03852724,-213.62646724,164.33554695
185.94208389,-213.59929024,164.32760054
185.84566314,-213.57196852,164.31898471
185.74926853,-213.54448768,164.30968120
185.65289696,-213.51685740,164.29967391
185.55653765,-213.48911499,164.28894825
185.46017127,-213.46132837,164.27749195
185.36379477,-213.43350760,164.26529535
185.26740800,-213.40565255,164.25235174
185.17100668,-213.37777796,164.23865546
185.07458632,-213.34989946,164.22420241
184.97814223,-213.32203355,164.20899048
184.88165990,-213.29423124,164.19301963
184.78514145,-213.26648512,164.17629287
184.68859119,-213.23878020,164.15881277
184.59201513,-213.21109562,164.14058308
184.49542028,-213.18340719,164.12161012
184.39881381,-213.15569026,164.10189986
184.30220214,-213.12792299,164.08145991
184.20558971,-213.10009062,164.06029858
184.10897780,-213.07218974,164.03842455
184.01236298,-213.04423346,164.01584906
183.91573546,-213.01625743,163.99258292
183.81910134,-212.98824133,163.96863780
183.72246119,-212.96018443,163.94402675
183.62581566,-212.93208584,163.91876237
183.52916533,-212.90394481,163.89285830
183.43251083,-212.87576057,163.86632803
183.33585284,-212.84753230,163.83918710
183.23919197,-212.81925931,163.81145076
183.14252890,-212.79094085,163.78313328
183.04586431,-212.76257615,163.75425240
182.94919884,-212.73416461,163.72482476
182.85253319,-212.70570551,163.69486629
182.75586800,-212.67719826,163.66439443
182.65920399,-212.64864219,163.63342651
182.56254182,-212.62003670,163.60198035
182.46588218,-212.59138122,163.57007373
182.36922576,-212.56267515,163.53772553
182.27257324,-212.53391801,163.50495457
182.17592530,-212.50510927,163.47177870
182.07928264,-212.47624841,163.43821740
181.98264589,-212.44733509,163.40428978
181.88601575,-212.41836881,163.37001426
181.78939286,-212.38934918,163.33540979
181.69277791,-212.36027578,163.30049605
181.59617154,-212.33114830,163.26529261
181.49957443,-212.30196637,163.22981864
181.40298719,-212.27272973,163.19409359
181.30641046,-212.24343814,163.15813760
181.20984486,-212.21409140,163.12197010
181.11329101,-212.18468933,163.08561023
181.01674944,-212.15523192,163.04907775
180.92022077,-212.12571904,163.01239208
180.82370556,-212.09615075,162.97557316
180.72720434,-212.06652711,162.93864163
180.63071765,-212.03684834,162.90161797
180.53424605,-212.00711460,162.86452392
180.43779003,-211.97732627,162.82738133
180.34135014,-211.94748370,162.79021278
180.24492687,-211.91758744,162.75304243
180.14852073,-211.88763802,162.71589479
180.05213220,-211.85763617,162.67879466
179.95576185,-211.82758248,162.64176865
179.85941015,-211.79747783,162.60484508
179.76307766,-211.76732303,162.56805200
179.66676489,-211.73711904,162.53141920
179.57047244,-211.70686680,162.49497883
179.47420082,-211.67656742,162.45876322
179.37795066,-211.64622193,162.42280611
179.28172250,-211.61583162,162.38714299
179.18551695,-211.58539763,162.35180971
179.08933461,-211.55492130,162.31684212
178.99317613,-211.52440382,162.28227860
178.89704210,-211.49384662,162.24815845
178.80093318,-211.46325104,162.21452045
178.70485001,-211.43261853,162.18140524
178.60879328,-211.40195046,162.14885389
178.51276360,-211.37124838,162.11690797
178.41676165,-211.34051375,162.08560967
178.32078806,-211.30974817,162.05500023
178.22484348,-211.27895314,162.02512110
178.12892853,-211.24813034,161.99601420
178.03303771,-211.21730001,161.96772147
177.93718346,-211.18642764,161.94028447
177.84137058,-211.15550215,161.91374389
177.74559822,-211.12452960,161.88813965
177.64986188,-211.09352703,161.86351160
177.55415502,-211.06251771,161.83989937
177.45847049,-211.03152656,161.81734082
177.36280169,-211.00057669,161.79587306
177.26714362,-210.96968633,161.77553282
177.17149352,-210.93886672,161.75635526
177.07585155,-210.90812019,161.73837419
176.98023660,-210.87739196,161.72162274
176.88465596,-210.84666272,161.70613278
176.78911641,-210.81591473,161.69193416
176.69362419,-210.78513174,161.67905654
176.59817816,-210.75431977,161.66752817
176.50279484,-210.72343153,161.65737466
176.40748469,-210.69243784,161.64862152
176.31225020,-210.66133354,161.64129236
176.21709555,-210.63010803,161.63540859
176.12201981,-210.59876614,161.63099049
176.02700770,-210.56735555,161.62805718
175.93206070,-210.53587346,161.62662525
175.83717903,-210.50432051,161.62671026
175.74236180,-210.47270058,161.62832603
175.64760693,-210.44102090,161.63148350
175.55292846,-210.40923979,161.63619218
175.45832722,-210.37735532,161.64245908
175.36379951,-210.34537883,161.65028942
175.26934318,-210.31331681,161.65968528
175.17494712,-210.28120255,161.67064636
175.08059367,-210.24908878,161.68317123
174.98628364,-210.21697256,161.69725470
174.89201001,-210.18487429,161.71289034
174.79776516,-210.15281616,161.73006897
174.70354078,-210.12082223,161.74877879
174.60931723,-210.08895111,161.76900639
174.51509254,-210.05720752,161.79073451
174.42086745,-210.02558772,161.81394486
174.32664506,-209.99408063,161.83861555
174.23243003,-209.96267019,161.86472199
174.13822773,-209.93133793,161.89223889
174.04404316,-209.90006630,161.92113635
173.94987943,-209.86884319,161.95138220
173.85573626,-209.83766662,161.98294219
173.76160800,-209.80655079,162.01577886
173.66748144,-209.77553281,162.04985301
173.57336040,-209.74459763,162.08512179
173.47924291,-209.71374778,162.12154076
173.38512698,-209.68298551,162.15906278
173.29101056,-209.65231315,162.19763683
173.19689161,-209.62173280,162.23721185
173.10276811,-209.59124638,162.27773264
173.00863795,-209.56085581,162.31914171
172.91449906,-209.53056274,162.36138052
172.82034936,-209.50036874,162.40438670
172.72618676,-209.47027525,162.44809702
172.63200919,-209.44028345,162.49244622
172.53781458,-209.41039448,162.53736711
172.44360090,-209.38060913,162.58279114
172.34936609,-209.35092825,162.62864775
172.25510818,-209.32135232,162.67486600
172.16082519,-209.29188166,162.72137336
172.06651518,-209.26251650,162.76809606
171.97217627,-209.23325678,162.81495984
171.87780659,-209.20410232,162.86188929
171.78340432,-209.17505277,162.90880972
171.68896774,-209.14610746,162.95564565
171.59449513,-209.11726574,163.00232111
171.49998484,-209.08852660,163.04876060
171.40543530,-209.05988900,163.09488963
171.31084498,-209.03135163,163.14063375
171.21621242,-209.00291305,163.18591864
171.12153624,-208.97457169,163.23067125
171.02681510,-208.94632578,163.27481907
170.93204774,-208.91817342,163.31829093
170.83723295,-208.89011263,163.36101737
170.74236965,-208.86214110,163.40292869
170.64745674,-208.83425659,163.44395694
170.55249325,-208.80645663,163.48403628
170.45747827,-208.77873863,163.52310190
170.36241096,-208.75109983,163.56109046
170.26729056,-208.72353744,163.59794024
170.17211073,-208.69606790,163.63359200
170.07688202,-208.66864983,163.66798808
169.98160754,-208.64126742,163.70107263
169.88628521,-208.61392292,163.73279278
169.79090974,-208.58662985,163.76309655
169.69547421,-208.55940763,163.79193437
169.59997153,-208.53227650,163.81926077
169.50439553,-208.50525385,163.84503109
169.40874187,-208.47835100,163.86920365
169.31300864,-208.45157112,163.89174042
169.21719687,-208.42490739,163.91260538
169.12132500,-208.39829319,163.93176629
169.02540030,-208.37170037,163.94919264
168.92942313,-208.34512499,163.96485746
168.83341028,-208.31850606,163.97873747
168.73737296,-208.29180213,163.99081098
168.64131663,-208.26499227,164.00106133
168.54523129,-208.23810979,164.00947531
168.44913222,-208.21110007,164.01604256
168.35302779,-208.18393302,164.02075621
168.25692027,-208.15660035,164.02361296
168.16079761,-208.12914408,164.02461380
168.06466180,-208.10155773,164.02376273
167.96851222,-208.07384440,164.02106744
167.87236174,-208.04596047,164.01653999
167.77620939,-208.01791113,164.01019463
167.68004839,-207.98972225,164.00205003
167.58386740,-207.96143609,163.99212962
167.48767974,-207.93300906,163.98045893
167.39148117,-207.90445930,163.96706769
167.29526230,-207.87582322,163.95198989
167.19900808,-207.84715724,163.93526161
167.10272048,-207.81845860,163.91692281
167.00639434,-207.78974958,163.89701737
166.91001368,-207.76108973,163.87559286
166.81357938,-207.73248070,163.85269805
166.71709519,-207.70391455,163.82838550
166.62056714,-207.67537554,163.80271090
166.52400302,-207.64684217,163.77573225
166.42741146,-207.61829033,163.74751132
166.33080083,-207.58969708,163.71811081
166.23417790,-207.56104522,163.68759499
166.13754628,-207.53232866,163.65603116
166.04090448,-207.50355907,163.62348977
165.94424377,-207.47477304,163.59004217
165.84757171,-207.44595129,163.55576045
165.75089041,-207.41709341,163.52071905
165.65420199,-207.38819907,163.48499328
165.55750859,-207.35926794,163.44866031
165.46081231,-207.33029988,163.41179821
165.36411528,-207.30129468,163.37448481
165.26741959,-207.27225229,163.33679750
165.17072737,-207.24317250,163.29881432
165.07404063,-207.21405540,163.26061319
164.97736142,-207.18490099,163.22227023
164.88069174,-207.15570935,163.18386264
164.78403354,-207.12648066,163.14546535
164.68738874,-207.09721507,163.10715253
164.59075921,-207.06791284,163.06899846
164.49414675,-207.03857436,163.03107450
164.39755310,-207.00920003,162.99345120
164.30097996,-206.97979029,162.95619703
164.20442898,-206.95034564,162.91937923
164.10790166,-206.92086677,162.88306268
164.01139953,-206.89135427,162.84730983
163.91492398,-206.86180890,162.81218272
163.81847635,-206.83223148,162.77773902
163.72205793,-206.80262277,162.74403547
163.62566987,-206.77298379,162.71112680
163.52931330,-206.74331546,162.67906429
163.43298927,-206.71361880,162.64789745
163.33669875,-206.68389487,162.61767408
163.24043702,-206.65416252,162.58843981
163.14421573,-206.62438864,162.56023636
163.04803943,-206.59456239,162.53310369
162.95190749,-206.56468913,162.50707899
162.85581593,-206.53478459,162.48219630
162.75975888,-206.50487006,162.45848806
162.66372988,-206.47496856,162.43598245
162.56772300,-206.44510110,162.41470508
162.47173361,-206.41528423,162.39467912
162.37575914,-206.38552784,162.37592503
162.27979950,-206.35583375,162.35845909
162.18387161,-206.32614975,162.34229399
162.08798165,-206.29645755,162.32744183
161.99213517,-206.26674056,162.31390938
161.89633719,-206.23698376,162.30170032
161.80058468,-206.20719689,162.29081635
161.70488807,-206.17734753,162.28125423
161.60926658,-206.14737536,162.27300790
161.51372907,-206.11725226,162.26606875
161.41827539,-206.08697793,162.26042468
161.32289129,-206.05659582,162.25605954
161.22756525,-206.02614052,162.25295522
161.13229374,-205.99562144,162.25109198
161.03706673,-205.96506792,162.25044518
160.94186969,-205.93452313,162.25098770
160.84667338,-205.90407602,162.25269107
160.75148609,-205.87369800,162.25552338
160.65632939,-205.84331872,162.25945019
160.56121355,-205.81290294,162.26443499
160.46614392,-205.78243063,162.27043992
160.37111924,-205.75190218,162.27742462
160.27614660,-205.72129164,162.28534672
160.18123429,-205.69056927,162.29416344
160.08637634,-205.65974966,162.30382993
159.99155802,-205.62887480,162.31429905
159.89675497,-205.59801667,162.32552330
159.80196330,-205.56718322,162.33745469
159.70717971,-205.53638053,162.35004331
159.61239706,-205.50562662,162.36323867
159.51760807,-205.47494005,162.37699021
159.42280525,-205.44434003,162.39124642
159.32797074,-205.41387874,162.40595568
159.23310477,-205.38355110,162.42106685
159.13821021,-205.35334384,162.43652806
159.04329179,-205.32323765,162.45228783
158.94835547,-205.29320951,162.46829515
158.85340739,-205.26323564,162.48449909
158.75845287,-205.23329498,162.50084898
158.66349507,-205.20337318,162.51729488
158.56853368,-205.17346696,162.53378695
158.47355713,-205.14360893,162.55027664
158.37856453,-205.11379747,162.56671635
158.28356536,-205.08399846,162.58305926
158.18855800,-205.05421305,162.59925997
158.09353729,-205.02445399,162.61527425
157.99849588,-204.99474103,162.63105960
157.90342552,-204.96509709,162.64657444
157.80831809,-204.93554481,162.66177900
157.71316652,-204.90610365,162.67663526
157.61796559,-204.87678727,162.69110592
157.52271252,-204.84760174,162.70515700
157.42742296,-204.81849424,162.71875533
157.33210201,-204.78944578,162.73186983
157.23675465,-204.76043783,162.74447183
157.14138566,-204.73145258,162.75653291
157.04599668,-204.70248248,162.76802856
156.95058818,-204.67352392,162.77893483
156.85518228,-204.64450343,162.78923002
156.75979183,-204.61537751,162.79889480
156.66442127,-204.58613009,162.80791052
156.56906760,-204.55676932,162.81626265
156.47371170,-204.52735573,162.82393695
156.37834803,-204.49790605,162.83092040
156.28296923,-204.46844305,162.83720313
156.18756687,-204.43899316,162.84277512
156.09213235,-204.40958339,162.84762801
155.99666548,-204.38021385,162.85175523
155.90118522,-204.35082276,162.85515130
155.80569535,-204.32139744,162.85781143
155.71019589,-204.29193760,162.85973290
155.61468198,-204.26245888,162.86091523
155.51914273,-204.23299655,162.86135775
155.42358499,-204.20352866,162.86106172
155.32800924,-204.17405399,162.86003165
155.23241596,-204.14457138,162.85827259
155.13679949,-204.11509986,162.85579124
155.04117148,-204.08560247,162.85259659
154.94553758,-204.05606183,162.84869835
154.84989861,-204.02647648,162.84410907
154.75425167,-203.99685700,162.83884327
154.65857816,-203.96726494,162.83291564
154.56288173,-203.93769007,162.82634399
154.46717160,-203.90810432,162.81914786
154.37145672,-203.87848077,162.81134879
154.27574487,-203.84879632,162.80297011
154.18004193,-203.81903438,162.79403624
154.08436692,-203.78913588,162.78457366
153.98872283,-203.75909377,162.77460995
153.89310533,-203.72892480,162.76417472
153.79750189,-203.69867230,162.75329853
153.70189117,-203.66840806,162.74201174
153.60627573,-203.63812665,162.73034732
153.51065368,-203.60783702,162.71833858
153.41502102,-203.57755491,162.70601790
153.31937368,-203.54729643,162.69341944
153.22370740,-203.51707810,162.68057776
153.12800773,-203.48694904,162.66752778
153.03227832,-203.45690046,162.65430428
152.93651906,-203.42693556,162.64094303
152.84074876,-203.39699722,162.62747962
152.74498046,-203.36704679,162.61394846
152.64922207,-203.33706202,162.60038507
152.55347673,-203.30703579,162.58682446
152.45774299,-203.27697566,162.57330051
152.36201468,-203.24690427,162.55984794
152.26628042,-203.21686076,162.54650044
152.17052306,-203.18690266,162.53329216
152.07474426,-203.15702740,162.52025764
151.97894193,-203.12724433,162.50742985
151.88313220,-203.09750485,162.49484158
151.78732097,-203.06779301,162.48252593
151.69151400,-203.03809326,162.47051564
151.59571695,-203.00839050,162.45884286
151.49993337,-202.97867621,162.44753927
151.40416215,-202.94895660,162.43663582
151.30842673,-202.91916048,162.42616315
151.21274156,-202.88924505,162.41615152
151.11711269,-202.85919396,162.40663090
151.02153862,-202.82901463,162.39762940
150.92600129,-202.79876642,162.38917526
150.83049614,-202.76846625,162.38129650
150.73501649,-202.73813751,162.37401923
150.63955442,-202.70780742,162.36736865
150.54410160,-202.67750442,162.36136933
150.44865526,-202.64723925,162.35604532
150.35323543,-202.61695069,162.35141897
150.25784597,-202.58662848,162.34751022
150.16248689,-202.55627436,162.34433972
150.06715308,-202.52590595,162.34192618
149.97183320,-202.49556047,162.34028632
149.87652679,-202.46524067,162.33943569
149.78124569,-202.43491061,162.33938777
149.68599544,-202.40455392,162.34015560
149.59077641,-202.37417038,162.34175020
149.49558489,-202.34377250,162.34418088
149.40040246,-202.31341888,162.34745503
149.30522545,-202.28312165,162.35157853
149.21006301,-202.25285245,162.35655694
149.11492421,-202.22258303,162.36239333
149.01981712,-202.19228813,162.36908931
148.92474788,-202.16194838,162.37664524
148.82973722,-202.13149840,162.38506081
148.73478901,-202.10092576,162.39433514
148.63989914,-202.07024288,162.40446370
148.54505445,-202.03949061,162.41544173
148.45023157,-202.00874183,162.42726384
148.35542559,-201.97801126,162.43992255
148.26063543,-201.94730147,162.45340851
148.16585499,-201.91663080,162.46771065
148.07107783,-201.88601863,162.48281726
147.97629717,-201.85548527,162.49871519
147.88149517,-201.82508633,162.51538993
147.78667276,-201.79481764,162.53282478
147.69183335,-201.76466699,162.55100175
147.59698225,-201.73461594,162.56990159
147.50212590,-201.70464238,162.58950340
147.40727092,-201.67472336,162.60978498
147.31242296,-201.64483882,162.63072169
147.21758547,-201.61497562,162.65228719
147.12275814,-201.58513231,162.67445372
147.02793532,-201.55532438,162.69719294
146.93310414,-201.52559029,162.72047413
146.83826962,-201.49591127,162.74426429
146.74343057,-201.46628837,162.76853030
146.64858580,-201.43672244,162.79323690
146.55373410,-201.40721428,162.81834841
146.45887433,-201.37776444,162.84382843
146.36400533,-201.34837352,162.86963896
146.26912600,-201.31904191,162.89574202
146.17423522,-201.28976989,162.92210001
146.07933194,-201.26055769,162.94867548
145.98441513,-201.23140533,162.97542954
145.88948379,-201.20231279,163.00232334
145.79453693,-201.17327997,163.02931806
145.69957359,-201.14430669,163.05637520
145.60459284,-201.11539273,163.08345696
145.50959381,-201.08653762,163.11052434
145.41457562,-201.05774101,163.13753919
145.31953743,-201.02900241,163.16446480
145.22447842,-201.00032126,163.19126325
145.12939782,-200.97169693,163.21789753
145.03429488,-200.94312870,163.24433155
144.93916886,-200.91461581,163.27052816
144.84401906,-200.88615755,163.29645079
144.74884478,-200.85775306,163.32206466
144.65364539,-200.82940139,163.34733531
144.55842027,-200.80110152,163.37222727
144.46316881,-200.77285245,163.39670550
144.36789046,-200.74465302,163.42073619
144.27258469,-200.71650203,163.44428540
144.17725098,-200.68839820,163.46732006
144.08188341,-200.66035876,163.48980777
143.98649194,-200.63234709,163.51171537
143.89108002,-200.60434861,163.53301221
143.79564644,-200.57636476,163.55367003
143.70018678,-200.54840786,163.57365974
143.60469481,-200.52049666,163.59295288
143.50916360,-200.49265232,163.61152272
143.41358659,-200.46489498,163.62934371
143.31795835,-200.43724100,163.64639208
143.22227529,-200.40970062,163.66264472
143.12653620,-200.38227616,163.67807979
143.03075643,-200.35491374,163.69267733
142.93494142,-200.32759313,163.70641943
142.83909640,-200.30029496,163.71929106
142.74322629,-200.27300096,163.73127744
142.64733114,-200.24570973,163.74236587
142.55141606,-200.21840265,163.75254582
142.45550077,-200.19101086,163.76180741
142.35959613,-200.16349618,163.77014371
142.26370501,-200.13584801,163.77754930
142.16782345,-200.10807941,163.78401981
142.07193314,-200.08025311,163.78955259
141.97602847,-200.05238827,163.79414717
141.88010232,-200.02450935,163.79780461
141.78414683,-199.99664355,163.80052689
141.68815425,-199.96881794,163.80231728
141.59212313,-199.94103795,163.80318040
141.49608018,-199.91321230,163.80312253
141.40003414,-199.88531165,163.80215064
141.30398549,-199.85733515,163.80027335
141.20792665,-199.82930985,163.79750102
141.11183072,-199.80132933,163.79384437
141.01570307,-199.77337614,163.78931545
140.91955300,-199.74541954,163.78392594
140.82338972,-199.71742920,163.77768932
140.72722150,-199.68937816,163.77062000
140.63105482,-199.66124565,163.76273264
140.53490941,-199.63296555,163.75404382
140.43878952,-199.60452504,163.74456987
140.34269219,-199.57593622,163.73432924
140.24660620,-199.54723969,163.72334137
140.15051123,-199.51850727,163.71162602
140.05440592,-199.48974577,163.69920472
139.95829000,-199.46095825,163.68609971
139.86215940,-199.43216092,163.67233511
139.76600982,-199.40337078,163.65793600
139.66983671,-199.37460568,163.64292733
139.57362526,-199.34591824,163.62733615
139.47737827,-199.31730134,163.61118999
139.38110090,-199.28873982,163.59451666
139.28480011,-199.26021254,163.57734394
139.18848391,-199.23169483,163.55970038
139.09216047,-199.20316159,163.54161560
138.99583704,-199.17459086,163.52311897
138.89951878,-199.14596783,163.50423987
138.80320743,-199.11728948,163.48500793
138.70689966,-199.08856980,163.46545219
138.61058541,-199.05984559,163.44560227
138.51427145,-199.03109661,163.42548809
138.41795866,-199.00232248,163.40513808
138.32164790,-198.97352290,163.38458014
138.22534002,-198.94469755,163.36384188
138.12903586,-198.91584609,163.34295123
138.03273617,-198.88696836,163.32193494
137.93644177,-198.85806406,163.30081833
137.84015338,-198.82913306,163.27962668
137.74387172,-198.80017518,163.25838543
137.64759749,-198.77119035,163.23711879
137.55133133,-198.74217852,163.21585003
137.45507389,-198.71313963,163.19460304
137.35882577,-198.68407379,163.17340066
137.26258756,-198.65498100,163.15226358
137.16635982,-198.62586131,163.13121435
137.07014309,-198.59671491,163.11027400
136.97393789,-198.56754188,163.08946258
136.87774471,-198.53834241,163.06880041
136.78156406,-198.50911659,163.04830686
136.68539635,-198.47986469,163.02800042
136.58924203,-198.45058689,163.00789805
136.49310150,-198.42128339,162.98801834
136.39697513,-198.39195445,162.96837704
136.30086328,-198.36260027,162.94898846
136.20476629,-198.33322107,162.92986799
136.10868445,-198.30381716,162.91102943
136.01261804,-198.27438878,162.89248578
135.91656731,-198.24493623,162.87424854
135.82053251,-198.21545973,162.85632940
135.72451378,-198.18595972,162.83873925
135.62850518,-198.15645620,162.82148650
135.53251815,-198.12691313,162.80457975
135.43655740,-198.09731611,162.78802714
135.34062250,-198.06766718,162.77183587
135.24470938,-198.03798006,162.75601182
135.14881159,-198.00827601,162.74056084
135.05292153,-197.97857988,162.72548714
134.95703148,-197.94891679,162.71079460
134.86113454,-197.91930917,162.69648819
134.76522535,-197.88977444,162.68257070
134.66930083,-197.86032257,162.66904434
134.57337623,-197.83090463,162.65591138
134.47745640,-197.80150524,162.64317469
134.38154604,-197.77210949,162.63083624
134.28564973,-197.74270294,162.61889732
134.18976943,-197.71327943,162.60736001
134.09390407,-197.68384252,162.59622467
133.99807592,-197.65432157,162.58549299
133.90229819,-197.62467473,162.57516643
133.80657579,-197.59488677,162.56524552
133.71090612,-197.56496622,162.55573254
133.61527006,-197.53497411,162.54662828
133.51966223,-197.50492783,162.53793402
133.42407527,-197.47485105,162.52965184
133.32850067,-197.44477108,162.52178361
133.23292954,-197.41471625,162.51433095
133.13735990,-197.38469302,162.50729444
133.04181095,-197.35464043,162.50067554
132.94628619,-197.32454745,162.49447461
132.85078527,-197.29441532,162.48869261
132.75530277,-197.26426131,162.48333164
132.65982699,-197.23412266,162.47839152
132.56436422,-197.20397944,162.47387254
132.46891425,-197.17383238,162.46977528
132.37347685,-197.14368216,162.46610054
132.27805182,-197.11352951,162.46284804
132.18263891,-197.08337512,162.46001727
132.08723791,-197.05321969,162.45760804
131.99184858,-197.02306393,162.45561970
131.89647068,-196.99290852,162.45405211
131.80110398,-196.96275417,162.45290484
131.70574823,-196.93260157,162.45217720
131.61040319,-196.90245140,162.45186735
131.51506861,-196.87230436,162.45197378
131.41974426,-196.84216112,162.45249675
131.32442990,-196.81202239,162.45343571
131.22912532,-196.78188884,162.45479014
131.13383030,-196.75176118,162.45656035
131.03854464,-196.72164009,162.45874703
130.94326816,-196.69152629,162.46135166
130.84800067,-196.66142047,162.46437567
130.75274201,-196.63132336,162.46782148
130.65749202,-196.60123567,162.47169091
130.56225055,-196.57115814,162.47598635
130.46701106,-196.54111169,162.48071178
130.37178467,-196.51106131,162.48586948
130.27657633,-196.48099149,162.49146110
130.18138606,-196.45090238,162.49748984
130.08621008,-196.42080615,162.50395733
129.99102924,-196.39076376,162.51086502
129.89584494,-196.36077096,162.51821447
129.80066549,-196.33080137,162.52600647
129.70549890,-196.30082948,162.53424120
129.61035205,-196.27083339,162.54291824
129.51522983,-196.24079730,162.55203708
129.42015062,-196.21066262,162.56159550
129.32511659,-196.18042210,162.57159140
129.23012250,-196.15009199,162.58202233
129.13515492,-196.11971453,162.59288340
129.04019147,-196.08936041,162.60417070
128.94523241,-196.05902839,162.61587931
128.85027528,-196.02872576,162.62800246
128.75531497,-195.99846833,162.64053332
128.66034621,-195.96827230,162.65346455
128.56536360,-195.93815439,162.66678837
128.47035153,-195.90816417,162.68049661
128.37531235,-195.87829346,162.69457973
128.28025061,-195.84852692,162.70902801
128.18517250,-195.81884394,162.72383138
128.09008498,-195.78922128,162.73897847
127.99499495,-195.75963579,162.75445746
127.89990819,-195.73006778,162.77025464
127.80482822,-195.70050481,162.78635704
127.70975498,-195.67094580,162.80275075
127.61468339,-195.64140572,162.81942032
127.51960177,-195.61192087,162.83635021
127.42451555,-195.58247239,162.85352364
127.32942409,-195.55306087,162.87092430
127.23432680,-195.52368671,162.88853440
127.13922305,-195.49435039,162.90633473
127.04411223,-195.46505224,162.92430713
126.94899372,-195.43579262,162.94243189
126.85386687,-195.40657184,162.96068881
126.75873107,-195.37739015,162.97905738
126.66358571,-195.34824773,162.99751565
126.56843013,-195.31914477,163.01604218
126.47326373,-195.29008134,163.03461503
126.37808589,-195.26105754,163.05321116
126.28289599,-195.23207331,163.07180753
126.18769343,-195.20312863,163.09038076
126.09247761,-195.17422340,163.10890693
125.99724795,-195.14535738,163.12736181
125.90200386,-195.11653037,163.14572066
125.80674480,-195.08774202,163.16395921
125.71147022,-195.05899197,163.18205274
125.61617957,-195.03027982,163.19997634
125.52087238,-195.00160503,163.21770542
125.42554227,-194.97298665,163.23521505
125.33019968,-194.94438770,163.25248111
125.23484849,-194.91579310,163.26947932
125.13948761,-194.88720425,163.28618585
125.04411253,-194.85863407,163.30257709
124.94871661,-194.83010269,163.31862951
124.85329225,-194.80163349,163.33431999
124.75783192,-194.77324965,163.34962584
124.66232905,-194.74497129,163.36452482
124.56677880,-194.71681281,163.37899518
124.47117859,-194.68878104,163.39301571
124.37554349,-194.66082395,163.40656563
124.27987844,-194.63292322,163.41962495
124.18418822,-194.60506108,163.43217462
124.08847742,-194.57722030,163.44419488
123.99274758,-194.54939400,163.45566665
123.89699916,-194.52157900,163.46657274
123.80125323,-194.49370242,163.47689560
123.70552208,-194.46572111,163.48661860
123.60980991,-194.43761923,163.49572613
123.51411385,-194.40940498,163.50420293
123.41841550,-194.38113902,163.51203485
123.32270957,-194.35283797,163.51920855
123.22698893,-194.32452462,163.52571092
123.13124547,-194.29622523,163.53153011
123.03547089,-194.26796682,163.53665564
122.93966491,-194.23974945,163.54107760
122.84384553,-194.21151145,163.54478594
122.74801627,-194.18324011,163.54777186
122.65217702,-194.15493510,163.55002812
122.55632297,-194.12661200,163.55154769
122.46044354,-194.09830607,163.55232430
122.36454512,-194.06999527,163.55235279
122.26862166,-194.04169972,163.55162909
122.17268453,-194.01338068,163.55015072
122.07673925,-193.98501931,163.54791639
121.98078658,-193.95661304,163.54492460
121.88482353,-193.92817204,163.54117573
121.78883291,-193.89975460,163.53667142
121.69281377,-193.87136410,163.53141487
121.59677529,-193.84296992,163.52540959
121.50072652,-193.81454195,163.51865895
121.40467556,-193.78605339,163.51116941
121.30862875,-193.75748355,163.50294690
121.21260588,-193.72876622,163.49399734
121.11661104,-193.69988850,163.48432862
121.02064100,-193.67086228,163.47394823
120.92468415,-193.64172774,163.46286445
120.82871971,-193.61255613,163.45108627
120.73274605,-193.58335388,163.43862329
120.63676277,-193.55412335,163.42548571
120.54076557,-193.52488008,163.41168417
120.44474990,-193.49564037,163.39723031
120.34871097,-193.46642138,163.38213537
120.25263346,-193.43727519,163.36641059
120.15652006,-193.40819388,163.35006907
120.06037580,-193.37916168,163.33312459
119.96420749,-193.35015701,163.31558981
119.86802299,-193.32115480,163.29747904
119.77183026,-193.29212980,163.27880750
119.67563635,-193.26305992,163.25959036
119.57944619,-193.23393026,163.23984382
119.48326114,-193.20473785,163.21958521
119.38707753,-193.17549671,163.19883237
119.29088480,-193.14624371,163.17760273
119.19468962,-193.11695835,163.15591568
119.09849263,-193.08764028,163.13379176
119.00229452,-193.05828913,163.11124999
118.90609595,-193.02890448,163.08831099
118.80989760,-192.99948603,163.06499628
118.71370016,-192.97003347,163.04132546
118.61750429,-192.94054645,163.01732062
118.52131069,-192.91102475,162.99300410
118.42512003,-192.88146814,162.96839765
118.32893299,-192.85187647,162.94352383
118.23275028,-192.82224945,162.91840585
118.13657254,-192.79258706,162.89306738
118.04040045,-192.76288919,162.86753119
117.94423471,-192.73315571,162.84182092
117.84807594,-192.70338666,162.81596048
117.75192482,-192.67358197,162.78997326
117.65578203,-192.64374160,162.76388365
117.55964817,-192.61386568,162.73771578
117.46352391,-192.58395422,162.71149360
117.36740985,-192.55400738,162.68524074
117.27130662,-192.52402528,162.65898108
117.17521479,-192.49400813,162.63273905
117.07913495,-192.46395617,162.60653790
116.98306767,-192.43386966,162.58040168
116.88701349,-192.40374896,162.55435401
116.79097296,-192.37359441,162.52841890
116.69494662,-192.34340641,162.50262052
116.59893496,-192.31318544,162.47698265
116.50293852,-192.28293194,162.45152935
116.40695777,-192.25264647,162.42628471
116.31099321,-192.22232954,162.40127261
116.21504531,-192.19198175,162.37651713
116.11911455,-192.16160371,162.35204269
116.02320136,-192.13119606,162.32787300
115.92730619,-192.10075947,162.30403121
115.83142944,-192.07029468,162.28054114
115.73557151,-192.03980246,162.25742560
115.63973278,-192.00928358,162.23470752
115.54391362,-191.97873887,162.21241012
115.44811439,-191.94816916,162.19055611
115.35232898,-191.91759524,162.16916781
115.25656977,-191.88698080,162.14826761
115.16084171,-191.85631253,162.12787856
115.06514422,-191.82559414,162.10802273
114.96947290,-191.79484119,162.08872278
114.87382103,-191.76407629,162.07000052
114.77818088,-191.73332507,162.05187683
114.68254491,-191.70261254,162.03437284
114.58690670,-191.67196016,162.01750954
114.49126179,-191.64138331,162.00130827
114.39560831,-191.61088936,161.98578861
114.29996377,-191.58042578,161.97096979
114.20433434,-191.54997527,161.95687143
114.10872592,-191.51952131,161.94351280
114.01314413,-191.48904829,161.93091248
113.91758987,-191.45855502,161.91908705
113.82206657,-191.42803248,161.90805312
113.72659784,-191.39741001,161.89782631
113.63119694,-191.36664855,161.88842120
113.53586782,-191.33573739,161.87985164
113.44060623,-191.30469075,161.87212868
113.34539052,-191.27357579,161.86526384
113.25021391,-191.24241419,161.85926811
113.15506767,-191.21123357,161.85414982
113.05994192,-191.18006479,161.84991823
112.96482671,-191.14893894,161.84658114
112.86971736,-191.11787083,161.84414474
112.77464438,-191.08676786,161.84261528
112.67961674,-191.05560316,161.84199740
112.58463420,-191.02437779,161.84229574
112.48968715,-190.99312142,161.84351391
112.39474558,-190.96192593,161.84565561
112.29981132,-190.93078593,161.84872317
112.20489335,-190.89967416,161.85271672
112.11000068,-190.86856314,161.85763841
112.01514138,-190.83742812,161.86348757
111.92032171,-190.80624978,161.87026126
111.82556244,-190.77496451,161.87795829
111.73086775,-190.74355909,161.88657528
111.63623407,-190.71204396,161.89610840
111.54164869,-190.68045735,161.90655370
111.44708881,-190.64886834,161.91790611
111.35254827,-190.61729514,161.93015941
111.25802660,-190.58573861,161.94330718
111.16351779,-190.55421648,161.95734310
111.06901545,-190.52274758,161.97225815
110.97451293,-190.49135169,161.98804320
110.87999255,-190.46008268,162.00468965
110.78545512,-190.42893730,162.02218751
110.69090402,-190.39790439,162.04052614
110.59634460,-190.36696671,162.05969449
110.50178342,-190.33610321,162.07968143
110.40722729,-190.30529196,162.10047565
110.31268220,-190.27451354,162.12206603
110.21815201,-190.24375502,162.14444014
110.12363694,-190.21301470,162.16758549
110.02913192,-190.18230716,162.19148997
109.93462466,-190.15166939,162.21614078
109.84012058,-190.12108364,162.24152580
109.74561896,-190.09055106,162.26763094
109.65111906,-190.06007288,162.29444312
109.55662018,-190.02965017,162.32194882
109.46212159,-189.99928409,162.35013368
109.36762259,-189.96897570,162.37898345
109.27312245,-189.93872607,162.40848268
109.17862044,-189.90853630,162.43861700
109.08411588,-189.87840735,162.46937065
108.98960803,-189.84834029,162.50072800
108.89509620,-189.81833603,162.53267422
108.80057972,-189.78839544,162.56519189
108.70605783,-189.75851959,162.59826496
108.61152989,-189.72870919,162.63187639
108.51699518,-189.69896515,162.66600835
108.42245302,-189.66928827,162.70064375
108.32790273,-189.63967933,162.73576438
108.23334361,-189.61013911,162.77135267
108.13877502,-189.58066827,162.80739003
108.04419628,-189.55126753,162.84385802
107.94960674,-189.52193750,162.88073811
107.85500574,-189.49267876,162.91800992
107.76039261,-189.46349203,162.95565472
107.66576672,-189.43437772,162.99365334
107.57112739,-189.40533647,163.03198435
107.47647400,-189.37636879,163.07062789
107.38180586,-189.34747522,163.10956354
107.28712234,-189.31865616,163.14877043
107.19242277,-189.28991212,163.18822712
107.09770652,-189.26124342,163.22791116
107.00297293,-189.23265046,163.26779996
106.90822135,-189.20413350,163.30787001
106.81345111,-189.17569290,163.34809853
106.71866161,-189.14732870,163.38846133
106.62385217,-189.11904118,163.42893298
106.52902220,-189.09083039,163.46948953
106.43417107,-189.06269638,163.51010666
106.33929818,-189.03463913,163.55075892
106.24440294,-189.00665860,163.59142179
106.14948480,-188.97875463,163.63206983
106.05454314,-188.95092717,163.67267737
105.95957741,-188.92317601,163.71321928
105.86458702,-188.89550099,163.75366975
105.76957142,-188.86790183,163.79400247
105.67453001,-188.84037835,163.83419085
105.57946222,-188.81293026,163.87420820
105.48436748,-188.78555722,163.91402691
105.38924518,-188.75825890,163.95361886
105.29409472,-188.73103500,163.99295624
105.19891552,-188.70388498,164.03200938
105.10370693,-188.67680856,164.07074843
105.00846837,-188.64980518,164.10914382
104.91319920,-188.62287433,164.14716424
104.81789880,-188.59601542,164.18477848
104.72256653,-188.56922786,164.22195452
104.62720178,-188.54251086,164.25865963
104.53180394,-188.51586361,164.29485953
104.43637237,-188.48928524,164.33051979
104.34090646,-188.46277476,164.36560658
104.24540566,-188.43633098,164.40008382
104.14986933,-188.40995288,164.43391613
104.05429699,-188.38363898,164.46706902
103.95868812,-188.35738794,164.49950643
103.86304222,-188.33119822,164.53119369
103.76735886,-188.30506827,164.56209699
103.67163764,-188.27899626,164.59218263
103.57587818,-188.25298046,164.62141621
103.48007485,-188.22703842,164.64976506
103.38423751,-188.20113091,164.67719785
103.28836945,-188.17524267,164.70368193
103.19246927,-188.14937589,164.72918797
103.09653254,-188.12354392,164.75368613
103.00055310,-188.09776661,164.77714577
102.90452433,-188.07206564,164.79953912
102.80844011,-188.04646094,164.82083965
102.71229569,-188.02096757,164.84102012
102.61608821,-187.99559361,164.86005376
102.51981731,-187.97033819,164.87791658
102.42349866,-187.94514131,164.89458477
102.32713804,-187.91997932,164.91003608
102.23074087,-187.89483002,164.92425111
102.13431222,-187.86967246,164.93720989
102.03785079,-187.84450958,164.94889432
101.94136496,-187.81930820,164.95928899
101.84487918,-187.79397552,164.96837905
101.74839367,-187.76850900,164.97614980
101.65189869,-187.74294363,164.98258977
101.55539533,-187.71727415,164.98768952
101.45889184,-187.69146881,164.99144005
101.36236946,-187.66559691,164.99383565
101.26581263,-187.63971603,164.99487235
101.16922131,-187.61382622,164.99454842
101.07259595,-187.58792587,164.99286474
100.97595271,-187.56195522,164.98982445
100.87931241,-187.53583720,164.98543220
100.78266899,-187.50959544,164.97969476
100.68602043,-187.48323865,164.97262222
100.58937682,-187.45673064,164.96422651
100.49274137,-187.43006116,164.95452047
100.39609171,-187.40331555,164.94351975
100.29942032,-187.37652385,164.93124119
100.20272989,-187.34967826,164.91770404
100.10601675,-187.32279472,164.90292918
100.00927687,-187.29589068,164.88693837
99.91250583,-187.26898504,164.86975588
99.81568983,-187.24213125,164.85140744
99.71883013,-187.21532729,164.83191983
99.62193034,-187.18856267,164.81132164
99.52499593,-187.16182017,164.78964292
99.42803364,-187.13507788,164.76691476
99.33105072,-187.10831230,164.74316798
99.23405407,-187.08150138,164.71843558
99.13704893,-187.05462923,164.69275196
99.04003772,-187.02769054,164.66615063
98.94301838,-187.00069650,164.63866786
98.84598262,-186.97368119,164.61033999
98.74893668,-186.94662529,164.58120203
98.65188183,-186.91952774,164.55129055
98.55481937,-186.89238746,164.52064242
98.45775057,-186.86520339,164.48929410
98.36067667,-186.83797459,164.45728056
98.26359897,-186.81069983,164.42463772
98.16651866,-186.78337826,164.39140110
98.06943697,-186.75600879,164.35760460
97.97235512,-186.72859042,164.32328288
97.87527423,-186.70112226,164.28846848
97.77819547,-186.67360332,164.25319346
97.68111993,-186.64603267,164.21748885
97.58404869,-186.61840945,164.18138506
97.48698279,-186.59073279,164.14491187
97.38992321,-186.56300186,164.10809589
97.29287096,-186.53521566,164.07096420
97.19582696,-186.50737350,164.03354271
97.09879211,-186.47947445,163.99585454
97.00176730,-186.45151764,163.95792275
96.90475335,-186.42350224,163.91976824
96.80775107,-186.39542732,163.88141034
96.71076121,-186.36729199,163.84286688
96.61378450,-186.33909525,163.80415326
96.51682159,-186.31083620,163.76528246
96.41987311,-186.28251384,163.72626519
96.32293964,-186.25412705,163.68711110
96.22602168,-186.22567487,163.64782667
96.12911971,-186.19715617,163.60841453
96.03223414,-186.16856980,163.56887679
95.93536532,-186.13991467,163.52921279
95.83851354,-186.11118960,163.48941845
95.74167906,-186.08239338,163.44948757
95.64486205,-186.05352486,163.40941218
95.54806262,-186.02458288,163.36918142
95.45128086,-185.99556616,163.32878144
95.35451678,-185.96647353,163.28819733
95.25777028,-185.93730391,163.24741150
95.16104129,-185.90805603,163.20640354
95.06432966,-185.87872874,163.16515236
94.96763517,-185.84932098,163.12363494
94.87095761,-185.81983151,163.08182594
94.77429671,-185.79025925,163.03970016
94.67765218,-185.76060309,162.99723141
94.58102370,-185.73086194,162.95439122
94.48441097,-185.70103465,162.91115181
94.38781363,-185.67112019,162.86748527
94.29123133,-185.64111748,162.82336124
94.19466372,-185.61102537,162.77875032
94.09811046,-185.58084276,162.73362316
94.00157119,-185.55056856,162.68794849
93.90504558,-185.52020162,162.64169672
93.80853331,-185.48974083,162.59483909
93.71203402,-185.45918514,162.54734518
93.61554741,-185.42853346,162.49918601
93.51907320,-185.39778474,162.45033460
93.42261106,-185.36693805,162.40076290
93.32616075,-185.33599237,162.35044333
93.22972204,-185.30494675,162.29935160
93.13329473,-185.27380028,162.24746436
93.03687865,-185.24255212,162.19475950
92.94047372,-185.21120136,162.14121780
92.84407985,-185.17974733,162.08682212
92.74769701,-185.14818929,162.03155675
92.65132521,-185.11652657,161.97540930
92.55496451,-185.08475866,161.91836978
92.45861500,-185.05288508,161.86042907
92.36227686,-185.02090533,161.80158248
92.26595032,-184.98881906,161.74182841
92.16963568,-184.95662594,161.68116859
92.07333328,-184.92432579,161.61960812
91.97704360,-184.89191840,161.55715569
91.88076711,-184.85940379,161.49382433
91.78450441,-184.82678192,161.42963089
91.68825613,-184.79405294,161.36459606
91.59202299,-184.76121701,161.29874315
91.49580579,-184.72827439,161.23209987
91.39960541,-184.69522530,161.16469802
91.30342278,-184.66207016,161.09657229
91.20725893,-184.62880932,161.02776248
91.11111492,-184.59544341,160.95831116
91.01499191,-184.56197288,160.88826451
90.91889109,-184.52839850,160.81767277
90.82281370,-184.49472104,160.74658939
90.72676103,-184.46094137,160.67507017
90.63073443,-184.42706041,160.60317471
90.53473527,-184.39307926,160.53096636
90.43876498,-184.35899904,160.45851021
90.34282503,-184.32482102,160.38587542
90.24691692,-184.29054651,160.31313449
90.15104214,-184.25617708,160.24036148
90.05520230,-184.22171417,160.16763352
89.95939891,-184.18715953,160.09503090
89.86363361,-184.15251488,160.02263420
89.76790797,-184.11778209,159.95052679
89.67222367,-184.08296300,159.87879559
89.57658227,-184.04805977,159.80752731
89.48098544,-184.01307441,159.73681001
89.38543479,-183.97800918,159.66673399
89.28993193,-183.94286636,159.59738954
89.19447843,-183.90764838,159.52886727
89.09907587,-183.87235767,159.46125874
89.00372579,-183.83699682,159.39465580
88.90842971,-183.80156847,159.32914953
88.81318911,-183.76607536,159.26483201
88.71800546,-183.73052024,159.20179522
88.62288011,-183.69490612,159.14012917
88.52781446,-183.65923588,159.07992381
88.43280977,-183.62351266,159.02126806
88.33786731,-183.58773952,158.96424888
88.24298828,-183.55191960,158.90895251
88.14817378,-183.51605618,158.85546227
88.05342493,-183.48015245,158.80386082
87.95873524,-183.44423077,158.75422908
87.86412098,-183.40825543,158.70664348
87.76958741,-183.37221867,158.66117960
87.67513225,-183.33613177,158.61791016
87.58074877,-183.30001706,158.57690339
87.48642818,-183.26390172,158.53822445
87.39216185,-183.22781228,158.50193520
87.29794287,-183.19177064,158.46809481
87.20376723,-183.15579095,158.43675603
87.10962567,-183.11990040,158.40796833
87.01553702,-183.08405509,158.38177716
86.92153741,-183.04816692,158.35822145
86.82764081,-183.01220396,158.33733823
86.73385426,-182.97615144,158.31915828
86.64017862,-182.94000983,158.30370689
86.54655517,-182.90392875,158.29100547
86.45304291,-182.86776215,158.28107032
86.35968303,-182.83140823,158.27391437
86.26649951,-182.79480792,158.26954335
86.17350052,-182.75794128,158.26795853
86.08070321,-182.72076521,158.26915776
85.98808504,-182.68333595,158.27313236
85.89563361,-182.64568367,158.27986995
85.80332112,-182.60787667,158.28935356
85.71110309,-182.57002470,158.30156180
85.61891708,-182.53228218,158.31646824
85.52681866,-182.49450713,158.33404239
85.43480430,-182.45670565,158.35425004
85.34286382,-182.41890018,158.37705193
85.25098007,-182.38113055,158.40240520
85.15911412,-182.34349176,158.43026217
85.06724316,-182.30603761,158.46057080
84.97537351,-182.26874838,158.49327569
84.88350578,-182.23161844,158.52831736
84.79164357,-182.19463433,158.56563239
84.69979230,-182.15777774,158.60515354
84.60795759,-182.12102958,158.64681057
84.51614329,-182.08437494,158.69052991
84.42434901,-182.04780954,158.73623506
84.33256717,-182.01134711,158.78384689
84.24077968,-181.97502815,158.83328279
84.14899036,-181.93883723,158.88445833
84.05719593,-181.90277686,158.93728683
83.96539316,-181.86684938,158.99167913
83.87357885,-181.83105689,159.04754475
83.78174988,-181.79540123,159.10479210
83.68990319,-181.75988410,159.16332819
83.59803582,-181.72450681,159.22305820
83.50614482,-181.68927063,159.28388644
83.41422737,-181.65417647,159.34571737
83.32228071,-181.61922506,159.40845428
83.23030216,-181.58441695,159.47200024
83.13828917,-181.54975239,159.53625819
83.04623919,-181.51523158,159.60113118
82.95414983,-181.48085441,159.66652370
82.86201879,-181.44662055,159.73233985
82.76984382,-181.41252959,159.79848484
82.67762284,-181.37858079,159.86486410
82.58535378,-181.34477340,159.93138406
82.49303471,-181.31110635,159.99795329
82.40066380,-181.27757842,160.06448050
82.30823928,-181.24418830,160.13087585
82.21575953,-181.21093442,160.19705026
82.12322294,-181.17781521,160.26291750
82.03062808,-181.14482876,160.32839353
81.93797362,-181.11197306,160.39339396
81.84525830,-181.07924597,160.45783838
81.75248099,-181.04664517,160.52164775
81.65964062,-181.01416827,160.58474526
81.56673628,-180.98181261,160.64705689
81.47376712,-180.94957554,160.70850978
81.38073241,-180.91745417,160.76903443
81.28763152,-180.88544558,160.82856349
81.19446390,-180.85354676,160.88703387
81.10122916,-180.82175446,160.94438465
81.00792696,-180.79006546,161.00055657
80.91455706,-180.75847643,161.05549417
80.82111934,-180.72698390,161.10914495
80.72761373,-180.69558443,161.16145938
80.63404032,-180.66427437,161.21239024
80.54039921,-180.63305017,161.26189419
80.44669068,-180.60190805,161.30993079
80.35291503,-180.57084430,161.35646234
80.25907270,-180.53985509,161.40145501
80.16516421,-180.50893651,161.44487723
80.07119014,-180.47808471,161.48670077
79.97715117,-180.44729575,161.52690076
79.88304808,-180.41656569,161.56545564
79.78887541,-180.38590974,161.60234725
79.69464639,-180.35528667,161.63756059
79.60036620,-180.32467986,161.67108523
79.50603439,-180.29408993,161.70291269
79.41164687,-180.26352887,161.73303720
79.31719771,-180.23301456,161.76145650
79.22268056,-180.20256647,161.78817092
79.12808984,-180.17220200,161.81318482
79.03342170,-180.14193353,161.83650531
78.93867474,-180.11176626,161.85814223
78.84385050,-180.08169663,161.87810862
78.74896971,-180.05166292,161.89641934
78.65404083,-180.02164067,161.91309306
78.55907172,-179.99160736,161.92815096
78.46406957,-179.96154263,161.94161524
78.36903186,-179.93145621,161.95351076
78.27397432,-179.90130185,161.96386545
78.17891974,-179.87101174,161.97270968
78.08387942,-179.84055356,161.98007568
77.98885481,-179.80992558,161.98599791
77.89383925,-179.77915122,161.99051284
77.79880284,-179.74832569,161.99365829
77.70375018,-179.71743809,161.99547461
77.60867809,-179.68650188,161.99600548
77.51357761,-179.65554836,161.99529443
77.41843630,-179.62461976,161.99338687
77.32324966,-179.59373389,161.99033135
77.22803542,-179.56284043,161.98617696
77.13280780,-179.53189991,161.98097430
77.03757647,-179.50088704,161.97477482
76.94234483,-179.46979605,161.96763162
76.84710832,-179.43864561,161.95959826
76.75189602,-179.40735107,161.95072938
76.65671250,-179.37590321,161.94108172
76.56155422,-179.34431783,161.93071009
76.46640850,-179.31263874,161.91967008
76.37125276,-179.28094016,161.90801871
76.27608867,-179.24922167,161.89581193
76.18091517,-179.21749121,161.88310564
76.08572818,-179.18576589,161.86995530
75.99052340,-179.15406338,161.85641563
75.89529636,-179.12240180,161.84254099
75.80003137,-179.09083309,161.82838496
75.70473225,-179.05934981,161.81400050
75.60940546,-179.02793644,161.79943918
75.51405283,-178.99659130,161.78475073
75.41869582,-178.96525329,161.76998472
75.32334872,-178.93388295,161.75518930
75.22801929,-178.90246050,161.74041060
75.13270898,-178.87098524,161.72569432
75.03741288,-178.83947565,161.71108388
74.94211930,-178.80797052,161.69662060
74.84680916,-178.77653095,161.68234496
74.75148277,-178.74515888,161.66829581
74.65613571,-178.71387050,161.65450881
74.56076597,-178.68267461,161.64101783
74.46539096,-178.65152100,161.62785551
74.37001697,-178.62039314,161.61505120
74.27465010,-178.58927487,161.60263200
74.17929621,-178.55815065,161.59062393
74.08395840,-178.52701305,161.57904903
73.98863607,-178.49586553,161.56792738
73.89335375,-178.46463622,161.55727753
73.79812617,-178.43328241,161.54711443
73.70295896,-178.40178854,161.53745000
73.60784961,-178.37016307,161.52829505
73.51277795,-178.33846706,161.51965726
73.41773826,-178.30671821,161.51154112
73.32272263,-178.27494047,161.50394929
73.22772181,-178.24316154,161.49688122
73.13272614,-178.21141011,161.49033357
73.03773301,-178.17969357,161.48430164
72.94276277,-178.14795030,161.47877715
72.84781882,-178.11616933,161.47374875
72.75290037,-178.08435201,161.46920414
72.65800124,-178.05251560,161.46512848
72.56310853,-178.02069717,161.46150458
72.46822841,-177.98887669,161.45831273
72.37336012,-177.95705469,161.45553049
72.27850285,-177.92523163,161.45313459
72.18365575,-177.89340791,161.45110044
72.08881794,-177.86158388,161.44939991
71.99398855,-177.82975984,161.44800273
71.89916663,-177.79793600,161.44687929
71.80435126,-177.76611253,161.44599809
71.70954146,-177.73428951,161.44532480
71.61473629,-177.70246698,161.44482491
71.51993477,-177.67064490,161.44446219
71.42513592,-177.63882316,161.44420041
71.33033879,-177.60700159,161.44400334
71.23554242,-177.57517995,161.44383376
71.14074586,-177.54335796,161.44365250
71.04594822,-177.51153523,161.44342224
70.95114860,-177.47971135,161.44310728
70.85634614,-177.44788584,161.44266959
70.76154001,-177.41605817,161.44207267
70.66672946,-177.38422775,161.44128160
70.57191372,-177.35239393,161.44026129
70.47709211,-177.32055604,161.43897889
70.38226398,-177.28871335,161.43740272
70.28742875,-177.25686507,161.43550076
70.19258587,-177.22501042,161.43324315
70.09773486,-177.19314853,161.43060331
70.00287530,-177.16127854,161.42755503
69.90800683,-177.12939956,161.42407381
69.81312224,-177.09753126,161.42013859
69.71823356,-177.06563628,161.41572969
69.62334627,-177.03369700,161.41082976
69.52846048,-177.00171194,161.40542479
69.43357225,-176.96969182,161.39950324
69.33866055,-176.93769832,161.39305496
69.24372782,-176.90572361,161.38607392
69.14878366,-176.87373894,161.37855658
69.05383742,-176.84171660,161.37050123
68.95889729,-176.80963260,161.36191050
68.86396934,-176.77746945,161.35278996
68.76907438,-176.74516624,161.34314806
68.67421557,-176.71271472,161.33299584
68.57938792,-176.68013101,161.32234776
68.48457745,-176.64745818,161.31122194
68.38976029,-176.61476872,161.29963835
68.29493817,-176.58205939,161.28761981
68.20010909,-176.54933822,161.27519223
68.10526836,-176.51662137,161.26238377
68.01041117,-176.48392548,161.24922596
67.91553254,-176.45126783,161.23575208
67.82061617,-176.41869902,161.22199751
67.72566578,-176.38621095,161.20799963
67.63068096,-176.35380782,161.19379779
67.53568247,-176.32143191,161.17943379
67.44068458,-176.28904483,161.16495007
67.34569580,-176.25662505,161.15039053
67.25071947,-176.22416637,161.13580094
67.15575391,-176.19167740,161.12122799
67.06079231,-176.15918177,161.10671971
66.96582228,-176.12671956,161.09232366
66.87082513,-176.09434922,161.07808836
66.77580320,-176.06206768,161.06406405
66.68075483,-176.02988352,161.05029970
66.58569877,-175.99774579,161.03684508
66.49064224,-175.96563739,161.02375018
66.39559230,-175.93354168,161.01106409
66.30055584,-175.90144254,160.99883615
66.20553683,-175.86933240,160.98711603
66.11053565,-175.83721398,160.97595142
66.01557896,-175.80501401,160.96538859
65.92068301,-175.77268926,160.95547440
65.82585447,-175.74022429,160.94625403
65.73109136,-175.70762847,160.93777122
65.63637327,-175.67496441,160.93006925
65.54169484,-175.64225102,160.92318927
65.44704845,-175.60951367,160.91717101
65.35241780,-175.57680251,160.91205205
65.25780579,-175.54411215,160.90786870
65.16321677,-175.51143275,160.90465419
65.06867376,-175.47870021,160.90243996
64.97417760,-175.44591451,160.90125551
64.87971130,-175.41312698,160.90112784
64.78526002,-175.38038254,160.90208239
64.69082130,-175.34769014,160.90414171
64.59641280,-175.31500039,160.90732593
64.50204415,-175.28228686,160.91165291
64.40772316,-175.24952813,160.91713749
64.31347314,-175.21665781,160.92379197
64.21930013,-175.18365909,160.93162627
64.12520176,-175.15053918,160.94064747
64.03116567,-175.11733391,160.95085904
63.93716824,-175.08411149,160.96226168
63.84319898,-175.05090195,160.97485395
63.74925863,-175.01770258,160.98862984
63.65534024,-174.98453282,161.00358107
63.56143630,-174.95141346,161.01969689
63.46753877,-174.91836671,161.03696252
63.37362770,-174.88544951,161.05536009
63.27970244,-174.85266227,161.07487026
63.18576511,-174.81999708,161.09546990
63.09182001,-174.78743946,161.11713233
62.99787292,-174.75497043,161.13982958
62.90393005,-174.72256947,161.16353161
62.80999692,-174.69021783,161.18820437
62.71607691,-174.65790282,161.21381176
62.62216963,-174.62562260,161.24031618
62.52826901,-174.59339166,161.26767773
62.43436125,-174.56124724,161.29585515
62.34045104,-174.52917222,161.32480534
62.24653680,-174.49716781,161.35448316
62.15261691,-174.46523524,161.38484377
62.05868981,-174.43337548,161.41584106
61.96475396,-174.40158941,161.44742771
61.87080788,-174.36987770,161.47955669
61.77685009,-174.33824094,161.51217872
61.68287916,-174.30667961,161.54524561
61.58889372,-174.27519397,161.57870973
61.49489244,-174.24378419,161.61252146
61.40087401,-174.21245037,161.64663222
61.30683722,-174.18119236,161.68099401
61.21278085,-174.15001002,161.71555891
61.11870382,-174.11890296,161.75027949
61.02460504,-174.08787076,161.78510943
60.93048352,-174.05691284,161.82000385
60.83633834,-174.02602847,161.85491707
60.74216860,-173.99521700,161.88980653
60.64797352,-173.96447744,161.92463056
60.55375235,-173.93380887,161.95934701
60.45950442,-173.90321026,161.99391780
60.36522910,-173.87268050,162.02830535
60.27092587,-173.84221838,162.06247275
60.17659422,-173.81182267,162.09638585
60.08223373,-173.78149207,162.13001166
59.98784402,-173.75122526,162.16331923
59.89342481,-173.72102078,162.19627840
59.79897581,-173.69087732,162.22886153
59.70449683,-173.66079334,162.26104257
59.60998771,-173.63076745,162.29279699
59.51544837,-173.60079812,162.32410242
59.42087872,-173.57088388,162.35493796
59.32627878,-173.54102320,162.38528388
59.23164854,-173.51121466,162.41512210
59.13698808,-173.48145667,162.44443641
59.04229748,-173.45174783,162.47321199
58.94757689,-173.42208659,162.50143486
58.85282642,-173.39247161,162.52909207
58.75804626,-173.36290139,162.55617350
58.66323661,-173.33337451,162.58266926
58.56839771,-173.30388957,162.60856938
58.47352977,-173.27444522,162.63386640
58.37863307,-173.24504004,162.65855321
58.28370787,-173.21567271,162.68262344
58.18875444,-173.18634189,162.70607178
58.09377311,-173.15704624,162.72889306
57.99876417,-173.12778448,162.75108339
57.90372794,-173.09855535,162.77263913
57.80865885,-173.06937674,162.79355871
57.71356826,-173.04021162,162.81383905
57.61846080,-173.01104481,162.83347778
57.52333610,-172.98187740,162.85247448
57.42819034,-172.95272170,162.87082839
57.33301756,-172.92359711,162.88853884
57.23781088,-172.89452604,162.90560596
57.14256351,-172.86553073,162.92202925
57.04726963,-172.83663030,162.93780945
56.95192511,-172.80783832,162.95294805
56.85652816,-172.77916093,162.96744541
56.76109464,-172.75054678,162.98130232
56.66563005,-172.72197810,162.99452003
56.57013966,-172.69343776,163.00710036
56.47462850,-172.66490939,163.01904530
56.37909776,-172.63638920,163.03035510
56.28354988,-172.60786926,163.04103121
56.18800601,-172.57928001,163.05107496
56.09247834,-172.55058128,163.06048668
55.99697086,-172.52175982,163.06926721
55.90148041,-172.49282581,163.07741585
55.80598837,-172.46384045,163.08493234
55.71048931,-172.43482134,163.09181643
55.61497612,-172.40579174,163.09806718
55.51944067,-172.37677814,163.10368318
55.42387472,-172.34780740,163.10866176
55.32827992,-172.31887391,163.11299998
55.23267373,-172.28991987,163.11669388
55.13705970,-172.26093312,163.11973840
55.04143762,-172.23191381,163.12212835
54.94580256,-172.20287750,163.12385621
54.85014376,-172.17385890,163.12491375
54.75446123,-172.14485719,163.12529196
54.65876599,-172.11583509,163.12498070
54.56306340,-172.08677392,163.12396864
54.46735411,-172.05767049,163.12224327
54.37163497,-172.02853399,163.11979128
54.27589000,-171.99941580,163.11659896
54.18011442,-171.97033033,163.11265286
54.08431709,-171.94124718,163.10793860
53.98850691,-171.91213578,163.10244045
53.89269199,-171.88296817,163.09614418
53.79687883,-171.85372170,163.08903495
53.70108756,-171.82432900,163.08109784
53.60532295,-171.79477319,163.07231839
53.50958257,-171.76506129,163.06268184
53.41385561,-171.73522796,163.05217595
53.31812183,-171.70533884,163.04078797
53.22237614,-171.67540989,163.02850583
53.12661924,-171.64543798,163.01532010
53.03084651,-171.61543764,163.00122138
52.93505303,-171.58542441,162.98620209
52.83923356,-171.55541499,162.97025634
52.74337225,-171.52546052,162.95337910
52.64747091,-171.49555483,162.93556761
52.55153379,-171.46568397,162.91682087
52.45556699,-171.43582812,162.89714036
52.35957780,-171.40596391,162.87652813
52.26357379,-171.37606712,162.85498894
52.16756180,-171.34611631,162.83253109
52.07154665,-171.31609667,162.80916255
51.97552983,-171.28600460,162.78489413
51.87950776,-171.25585309,162.75974022
51.78346999,-171.22567756,162.73371622
51.68742307,-171.19545844,162.70683940
51.59136773,-171.16519528,162.67913090
51.49530474,-171.13488769,162.65061340
51.39923491,-171.10453534,162.62131173
51.30315909,-171.07413793,162.59125369
51.20707818,-171.04369528,162.56046819
51.11099311,-171.01320718,162.52898632
51.01490486,-170.98267349,162.49684226
50.91881440,-170.95209423,162.46407199
50.82272278,-170.92146939,162.43071271
50.72663106,-170.89079907,162.39680380
50.63054034,-170.86008344,162.36238765
50.53445173,-170.82932274,162.32750837
50.43836637,-170.79851731,162.29221244
50.34228545,-170.76766757,162.25654746
50.24621016,-170.73677397,162.22056254
50.15014174,-170.70583706,162.18431046
50.05408144,-170.67485742,162.14784535
49.95803049,-170.64383584,162.11122154
49.86199021,-170.61277298,162.07449585
49.76596190,-170.58166970,162.03772693
49.66994686,-170.55052682,162.00097344
49.57394640,-170.51934532,161.96429626
49.47796186,-170.48812619,161.92775674
49.38199454,-170.45687053,161.89141624
49.28604575,-170.42557948,161.85533842
49.19011682,-170.39425425,161.81958689
49.09420905,-170.36289609,161.78422574
48.99832368,-170.33150647,161.74931882
48.90246202,-170.30008669,161.71493052
48.80662530,-170.26863833,161.68112578
48.71081478,-170.23716287,161.64796882
48.61503167,-170.20566191,161.61552450
48.51927715,-170.17413712,161.58385698
48.42354617,-170.14260871,161.55303049
48.32785204,-170.11104217,161.52310751
48.23219998,-170.07942714,161.49414913
48.13658941,-170.04777030,161.46621780
48.04101599,-170.01608949,161.43937264
47.94547349,-169.98440796,161.41367099
47.84995511,-169.95275047,161.38916964
47.75445489,-169.92113911,161.36592278
47.65896856,-169.88959074,161.34398344
47.56349437,-169.85811460,161.32340182
47.46803360,-169.82671081,161.30422507
47.37260660,-169.79532266,161.28649670
47.27722155,-169.76392950,161.27025896
47.18188599,-169.73251254,161.25555090
47.08659943,-169.70107629,161.24240623
46.99138016,-169.66956977,161.23085550
46.89623982,-169.63796143,161.22092546
46.80117864,-169.60625270,161.21263810
46.70619983,-169.57443604,161.20601137
46.61130999,-169.54249349,161.20105940
46.51650949,-169.51042493,161.19779071
46.42178321,-169.47827537,161.19620922
46.32713216,-169.44604196,161.19631427
46.23255493,-169.41372841,161.19809981
46.13804778,-169.38134487,161.20155527
46.04362293,-169.34885404,161.20666438
45.94927711,-169.31626370,161.21340627
45.85500096,-169.28359905,161.22175415
45.76079183,-169.25086507,161.23167557
45.66664579,-169.21807015,161.24313421
45.57254877,-169.18525198,161.25608791
45.47848018,-169.15246715,161.27048920
45.38443834,-169.11971628,161.28628635
45.29041360,-169.08702317,161.30342354
45.19639572,-169.05441312,161.32183962
45.10236245,-169.02194696,161.34147002
45.00831064,-168.98962856,161.36224643
44.91424013,-168.95745263,161.38409576
44.82015330,-168.92540610,161.40694184
44.72605425,-168.89347055,161.43070448
44.63194782,-168.86162496,161.45530118
44.53783843,-168.82984942,161.48064658
44.44372849,-168.79812958,161.50665229
44.34961679,-168.76646175,161.53322757
44.25549645,-168.73485889,161.56027882
44.16135260,-168.70335763,161.58771157
44.06718879,-168.67193970,161.61542952
43.97300238,-168.64060515,161.64333486
43.87879079,-168.60935372,161.67132894
43.78455151,-168.57818495,161.69931189
43.69028209,-168.54709808,161.72718379
43.59598018,-168.51609212,161.75484466
43.50163753,-168.48518404,161.78219436
43.40726369,-168.45433645,161.80913307
43.31286039,-168.42353579,161.83556094
43.21842385,-168.39278542,161.86137892
43.12394691,-168.36209920,161.88648964
43.02942065,-168.33149640,161.91079593
42.93483603,-168.30099701,161.93420187
42.84018495,-168.27061815,161.95661400
42.74546135,-168.24037094,161.97794047
42.65066186,-168.21025835,161.99809140
42.55578634,-168.18027366,162.01698004
42.46085315,-168.15035352,162.03452230
42.36586157,-168.12049336,162.05063630
42.27083024,-168.09062875,162.06524398
42.17577178,-168.06071417,162.07827115
42.08069317,-168.03072174,162.08964644
41.98558880,-168.00066290,162.09930311
41.89045097,-167.97055598,162.10717897
41.79529926,-167.94033519,162.11321560
41.70014528,-167.90995986,162.11735986
41.60499347,-167.87941211,162.11956509
41.50983223,-167.84872429,162.11978866
41.41466365,-167.81788694,162.11799409
41.31950487,-167.78684466,162.11415144
41.22435609,-167.75559513,162.10823604
41.12920956,-167.72416125,162.10023000
41.03404846,-167.69259476,162.09012157
40.93886497,-167.66091995,162.07790443
40.84367223,-167.62909678,162.06357802
40.74846432,-167.59714478,162.04714921
40.65322975,-167.56510124,162.02863098
40.55795084,-167.53302302,162.00804055
40.46262766,-167.50091237,161.98540296
40.36724052,-167.46883244,161.96074927
40.27178921,-167.43678715,161.93411463
40.17627692,-167.40477049,161.90554200
40.08070969,-167.37276802,161.87507864
39.98509585,-167.34075885,161.84277740
39.88944490,-167.30871885,161.80869710
39.79376636,-167.27662440,161.77290045
39.69806808,-167.24445742,161.73545673
39.60235433,-167.21221118,161.69643961
39.50662353,-167.17989726,161.65592680
39.41086550,-167.14755360,161.61400129
39.31508901,-167.11516066,161.57074926
39.21929659,-167.08271819,161.52626127
39.12349081,-167.05022610,161.48063083
39.02767432,-167.01768423,161.43395444
38.93184979,-166.98509255,161.38633113
38.83601994,-166.95245107,161.33786209
38.74018751,-166.91975986,161.28865141
38.64435524,-166.88701907,161.23880388
38.54852589,-166.85422888,161.18842539
38.45270224,-166.82138955,161.13762321
38.35688705,-166.78850135,161.08650534
38.26108304,-166.75556465,161.03517982
38.16529289,-166.72257994,160.98375398
38.06951932,-166.68954762,160.93233385
37.97376491,-166.65646828,160.88102573
37.87803222,-166.62334252,160.82993458
37.78232375,-166.59017102,160.77916198
37.68664192,-166.55695453,160.72880870
37.59098906,-166.52369389,160.67897317
37.49536745,-166.49038994,160.62975055
37.39977926,-166.45704357,160.58123476
37.30422656,-166.42365585,160.53351666
37.20871136,-166.39022782,160.48668267
37.11323556,-166.35676057,160.44081708
37.01780097,-166.32325519,160.39600185
36.92240922,-166.28971303,160.35231351
36.82706192,-166.25613527,160.30982509
36.73176053,-166.22252317,160.26860627
36.63650637,-166.18887814,160.22872100
36.54130067,-166.15520140,160.19022943
36.44613782,-166.12151282,160.15318881
36.35103197,-166.08777757,160.11765069
36.25598841,-166.05398499,160.08366132
36.16100606,-166.02014153,160.05126386
36.06607976,-165.98626448,160.02049747
35.97120217,-165.95237675,159.99139464
35.87636548,-165.91850207,159.96398367
35.78156260,-165.88466183,159.93828904
35.68678827,-165.85087199,159.91432826
35.59203987,-165.81714093,159.89211542
35.49731788,-165.78346824,159.87166040
35.40264321,-165.74979708,159.85296573
35.30802341,-165.71610717,159.83603058
35.21346511,-165.68238044,159.82084972
35.11897405,-165.64860100,159.80741330
35.02454401,-165.61478506,159.79570699
34.93019183,-165.58088587,159.78571114
34.83594735,-165.54682127,159.77740325
34.74180582,-165.51260242,159.77075590
34.64775001,-165.47827401,159.76573795
34.55377640,-165.44384323,159.76231449
34.45989149,-165.40928968,159.76044617
34.36606113,-165.37470299,159.76009113
34.27226880,-165.34012457,159.76120323
34.17851086,-165.30556063,159.76373349
34.08478424,-165.27101559,159.76763038
33.99111436,-165.23641624,159.77283797
33.89752148,-165.20170319,159.77929855
33.80399102,-165.16691131,159.78695217
33.71051475,-165.13205810,159.79573645
33.61709905,-165.09712124,159.80558716
33.52374127,-165.06210280,159.81643910
33.43040388,-165.02709951,159.82822587
33.33708049,-164.99212344,159.84087910
33.24376720,-164.95718008,159.85433044
33.15045499,-164.92228870,159.86851158
33.05713465,-164.88746925,159.88335437
32.96379676,-164.85274226,159.89879043
32.87041951,-164.81816259,159.91475192
32.77700269,-164.78372584,159.93117202
32.68354941,-164.74941875,159.94798526
32.59006519,-164.71522148,159.96512879
32.49655722,-164.68110983,159.98254103
32.40303306,-164.64705860,160.00016150
32.30949943,-164.61304511,160.01793323
32.21596062,-164.57905341,160.03580126
32.12241677,-164.54507909,160.05371259
32.02886194,-164.51113461,160.07161735
31.93528194,-164.47725533,160.08946738
31.84168316,-164.44342031,160.10721732
31.74806501,-164.40962795,160.12482472
31.65442697,-164.37587671,160.14225008
31.56076171,-164.34218416,160.15945657
31.46708172,-164.30851303,160.17640961
31.37339192,-164.27484714,160.19307845
31.27969159,-164.24118636,160.20943469
31.18597599,-164.20754190,160.22545278
31.09223790,-164.17393221,160.24111032
30.99846892,-164.14037920,160.25638754
30.90466069,-164.10690503,160.27126825
30.81080586,-164.07352920,160.28573815
30.71689898,-164.04026624,160.29978662
30.62293723,-164.00712358,160.31340620
30.52893848,-163.97405115,160.32659179
30.43490883,-163.94103187,160.33934161
30.34085421,-163.90804925,160.35165686
30.24678039,-163.87508748,160.36354123
30.15269001,-163.84213963,160.37500099
30.05858313,-163.80920626,160.38604574
29.96448500,-163.77621721,160.39668617
29.87041081,-163.74313067,160.40693612
29.77636646,-163.70993117,160.41681147
29.68234961,-163.67662647,160.42632926
29.58833974,-163.64327589,160.43550942
29.49433159,-163.60989581,160.44437416
29.40031779,-163.57650870,160.45294717
29.30628979,-163.54314061,160.46125310
29.21223872,-163.50981855,160.46931960
29.11816398,-163.47654644,160.47717415
29.02408766,-163.44326439,160.48484553
28.93001465,-163.40996100,160.49236500
28.83594559,-163.37663690,160.49976303
28.74187554,-163.34330849,160.50707125
28.64779265,-163.31001178,160.51432348
28.55369785,-163.27674695,160.52155402
28.45960453,-163.24347883,160.52879699
28.36551934,-163.21019135,160.53608831
28.27144350,-163.17688392,160.54346513
28.17737404,-163.14356790,160.55096400
28.08329224,-163.11029941,160.55862317
27.98919736,-163.07708354,160.56648167
27.89509987,-163.04389367,160.57457762
27.80101000,-163.01070375,160.58294918
27.70693689,-162.97749082,160.59163576
27.61288768,-162.94423754,160.60067554
27.51888473,-162.91088338,160.61010572
27.42493261,-162.87741818,160.61996434
27.33102782,-162.84385461,160.63028766
27.23715765,-162.81023139,160.64111156
27.14329929,-162.77661596,160.65247091
27.04945119,-162.74301534,160.66439978
26.95561318,-162.70943259,160.67693048
26.86178069,-162.67588313,160.69009411
26.76794884,-162.64238325,160.70392150
26.67411241,-162.60895006,160.71843973
26.58025461,-162.57563393,160.73367454
26.48637839,-162.54242848,160.74965123
26.39248908,-162.50932031,160.76639278
26.29859374,-162.47629096,160.78392015
26.20470035,-162.44331924,160.80225278
26.11081681,-162.41038395,160.82140877
26.01694984,-162.37746711,160.84140480
25.92310370,-162.34455765,160.86225561
25.82927867,-162.31165578,160.88397389
25.73546943,-162.27877763,160.90657131
25.64166320,-162.24596068,160.93005775
25.54786612,-162.21318799,160.95444146
25.45407765,-162.18046166,160.97972934
25.36029723,-162.14778379,161.00592579
25.26652420,-162.11515651,161.03303434
25.17275793,-162.08258190,161.06105714
25.07899772,-162.05006197,161.08999442
24.98524288,-162.01759873,161.11984378
24.89149264,-161.98519418,161.15060227
24.79774627,-161.95285022,161.18226649
24.70400296,-161.92056878,161.21482973
24.61026193,-161.88835169,161.24828486
24.51652237,-161.85620076,161.28262408
24.42278347,-161.82411772,161.31783784
24.32904441,-161.79210429,161.35391601
24.23530435,-161.76016211,161.39084765
24.14156248,-161.72829276,161.42862027
24.04781796,-161.69649777,161.46722029
23.95406992,-161.66477871,161.50663392
23.86031755,-161.63313694,161.54684585
23.76655997,-161.60157398,161.58784041
23.67279633,-161.57009118,161.62960144
23.57902578,-161.53868993,161.67211168
23.48524744,-161.50737155,161.71535387
23.39146046,-161.47613735,161.75930899
23.29766395,-161.44498863,161.80395812
23.20385702,-161.41392660,161.84928143
23.11003878,-161.38295252,161.89525779
23.01620830,-161.35206760,161.94186541
22.92236470,-161.32127291,161.98908030
22.82850700,-161.29056970,162.03687951
22.73463428,-161.25995898,162.08523833
22.64074559,-161.22944180,162.13413021
22.54683998,-161.19901914,162.18352887
22.45291651,-161.16869190,162.23340610
22.35897420,-161.13846101,162.28373363
22.26501209,-161.10832725,162.33448203
22.17102925,-161.07829136,162.38562081
22.07702471,-161.04835401,162.43711954
21.98299755,-161.01851574,162.48894537
21.88894681,-160.98877718,162.54106566
21.79487156,-160.95913869,162.59344795
21.70077089,-160.92960065,162.64605780
21.60664389,-160.90016332,162.69886039
21.51248965,-160.87082695,162.75182015
21.41830728,-160.84159173,162.80490161
21.32409592,-160.81245765,162.85806964
21.22985470,-160.78342478,162.91128827
21.13558280,-160.75449298,162.96452138
21.04127941,-160.72566207,163.01773147
20.94694368,-160.69693195,163.07088136
20.85257485,-160.66830219,163.12393553
20.75817214,-160.63977240,163.17685563
20.66373479,-160.61134217,163.22960300
20.56926207,-160.58301094,163.28214019
20.47475323,-160.55477814,163.33443028
20.38020761,-160.52664304,163.38643563
20.28562453,-160.49860491,163.43811882
20.19100339,-160.47066280,163.48944278
20.09634357,-160.44281580,163.54036973
20.00164448,-160.41506288,163.59086394
19.90690560,-160.38740290,163.64088956
19.81212644,-160.35983458,163.69040955
19.71730650,-160.33235670,163.73938897
19.62244535,-160.30496787,163.78779334
19.52754259,-160.27766667,163.83558862
19.43259786,-160.25045155,163.88274170
19.33761084,-160.22332098,163.92922098
19.24258125,-160.19627327,163.97499512
19.14750879,-160.16930688,164.02003340
19.05239325,-160.14242008,164.06430676
18.95723441,-160.11561119,164.10778636
18.86203207,-160.08887844,164.15044439
18.76678606,-160.06222019,164.19225358
18.67149622,-160.03563457,164.23318728
18.57616240,-160.00911985,164.27321913
18.48078448,-159.98267414,164.31232338
18.38536233,-159.95629568,164.35047456
18.28989587,-159.92998243,164.38764668
18.19438498,-159.90373261,164.42381500
18.09882963,-159.87754415,164.45895532
18.00322976,-159.85141507,164.49304434
17.90758539,-159.82534322,164.52605920
17.81189652,-159.79932652,164.55797735
17.71615776,-159.77338272,164.58877757
17.62037968,-159.74747111,164.61843839
17.52456612,-159.72157565,164.64693910
17.42871606,-159.69569819,164.67426079
17.33282531,-159.66985222,164.70038424
17.23688792,-159.64405793,164.72529213
17.14089748,-159.61833731,164.74896879
17.04484809,-159.59271077,164.77139895
16.94873521,-159.56719372,164.79256880
16.85255627,-159.54179452,164.81246596
16.75631124,-159.51651236,164.83107944
16.66001666,-159.49128568,164.84839916
16.56367878,-159.46609046,164.86441681
16.46730347,-159.44090425,164.87912541
16.37089617,-159.41570608,164.89251914
16.27445560,-159.39050010,164.90459311
16.17799104,-159.36525133,164.91534481
16.08152207,-159.33988648,164.92477243
15.98505883,-159.31436761,164.93287490
15.88860917,-159.28866531,164.93965385
15.79213914,-159.26290591,164.94511146
15.69566488,-159.23702963,164.94925098
15.59918081,-159.21105764,164.95207812
15.50267637,-159.18502980,164.95359946
15.40612851,-159.15903271,164.95382292
15.30952357,-159.13311801,164.95275673
15.21287928,-159.10722103,164.95041209
15.11621906,-159.08125588,164.94680210
15.01955461,-159.05518059,164.94193897
14.92289249,-159.02897234,164.93583791
14.82621734,-159.00269013,164.92851465
14.72956385,-158.97620693,164.91998561
14.63292494,-158.94955113,164.91026988
14.53629134,-158.92275950,164.89938593
14.43964451,-158.89590330,164.88735320
14.34297908,-158.86900475,164.87419270
14.24629677,-158.84205988,164.85992667
14.14959367,-158.81508564,164.84457823
14.05286553,-158.78810021,164.82816945
13.95610773,-158.76112302,164.81072448
13.85930552,-158.73421055,164.79226770
13.76246081,-158.70735809,164.77282244
13.66557791,-158.68055210,164.75241404
13.56866303,-158.65377219,164.73106727
13.47172363,-158.62699342,164.70880660
13.37476753,-158.60018954,164.68565787
13.27780193,-158.57333679,164.66164732
13.18083216,-158.54641827,164.63680003
13.08386032,-158.51942895,164.61114137
12.98688366,-158.49238166,164.58469797
12.88989269,-158.46531368,164.55749584
12.79289395,-158.43820371,164.52956021
12.69588843,-158.41105070,164.50091710
12.59887713,-158.38385365,164.47159212
12.50186103,-158.35661150,164.44160999
12.40484110,-158.32932331,164.41099711
12.30781829,-158.30198821,164.37977949
12.21079354,-158.27460539,164.34798143
12.11376780,-158.24717393,164.31562850
12.01674200,-158.21969308,164.28274724
11.91971702,-158.19216216,164.24936313
11.82269379,-158.16458045,164.21550173
11.72567318,-158.13694731,164.18118818
11.62865605,-158.10926218,164.14644734
11.53164328,-158.08152446,164.11130527
11.43463570,-158.05373364,164.07578733
11.33763413,-158.02588926,164.03991826
11.24063940,-157.99799089,164.00372218
11.14365232,-157.97003804,163.96722396
11.04667369,-157.94203037,163.93044919
10.94970428,-157.91396755,163.89342237
10.85274488,-157.88584923,163.85616805
10.75579625,-157.85767515,163.81871056
10.65885913,-157.82944506,163.78107381
10.56193425,-157.80115868,163.74328170
10.46502232,-157.77281584,163.70535721
10.36812404,-157.74441634,163.66732288
10.27124008,-157.71595993,163.62920102
10.17437113,-157.68744644,163.59101318
10.07751784,-157.65887566,163.55278068
9.98068082,-157.63024746,163.51452411
9.88386071,-157.60156168,163.47626345
9.78705808,-157.57281816,163.43801826
9.69027350,-157.54401678,163.39980612
9.59350749,-157.51515742,163.36164411
9.49676054,-157.48624002,163.32354890
9.40003314,-157.45726444,163.28553521
9.30332573,-157.42823062,163.24761779
9.20663873,-157.39913851,163.20980988
9.10997250,-157.36998809,163.17212391
9.01332743,-157.34077934,163.13457200
8.91670380,-157.31151233,163.09716465
8.82010194,-157.28218709,163.05991217
8.72352208,-157.25280378,163.02282398
8.62696447,-157.22336246,162.98590891
8.53042931,-157.19386332,162.94917456
8.43391682,-157.16430648,162.91262813
8.33742714,-157.13469215,162.87627707
8.24096040,-157.10502059,162.84012756
8.14451678,-157.07529191,162.80418512
8.04809636,-157.04550642,162.76845569
7.95169924,-157.01566438,162.73294392
7.85532551,-156.98576600,162.69765442
7.75897524,-156.95581160,162.66259161
7.66264845,-156.92580146,162.62775862
7.56634519,-156.89573590,162.59315838
7.47006550,-156.86561516,162.55879446
7.37380936,-156.83543959,162.52466968
7.27757677,-156.80520957,162.49078501
7.18136772,-156.77492536,162.45714286
7.08518218,-156.74458739,162.42374559
6.98902010,-156.71419601,162.39059403
6.89288144,-156.68375159,162.35768964
6.79676615,-156.65325453,162.32503411
6.70067414,-156.62270530,162.29262816
6.60460536,-156.59210430,162.26047248
6.50855974,-156.56145194,162.22856858
6.41253717,-156.53074871,162.19691789
6.31653757,-156.49999512,162.16552087
6.22056087,-156.46919158,162.13437900
6.12460695,-156.43833865,162.10349325
6.02867572,-156.40743682,162.07286482
5.93276712,-156.37648653,162.04249545
5.83688105,-156.34548832,162.01238720
5.74101740,-156.31444276,161.98254160
5.64517613,-156.28335023,161.95295991
5.54935714,-156.25221131,161.92364459
5.45356036,-156.22102650,161.89459849
5.35778568,-156.18979635,161.86582335
5.26203307,-156.15852125,161.83732073
5.16630241,-156.12720183,161.80909307
5.07059364,-156.09583849,161.78114186
4.97490668,-156.06443174,161.75346965
4.87924146,-156.03298208,161.72607920
4.78359787,-156.00149008,161.69897154
4.68797587,-155.96995609,161.67214940
4.59237535,-155.93838076,161.64561556
4.49679624,-155.90676453,161.61937168
4.40123841,-155.87510798,161.59341946
4.30570180,-155.84341158,161.56776156
4.21018629,-155.81167595,161.54240019
4.11469179,-155.77990155,161.51733643
4.01921821,-155.74808896,161.49257393
3.92376541,-155.71623881,161.46811475
3.82833331,-155.68435166,161.44396048
3.73292181,-155.65242801,161.42011527
3.63753075,-155.62046865,161.39658150
3.54216006,-155.58847412,161.37336134
3.44680959,-155.55644518,161.35045897
3.35147924,-155.52438244,161.32787824
3.25616887,-155.49228671,161.30562239
3.16087839,-155.46015865,161.28369578
3.06560766,-155.42799907,161.26210384
2.97035655,-155.39580882,161.24085068
2.87512500,-155.36358861,161.21994200
2.77991290,-155.33133928,161.19938543
2.68472015,-155.29906178,161.17918726
2.58954668,-155.26675684,161.15935488
2.49439243,-155.23442544,161.13989646
2.39925734,-155.20206839,161.12081998
2.30413464,-155.16970615,161.10213457
2.20903673,-155.13730335,161.08384976
2.11396852,-155.10484661,161.06597503
2.01892928,-155.07233891,161.04851946
1.92391433,-155.03979473,161.03149356
1.82891648,-155.00723581,161.01490866
1.73392737,-154.97468722,160.99877507
1.63893873,-154.94217383,160.98310365
1.54394327,-154.90971760,160.96790519
1.44893562,-154.87733488,160.95319107
1.35391298,-154.84503461,160.93897305
1.25889268,-154.81276719,160.92526216
1.16388050,-154.78051672,160.91206871
1.06888205,-154.74826784,160.89940302
0.97390275,-154.71600581,160.88727625
0.87894433,-154.68372646,160.87569848
0.78400758,-154.65142840,160.86468046
0.68911705,-154.61904193,160.85423233
0.59428705,-154.58652686,160.84436328
0.49952253,-154.55386993,160.83508362
0.40482008,-154.52108182,160.82640286
0.31015821,-154.48822512,160.81832975
0.21553064,-154.45531875,160.81087292
0.12092898,-154.42238763,160.80404151
0.02634359,-154.38946019,160.79784417
-0.06823542,-154.35656554,160.79228890
-0.16280845,-154.32370544,160.78738437
-0.25735496,-154.29082146,160.78313768
-0.35187120,-154.25790341,160.77955570
-0.44635770,-154.22495337,160.77664495
-0.54082052,-154.19198924,160.77441182
-0.63527257,-154.15904851,160.77286216
-0.72970692,-154.12611171,160.77200017
-0.82412386,-154.09318003,160.77183091
-0.91852367,-154.06025466,160.77235878
-1.01291397,-154.02735767,160.77358701
-1.10728232,-153.99445363,160.77551872
-1.20162310,-153.96152663,160.77815562
-1.29593627,-153.92857661,160.78149960
-1.39022613,-153.89561595,160.78555108
-1.48451333,-153.86270403,160.79030972
-1.57879975,-153.82984616,160.79577545
-1.67307587,-153.79701488,160.80194591
-1.76733236,-153.76418318,160.80881892
-1.86156107,-153.73132730,160.81639199
-1.95575588,-153.69842935,160.82466079
-2.04989526,-153.66542700,160.83362188
-2.14397580,-153.63230998,160.84327092
-2.23800253,-153.59909218,160.85360266
-2.33199003,-153.56581487,160.86461127
-2.42596339,-153.53254963,160.87629001
-2.51992557,-153.49930440,160.88863400
-2.61387827,-153.46608351,160.90163587
-2.70782759,-153.43290401,160.91528740
-2.80177990,-153.39978367,160.92958220
-2.89574178,-153.36674098,160.94451166
-2.98973158,-153.33382865,160.96006773
-3.08374738,-153.30104055,160.97624190
-3.17778465,-153.26836300,160.99302458
-3.27183685,-153.23577635,161.01040627
-3.36589639,-153.20325788,161.02837650
-3.45995554,-153.17078444,161.04692600
-3.55400767,-153.13833596,161.06604388
-3.64804862,-153.10589946,161.08571867
-3.74207822,-153.07347349,161.10593928
-3.83610201,-153.04107320,161.12669329
-3.93013318,-153.00873599,161.14796823
-4.02416563,-152.97644313,161.16975078
-4.11820000,-152.94419555,161.19202912
-4.21223689,-152.91199394,161.21478954
-4.30627697,-152.87983923,161.23801750
-4.40032084,-152.84773211,161.26170006
-4.49436913,-152.81567333,161.28582290
-4.58842245,-152.78366357,161.31037114
-4.68248141,-152.75170345,161.33532946
-4.77654663,-152.71979364,161.36068281
-4.87061870,-152.68793464,161.38641459
-4.96469823,-152.65612705,161.41250866
-5.05878581,-152.62437139,161.43895043
-5.15288197,-152.59266802,161.46572287
-5.24698730,-152.56101745,161.49280979
-5.34110230,-152.52942000,161.52019556
-5.43522750,-152.49787600,161.54786456
-5.52936338,-152.46638567,161.57580124
-5.62351042,-152.43494929,161.60398888
-5.71766910,-152.40356705,161.63241260
-5.81183984,-152.37223904,161.66105621
-5.90602309,-152.34096549,161.68990439
-6.00021925,-152.30974646,161.71894280
-6.09442869,-152.27858197,161.74815663
-6.18865180,-152.24747214,161.77753200
-6.28288892,-152.21641695,161.80705514
-6.37714037,-152.18541640,161.83671309
-6.47140647,-152.15447045,161.86649262
-6.56568750,-152.12357907,161.89638061
-6.65998377,-152.09274220,161.92636565
-6.75429552,-152.06195974,161.95643537
-6.84862304,-152.03123165,161.98657748
-6.94296655,-152.00055783,162.01678120
-7.03732629,-151.96993815,162.04703575
-7.13170248,-151.93937253,162.07733002
-7.22609532,-151.90886080,162.10765402
-7.32050499,-151.87840282,162.13799755
-7.41493170,-151.84799848,162.16835105
-7.50937558,-151.81764754,162.19870547
-7.60383681,-151.78734990,162.22905131
-7.69831552,-151.75710530,162.25938000
-7.79281187,-151.72691363,162.28968262
-7.88732597,-151.69677460,162.31995114
-7.98185793,-151.66668804,162.35017745
-8.07640789,-151.63665375,162.38035368
-8.17097593,-151.60667148,162.41047258
-8.26556213,-151.57674097,162.44052597
-8.36016660,-151.54686208,162.47050801
-8.45478939,-151.51703446,162.50041147
-8.54943061,-151.48725797,162.53022894
-8.64409030,-151.45753230,162.55995517
-8.73876853,-151.42785725,162.58958368
-8.83346537,-151.39823258,162.61910751
-8.92818089,-151.36865806,162.64851990
-9.02291516,-151.33913351,162.67781612
-9.11766825,-151.30965864,162.70698950
-9.21244023,-151.28023328,162.73603289
-9.30723117,-151.25085722,162.76494097
-9.40204113,-151.22153014,162.79370688
-9.49687020,-151.19225190,162.82232441
-9.59171846,-151.16302218,162.85078697
-9.68658597,-151.13384077,162.87908708
-9.78147282,-151.10470736,162.90721780
-9.87637909,-151.07562171,162.93517192
-9.97130488,-151.04658357,162.96294281
-10.06625023,-151.01759255,162.99052282
-10.16121524,-150.98864841,163.01790472
-10.25619998,-150.95975077,163.04508125
-10.35120450,-150.93089925,163.07204454
-10.44622889,-150.90209351,163.09878696
-10.54127320,-150.87333310,163.12530033
-10.63633748,-150.84461757,163.15157724
-10.73142177,-150.81594643,163.17760998
-10.82652611,-150.78731921,163.20339015
-10.92165052,-150.75873536,163.22891051
-11.01679498,-150.73019425,163.25416425
-11.11195950,-150.70169536,163.27914447
-11.20714402,-150.67323796,163.30384431
-11.30234850,-150.64482147,163.32825714
-11.39757288,-150.61644520,163.35237751
-11.49281708,-150.58810847,163.37620096
-11.58808100,-150.55981060,163.39972256
-11.68336453,-150.53155085,163.42293740
-11.77866754,-150.50332854,163.44584187
-11.87398991,-150.47514298,163.46843285
-11.96933149,-150.44699346,163.49070704
-12.06469213,-150.41887925,163.51266231
-12.16007165,-150.39079965,163.53429610
-12.25546990,-150.36275398,163.55560620
-12.35088668,-150.33474158,163.57659247
-12.44632181,-150.30676173,163.59725392
-12.54177507,-150.27881371,163.61758974
-12.63724628,-150.25089694,163.63760012
-12.73273522,-150.22301073,163.65728516
-12.82824165,-150.19515441,163.67664537
-12.92376539,-150.16732738,163.69568219
-13.01930618,-150.13952901,163.71439668
-13.11486381,-150.11175866,163.73278991
-13.21043806,-150.08401578,163.75086368
-13.30602871,-150.05629980,163.76862010
-13.40163550,-150.02861010,163.78606114
-13.49725822,-150.00094609,163.80318835
-13.59289664,-149.97330734,163.82000475
-13.68855051,-149.94569319,163.83651319
-13.78421959,-149.91810312,163.85271560
-13.87990365,-149.89053660,163.86861526
-13.97560243,-149.86299302,163.88421516
-14.07132138,-149.83549167,163.89951840
-14.16704986,-149.80799588,163.91452797
-14.26278331,-149.78049009,163.92924750
-14.35852179,-149.75297489,163.94368136
-14.45426876,-149.72546264,163.95783235
-14.55002982,-149.69797337,163.97170600
-14.64581169,-149.67053089,163.98530763
-14.74162126,-149.64315985,163.99864074
-14.83746479,-149.61588262,164.01171096
-14.93334713,-149.58871678,164.02452349
-15.02927118,-149.56167306,164.03708291
-15.12522292,-149.53470333,164.04939482
-15.22119784,-149.50779248,164.06146494
-15.31719152,-149.48092553,164.07329814
-15.41319962,-149.45408787,164.08489945
-15.50921936,-149.42727033,164.09627460
-15.60525311,-149.40048174,164.10742924
-15.70128039,-149.37365047,164.11836799
-15.79728860,-149.34673253,164.12909562
-15.89327249,-149.31970970,164.13961740
-15.98923347,-149.29258721,164.14993803
-16.08518781,-149.26542286,164.16006239
-16.18113964,-149.23823146,164.16999456
-16.27709489,-149.21103423,164.17973811
-16.37306064,-149.18385638,164.18929740
-16.46904432,-149.15672444,164.19867592
-16.56504920,-149.12965025,164.20787722
-16.66105706,-149.10256992,164.21690354
-16.75706439,-149.07547120,164.22575652
-16.85307107,-149.04835388,164.23443925
-16.94908155,-149.02123376,164.24295281
-17.04510602,-148.99414693,164.25129785
-17.14113862,-148.96707276,164.25947498
-17.23717927,-148.94001096,164.26748351
-17.33322790,-148.91296125,164.27532386
-17.42928447,-148.88592334,164.28299476
-17.52534895,-148.85889693,164.29049357
-17.62142132,-148.83188171,164.29781758
-17.71750158,-148.80487737,164.30496360
-17.81358977,-148.77788356,164.31192769
-17.90968592,-148.75089995,164.31870417
-18.00579010,-148.72392618,164.32528729
-18.10190238,-148.69696187,164.33167033
-18.19802287,-148.67000662,164.33784445
-18.29415169,-148.64306002,164.34380230
-18.39028897,-148.61612162,164.34953463
-18.48643486,-148.58919098,164.35502979
-18.58258953,-148.56226761,164.36027733
-18.67875315,-148.53535100,164.36526609
-18.77492590,-148.50844062,164.36998346
-18.87110799,-148.48153592,164.37441652
-18.96729961,-148.45463631,164.37855239
-19.06350097,-148.42774119,164.38237661
-19.15971230,-148.40084992,164.38587422
-19.25593380,-148.37396184,164.38903127
-19.35216570,-148.34707625,164.39183314
-19.44840822,-148.32019244,164.39426312
-19.54466156,-148.29330966,164.39630580
-19.64092594,-148.26642714,164.39794642
-19.73720157,-148.23954409,164.39916897
-19.83348864,-148.21265966,164.39995737
-19.92978734,-148.18577302,164.40029616
-20.02609785,-148.15888328,164.40016937
-20.12242032,-148.13198954,164.39956190
-20.21875490,-148.10509088,164.39845971
-20.31510171,-148.07818634,164.39684824
-20.41146658,-148.05129545,164.39471321
-20.50783958,-148.02438142,164.39204183
-20.60421606,-147.99742642,164.38882168
-20.70059573,-147.97042820,164.38504037
-20.79698164,-147.94339661,164.38068618
-20.89338955,-147.91638688,164.37574831
-20.98982100,-147.88940348,164.37021648
-21.08626809,-147.86241733,164.36408122
-21.18272298,-147.83539964,164.35733383
-21.27917870,-147.80832485,164.34996586
-21.37562982,-147.78117301,164.34197046
-21.47205869,-147.75388054,164.33334147
-21.56846182,-147.72643469,164.32407247
-21.66484232,-147.69884629,164.31415857
-21.76121079,-147.67115297,164.30359591
-21.85758614,-147.64342206,164.29238100
-21.95397031,-147.61566035,164.28051093
-22.05036369,-147.58786916,164.26798339
-22.14677034,-147.56006288,164.25479827
-22.24319454,-147.53225678,164.24095580
-22.33964077,-147.50446681,164.22645648
-22.43612304,-147.47674250,164.21130214
-22.53263909,-147.44907605,164.19549487
-22.62918455,-147.42145223,164.17903855
-22.72575344,-147.39385033,164.16193787
-22.82233887,-147.36624642,164.14419759
-22.91893380,-147.33861632,164.12582354
-23.01553199,-147.31093882,164.10682345
-23.11212919,-147.28319976,164.08720697
-23.20872428,-147.25539629,164.06698273
-23.30532070,-147.22754166,164.04616107
-23.40192810,-147.19967107,164.02475425
-23.49854056,-147.17176489,164.00277538
-23.59515754,-147.14382261,163.98023874
-23.69177850,-147.11584387,163.95715838
-23.78840285,-147.08782814,163.93354991
-23.88503002,-147.05977505,163.90943030
-23.98165937,-147.03168416,163.88481852
-24.07829031,-147.00355517,163.85973337
-24.17492220,-146.97538780,163.83419306
-24.27155434,-146.94718163,163.80821901
-24.36818613,-146.91893651,163.78183290
-24.46481684,-146.89065213,163.75505615
-24.56144583,-146.86232837,163.72791199
-24.65807240,-146.83396511,163.70042335
-24.75469583,-146.80556215,163.67261510
-24.85131541,-146.77711943,163.64451294
-24.94793042,-146.74863695,163.61614245
-25.04454016,-146.72011474,163.58753062
-25.14114387,-146.69155286,163.55870429
-25.23774080,-146.66295129,163.52969191
-25.33433024,-146.63431029,163.50052194
-25.43091143,-146.60562992,163.47122322
-25.52748361,-146.57691041,163.44182635
-25.62404606,-146.54815201,163.41236017
-25.72059798,-146.51935487,163.38285509
-25.81713866,-146.49051936,163.35334265
-25.91366735,-146.46164578,163.32385312
-26.01018330,-146.43273446,163.29441758
-26.10668578,-146.40378576,163.26506680
-26.20317404,-146.37480004,163.23583219
-26.29964740,-146.34577781,163.20674490
-26.39610513,-146.31671942,163.17783561
-26.49254652,-146.28762534,163.14913528
-26.58897091,-146.25849608,163.12067372
-26.68537762,-146.22933209,163.09248108
-26.78176602,-146.20013399,163.06458735
-26.87813549,-146.17090227,163.03702073
-26.97448541,-146.14163751,163.00980933
-27.07081524,-146.11234035,162.98298139
-27.16712441,-146.08301136,162.95656410
-27.26341242,-146.05365130,162.93058291
-27.35967876,-146.02426076,162.90506271
-27.45592298,-145.99484053,162.88002934
-27.55214465,-145.96539132,162.85550716
-27.64834337,-145.93591396,162.83151897
-27.74451877,-145.90640927,162.80808648
-27.84067049,-145.87687806,162.78523160
-27.93680423,-145.84734034,162.76297581
-28.03290844,-145.81776100,162.74133853
-28.12897857,-145.78812714,162.72033892
-28.22501522,-145.75844246,162.69999494
-28.32102255,-145.72872185,162.68032419
-28.41700693,-145.69898716,162.66134337
-28.51297561,-145.66926293,162.64306788
-28.60893572,-145.63957317,162.62551179
-28.70489331,-145.60993827,162.60868726
-28.80085259,-145.58037273,162.59260716
-28.89681543,-145.55088333,162.57728305
-28.99276563,-145.52141912,162.56272419
-29.08869766,-145.49196327,162.54893958
-29.18460630,-145.46249993,162.53593757
-29.28048661,-145.43301414,162.52372538
-29.37633851,-145.40350619,162.51230848
-29.47215828,-145.37396484,162.50169095
-29.56792443,-145.34432258,162.49187609
-29.66362523,-145.31454263,162.48286636
-29.75925765,-145.28461573,162.47466226
-29.85482630,-145.25455660,162.46726336
-29.95035194,-145.22443092,162.46066818
-30.04584138,-145.19426007,162.45487268
-30.14130326,-145.16407104,162.44987204
-30.23674719,-145.13389374,162.44565998
-30.33218287,-145.10375816,162.44222807
-30.42760773,-145.07365536,162.43956600
-30.52300502,-145.04353132,162.43766337
-30.61837207,-145.01337652,162.43650753
-30.71371012,-144.98319367,162.43608253
-30.80902540,-144.95300105,162.43637269
-30.90433013,-144.92283577,162.43736108
-30.99961860,-144.89267808,162.43902798
-31.09489169,-144.86252892,162.44135184
-31.19015029,-144.83238918,162.44431028
-31.28539536,-144.80225971,162.44787837
-31.38062786,-144.77214128,162.45202992
-31.47584879,-144.74203462,162.45673779
-31.57105919,-144.71194039,162.46197121
-31.66626009,-144.68185919,162.46769835
-31.76145259,-144.65179155,162.47388700
-31.85663779,-144.62173793,162.48050298
-31.95181681,-144.59169871,162.48750930
-32.04699081,-144.56167422,162.49486755
-32.14216097,-144.53166468,162.50253848
-32.23732848,-144.50167025,162.51047992
-32.33249458,-144.47169100,162.51864870
-32.42766049,-144.44172690,162.52700034
-32.52282749,-144.41177785,162.53548708
-32.61799685,-144.38184366,162.54406128
-32.71316987,-144.35192402,162.55267364
-32.80834785,-144.32201855,162.56127176
-32.90353215,-144.29212676,162.56980183
-32.99872408,-144.26224805,162.57820969
-33.09392501,-144.23238173,162.58643861
-33.18913631,-144.20252698,162.59442976
-33.28435935,-144.17268289,162.60212422
-33.37959552,-144.14284844,162.60946089
-33.47484621,-144.11302247,162.61637647
-33.57011281,-144.08320373,162.62280732
-33.66540335,-144.05341198,162.62868718
-33.76070829,-144.02361072,162.63394834
-33.85602319,-143.99377955,162.63852268
-33.95134806,-143.96391231,162.64234003
-34.04668679,-143.93401507,162.64532888
-34.14205117,-143.90411905,162.64741756
-34.23746109,-143.87428136,162.64853261
-34.33290825,-143.84446870,162.64859840
-34.42838361,-143.81464537,162.64753926
-34.52387822,-143.78477584,162.64527783
-34.61938418,-143.75482791,162.64173595
-34.71487884,-143.72472216,162.63683432
-34.81035401,-143.69442534,162.63049204
-34.90580855,-143.66392685,162.62262761
-35.00125024,-143.63324458,162.61315890
-35.09669749,-143.60243031,162.60200265
-35.19216896,-143.57153672,162.58907331
-35.28765910,-143.54053894,162.57428630
-35.38317357,-143.50944791,162.55755583
-35.47871865,-143.47827660,162.53879470
-35.57430138,-143.44704024,162.51791735
-35.66994019,-143.41578989,162.49483612
-35.76563639,-143.38452245,162.46946306
-35.86138865,-143.35322664,162.44171141
-35.95719343,-143.32188410,162.41149375
-36.05304550,-143.29047130,162.37872227
-36.14893875,-143.25896215,162.34331015
-36.24486728,-143.22733138,162.30517173
-36.34082676,-143.19555886,162.26422078
-36.43681594,-143.16363447,162.22037232
-36.53283873,-143.13156449,162.17354325
-36.62890642,-143.09937861,162.12364915
-36.72501347,-143.06705359,162.07060749
-36.82115989,-143.03458400,162.01433829
-36.91734563,-143.00196437,161.95476118
-37.01357050,-142.96918905,161.89179727
-37.10983418,-142.93625231,161.82536962
-37.20613626,-142.90314839,161.75540320
-37.30247625,-142.86987149,161.68182454
-37.39885346,-142.83641560,161.60456240
-37.49526717,-142.80277494,161.52354792
-37.59171650,-142.76894348,161.43871301
-37.68820040,-142.73491515,161.34999359
-37.78471773,-142.70068393,161.25732911
-37.88126726,-142.66624380,161.16066023
-37.97784751,-142.63158859,161.05993077
-38.07445693,-142.59671221,160.95508845
-38.17109378,-142.56160844,160.84608464
-38.26775619,-142.52627119,160.73287397
-38.36444211,-142.49069423,160.61541625
-38.46114937,-142.45487147,160.49367367
-38.55787557,-142.41879661,160.36761199
-38.65461820,-142.38246346,160.23720270
-38.75137458,-142.34586581,160.10242088
-38.84814188,-142.30899748,159.96324520
-38.94491703,-142.27185216,159.81965840
-39.04169688,-142.23442371,159.67164805
-39.13847807,-142.19670585,159.51920660
-39.23525714,-142.15869249,159.36233080
-39.33203041,-142.12037747,159.20102109
-39.42879413,-142.08175480,159.03528170
-39.52554430,-142.04281830,158.86512247
-39.62227688,-142.00356211,158.69055766
-39.71898762,-141.96398026,158.51160532
-39.81567216,-141.92406701,158.32828866
-39.91232595,-141.88381647,158.14063573
-40.00894436,-141.84322302,157.94867881
-40.10552258,-141.80228096,157.75245526
-40.20205569,-141.76098482,157.55200662
-40.29853864,-141.71932910,157.34737757
-40.39496626,-141.67730846,157.13861794
-40.49133326,-141.63491751,156.92578228
-40.58763425,-141.59215114,156.70892828
-40.68386375,-141.54900419,156.48811685
-40.78001618,-141.50547169,156.26341188
-40.87608580,-141.46154859,156.03488156
-40.97206691,-141.41723018,155.80259685
-41.06795361,-141.37251164,155.56663104
-41.16374006,-141.32738848,155.32706117
-41.25942024,-141.28185614,155.08396598
-41.35498812,-141.23591024,154.83742680
-41.45043764,-141.18954655,154.58752697
-41.54576269,-141.14276092,154.33435168
-41.64095712,-141.09554934,154.07798636
-41.73601472,-141.04790784,153.81851726
-41.83092926,-140.99983256,153.55603369
-41.92569455,-140.95131986,153.29062450
-42.02030428,-140.90236603,153.02237833
-42.11475221,-140.85296762,152.75138419
-42.20903204,-140.80312112,152.47773022
-42.30313750,-140.75282316,152.20150450
-42.39706229,-140.70207043,151.92279261
-42.49080016,-140.65085972,151.64167930
-42.58434486,-140.59918790,151.35824665
-42.67769011,-140.54705180,151.07257514
-42.77082971,-140.49444840,150.78474329
-42.86375753,-140.44137480,150.49482474
-42.95646739,-140.38782799,150.20289026
-43.04895322,-140.33380515,149.90900631
-43.14120890,-140.27930336,149.61323578
-43.23322845,-140.22431987,149.31563790
-43.32500585,-140.16885187,149.01626726
-43.41653517,-140.11289661,148.71517373
-43.50781051,-140.05645142,148.41240166
-43.59882600,-139.99951352,148.10799128
-43.68957587,-139.94208028,147.80197689
-43.78005438,-139.88414904,147.49438564
-43.87025580,-139.82571707,147.18523983
-43.96017450,-139.76678174,146.87455571
-44.04980481,-139.70734029,146.56234421
-44.13914119,-139.64739009,146.24860999
-44.22817808,-139.58692844,145.93335163
-44.31690998,-139.52595265,145.61656208
-44.40533145,-139.46446006,145.29822711
-44.49343700,-139.40244790,144.97832727
-44.58122125,-139.33991353,144.65683762
-44.66867879,-139.27685421,144.33372653
-44.75580416,-139.21326713,144.00895745
-44.84259201,-139.14914958,143.68248848
-44.92903684,-139.08449871,143.35427204
-45.01513326,-139.01931173,143.02425555
-45.10087574,-138.95358577,142.69238091
-45.18625881,-138.88731800,142.35858606
-45.27127689,-138.82050551,142.02280302
-45.35592434,-138.75314534,141.68496032
-45.44019555,-138.68523465,141.34498324
-45.52408474,-138.61677046,141.00279114
-45.60758609,-138.54774979,140.65830114
-45.69069375,-138.47816979,140.31142662
-45.77340176,-138.40802753,139.96207776
-45.85570408,-138.33732015,139.61016337
-45.93759457,-138.26604482,139.25558947
-46.01906705,-138.19419882,138.89826077
-46.10011520,-138.12177949,138.53808102
-46.18073260,-138.04878420,138.17495437
-46.26091275,-137.97521052,137.80878388
-46.34064898,-137.90105605,137.43947374
-46.41993452,-137.82631852,137.06693133
-46.49876248,-137.75099585,136.69106450
-46.57712584,-137.67508607,136.31178364
-46.65501735,-137.59858734,135.92900331
-46.73242972,-137.52149802,135.54264212
-46.80935542,-137.44381661,135.15262191
-46.88578680,-137.36554177,134.75886925
-46.96171599,-137.28667237,134.36131601
-47.03713503,-137.20720746,133.95989917
-47.11203568,-137.12714625,133.55456308
-47.18640962,-137.04648820,133.14525840
-47.26024838,-136.96523301,132.73194213
-47.33354329,-136.88338058,132.31457739
-47.40628550,-136.80093101,131.89313588
-47.47846612,-136.71788471,131.46759721
-47.55007607,-136.63424234,131.03794782
-47.62110614,-136.55000478,130.60418327
-47.69154707,-136.46517327,130.16630762
-47.76138948,-136.37974933,129.72433373
-47.83062392,-136.29373471,129.27828330
-47.89924087,-136.20713155,128.82818802
-47.96723083,-136.11994230,128.37408804
-48.03458416,-136.03216969,127.91603204
-48.10129120,-135.94381676,127.45408037
-48.16734239,-135.85488696,126.98830251
-48.23272805,-135.76538399,126.51877722
-48.29743856,-135.67531191,126.04559415
-48.36146434,-135.58467511,125.56885211
-48.42479590,-135.49347834,125.08865774
-48.48742373,-135.40172661,124.60512716
-48.54933848,-135.30942530,124.11838683
-48.61053096,-135.21658014,123.62856970
-48.67099197,-135.12319712,123.13581791
-48.73071257,-135.02928261,122.64028283
-48.78968396,-134.93484330,122.14212163
-48.84789748,-134.83988612,121.64149925
-48.90534468,-134.74441839,121.13858841
-48.96201737,-134.64844770,120.63356754
-49.01790760,-134.55198196,120.12662063
-49.07300753,-134.45502931,119.61793835
-49.12730972,-134.35759821,119.10771698
-49.18080700,-134.25969741,118.59615559
-49.23349235,-134.16133581,118.08345768
-49.28535919,-134.06252265,117.56982952
-49.33640113,-133.96326732,117.05547877
-49.38661207,-133.86357940,116.54061616
-49.43598628,-133.76346872,116.02545384
-49.48451835,-133.66294526,115.51020418
-49.53220314,-133.56201916,114.99507875
-49.57903586,-133.46070071,114.48028889
-49.62501214,-133.35900035,113.96604422
-49.67012794,-133.25692863,113.45255069
-49.71437955,-133.15449617,112.94001151
-49.75776370,-133.05171374,112.42862557
-49.80027740,-132.94859210,111.91858796
-49.84191808,-132.84514212,111.41009046
-49.88268362,-132.74137473,110.90331818
-49.92257216,-132.63730084,110.39845038
-49.96158232,-132.53293143,109.89566052
-49.99971302,-132.42827744,109.39511612
-50.03696369,-132.32334983,108.89697791
-50.07333401,-132.21815950,108.40139870
-50.10882408,-132.11271731,107.90852413
-50.14343434,-132.00703408,107.41849235
-50.17716559,-131.90112050,106.93143361
-50.21001894,-131.79498720,106.44746989
-50.24199594,-131.68864472,105.96671331
-50.27309834,-131.58210344,105.48926859
-50.30332827,-131.47537364,105.01523304
-50.33268812,-131.36846542,104.54469428
-50.36118067,-131.26138878,104.07773110
-50.38880884,-131.15415351,103.61441443
-50.41557594,-131.04676922,103.15480644
-50.44148544,-130.93924535,102.69896040
-50.46654112,-130.83159114,102.24692104
-50.49074694,-130.72381562,101.79872525
-50.51410713,-130.61592760,101.35440169
-50.53662603,-130.50793567,100.91397036
-50.55830826,-130.39984822,100.47744404
-50.57915858,-130.29167337,100.04482784
-50.59918195,-130.18341905,99.61611865
-50.61838347,-130.07509292,99.19130719
-50.63676843,-129.96670244,98.77037723
-50.65434229,-129.85825481,98.35330573
-50.67111062,-129.74975701,97.94006432
-50.68707914,-129.64121581,97.53061953
-50.70225377,-129.53263772,97.12493266
-50.71664051,-129.42402906,96.72295926
-50.73024555,-129.31539594,96.32465210
-50.74307514,-129.20674424,95.92996080
-50.75513574,-129.09807965,95.53883200
-50.76643387,-128.98940768,95.15120985
-50.77697622,-128.88073366,94.76703754
-50.78676951,-128.77206274,94.38625714
-50.79582065,-128.66339989,94.00880983
-50.80413658,-128.55474995,93.63463798
-50.81172435,-128.44611762,93.26368421
-50.81859105,-128.33750743,92.89589246
-50.82474383,-128.22892382,92.53120812
-50.83018993,-128.12037109,92.16957979
-50.83493669,-128.01185344,91.81095855
-50.83899137,-127.90337495,91.45529728
-50.84236143,-127.79493964,91.10255320
-50.84505424,-127.68655139,90.75268677
-50.84707732,-127.57821403,90.40566220
-50.84843813,-127.46993132,90.06144774
-50.84914424,-127.36170694,89.72001646
-50.84920323,-127.25354453,89.38134691
-50.84862278,-127.14544767,89.04542220
-50.84741057,-127.03741988,88.71223082
-50.84557439,-126.92946466,88.38176551
-50.84312203,-126.82158546,88.05402588
-50.84006139,-126.71378570,87.72901614
-50.83640037,-126.60606876,87.40674656
-50.83214700,-126.49843802,87.08723319
-50.82730932,-126.39089681,86.77049704
-50.82189542,-126.28344849,86.45656689
-50.81591348,-126.17609634,86.14547634
-50.80937176,-126.06884368,85.83726443
-50.80227851,-125.96169378,85.53197486
-50.79464208,-125.85464992,85.22965754
-50.78647079,-125.74771535,84.93036840
-50.77777310,-125.64089331,84.63416676
-50.76855742,-125.53418701,84.34111731
-50.75883229,-125.42759966,84.05128935
-50.74860624,-125.32113442,83.76475483
-50.73788784,-125.21479441,83.48158964
-50.72668574,-125.10858273,83.20187307
-50.71500860,-125.00250243,82.92568628
-50.70286511,-124.89655651,82.65311279
-50.69026392,-124.79074794,82.38423856
-50.67721379,-124.68507963,82.11915073
-50.66372345,-124.57955442,81.85793833
-50.64980164,-124.47417510,81.60068981
-50.63545708,-124.36894438,81.34749422
-50.62069854,-124.26386487,81.09843964
-50.60553477,-124.15893912,80.85361253
-50.58997442,-124.05416956,80.61309845
-50.57402620,-123.94955852,80.37698018
-50.55769867,-123.84510822,80.14533797
-50.54100038,-123.74082076,79.91824864
-50.52393985,-123.63669812,79.69578534
-50.50652549,-123.53274214,79.47801732
-50.48876571,-123.42895451,79.26500882
-50.47066874,-123.32533679,79.05682004
-50.45224293,-123.22189033,78.85350554
-50.43349640,-123.11861636,78.65511214
-50.41443723,-123.01551592,78.46168193
-50.39507349,-122.91258983,78.27325060
-50.37541308,-122.80983876,78.08984660
-50.35546385,-122.70726319,77.91149250
-50.33523357,-122.60486341,77.73820307
-50.31472989,-122.50263949,77.56998656
-50.29396040,-122.40059133,77.40684498
-50.27293247,-122.29871866,77.24877331
-50.25165357,-122.19702094,77.09575919
-50.23013079,-122.09549752,76.94778238
-50.20837119,-121.99414750,76.80481714
-50.18638174,-121.89296980,76.66682954
-50.16416918,-121.79196313,76.53377830
-50.14174006,-121.69112603,76.40561627
-50.11910085,-121.59045683,76.28228872
-50.09625777,-121.48995367,76.16373356
-50.07321681,-121.38961453,76.04988196
-50.04998385,-121.28943719,75.94065924
-50.02656462,-121.18941922,75.83598315
-50.00296446,-121.08955810,75.73576637
-49.97918869,-120.98985106,75.63991575
-49.95524244,-120.89029518,75.54833055
-49.93113052,-120.79088740,75.46090453
-49.90685761,-120.69162449,75.37752647
-49.88242826,-120.59250302,75.29807969
-49.85784672,-120.49351947,75.22244062
-49.83311710,-120.39467017,75.15048283
-49.80824339,-120.29595130,75.08207569
-49.78322941,-120.19735891,75.01708234
-49.75807868,-120.09888899,74.95536487
-49.73279483,-120.00053734,74.89678173
-49.70738126,-119.90229970,74.84118665
-49.68184114,-119.80417177,74.78843211
-49.65617757,-119.70614914,74.73836944
-49.63039363,-119.60822733,74.69084735
-49.60449214,-119.51040188,74.64571417
-49.57847582,-119.41266826,74.60281866
-49.55234738,-119.31502193,74.56200819
-49.52610931,-119.21745838,74.52313022
-49.49976392,-119.11997311,74.48603442
-49.47331362,-119.02256162,74.45057154
-49.44676057,-118.92521945,74.41659137
-49.42010675,-118.82794226,74.38394725
-49.39335408,-118.73072571,74.35249580
-49.36650446,-118.63356554,74.32209392
-49.33955954,-118.53645760,74.29260215
-49.31252091,-118.43939784,74.26388404
-49.28539013,-118.34238227,74.23580550
-49.25816849,-118.24540707,74.20823663
-49.23085727,-118.14846851,74.18105194
-49.20345776,-118.05156296,74.15412937
-49.17597101,-117.95468697,74.12734974
-49.14839795,-117.85783724,74.10059948
-49.12073957,-117.76101057,74.07377066
-49.09299666,-117.66420392,74.04675825
-49.06516994,-117.56741445,74.01946157
-49.03726002,-117.47063945,73.99178675
-49.00926743,-117.37387638,73.96364376
-48.98119263,-117.27712286,73.93494801
-48.95303597,-117.18037670,73.90562111
-48.92479781,-117.08363583,73.87558799
-48.89647834,-116.98689840,73.84477926
-48.86807762,-116.89016271,73.81313166
-48.83959583,-116.79342717,73.78058595
-48.81103289,-116.69669045,73.74708837
-48.78238872,-116.59995132,73.71259044
-48.75366320,-116.50320874,73.67704909
-48.72485612,-116.40646182,73.64042690
-48.69596723,-116.30970983,73.60269067
-48.66699627,-116.21295218,73.56381227
-48.63794291,-116.11618842,73.52376857
-48.60880675,-116.01941827,73.48254092
-48.57958739,-115.92264155,73.44011576
-48.55028445,-115.82585825,73.39648294
-48.52089743,-115.72906846,73.35163823
-48.49142586,-115.63227242,73.30558249
-48.46186930,-115.53547047,73.25831829
-48.43222720,-115.43866309,73.20985458
-48.40249909,-115.34185084,73.16020378
-48.37268447,-115.24503441,73.10938135
-48.34278276,-115.14821459,73.05740797
-48.31279347,-115.05139227,73.00430717
-48.28271604,-114.95456843,72.95010617
-48.25254998,-114.85774412,72.89483517
-48.22229470,-114.76092050,72.83852713
-48.19194972,-114.66409874,72.78121851
-48.16151458,-114.56728010,72.72294662
-48.13098868,-114.47046594,72.66375232
-48.10037162,-114.37365760,72.60367932
-48.06966291,-114.27685652,72.54277149
-48.03886218,-114.18006413,72.48107605
-48.00796904,-114.08328195,72.41864217
-47.97698317,-113.98651148,72.35552023
-47.94590439,-113.88975422,72.29176186
-47.91473250,-113.79301173,72.22741951
-47.88346744,-113.69628553,72.16254790
-47.85210928,-113.59957715,72.09720189
-47.82065795,-113.50288817,72.03143769
-47.78911370,-113.40622012,71.96531400
-47.75747682,-113.30957452,71.89888900
-47.72574765,-113.21295292,71.83222181
-47.69392662,-113.11635687,71.76537366
-47.66201427,-113.01978790,71.69840728
-47.63001130,-112.92324750,71.63138493
-47.59791836,-112.82673721,71.56436985
-47.56573627,-112.73025852,71.49742649
-47.53346589,-112.63381291,71.43061823
-47.50110810,-112.53740188,71.36401015
-47.46866399,-112.44102685,71.29766869
-47.43613463,-112.34468925,71.23165807
-47.40352116,-112.24839048,71.16604218
-47.37082472,-112.15213195,71.10088629
-47.33804666,-112.05591497,71.03625580
-47.30518835,-111.95974085,70.97221419
-47.27225113,-111.86361089,70.90882456
-47.23923653,-111.76752630,70.84614987
-47.20614608,-111.67148829,70.78425230
-47.17298138,-111.57549799,70.72319396
-47.13974418,-111.47955649,70.66303455
-47.10643624,-111.38366482,70.60383286
-47.07305940,-111.28782396,70.54564651
-47.03961545,-111.19203487,70.48853280
-47.00610653,-111.09629837,70.43254747
-46.97253457,-111.00061532,70.37774374
-46.93890170,-110.90498646,70.32417509
-46.90521007,-110.80941251,70.27189368
-46.87146191,-110.71389411,70.22095025
-46.83765948,-110.61843185,70.17139327
-46.80380514,-110.52302626,70.12326946
-46.76990120,-110.42767785,70.07662529
-46.73595002,-110.33238702,70.03150421
-46.70195389,-110.23715421,69.98794929
-46.66791533,-110.14197968,69.94600023
-46.63383664,-110.04686375,69.90569501
-46.59973714,-109.95180036,69.86707096
-46.56558550,-109.85680214,69.83016119
-46.53137360,-109.76187308,69.79499700
-46.49710931,-109.66701118,69.76160732
-46.46281039,-109.57221071,69.73001858
-46.42849927,-109.47746413,69.70025350
-46.39419883,-109.38276359,69.67233259
-46.35992885,-109.28810235,69.64627483
-46.32570363,-109.19347557,69.62209516
-46.29152971,-109.09888125,69.59980492
-46.25740504,-109.00432049,69.57941273
-46.22327544,-108.90981362,69.56092514
-46.18912145,-108.81536811,69.54434487
-46.15494736,-108.72098251,69.52967150
-46.12070186,-108.62667609,69.51690198
-46.08635355,-108.53246060,69.50602979
-46.05189330,-108.43833935,69.49704628
-46.01735681,-108.34429878,69.48993850
-45.98270383,-108.25035367,69.48469032
-45.94791574,-108.15651054,69.48128226
-45.91299291,-108.06276872,69.47969144
-45.87797917,-107.96911112,69.47989260
-45.84287557,-107.87553657,69.48185537
-45.80769168,-107.78204056,69.48554577
-45.77239134,-107.68863558,69.49092887
-45.73698642,-107.59531603,69.49796550
-45.70150882,-107.50206876,69.50661289
-45.66600119,-107.40887647,69.51682621
-45.63043307,-107.31574917,69.52855841
-45.59482759,-107.22267675,69.54176064
-45.55922331,-107.12964328,69.55638068
-45.52367537,-107.03662660,69.57236431
-45.48818657,-106.94362411,69.58965623
-45.45278138,-106.85062508,69.60819834
-45.41752011,-106.75760555,69.62793188
-45.38240519,-106.66456299,69.64879651
-45.34742980,-106.57149827,69.67073059
-45.31257941,-106.47841512,69.69367241
-45.27783416,-106.38531920,69.71755816
-45.24317186,-106.29221702,69.74232431
-45.20857163,-106.19911457,69.76790683
-45.17401847,-106.10601564,69.79424117
-45.13950834,-106.01291995,69.82126383
-45.10505417,-105.91982095,69.84890942
-45.07069286,-105.82670323,69.87711292
-45.03640581,-105.73357194,69.90581070
-45.00219306,-105.64042530,69.93493827
-44.96805451,-105.54726162,69.96443079
-44.93398993,-105.45407926,69.99422410
-44.89999897,-105.36087665,70.02425508
-44.86608108,-105.26765230,70.05446128
-44.83223560,-105.17440479,70.08478133
-44.79846174,-105.08113280,70.11515527
-44.76475845,-104.98783514,70.14552354
-44.73112473,-104.89451063,70.17582901
-44.69755926,-104.80115825,70.20601697
-44.66406059,-104.70777707,70.23603257
-44.63062723,-104.61436623,70.26582315
-44.59725751,-104.52092499,70.29533896
-44.56394969,-104.42745271,70.32453216
-44.53070192,-104.33394885,70.35335782
-44.49751221,-104.24041297,70.38177323
-44.46437859,-104.14684475,70.40973946
-44.43129888,-104.05324398,70.43721998
-44.39827094,-103.95961054,70.46418111
-44.36529253,-103.86594440,70.49059317
-44.33236133,-103.77224566,70.51642797
-44.29947507,-103.67851448,70.54166122
-44.26663139,-103.58475112,70.56627167
-44.23382799,-103.49095592,70.59024084
-44.20106250,-103.39712933,70.61355428
-44.16833256,-103.30327187,70.63620001
-44.13563587,-103.20938415,70.65817046
-44.10297005,-103.11546687,70.67946096
-44.07033278,-103.02152082,70.70006867
-44.03772180,-102.92754684,70.71999577
-44.00513487,-102.83354585,70.73924751
-43.97258931,-102.73951205,70.75783114
-43.94004747,-102.64545887,70.77575737
-43.90749253,-102.55139251,70.79304083
-43.87492350,-102.45731381,70.80969888
-43.84235097,-102.36321961,70.82575125
-43.80979306,-102.26910427,70.84122079
-43.77727190,-102.17496083,70.85613366
-43.74481048,-102.08078209,70.87051692
-43.71243001,-101.98656157,70.88440073
-43.68014729,-101.89229440,70.89781893
-43.64795278,-101.79798484,70.91080535
-43.61583520,-101.70363793,70.92339675
-43.58379615,-101.60925425,70.93563187
-43.55182203,-101.51483961,70.94754969
-43.51988806,-101.42040370,70.95919047
-43.48796173,-101.32595887,70.97059600
-43.45600613,-101.23151902,70.98180885
-43.42398302,-101.13709847,70.99287107
-43.39185562,-101.04271103,71.00382582
-43.35959103,-100.94836919,71.01471722
-43.32716260,-100.85408323,71.02558848
-43.29457079,-100.75985400,71.03648236
-43.26184323,-100.66567311,71.04744111
-43.22901376,-100.57153002,71.05850643
-43.19612015,-100.47741284,71.06971897
-43.16320156,-100.38330920,71.08111838
-43.13029577,-100.28920717,71.09274269
-43.09743614,-100.19509637,71.10462981
-43.06464832,-100.10096901,71.11681593
-43.03194660,-100.00682117,71.12933503
-42.99933010,-99.91265413,71.14222049
-42.96681084,-99.81846475,71.15550286
-42.93439889,-99.72425042,71.16921067
-42.90207791,-99.63001749,71.18337134
-42.86982706,-99.53577377,71.19800960
-42.83762367,-99.44152763,71.21314736
-42.80544574,-99.34728712,71.22880455
-42.77327533,-99.25305886,71.24499881
-42.74110196,-99.15884679,71.26174478
-42.70892659,-99.06465091,71.27905424
-42.67676609,-98.97046572,71.29693638
-42.64465801,-98.87627864,71.31539753
-42.61258481,-98.78209575,71.33444076
-42.58054848,-98.68791639,71.35406743
-42.54855091,-98.59373990,71.37427554
-42.51659403,-98.49956551,71.39506071
-42.48467964,-98.40539243,71.41641597
-42.45280960,-98.31121978,71.43833064
-42.42098566,-98.21704667,71.46079385
-42.38920947,-98.12287215,71.48379083
-42.35748267,-98.02869521,71.50730394
-42.32580684,-97.93451480,71.53131366
-42.29418345,-97.84032986,71.55579710
-42.26261401,-97.74613921,71.58073004
-42.23109970,-97.65194174,71.60608557
-42.19964191,-97.55773623,71.63183448
-42.16824168,-97.46352148,71.65794459
-42.13690020,-97.36929621,71.68438166
-42.10561846,-97.27505914,71.71111145
-42.07439722,-97.18080903,71.73809584
-42.04323736,-97.08654452,71.76529455
-42.01213954,-96.99226431,71.79266640
-41.98110428,-96.89796707,71.82016782
-41.95013207,-96.80365145,71.84775470
-41.91922307,-96.70931614,71.87537993
-41.88837752,-96.61495980,71.90299460
-41.85759530,-96.52058113,71.93054915
-41.82687635,-96.42617881,71.95799231
-41.79622035,-96.33175156,71.98527342
-41.76562668,-96.23729819,72.01233923
-41.73509485,-96.14281746,72.03913633
-41.70462399,-96.04830825,72.06561289
-41.67421312,-95.95376945,72.09171560
-41.64386115,-95.85920002,72.11739222
-41.61356664,-95.76459901,72.14258971
-41.58334710,-95.66995944,72.16725579
-41.55316485,-95.57529200,72.19133933
-41.52300513,-95.48060003,72.21478931
-41.49286965,-95.38588166,72.23755756
-41.46277110,-95.29113153,72.25959513
-41.43272850,-95.19634235,72.28085564
-41.40276275,-95.10150627,72.30129564
-41.37289326,-95.00661599,72.32087190
-41.34313511,-94.91166565,72.33954464
-41.31349652,-94.81665165,72.35727528
-41.28397752,-94.72157304,72.37402788
-41.25452063,-94.62644731,72.38977016
-41.22510327,-94.53128078,72.40447088
-41.19570402,-94.43607948,72.41810240
-41.16630276,-94.34084907,72.43063997
-41.13689977,-94.24558883,72.44206118
-41.10746849,-94.15030658,72.45234695
-41.07793829,-94.05502414,72.46148181
-41.04827116,-93.95975311,72.46945301
-41.01845793,-93.86449604,72.47625010
-40.98851397,-93.76924788,72.48186719
-40.95852675,-93.67398091,72.48630175
-40.92847979,-93.57870029,72.48955249
-40.89838126,-93.48340352,72.49162244
-40.86825800,-93.38808229,72.49251743
-40.83814921,-93.29272449,72.49224548
-40.80808948,-93.19731953,72.49081838
-40.77803552,-93.10188145,72.48825084
-40.74794541,-93.00642398,72.48455922
-40.71778996,-92.91095688,72.47976275
-40.68755851,-92.81548415,72.47388373
-40.65726467,-92.72000222,72.46694556
-40.62681926,-92.62453998,72.45897420
-40.59620721,-92.52910304,72.44999785
-40.56543881,-92.43368903,72.44004603
-40.53455351,-92.33828644,72.42915017
-40.50362322,-92.24287353,72.41734286
-40.47266032,-92.14744738,72.40465908
-40.44166626,-92.05200854,72.39113563
-40.41065812,-91.95655267,72.37680994
-40.37965403,-91.86107510,72.36172066
-40.34867298,-91.76557087,72.34590828
-40.31776942,-91.67002371,72.32941447
-40.28693794,-91.57443643,72.31228137
-40.25616490,-91.47881453,72.29455249
-40.22543028,-91.38316554,72.27627140
-40.19471015,-91.28749827,72.25748201
-40.16397972,-91.19182186,72.23823012
-40.13321705,-91.09614455,72.21856214
-40.10240722,-91.00047238,72.19852448
-40.07154702,-90.90480767,72.17816393
-40.04065043,-90.80914724,72.15752862
-40.00975475,-90.71348045,72.13666555
-39.97884019,-90.61781492,72.11562225
-39.94790685,-90.52215189,72.09444735
-39.91695479,-90.42649262,72.07318730
-39.88598404,-90.33083836,72.05188834
-39.85499471,-90.23519032,72.03059692
-39.82398691,-90.13954970,72.00935938
-39.79296079,-90.04391766,71.98821991
-39.76191649,-89.94829532,71.96722183
-39.73085417,-89.85268378,71.94640778
-39.69977405,-89.75708410,71.92581864
-39.66867624,-89.66149729,71.90549439
-39.63756105,-89.56592430,71.88547301
-39.60644802,-89.47035970,71.86579065
-39.57530125,-89.37481624,71.84648257
-39.54410687,-89.27929941,71.82758160
-39.51286750,-89.18380922,71.80911925
-39.48159730,-89.08834182,71.79112463
-39.45031731,-88.99289101,71.77362486
-39.41905176,-88.89744949,71.75664510
-39.38782454,-88.80200998,71.74020823
-39.35665632,-88.70656622,71.72433541
-39.32556221,-88.61111371,71.70904486
-39.29454960,-88.51565044,71.69435404
-39.26356790,-88.42019346,71.68027838
-39.23260041,-88.32474864,71.66683005
-39.20163122,-88.22932157,71.65402017
-39.17064529,-88.13391751,71.64185741
-39.13964008,-88.03853750,71.63034850
-39.10860982,-87.94318362,71.61949882
-39.07748556,-87.84787897,71.60931087
-39.04622847,-87.75263656,71.59978590
-39.01482691,-87.65746034,71.59092262
-38.98329322,-87.56234616,71.58271892
-38.95169128,-87.46727269,71.57517056
-38.92004092,-87.37223318,71.56827129
-38.88836783,-87.27721892,71.56201377
-38.85670095,-87.18222005,71.55638889
-38.82506952,-87.08722655,71.55138752
-38.79347050,-86.99223915,71.54699836
-38.76184705,-86.89727646,71.54320943
-38.73018900,-86.80234154,71.54000872
-38.69849840,-86.70743333,71.53738257
-38.66679307,-86.61254550,71.53531702
-38.63510998,-86.51766533,71.53379675
-38.60342921,-86.42279901,71.53280625
-38.57175150,-86.32794585,71.53232969
-38.54007755,-86.23310518,71.53234955
-38.50840802,-86.13827632,71.53284976
-38.47674356,-86.04345859,71.53381402
-38.44508480,-85.94865134,71.53522607
-38.41343232,-85.85385392,71.53706985
-38.38178671,-85.75906573,71.53932951
-38.35014849,-85.66428614,71.54198991
-38.31851820,-85.56951456,71.54503564
-38.28689633,-85.47475039,71.54845136
-38.25528336,-85.37999309,71.55222235
-38.22367975,-85.28524210,71.55633354
-38.19208592,-85.19049688,71.56077192
-38.16050230,-85.09575694,71.56552477
-38.12892930,-85.00102179,71.57057839
-38.09736728,-84.90629095,71.57592017
-38.06581662,-84.81156399,71.58153890
-38.03427768,-84.71684046,71.58742311
-38.00275079,-84.62211995,71.59356198
-37.97123628,-84.52740208,71.59994513
-37.93973445,-84.43268646,71.60656224
-37.90824562,-84.33797273,71.61340419
-37.87677005,-84.24326054,71.62046161
-37.84530804,-84.14854957,71.62772632
-37.81385985,-84.05383949,71.63518983
-37.78242572,-83.95913001,71.64284387
-37.75100592,-83.86442082,71.65068113
-37.71960066,-83.76971166,71.65869364
-37.68821019,-83.67500226,71.66687494
-37.65683470,-83.58029235,71.67521885
-37.62547443,-83.48558171,71.68371863
-37.59412957,-83.39087011,71.69236865
-37.56280031,-83.29615732,71.70116257
-37.53148685,-83.20144315,71.71009592
-37.50018938,-83.10672739,71.71916448
-37.46890807,-83.01200989,71.72836312
-37.43764312,-82.91729046,71.73768770
-37.40639469,-82.82256898,71.74713517
-37.37518319,-82.72783866,71.75670382
-37.34397256,-82.63311132,71.76639172
-37.31274714,-82.53839208,71.77619704
-37.28150721,-82.44368080,71.78611979
-37.25026513,-82.34897343,71.79615950
-37.21908564,-82.25424874,71.80631678
-37.18795377,-82.15951168,71.81659291
-37.15684321,-82.06477091,71.82698852
-37.12572924,-81.97003460,71.83750581
-37.09459117,-81.87530957,71.84814828
-37.06341483,-81.78060052,71.85891948
-37.03214346,-81.68592618,71.86982259
-37.00077292,-81.59128798,71.88086186
-36.96932230,-81.49667972,71.89204287
-36.93783626,-81.40208685,71.90336918
-36.90638664,-81.30748595,71.91484467
-36.87496163,-81.21288102,71.92647494
-36.84357158,-81.11826883,71.93826354
-36.81223098,-81.02364476,71.95021481
-36.78095447,-80.92900420,71.96233343
-36.74975690,-80.83434243,71.97462273
-36.71868574,-80.73964422,71.98708628
-36.68772971,-80.64491336,71.99972758
-36.65687069,-80.55015587,72.01255031
-36.62608582,-80.45537930,72.02555636
-36.59535036,-80.36059177,72.03874837
-36.56464017,-80.26580121,72.05213018
-36.53393522,-80.17101419,72.06570295
-36.50322324,-80.07623474,72.07946887
-36.47250360,-79.98146312,72.09343019
-36.44179181,-79.88669434,72.10758895
-36.41112427,-79.79191665,72.12194668
-36.38048145,-79.69713645,72.13650491
-36.34986375,-79.60235368,72.15126682
-36.31927138,-79.50756833,72.16623388
-36.28870476,-79.41278034,72.18140864
-36.25816413,-79.31798971,72.19679459
-36.22764979,-79.22319642,72.21239362
-36.19716215,-79.12840043,72.22820828
-36.16670144,-79.03360174,72.24424186
-36.13626809,-78.93880031,72.26049799
-36.10586235,-78.84399615,72.27697926
-36.07548465,-78.74918923,72.29368848
-36.04513535,-78.65437952,72.31063023
-36.01481473,-78.55956705,72.32780814
-35.98452321,-78.46475178,72.34522514
-35.95426115,-78.36993373,72.36288549
-35.92402888,-78.27511289,72.38079299
-35.89382686,-78.18028925,72.39895204
-35.86365542,-78.08546282,72.41736681
-35.83351500,-77.99063361,72.43604191
-35.80340601,-77.89580161,72.45498239
-35.77332894,-77.80096684,72.47419271
-35.74328426,-77.70612927,72.49367895
-35.71327236,-77.61128894,72.51344607
-35.68329377,-77.51644582,72.53349790
-35.65334900,-77.42159992,72.55384038
-35.62343853,-77.32675122,72.57447873
-35.59356292,-77.23189969,72.59541802
-35.56372263,-77.13704533,72.61666284
-35.53391828,-77.04218811,72.63821771
-35.50415042,-76.94732802,72.66008849
-35.47441958,-76.85246502,72.68228003
-35.44472647,-76.75759905,72.70479799
-35.41507161,-76.66273013,72.72764758
-35.38545567,-76.56785818,72.75083320
-35.35587936,-76.47298313,72.77436028
-35.32634331,-76.37810494,72.79823350
-35.29684832,-76.28322348,72.82245705
-35.26739504,-76.18833867,72.84703456
-35.23798432,-76.09345036,72.87196924
-35.20861693,-75.99855841,72.89726479
-35.17929368,-75.90366268,72.92292275
-35.15001540,-75.80876297,72.94894557
-35.12078293,-75.71385908,72.97533558
-35.09159711,-75.61895081,73.00209252
-35.06245884,-75.52403791,73.02921664
-35.03336895,-75.42912012,73.05670730
-35.00432842,-75.33419714,73.08456337
-34.97533805,-75.23926870,73.11278285
-34.94639881,-75.14433444,73.14136231
-34.91751160,-75.04939401,73.17029806
-34.88867730,-74.95444704,73.19958513
-34.85989685,-74.85949311,73.22921710
-34.83117112,-74.76453181,73.25918753
-34.80250095,-74.66956268,73.28948833
-34.77388731,-74.57458524,73.32010986
-34.74533096,-74.47959901,73.35104170
-34.71683283,-74.38460345,73.38227356
-34.68839365,-74.28959803,73.41379299
-34.66001424,-74.19458219,73.44558548
-34.63169533,-74.09955536,73.47763739
-34.60343766,-74.00451693,73.50993302
-34.57524190,-73.90946628,73.54245447
-34.54710873,-73.81440275,73.57518426
-34.51903872,-73.71932572,73.60810303
-34.49103259,-73.62423446,73.64119028
-34.46309074,-73.52912832,73.67442444
-34.43521383,-73.43400653,73.70778281
-34.40740219,-73.33886839,73.74124202
-34.37965634,-73.24371314,73.77477664
-34.35197662,-73.14853999,73.80836025
-34.32436334,-73.05334816,73.84196515
-34.29681678,-72.95813683,73.87556247
-34.26933724,-72.86290516,73.90912194
-34.24192480,-72.76765232,73.94261175
-34.21457967,-72.67237742,73.97600037
-34.18730173,-72.57707963,74.00925364
-34.16009107,-72.48175802,74.04233588
-34.13294747,-72.38641174,74.07521181
-34.10587080,-72.29103985,74.10784367
-34.07886069,-72.19564146,74.14019303
-34.05191675,-72.10021567,74.17222003
-34.02503850,-72.00476157,74.20388392
-33.99822536,-71.90927824,74.23514383
-33.97147662,-71.81376481,74.26595807
-33.94479149,-71.71822038,74.29628454
-33.91816891,-71.62264413,74.32607929
-33.89160800,-71.52703517,74.35529801
-33.86510752,-71.43139268,74.38389710
-33.83866622,-71.33571585,74.41183277
-33.81230175,-71.23999864,74.43906098
-33.78597579,-71.14425049,74.46553618
-33.75967382,-71.04847422,74.49121418
-33.73339841,-70.95266793,74.51605153
-33.70716329,-70.85682667,74.54000473
-33.68098834,-70.76094382,74.56303060
-33.65489504,-70.66501233,74.58508544
-33.62890313,-70.56902569,74.60612699
-33.60302718,-70.47297882,74.62611504
-33.57727456,-70.37686864,74.64500940
-33.55164350,-70.28069461,74.66276997
-33.52607398,-70.18447228,74.67935823
-33.50054179,-70.08820723,74.69473681
-33.47502408,-69.99190471,74.70886891
-33.44949939,-69.89556956,74.72171852
-33.42396944,-69.79920033,74.73325156
-33.39837968,-69.70281093,74.74343430
-33.37269416,-69.60641020,74.75223431
-33.34689928,-69.51000094,74.75962152
-33.32098655,-69.41358462,74.76556665
-33.29495422,-69.31716091,74.77004154
-33.26884404,-69.22071771,74.77302016
-33.24264620,-69.12425700,74.77447860
-33.21635423,-69.02777991,74.77439335
-33.18996513,-68.93128672,74.77274308
-33.16347918,-68.83477688,74.76950915
-33.13684537,-68.73826387,74.76467419
-33.11005463,-68.64174984,74.75822261
-33.08311248,-68.54523303,74.75014140
-33.05602769,-68.44871087,74.74042016
-33.02882528,-68.35217645,74.72904977
-33.00155370,-68.25561654,74.71602303
-32.97420493,-68.15903330,74.70133600
-32.94679473,-68.06242253,74.68498646
-32.91934099,-67.96577945,74.66697387
-32.89186348,-67.86909883,74.64730062
-32.86441855,-67.77236531,74.62597278
-32.83700612,-67.67557918,74.60299729
-32.80961711,-67.57874328,74.57838389
-32.78223499,-67.48186254,74.55214674
-32.75483803,-67.38494342,74.52430115
-32.72740194,-67.28799316,74.49486419
-32.69990360,-67.19101875,74.46385621
-32.67232556,-67.09402572,74.43130034
-32.64466121,-66.99701666,74.39722039
-32.61692094,-66.89998956,74.36164423
-32.58913954,-66.80293567,74.32460278
-32.56129712,-66.70586143,74.28612711
-32.53339230,-66.60876824,74.24625200
-32.50542378,-66.51165753,74.20501524
-32.47739041,-66.41453075,74.16245592
-32.44929094,-66.31738940,74.11861533
-32.42112434,-66.22023503,74.07353732
-32.39288959,-66.12306921,74.02726704
-32.36458568,-66.02589354,73.97985224
-32.33621172,-65.92870968,73.93134346
-32.30776698,-65.83151927,73.88179215
-32.27925065,-65.73432401,73.83125244
-32.25066216,-65.63712561,73.77977965
-32.22200087,-65.53992581,73.72743075
-32.19326636,-65.44272633,73.67426470
-32.16445816,-65.34552896,73.62034232
-32.13557601,-65.24833546,73.56572541
-32.10661959,-65.15114762,73.51047579
-32.07758871,-65.05396725,73.45465944
-32.04848332,-64.95679613,73.39834187
-32.01930342,-64.85963606,73.34158843
-31.99004905,-64.76248883,73.28446787
-31.96072046,-64.66535620,73.22704761
-31.93131782,-64.56823996,73.16939578
-31.90184146,-64.47114186,73.11158187
-31.87229180,-64.37406365,73.05367554
-31.84266935,-64.27700705,72.99574612
-31.81297458,-64.17997378,72.93786363
-31.78320820,-64.08296553,72.88009921
-31.75337099,-63.98598393,72.82252203
-31.72346366,-63.88903063,72.76520175
-31.69348718,-63.79210720,72.70820811
-31.66344255,-63.69521517,72.65160934
-31.63333080,-63.59835606,72.59547313
-31.60315307,-63.50153133,72.53986745
-31.57291056,-63.40474242,72.48485855
-31.54260460,-63.30799069,72.43051210
-31.51223655,-63.21127747,72.37689412
-31.48180790,-63.11460405,72.32406805
-31.45132018,-63.01797164,72.27209616
-31.42077494,-62.92138146,72.22104122
-31.39017397,-62.82483458,72.17096355
-31.35951897,-62.72833209,72.12192195
-31.32881173,-62.63187500,72.07397393
-31.29805411,-62.53546429,72.02717553
-31.26724800,-62.43910085,71.98158192
-31.23639538,-62.34278552,71.93724632
-31.20549827,-62.24651910,71.89421942
-31.17455873,-62.15030230,71.85255004
-31.14357878,-62.05413580,71.81228596
-31.11256056,-61.95802021,71.77347371
-31.08152425,-61.86195006,71.73615610
-31.05043638,-61.76593768,71.70037356
-31.01928780,-61.66998730,71.66616537
-30.98808619,-61.57409746,71.63356788
-30.95684980,-61.47826309,71.60261661
-30.92560211,-61.38247733,71.57334282
-30.89436726,-61.28673296,71.54577482
-30.86316648,-61.19102370,71.51993980
-30.83201525,-61.09534505,71.49586220
-30.80092138,-60.99969506,71.47356370
-30.76988354,-60.90407474,71.45306175
-30.73884506,-60.80850351,71.43437137
-30.70778566,-60.71298866,71.41750609
-30.67670880,-60.61752941,71.40247499
-30.64556220,-60.52214372,71.38928522
-30.61431310,-60.42684292,71.37794024
-30.58294970,-60.33163115,71.36843958
-30.55150985,-60.23649574,71.36078144
-30.51995028,-60.14145127,71.35496050
-30.48825032,-60.04650460,71.35096781
-30.45640934,-59.95165575,71.34879260
-30.42447280,-59.85688905,71.34842071
-30.39244104,-59.76220398,71.34983517
-30.36032321,-59.66759689,71.35301708
-30.32808246,-59.57307960,71.35794418
-30.29572977,-59.47864766,71.36459085
-30.26329618,-59.38428977,71.37292925
-30.23082676,-59.28998981,71.38292939
-30.19828763,-59.19575820,71.39455753
-30.16570168,-59.10158619,71.40777778
-30.13310850,-59.00745927,71.42255326
-30.10056554,-58.91335693,71.43884260
-30.06807531,-58.81927711,71.45660222
-30.03566331,-58.72520996,71.47578765
-30.00339130,-58.63113360,71.49635029
-29.97126353,-58.53704524,71.51824050
-29.93927486,-58.44294524,71.54140587
-29.90741241,-58.34883648,71.56579191
-29.87565771,-58.25472365,71.59134353
-29.84398970,-58.16061224,71.61800272
-29.81238850,-58.06650729,71.64571031
-29.78083968,-57.97241195,71.67440439
-29.74933994,-57.87832561,71.70402089
-29.71790291,-57.78424195,71.73449524
-29.68656647,-57.69014660,71.76576113
-29.65531304,-57.59604361,71.79775104
-29.62414358,-57.50193084,71.83039495
-29.59305894,-57.40780615,71.86362365
-29.56205970,-57.31366747,71.89736677
-29.53114632,-57.21951276,71.93155228
-29.50031908,-57.12533999,71.96610876
-29.46957806,-57.03114724,72.00096246
-29.43892328,-56.93693256,72.03603957
-29.40835451,-56.84269408,72.07126711
-29.37787143,-56.74842997,72.10657207
-29.34747346,-56.65413848,72.14188080
-29.31715998,-56.55981787,72.17711949
-29.28693017,-56.46546648,72.21221550
-29.25678303,-56.37108270,72.24709532
-29.22671752,-56.27666495,72.28168653
-29.19673231,-56.18221174,72.31591701
-29.16682603,-56.08772163,72.34971472
-29.13699723,-55.99319321,72.38300858
-29.10724424,-55.89862513,72.41572853
-29.07756531,-55.80401612,72.44780569
-29.04795844,-55.70936498,72.47917089
-29.01844031,-55.61466471,72.50975615
-28.98897208,-55.51992567,72.53949417
-28.95953929,-55.42515061,72.56831888
-28.93014466,-55.33033693,72.59616631
-28.90080182,-55.23547865,72.62297219
-28.87153010,-55.14056810,72.64867368
-28.84234984,-55.04559731,72.67321037
-28.81327869,-54.95055923,72.69652318
-28.78432859,-54.85544861,72.71855457
-28.75550349,-54.76026273,72.73924795
-28.72679790,-54.66500186,72.75854837
-28.69814862,-54.56968428,72.77640313
-28.66954945,-54.47431052,72.79276149
-28.64094171,-54.37889735,72.80757493
-28.61228330,-54.28345641,72.82079640
-28.58354778,-54.18799456,72.83238023
-28.55474859,-54.09250643,72.84228467
-28.52589060,-53.99698933,72.85047043
-28.49691235,-53.90146110,72.85689931
-28.46777809,-53.80593173,72.86153549
-28.43847481,-53.71040430,72.86434609
-28.40904012,-53.61486634,72.86530131
-28.37946781,-53.51931901,72.86437230
-28.34971113,-53.42377607,72.86153336
-28.31976947,-53.32823717,72.85676134
-28.28966401,-53.23269531,72.85003469
-28.25944060,-53.13713600,72.84133595
-28.22910744,-53.04155645,72.83065018
-28.19862797,-52.94596775,72.81796393
-28.16801856,-52.85036475,72.80326632
-28.13731326,-52.75473693,72.78654989
-28.10656601,-52.65906764,72.76781007
-28.07577477,-52.56335759,72.74704350
-28.04499428,-52.46758980,72.72424982
-28.01422758,-52.37176352,72.69943154
-27.98346875,-52.27588083,72.67259381
-27.95270421,-52.17994625,72.64374420
-27.92191441,-52.08396627,72.61289356
-27.89107665,-51.98794842,72.58005525
-27.86016839,-51.89190028,72.54524337
-27.82917165,-51.79582810,72.50847682
-27.79807840,-51.69973512,72.46977668
-27.76689667,-51.60361959,72.42916472
-27.73565795,-51.50747250,72.38666702
-27.70434339,-51.41130065,72.34231184
-27.67295091,-51.31510563,72.29612938
-27.64147855,-51.21888908,72.24815215
-27.60992432,-51.12265272,72.19841498
-27.57828636,-51.02639826,72.14695531
-27.54656282,-50.93012748,72.09381260
-27.51475192,-50.83384219,72.03902872
-27.48285199,-50.73754425,71.98264702
-27.45086137,-50.64123552,71.92471305
-27.41877845,-50.54491794,71.86527508
-27.38660179,-50.44859342,71.80438334
-27.35432992,-50.35226394,71.74208955
-27.32196155,-50.25593148,71.67844676
-27.28949536,-50.15959803,71.61350948
-27.25693019,-50.06326561,71.54733501
-27.22426495,-49.96693623,71.47998185
-27.19149865,-49.87061191,71.41150859
-27.15863033,-49.77429471,71.34197656
-27.12565918,-49.67798666,71.27144838
-27.09258441,-49.58168982,71.19998736
-27.05940544,-49.48540620,71.12765862
-27.02612169,-49.38913787,71.05452807
-26.99273273,-49.29288684,70.98066259
-26.95923816,-49.19665514,70.90613020
-26.92563777,-49.10044477,70.83099998
-26.89193146,-49.00425771,70.75534109
-26.85811918,-48.90809591,70.67922296
-26.82420095,-48.81196133,70.60271667
-26.79017708,-48.71585586,70.52589353
-26.75604780,-48.61978139,70.44882540
-26.72181366,-48.52373975,70.37158437
-26.68747518,-48.42773279,70.29424308
-26.65303306,-48.33176229,70.21687533
-26.61848814,-48.23583000,70.13955544
-26.58384140,-48.13993762,70.06235765
-26.54909389,-48.04408686,69.98535599
-26.51424679,-47.94827938,69.90862578
-26.47930137,-47.85251680,69.83224308
-26.44425908,-47.75680069,69.75628297
-26.40912135,-47.66113262,69.68082127
-26.37388988,-47.56551408,69.60593314
-26.33856620,-47.46994658,69.53169337
-26.30315216,-47.37443155,69.45817811
-26.26764957,-47.27897037,69.38546197
-26.23206039,-47.18356440,69.31361817
-26.19638659,-47.08821495,69.24271998
-26.16063022,-46.99292328,69.17284043
-26.12479343,-46.89769060,69.10405105
-26.08887848,-46.80251801,69.03642160
-26.05288757,-46.70740665,68.97002142
-26.01682318,-46.61235749,68.90491735
-25.98068754,-46.51737154,68.84117551
-25.94448324,-46.42244968,68.77886141
-25.90821280,-46.32759272,68.71803712
-25.87187883,-46.23280144,68.65876374
-25.83548397,-46.13807653,68.60110046
-25.79903088,-46.04341862,68.54510469
-25.76252239,-45.94882824,68.49083217
-25.72596129,-45.85430586,68.43833600
-25.68935038,-45.75985192,68.38766740
-25.65269261,-45.66546671,68.33887469
-25.61599080,-45.57115054,68.29200495
-25.57926585,-45.47689636,68.24710333
-25.54248455,-45.38271884,68.20421099
-25.50563914,-45.28862238,68.16336777
-25.46873927,-45.19460429,68.12461016
-25.43180502,-45.10065760,68.08797312
-25.39486132,-45.00677326,68.05348891
-25.35793298,-44.91294219,68.02118581
-25.32104103,-44.81915673,67.99109094
-25.28419990,-44.72541184,67.96322840
-25.24741531,-44.63170589,67.93761904
-25.21070381,-44.53803277,67.91428126
-25.17397237,-44.44443074,67.89323036
-25.13718016,-44.35091696,67.87447860
-25.10030271,-44.25750192,67.85803551
-25.06333053,-44.16418991,67.84390853
-25.02632024,-44.07095819,67.83210157
-24.98926926,-43.97780808,67.82261578
-24.95208811,-43.88477626,67.81545032
-24.91472299,-43.79188474,67.81060068
-24.87715222,-43.69914231,67.80805942
-24.83938304,-43.60654582,67.80781677
-24.80142477,-43.51409116,67.80986056
-24.76328252,-43.42177581,67.81417498
-24.72498895,-43.32958591,67.82074194
-24.68660698,-43.23749513,67.82954124
-24.64823267,-43.14546352,67.84054997
-24.60986446,-43.05349088,67.85374295
-24.57145436,-42.96159588,67.86909165
-24.53301786,-42.86977125,67.88656597
-24.49458603,-42.77800331,67.90613362
-24.45620691,-42.68627145,67.92775905
-24.41797918,-42.59453459,67.95140533
-24.37989159,-42.50279623,67.97703283
-24.34194541,-42.41105470,68.00459974
-24.30413350,-42.31931170,68.03406226
-24.26644225,-42.22757147,68.06537370
-24.22885425,-42.13583976,68.09848661
-24.19135184,-42.04412231,68.13335088
-24.15392170,-41.95242308,68.16991402
-24.11656015,-41.86074207,68.20812314
-24.07927966,-41.76907271,68.24792261
-24.04211652,-41.67739887,68.28925511
-24.00505630,-41.58572478,68.33206287
-23.96810117,-41.49404801,68.37628655
-23.93125312,-41.40236612,68.42186488
-23.89451402,-41.31067673,68.46873596
-23.85788560,-41.21897750,68.51683736
-23.82136945,-41.12726611,68.56610450
-23.78496700,-41.03554029,68.61647228
-23.74867952,-40.94379782,68.66787575
-23.71250819,-40.85203651,68.72024754
-23.67645401,-40.76025423,68.77352018
-23.64051784,-40.66844891,68.82762701
-23.60470044,-40.57661850,68.88250011
-23.56900235,-40.48476106,68.93807170
-23.53342405,-40.39287467,68.99427405
-23.49796585,-40.30095747,69.05103881
-23.46262784,-40.20900772,69.10829879
-23.42741009,-40.11702368,69.16598704
-23.39231242,-40.02500371,69.22403542
-23.35733455,-39.93294624,69.28237755
-23.32247607,-39.84084975,69.34094756
-23.28773644,-39.74871281,69.39967910
-23.25311498,-39.65653407,69.45850842
-23.21861086,-39.56431225,69.51737248
-23.18422317,-39.47204614,69.57620820
-23.14995096,-39.37973459,69.63495546
-23.11579309,-39.28737653,69.69355494
-23.08174839,-39.19497097,69.75194783
-23.04781558,-39.10251696,69.81007764
-23.01399334,-39.01001362,69.86788902
-22.98028026,-38.91746011,69.92532671
-22.94667488,-38.82485565,69.98233723
-22.91317570,-38.73219948,70.03886918
-22.87978106,-38.63949096,70.09487038
-22.84648936,-38.54672940,70.15028980
-22.81329892,-38.45391422,70.20507922
-22.78020793,-38.36104487,70.25919048
-22.74721452,-38.26812086,70.31257675
-22.71431679,-38.17514176,70.36519268
-22.68151273,-38.08210717,70.41699289
-22.64880026,-37.98901675,70.46793438
-22.61617732,-37.89587018,70.51797523
-22.58364165,-37.80266723,70.56707389
-22.55119097,-37.70940771,70.61518968
-22.51882303,-37.61609144,70.66228348
-22.48653548,-37.52271830,70.70831857
-22.45432585,-37.42928824,70.75325951
-22.42219166,-37.33580126,70.79707089
-22.39013039,-37.24225738,70.83971849
-22.35813940,-37.14865669,70.88117026
-22.32621616,-37.05499928,70.92139495
-22.29435795,-36.96128530,70.96036306
-22.26256201,-36.86751500,70.99804641
-22.23082564,-36.77368859,71.03441686
-22.19914608,-36.67980634,71.06944831
-22.16753845,-36.58586250,71.10311678
-22.13596485,-36.49186932,71.13539959
-22.10441059,-36.39783119,71.16627388
-22.07287757,-36.30374691,71.19571893
-22.04137804,-36.20961179,71.22371528
-22.00992980,-36.11541932,71.25024430
-21.97855177,-36.02116265,71.27529088
-21.94726052,-35.92683579,71.29883875
-21.91606760,-35.83243448,71.32087321
-21.88497731,-35.73795697,71.34138251
-21.85398530,-35.64340444,71.36035587
-21.82303235,-35.54879671,71.37778491
-21.79209427,-35.45414172,71.39366179
-21.76114876,-35.35944675,71.40798062
-21.73017528,-35.26471853,71.42073676
-21.69917616,-35.16995615,71.43192851
-21.66809929,-35.07517698,71.44155644
-21.63691394,-34.98039131,71.44962008
-21.60560803,-34.88560320,71.45612251
-21.57416995,-34.79081662,71.46106928
-21.54260225,-34.69603087,71.46446752
-21.51094834,-34.60123159,71.46632625
-21.47920206,-34.50642116,71.46665585
-21.44736064,-34.41160086,71.46546931
-21.41542464,-34.31677095,71.46278066
-21.38339804,-34.22193059,71.45860688
-21.35123526,-34.12709565,71.45296771
-21.31893256,-34.03226803,71.44588259
-21.28649511,-33.93744671,71.43737364
-21.25393002,-33.84263008,71.42746634
-21.22126725,-33.74780893,71.41618774
-21.18855527,-33.65296789,71.40356586
-21.15578821,-33.55810986,71.38963125
-21.12298281,-33.46323018,71.37441787
-21.09015747,-33.36832371,71.35796025
-21.05733215,-33.27338476,71.34029555
-21.02456159,-33.17839589,71.32146447
-20.99184475,-33.08335857,71.30150798
-20.95917204,-32.98827726,71.28046988
-20.92652700,-32.89315876,71.25839715
-20.89388844,-32.79801158,71.23533924
-20.86123344,-32.70284488,71.21134698
-20.82854075,-32.60766731,71.18647331
-20.79579512,-32.51248559,71.16077464
-20.76299224,-32.41730278,71.13430925
-20.73014448,-32.32211636,71.10713720
-20.69728736,-32.22691595,71.07932076
-20.66440287,-32.13170942,71.05092510
-20.63149142,-32.03649845,71.02201756
-20.59855355,-31.94128470,70.99266641
-20.56558986,-31.84606989,70.96294279
-20.53260115,-31.75085570,70.93292036
-20.49958829,-31.65564384,70.90267329
-20.46655226,-31.56043603,70.87227809
-20.43349416,-31.46523402,70.84181423
-20.40041527,-31.37003952,70.81136197
-20.36731687,-31.27485428,70.78100320
-20.33420044,-31.17968004,70.75082291
-20.30106755,-31.08451855,70.72090625
-20.26791987,-30.98937152,70.69133816
-20.23477844,-30.89423386,70.66220626
-20.20160715,-30.79912071,70.63359952
-20.16839527,-30.70403828,70.60560569
-20.13515015,-30.60898638,70.57831303
-20.10189071,-30.51396074,70.55181174
-20.06864205,-30.41895490,70.52619068
-20.03543029,-30.32396198,70.50153856
-20.00227908,-30.22897595,70.47794365
-19.96920612,-30.13399288,70.45549249
-19.93622091,-30.03901169,70.43427109
-19.90332299,-29.94403482,70.41436320
-19.87047258,-29.84907854,70.39585079
-19.83761463,-29.75416475,70.37881379
-19.80470942,-29.65930984,70.36333035
-19.77173232,-29.56452482,70.34947657
-19.73867292,-29.46981556,70.33732465
-19.70560269,-29.37515854,70.32694545
-19.67246229,-29.28057704,70.31840647
-19.63918847,-29.18609563,70.31177319
-19.60574690,-29.09172848,70.30710910
-19.57212970,-28.99748014,70.30447252
-19.53838404,-28.90333538,70.30391995
-19.50446324,-28.80931242,70.30550495
-19.47036814,-28.71541232,70.30927748
-19.43612439,-28.62162714,70.31528382
-19.40178588,-28.52793872,70.32356583
-19.36743774,-28.43431754,70.33416184
-19.33302451,-28.34078431,70.34710682
-19.29854221,-28.24734117,70.36243211
-19.26401730,-28.15397927,70.38016407
-19.22949530,-28.06068283,70.40032420
-19.19504246,-27.96742857,70.42293036
-19.16070000,-27.87420227,70.44799597
-19.12648176,-27.78099921,70.47552879
-19.09239260,-27.68781775,70.50553276
-19.05842919,-27.59465906,70.53800683
-19.02458171,-27.50152645,70.57294413
-18.99083643,-27.40842452,70.61033438
-18.95717894,-27.31535795,70.65016223
-18.92359863,-27.22232994,70.69240658
-18.89009424,-27.12934024,70.73704235
-18.85668016,-27.03638297,70.78404022
-18.82339444,-26.94344380,70.83336524
-18.79022584,-26.85052570,70.88497779
-18.75717916,-26.75762588,70.93883436
-18.72425898,-26.66474152,70.99488768
-18.69146973,-26.57186976,71.05308509
-18.65881579,-26.47900767,71.11337083
-18.62630117,-26.38615237,71.17568553
-18.59392984,-26.29330089,71.23996431
-18.56170559,-26.20045026,71.30614026
-18.52963198,-26.10759750,71.37414229
-18.49771244,-26.01473959,71.44389546
-18.46595015,-25.92187355,71.51532219
-18.43434825,-25.82899633,71.58834076
-18.40290950,-25.73610495,71.66286715
-18.37163657,-25.64319638,71.73881317
-18.34053198,-25.55026760,71.81608941
-18.30959783,-25.45731565,71.89460288
-18.27883624,-25.36433753,71.97425658
-18.24824900,-25.27133028,72.05495262
-18.21783763,-25.17829100,72.13659018
-18.18760353,-25.08521676,72.21906693
-18.15754778,-24.99210472,72.30227774
-18.12767131,-24.89895204,72.38611672
-18.09797463,-24.80575599,72.47047602
-18.06845811,-24.71251385,72.55524583
-18.03912191,-24.61922297,72.64031742
-18.00996570,-24.52588080,72.72557905
-17.98098916,-24.43248482,72.81091917
-17.95219151,-24.33903261,72.89622721
-17.92357172,-24.24552187,72.98139126
-17.89512849,-24.15195037,73.06630024
-17.86686019,-24.05831600,73.15084450
-17.83876501,-23.96461676,73.23491694
-17.81084065,-23.87085079,73.31840972
-17.78308485,-23.77701628,73.40121679
-17.75549501,-23.68311158,73.48323596
-17.72806821,-23.58913519,73.56436636
-17.70080163,-23.49508560,73.64451061
-17.67369206,-23.40096155,73.72357490
-17.64673624,-23.30676180,73.80146729
-17.61993082,-23.21248521,73.87809888
-17.59327228,-23.11813075,73.95338391
-17.56675696,-23.02369748,74.02723905
-17.54038108,-22.92918450,74.09958153
-17.51414090,-22.83459099,74.17033154
-17.48803248,-22.73991622,74.23941372
-17.46205172,-22.64515952,74.30675257
-17.43619458,-22.55032030,74.37227595
-17.41045670,-22.45539808,74.43591551
-17.38483379,-22.36039244,74.49760424
-17.35932140,-22.26530301,74.55727864
-17.33391499,-22.17012955,74.61487787
-17.30860981,-22.07487189,74.67034267
-17.28340118,-21.97952992,74.72361700
-17.25830428,-21.88409824,74.77464823
-17.23327347,-21.78858782,74.82338628
-17.20829200,-21.69300189,74.86978223
-17.18336294,-21.59733843,74.91379065
-17.15850083,-21.50159241,74.95536804
-17.13372532,-21.40575753,74.99447324
-17.10905555,-21.30982770,75.03106953
-17.08450584,-21.21379823,75.06512217
-17.06008246,-21.11766660,75.09659811
-17.03580421,-21.02142710,75.12546809
-17.01161946,-20.92509265,75.15170644
-16.98742893,-20.82868903,75.17528957
-16.96319066,-20.73222664,75.19619788
-16.93887967,-20.63571146,75.21441489
-16.91448622,-20.53914561,75.22992746
-16.89014853,-20.44249241,75.24272714
-16.86571510,-20.34579153,75.25281007
-16.84107229,-20.24907281,75.26018346
-16.81615069,-20.15235458,75.26485987
-16.79092116,-20.05564464,75.26684756
-16.76533311,-19.95895646,75.26615097
-16.73943665,-19.86227695,75.26276974
-16.71325274,-19.76560070,75.25670165
-16.68684059,-19.66891231,75.24794437
-16.66030096,-19.57218564,75.23649888
-16.63377955,-19.47538296,75.22237286
-16.60712956,-19.37854371,75.20558531
-16.58034521,-19.28167052,75.18617204
-16.55344113,-19.18476088,75.16417871
-16.52645032,-19.08780761,75.13965308
-16.49946141,-18.99078882,75.11264857
-16.47252465,-18.89369299,75.08322501
-16.44561418,-18.79652880,75.05144668
-16.41871944,-18.69930102,75.01738318
-16.39182224,-18.60201659,74.98111121
-16.36489969,-18.50468386,74.94271199
-16.33792798,-18.40731154,74.90227144
-16.31088772,-18.30990735,74.85988055
-16.28376983,-18.21247637,74.81563581
-16.25658350,-18.11501889,74.76963801
-16.22936456,-18.01752814,74.72199213
-16.20209473,-17.92001196,74.67280900
-16.17477371,-17.82247345,74.62220157
-16.14740111,-17.72491581,74.57028685
-16.11997683,-17.62734227,74.51718693
-16.09250088,-17.52975608,74.46302610
-16.06497338,-17.43216055,74.40793213
-16.03739468,-17.33455899,74.35203533
-16.00976509,-17.23695476,74.29546954
-15.98208533,-17.13935118,74.23837129
-15.95435607,-17.04175161,74.18087697
-15.92657813,-16.94415942,74.12312713
-15.89875262,-16.84657791,74.06526217
-15.87088060,-16.74901040,74.00742250
-15.84296337,-16.65146019,73.94974997
-15.81500236,-16.55393050,73.89238647
-15.78699906,-16.45642458,73.83547449
-15.75895288,-16.35894626,73.77915455
-15.73087070,-16.26149714,73.72356825
-15.70275573,-16.16407991,73.66885529
-15.67460856,-16.06669799,73.61515234
-15.64642870,-15.96935507,73.56259714
-15.61821565,-15.87205473,73.51132445
-15.58996940,-15.77480057,73.46146587
-15.56170653,-15.67759152,73.41315186
-15.53339623,-15.58044050,73.36651037
-15.50503535,-15.48335156,73.32166694
-15.47663892,-15.38632272,73.27880158
-15.44823827,-15.28934672,73.23799796
-15.41986091,-15.19241724,73.19922888
-15.39153072,-15.09552928,73.16254496
-15.36328998,-14.99867268,73.12806016
-15.33510634,-14.90186088,73.09593451
-15.30695252,-14.80510737,73.06635949
-15.27880611,-14.70842522,73.03954581
-15.25061049,-14.61183735,73.01571005
-15.22236007,-14.51535036,72.99506312
-15.19408881,-14.41895760,72.97780001
-15.16595932,-14.32261175,72.96394431
-15.13776319,-14.22637817,72.95343504
-15.10934978,-14.13030356,72.94628541
-15.08062314,-14.03441717,72.94250281
-15.05147496,-13.93875178,72.94208569
-15.02188406,-13.84331372,72.94502433
-14.99188554,-13.74809200,72.95130182
-14.96159567,-13.65305029,72.96089239
-14.93113219,-13.55815141,72.97376274
-14.90067222,-13.46333974,72.98987201
-14.87039323,-13.36855929,73.00917151
-14.84012118,-13.27386180,73.03160479
-14.80986483,-13.17924274,73.05710966
-14.77964709,-13.08469310,73.08561787
-14.74954694,-12.99018689,73.11705366
-14.71959444,-12.89571272,73.15133569
-14.68981947,-12.80125913,73.18837645
-14.66025156,-12.70681466,73.22808252
-14.63085702,-12.61238697,73.27035553
-14.60161701,-12.51797903,73.31509089
-14.57251111,-12.42359415,73.36217863
-14.54352271,-12.32923432,73.41150406
-14.51464657,-12.23489797,73.46294821
-14.48589692,-12.14057756,73.51638793
-14.45731801,-12.04625646,73.57169504
-14.42889350,-11.95193623,73.62873916
-14.40062618,-11.85761258,73.68738561
-14.37251844,-11.76328125,73.74749680
-14.34457241,-11.66893805,73.80893356
-14.31670591,-11.57460258,73.87155339
-14.28918190,-11.48019671,73.93521186
-14.26186617,-11.38575485,73.99976239
-14.23467204,-11.29129770,74.06505804
-14.20755228,-11.19683466,74.13095037
-14.18049313,-11.10237025,74.19728954
-14.15350247,-11.00788999,74.26392626
-14.12660582,-10.91337039,74.33070982
-14.09984626,-10.81880360,74.39748981
-14.07327616,-10.72418845,74.46411650
-14.04694962,-10.62952396,74.52838724
-14.02112167,-10.53474712,74.59336396
-13.99559878,-10.43991196,74.66275599
-13.97035839,-10.34501262,74.73380231
-13.94537060,-10.25003397,74.80414260
-13.92059932,-10.15495262,74.87182184
-13.89599805,-10.05971750,74.93528871
-13.87152227,-9.96429298,74.99339441
-13.84713917,-9.86869143,75.04538259
-13.82281920,-9.77293954,75.09087780
-13.79853555,-9.67707294,75.12987168
-13.77440182,-9.58109466,75.16788421
-13.75011502,-9.48511426,75.20763748
-13.72566903,-9.38915752,75.24641672
-13.70107474,-9.29323482,75.28422235
-13.67635681,-9.19733843,75.32105384
-13.65155090,-9.10144051,75.35691078
-13.62670729,-9.00552012,75.39179457
-13.60188842,-8.90956693,75.42570482
-13.57716041,-8.81356362,75.45864128
-13.55259076,-8.71749264,75.49060360
-13.52824423,-8.62133717,75.52159224
-13.50382935,-8.52517356,75.55160766
-13.47945780,-8.42897260,75.58064914
-13.45512805,-8.33273473,75.60871778
-13.43083842,-8.23646045,75.63581281
-13.40660691,-8.14014524,75.66193426
-13.38239491,-8.04379895,75.68708298
-13.35818711,-7.94742552,75.71125880
-13.33398512,-7.85102456,75.73446102
-13.30980216,-7.75459278,75.75668967
-13.28565804,-7.65812522,75.77794595
-13.26157517,-7.56161629,75.79822874
-13.23757498,-7.46506066,75.81753803
-13.21367496,-7.36845403,75.83587455
-13.18988615,-7.27179368,75.85323863
-13.16621154,-7.17507897,75.86963004
-13.14259511,-7.07832419,75.88504854
-13.11901633,-6.98153455,75.89949419
-13.09545569,-6.88471502,75.91296674
-13.07189496,-6.78787019,75.92546691
-13.04832922,-6.69100136,75.93699423
-13.02474611,-6.59411163,75.94754818
-13.00108043,-6.49721732,75.95712958
-12.97729490,-6.40032776,75.96573796
-12.95337636,-6.30344642,75.97337375
-12.92933201,-6.20657184,75.98003666
-12.90518465,-6.10969701,75.98572684
-12.88096917,-6.01281206,75.99044429
-12.85675393,-5.91590002,75.99418871
-12.83256441,-5.81895614,75.99687878
-12.80842435,-5.72197715,75.99835837
-12.78427447,-5.62498238,75.99908547
-12.76009929,-5.52797880,75.99936491
-12.73588334,-5.43097338,75.99932570
-12.71161115,-5.33397309,75.99901601
